,ms2_id,Sample_id,explained_Int(%),SummMS2Table_id,Slice_id
0,2244.0,15.0,0.9567851490152336,141108.0,11.0
1,2330.0,9.0,0.981329539933873,141109.0,11.0
2,2383.0,52.0,0.9940107223676837,141110.0,11.0
3,2248.0,47.0,0.991151297944549,141111.0,11.0
4,2209.0,42.0,0.9518081635457422,141112.0,11.0
5,2414.0,27.0,0.9929928664665129,141113.0,11.0
6,2334.0,30.0,0.9566050942449081,141114.0,11.0
7,2263.0,29.0,0.9569036681412391,141115.0,11.0
8,2282.0,8.0,0.9711817904022721,141116.0,11.0
9,2339.0,51.0,0.990883654668133,141117.0,11.0
10,2155.0,44.0,0.9983823508719437,141120.0,11.0
11,2295.0,50.0,0.9906733305733257,141121.0,11.0
12,2251.0,11.0,0.9515642680722307,141122.0,11.0
13,2290.0,26.0,0.9605717616344653,141118.0,11.0
14,2339.0,13.0,0.9699240123565,141119.0,11.0
15,2191.0,43.0,0.9894939013960481,142049.0,11.0
16,2118.0,33.0,0.9937274879596522,142051.0,11.0
17,2432.0,39.0,0.9899605405564105,142053.0,11.0
18,2353.0,28.0,0.9983455367007887,142055.0,11.0
19,2267.0,11.0,0.9543698815685319,142056.0,11.0
20,2245.0,10.0,0.9968849673400729,142057.0,11.0
21,2359.0,51.0,1.0,142060.0,11.0
22,2192.0,43.0,0.9954026841340945,142061.0,11.0
23,2439.0,53.0,0.9698509216054969,142064.0,11.0
24,2119.0,33.0,0.9942475886652512,142066.0,11.0
25,2304.0,45.0,0.9896649831118215,142068.0,11.0
26,2349.0,24.0,0.9807623762201194,142069.0,11.0
27,2363.0,31.0,0.9589991712644181,142071.0,11.0
28,2316.0,12.0,0.9969416792608272,142074.0,11.0
29,2341.0,17.0,0.9961244197860328,142075.0,11.0
30,2120.0,33.0,0.9978596628123497,142077.0,11.0
31,2122.0,33.0,0.992330718502905,142079.0,11.0
32,2289.0,32.0,0.9846515978358727,142080.0,11.0
33,2275.0,29.0,0.9737002027350588,142084.0,11.0
34,2317.0,12.0,0.9736351854082692,142087.0,11.0
35,2360.0,51.0,0.9570576915950934,142089.0,11.0
36,2276.0,29.0,0.9621034052380977,142090.0,11.0
37,2196.0,44.0,0.9890252711928181,142091.0,11.0
38,2305.0,45.0,0.9700011500434875,142095.0,11.0
39,2433.0,39.0,0.9886969907804385,142096.0,11.0
40,2350.0,24.0,0.9564512662499277,142097.0,11.0
41,2247.0,34.0,0.9901984515913294,142098.0,11.0
42,2294.0,8.0,0.9718186756096884,142099.0,11.0
43,2434.0,39.0,0.9647563028203915,142102.0,11.0
44,2334.0,49.0,0.9941291289748444,142106.0,11.0
45,2500.0,21.0,1.0,142126.0,11.0
46,2269.0,11.0,0.9927661367694669,142133.0,11.0
47,2290.0,32.0,0.9661286249659455,142136.0,11.0
48,2250.0,42.0,1.0,142143.0,11.0
49,2280.0,29.0,0.9583969009694218,142170.0,11.0
50,2379.0,9.0,1.0,142175.0,11.0
51,2679.0,4.0,1.0,142176.0,11.0
52,2374.0,40.0,0.9586783735003983,142177.0,11.0
53,2381.0,9.0,1.0,142193.0,11.0
54,2354.0,28.0,1.0,142201.0,11.0
55,2380.0,9.0,1.0,142204.0,11.0
56,2250.0,34.0,0.9697675795970339,142210.0,11.0
57,2312.0,41.0,1.0,142213.0,11.0
58,2276.0,47.0,0.9566755188156756,142215.0,11.0
59,2320.0,12.0,0.9920809590178731,142216.0,11.0
60,2447.0,53.0,1.0,142219.0,11.0
61,2295.0,32.0,0.9936903878554383,142220.0,11.0
62,2337.0,49.0,0.9927711021544489,142221.0,11.0
63,2201.0,44.0,0.9594300818676125,142222.0,11.0
64,2369.0,31.0,0.9542105972465168,142223.0,11.0
65,2251.0,34.0,0.9622070654242904,142224.0,11.0
66,2329.0,46.0,0.980813111598544,142225.0,11.0
67,2298.0,8.0,0.9966027165019004,142228.0,11.0
68,2497.0,23.0,1.0,142232.0,11.0
69,2360.0,28.0,0.97414280427031,142240.0,11.0
70,2330.0,46.0,0.9799641339150925,142245.0,11.0
71,2322.0,12.0,0.9942665642454935,142246.0,11.0
72,2498.0,23.0,0.959961877482562,142248.0,11.0
73,2448.0,53.0,1.0,142250.0,11.0
74,2439.0,39.0,0.9864752384571622,142251.0,11.0
75,2214.0,14.0,0.992785989163355,142254.0,11.0
76,2296.0,32.0,0.9919216907894736,142256.0,11.0
77,2440.0,39.0,0.996698326074421,142260.0,11.0
78,2338.0,49.0,0.9879229903354906,142261.0,11.0
79,2198.0,43.0,0.9854164486744662,142263.0,11.0
80,2307.0,50.0,0.9591074624003484,142264.0,11.0
81,2323.0,12.0,0.9862971091295692,142265.0,11.0
82,2264.0,7.0,0.9966961370472206,142267.0,11.0
83,2404.0,52.0,0.9913675677829556,142271.0,11.0
84,2199.0,43.0,0.9923172682380184,142277.0,11.0
85,2204.0,44.0,0.9967137425943735,142280.0,11.0
86,2269.0,15.0,0.9966045055270515,142282.0,11.0
87,2301.0,16.0,0.99871630565757,142284.0,11.0
88,2128.0,33.0,0.9890065687143043,142285.0,11.0
89,2302.0,16.0,0.9935538858460515,142286.0,11.0
90,2129.0,33.0,0.9946448857954654,142289.0,11.0
91,2274.0,11.0,0.9884040900295294,142290.0,11.0
92,2308.0,50.0,0.993658248153633,142292.0,11.0
93,2304.0,16.0,0.9914628761530349,142295.0,11.0
94,2649.0,58.0,1.0,142296.0,11.0
95,2449.0,53.0,0.9589431602084622,142297.0,11.0
96,2367.0,51.0,0.9732265998471458,142301.0,11.0
97,2426.0,22.0,1.0,142313.0,11.0
98,2324.0,12.0,0.982730685634369,142316.0,11.0
99,2441.0,39.0,0.950714049737125,142325.0,11.0
100,2255.0,34.0,0.9648109045570135,142326.0,11.0
101,2363.0,28.0,0.9734053907066448,142335.0,11.0
102,2284.0,29.0,1.0,142353.0,11.0
103,2283.0,47.0,0.9829769728231325,142355.0,11.0
104,2217.0,14.0,1.0,142373.0,11.0
105,2215.0,14.0,1.0,142375.0,11.0
106,2425.0,27.0,0.9517365639856855,142383.0,11.0
107,2369.0,51.0,0.9812469018788386,142386.0,11.0
108,2499.0,23.0,1.0,142405.0,11.0
109,2269.0,7.0,1.0,142411.0,11.0
110,2273.0,15.0,0.9931794065931824,142417.0,11.0
111,2370.0,51.0,0.9838414079718825,142419.0,11.0
112,2343.0,13.0,0.9929707175037354,142420.0,11.0
113,2260.0,42.0,0.9938294524867788,142423.0,11.0
114,2333.0,46.0,0.9633102236970777,142424.0,11.0
115,2277.0,11.0,0.9898323387305394,142430.0,11.0
116,2508.0,21.0,0.991679068237304,142431.0,11.0
117,2361.0,24.0,0.987659759004895,142434.0,11.0
118,2426.0,27.0,0.9762699806779856,142435.0,11.0
119,2271.0,7.0,0.9887622193265793,142436.0,11.0
120,2205.0,43.0,0.9951214697777302,142437.0,11.0
121,2334.0,46.0,0.9572962740228288,142438.0,11.0
122,2272.0,7.0,0.9926598281797625,142439.0,11.0
123,2350.0,17.0,0.9961899414558318,142441.0,11.0
124,2338.0,48.0,0.9928514029893125,142444.0,11.0
125,2349.0,30.0,0.9592635642614612,142445.0,11.0
126,2370.0,28.0,0.9802014394630592,142446.0,11.0
127,2343.0,49.0,0.9948214046891677,142449.0,11.0
128,2371.0,28.0,0.9873075085199633,142450.0,11.0
129,2369.0,6.0,0.9650977248251559,142451.0,11.0
130,2267.0,55.0,0.9746844924591931,142452.0,11.0
131,2335.0,46.0,0.9924515867474096,142458.0,11.0
132,2310.0,50.0,0.9778528895747267,142459.0,11.0
133,2371.0,51.0,0.9858849410423266,142460.0,11.0
134,2218.0,14.0,0.9674650920191111,142461.0,11.0
135,2372.0,51.0,0.9941844727716777,142462.0,11.0
136,2317.0,45.0,0.9907949291276491,142467.0,11.0
137,2301.0,25.0,0.9824624224997908,142469.0,11.0
138,2281.0,11.0,0.989934546755605,142470.0,11.0
139,2409.0,52.0,0.987659562441721,142471.0,11.0
140,2453.0,53.0,0.9740904297661929,142472.0,11.0
141,2258.0,34.0,0.9654191589159429,142475.0,11.0
142,2427.0,27.0,0.9949238980650054,142478.0,11.0
143,2428.0,27.0,1.0,142480.0,11.0
144,2214.0,44.0,0.9760880168412167,142481.0,11.0
145,2311.0,50.0,0.9587336720921127,142484.0,11.0
146,2374.0,31.0,0.9932517860467045,142486.0,11.0
147,2373.0,51.0,0.997319682723575,142487.0,11.0
148,2282.0,11.0,1.0,142488.0,11.0
149,2336.0,46.0,0.9825754669064448,142502.0,11.0
150,2220.0,14.0,0.9943995040313144,142503.0,11.0
151,2217.0,56.0,0.9724550992685291,142505.0,11.0
152,2251.0,10.0,0.9983240936426531,142507.0,11.0
153,2260.0,34.0,1.0,142508.0,11.0
154,2370.0,6.0,1.0,142526.0,11.0
155,2455.0,53.0,1.0,142553.0,11.0
156,2343.0,48.0,1.0,142561.0,11.0
157,2373.0,6.0,1.0,142563.0,11.0
158,2275.0,7.0,1.0,142569.0,11.0
159,2261.0,35.0,0.996907137219695,142583.0,11.0
160,2378.0,40.0,1.0,142585.0,11.0
161,2322.0,41.0,1.0,142586.0,11.0
162,2321.0,41.0,1.0,142587.0,11.0
163,2354.0,30.0,0.9626904873014897,142591.0,11.0
164,2377.0,40.0,1.0,142592.0,11.0
165,2512.0,21.0,1.0,142600.0,11.0
166,2363.0,24.0,0.9964883261915451,142611.0,11.0
167,2491.0,54.0,0.9523914993942204,142618.0,11.0
168,2328.0,12.0,0.9536521792161189,142619.0,11.0
169,2324.0,41.0,0.9927392526949875,142620.0,11.0
170,2433.0,27.0,0.9562790078160053,142622.0,11.0
171,2366.0,24.0,0.9648435879276926,142624.0,11.0
172,2392.0,9.0,0.9971197590165919,142629.0,11.0
173,2253.0,10.0,0.9947917555703987,142630.0,11.0
174,2413.0,52.0,0.9847229127491282,142631.0,11.0
175,2367.0,24.0,0.9947037266191209,142632.0,11.0
176,2368.0,24.0,0.9755537079981913,142634.0,11.0
177,2338.0,46.0,0.9957133258617656,142635.0,11.0
178,2292.0,47.0,0.9948860917762258,142638.0,11.0
179,2263.0,34.0,0.9914486475877127,142639.0,11.0
180,2339.0,46.0,0.9632826620087097,142640.0,11.0
181,2219.0,44.0,0.9941878070263956,142642.0,11.0
182,2210.0,43.0,0.9852072279087811,142645.0,11.0
183,2310.0,32.0,0.9773927646893757,142646.0,11.0
184,2355.0,30.0,0.9620076489061903,142647.0,11.0
185,2375.0,28.0,0.9983147235855733,142648.0,11.0
186,2289.0,11.0,0.9820438423994023,142652.0,11.0
187,2264.0,34.0,0.9909716153681571,142653.0,11.0
188,2322.0,45.0,1.0,142654.0,11.0
189,2221.0,44.0,0.9940342214965141,142656.0,11.0
190,2513.0,21.0,1.0,142657.0,11.0
191,2374.0,6.0,0.969537757636192,142661.0,11.0
192,2293.0,47.0,0.9978353103561568,142662.0,11.0
193,2213.0,43.0,0.9692407486666418,142666.0,11.0
194,2287.0,29.0,1.0,142667.0,11.0
195,2294.0,47.0,0.9556279617233345,142675.0,11.0
196,2295.0,47.0,1.0,142677.0,11.0
197,2434.0,27.0,0.9718874886997335,142679.0,11.0
198,2307.0,8.0,0.963475092941779,142680.0,11.0
199,2268.0,55.0,0.9644256610348092,142681.0,11.0
200,2218.0,56.0,0.9908811303831206,142682.0,11.0
201,2288.0,29.0,0.9847176388073693,142683.0,11.0
202,2254.0,10.0,0.9810267659718325,142686.0,11.0
203,2263.0,35.0,0.9880344526796715,142688.0,11.0
204,2302.0,25.0,0.9893541599785048,142689.0,11.0
205,2394.0,9.0,0.9962744640438194,142690.0,11.0
206,2280.0,15.0,0.9944377757978219,142695.0,11.0
207,2324.0,45.0,0.994559576809445,142696.0,11.0
208,2329.0,12.0,0.9859902097210574,142698.0,11.0
209,2312.0,16.0,0.9936690589743848,142699.0,11.0
210,2348.0,48.0,1.0,142713.0,11.0
211,2435.0,27.0,0.9634417649137063,142720.0,11.0
212,2313.0,16.0,0.9826588329809796,142723.0,11.0
213,2266.0,34.0,0.9648208678154392,142742.0,11.0
214,2379.0,28.0,0.9747431285027135,142747.0,11.0
215,2348.0,13.0,0.9748888463363289,142749.0,11.0
216,2429.0,22.0,1.0,142771.0,11.0
217,2449.0,39.0,0.9524999514952107,142772.0,11.0
218,2417.0,52.0,0.97592751025592,142781.0,11.0
219,2379.0,40.0,1.0,142783.0,11.0
220,2451.0,39.0,0.9702905117434505,142788.0,11.0
221,2325.0,41.0,1.0,142793.0,11.0
222,2387.0,51.0,1.0,142814.0,11.0
223,2334.0,26.0,0.9855572964759242,142815.0,11.0
224,2303.0,25.0,0.9873986423318021,142818.0,11.0
225,2458.0,53.0,0.9696366746779009,142819.0,11.0
226,2335.0,26.0,0.9951878751877764,142820.0,11.0
227,2349.0,13.0,0.9742097009876066,142821.0,11.0
228,2268.0,35.0,0.9858574063086594,142822.0,11.0
229,2328.0,45.0,0.9850774498347006,142823.0,11.0
230,2279.0,7.0,0.9913152828538634,142826.0,11.0
231,2344.0,46.0,0.9865640301885746,142827.0,11.0
232,2329.0,45.0,1.0,142828.0,11.0
233,2215.0,43.0,1.0,142830.0,11.0
234,2223.0,44.0,0.9927921065266988,142834.0,11.0
235,2459.0,53.0,0.9729914088327458,142836.0,11.0
236,2460.0,53.0,0.9698874640979702,142838.0,11.0
237,2350.0,13.0,0.9871464395321082,142841.0,11.0
238,2384.0,31.0,0.9596429203001496,142842.0,11.0
239,2345.0,46.0,0.9623941699691384,142843.0,11.0
240,2299.0,47.0,0.9861633396618823,142846.0,11.0
241,2381.0,40.0,0.9908879908739346,142847.0,11.0
242,2336.0,26.0,0.9937278747032648,142848.0,11.0
243,2337.0,26.0,0.9917208980551315,142849.0,11.0
244,2346.0,46.0,0.9660435840616838,142850.0,11.0
245,2517.0,21.0,0.9781229677245755,142852.0,11.0
246,2330.0,12.0,0.9891577685539545,142853.0,11.0
247,2360.0,30.0,0.9906648035475929,142855.0,11.0
248,2269.0,35.0,0.9928426177862477,142856.0,11.0
249,2291.0,11.0,0.984205684118287,142858.0,11.0
250,2326.0,41.0,0.9892776842457607,142861.0,11.0
251,2453.0,39.0,1.0,142862.0,11.0
252,2388.0,51.0,0.9662045120367202,142863.0,11.0
253,2338.0,26.0,0.9808172246200755,142867.0,11.0
254,2361.0,30.0,0.9955823920904104,142871.0,11.0
255,2224.0,44.0,0.9791595402426219,142872.0,11.0
256,2137.0,33.0,0.9945571078927659,142877.0,11.0
257,2461.0,53.0,0.9724290044046418,142878.0,11.0
258,2301.0,47.0,0.9733458287087572,142880.0,11.0
259,2327.0,41.0,0.9888023339267155,142881.0,11.0
260,2225.0,44.0,0.9885332081619301,142883.0,11.0
261,2317.0,32.0,0.9577042434719905,142885.0,11.0
262,2219.0,43.0,0.9892812286628202,142886.0,11.0
263,2309.0,8.0,0.9933371920097133,142887.0,11.0
264,2492.0,54.0,0.9696866306852385,142888.0,11.0
265,2318.0,32.0,0.9876406226595729,142894.0,11.0
266,2382.0,40.0,0.9515795524866107,142895.0,11.0
267,2382.0,28.0,0.9972100514569033,142896.0,11.0
268,2439.0,27.0,0.9984009261226836,142898.0,11.0
269,2138.0,33.0,0.9939307122037849,142899.0,11.0
270,2226.0,44.0,0.9856241934640424,142901.0,11.0
271,2221.0,43.0,0.9863857702058215,142902.0,11.0
272,2362.0,30.0,0.9778333817179676,142907.0,11.0
273,2440.0,27.0,0.9777953262969866,142908.0,11.0
274,2385.0,31.0,0.9768610608337154,142910.0,11.0
275,2462.0,53.0,0.9560272139146998,142922.0,11.0
276,2353.0,13.0,1.0,142923.0,11.0
277,2228.0,14.0,0.9719709624309083,142931.0,11.0
278,2654.0,3.0,1.0,142940.0,11.0
279,2310.0,8.0,1.0,142945.0,11.0
280,2222.0,43.0,0.981435119798443,142962.0,11.0
281,2388.0,31.0,0.9682270005648907,142966.0,11.0
282,2379.0,24.0,0.9773472865081144,143008.0,11.0
283,2352.0,46.0,0.9657292647913198,143018.0,11.0
284,2503.0,23.0,0.9529207701644103,143019.0,11.0
285,2144.0,33.0,0.9922639224869394,143024.0,11.0
286,2435.0,22.0,1.0,143025.0,11.0
287,2230.0,14.0,0.9966809375921754,143028.0,11.0
288,2296.0,11.0,0.9923566747020339,143029.0,11.0
289,2231.0,14.0,0.9918305603663237,143033.0,11.0
290,2436.0,22.0,0.9675965925634723,143034.0,11.0
291,2383.0,40.0,0.9952321086737532,143035.0,11.0
292,2271.0,34.0,0.9856178456436724,143036.0,11.0
293,2332.0,12.0,0.9801424422725199,143037.0,11.0
294,2392.0,31.0,0.9630930682961866,143040.0,11.0
295,2467.0,53.0,1.0,143041.0,11.0
296,2314.0,8.0,0.9964344750043744,143043.0,11.0
297,2307.0,25.0,0.9808752743455327,143044.0,11.0
298,2449.0,27.0,0.9791199138885092,143050.0,11.0
299,2333.0,12.0,0.991261772820355,143052.0,11.0
300,2521.0,21.0,1.0,143055.0,11.0
301,2522.0,21.0,1.0,143059.0,11.0
302,2229.0,44.0,0.9736838809227675,143060.0,11.0
303,2394.0,51.0,0.967706327051668,143061.0,11.0
304,2299.0,11.0,0.9531364045744004,143062.0,11.0
305,2263.0,10.0,0.9900234443190221,143063.0,11.0
306,2308.0,25.0,0.9896612701592813,143064.0,11.0
307,2332.0,41.0,1.0,143065.0,11.0
308,2387.0,28.0,0.9968514897677281,143066.0,11.0
309,2305.0,47.0,0.9837007099310872,143067.0,11.0
310,2394.0,31.0,0.9548745631782848,143068.0,11.0
311,2332.0,45.0,0.996882988861909,143069.0,11.0
312,2366.0,30.0,0.9654620068498628,143071.0,11.0
313,2333.0,41.0,0.9584393924182407,143074.0,11.0
314,2326.0,50.0,0.988611701816273,143075.0,11.0
315,2450.0,27.0,0.9681937909826694,143076.0,11.0
316,2355.0,48.0,0.9566594455515524,143077.0,11.0
317,2388.0,28.0,0.9883492020662143,143078.0,11.0
318,2354.0,13.0,0.9726947597396538,143081.0,11.0
319,2219.0,56.0,0.9928394107314445,143082.0,11.0
320,2340.0,26.0,0.9722230659982248,143083.0,11.0
321,2395.0,31.0,0.9738521050276833,143084.0,11.0
322,2367.0,30.0,0.9944796121964977,143087.0,11.0
323,2272.0,34.0,0.9924615682701968,143089.0,11.0
324,2395.0,51.0,0.9849373479591886,143113.0,11.0
325,2504.0,23.0,1.0,143116.0,11.0
326,2686.0,57.0,0.9632625354939749,143121.0,11.0
327,2355.0,13.0,0.9586658913444808,143123.0,11.0
328,2334.0,41.0,1.0,143126.0,11.0
329,2335.0,41.0,1.0,143127.0,11.0
330,2505.0,23.0,0.9782581569671512,143134.0,11.0
331,2317.0,8.0,1.0,143140.0,11.0
332,2491.0,20.0,1.0,143149.0,11.0
333,2250.0,16.0,0.9776771540530388,141123.0,11.0
334,2301.0,48.0,0.983055411123077,141124.0,11.0
335,2424.0,53.0,0.9872723505082607,141125.0,11.0
336,2285.0,46.0,0.9937056696015816,141126.0,11.0
337,2161.0,43.0,0.9674614832707022,141127.0,11.0
338,2240.0,10.0,0.970018798808902,141128.0,11.0
339,2277.0,49.0,0.9950460858775004,141129.0,11.0
340,2296.0,25.0,1.0,141130.0,11.0
341,2279.0,32.0,0.9531386571088432,141131.0,11.0
342,2210.0,35.0,0.9895642918824642,141132.0,11.0
343,2357.0,48.0,0.9500885004033846,143178.0,11.0
344,2425.0,53.0,0.9821669229263346,141135.0,11.0
345,2232.0,34.0,0.9868906420994495,141136.0,11.0
346,2276.0,45.0,0.9833338730344695,141137.0,11.0
347,2335.0,28.0,0.9790966865047502,141139.0,11.0
348,2325.0,24.0,0.9753292991657629,141140.0,11.0
349,2156.0,44.0,0.9596017927688187,141141.0,11.0
350,2265.0,17.0,0.9907144201680659,141142.0,11.0
351,2302.0,48.0,0.9909460467854933,141144.0,11.0
352,2336.0,28.0,0.9647376805581396,141145.0,11.0
353,2329.0,32.0,0.9637925460789931,143192.0,11.0
354,2295.0,12.0,0.9745883561463812,141147.0,11.0
355,2296.0,12.0,0.9613981465736222,141149.0,11.0
356,2210.0,42.0,0.9900122970852478,141150.0,11.0
357,2249.0,47.0,1.0,141151.0,11.0
358,2337.0,31.0,0.9515750124033423,141152.0,11.0
359,2456.0,27.0,0.9778474688027006,143198.0,11.0
360,2157.0,44.0,0.9800775284172527,141154.0,11.0
361,2302.0,29.0,0.9757947949963932,143199.0,11.0
362,2362.0,17.0,0.9982759179321795,143201.0,11.0
363,2297.0,12.0,0.9909093597957324,141157.0,11.0
364,2387.0,40.0,0.9572838910940468,143202.0,11.0
365,2333.0,50.0,0.9933897642483573,143205.0,11.0
366,2277.0,34.0,0.9928973685021053,143206.0,11.0
367,2225.0,43.0,0.9713956632087484,143207.0,11.0
368,2303.0,11.0,0.9977220470791835,143208.0,11.0
369,2269.0,17.0,0.992924597601842,141163.0,11.0
370,2343.0,26.0,0.9882620199582716,143209.0,11.0
371,2147.0,33.0,0.9936932762654117,143214.0,11.0
372,2214.0,42.0,0.9901523519895293,141168.0,11.0
373,2186.0,14.0,0.9537230450156681,141169.0,11.0
374,2319.0,8.0,0.9817655812198441,143216.0,11.0
375,2426.0,52.0,0.9714872086377462,143217.0,11.0
376,2231.0,44.0,0.9681746316269118,143219.0,11.0
377,2252.0,11.0,0.9902398638797967,141173.0,11.0
378,2212.0,35.0,0.9739863474349871,141174.0,11.0
379,2484.0,37.0,1.0,143223.0,11.0
380,2291.0,26.0,0.9587390255733931,141177.0,11.0
381,2336.0,50.0,0.9947320466902247,143226.0,11.0
382,2326.0,16.0,0.9693747790180601,143227.0,11.0
383,2687.0,57.0,1.0,143228.0,11.0
384,2241.0,7.0,1.0,141185.0,11.0
385,2358.0,40.0,0.9601901629090436,141186.0,11.0
386,2163.0,43.0,0.9962524501696176,141189.0,11.0
387,2187.0,14.0,0.996531439541742,141190.0,11.0
388,2264.0,29.0,0.9555419501111017,141192.0,11.0
389,2297.0,25.0,0.9724848433853216,141193.0,11.0
390,2257.0,16.0,0.9793925223043872,141197.0,11.0
391,2250.0,47.0,0.9821349005508797,141202.0,11.0
392,2188.0,14.0,0.9624418095566797,141205.0,11.0
393,2488.0,54.0,0.9880415181567522,141207.0,11.0
394,1688.0,59.0,1.0,141208.0,11.0
395,2280.0,17.0,0.9928938406416832,141209.0,11.0
396,2189.0,14.0,1.0,141210.0,11.0
397,2083.0,33.0,0.9930412737345033,141211.0,11.0
398,2246.0,15.0,0.9875352428811418,141212.0,11.0
399,2213.0,35.0,0.9911922253817087,141213.0,11.0
400,2416.0,39.0,1.0,141214.0,11.0
401,2282.0,17.0,0.994215493528919,141216.0,11.0
402,2494.0,23.0,0.9569640279819596,141220.0,11.0
403,2284.0,17.0,0.9541602856603859,141222.0,11.0
404,2242.0,7.0,0.9727783766276263,141225.0,11.0
405,2247.0,15.0,0.9964553981223745,141229.0,11.0
406,2261.0,16.0,0.9855970895346884,141231.0,11.0
407,2159.0,44.0,0.9885207015685223,141232.0,11.0
408,2165.0,43.0,0.9823264054490997,141233.0,11.0
409,2305.0,48.0,0.9906617479841535,141235.0,11.0
410,2190.0,14.0,1.0,141237.0,11.0
411,2337.0,28.0,0.9621402446037415,141248.0,11.0
412,2287.0,17.0,0.981199558229715,141249.0,11.0
413,2216.0,42.0,1.0,141251.0,11.0
414,2288.0,17.0,0.9779680297088797,141254.0,11.0
415,2326.0,24.0,0.9619251412920162,141255.0,11.0
416,2191.0,14.0,1.0,141257.0,11.0
417,2359.0,40.0,1.0,141260.0,11.0
418,2296.0,50.0,0.9894515305718969,141262.0,11.0
419,2241.0,10.0,0.9903962376520646,141263.0,11.0
420,2250.0,15.0,0.9904553060714467,141270.0,11.0
421,2384.0,52.0,0.9642635203848945,141273.0,11.0
422,2215.0,35.0,0.976454397819551,141274.0,11.0
423,2336.0,30.0,0.9910074520636237,141276.0,11.0
424,2299.0,12.0,0.9874159280802449,141278.0,11.0
425,2336.0,9.0,0.9965832099891399,141280.0,11.0
426,2677.0,4.0,0.9586541890516143,141281.0,11.0
427,2242.0,10.0,0.9716866471392525,141282.0,11.0
428,2280.0,45.0,0.99593717143523,141305.0,11.0
429,2235.0,34.0,0.9637743660744879,141309.0,11.0
430,2166.0,43.0,0.9898589997303604,141310.0,11.0
431,2220.0,42.0,0.9983075824299741,141314.0,11.0
432,2309.0,48.0,0.953913376221347,141316.0,11.0
433,2264.0,16.0,0.9905370683264036,141318.0,11.0
434,2244.0,7.0,0.9948113820794731,141319.0,11.0
435,2310.0,48.0,0.967565165533586,141322.0,11.0
436,2252.0,47.0,0.9756355219517335,141324.0,11.0
437,2268.0,16.0,0.9909104532949409,141325.0,11.0
438,2285.0,49.0,0.9948370802293146,141327.0,11.0
439,2253.0,47.0,0.9937171252784796,141330.0,11.0
440,2299.0,17.0,0.9967428156703392,141332.0,11.0
441,2709.0,5.0,0.9537271598527047,141338.0,11.0
442,2221.0,42.0,1.0,141339.0,11.0
443,2489.0,21.0,0.9516741366951057,141342.0,11.0
444,2360.0,40.0,0.9625593434302558,141343.0,11.0
445,2283.0,8.0,1.0,141345.0,11.0
446,2270.0,16.0,0.9748186403105823,141348.0,11.0
447,2286.0,49.0,0.9888112200848885,141355.0,11.0
448,2236.0,34.0,0.9865445762156809,141356.0,11.0
449,2301.0,17.0,0.9872387623202219,141360.0,11.0
450,2514.0,36.0,0.9745545449848805,141364.0,11.0
451,2162.0,44.0,0.9802257036039989,141365.0,11.0
452,2266.0,29.0,0.9523328124232833,141368.0,11.0
453,2255.0,47.0,0.9960680430307185,141369.0,11.0
454,2417.0,39.0,1.0,141370.0,11.0
455,2281.0,45.0,0.9920612110002418,141372.0,11.0
456,2415.0,27.0,1.0,141373.0,11.0
457,2337.0,30.0,0.9786573099062384,141375.0,11.0
458,2289.0,49.0,0.9929591255678822,141377.0,11.0
459,2256.0,47.0,0.9935294644393985,141378.0,11.0
460,2290.0,49.0,0.9889325460275324,141379.0,11.0
461,2304.0,17.0,0.9888474287070771,141380.0,11.0
462,2338.0,28.0,0.9949524338781799,141384.0,11.0
463,2341.0,9.0,0.9790481325611456,141385.0,11.0
464,2418.0,39.0,0.9707631411889506,141389.0,11.0
465,2224.0,42.0,0.9697494527999586,141397.0,11.0
466,2280.0,32.0,0.9837802435139034,141399.0,11.0
467,2345.0,9.0,1.0,141409.0,11.0
468,2223.0,42.0,1.0,141412.0,11.0
469,2491.0,21.0,1.0,141414.0,11.0
470,2302.0,46.0,0.9787781212757732,141416.0,11.0
471,2243.0,10.0,1.0,141426.0,11.0
472,2419.0,39.0,0.9936357102801241,141429.0,11.0
473,2281.0,32.0,0.9872100163020594,141432.0,11.0
474,2347.0,9.0,1.0,141435.0,11.0
475,2091.0,33.0,0.9923391212610073,141437.0,11.0
476,2359.0,6.0,1.0,141438.0,11.0
477,2165.0,44.0,1.0,141439.0,11.0
478,2420.0,39.0,0.9551589780094796,141440.0,11.0
479,2360.0,6.0,0.9879892956454126,141441.0,11.0
480,2092.0,33.0,0.9829414170680291,141443.0,11.0
481,2426.0,53.0,0.9602224567368814,141444.0,11.0
482,2239.0,34.0,0.9522684598638127,141445.0,11.0
483,2342.0,51.0,0.9641231889297989,141446.0,11.0
484,2306.0,17.0,0.993507372989842,141451.0,11.0
485,2166.0,44.0,0.9965563442823281,141456.0,11.0
486,2294.0,49.0,0.9831210575482565,141457.0,11.0
487,2492.0,21.0,0.9851508566462938,141460.0,11.0
488,2303.0,46.0,0.9917772142875879,141461.0,11.0
489,2227.0,42.0,0.9922344173126417,141462.0,11.0
490,2296.0,49.0,0.9897037460797337,141466.0,11.0
491,2310.0,17.0,0.9812288269267094,141471.0,11.0
492,2389.0,52.0,0.9676616737074126,141476.0,11.0
493,2226.0,35.0,0.9907280465672501,141477.0,11.0
494,2225.0,35.0,0.9744142616528925,141478.0,11.0
495,2421.0,39.0,0.9743554458525682,141479.0,11.0
496,2417.0,22.0,1.0,141482.0,11.0
497,2427.0,53.0,1.0,141488.0,11.0
498,2309.0,17.0,0.9841942742875397,141490.0,11.0
499,2229.0,42.0,1.0,141492.0,11.0
500,2313.0,48.0,0.9919117506193231,141500.0,11.0
501,2314.0,17.0,1.0,141505.0,11.0
502,2306.0,46.0,0.9916340878647822,141506.0,11.0
503,2307.0,46.0,0.9925546281310847,141507.0,11.0
504,2256.0,11.0,0.989772878842316,141508.0,11.0
505,2308.0,46.0,0.995312854376956,141509.0,11.0
506,2350.0,9.0,0.9960276842739028,141510.0,11.0
507,2416.0,27.0,0.9722384288619311,141512.0,11.0
508,2173.0,43.0,0.9927273169506805,141516.0,11.0
509,2299.0,49.0,0.9913786410944659,141520.0,11.0
510,2300.0,49.0,0.9950311804797519,141521.0,11.0
511,2295.0,26.0,0.9932371926048073,141525.0,11.0
512,2249.0,7.0,0.9898596329450994,141529.0,11.0
513,2302.0,49.0,0.9964655611387189,141530.0,11.0
514,2231.0,42.0,0.991649043974732,141532.0,11.0
515,2267.0,29.0,0.9610656065377109,141538.0,11.0
516,2305.0,12.0,0.9539106502911207,141539.0,11.0
517,2094.0,33.0,0.9878990724988463,141540.0,11.0
518,2341.0,28.0,1.0,141542.0,11.0
519,2338.0,30.0,0.965434990650639,141544.0,11.0
520,2228.0,35.0,0.989652520348046,141545.0,11.0
521,2417.0,27.0,0.9659137490931792,141548.0,11.0
522,2198.0,14.0,0.9766843801136831,141550.0,11.0
523,2678.0,4.0,1.0,141561.0,11.0
524,2418.0,27.0,1.0,141564.0,11.0
525,2307.0,41.0,0.9606454458971764,141578.0,11.0
526,2363.0,40.0,1.0,141586.0,11.0
527,2289.0,7.0,0.9822950288402371,143167.0,11.0
528,2281.0,16.0,0.962230369140713,141599.0,11.0
529,2296.0,26.0,0.986348465928388,141600.0,11.0
530,2099.0,33.0,0.969941464622873,141601.0,11.0
531,2515.0,36.0,0.9634489889349446,141603.0,11.0
532,2307.0,12.0,0.9662825632167121,141609.0,11.0
533,2304.0,49.0,0.9962079064737914,141610.0,11.0
534,2232.0,35.0,0.9770538948130463,141611.0,11.0
535,2262.0,47.0,0.9949119434866326,141614.0,11.0
536,2333.0,24.0,0.973560802500867,141615.0,11.0
537,2322.0,17.0,0.9780581230232457,141616.0,11.0
538,2305.0,49.0,0.9902881192016333,141620.0,11.0
539,2233.0,35.0,0.9898897060155404,141625.0,11.0
540,2101.0,33.0,0.9889892791669379,141627.0,11.0
541,2102.0,33.0,0.9919456544571569,141628.0,11.0
542,2339.0,30.0,0.9520635503964184,141629.0,11.0
543,2317.0,48.0,0.9867658883592396,141630.0,11.0
544,2284.0,32.0,0.9565646319067725,141632.0,11.0
545,2325.0,17.0,0.9877920343712987,141633.0,11.0
546,2318.0,48.0,0.9978928070584839,141635.0,11.0
547,2340.0,30.0,0.9645278748563828,141637.0,11.0
548,2419.0,27.0,0.9945924726997986,141646.0,11.0
549,2313.0,46.0,0.9746740294263657,141647.0,11.0
550,2286.0,8.0,0.9974074962634687,141649.0,11.0
551,2327.0,17.0,0.9881949425663528,141650.0,11.0
552,2298.0,26.0,0.9752254970878672,141652.0,11.0
553,2367.0,40.0,0.9521227391479415,141663.0,11.0
554,2364.0,40.0,0.9676116057310689,141664.0,11.0
555,2365.0,40.0,1.0,141665.0,11.0
556,2308.0,41.0,0.9679050389458586,141669.0,11.0
557,2335.0,24.0,1.0,141676.0,11.0
558,2345.0,28.0,0.970725305798759,141677.0,11.0
559,2285.0,32.0,0.9919770037436333,141681.0,11.0
560,2299.0,25.0,0.9842298907468781,141685.0,11.0
561,2495.0,21.0,1.0,141686.0,11.0
562,2200.0,14.0,0.9728816970184065,141689.0,11.0
563,2423.0,39.0,1.0,141696.0,11.0
564,2358.0,9.0,0.9592722878552254,141706.0,11.0
565,2299.0,26.0,0.9700572829283176,141725.0,11.0
566,2308.0,49.0,0.9954219758384282,141726.0,11.0
567,2316.0,46.0,0.980668397517442,141730.0,11.0
568,2107.0,33.0,0.9906296611140804,141732.0,11.0
569,2350.0,51.0,0.9523595875898784,141734.0,11.0
570,2237.0,35.0,0.9818013138751127,141735.0,11.0
571,2368.0,40.0,0.9585568695424987,141739.0,11.0
572,2395.0,52.0,0.9826410805751147,141740.0,11.0
573,2346.0,31.0,0.987114345898364,141742.0,11.0
574,2255.0,7.0,0.9924851506754278,141743.0,11.0
575,2347.0,31.0,0.9845515044393022,141750.0,11.0
576,2108.0,33.0,0.9952484665593385,141752.0,11.0
577,2314.0,49.0,0.9826980350533694,141754.0,11.0
578,2241.0,34.0,0.9943431929846483,141755.0,11.0
579,2293.0,45.0,0.9800248832507363,141756.0,11.0
580,2311.0,12.0,0.9848912492080226,141758.0,11.0
581,2301.0,26.0,0.9868952099164799,141760.0,11.0
582,2489.0,54.0,0.9786527148314225,141761.0,11.0
583,2238.0,35.0,0.9936080597107352,141764.0,11.0
584,2109.0,33.0,0.9954280869498509,141769.0,11.0
585,2490.0,54.0,0.9948199474668071,141772.0,11.0
586,2363.0,9.0,0.9696705258239073,141774.0,11.0
587,2183.0,43.0,0.9762161708331469,141775.0,11.0
588,2294.0,45.0,0.9845172046182911,141776.0,11.0
589,2239.0,35.0,0.9946240252114111,141779.0,11.0
590,2324.0,48.0,0.9683904572816194,141781.0,11.0
591,2204.0,14.0,0.9751814360062165,141783.0,11.0
592,2338.0,24.0,0.9902386639945954,141786.0,11.0
593,2325.0,48.0,0.988190934804711,141787.0,11.0
594,2205.0,14.0,0.9864195655138056,141791.0,11.0
595,2187.0,43.0,0.9743372400710258,141792.0,11.0
596,2317.0,46.0,0.9790620108458528,141798.0,11.0
597,2364.0,6.0,0.957250524559798,141800.0,11.0
598,2476.0,18.0,0.9556853794118519,141805.0,11.0
599,2189.0,43.0,0.9801989099766947,141811.0,11.0
600,2269.0,47.0,0.9859415345962551,141812.0,11.0
601,2339.0,24.0,0.9687333413209043,141827.0,11.0
602,2207.0,14.0,1.0,141832.0,11.0
603,2244.0,35.0,0.9913856014993098,141841.0,11.0
604,2242.0,34.0,0.9809590511691026,141852.0,11.0
605,2685.0,57.0,0.9506894380970822,141853.0,11.0
606,2496.0,21.0,1.0,141854.0,11.0
607,2288.0,16.0,0.9920763033100422,141861.0,11.0
608,2257.0,7.0,1.0,141862.0,11.0
609,2365.0,6.0,1.0,141863.0,11.0
610,2350.0,31.0,0.9951348113534855,141867.0,11.0
611,2327.0,48.0,0.9866663863962696,141870.0,11.0
612,2258.0,7.0,0.9754117188039941,141871.0,11.0
613,2351.0,31.0,0.98922830753871,141874.0,11.0
614,2290.0,16.0,0.9763294034480173,141876.0,11.0
615,2432.0,53.0,0.9606488371938687,141877.0,11.0
616,2245.0,35.0,0.9910897014258051,141878.0,11.0
617,2341.0,24.0,0.9726410864450421,141880.0,11.0
618,2355.0,51.0,0.9593027327438342,141881.0,11.0
619,2259.0,7.0,0.957562306339675,141886.0,11.0
620,2334.0,17.0,0.9839632308303816,141888.0,11.0
621,2210.0,14.0,1.0,141889.0,11.0
622,2240.0,42.0,0.9948137546671073,141890.0,11.0
623,2320.0,49.0,0.9929530149123377,141891.0,11.0
624,2246.0,35.0,0.9886795927829382,141893.0,11.0
625,2241.0,42.0,1.0,141894.0,11.0
626,2286.0,32.0,0.9916727659703785,141895.0,11.0
627,2297.0,45.0,0.9880126716899094,141897.0,11.0
628,2287.0,32.0,0.9970639595760896,141900.0,11.0
629,2298.0,45.0,0.9884852026109985,141902.0,11.0
630,2496.0,23.0,1.0,141906.0,11.0
631,2352.0,31.0,0.9726926689047648,141910.0,11.0
632,2247.0,35.0,0.9939897542093178,141911.0,11.0
633,2324.0,49.0,0.9963898666386324,141916.0,11.0
634,2299.0,45.0,0.9884627350829412,141917.0,11.0
635,2300.0,50.0,0.9957945679021666,141919.0,11.0
636,2313.0,12.0,0.9957393149462449,141920.0,11.0
637,2433.0,53.0,0.9574534011914603,141921.0,11.0
638,2370.0,9.0,0.9896420075382167,141923.0,11.0
639,2343.0,24.0,0.9949849714368749,141924.0,11.0
640,2269.0,29.0,0.9812797182338607,141926.0,11.0
641,2260.0,15.0,0.9853894427024436,141927.0,11.0
642,2353.0,31.0,0.9876351485637135,141929.0,11.0
643,2338.0,17.0,0.9887668118149783,141930.0,11.0
644,2288.0,32.0,0.9870217468419803,141932.0,11.0
645,2330.0,48.0,0.9925432800747864,141939.0,11.0
646,2343.0,30.0,0.9931135944919859,141940.0,11.0
647,2184.0,44.0,0.9541980178073537,141941.0,11.0
648,2356.0,51.0,0.9856842220708055,141942.0,11.0
649,2414.0,38.0,0.9895604439984936,141944.0,11.0
650,2351.0,28.0,1.0,141947.0,11.0
651,2339.0,17.0,0.9846204194065209,141948.0,11.0
652,2185.0,44.0,0.989221447557787,141949.0,11.0
653,2272.0,47.0,0.9852713656565205,141950.0,11.0
654,2262.0,15.0,0.9708285515132558,141951.0,11.0
655,2331.0,48.0,0.9684626741358092,141956.0,11.0
656,2293.0,8.0,1.0,141974.0,11.0
657,2245.0,42.0,1.0,141981.0,11.0
658,2261.0,7.0,1.0,142016.0,11.0
659,2358.0,31.0,0.9747734793187204,142022.0,11.0
660,2329.0,49.0,0.9933124929396224,142033.0,11.0
661,2193.0,44.0,0.987511228746429,142034.0,11.0
662,2302.0,50.0,0.9949130534397859,142035.0,11.0
663,2262.0,7.0,0.9617496164715723,142037.0,11.0
664,2315.0,12.0,0.9818946676167026,142038.0,11.0
665,2272.0,29.0,0.97663944352317,142039.0,11.0
666,2273.0,29.0,0.9642865346144238,142040.0,11.0
667,2305.0,26.0,0.9976539112493242,142041.0,11.0
668,2402.0,52.0,0.9761912571489608,142042.0,11.0
669,2376.0,9.0,0.9981077000848568,142047.0,11.0
670,2414.0,31.0,1.0,144096.0,11.0
671,2392.0,13.0,0.9641498408297975,144105.0,11.0
672,2482.0,27.0,0.9947187172035853,144110.0,11.0
673,2302.0,10.0,0.9538993598692905,144116.0,11.0
674,2324.0,47.0,0.9867785354610642,144118.0,11.0
675,2193.0,43.0,1.0,142073.0,11.0
676,2304.0,10.0,1.0,144122.0,11.0
677,2305.0,10.0,0.9649330325512032,144123.0,11.0
678,2452.0,22.0,0.9747716535628411,144121.0,11.0
679,2123.0,33.0,0.9922703007011081,142082.0,11.0
680,2371.0,41.0,1.0,144130.0,11.0
681,2360.0,25.0,1.0,144136.0,11.0
682,2486.0,53.0,1.0,144148.0,11.0
683,2357.0,25.0,0.9728414640286911,144151.0,11.0
684,2306.0,45.0,0.9749233099253553,142107.0,11.0
685,2409.0,28.0,0.9702040694631326,144159.0,11.0
686,2309.0,45.0,0.9936372356179648,142116.0,11.0
687,2362.0,25.0,0.9877891805700384,144164.0,11.0
688,2403.0,52.0,1.0,142121.0,11.0
689,2248.0,34.0,0.9749282598348089,142122.0,11.0
690,2402.0,13.0,1.0,144171.0,11.0
691,2275.0,47.0,1.0,142130.0,11.0
692,2274.0,47.0,1.0,142131.0,11.0
693,2333.0,11.0,0.9642330533149688,144179.0,11.0
694,2271.0,11.0,0.9604871941815333,142134.0,11.0
695,2361.0,51.0,0.9691224176529869,142137.0,11.0
696,2326.0,46.0,1.0,142138.0,11.0
697,2404.0,13.0,0.9726730666077408,144187.0,11.0
698,2251.0,42.0,1.0,142142.0,11.0
699,2359.0,28.0,1.0,142146.0,11.0
700,2342.0,16.0,0.9794903359666957,144194.0,11.0
701,2308.0,26.0,0.9521584992304587,142152.0,11.0
702,2195.0,43.0,0.9795886572404998,142154.0,11.0
703,2357.0,28.0,1.0,142155.0,11.0
704,2407.0,13.0,0.9827907953956199,144207.0,11.0
705,2314.0,10.0,0.9721022627387529,144224.0,11.0
706,2436.0,39.0,1.0,142186.0,11.0
707,2316.0,10.0,0.9622026475023481,144235.0,11.0
708,2425.0,22.0,1.0,142188.0,11.0
709,2318.0,12.0,0.9908290377974414,142192.0,11.0
710,2409.0,13.0,0.9519840960122997,144241.0,11.0
711,2297.0,8.0,1.0,142194.0,11.0
712,2317.0,10.0,0.9580903006135861,144243.0,11.0
713,2438.0,39.0,1.0,142200.0,11.0
714,2365.0,51.0,0.9732494027367904,142235.0,11.0
715,2305.0,50.0,0.9831852244907391,142244.0,11.0
716,2252.0,34.0,0.9816727513881308,142258.0,11.0
717,2359.0,24.0,1.0,142314.0,11.0
718,2254.0,34.0,0.9759092774722586,142320.0,11.0
719,2248.0,10.0,0.9625071363289802,142321.0,11.0
720,2249.0,10.0,0.9578607712865191,142331.0,11.0
721,2502.0,21.0,1.0,142333.0,11.0
722,2301.0,8.0,1.0,142342.0,11.0
723,2335.0,48.0,1.0,142344.0,11.0
724,2376.0,40.0,1.0,142350.0,11.0
725,2283.0,29.0,1.0,142352.0,11.0
726,2301.0,32.0,0.9500956345358055,142357.0,11.0
727,2282.0,29.0,0.9663864779712317,142360.0,11.0
728,2275.0,11.0,1.0,142380.0,11.0
729,2314.0,26.0,1.0,142390.0,11.0
730,2452.0,53.0,1.0,142400.0,11.0
731,2500.0,23.0,1.0,142408.0,11.0
732,2349.0,17.0,0.974716531174986,142413.0,11.0
733,2259.0,34.0,0.9809849686770864,142476.0,11.0
734,2213.0,44.0,1.0,142479.0,11.0
735,2430.0,27.0,1.0,142527.0,11.0
736,2319.0,26.0,0.9544913424742638,142529.0,11.0
737,2371.0,6.0,1.0,142533.0,11.0
738,2216.0,44.0,0.9754042670651005,142534.0,11.0
739,2286.0,29.0,0.9617576809867189,142538.0,11.0
740,2323.0,41.0,1.0,142540.0,11.0
741,2410.0,52.0,1.0,142542.0,11.0
742,2351.0,30.0,1.0,142543.0,11.0
743,2362.0,24.0,1.0,142549.0,11.0
744,2454.0,53.0,1.0,142552.0,11.0
745,2305.0,32.0,0.9700336494898052,142559.0,11.0
746,2319.0,41.0,1.0,142567.0,11.0
747,2277.0,7.0,1.0,142577.0,11.0
748,2446.0,39.0,1.0,142581.0,11.0
749,2303.0,8.0,1.0,142590.0,11.0
750,2285.0,11.0,0.9616687436090267,142610.0,11.0
751,2290.0,29.0,0.9707839226820386,142708.0,11.0
752,2347.0,48.0,1.0,142714.0,11.0
753,2380.0,31.0,1.0,142715.0,11.0
754,2315.0,16.0,0.9765720979862101,142740.0,11.0
755,2314.0,16.0,0.9957860941309633,142741.0,11.0
756,2358.0,30.0,0.9500553748873857,142756.0,11.0
757,2376.0,6.0,1.0,142759.0,11.0
758,2516.0,21.0,1.0,142769.0,11.0
759,2430.0,22.0,1.0,142773.0,11.0
760,2380.0,40.0,1.0,142782.0,11.0
761,2346.0,13.0,1.0,142785.0,11.0
762,2308.0,8.0,1.0,142787.0,11.0
763,2447.0,39.0,1.0,142790.0,11.0
764,2383.0,51.0,1.0,142794.0,11.0
765,2331.0,26.0,0.9551839284526701,142806.0,11.0
766,2320.0,50.0,1.0,142873.0,11.0
767,2349.0,49.0,0.9909167739686142,142884.0,11.0
768,2305.0,25.0,0.9576832811232986,142915.0,11.0
769,2389.0,31.0,1.0,142955.0,11.0
770,2447.0,27.0,1.0,142956.0,11.0
771,2384.0,28.0,1.0,142959.0,11.0
772,2339.0,26.0,1.0,142960.0,11.0
773,2295.0,11.0,0.9583710296431305,142967.0,11.0
774,2434.0,22.0,1.0,142969.0,11.0
775,2465.0,53.0,1.0,142974.0,11.0
776,2352.0,13.0,1.0,142981.0,11.0
777,2327.0,50.0,0.9810928262641465,143080.0,11.0
778,2396.0,31.0,0.9503949350377886,143131.0,11.0
779,2359.0,48.0,1.0,143132.0,11.0
780,2316.0,8.0,1.0,143139.0,11.0
781,2454.0,27.0,1.0,143144.0,11.0
782,2326.0,32.0,0.9815527018022164,143157.0,11.0
783,2264.0,10.0,0.959845948620118,143163.0,11.0
784,2455.0,27.0,1.0,143165.0,11.0
785,2328.0,32.0,0.9747175790646967,143170.0,11.0
786,2382.0,6.0,1.0,143171.0,11.0
787,2680.0,4.0,1.0,143182.0,11.0
788,2266.0,17.0,0.9834807788788605,141143.0,11.0
789,2252.0,16.0,0.9564126897505432,141146.0,11.0
790,2286.0,46.0,0.9694873963823023,141162.0,11.0
791,2211.0,35.0,0.9740451717959748,141170.0,11.0
792,2082.0,33.0,0.9958333280945926,141182.0,11.0
793,2396.0,51.0,0.970080320454616,143232.0,11.0
794,2354.0,46.0,0.9960716613309014,143234.0,11.0
795,2383.0,6.0,1.0,143237.0,11.0
796,2397.0,51.0,0.9628569811668937,143238.0,11.0
797,1689.0,59.0,1.0,143239.0,11.0
798,2397.0,31.0,0.955906762820457,143240.0,11.0
799,2282.0,49.0,0.9932252012955681,141194.0,11.0
800,2306.0,11.0,0.9864281093457311,143242.0,11.0
801,2228.0,43.0,0.9812963549183197,143243.0,11.0
802,2457.0,27.0,0.9587160633519703,143256.0,11.0
803,2430.0,52.0,1.0,143261.0,11.0
804,2429.0,52.0,1.0,143262.0,11.0
805,2214.0,35.0,0.9833708488309213,141217.0,11.0
806,2311.0,25.0,0.9703634570433969,143273.0,11.0
807,2294.0,7.0,0.9534315157244451,143277.0,11.0
808,2385.0,24.0,0.9798654757151958,143285.0,11.0
809,2399.0,31.0,1.0,143293.0,11.0
810,2243.0,7.0,1.0,141250.0,11.0
811,2243.0,14.0,1.0,143298.0,11.0
812,2289.0,46.0,1.0,141252.0,11.0
813,2328.0,16.0,0.982643700333442,143300.0,11.0
814,2290.0,46.0,1.0,141256.0,11.0
815,2506.0,23.0,1.0,143310.0,11.0
816,2267.0,10.0,0.982145492514118,143317.0,11.0
817,2266.0,10.0,0.9595241913101596,143319.0,11.0
818,2340.0,51.0,1.0,141284.0,11.0
819,2262.0,16.0,0.9714739054603002,141285.0,11.0
820,2313.0,25.0,1.0,143340.0,11.0
821,2193.0,14.0,1.0,141293.0,11.0
822,2398.0,31.0,1.0,143341.0,11.0
823,2508.0,23.0,1.0,143342.0,11.0
824,2218.0,35.0,0.9876717492428596,141296.0,11.0
825,2254.0,11.0,0.9592931031981498,141297.0,11.0
826,2358.0,13.0,0.9518165533571571,143347.0,11.0
827,2339.0,50.0,0.99246461426497,143350.0,11.0
828,2374.0,30.0,0.9794340811720113,143352.0,11.0
829,2309.0,11.0,1.0,143353.0,11.0
830,2297.0,17.0,0.9661702234255624,141307.0,11.0
831,2335.0,32.0,0.9839348622602626,143355.0,11.0
832,2167.0,43.0,0.9828136238039589,141315.0,11.0
833,2315.0,25.0,0.9751885175554341,143363.0,11.0
834,2361.0,48.0,1.0,143365.0,11.0
835,2347.0,26.0,0.988915383617522,143367.0,11.0
836,2470.0,53.0,0.960145336361153,143370.0,11.0
837,2432.0,52.0,1.0,143373.0,11.0
838,2343.0,50.0,0.9931770144416817,143374.0,11.0
839,2268.0,10.0,0.975791758866705,143377.0,11.0
840,2254.0,47.0,0.9627624108286087,141333.0,11.0
841,2439.0,22.0,1.0,143382.0,11.0
842,2322.0,8.0,0.9663154444499664,143383.0,11.0
843,2302.0,12.0,0.973253640905317,141336.0,11.0
844,2297.0,46.0,1.0,141337.0,11.0
845,2222.0,42.0,0.9631655645517821,141340.0,11.0
846,2338.0,45.0,0.9831785593491008,143388.0,11.0
847,2363.0,48.0,0.9517893541987525,143389.0,11.0
848,2316.0,25.0,0.967447297740362,143390.0,11.0
849,2323.0,8.0,0.9534494651592356,143391.0,11.0
850,2280.0,34.0,0.9609091915749085,143393.0,11.0
851,2348.0,26.0,1.0,143394.0,11.0
852,2375.0,30.0,0.9683752986519838,143396.0,11.0
853,2149.0,33.0,0.9921384319040027,143398.0,11.0
854,2349.0,26.0,0.9884445996145,143401.0,11.0
855,2433.0,52.0,0.9629559404195327,143405.0,11.0
856,2402.0,31.0,0.9790539251132511,143406.0,11.0
857,2346.0,50.0,0.9910026204569453,143408.0,11.0
858,2386.0,52.0,0.9547175311373366,141363.0,11.0
859,2401.0,51.0,1.0,143411.0,11.0
860,2350.0,26.0,0.9950806443256741,143415.0,11.0
861,2308.0,29.0,1.0,143416.0,11.0
862,2269.0,55.0,0.9923175757323022,143419.0,11.0
863,2233.0,43.0,0.9721336099330506,143421.0,11.0
864,2343.0,41.0,0.9567847851283366,143428.0,11.0
865,2291.0,49.0,0.988740405687703,141383.0,11.0
866,2387.0,52.0,1.0,141387.0,11.0
867,2378.0,30.0,1.0,143435.0,11.0
868,2325.0,8.0,1.0,143437.0,11.0
869,2283.0,45.0,0.9584456989542668,141393.0,11.0
870,2317.0,29.0,1.0,143442.0,11.0
871,2163.0,44.0,0.9824484131635774,141402.0,11.0
872,2246.0,7.0,1.0,141403.0,11.0
873,2343.0,9.0,1.0,141404.0,11.0
874,2250.0,14.0,0.9728425305467211,143451.0,11.0
875,2258.0,47.0,1.0,141413.0,11.0
876,2490.0,21.0,1.0,141415.0,11.0
877,2303.0,12.0,0.9936299335136156,141419.0,11.0
878,2688.0,57.0,1.0,143476.0,11.0
879,2223.0,35.0,0.9678109108999651,141433.0,11.0
880,2281.0,34.0,1.0,143481.0,11.0
881,2440.0,22.0,0.9854343619328255,143488.0,11.0
882,2494.0,54.0,1.0,143489.0,11.0
883,2269.0,10.0,0.9676128685091323,143498.0,11.0
884,2345.0,41.0,1.0,143503.0,11.0
885,2365.0,48.0,1.0,143506.0,11.0
886,2346.0,41.0,1.0,143507.0,11.0
887,2295.0,49.0,0.9895811189044075,141465.0,11.0
888,2529.0,21.0,1.0,143514.0,11.0
889,2335.0,16.0,0.9914063499297638,143519.0,11.0
890,2230.0,42.0,1.0,141472.0,11.0
891,2510.0,23.0,1.0,143520.0,11.0
892,2390.0,6.0,1.0,143522.0,11.0
893,2247.0,7.0,1.0,141475.0,11.0
894,2530.0,21.0,1.0,143528.0,11.0
895,2355.0,26.0,0.9827700605109936,143530.0,11.0
896,2347.0,12.0,0.9906592237383343,143533.0,11.0
897,2357.0,46.0,0.9908282630211738,143534.0,11.0
898,2364.0,13.0,0.9928213934453255,143535.0,11.0
899,2350.0,50.0,0.9825179745113561,143539.0,11.0
900,2339.0,32.0,0.9607575661169305,143541.0,11.0
901,2348.0,12.0,0.9912310420412147,143542.0,11.0
902,2282.0,32.0,0.9686940558107391,141495.0,11.0
903,2340.0,32.0,0.9806929482413677,143546.0,11.0
904,2395.0,6.0,0.9759759056166583,143547.0,11.0
905,2297.0,49.0,0.9918891614561407,141501.0,11.0
906,2370.0,48.0,0.9695686603707814,143549.0,11.0
907,2415.0,38.0,0.9817985311349379,143551.0,11.0
908,2474.0,53.0,0.9684582666252052,143552.0,11.0
909,2352.0,50.0,0.9799893180325242,143554.0,11.0
910,2320.0,29.0,0.9947104506254059,143557.0,11.0
911,2403.0,9.0,1.0,143560.0,11.0
912,2233.0,44.0,0.98414062004009,143561.0,11.0
913,2093.0,33.0,0.9976550558042323,141514.0,11.0
914,2322.0,29.0,1.0,143563.0,11.0
915,2357.0,26.0,0.983482137079443,143566.0,11.0
916,2388.0,24.0,0.9765720659680904,143569.0,11.0
917,2349.0,12.0,0.9626577319647686,143571.0,11.0
918,2341.0,45.0,0.9893355802997353,143572.0,11.0
919,2227.0,35.0,0.9871852770720208,141528.0,11.0
920,2151.0,33.0,0.9936164225549488,143576.0,11.0
921,2323.0,29.0,0.9828124544861634,143578.0,11.0
922,2437.0,52.0,0.9892782918007916,143581.0,11.0
923,2280.0,16.0,0.9654408416196387,141534.0,11.0
924,2337.0,16.0,0.9516499493914458,143585.0,11.0
925,2471.0,39.0,0.96917529802375,143587.0,11.0
926,2472.0,39.0,0.9507888028680861,143588.0,11.0
927,2404.0,9.0,1.0,143589.0,11.0
928,2531.0,21.0,1.0,143598.0,11.0
929,2289.0,45.0,0.9806812335035511,141553.0,11.0
930,2400.0,28.0,1.0,143603.0,11.0
931,2383.0,30.0,0.9687295131044276,143609.0,11.0
932,2419.0,22.0,1.0,141565.0,11.0
933,2332.0,24.0,0.9514579718738286,141567.0,11.0
934,2444.0,22.0,1.0,143618.0,11.0
935,2443.0,22.0,1.0,143619.0,11.0
936,2196.0,14.0,1.0,141572.0,11.0
937,2324.0,25.0,0.9595439266220046,143622.0,11.0
938,2368.0,13.0,1.0,143623.0,11.0
939,2250.0,7.0,1.0,141596.0,11.0
940,2398.0,6.0,1.0,143647.0,11.0
941,2299.0,50.0,0.9860425324837359,141602.0,11.0
942,2321.0,25.0,0.963699175914284,143651.0,11.0
943,2100.0,33.0,0.9846851595931773,141612.0,11.0
944,2176.0,43.0,0.9733227211681396,141617.0,11.0
945,2359.0,26.0,0.9581441271096145,143667.0,11.0
946,2442.0,52.0,0.9728934086526078,143669.0,11.0
947,2370.0,13.0,0.9796723787935214,143670.0,11.0
948,2176.0,44.0,0.9549465718657615,141623.0,11.0
949,2317.0,47.0,0.9511840123182893,143674.0,11.0
950,2402.0,28.0,0.9719384332027277,143675.0,11.0
951,2326.0,29.0,0.9861200229046719,143677.0,11.0
952,2375.0,48.0,0.9772952113646358,143678.0,11.0
953,2404.0,51.0,0.9784319296429503,143687.0,11.0
954,2399.0,40.0,0.9505064379397301,143689.0,11.0
955,2326.0,17.0,0.9727290433765802,141642.0,11.0
956,2467.0,27.0,1.0,143691.0,11.0
957,2177.0,43.0,0.991339392034522,141644.0,11.0
958,2391.0,24.0,0.975149089873299,143692.0,11.0
959,2355.0,50.0,0.9852047061630652,143693.0,11.0
960,2280.0,10.0,0.991745913191643,143695.0,11.0
961,2392.0,24.0,0.9944511722463396,143696.0,11.0
962,2344.0,45.0,0.9791696917156172,143699.0,11.0
963,2445.0,22.0,1.0,143702.0,11.0
964,2328.0,25.0,1.0,143704.0,11.0
965,2278.0,35.0,0.9747179691481919,143706.0,11.0
966,2302.0,7.0,1.0,143708.0,11.0
967,2220.0,56.0,0.9903311179159252,143709.0,11.0
968,2681.0,4.0,1.0,143718.0,11.0
969,2376.0,13.0,0.9788588727905527,143720.0,11.0
970,2281.0,10.0,0.9772043030360353,143723.0,11.0
971,2502.0,19.0,0.9562704167408677,143725.0,11.0
972,2501.0,19.0,0.9508028374004149,143726.0,11.0
973,2494.0,21.0,1.0,141678.0,11.0
974,2263.0,47.0,1.0,141679.0,11.0
975,2420.0,27.0,1.0,141680.0,11.0
976,2399.0,6.0,1.0,143733.0,11.0
977,2401.0,40.0,0.9569525697952108,143735.0,11.0
978,2202.0,14.0,1.0,141692.0,11.0
979,2373.0,13.0,0.9650598126829479,143744.0,11.0
980,2475.0,39.0,1.0,143748.0,11.0
981,2359.0,9.0,1.0,141705.0,11.0
982,2513.0,23.0,1.0,143778.0,11.0
983,2355.0,41.0,1.0,143782.0,11.0
984,2357.0,41.0,1.0,143783.0,11.0
985,2473.0,39.0,0.9722291566181298,143784.0,11.0
986,2253.0,14.0,0.9631854347860949,143793.0,11.0
987,2396.0,30.0,0.965878340813932,143797.0,11.0
988,2283.0,10.0,0.9930789588017382,143798.0,11.0
989,2330.0,17.0,0.985038301586868,141751.0,11.0
990,2346.0,32.0,0.9600822188026198,143799.0,11.0
991,2397.0,24.0,0.9778592809640752,143806.0,11.0
992,2357.0,50.0,1.0,143809.0,11.0
993,2284.0,10.0,1.0,143811.0,11.0
994,2332.0,25.0,0.9762493670227161,143812.0,11.0
995,2319.0,47.0,0.9811837861647678,143813.0,11.0
996,2333.0,25.0,0.9847454134280104,143816.0,11.0
997,2404.0,28.0,0.9590083986545718,143817.0,11.0
998,2403.0,6.0,0.9760694404132733,143818.0,11.0
999,2478.0,39.0,0.9893497547658013,143820.0,11.0
1000,2404.0,6.0,0.9617865959810138,143822.0,11.0
1001,2221.0,56.0,0.9774747797120308,143824.0,11.0
1002,2408.0,31.0,1.0,143825.0,11.0
1003,2444.0,52.0,0.9815372202470233,143827.0,11.0
1004,2347.0,32.0,0.9873394811303822,143828.0,11.0
1005,2479.0,53.0,0.9618867454191657,143831.0,11.0
1006,2348.0,45.0,0.9939415747451764,143833.0,11.0
1007,2405.0,51.0,0.9918668909102832,143837.0,11.0
1008,2360.0,41.0,1.0,143845.0,11.0
1009,2535.0,21.0,1.0,143858.0,11.0
1010,2366.0,9.0,1.0,141822.0,11.0
1011,2340.0,24.0,1.0,141826.0,11.0
1012,2370.0,40.0,1.0,141828.0,11.0
1013,2533.0,21.0,1.0,143877.0,11.0
1014,2655.0,3.0,1.0,143885.0,11.0
1015,2312.0,12.0,0.9680835279074312,141844.0,11.0
1016,2447.0,52.0,0.9855573131502627,143893.0,11.0
1017,2188.0,43.0,0.9720934094332443,141847.0,11.0
1018,2289.0,10.0,0.9750962345476141,143898.0,11.0
1019,2514.0,23.0,0.9721283070337429,143901.0,11.0
1020,2495.0,23.0,1.0,141855.0,11.0
1021,2337.0,8.0,0.9601401419423765,143906.0,11.0
1022,2326.0,48.0,1.0,141860.0,11.0
1023,2485.0,37.0,0.9880151600930185,143908.0,11.0
1024,2448.0,52.0,0.9689624393669014,143911.0,11.0
1025,2341.0,25.0,0.9748815942857944,143913.0,11.0
1026,2383.0,48.0,1.0,143915.0,11.0
1027,2327.0,11.0,0.976534011383615,143918.0,11.0
1028,2481.0,53.0,0.9533074946404902,143919.0,11.0
1029,2362.0,50.0,0.9881573229848677,143921.0,11.0
1030,2379.0,13.0,0.97492991499337,143926.0,11.0
1031,2343.0,25.0,0.9671228567744775,143940.0,11.0
1032,2650.0,58.0,1.0,143946.0,11.0
1033,2408.0,40.0,1.0,143966.0,11.0
1034,2515.0,23.0,1.0,143967.0,11.0
1035,2341.0,16.0,0.9809262615174277,143968.0,11.0
1036,2329.0,11.0,0.9563090247320929,143972.0,11.0
1037,2363.0,50.0,0.9866265526239627,143975.0,11.0
1038,2383.0,13.0,0.9799312858473936,143976.0,11.0
1039,2402.0,30.0,0.9730423209258822,143979.0,11.0
1040,2243.0,34.0,0.9504444898900166,141934.0,11.0
1041,2406.0,28.0,0.963448684409554,143983.0,11.0
1042,2449.0,52.0,0.9815030575863967,143984.0,11.0
1043,2385.0,13.0,0.9818654712257308,143986.0,11.0
1044,2301.0,45.0,0.9796734476125029,141953.0,11.0
1045,2404.0,30.0,0.9673915117782763,144011.0,11.0
1046,2492.0,20.0,0.9625169449835425,144018.0,11.0
1047,2190.0,44.0,0.9889274688023679,141972.0,11.0
1048,2301.0,50.0,1.0,141975.0,11.0
1049,2349.0,25.0,1.0,144025.0,11.0
1050,2246.0,42.0,1.0,141980.0,11.0
1051,2400.0,24.0,0.9549661226728304,144028.0,11.0
1052,2352.0,28.0,1.0,141982.0,11.0
1053,2411.0,6.0,0.9843472732922741,144031.0,11.0
1054,2358.0,51.0,0.9689147017175974,141984.0,11.0
1055,2372.0,9.0,1.0,141986.0,11.0
1056,2399.0,24.0,0.964304635090785,144041.0,11.0
1057,2344.0,8.0,0.9953497211862874,144045.0,11.0
1058,2299.0,10.0,0.9616960706300183,144049.0,11.0
1059,2192.0,44.0,0.9622246980802525,142012.0,11.0
1060,2279.0,35.0,0.9614337727478464,144060.0,11.0
1061,2450.0,52.0,0.9535183166155168,144061.0,11.0
1062,2406.0,30.0,0.9649252070592736,144066.0,11.0
1063,2345.0,8.0,1.0,144072.0,11.0
1064,2369.0,41.0,0.9631663344567056,144073.0,11.0
1065,2451.0,22.0,1.0,144078.0,11.0
1066,2414.0,40.0,1.0,144079.0,11.0
1067,2417.0,6.0,1.0,144083.0,11.0
1068,2346.0,8.0,1.0,144087.0,11.0
1069,2194.0,44.0,0.9650368469301909,142048.0,11.0
1070,2379.0,51.0,1.0,142560.0,11.0
1071,2381.0,51.0,0.9637957375862461,142562.0,11.0
1072,2512.0,23.0,1.0,143591.0,11.0
1073,2376.0,31.0,1.0,142570.0,11.0
1074,2320.0,45.0,0.971557741863398,142580.0,11.0
1075,2231.0,35.0,0.9832603944300479,141558.0,11.0
1076,2385.0,30.0,1.0,143607.0,11.0
1077,2319.0,45.0,0.9598979952935898,142588.0,11.0
1078,2380.0,30.0,0.9552093132320167,143612.0,11.0
1079,2121.0,33.0,0.9939752800501187,142078.0,11.0
1080,2382.0,24.0,0.9633318639939658,143103.0,11.0
1081,2300.0,29.0,1.0,143104.0,11.0
1082,2246.0,34.0,1.0,142081.0,11.0
1083,2487.0,53.0,1.0,144129.0,11.0
1084,2331.0,24.0,0.9693156903989597,141571.0,11.0
1085,2278.0,10.0,1.0,143625.0,11.0
1086,2389.0,9.0,1.0,142602.0,11.0
1087,2390.0,48.0,0.9585011206969876,144139.0,11.0
1088,2390.0,9.0,1.0,142603.0,11.0
1089,2358.0,48.0,1.0,143118.0,11.0
1090,2315.0,48.0,1.0,141582.0,11.0
1091,2421.0,6.0,0.9798833676568789,144145.0,11.0
1092,2256.0,35.0,1.0,142612.0,11.0
1093,2336.0,41.0,0.975869652780794,143128.0,11.0
1094,2341.0,26.0,1.0,143129.0,11.0
1095,2423.0,52.0,1.0,143130.0,11.0
1096,2350.0,41.0,0.9728783867571389,143642.0,11.0
1097,2351.0,12.0,0.9640541618716579,143649.0,11.0
1098,2307.0,45.0,0.9570880183028243,142117.0,11.0
1099,2401.0,13.0,1.0,144167.0,11.0
1100,2292.0,7.0,0.9512677323686399,143147.0,11.0
1101,2330.0,50.0,0.9790602263635051,143148.0,11.0
1102,2423.0,6.0,1.0,144176.0,11.0
1103,2407.0,30.0,0.9624379595610372,144178.0,11.0
1104,2334.0,45.0,0.9650716362555226,143154.0,11.0
1105,2710.0,5.0,1.0,143156.0,11.0
1106,2270.0,11.0,0.991049098792663,142135.0,11.0
1107,2308.0,12.0,0.9799828601605554,141631.0,11.0
1108,2354.0,17.0,0.9796460683973099,142660.0,11.0
1109,2276.0,34.0,0.9659012124734339,143172.0,11.0
1110,2445.0,53.0,1.0,142150.0,11.0
1111,2358.0,28.0,0.9819915638413329,142153.0,11.0
1112,2306.0,49.0,0.9899753885208934,141641.0,11.0
1113,2356.0,28.0,1.0,142156.0,11.0
1114,2263.0,17.0,1.0,141133.0,11.0
1115,2293.0,32.0,0.9711526789240581,142159.0,11.0
1116,2451.0,27.0,1.0,143188.0,11.0
1117,2234.0,14.0,0.9721509381899235,143189.0,11.0
1118,2134.0,33.0,0.9899149126199424,142678.0,11.0
1119,2278.0,29.0,1.0,142168.0,11.0
1120,2328.0,17.0,0.9503922625187691,141657.0,11.0
1121,2279.0,29.0,1.0,142173.0,11.0
1122,2319.0,12.0,0.9648825829128608,142179.0,11.0
1123,2346.0,51.0,1.0,141668.0,11.0
1124,2362.0,51.0,0.9593857715130086,142182.0,11.0
1125,2237.0,42.0,1.0,141672.0,11.0
1126,2424.0,22.0,1.0,142185.0,11.0
1127,2309.0,12.0,0.9689680373879929,141673.0,11.0
1128,2081.0,33.0,0.9853584447569239,141166.0,11.0
1129,2324.0,26.0,0.9627448057015096,142706.0,11.0
1130,2296.0,8.0,0.9783271519634467,142195.0,11.0
1131,2295.0,8.0,1.0,142196.0,11.0
1132,2353.0,24.0,1.0,142197.0,11.0
1133,2214.0,43.0,0.9695756202909319,142709.0,11.0
1134,2148.0,33.0,0.9940288489262216,143218.0,11.0
1135,2410.0,13.0,1.0,144248.0,11.0
1136,2235.0,35.0,0.9690319688499174,141682.0,11.0
1137,2347.0,28.0,1.0,141684.0,11.0
1138,2373.0,40.0,1.0,142203.0,11.0
1139,2310.0,12.0,0.9685307244443658,141687.0,11.0
1140,2199.0,14.0,0.9813264478481417,141690.0,11.0
1141,2501.0,23.0,1.0,142718.0,11.0
1142,2201.0,14.0,1.0,141691.0,11.0
1143,2280.0,49.0,0.9753642821713063,141184.0,11.0
1144,2287.0,8.0,1.0,141694.0,11.0
1145,2265.0,47.0,1.0,141697.0,11.0
1146,2265.0,35.0,0.9870658425086363,142725.0,11.0
1147,2476.0,53.0,0.9854655919832124,143751.0,11.0
1148,2332.0,8.0,1.0,143755.0,11.0
1149,2443.0,52.0,1.0,143757.0,11.0
1150,2393.0,30.0,0.9502240306718929,143759.0,11.0
1151,2338.0,50.0,0.9592635036977775,143248.0,11.0
1152,2299.0,16.0,0.9791690239903149,142226.0,11.0
1153,2253.0,35.0,0.9673237133754706,142229.0,11.0
1154,2358.0,41.0,1.0,143765.0,11.0
1155,2264.0,47.0,1.0,141718.0,11.0
1156,2314.0,46.0,0.9521094445923048,141719.0,11.0
1157,2399.0,9.0,1.0,143258.0,11.0
1158,2446.0,22.0,1.0,143774.0,11.0
1159,2314.0,32.0,0.9622218878378666,142754.0,11.0
1160,2258.0,16.0,0.9770987385039277,141218.0,11.0
1161,2471.0,27.0,1.0,143780.0,11.0
1162,2224.0,14.0,1.0,142757.0,11.0
1163,2283.0,17.0,0.959900323359328,141224.0,11.0
1164,2377.0,6.0,1.0,142763.0,11.0
1165,2399.0,51.0,1.0,143276.0,11.0
1166,2331.0,25.0,1.0,143789.0,11.0
1167,2514.0,21.0,1.0,142768.0,11.0
1168,2307.0,11.0,1.0,143283.0,11.0
1169,2390.0,40.0,1.0,143284.0,11.0
1170,2244.0,14.0,0.9697692970553777,143288.0,11.0
1171,2341.0,46.0,1.0,142779.0,11.0
1172,2345.0,17.0,0.977358450698676,142269.0,11.0
1173,2339.0,49.0,0.9856616529172054,142272.0,11.0
1174,2200.0,43.0,0.9912524161368457,142279.0,11.0
1175,2339.0,41.0,1.0,143304.0,11.0
1176,2286.0,16.0,0.9734150042974402,141767.0,11.0
1177,2160.0,44.0,0.9804587294873641,141258.0,11.0
1178,2234.0,34.0,0.9720454462880248,141259.0,11.0
1179,2256.0,10.0,1.0,142798.0,11.0
1180,2395.0,28.0,1.0,143312.0,11.0
1181,2358.0,50.0,0.9755979873456154,143826.0,11.0
1182,2400.0,31.0,0.9528567790918212,143320.0,11.0
1183,2337.0,9.0,1.0,141283.0,11.0
1184,2339.0,12.0,1.0,143331.0,11.0
1185,2360.0,24.0,0.95025708268824,142310.0,11.0
1186,2292.0,46.0,1.0,141288.0,11.0
1187,2218.0,42.0,1.0,141289.0,11.0
1188,2345.0,26.0,0.9519266225328121,143336.0,11.0
1189,2332.0,32.0,1.0,143337.0,11.0
1190,2323.0,11.0,0.9540339839766583,143849.0,11.0
1191,2287.0,10.0,0.9658013592862297,143853.0,11.0
1192,2270.0,47.0,1.0,141808.0,11.0
1193,2344.0,26.0,0.955233831845889,143345.0,11.0
1194,2315.0,41.0,1.0,142323.0,11.0
1195,2357.0,13.0,0.9780115166394655,143348.0,11.0
1196,2340.0,13.0,1.0,141817.0,11.0
1197,2296.0,17.0,0.9798329913361205,141306.0,11.0
1198,2086.0,33.0,0.9946626854286357,141308.0,11.0
1199,2480.0,53.0,1.0,143870.0,11.0
1200,2447.0,22.0,1.0,143871.0,11.0
1201,2405.0,52.0,1.0,142336.0,11.0
1202,2206.0,14.0,0.9704547098944879,141829.0,11.0
1203,2379.0,48.0,0.9679761129862321,143878.0,11.0
1204,2409.0,31.0,1.0,143879.0,11.0
1205,2338.0,25.0,1.0,143880.0,11.0
1206,2247.0,10.0,1.0,142345.0,11.0
1207,2365.0,28.0,1.0,142349.0,11.0
1208,2445.0,52.0,1.0,143886.0,11.0
1209,2375.0,40.0,1.0,142351.0,11.0
1210,2256.0,7.0,1.0,141839.0,11.0
1211,2087.0,33.0,0.997458829951758,141331.0,11.0
1212,2319.0,46.0,1.0,141845.0,11.0
1213,2327.0,24.0,1.0,141335.0,11.0
1214,2268.0,29.0,1.0,141850.0,11.0
1215,2503.0,21.0,1.0,142365.0,11.0
1216,2505.0,21.0,1.0,142367.0,11.0
1217,2369.0,40.0,0.97858599932426,141859.0,11.0
1218,2361.0,50.0,0.9685443246927908,143910.0,11.0
1219,2309.0,50.0,0.970820029117334,142376.0,11.0
1220,2245.0,7.0,1.0,141353.0,11.0
1221,2276.0,11.0,0.9576208694262416,142382.0,11.0
1222,2288.0,49.0,0.9865327418139526,141362.0,11.0
1223,2319.0,49.0,0.9671008418689166,141875.0,11.0
1224,2270.0,34.0,1.0,142904.0,11.0
1225,2202.0,43.0,0.9770037177344293,142396.0,11.0
1226,2480.0,39.0,0.9717711712735225,143932.0,11.0
1227,2168.0,43.0,0.966877588854842,141376.0,11.0
1228,2304.0,25.0,0.9537137082507454,142916.0,11.0
1229,2433.0,22.0,1.0,142917.0,11.0
1230,2463.0,27.0,0.9748798669985527,143431.0,11.0
1231,2348.0,50.0,0.9795263992801047,143432.0,11.0
1232,2376.0,24.0,1.0,142921.0,11.0
1233,2237.0,34.0,1.0,141386.0,11.0
1234,2341.0,8.0,1.0,143945.0,11.0
1235,2456.0,39.0,1.0,142924.0,11.0
1236,2397.0,9.0,1.0,142925.0,11.0
1237,2382.0,13.0,1.0,143949.0,11.0
1238,2284.0,42.0,1.0,143951.0,11.0
1239,2257.0,47.0,0.9613112082075318,141392.0,11.0
1240,2363.0,30.0,1.0,142929.0,11.0
1241,2390.0,51.0,0.9687943124051392,142930.0,11.0
1242,2301.0,46.0,0.9629177851770799,141395.0,11.0
1243,2481.0,39.0,1.0,143958.0,11.0
1244,2322.0,32.0,0.9646723551132987,142936.0,11.0
1245,2380.0,6.0,1.0,142938.0,11.0
1246,2204.0,43.0,1.0,142427.0,11.0
1247,2401.0,30.0,0.9598341111578516,143962.0,11.0
1248,2282.0,7.0,1.0,142942.0,11.0
1249,2448.0,27.0,1.0,142957.0,11.0
1250,2169.0,43.0,0.9682569481757155,141423.0,11.0
1251,2436.0,52.0,1.0,143474.0,11.0
1252,2405.0,31.0,1.0,143478.0,11.0
1253,2518.0,21.0,0.9661156343623942,142972.0,11.0
1254,2484.0,53.0,1.0,143999.0,11.0
1255,2349.0,46.0,1.0,142984.0,11.0
1256,2284.0,45.0,0.9836694778216087,141449.0,11.0
1257,2445.0,27.0,1.0,142986.0,11.0
1258,2379.0,30.0,0.9636177566928104,143497.0,11.0
1259,2371.0,40.0,1.0,141960.0,11.0
1260,2429.0,39.0,1.0,141964.0,11.0
1261,2348.0,25.0,0.9591051652654163,144012.0,11.0
1262,2319.0,25.0,1.0,143504.0,11.0
1263,2308.0,17.0,0.9603805388112784,141458.0,11.0
1264,2292.0,8.0,1.0,141971.0,11.0
1265,2385.0,28.0,1.0,142996.0,11.0
1266,2467.0,39.0,1.0,143511.0,11.0
1267,2247.0,42.0,1.0,141979.0,11.0
1268,2362.0,13.0,1.0,143516.0,11.0
1269,2319.0,16.0,1.0,143005.0,11.0
1270,2485.0,53.0,1.0,144029.0,11.0
1271,2320.0,16.0,0.9782906195192808,143007.0,11.0
1272,2271.0,29.0,0.9722692344721299,141988.0,11.0
1273,2270.0,29.0,1.0,141989.0,11.0
1274,2275.0,10.0,0.959208267136888,143527.0,11.0
1275,2349.0,32.0,0.9514854464244269,144040.0,11.0
1276,2294.0,26.0,1.0,141483.0,11.0
1277,2259.0,47.0,0.9679084631130799,141484.0,11.0
1278,2260.0,47.0,1.0,141485.0,11.0
1279,2265.0,11.0,0.9605260352593444,142001.0,11.0
1280,2274.0,7.0,1.0,142515.0,11.0
1281,2189.0,44.0,0.9929092258951066,142007.0,11.0
1282,2187.0,44.0,0.9630371267532872,142010.0,11.0
1283,2170.0,44.0,0.9886403291336616,141502.0,11.0
1284,2372.0,6.0,1.0,142530.0,11.0
1285,2312.0,50.0,0.972655683133635,142537.0,11.0
1286,2352.0,25.0,1.0,144074.0,11.0
1287,2398.0,52.0,1.0,142027.0,11.0
1288,2520.0,23.0,1.0,144076.0,11.0
1289,2359.0,31.0,1.0,142032.0,11.0
1290,2252.0,10.0,0.9737213043535322,142546.0,11.0
1291,2372.0,48.0,1.0,143570.0,11.0
1292,2301.0,49.0,0.9802204806436632,141524.0,11.0
1293,2429.0,27.0,1.0,142550.0,11.0
1294,2265.0,42.0,0.9619525053404515,142555.0,11.0
1295,2469.0,39.0,1.0,143592.0,11.0
1296,2318.0,41.0,0.9728530833109456,142574.0,11.0
1297,2342.0,45.0,0.959151794109541,143600.0,11.0
1298,2401.0,28.0,1.0,143602.0,11.0
1299,2311.0,46.0,1.0,141555.0,11.0
1300,2306.0,12.0,0.9816724320923331,141563.0,11.0
1301,2274.0,42.0,0.9810359134069108,143100.0,11.0
1302,2402.0,51.0,0.9700189924827851,143614.0,11.0
1303,2470.0,39.0,1.0,143617.0,11.0
1304,2398.0,13.0,0.962050188054394,144131.0,11.0
1305,2441.0,22.0,1.0,143621.0,11.0
1306,2261.0,47.0,0.9817743526108552,141576.0,11.0
1307,2361.0,40.0,1.0,141577.0,11.0
1308,2362.0,40.0,1.0,141579.0,11.0
1309,2365.0,24.0,1.0,142605.0,11.0
1310,2475.0,53.0,0.972383029281607,143629.0,11.0
1311,2510.0,21.0,1.0,142607.0,11.0
1312,2316.0,48.0,1.0,141583.0,11.0
1313,2323.0,25.0,1.0,143633.0,11.0
1314,2440.0,52.0,1.0,143637.0,11.0
1315,2399.0,28.0,0.9795909037388314,143643.0,11.0
1316,2525.0,21.0,1.0,143138.0,11.0
1317,2425.0,52.0,0.9679399241165486,143143.0,11.0
1318,2367.0,31.0,1.0,142120.0,11.0
1319,2307.0,47.0,0.9592375106521616,143145.0,11.0
1320,2198.0,44.0,1.0,142127.0,11.0
1321,2468.0,53.0,1.0,143153.0,11.0
1322,2343.0,16.0,0.9635600252410158,144200.0,11.0
1323,2452.0,27.0,0.9733338215123147,143186.0,11.0
1324,2376.0,50.0,1.0,144219.0,11.0
1325,2329.0,17.0,0.9841954277492809,141666.0,11.0
1326,2240.0,34.0,0.9774891722725542,141671.0,11.0
1327,2334.0,8.0,1.0,143721.0,11.0
1328,2282.0,10.0,0.9802159054615306,143724.0,11.0
1329,2356.0,50.0,0.9681287938881147,143740.0,11.0
1330,2290.0,45.0,0.9721998658804102,141698.0,11.0
1331,2153.0,33.0,0.9862666422573637,143747.0,11.0
1332,2473.0,27.0,0.9637202253892448,143750.0,11.0
1333,2300.0,26.0,0.9621159560640615,141711.0,11.0
1334,2390.0,30.0,1.0,143764.0,11.0
1335,2343.0,32.0,1.0,143766.0,11.0
1336,2359.0,30.0,0.9758884068475345,142744.0,11.0
1337,2336.0,12.0,0.9695223409815285,143257.0,11.0
1338,2236.0,35.0,0.9621389354021239,141720.0,11.0
1339,2239.0,43.0,0.974227937272203,143776.0,11.0
1340,2127.0,33.0,0.9821021480831721,142242.0,11.0
1341,2334.0,32.0,1.0,143269.0,11.0
1342,2320.0,8.0,1.0,143282.0,11.0
1343,2373.0,24.0,1.0,142800.0,11.0
1344,2291.0,17.0,0.9875723483821631,141266.0,11.0
1345,2321.0,26.0,1.0,142803.0,11.0
1346,2184.0,43.0,0.9768111111898239,141782.0,11.0
1347,2395.0,9.0,1.0,142808.0,11.0
1348,2330.0,16.0,0.9523503647309103,143323.0,11.0
1349,2277.0,42.0,0.9535682668135221,143328.0,11.0
1350,2410.0,31.0,1.0,143840.0,11.0
1351,2305.0,16.0,0.9719997499279852,142306.0,11.0
1352,2300.0,12.0,0.9743227720283172,141290.0,11.0
1353,2217.0,35.0,1.0,141291.0,11.0
1354,2216.0,35.0,1.0,141292.0,11.0
1355,2312.0,25.0,0.9733550202382937,143339.0,11.0
1356,2216.0,43.0,1.0,142833.0,11.0
1357,2255.0,14.0,1.0,143860.0,11.0
1358,2250.0,10.0,0.9741915861260791,142332.0,11.0
1359,2310.0,41.0,1.0,141838.0,11.0
1360,2336.0,48.0,1.0,142354.0,11.0
1361,2298.0,32.0,1.0,142361.0,11.0
1362,2355.0,49.0,0.9806290688278567,143386.0,11.0
1363,2265.0,29.0,1.0,141344.0,11.0
1364,2338.0,9.0,0.9628161873058761,141347.0,11.0
1365,2311.0,26.0,0.9603109320594404,142378.0,11.0
1366,2207.0,44.0,0.9660143706658166,142387.0,11.0
1367,2328.0,11.0,0.9657019273406008,143936.0,11.0
1368,2268.0,7.0,1.0,142407.0,11.0
1369,2394.0,6.0,0.9797423285339484,143433.0,11.0
1370,2516.0,23.0,1.0,143954.0,11.0
1371,2312.0,11.0,0.9908075961281311,143467.0,11.0
1372,2341.0,51.0,0.9566404115980696,141421.0,11.0
1373,2351.0,17.0,1.0,142457.0,11.0
1374,2331.0,45.0,0.9648531064987637,142971.0,11.0
1375,2356.0,31.0,1.0,141952.0,11.0
1376,2332.0,11.0,1.0,144002.0,11.0
1377,2293.0,49.0,0.9723306224655787,141453.0,11.0
1378,2315.0,29.0,1.0,143501.0,11.0
1379,2367.0,50.0,0.9762906560586849,144019.0,11.0
1380,2304.0,46.0,0.9503730335864359,141469.0,11.0
1381,2296.0,34.0,0.9883237091376504,144036.0,11.0
1382,2414.0,6.0,0.9541637294923546,144039.0,11.0
1383,2211.0,14.0,1.0,141998.0,11.0
1384,2344.0,13.0,0.9785512493083233,142511.0,11.0
1385,2168.0,44.0,0.9692058758214773,141496.0,11.0
1386,2344.0,48.0,1.0,142521.0,11.0
1387,2260.0,7.0,0.9784578564020493,142019.0,11.0
1388,2244.0,34.0,0.9723798048128978,142024.0,11.0
1389,2117.0,33.0,0.9971100538094255,142045.0,11.0
1390,2331.0,49.0,0.9931902013138594,142046.0,11.0
1391,2408.0,51.0,0.9870174658676757,144099.0,11.0
1392,2345.0,25.0,0.994398974386196,143978.0,11.0
1393,2418.0,6.0,0.993709726669527,144108.0,11.0
1394,2409.0,40.0,0.983712239525561,143980.0,11.0
1395,2384.0,13.0,0.9949767887650567,143981.0,11.0
1396,2368.0,12.0,0.9961731074574592,144114.0,11.0
1397,2419.0,6.0,0.9864703826391775,144119.0,11.0
1398,2271.0,55.0,1.0,143991.0,11.0
1399,2340.0,50.0,0.9790524673048641,143357.0,11.0
1400,2222.0,56.0,0.9579705137598149,144125.0,11.0
1401,2307.0,29.0,0.9931412874058154,143358.0,11.0
1402,2365.0,41.0,0.9921031518978793,143997.0,11.0
1403,2493.0,54.0,0.9714619741632411,143371.0,11.0
1404,2371.0,30.0,0.9951751797289363,143246.0,11.0
1405,2388.0,40.0,0.9853892648037037,143253.0,11.0
1406,2438.0,52.0,0.9633629330767152,143639.0,11.0
1407,2388.0,6.0,0.9900683854397628,143384.0,11.0
1408,2245.0,14.0,0.9946119047017161,143385.0,11.0
1409,2361.0,25.0,0.9906900385053207,144153.0,11.0
1410,2434.0,52.0,1.0,143513.0,11.0
1411,2349.0,45.0,0.9938031039237389,143896.0,11.0
1412,2400.0,13.0,0.9859408306775095,144157.0,11.0
1413,2337.0,29.0,0.9944423258831538,143903.0,11.0
1414,2310.0,11.0,0.9915051089980318,143392.0,11.0
1415,2472.0,53.0,0.9825463542000419,143521.0,11.0
1416,2360.0,50.0,0.9868056753530062,143905.0,11.0
1417,2451.0,52.0,0.9525356071130889,144165.0,11.0
1418,2339.0,45.0,0.9979181996008305,143397.0,11.0
1419,2326.0,11.0,0.9893672099174915,143909.0,11.0
1420,2272.0,55.0,0.9959222237659224,144046.0,11.0
1421,2356.0,49.0,0.9878565999825051,143407.0,11.0
1422,2354.0,12.0,0.984846707138521,143666.0,11.0
1423,2401.0,6.0,0.9928004537201729,143796.0,11.0
1424,2152.0,33.0,0.9919521025795784,143671.0,11.0
1425,2476.0,39.0,0.9930812330419899,143800.0,11.0
1426,2327.0,25.0,0.9918026827877683,143679.0,11.0
1427,2392.0,40.0,0.9957542261306509,143424.0,11.0
1428,2371.0,13.0,0.9924492821735804,143680.0,11.0
1429,2300.0,34.0,0.9905569660617295,144063.0,11.0
1430,2287.0,34.0,0.9926842118200734,143556.0,11.0
1431,2278.0,34.0,0.9910471491516386,143301.0,11.0
1432,2327.0,29.0,0.9950960473720518,143684.0,11.0
1433,2388.0,30.0,0.9965180673326935,143685.0,11.0
1434,2449.0,22.0,1.0,144068.0,11.0
1435,2503.0,19.0,1.0,144070.0,11.0
1436,2321.0,29.0,0.9854788660812164,143562.0,11.0
1437,2270.0,55.0,0.9894523854417542,143690.0,11.0
1438,2406.0,31.0,0.992958888606175,143567.0,11.0
1439,2393.0,24.0,0.9875387871296061,143697.0,11.0
1440,2352.0,41.0,0.983500963007124,143700.0,11.0
1441,2348.0,32.0,0.9949589264887909,143830.0,11.0
1442,2327.0,8.0,0.995315680230219,143580.0,11.0
1443,2195.0,44.0,0.994849125648166,142054.0,11.0
1444,2264.0,15.0,0.9895490415363976,142058.0,11.0
1445,2265.0,15.0,0.991141910819287,142059.0,11.0
1446,2372.0,50.0,0.9860702030708168,144109.0,11.0
1447,2395.0,13.0,0.9899222970595085,144115.0,11.0
1448,2303.0,10.0,0.9946795964776064,144117.0,11.0
1449,2212.0,14.0,0.993733599463866,142070.0,11.0
1450,2396.0,13.0,0.961983229374296,144120.0,11.0
1451,2344.0,30.0,0.9930472445246012,142076.0,11.0
1452,2364.0,31.0,0.997722076922613,142085.0,11.0
1453,2365.0,31.0,0.9866418425826725,142092.0,11.0
1454,2399.0,13.0,0.9678326676530666,144154.0,11.0
1455,2484.0,27.0,0.985108503693241,144155.0,11.0
1456,2366.0,31.0,0.9914083229633524,142110.0,11.0
1457,2351.0,45.0,0.9928173217787273,144162.0,11.0
1458,2328.0,46.0,0.9901507666531433,142123.0,11.0
1459,2252.0,35.0,0.9764382280500185,142128.0,11.0
1460,2251.0,35.0,0.9762950438780623,142129.0,11.0
1461,2311.0,10.0,0.9890774834658332,144180.0,11.0
1462,2425.0,6.0,0.9966327723636367,144182.0,11.0
1463,2375.0,50.0,0.9941166209231773,144183.0,11.0
1464,2485.0,27.0,1.0,144186.0,11.0
1465,2444.0,53.0,0.9661078022157041,142140.0,11.0
1466,2312.0,10.0,0.991987623660273,144188.0,11.0
1467,2426.0,6.0,0.9979754250503825,144190.0,11.0
1468,2213.0,14.0,0.9897986621975335,142148.0,11.0
1469,2309.0,26.0,0.9917273192599472,142151.0,11.0
1470,2406.0,13.0,0.9849374798597491,144202.0,11.0
1471,2200.0,44.0,0.9920694156346723,142162.0,11.0
1472,2292.0,32.0,0.964301577449858,142164.0,11.0
1473,2368.0,25.0,0.997022915903662,144214.0,11.0
1474,2366.0,6.0,0.9581307309213791,142171.0,11.0
1475,2342.0,13.0,0.9792630294688133,142172.0,11.0
1476,2363.0,51.0,0.97217034260794,142183.0,11.0
1477,2304.0,34.0,0.9847147938018309,144231.0,11.0
1478,2124.0,33.0,0.9969140747983819,142205.0,11.0
1479,2125.0,33.0,0.9662253543250537,142206.0,11.0
1480,2356.0,24.0,0.9943333927677894,142214.0,11.0
1481,2384.0,9.0,0.9939921053798779,142231.0,11.0
1482,2321.0,12.0,0.9956448311583967,142233.0,11.0
1483,2366.0,51.0,0.9841484039143765,142236.0,11.0
1484,2310.0,26.0,0.996841275990362,142268.0,11.0
1485,2265.0,7.0,0.9853687693398482,142270.0,11.0
1486,2362.0,28.0,0.9871825560282409,142273.0,11.0
1487,2340.0,49.0,0.9853100520305889,142274.0,11.0
1488,2273.0,11.0,0.9950421126677285,142278.0,11.0
1489,2278.0,47.0,0.9877438860740269,142281.0,11.0
1490,2256.0,42.0,0.9901193357156226,142283.0,11.0
1491,2279.0,47.0,0.9868607358641204,142287.0,11.0
1492,2346.0,17.0,1.0,142294.0,11.0
1493,2266.0,7.0,0.9884387883090908,142300.0,11.0
1494,2246.0,10.0,0.9894011043019544,142305.0,11.0
1495,2314.0,41.0,0.9731024473173245,142317.0,11.0
1496,2312.0,26.0,0.9842339757004506,142377.0,11.0
1497,2201.0,43.0,0.9885779131870984,142384.0,11.0
1498,2313.0,41.0,0.9734627359916098,142409.0,11.0
1499,2210.0,44.0,0.9937459814227396,142414.0,11.0
1500,2332.0,46.0,0.9856972499777227,142415.0,11.0
1501,2348.0,30.0,0.9892333968323502,142422.0,11.0
1502,2211.0,44.0,0.9860823703402709,142426.0,11.0
1503,2317.0,26.0,0.9967047764383206,142432.0,11.0
1504,2278.0,11.0,0.991885495875817,142433.0,11.0
1505,2369.0,28.0,0.9818736370002322,142442.0,11.0
1506,2273.0,7.0,0.9788675002553878,142443.0,11.0
1507,2318.0,26.0,0.9910466193360745,142447.0,11.0
1508,2286.0,47.0,0.9895875341013702,142448.0,11.0
1509,2339.0,48.0,0.9978802780528259,142453.0,11.0
1510,2274.0,15.0,0.9976519313451515,142455.0,11.0
1511,2280.0,11.0,0.9910676384799055,142466.0,11.0
1512,2325.0,12.0,0.9959328594398322,142468.0,11.0
1513,2302.0,8.0,0.9777670280291061,142473.0,11.0
1514,2219.0,14.0,0.9896358594447834,142474.0,11.0
1515,2340.0,48.0,0.9898974862844839,142477.0,11.0
1516,2316.0,41.0,1.0,142483.0,11.0
1517,2276.0,15.0,0.9949581725512645,142489.0,11.0
1518,2444.0,39.0,0.9914493845840545,142490.0,11.0
1519,2302.0,32.0,0.9938997110374456,142493.0,11.0
1520,2352.0,17.0,0.9923516295244164,142498.0,11.0
1521,2263.0,42.0,0.9944784065744133,142499.0,11.0
1522,2303.0,32.0,0.9932425132126038,142500.0,11.0
1523,2288.0,47.0,0.9965902861745982,142524.0,11.0
1524,2380.0,51.0,0.9893216210728355,142525.0,11.0
1525,2132.0,33.0,0.9721222813886488,142531.0,11.0
1526,2327.0,12.0,0.9927687680284896,142547.0,11.0
1527,2305.0,8.0,0.9537247629504937,142572.0,11.0
1528,2261.0,34.0,0.989194195278653,142573.0,11.0
1529,2382.0,51.0,0.9732718217157841,142633.0,11.0
1530,2208.0,43.0,0.9875440655095775,142636.0,11.0
1531,2340.0,46.0,0.9745580874732682,142641.0,11.0
1532,2220.0,44.0,0.9961074367235947,142651.0,11.0
1533,2222.0,44.0,0.9966876074225814,142668.0,11.0
1534,2323.0,45.0,0.9984053516355011,142672.0,11.0
1535,2369.0,24.0,0.9972507183476055,142674.0,11.0
1536,2296.0,47.0,0.9936128076161512,142684.0,11.0
1537,2311.0,32.0,0.990251745536886,142692.0,11.0
1538,2376.0,28.0,0.9968986733084088,142693.0,11.0
1539,2356.0,17.0,0.9884250003294929,142703.0,11.0
1540,2381.0,31.0,0.9912962494285611,142717.0,11.0
1541,2327.0,45.0,0.9700464881887726,142724.0,11.0
1542,2316.0,50.0,0.9956338125880068,142733.0,11.0
1543,2326.0,45.0,0.989321033821922,142739.0,11.0
1544,2312.0,32.0,0.9691056499931009,142745.0,11.0
1545,2370.0,24.0,0.9874378713526182,142765.0,11.0
1546,2457.0,53.0,0.9505034570326526,142774.0,11.0
1547,2415.0,52.0,0.9579940279769189,142775.0,11.0
1548,2416.0,52.0,0.9522382392545906,142784.0,11.0
1549,2347.0,49.0,0.9954799541601755,142817.0,11.0
1550,2136.0,33.0,0.9962990417920821,142839.0,11.0
1551,2418.0,52.0,0.9825860339968429,142845.0,11.0
1552,2347.0,46.0,0.9901312896490193,142864.0,11.0
1553,2330.0,45.0,0.9953251607852885,142868.0,11.0
1554,2280.0,7.0,0.993492309407233,142869.0,11.0
1555,2259.0,10.0,0.9983110055363174,142870.0,11.0
1556,2321.0,50.0,0.9931964436392731,142874.0,11.0
1557,2260.0,10.0,0.9952578299801921,142875.0,11.0
1558,2352.0,48.0,0.9883855834598211,142890.0,11.0
1559,2348.0,46.0,0.988242860608553,142909.0,11.0
1560,2386.0,31.0,0.9890394580703533,142911.0,11.0
1561,2294.0,11.0,0.9879124996037886,142912.0,11.0
1562,2396.0,9.0,0.9925353151688804,142913.0,11.0
1563,2389.0,51.0,0.9813047530790601,142914.0,11.0
1564,2283.0,7.0,0.9748739062283656,142943.0,11.0
1565,2393.0,51.0,1.0,142952.0,11.0
1566,2443.0,27.0,0.9558948998934845,142968.0,11.0
1567,2441.0,27.0,0.9736217999250804,142973.0,11.0
1568,2446.0,27.0,0.9584941801250613,142975.0,11.0
1569,2444.0,27.0,0.9668795534678902,142985.0,11.0
1570,2351.0,13.0,0.9652613948999896,142990.0,11.0
1571,2422.0,52.0,0.9556255130679936,142991.0,11.0
1572,2293.0,29.0,0.9918845849867044,142997.0,11.0
1573,2351.0,46.0,0.9930895424887807,143010.0,11.0
1574,2295.0,29.0,0.9886247587171452,143013.0,11.0
1575,2142.0,33.0,0.9841923043696157,143015.0,11.0
1576,2227.0,44.0,0.9925790464123656,143016.0,11.0
1577,2306.0,25.0,0.9943771238946133,143017.0,11.0
1578,2331.0,41.0,0.9549124552619582,143021.0,11.0
1579,2143.0,33.0,0.9900240153159469,143022.0,11.0
1580,2359.0,17.0,0.9974463689250415,143023.0,11.0
1581,2323.0,50.0,0.9917607879424972,143026.0,11.0
1582,2380.0,24.0,0.9831907765284484,143038.0,11.0
1583,2262.0,10.0,0.9972550822047174,143045.0,11.0
1584,2364.0,30.0,0.9881848837505094,143047.0,11.0
1585,2285.0,7.0,0.9844822784325262,143054.0,11.0
1586,2365.0,30.0,0.988314128581519,143057.0,11.0
1587,2298.0,11.0,0.9878227715495699,143058.0,11.0
1588,2232.0,14.0,0.9911602061585335,143072.0,11.0
1589,2286.0,7.0,0.9749037004230547,143090.0,11.0
1590,2270.0,35.0,0.9615573899894827,143092.0,11.0
1591,2296.0,29.0,0.9982154955118038,143096.0,11.0
1592,2459.0,39.0,0.9789420662970487,143101.0,11.0
1593,2309.0,25.0,0.9911340008441007,143119.0,11.0
1594,2324.0,32.0,0.9911823819905807,143122.0,11.0
1595,2275.0,34.0,0.9855465485834402,143173.0,11.0
1596,2271.0,35.0,0.9693680594151546,143179.0,11.0
1597,2251.0,16.0,0.9930196950365253,141138.0,11.0
1598,2383.0,24.0,1.0,143197.0,11.0
1599,2211.0,42.0,0.9981088299190936,141155.0,11.0
1600,2392.0,28.0,0.992055230352838,143203.0,11.0
1601,2304.0,11.0,0.9898775140827469,143210.0,11.0
1602,2253.0,16.0,0.9859829472618239,141165.0,11.0
1603,2331.0,9.0,0.9938060893515549,141167.0,11.0
1604,2254.0,16.0,0.9966057841192207,141172.0,11.0
1605,2305.0,11.0,0.9957698663192897,143220.0,11.0
1606,2245.0,15.0,0.9789408084672933,141180.0,11.0
1607,2276.0,17.0,0.9888668731317708,141188.0,11.0
1608,2253.0,11.0,0.9835316366600574,141196.0,11.0
1609,2337.0,45.0,0.9906017539192284,143247.0,11.0
1610,2304.0,29.0,0.9921707338804112,143249.0,11.0
1611,2331.0,32.0,0.994741844694054,143251.0,11.0
1612,2462.0,39.0,0.9829212665671441,143252.0,11.0
1613,2463.0,39.0,0.9694590831840524,143254.0,11.0
1614,2464.0,39.0,0.9757574378116257,143264.0,11.0
1615,2393.0,28.0,0.9815870818906598,143265.0,11.0
1616,2335.0,30.0,0.9889175382961014,141223.0,11.0
1617,2260.0,16.0,0.9970259037966885,141228.0,11.0
1618,2333.0,9.0,0.9909252283560798,141230.0,11.0
1619,2251.0,47.0,0.992612445814555,141246.0,11.0
1620,2215.0,42.0,0.9978393912503253,141247.0,11.0
1621,2249.0,15.0,0.9888253388249687,141264.0,11.0
1622,2217.0,42.0,0.9862258660188874,141272.0,11.0
1623,2084.0,33.0,0.9879977697206842,141279.0,11.0
1624,2291.0,46.0,0.9904020235829271,141287.0,11.0
1625,2356.0,13.0,0.9875909869350004,143338.0,11.0
1626,2192.0,14.0,0.9748306191407854,141301.0,11.0
1627,2263.0,16.0,0.9870522729154685,141304.0,11.0
1628,2342.0,12.0,0.9859654357106484,143361.0,11.0
1629,2465.0,39.0,0.9905136411788688,143364.0,11.0
1630,2265.0,16.0,0.9890793658945146,141320.0,11.0
1631,2267.0,16.0,0.9905411554916593,141323.0,11.0
1632,2279.0,34.0,0.9932212293835623,143372.0,11.0
1633,2296.0,46.0,0.9861977910506875,141329.0,11.0
1634,2401.0,31.0,0.9911870224365725,143378.0,11.0
1635,2339.0,9.0,0.986788137831356,141334.0,11.0
1636,2345.0,50.0,0.9923333758052493,143387.0,11.0
1637,2391.0,40.0,0.9874186922620938,143395.0,11.0
1638,2194.0,14.0,0.9718753041739643,141350.0,11.0
1639,2386.0,24.0,0.9929604412190823,143399.0,11.0
1640,2376.0,30.0,0.9922724720171994,143400.0,11.0
1641,2471.0,53.0,0.9695027932389012,143404.0,11.0
1642,2272.0,16.0,0.9841484574175818,141358.0,11.0
1643,2287.0,49.0,0.9929621064265393,141359.0,11.0
1644,2403.0,31.0,0.9948528762027392,143410.0,11.0
1645,2343.0,12.0,0.9955135390307258,143412.0,11.0
1646,2252.0,15.0,0.9873848956586604,141366.0,11.0
1647,2303.0,17.0,0.9952234424117749,141367.0,11.0
1648,2460.0,27.0,0.9686331523565943,143417.0,11.0
1649,2404.0,31.0,0.9866606482362311,143420.0,11.0
1650,2273.0,16.0,0.9945891793902197,141374.0,11.0
1651,2340.0,45.0,0.9951850237933743,143425.0,11.0
1652,2364.0,48.0,0.9976605040854816,143427.0,11.0
1653,2393.0,40.0,0.9698844594990657,143445.0,11.0
1654,2328.0,24.0,0.9980380500569699,141400.0,11.0
1655,2309.0,29.0,0.9898788938330416,143455.0,11.0
1656,2221.0,35.0,0.9809209157430332,141420.0,11.0
1657,2226.0,42.0,0.9904457814778392,141428.0,11.0
1658,2238.0,34.0,0.9931605552108125,141430.0,11.0
1659,2337.0,32.0,0.9696708455240544,143492.0,11.0
1660,2348.0,9.0,0.9952978928294371,141452.0,11.0
1661,2397.0,28.0,0.997580109935394,143500.0,11.0
1662,2167.0,44.0,0.9943652547480325,141459.0,11.0
1663,2277.0,16.0,0.9920761910279938,141463.0,11.0
1664,2171.0,43.0,0.9940734496938785,141464.0,11.0
1665,2330.0,24.0,0.9897406727373925,141467.0,11.0
1666,2248.0,7.0,0.9821349085950689,141473.0,11.0
1667,2304.0,12.0,0.9890014336785622,141481.0,11.0
1668,2473.0,53.0,0.9787535890677,143531.0,11.0
1669,2319.0,29.0,0.9960661634193468,143532.0,11.0
1670,2366.0,48.0,0.9946346262260859,143536.0,11.0
1671,2286.0,45.0,0.9911499339881058,141489.0,11.0
1672,2320.0,25.0,0.9984265382929801,143543.0,11.0
1673,2169.0,44.0,0.9934927711418864,141497.0,11.0
1674,2356.0,26.0,0.9921042097894597,143550.0,11.0
1675,2371.0,48.0,0.9960459654077092,143558.0,11.0
1676,2341.0,32.0,0.9949812848321045,143559.0,11.0
1677,2315.0,17.0,0.9984152487917967,141517.0,11.0
1678,2174.0,43.0,0.98847958554916,141518.0,11.0
1679,2316.0,17.0,0.9944963454022753,141526.0,11.0
1680,2358.0,49.0,0.997618719342927,143577.0,11.0
1681,2232.0,42.0,0.9928236723204593,141533.0,11.0
1682,2350.0,12.0,0.9907154945730543,143582.0,11.0
1683,2175.0,43.0,0.9948461997828136,141535.0,11.0
1684,2284.0,8.0,0.9930315100134781,141547.0,11.0
1685,2197.0,14.0,0.973842447359683,141551.0,11.0
1686,2361.0,6.0,0.9888696242982973,141554.0,11.0
1687,2251.0,7.0,0.9668464017844691,141557.0,11.0
1688,2397.0,40.0,0.9591324396020268,143627.0,11.0
1689,2390.0,52.0,1.0,141580.0,11.0
1690,2230.0,35.0,0.9844933535249456,141592.0,11.0
1691,2306.0,41.0,0.959988420273547,141595.0,11.0
1692,2354.0,9.0,0.9869988418615444,141607.0,11.0
1693,2276.0,10.0,0.9660225515421406,143655.0,11.0
1694,2297.0,26.0,0.992404035617781,141618.0,11.0
1695,2325.0,25.0,0.9900957444634183,143668.0,11.0
1696,2326.0,25.0,0.9952368536252815,143673.0,11.0
1697,2398.0,40.0,0.965957704101981,143676.0,11.0
1698,2344.0,28.0,0.9938871140757343,141634.0,11.0
1699,2312.0,46.0,0.993752970736405,141636.0,11.0
1700,2351.0,41.0,0.9885225518169599,143688.0,11.0
1701,2285.0,8.0,0.989029661493817,141645.0,11.0
1702,2297.0,15.0,0.9881536613430022,143694.0,11.0
1703,2307.0,49.0,0.9883352054396958,141654.0,11.0
1704,2178.0,43.0,0.9883421324995998,141656.0,11.0
1705,2103.0,33.0,0.9957443231320741,141659.0,11.0
1706,2389.0,30.0,0.9951539937284659,143707.0,11.0
1707,2347.0,51.0,0.9791167555557597,141661.0,11.0
1708,2328.0,29.0,0.9839696653220612,143710.0,11.0
1709,2329.0,29.0,0.991920940219094,143712.0,11.0
1710,2359.0,49.0,0.9944740513437161,143713.0,11.0
1711,2353.0,41.0,0.9564174225473226,143719.0,11.0
1712,2400.0,6.0,0.9637731056238813,143728.0,11.0
1713,2288.0,8.0,0.9522712187429001,141693.0,11.0
1714,2474.0,39.0,0.979835348794832,143746.0,11.0
1715,2472.0,27.0,0.9749972765813546,143749.0,11.0
1716,2366.0,40.0,0.9705623785175352,141702.0,11.0
1717,2104.0,33.0,0.9955174586734009,141717.0,11.0
1718,2345.0,45.0,0.9895658465315775,143772.0,11.0
1719,2310.0,49.0,0.9940790206913745,141728.0,11.0
1720,2470.0,27.0,0.9696818016220741,143777.0,11.0
1721,2258.0,11.0,0.9897493492962287,141733.0,11.0
1722,2474.0,27.0,0.975796334449956,143785.0,11.0
1723,2258.0,15.0,0.9876121958720868,141744.0,11.0
1724,2347.0,45.0,0.9907709969776397,143795.0,11.0
1725,2322.0,48.0,0.9939186478205599,141749.0,11.0
1726,2360.0,9.0,0.9902320551047038,141753.0,11.0
1727,2333.0,29.0,0.9918085365604313,143801.0,11.0
1728,2315.0,49.0,0.995438781622662,141757.0,11.0
1729,2180.0,43.0,0.996434834518802,141759.0,11.0
1730,2403.0,40.0,0.9934121609971874,143807.0,11.0
1731,2402.0,6.0,0.960558982894468,143808.0,11.0
1732,2337.0,24.0,0.9911087186106954,141765.0,11.0
1733,2477.0,39.0,0.9672777211097134,143814.0,11.0
1734,2334.0,25.0,0.9896252351779133,143819.0,11.0
1735,2405.0,28.0,0.98729508604436,143821.0,11.0
1736,2238.0,42.0,0.9938281303785335,141777.0,11.0
1737,2266.0,47.0,0.9941170488806896,141778.0,11.0
1738,2364.0,9.0,0.9915104412595402,141780.0,11.0
1739,2185.0,43.0,0.9963257408983011,141784.0,11.0
1740,2335.0,25.0,0.9918811691011753,143835.0,11.0
1741,2289.0,8.0,0.9734812621959286,141799.0,11.0
1742,2268.0,47.0,0.9985189912948081,141813.0,11.0
1743,2267.0,47.0,0.9865187442285235,141814.0,11.0
1744,2293.0,34.0,0.9695254116667695,143874.0,11.0
1745,2300.0,25.0,0.9960756383398427,141830.0,11.0
1746,2407.0,6.0,0.9766321581909396,143884.0,11.0
1747,2446.0,52.0,0.9734518467058462,143887.0,11.0
1748,2311.0,41.0,0.9786737529006978,141842.0,11.0
1749,2340.0,25.0,0.9946060318680695,143897.0,11.0
1750,2359.0,12.0,0.9954423653959891,143899.0,11.0
1751,2381.0,48.0,0.9891734878426139,143907.0,11.0
1752,2332.0,17.0,0.9845536447370632,141864.0,11.0
1753,2209.0,14.0,0.9892953027377706,141866.0,11.0
1754,2350.0,28.0,0.9783177884470241,141868.0,11.0
1755,2239.0,42.0,0.991199798855801,141869.0,11.0
1756,2411.0,31.0,0.9868202117735883,143922.0,11.0
1757,2405.0,40.0,0.9681226044507777,143923.0,11.0
1758,2290.0,8.0,0.9915498422498428,141879.0,11.0
1759,2363.0,26.0,0.9900254714336536,143927.0,11.0
1760,2380.0,13.0,0.9694726656465678,143944.0,11.0
1761,2256.0,14.0,0.9932095764864332,143973.0,11.0
1762,2346.0,25.0,0.987838758159378,143982.0,11.0
1763,2244.0,42.0,0.9913932181750019,141936.0,11.0
1764,2342.0,30.0,0.994880580994023,141937.0,11.0
1765,2365.0,50.0,0.9930162020700165,143985.0,11.0
1766,2366.0,50.0,0.9934176805901777,143989.0,11.0
1767,2410.0,6.0,0.9942209871747508,143992.0,11.0
1768,2385.0,48.0,0.9960261584247205,143993.0,11.0
1769,2327.0,49.0,0.9968527886548085,141946.0,11.0
1770,2403.0,30.0,0.9967417319130122,143995.0,11.0
1771,2372.0,40.0,1.0,141961.0,11.0
1772,2347.0,24.0,0.9919530834503972,141968.0,11.0
1773,2291.0,8.0,0.988113646567251,141973.0,11.0
1774,2303.0,26.0,0.9931393913403009,141977.0,11.0
1775,2314.0,12.0,0.9828746599583045,141983.0,11.0
1776,2357.0,51.0,0.9794351162449287,141987.0,11.0
1777,2248.0,35.0,0.9892450108442443,141997.0,11.0
1778,2264.0,11.0,0.9845928038554765,142000.0,11.0
1779,2350.0,32.0,0.9966065596349011,144048.0,11.0
1780,2391.0,13.0,0.9699634144112049,144050.0,11.0
1781,2413.0,31.0,0.9918492014514565,144051.0,11.0
1782,2415.0,6.0,0.988274628321408,144052.0,11.0
1783,2367.0,41.0,0.9727568973418712,144053.0,11.0
1784,2299.0,34.0,0.9737403803884702,144055.0,11.0
1785,2300.0,10.0,0.9945022304170433,144056.0,11.0
1786,2416.0,6.0,0.9911810172724096,144057.0,11.0
1787,2368.0,50.0,0.9897716744766318,144062.0,11.0
1788,2369.0,50.0,0.9859234779225926,144064.0,11.0
1789,2360.0,31.0,0.9935005437222452,142023.0,11.0
1790,2244.0,10.0,0.9961644147030315,142030.0,11.0
1791,2401.0,52.0,0.954226030333212,142031.0,11.0
1792,2280.0,35.0,1.0,144089.0,11.0
1793,2190.0,43.0,0.9959202827969081,142044.0,11.0
1794,2394.0,13.0,0.9602010662227147,144097.0,11.0
1795,2354.0,48.0,0.9943987718572048,143073.0,11.0
1796,2274.0,29.0,0.9922318140363688,142052.0,11.0
1797,2371.0,50.0,0.9967956340392206,144107.0,11.0
1798,2328.0,50.0,0.9957169957442228,143086.0,11.0
1799,2245.0,34.0,0.9639984696991648,142067.0,11.0
1800,2276.0,7.0,0.9758923605393235,142579.0,11.0
1801,2306.0,26.0,0.962538272656124,142093.0,11.0
1802,2345.0,30.0,0.9890096548637092,142100.0,11.0
1803,2307.0,10.0,0.9951158323918032,144156.0,11.0
1804,2335.0,49.0,0.9983023234211575,142109.0,11.0
1805,2341.0,13.0,0.9701053289440732,142111.0,11.0
1806,2287.0,11.0,0.9952555122642825,142625.0,11.0
1807,2309.0,32.0,0.9624203698707134,142626.0,11.0
1808,2308.0,7.0,0.965802829849929,144163.0,11.0
1809,2217.0,44.0,0.9958956599843873,142628.0,11.0
1810,2256.0,15.0,0.9884320972465915,141622.0,11.0
1811,2334.0,24.0,0.99702140506775,141638.0,11.0
1812,2177.0,44.0,0.9977103417208196,141639.0,11.0
1813,2262.0,35.0,0.9617143866970269,142664.0,11.0
1814,2355.0,9.0,0.9919163509666794,141640.0,11.0
1815,2306.0,8.0,0.952852288297473,142673.0,11.0
1816,2320.0,48.0,0.9941021021106858,141655.0,11.0
1817,2329.0,25.0,0.993144552364339,143711.0,11.0
1818,2255.0,10.0,0.9940078000568212,142691.0,11.0
1819,2330.0,32.0,0.9660520198637719,143204.0,11.0
1820,2289.0,29.0,0.9969183385750194,142697.0,11.0
1821,2265.0,34.0,0.9700485114312717,142701.0,11.0
1822,2126.0,33.0,0.9950560322833025,142207.0,11.0
1823,2370.0,30.0,0.9983962451048787,143233.0,11.0
1824,2253.0,42.0,0.9964343550818596,142211.0,11.0
1825,2227.0,43.0,0.9891732767815804,143236.0,11.0
1826,2367.0,6.0,0.9526473708892618,142230.0,11.0
1827,2313.0,45.0,0.9932675397384807,142239.0,11.0
1828,2361.0,28.0,0.996318674377083,142247.0,11.0
1829,2285.0,16.0,0.9956770266613428,141737.0,11.0
1830,2285.0,17.0,0.9914383963695566,141226.0,11.0
1831,2407.0,31.0,0.9908654576763277,143794.0,11.0
1832,2336.0,24.0,0.9952876497227972,141748.0,11.0
1833,2298.0,12.0,0.9982855795502293,141238.0,11.0
1834,2281.0,29.0,0.9900234096298628,142266.0,11.0
1835,2233.0,34.0,0.9704049136312316,141242.0,11.0
1836,2361.0,9.0,0.9911008973412649,141771.0,11.0
1837,2341.0,49.0,0.9968298462919994,142293.0,11.0
1838,2280.0,47.0,0.992609256897457,142302.0,11.0
1839,2301.0,12.0,0.9842031610385881,141303.0,11.0
1840,2219.0,35.0,0.9613378791740861,141311.0,11.0
1841,2314.0,25.0,0.9953532330918823,143359.0,11.0
1842,2295.0,46.0,0.9692169429903389,141313.0,11.0
1843,2479.0,27.0,0.9622866642876873,143876.0,11.0
1844,2300.0,47.0,0.9889266161976507,142854.0,11.0
1845,2396.0,28.0,0.9840839492012081,143366.0,11.0
1846,2340.0,31.0,0.9922720394045524,141326.0,11.0
1847,2362.0,26.0,0.9701533247183499,143914.0,11.0
1848,2226.0,14.0,0.9693495401487242,142891.0,11.0
1849,2262.0,11.0,0.9964483235041154,141882.0,11.0
1850,2318.0,25.0,0.9923341552612102,143422.0,11.0
1851,2335.0,17.0,0.9914425820852893,141892.0,11.0
1852,2253.0,15.0,0.993684836332215,141382.0,11.0
1853,2341.0,30.0,0.9938308170784339,141898.0,11.0
1854,2369.0,9.0,0.9908645084392348,141903.0,11.0
1855,2328.0,48.0,0.9951564316025513,141912.0,11.0
1856,2243.0,42.0,0.9900147099063387,141913.0,11.0
1857,2316.0,45.0,0.9984807828674771,142428.0,11.0
1858,2300.0,45.0,0.9945599567823367,141918.0,11.0
1859,2254.0,15.0,0.9971252014610354,141424.0,11.0
1860,2195.0,14.0,0.9605153157807756,141436.0,11.0
1861,2292.0,49.0,0.9916781321627092,141442.0,11.0
1862,2355.0,31.0,0.9907414149769772,141954.0,11.0
1863,2308.0,16.0,0.9934341544750264,142482.0,11.0
1864,2131.0,33.0,0.9774286676036312,142504.0,11.0
1865,2354.0,26.0,0.9939100722117108,143529.0,11.0
1866,2284.0,11.0,0.9926775441499346,142506.0,11.0
1867,2287.0,47.0,0.9866794513284409,142510.0,11.0
1868,2234.0,43.0,0.9903897957339032,143537.0,11.0
1869,2145.0,33.0,0.9897397683159851,143031.0,11.0
1870,2313.0,17.0,0.9891822382771311,141504.0,11.0
1871,2172.0,43.0,0.9795146123041285,141511.0,11.0
1872,2364.0,12.0,0.998501778508291,144071.0,11.0
1873,2309.0,46.0,0.990126052863106,141513.0,11.0
1874,2354.0,50.0,0.998075156991567,143573.0,11.0
1875,2171.0,44.0,0.9799729604530544,141527.0,11.0
1876,2234.0,42.0,0.9885445993507763,141537.0,11.0
1877,2298.0,25.0,0.9932022701283479,141541.0,11.0
1878,2266.0,15.0,0.9915663734388132,142062.0,11.0
1879,2295.0,16.0,0.98669782016238,142086.0,11.0
1880,2277.0,29.0,0.9945308381625455,142101.0,11.0
1881,2266.0,42.0,1.0,142614.0,11.0
1882,2291.0,47.0,0.9659604768720224,142615.0,11.0
1883,2303.0,50.0,0.9967287340648451,142104.0,11.0
1884,2313.0,50.0,0.9899435475609323,142616.0,11.0
1885,2156.0,33.0,0.9897623766753774,144158.0,11.0
1886,2235.0,42.0,0.9907228722555995,141613.0,11.0
1887,2315.0,11.0,0.9935663741368215,143579.0,11.0
1888,2283.0,16.0,0.998512053509936,141624.0,11.0
1889,2194.0,43.0,0.9796271409276763,142141.0,11.0
1890,2249.0,42.0,0.988494977250419,142145.0,11.0
1891,2356.0,30.0,0.9911467782017814,142658.0,11.0
1892,2317.0,11.0,0.9924360152385814,143682.0,11.0
1893,2212.0,43.0,0.994364900172418,142665.0,11.0
1894,2301.0,11.0,0.9910094097994396,143177.0,11.0
1895,2334.0,11.0,0.9875748008960246,144203.0,11.0
1896,2356.0,9.0,0.9664192115734989,141643.0,11.0
1897,2410.0,30.0,0.9884853454970759,144205.0,11.0
1898,2335.0,11.0,0.9937986016994537,144206.0,11.0
1899,2357.0,9.0,0.9915146608248334,141648.0,11.0
1900,2162.0,43.0,0.9936270914266906,141148.0,11.0
1901,2355.0,17.0,0.9960373810784585,142685.0,11.0
1902,2267.0,17.0,0.9907755458032124,141153.0,11.0
1903,2278.0,49.0,0.9878054300536204,141158.0,11.0
1904,2212.0,42.0,0.9892248675601193,141160.0,11.0
1905,2279.0,49.0,0.9941829944607397,141161.0,11.0
1906,2213.0,42.0,0.9895247314020957,141164.0,11.0
1907,2281.0,15.0,0.995248103020207,142702.0,11.0
1908,2271.0,17.0,0.9889512807532342,141175.0,11.0
1909,2319.0,11.0,0.9713870427777468,143737.0,11.0
1910,2304.0,48.0,0.9983442931316461,141181.0,11.0
1911,2303.0,29.0,0.9950038230699544,143229.0,11.0
1912,2336.0,45.0,0.9564084700109674,143235.0,11.0
1913,2336.0,49.0,0.9854570562722726,142218.0,11.0
1914,2256.0,16.0,1.0,141195.0,11.0
1915,2164.0,43.0,1.0,141203.0,11.0
1916,2403.0,28.0,0.9575238839791238,143763.0,11.0
1917,2279.0,17.0,0.9961104003949551,141206.0,11.0
1918,2395.0,24.0,0.9778370192675413,143767.0,11.0
1919,2202.0,44.0,1.0,142234.0,11.0
1920,2332.0,29.0,0.966088301492161,143773.0,11.0
1921,2309.0,49.0,0.9805063153099545,141727.0,11.0
1922,2333.0,48.0,0.9932608435867526,142243.0,11.0
1923,2321.0,48.0,0.9948072191491828,141731.0,11.0
1924,2158.0,44.0,0.9667063015331357,141221.0,11.0
1925,2196.0,43.0,0.9763864853890096,142249.0,11.0
1926,2259.0,16.0,0.9965773608964459,141227.0,11.0
1927,2306.0,50.0,0.9695189444360502,142257.0,11.0
1928,2334.0,9.0,0.9894283951604445,141234.0,11.0
1929,2313.0,49.0,0.9937171698601341,141747.0,11.0
1930,2306.0,48.0,0.9907801795134388,141240.0,11.0
1931,2292.0,26.0,0.9838663155220941,141241.0,11.0
1932,2307.0,48.0,0.9945967799692355,141243.0,11.0
1933,2248.0,15.0,1.0,141244.0,11.0
1934,2397.0,30.0,0.9917041031168549,143805.0,11.0
1935,2182.0,43.0,0.9971924745222356,141768.0,11.0
1936,2290.0,17.0,0.9915953482554921,141265.0,11.0
1937,2292.0,17.0,0.9918704096622907,141267.0,11.0
1938,2338.0,31.0,0.9724380978716636,141268.0,11.0
1939,2293.0,17.0,0.9923102504418722,141269.0,11.0
1940,2287.0,16.0,0.9853800238739503,141785.0,11.0
1941,2335.0,9.0,0.9939190681963527,141277.0,11.0
1942,2229.0,43.0,0.977788032902034,143325.0,11.0
1943,2282.0,15.0,0.9940879525627621,142825.0,11.0
1944,2219.0,42.0,0.9916620910101696,141302.0,11.0
1945,2230.0,43.0,0.9943136170102773,143354.0,11.0
1946,2251.0,15.0,0.9812564787796504,141312.0,11.0
1947,2266.0,16.0,0.9983646873915932,141321.0,11.0
1948,2258.0,10.0,0.9783738066390645,142860.0,11.0
1949,2270.0,15.0,0.9938063610858682,142363.0,11.0
1950,2382.0,48.0,0.9986083460159061,143912.0,11.0
1951,2261.0,11.0,0.9813775830880268,141865.0,11.0
1952,2271.0,16.0,0.9893123138987028,141357.0,11.0
1953,2320.0,46.0,0.9805802370602843,141873.0,11.0
1954,2292.0,11.0,0.9886729126181942,142900.0,11.0
1955,2317.0,25.0,0.9894003249679075,143418.0,11.0
1956,2340.0,9.0,0.9949149078123115,141371.0,11.0
1957,2271.0,47.0,0.9941009510214092,141884.0,11.0
1958,2342.0,24.0,0.9711907064773989,141887.0,11.0
1959,2285.0,47.0,0.9755124559264495,142416.0,11.0
1960,2349.0,50.0,0.9745545408047164,143441.0,11.0
1961,2242.0,42.0,0.9923599369390159,141908.0,11.0
1962,2212.0,44.0,0.9925930964912812,142429.0,11.0
1963,2293.0,10.0,0.9918754497267724,143971.0,11.0
1964,2325.0,49.0,0.9975986353728922,141925.0,11.0
1965,2183.0,44.0,0.9842174161502278,141935.0,11.0
1966,2225.0,42.0,0.99259553363303,141427.0,11.0
1967,2294.0,10.0,0.9939502859212375,143990.0,11.0
1968,2261.0,15.0,0.9980934110702859,141943.0,11.0
1969,2255.0,15.0,0.9861945818524336,141447.0,11.0
1970,2340.0,28.0,0.9742708034673107,141448.0,11.0
1971,2276.0,16.0,0.9897387528629656,141450.0,11.0
1972,2311.0,48.0,0.9945703503714308,141455.0,11.0
1973,2341.0,48.0,0.9856493947794899,142491.0,11.0
1974,2342.0,48.0,0.9977823250201471,142492.0,11.0
1975,2141.0,33.0,1.0,143012.0,11.0
1976,2375.0,31.0,0.9786694467291209,142501.0,11.0
1977,2278.0,16.0,0.9939272212357355,141498.0,11.0
1978,2312.0,17.0,0.9921473119936487,141503.0,11.0
1979,2325.0,50.0,0.979144758143969,143046.0,11.0
1980,2294.0,15.0,0.991847270832032,143568.0,11.0
1981,2298.0,50.0,0.9950285676005074,141523.0,11.0
1982,2351.0,9.0,0.985503260439562,141531.0,11.0
1983,2306.0,15.0,0.9927297505027168,144225.0,11.0
1984,2268.0,17.0,0.9931823980760905,141156.0,11.0
1985,2255.0,11.0,0.9709581493082383,141422.0,11.0
1986,2329.0,48.0,0.9927313384977562,141938.0,11.0
1987,2363.0,17.0,0.991202041271653,143221.0,11.0
1988,2320.0,11.0,0.9904969079805581,143738.0,11.0
1989,2359.0,50.0,0.9628531574532118,143869.0,11.0
1990,2307.0,16.0,0.975095613166959,142463.0,11.0
1991,2275.0,17.0,1.0,141187.0,11.0
1992,2298.0,17.0,0.9713580611061251,141317.0,11.0
1993,2314.0,48.0,0.9772155670717049,141584.0,11.0
1994,2301.0,15.0,0.9900590822368247,143894.0,11.0
1995,2353.0,17.0,0.9797613279474663,142617.0,11.0
1996,2268.0,15.0,0.9776384187422732,142237.0,11.0
1997,2318.0,49.0,0.9713316073154981,141856.0,11.0
1998,2259.0,42.0,0.9682801857632318,142370.0,11.0
1999,2302.0,15.0,0.9741980524823871,143924.0,11.0
2000,2278.0,15.0,0.9813727182751022,142650.0,11.0
2001,2339.0,16.0,0.9889420558716414,143803.0,11.0
2002,2340.0,16.0,0.9912508240372008,143804.0,11.0
2003,2252.0,42.0,0.9588577504614327,142144.0,11.0
2004,2245.0,43.0,0.9725924893620351,144067.0,11.0
2005,2308.0,48.0,0.9678896625410586,141253.0,11.0
2006,2207.0,43.0,0.9926966573650827,142536.0,11.0
2007,2279.0,16.0,0.9895364324446919,141515.0,11.0
2008,2303.0,16.0,0.9939153463367183,142291.0,11.0
2009,2319.0,48.0,0.9753107292844265,141651.0,11.0
2010,2285.0,42.0,0.9726218244915295,144086.0,11.0
2011,2394.0,48.0,0.9806048963766258,144216.0,11.0
2012,2361.0,17.0,0.997382107369794,143194.0,11.0
2013,2344.0,16.0,0.9894793719402498,144223.0,11.0
2014,2324.0,16.0,0.9694913473312143,143141.0,11.0
2015,2303.0,48.0,0.9520461058753968,141159.0,11.0
2016,2255.0,16.0,0.9691681403378103,141178.0,11.0
2017,2317.0,17.0,0.9803662000355045,141546.0,11.0
2018,2258.0,42.0,0.9727774851222679,142412.0,11.0
2019,2264.0,17.0,0.9827921500577939,141134.0,11.0
2020,2269.0,16.0,0.9637566784024894,141328.0,11.0
2021,2305.0,17.0,0.9912855875475661,141425.0,11.0
2022,2377.0,48.0,0.9578865937168737,143730.0,11.0
2023,2270.0,17.0,0.9902816093608396,141171.0,11.0
2024,2312.0,48.0,0.970092354916072,141493.0,11.0
2025,2336.0,16.0,0.984642199711126,143575.0,11.0
2026,2272.0,17.0,0.9836142297771254,141176.0,11.0
2027,2324.0,17.0,0.9841550594103221,141626.0,11.0
2028,2311.0,17.0,0.9940802603366492,141499.0,11.0
2029,2392.0,48.0,0.9675569162795131,144189.0,11.0
2030,2321.0,16.0,0.9787457624009139,143006.0,11.0
2031,2279.0,42.0,0.9962002451204515,143584.0,11.0
2032,2301.0,34.0,0.9663024988517518,144100.0,11.0
2033,2351.0,32.0,0.9698983512834336,144102.0,11.0
2034,2235.0,44.0,0.978438254636433,144111.0,11.0
2035,2323.0,16.0,0.9868040062916333,143093.0,11.0
2036,2340.0,17.0,0.9803140685157904,142072.0,11.0
2037,2460.0,39.0,0.9778535751585484,143099.0,11.0
2038,2287.0,42.0,0.9791162505856911,144124.0,11.0
2039,2306.0,10.0,0.9865524801773362,144126.0,11.0
2040,2277.0,35.0,0.9695835004081286,143616.0,11.0
2041,2389.0,28.0,0.9739359669503098,143107.0,11.0
2042,2369.0,12.0,0.9557881183652428,144133.0,11.0
2043,2397.0,13.0,0.9862104269298171,144134.0,11.0
2044,2281.0,35.0,0.9953253994824356,144143.0,11.0
2045,2358.0,46.0,1.0,143636.0,11.0
2046,2422.0,6.0,0.9845940638355148,144149.0,11.0
2047,2439.0,52.0,0.9627847565150923,143640.0,11.0
2048,2367.0,13.0,0.9517569084268552,143641.0,11.0
2049,2483.0,27.0,1.0,144152.0,11.0
2050,2343.0,45.0,0.9869290884677854,143644.0,11.0
2051,2324.0,29.0,0.988285659248461,143645.0,11.0
2052,2374.0,50.0,0.9911533630357761,144160.0,11.0
2053,2352.0,12.0,0.978374648842292,143650.0,11.0
2054,2319.0,17.0,0.9948507217799805,141605.0,11.0
2055,2327.0,46.0,0.9686798260554185,142124.0,11.0
2056,2218.0,44.0,0.977994716742494,142637.0,11.0
2057,2424.0,6.0,0.9606239833192868,144177.0,11.0
2058,2246.0,43.0,0.9915214587955496,144181.0,11.0
2059,2235.0,14.0,1.0,143161.0,11.0
2060,2385.0,40.0,0.9625194374528423,143162.0,11.0
2061,2391.0,48.0,0.9909190530913873,144185.0,11.0
2062,2393.0,48.0,0.962186548063038,144192.0,11.0
2063,2352.0,32.0,0.9852396460725444,144193.0,11.0
2064,2387.0,30.0,0.9959555282638357,143683.0,11.0
2065,2296.0,15.0,0.9914096342335867,143686.0,11.0
2066,2303.0,34.0,0.9751605164805798,144204.0,11.0
2067,2364.0,26.0,0.9549927297830332,144211.0,11.0
2068,2366.0,17.0,0.9937015315788655,144213.0,11.0
2069,2409.0,51.0,0.968713573528917,144217.0,11.0
2070,2288.0,42.0,0.9672973952743311,144218.0,11.0
2071,2370.0,12.0,0.9529082112412388,144220.0,11.0
2072,2361.0,26.0,0.9553274325349459,143715.0,11.0
2073,2372.0,41.0,1.0,144228.0,11.0
2074,2340.0,29.0,0.9688456474244359,144232.0,11.0
2075,2335.0,8.0,0.9599081647491773,143722.0,11.0
2076,2370.0,25.0,0.97968586593933,144234.0,11.0
2077,2371.0,25.0,1.0,144236.0,11.0
2078,2377.0,50.0,0.9846347604373431,144238.0,11.0
2079,2157.0,33.0,0.978762595590308,144239.0,11.0
2080,2307.0,15.0,0.9850611598889356,144240.0,11.0
2081,2378.0,50.0,0.9789669706011838,144242.0,11.0
2082,2346.0,28.0,0.9969809067202503,141683.0,11.0
2083,2345.0,49.0,0.9720542538057939,142707.0,11.0
2084,2411.0,30.0,0.973611539480094,144244.0,11.0
2085,2373.0,25.0,0.9757074570393293,144246.0,11.0
2086,2318.0,10.0,1.0,144247.0,11.0
2087,2325.0,16.0,0.9726255952151986,143225.0,11.0
2088,2345.0,16.0,0.9831068703774898,144249.0,11.0
2089,2274.0,17.0,1.0,141183.0,11.0
2090,2254.0,7.0,1.0,141699.0,11.0
2091,2377.0,28.0,0.9662767183114185,142731.0,11.0
2092,2400.0,40.0,0.9703938532120302,143756.0,11.0
2093,2394.0,24.0,0.961156565610702,143770.0,11.0
2094,2281.0,17.0,0.957769270632939,141215.0,11.0
2095,2296.0,7.0,0.97202411632411,143267.0,11.0
2096,2277.0,47.0,0.984150202233443,142255.0,11.0
2097,2345.0,32.0,0.9824813038260829,143792.0,11.0
2098,2321.0,11.0,0.9703577679648455,143802.0,11.0
2099,2458.0,27.0,0.9734122904980081,143296.0,11.0
2100,2240.0,43.0,0.9925597134170349,143810.0,11.0
2101,2299.0,15.0,0.9872665769387282,143823.0,11.0
2102,2313.0,47.0,0.98991868230999,143316.0,11.0
2103,2322.0,11.0,0.9927763837147203,143829.0,11.0
2104,2385.0,9.0,0.9909233716862662,142298.0,11.0
2105,2327.0,26.0,0.9583390465367863,142812.0,11.0
2106,2305.0,7.0,1.0,143838.0,11.0
2107,2329.0,16.0,0.9561737975812377,143327.0,11.0
2108,2407.0,51.0,1.0,143851.0,11.0
2109,2317.0,16.0,0.9888888411352303,142829.0,11.0
2110,2238.0,14.0,0.9581161095530624,143343.0,11.0
2111,2422.0,27.0,0.9594973959922443,141810.0,11.0
2112,2255.0,35.0,0.982800257522072,142324.0,11.0
2113,2256.0,34.0,0.9541133135810731,142327.0,11.0
2114,2354.0,51.0,0.9707001868060239,141816.0,11.0
2115,2400.0,9.0,0.9932215236654219,143351.0,11.0
2116,2398.0,24.0,0.9889862276667484,143865.0,11.0
2117,2331.0,16.0,0.9734187749454668,143356.0,11.0
2118,2354.0,49.0,0.991867991969356,143375.0,11.0
2119,2241.0,43.0,0.9961130894360966,143902.0,11.0
2120,2234.0,44.0,0.9978708185752605,143904.0,11.0
2121,2357.0,17.0,0.9934952688281087,142889.0,11.0
2122,2358.0,17.0,0.9911977765831638,142897.0,11.0
2123,2154.0,33.0,0.9966091216255228,143925.0,11.0
2124,2293.0,11.0,0.9921620989366929,142903.0,11.0
2125,2338.0,29.0,0.9954533615434045,143928.0,11.0
2126,2357.0,49.0,0.9922766829612092,143426.0,11.0
2127,2261.0,10.0,0.9905760760742821,142919.0,11.0
2128,2339.0,8.0,0.9500726196318559,143947.0,11.0
2129,2482.0,53.0,1.0,143950.0,11.0
2130,2306.0,16.0,0.9967499385795444,142421.0,11.0
2131,2350.0,45.0,0.9824354697055573,143957.0,11.0
2132,2435.0,52.0,0.9556547315513377,143453.0,11.0
2133,2466.0,53.0,1.0,142946.0,11.0
2134,2377.0,30.0,0.9913059583445822,143458.0,11.0
2135,2330.0,11.0,0.9920378674957783,143974.0,11.0
2136,2354.0,31.0,0.9890418726239443,141933.0,11.0
2137,2356.0,46.0,0.9711351811702377,143475.0,11.0
2138,2387.0,48.0,0.9908060290541735,143998.0,11.0
2139,2344.0,49.0,0.9916638927332042,142465.0,11.0
2140,2428.0,39.0,0.9656539618239681,141967.0,11.0
2141,2257.0,14.0,0.9711836922923437,144016.0,11.0
2142,2366.0,41.0,1.0,144017.0,11.0
2143,2139.0,33.0,0.9905803324139214,142998.0,11.0
2144,2378.0,24.0,0.9949227044365253,143000.0,11.0
2145,2468.0,39.0,0.9525834570633724,143512.0,11.0
2146,2287.0,45.0,0.9815331509098177,141470.0,11.0
2147,2412.0,6.0,0.9675591839597867,144034.0,11.0
2148,2390.0,13.0,0.9727164689896733,144042.0,11.0
2149,2412.0,31.0,0.9617176515974775,144047.0,11.0
2150,2367.0,48.0,0.9907128980719125,143538.0,11.0
2151,2405.0,9.0,0.9697729131664327,144058.0,11.0
2152,2393.0,31.0,0.9946356767124356,143042.0,11.0
2153,2323.0,47.0,0.9874141227578169,144069.0,11.0
2154,2272.0,42.0,0.998430329998821,143049.0,11.0
2155,2415.0,40.0,1.0,144081.0,11.0
2156,2347.0,8.0,0.9590795715114067,144092.0,11.0
2157,2365.0,17.0,1.0,144095.0,11.0
2158,2366.0,12.0,0.9674759468792378,144103.0,11.0
2159,2365.0,12.0,0.9705113925162694,144106.0,11.0
2160,2286.0,42.0,0.9979434089960376,144112.0,11.0
2161,2268.0,11.0,0.9969191367779522,142065.0,11.0
2162,2258.0,14.0,0.9722957261822206,144128.0,11.0
2163,2248.0,42.0,0.988243897332835,142083.0,11.0
2164,2359.0,25.0,0.9707626561560679,144138.0,11.0
2165,2418.0,40.0,1.0,144140.0,11.0
2166,2333.0,49.0,0.9857421161465723,142094.0,11.0
2167,2356.0,25.0,0.9882913742630015,144146.0,11.0
2168,2416.0,40.0,1.0,144147.0,11.0
2169,2267.0,15.0,0.992851347246998,142112.0,11.0
2170,2312.0,45.0,0.9747339328217521,142113.0,11.0
2171,2308.0,10.0,0.9928290172984277,144161.0,11.0
2172,2250.0,35.0,0.9653297924321168,142118.0,11.0
2173,2368.0,31.0,0.9942777199456299,142119.0,11.0
2174,2339.0,29.0,0.9605810270905837,144166.0,11.0
2175,2403.0,13.0,1.0,144170.0,11.0
2176,2310.0,10.0,0.9661552064035523,144173.0,11.0
2177,2420.0,40.0,1.0,144174.0,11.0
2178,2197.0,44.0,0.9898031313035964,142132.0,11.0
2179,2305.0,15.0,0.9659477974076418,144184.0,11.0
2180,2355.0,28.0,0.9959465231123016,142139.0,11.0
2181,2405.0,13.0,0.9589194275640516,144196.0,11.0
2182,2364.0,25.0,0.971052961040455,144197.0,11.0
2183,2523.0,23.0,1.0,144201.0,11.0
2184,2294.0,32.0,0.9682505286141119,142160.0,11.0
2185,2199.0,44.0,0.9647137186046633,142161.0,11.0
2186,2325.0,46.0,0.9725891997664119,142163.0,11.0
2187,2309.0,7.0,0.988896487666241,144212.0,11.0
2188,2291.0,32.0,0.9584979655542728,142169.0,11.0
2189,2427.0,6.0,0.981002726671337,144221.0,11.0
2190,2313.0,10.0,0.9520845497575939,144222.0,11.0
2191,2378.0,9.0,0.9911333230908203,142174.0,11.0
2192,2408.0,13.0,1.0,144227.0,11.0
2193,2263.0,7.0,0.9849673239369727,142189.0,11.0
2194,2371.0,12.0,0.9541917636386642,144237.0,11.0
2195,2372.0,25.0,0.9630931397341216,144245.0,11.0
2196,2351.0,24.0,0.9751320202781615,142199.0,11.0
2197,2382.0,9.0,0.9840851205689023,142208.0,11.0
2198,2383.0,9.0,0.985299590192208,142209.0,11.0
2199,2334.0,48.0,0.9980152374431268,142252.0,11.0
2200,2343.0,17.0,0.9896459098370294,142259.0,11.0
2201,2344.0,17.0,0.9905660490769097,142262.0,11.0
2202,2255.0,42.0,0.9950448759204393,142275.0,11.0
2203,2342.0,49.0,0.9884942377897159,142299.0,11.0
2204,2348.0,17.0,0.9881079909037174,142304.0,11.0
2205,2314.0,45.0,0.9827305429486043,142307.0,11.0
2206,2254.0,35.0,0.9706692204472731,142322.0,11.0
2207,2315.0,45.0,0.977994586294425,142329.0,11.0
2208,2373.0,31.0,0.9932664450612017,142334.0,11.0
2209,2300.0,8.0,1.0,142339.0,11.0
2210,2364.0,28.0,0.9797371693114606,142340.0,11.0
2211,2368.0,28.0,1.0,142346.0,11.0
2212,2367.0,28.0,0.9855943130382927,142347.0,11.0
2213,2299.0,32.0,0.9825515667877642,142358.0,11.0
2214,2313.0,26.0,0.9778217621801765,142371.0,11.0
2215,2347.0,30.0,0.9623923412151983,142381.0,11.0
2216,2315.0,26.0,0.9683381292584406,142391.0,11.0
2217,2424.0,27.0,0.970536998926118,142392.0,11.0
2218,2346.0,30.0,0.9829840790752892,142395.0,11.0
2219,2205.0,44.0,0.9898868390733981,142401.0,11.0
2220,2370.0,31.0,0.9828915878760989,142403.0,11.0
2221,2372.0,31.0,0.9979648946080173,142404.0,11.0
2222,2386.0,9.0,0.9926801177914387,142418.0,11.0
2223,2203.0,43.0,0.9954467715219962,142425.0,11.0
2224,2337.0,48.0,0.9966338605164531,142440.0,11.0
2225,2279.0,11.0,0.9892441408473374,142464.0,11.0
2226,2261.0,42.0,0.9915293260700921,142485.0,11.0
2227,2388.0,9.0,0.9918628854187935,142496.0,11.0
2228,2206.0,43.0,0.9850958911710196,142497.0,11.0
2229,2221.0,14.0,0.9549877003741848,142513.0,11.0
2230,2378.0,31.0,0.9913050448705196,142514.0,11.0
2231,2350.0,30.0,0.9707594022583736,142517.0,11.0
2232,2304.0,32.0,0.9593740842575934,142520.0,11.0
2233,2374.0,51.0,1.0,142548.0,11.0
2234,2306.0,32.0,0.9647558129789713,142554.0,11.0
2235,2308.0,32.0,0.9645174258701483,142556.0,11.0
2236,2337.0,46.0,0.9801653405339321,142557.0,11.0
2237,2222.0,14.0,0.9835827394839718,142564.0,11.0
2238,2320.0,41.0,1.0,142566.0,11.0
2239,2317.0,41.0,1.0,142575.0,11.0
2240,2259.0,35.0,0.9584733115399269,142576.0,11.0
2241,2318.0,45.0,0.9659509556482114,142584.0,11.0
2242,2445.0,39.0,1.0,142595.0,11.0
2243,2352.0,30.0,0.9831895571334647,142599.0,11.0
2244,2353.0,30.0,0.9658347971065712,142601.0,11.0
2245,2364.0,24.0,0.9786608256015905,142608.0,11.0
2246,2286.0,11.0,0.9980170051663209,142621.0,11.0
2247,2309.0,16.0,0.9736236332090488,142643.0,11.0
2248,2393.0,9.0,0.9978343490602848,142649.0,11.0
2249,2314.0,50.0,0.9768209196584772,142670.0,11.0
2250,2267.0,42.0,0.9906009147839602,142676.0,11.0
2251,2135.0,33.0,0.9909659251689821,142704.0,11.0
2252,2323.0,26.0,0.9759699446513093,142705.0,11.0
2253,2328.0,26.0,0.9510318328377044,142710.0,11.0
2254,2291.0,29.0,0.9937874538035458,142711.0,11.0
2255,2379.0,31.0,0.9897740114074435,142712.0,11.0
2256,2382.0,31.0,0.9927087070816757,142716.0,11.0
2257,2381.0,28.0,0.9807417379413949,142719.0,11.0
2258,2269.0,34.0,0.9595150067575754,142721.0,11.0
2259,2268.0,34.0,0.9671763861119406,142727.0,11.0
2260,2266.0,35.0,1.0,142728.0,11.0
2261,2378.0,28.0,0.995442357667324,142732.0,11.0
2262,2375.0,6.0,0.9571308722701692,142737.0,11.0
2263,2225.0,14.0,0.981543471217122,142750.0,11.0
2264,2438.0,27.0,0.9586879723125673,142751.0,11.0
2265,2315.0,32.0,0.9572681116383053,142753.0,11.0
2266,2380.0,28.0,0.9677327915379333,142755.0,11.0
2267,2414.0,52.0,1.0,142758.0,11.0
2268,2297.0,47.0,0.9815429383495334,142761.0,11.0
2269,2371.0,24.0,0.9901603275069861,142764.0,11.0
2270,2267.0,35.0,0.9588269652297612,142766.0,11.0
2271,2515.0,21.0,1.0,142770.0,11.0
2272,2342.0,46.0,0.9705920080732957,142777.0,11.0
2273,2428.0,22.0,1.0,142778.0,11.0
2274,2374.0,24.0,0.9561084213530792,142780.0,11.0
2275,2456.0,53.0,1.0,142786.0,11.0
2276,2452.0,39.0,1.0,142789.0,11.0
2277,2450.0,39.0,1.0,142791.0,11.0
2278,2448.0,39.0,1.0,142792.0,11.0
2279,2385.0,51.0,0.963690473167498,142796.0,11.0
2280,2386.0,51.0,1.0,142797.0,11.0
2281,2431.0,22.0,1.0,142801.0,11.0
2282,2320.0,26.0,0.9670334357297582,142810.0,11.0
2283,2330.0,26.0,0.9600214020976512,142811.0,11.0
2284,2346.0,49.0,0.9861995359656267,142816.0,11.0
2285,2283.0,15.0,0.9782390453823406,142832.0,11.0
2286,2319.0,50.0,0.9915751594937019,142857.0,11.0
2287,2322.0,50.0,0.9956075556417999,142892.0,11.0
2288,2375.0,24.0,0.9844709429820414,142920.0,11.0
2289,2419.0,52.0,1.0,142926.0,11.0
2290,2520.0,21.0,1.0,142949.0,11.0
2291,2386.0,28.0,0.9817528485428454,142950.0,11.0
2292,2329.0,41.0,1.0,142953.0,11.0
2293,2463.0,53.0,1.0,142977.0,11.0
2294,2328.0,41.0,1.0,142978.0,11.0
2295,2454.0,39.0,1.0,142979.0,11.0
2296,2457.0,39.0,1.0,142980.0,11.0
2297,2313.0,8.0,1.0,142983.0,11.0
2298,2455.0,39.0,1.0,142988.0,11.0
2299,2432.0,22.0,1.0,142989.0,11.0
2300,2294.0,29.0,0.9707071800794116,142994.0,11.0
2301,2502.0,23.0,1.0,142995.0,11.0
2302,2303.0,47.0,0.9776142396499147,143001.0,11.0
2303,2302.0,47.0,0.9954956264833648,143002.0,11.0
2304,2350.0,49.0,0.9937716814091011,143009.0,11.0
2305,2285.0,15.0,0.9625642420180486,143011.0,11.0
2306,2398.0,9.0,0.9930999495774888,143020.0,11.0
2307,2324.0,50.0,0.9814818721392066,143027.0,11.0
2308,2223.0,43.0,0.9923037763020766,143030.0,11.0
2309,2228.0,44.0,0.9925002252218742,143032.0,11.0
2310,2286.0,15.0,0.9748869281967525,143051.0,11.0
2311,2287.0,15.0,0.9684591950129386,143070.0,11.0
2312,2360.0,17.0,0.994253718390214,143079.0,11.0
2313,2356.0,48.0,0.9958711227967104,143085.0,11.0
2314,2351.0,49.0,0.986616194501058,143091.0,11.0
2315,2297.0,29.0,0.971045643225023,143106.0,11.0
2316,2291.0,7.0,0.9635895423167585,143111.0,11.0
2317,2368.0,30.0,0.9908615301644044,143124.0,11.0
2318,2342.0,26.0,0.9745998521815393,143133.0,11.0
2319,2233.0,14.0,1.0,143135.0,11.0
2320,2524.0,21.0,1.0,143137.0,11.0
2321,2308.0,47.0,0.994102298089302,143152.0,11.0
2322,2335.0,45.0,0.9858028742804138,143160.0,11.0
2323,2384.0,40.0,1.0,143164.0,11.0
2324,2290.0,7.0,0.9569769345655819,143168.0,11.0
2325,2287.0,7.0,0.9794861982895603,143169.0,11.0
2326,2453.0,27.0,0.9586111369214222,143174.0,11.0
2327,2318.0,8.0,0.9720388008227052,143176.0,11.0
2328,2331.0,50.0,0.9853470874738389,143193.0,11.0
2329,2275.0,42.0,0.9922596849335361,143195.0,11.0
2330,2226.0,43.0,0.9914073946719724,143222.0,11.0
2331,2352.0,49.0,0.9951251823364059,143224.0,11.0
2332,2353.0,49.0,0.9805340000769618,143241.0,11.0
2333,2290.0,15.0,0.9538924992382701,143244.0,11.0
2334,2277.0,17.0,0.9923703811500536,141198.0,11.0
2335,2277.0,45.0,0.9741128293072548,141199.0,11.0
2336,2327.0,16.0,0.9887501230160031,143255.0,11.0
2337,2431.0,52.0,1.0,143263.0,11.0
2338,2295.0,7.0,0.96319814027168,143266.0,11.0
2339,2398.0,51.0,1.0,143270.0,11.0
2340,2386.0,6.0,0.9691308555687467,143274.0,11.0
2341,2387.0,6.0,0.9883342722806527,143275.0,11.0
2342,2384.0,6.0,0.9704396246925558,143279.0,11.0
2343,2283.0,49.0,0.9980235138236926,141236.0,11.0
2344,2527.0,21.0,1.0,143294.0,11.0
2345,2526.0,21.0,1.0,143295.0,11.0
2346,2242.0,14.0,1.0,143299.0,11.0
2347,2459.0,27.0,0.9869827000124168,143308.0,11.0
2348,2427.0,52.0,1.0,143313.0,11.0
2349,2312.0,47.0,0.9823490046644708,143315.0,11.0
2350,2294.0,17.0,0.9848025409845892,141271.0,11.0
2351,2372.0,30.0,0.9504680368930862,143322.0,11.0
2352,2240.0,14.0,0.9626713855138463,143324.0,11.0
2353,2321.0,8.0,0.9605874600380246,143326.0,11.0
2354,2239.0,14.0,0.9613335880466327,143329.0,11.0
2355,2305.0,29.0,0.9868086290615297,143335.0,11.0
2356,2085.0,33.0,0.9768954482482515,141294.0,11.0
2357,2279.0,45.0,0.9911958801160744,141295.0,11.0
2358,2273.0,35.0,1.0,143344.0,11.0
2359,2294.0,46.0,0.9918120407002493,141299.0,11.0
2360,2308.0,11.0,0.9871409894201436,143349.0,11.0
2361,2332.0,16.0,0.9536678544059263,143362.0,11.0
2362,2278.0,42.0,0.9916404675145799,143368.0,11.0
2363,2342.0,50.0,1.0,143369.0,11.0
2364,2362.0,48.0,0.9900361843984962,143379.0,11.0
2365,2385.0,52.0,0.9516445280535412,141352.0,11.0
2366,2401.0,9.0,0.98641460618913,143413.0,11.0
2367,2402.0,9.0,0.9921828575955668,143414.0,11.0
2368,2334.0,16.0,0.9922285150154551,143423.0,11.0
2369,2274.0,16.0,0.9859552551713981,141381.0,11.0
2370,2347.0,50.0,0.9962837136533454,143429.0,11.0
2371,2274.0,35.0,1.0,143434.0,11.0
2372,2318.0,29.0,1.0,143436.0,11.0
2373,2324.0,8.0,0.9767886765918364,143438.0,11.0
2374,2528.0,21.0,1.0,143447.0,11.0
2375,2394.0,40.0,1.0,143449.0,11.0
2376,2285.0,34.0,0.9734354075457279,143450.0,11.0
2377,2088.0,33.0,0.9739157160109161,141407.0,11.0
2378,2315.0,47.0,0.9885844820723231,143459.0,11.0
2379,2271.0,10.0,0.9816840054114438,143462.0,11.0
2380,2313.0,29.0,0.9546515928884665,143468.0,11.0
2381,2286.0,34.0,0.9520835244145167,143479.0,11.0
2382,2275.0,16.0,0.9829885645213698,141434.0,11.0
2383,2326.0,8.0,0.9862891438952519,143482.0,11.0
2384,2360.0,13.0,0.9555991219005557,143484.0,11.0
2385,2346.0,12.0,0.9815803871200823,143485.0,11.0
2386,2509.0,23.0,1.0,143490.0,11.0
2387,2352.0,26.0,0.9767646467008242,143495.0,11.0
2388,2307.0,17.0,0.9983563981684633,141454.0,11.0
2389,2347.0,41.0,1.0,143508.0,11.0
2390,2466.0,39.0,1.0,143509.0,11.0
2391,2298.0,7.0,0.964698086290251,143510.0,11.0
2392,2361.0,13.0,0.9888066270285667,143515.0,11.0
2393,2232.0,44.0,0.9948180145493968,143517.0,11.0
2394,2353.0,26.0,1.0,143518.0,11.0
2395,2391.0,6.0,0.953045452150882,143523.0,11.0
2396,2359.0,13.0,0.988344932841129,143525.0,11.0
2397,2224.0,35.0,0.9650818463921091,141480.0,11.0
2398,2305.0,46.0,0.9848623598970072,141487.0,11.0
2399,2285.0,45.0,0.9658240395113938,141491.0,11.0
2400,2368.0,48.0,0.9866236234776236,143540.0,11.0
2401,2351.0,50.0,0.9902043321842067,143544.0,11.0
2402,2313.0,11.0,0.988686824836057,143553.0,11.0
2403,2293.0,15.0,0.9886874861777626,143555.0,11.0
2404,2297.0,50.0,0.9957989289881213,141522.0,11.0
2405,2373.0,48.0,0.9851161675516816,143574.0,11.0
2406,2316.0,11.0,0.9950493396154292,143583.0,11.0
2407,2303.0,49.0,0.9924910235727779,141543.0,11.0
2408,2289.0,34.0,1.0,143593.0,11.0
2409,2389.0,24.0,1.0,143599.0,11.0
2410,2252.0,7.0,0.9569457537970358,141556.0,11.0
2411,2349.0,41.0,0.975810209684316,143604.0,11.0
2412,2386.0,30.0,0.9672141461131153,143605.0,11.0
2413,2098.0,33.0,0.9812566418039537,141560.0,11.0
2414,2343.0,28.0,0.9843275439247571,141562.0,11.0
2415,2316.0,47.0,0.9818123934956171,143615.0,11.0
2416,2344.0,51.0,1.0,141568.0,11.0
2417,2345.0,51.0,1.0,141569.0,11.0
2418,2095.0,33.0,0.9960957667156182,141574.0,11.0
2419,2310.0,46.0,0.9569116905900589,141575.0,11.0
2420,2329.0,8.0,1.0,143631.0,11.0
2421,2328.0,8.0,0.9571096858114865,143632.0,11.0
2422,2391.0,52.0,1.0,141585.0,11.0
2423,2441.0,52.0,1.0,143635.0,11.0
2424,2175.0,44.0,0.989454266509415,141590.0,11.0
2425,2229.0,35.0,0.9728079477556072,141591.0,11.0
2426,2283.0,32.0,0.970686996220853,141593.0,11.0
2427,2173.0,44.0,0.987348953628453,141598.0,11.0
2428,2390.0,24.0,0.9805794449186556,143646.0,11.0
2429,2397.0,6.0,0.9658020479514965,143648.0,11.0
2430,2353.0,12.0,0.9847988767830389,143653.0,11.0
2431,2320.0,17.0,0.9872308668235323,141606.0,11.0
2432,2395.0,40.0,1.0,143657.0,11.0
2433,2396.0,40.0,1.0,143658.0,11.0
2434,2466.0,27.0,0.9800562260192947,143660.0,11.0
2435,2295.0,15.0,0.9833349878164348,143663.0,11.0
2436,2323.0,17.0,0.9915444012367386,141619.0,11.0
2437,2376.0,48.0,0.9938264102608066,143681.0,11.0
2438,2298.0,15.0,0.9883667431654665,143698.0,11.0
2439,2236.0,42.0,0.995575990267202,141653.0,11.0
2440,2318.0,11.0,0.9936423126276227,143701.0,11.0
2441,2237.0,43.0,0.9883268061526853,143703.0,11.0
2442,2238.0,43.0,0.9885832913954253,143705.0,11.0
2443,2284.0,16.0,0.9975405381528529,141658.0,11.0
2444,2355.0,12.0,0.9727297037532332,143716.0,11.0
2445,2356.0,12.0,1.0,143717.0,11.0
2446,2348.0,51.0,1.0,141670.0,11.0
2447,2532.0,21.0,1.0,143729.0,11.0
2448,2330.0,29.0,0.9857351492249646,143739.0,11.0
2449,2391.0,30.0,0.9682836069925136,143742.0,11.0
2450,2478.0,53.0,1.0,143745.0,11.0
2451,2253.0,7.0,0.9670770361261021,141700.0,11.0
2452,2477.0,53.0,1.0,143752.0,11.0
2453,2429.0,53.0,0.9830752821535338,141709.0,11.0
2454,2178.0,44.0,0.9817206875898173,141710.0,11.0
2455,2344.0,32.0,0.9902477098219938,143760.0,11.0
2456,2252.0,14.0,0.9621446661861146,143761.0,11.0
2457,2468.0,27.0,0.9613155061289034,143762.0,11.0
2458,2396.0,24.0,0.9900626297962252,143768.0,11.0
2459,2318.0,47.0,0.9791413434064447,143769.0,11.0
2460,2346.0,45.0,0.9673290330026091,143771.0,11.0
2461,2343.0,31.0,0.969378562899408,141724.0,11.0
2462,2257.0,11.0,0.991233276404369,141729.0,11.0
2463,2342.0,32.0,0.9615384510204278,143779.0,11.0
2464,2475.0,27.0,0.9723546674775587,143786.0,11.0
2465,2354.0,41.0,1.0,143787.0,11.0
2466,2330.0,25.0,0.9520619227058071,143788.0,11.0
2467,2260.0,11.0,0.9892962054875103,141745.0,11.0
2468,2331.0,17.0,0.9952906464858143,141763.0,11.0
2469,2378.0,48.0,0.972782432164498,143815.0,11.0
2470,2398.0,30.0,0.986994019860987,143832.0,11.0
2471,2281.0,42.0,0.9892611999947241,143834.0,11.0
2472,2300.0,15.0,0.9555683795006722,143836.0,11.0
2473,2186.0,43.0,0.9964518556323053,141789.0,11.0
2474,2110.0,33.0,0.9969300839855969,141793.0,11.0
2475,2405.0,6.0,0.9692470449037258,143843.0,11.0
2476,2180.0,44.0,0.9871646051361657,141796.0,11.0
2477,2378.0,13.0,0.9799017723191665,143848.0,11.0
2478,2406.0,51.0,1.0,143850.0,11.0
2479,2242.0,35.0,0.9572955101276505,141804.0,11.0
2480,2431.0,53.0,1.0,141806.0,11.0
2481,2321.0,47.0,0.989928049064189,143854.0,11.0
2482,2336.0,8.0,1.0,143856.0,11.0
2483,2421.0,27.0,0.9559734973086095,141809.0,11.0
2484,2320.0,47.0,0.9891868690952623,143859.0,11.0
2485,2476.0,27.0,0.9630426086072544,143863.0,11.0
2486,2254.0,14.0,0.9601397508173544,143864.0,11.0
2487,2353.0,51.0,0.9560693923105409,141818.0,11.0
2488,2352.0,51.0,1.0,141819.0,11.0
2489,2285.0,10.0,1.0,143867.0,11.0
2490,2302.0,26.0,0.9558952156537862,141821.0,11.0
2491,2182.0,44.0,0.9888716921899354,141824.0,11.0
2492,2534.0,21.0,1.0,143872.0,11.0
2493,2294.0,34.0,1.0,143873.0,11.0
2494,2292.0,34.0,0.9703802174506401,143875.0,11.0
2495,2396.0,52.0,1.0,141833.0,11.0
2496,2334.0,29.0,0.9926609268625026,143882.0,11.0
2497,2336.0,29.0,0.9761966385844566,143883.0,11.0
2498,2357.0,12.0,1.0,143888.0,11.0
2499,2339.0,25.0,0.9613186393898933,143889.0,11.0
2500,2318.0,46.0,0.9743995130977304,141846.0,11.0
2501,2349.0,28.0,0.9954626505113489,141848.0,11.0
2502,2384.0,48.0,0.9967466263259834,143916.0,11.0
2503,2283.0,42.0,0.9912883580022686,143917.0,11.0
2504,2242.0,43.0,0.9913349977555037,143920.0,11.0
2505,2364.0,41.0,0.9757497258073125,143929.0,11.0
2506,2448.0,22.0,1.0,143933.0,11.0
2507,2295.0,34.0,0.9693517188426284,143935.0,11.0
2508,2342.0,25.0,0.98225880109461,143937.0,11.0
2509,2409.0,6.0,0.9847627451375435,143938.0,11.0
2510,2408.0,6.0,0.9874041498799183,143939.0,11.0
2511,2290.0,10.0,0.9537677914553727,143941.0,11.0
2512,2155.0,33.0,0.9888378522634242,143942.0,11.0
2513,2321.0,49.0,0.976353128869741,141899.0,11.0
2514,2362.0,41.0,0.9818803871929697,143953.0,11.0
2515,2363.0,41.0,1.0,143955.0,11.0
2516,2291.0,10.0,0.9809881791081742,143956.0,11.0
2517,2292.0,16.0,0.9642584550171447,141909.0,11.0
2518,2337.0,17.0,0.9901663538069296,141914.0,11.0
2519,2293.0,16.0,0.9833198619795341,141915.0,11.0
2520,2344.0,25.0,0.9692267717884309,143969.0,11.0
2521,2294.0,16.0,0.9718666823281426,141922.0,11.0
2522,2243.0,43.0,0.9796715267182703,143987.0,11.0
2523,2244.0,43.0,0.9925190824389152,143988.0,11.0
2524,2386.0,48.0,0.9923185017006525,143994.0,11.0
2525,2331.0,11.0,0.9963005030260939,143996.0,11.0
2526,2363.0,12.0,0.976819007401109,144000.0,11.0
2527,2388.0,13.0,1.0,144005.0,11.0
2528,2303.0,45.0,0.9655193680663995,141958.0,11.0
2529,2307.0,7.0,1.0,144009.0,11.0
2530,2345.0,24.0,0.9749818099722016,141962.0,11.0
2531,2431.0,39.0,1.0,141965.0,11.0
2532,2297.0,34.0,1.0,144015.0,11.0
2533,2297.0,10.0,0.986561736047397,144020.0,11.0
2534,2298.0,10.0,0.9722268859290116,144023.0,11.0
2535,2434.0,53.0,0.9817427154567968,141978.0,11.0
2536,2298.0,34.0,1.0,144035.0,11.0
2537,2375.0,9.0,0.9891851709391682,141990.0,11.0
2538,2401.0,24.0,0.9909781836935138,144038.0,11.0
2539,2321.0,46.0,0.9704936927094319,141993.0,11.0
2540,2362.0,31.0,0.993763175192828,141995.0,11.0
2541,2361.0,12.0,0.9943055283134515,144044.0,11.0
2542,2114.0,33.0,0.987854237684906,141999.0,11.0
2543,2116.0,33.0,0.9838820854495067,142002.0,11.0
2544,2115.0,33.0,0.9832713990870184,142003.0,11.0
2545,2324.0,46.0,0.9733743045465693,142005.0,11.0
2546,2322.0,46.0,0.9783536231558477,142008.0,11.0
2547,2438.0,53.0,1.0,142013.0,11.0
2548,2435.0,53.0,0.953020491445661,142015.0,11.0
2549,2370.0,50.0,0.9927212412546597,144065.0,11.0
2550,2400.0,52.0,1.0,142018.0,11.0
2551,2361.0,31.0,0.9790770040544846,142021.0,11.0
2552,2397.0,52.0,1.0,142029.0,11.0
2553,2413.0,40.0,1.0,144080.0,11.0
2554,2412.0,40.0,1.0,144082.0,11.0
2555,2393.0,13.0,1.0,144085.0,11.0
2556,2353.0,25.0,0.9684644734135659,144090.0,11.0
2557,2301.0,10.0,0.9727492784335855,144093.0,11.0
2558,2350.0,25.0,0.965403517216977,144094.0,11.0
2559,2332.0,48.0,0.9956886546346867,142050.0,11.0
2560,2351.0,25.0,0.9605433206269323,144098.0,11.0
2561,2223.0,14.0,0.9813640843505753,142565.0,11.0
2562,2511.0,23.0,1.0,143590.0,11.0
2563,2325.0,29.0,0.9822826384864246,143594.0,11.0
2564,2290.0,34.0,1.0,143595.0,11.0
2565,2288.0,15.0,0.9836430106441534,143088.0,11.0
2566,2285.0,29.0,0.9570734879176961,142578.0,11.0
2567,2396.0,6.0,0.9758792315041936,143606.0,11.0
2568,2300.0,11.0,0.9899970359075212,143095.0,11.0
2569,2352.0,9.0,0.9948543639082823,141559.0,11.0
2570,2384.0,30.0,0.9771079124364348,143608.0,11.0
2571,2304.0,8.0,1.0,142589.0,11.0
2572,2146.0,33.0,0.9761331800981168,143105.0,11.0
2573,2257.0,35.0,1.0,142594.0,11.0
2574,2522.0,23.0,1.0,144132.0,11.0
2575,2412.0,52.0,1.0,142596.0,11.0
2576,2372.0,28.0,0.9659905389263983,142598.0,11.0
2577,2408.0,28.0,0.986119929082631,144135.0,11.0
2578,2390.0,28.0,0.9770768151865794,143108.0,11.0
2579,2236.0,14.0,1.0,143109.0,11.0
2580,2274.0,34.0,1.0,143114.0,11.0
2581,2273.0,34.0,0.9683395268260943,143115.0,11.0
2582,2392.0,52.0,1.0,141581.0,11.0
2583,2417.0,40.0,1.0,144142.0,11.0
2584,2509.0,21.0,1.0,142606.0,11.0
2585,2437.0,22.0,1.0,143120.0,11.0
2586,2375.0,51.0,1.0,142609.0,11.0
2587,2133.0,33.0,0.9847223816070354,142613.0,11.0
2588,2369.0,30.0,0.9781080916029459,143125.0,11.0
2589,2174.0,44.0,0.9857148101342276,141589.0,11.0
2590,2304.0,50.0,0.99618222459547,142105.0,11.0
2591,2377.0,9.0,0.9944086249119585,142108.0,11.0
2592,2172.0,44.0,0.9829057202165717,141597.0,11.0
2593,2523.0,21.0,1.0,143136.0,11.0
2594,2311.0,45.0,0.979389871981767,142114.0,11.0
2595,2288.0,11.0,0.9797933527666967,142627.0,11.0
2596,2322.0,25.0,0.9633351251572053,143652.0,11.0
2597,2424.0,52.0,1.0,143142.0,11.0
2598,2358.0,26.0,0.9815844012492795,143654.0,11.0
2599,2321.0,17.0,0.9847672143960026,141608.0,11.0
2600,2306.0,47.0,0.9899592729144711,143146.0,11.0
2601,2501.0,21.0,1.0,142125.0,11.0
2602,2333.0,45.0,0.9641419291396615,143150.0,11.0
2603,2301.0,7.0,0.9751182158612557,143661.0,11.0
2604,2325.0,32.0,0.9703327763882871,143155.0,11.0
2605,2338.0,16.0,0.9702063524543183,143672.0,11.0
2606,2279.0,15.0,0.9706381547842815,142655.0,11.0
2607,2310.0,16.0,0.9934065204845881,142659.0,11.0
2608,2446.0,53.0,1.0,142149.0,11.0
2609,2421.0,40.0,1.0,144199.0,11.0
2610,2230.0,44.0,0.9824053252574845,143181.0,11.0
2611,2440.0,53.0,1.0,142158.0,11.0
2612,2366.0,25.0,0.9610896153212676,144209.0,11.0
2613,2381.0,6.0,0.9860761350077026,143187.0,11.0
2614,2442.0,53.0,1.0,142166.0,11.0
2615,2423.0,40.0,1.0,144215.0,11.0
2616,2441.0,53.0,1.0,142167.0,11.0
2617,2302.0,11.0,0.9753888547728691,143196.0,11.0
2618,2332.0,50.0,0.990740926076243,143200.0,11.0
2619,2315.0,10.0,0.9542445774806977,144226.0,11.0
2620,2360.0,26.0,0.9755134264046693,143714.0,11.0
2621,2364.0,51.0,1.0,142180.0,11.0
2622,2423.0,22.0,1.0,142181.0,11.0
2623,2524.0,23.0,1.0,144230.0,11.0
2624,2393.0,52.0,1.0,141667.0,11.0
2625,2234.0,35.0,1.0,141674.0,11.0
2626,2310.0,45.0,0.9857090388774367,142187.0,11.0
2627,2346.0,48.0,0.9962959689440445,142700.0,11.0
2628,2334.0,50.0,0.9976920911514381,143211.0,11.0
2629,2276.0,42.0,0.9879777581996535,143212.0,11.0
2630,2355.0,24.0,0.9560861719808691,142191.0,11.0
2631,2335.0,50.0,0.9942425926365436,143213.0,11.0
2632,2372.0,13.0,1.0,143732.0,11.0
2633,2392.0,30.0,0.9674599330242405,143734.0,11.0
2634,2424.0,39.0,1.0,141688.0,11.0
2635,2303.0,7.0,0.9669485327841294,143736.0,11.0
2636,2364.0,17.0,0.9891972397507063,143230.0,11.0
2637,2374.0,13.0,0.9574897033480025,143743.0,11.0
2638,2436.0,27.0,0.9710049032422137,142722.0,11.0
2639,2342.0,17.0,0.9947832632139945,142212.0,11.0
2640,2421.0,22.0,1.0,141701.0,11.0
2641,2267.0,34.0,0.9667979145323261,142726.0,11.0
2642,2281.0,49.0,0.9784242706726497,141191.0,11.0
2643,2402.0,40.0,1.0,143753.0,11.0
2644,2333.0,8.0,1.0,143754.0,11.0
2645,2344.0,31.0,0.9864839485902088,141707.0,11.0
2646,2345.0,31.0,0.9660442584653166,141708.0,11.0
2647,2291.0,15.0,0.950555619496728,143245.0,11.0
2648,2375.0,13.0,1.0,143758.0,11.0
2649,2428.0,53.0,1.0,141712.0,11.0
2650,2288.0,46.0,1.0,141201.0,11.0
2651,2298.0,47.0,0.9823149135563055,142738.0,11.0
2652,2254.0,42.0,0.9884545260343464,142227.0,11.0
2653,2360.0,48.0,0.9948457535293264,143250.0,11.0
2654,2292.0,45.0,0.9549177136415947,141713.0,11.0
2655,2106.0,33.0,0.9765504552949464,141715.0,11.0
2656,2105.0,33.0,0.9742121516295811,141716.0,11.0
2657,2362.0,6.0,0.9540002400588373,141722.0,11.0
2658,2347.0,13.0,1.0,142748.0,11.0
2659,2331.0,29.0,0.9688827065883794,143775.0,11.0
2660,2316.0,32.0,1.0,142752.0,11.0
2661,2203.0,44.0,0.9749205226317887,142241.0,11.0
2662,2357.0,30.0,0.9853725347137846,142760.0,11.0
2663,2394.0,28.0,0.9826381591808763,143272.0,11.0
2664,2311.0,49.0,0.9864835540851843,141738.0,11.0
2665,2312.0,49.0,0.9896866522241912,141741.0,11.0
2666,2293.0,7.0,0.973940086455876,143278.0,11.0
2667,2372.0,24.0,0.9509308405510365,142767.0,11.0
2668,2385.0,6.0,0.9641031649027026,143280.0,11.0
2669,2395.0,30.0,0.955890819634804,143790.0,11.0
2670,2394.0,30.0,1.0,143791.0,11.0
2671,2265.0,10.0,0.9598973826221533,143286.0,11.0
2672,2310.0,47.0,0.9777857422729583,143289.0,11.0
2673,2311.0,47.0,0.981499673172805,143290.0,11.0
2674,2338.0,41.0,1.0,143297.0,11.0
2675,2181.0,43.0,0.9905908772575983,141762.0,11.0
2676,2272.0,11.0,0.9930144206448597,142276.0,11.0
2677,2341.0,41.0,0.9555785624189491,143302.0,11.0
2678,2316.0,49.0,0.987096574156766,141766.0,11.0
2679,2310.0,25.0,0.9800967131744621,143306.0,11.0
2680,2384.0,51.0,1.0,142795.0,11.0
2681,2289.0,17.0,0.9977354173847599,141261.0,11.0
2682,2362.0,9.0,0.9939437878364772,141773.0,11.0
2683,2257.0,42.0,0.9917954902430284,142288.0,11.0
2684,2325.0,26.0,0.9838642106181219,142804.0,11.0
2685,2333.0,26.0,0.9627141602474505,142807.0,11.0
2686,2329.0,26.0,0.9597911432109205,142809.0,11.0
2687,2373.0,30.0,0.9647388468862892,143321.0,11.0
2688,2365.0,9.0,0.9615207143952134,141790.0,11.0
2689,2347.0,17.0,0.9942560632324987,142303.0,11.0
2690,2361.0,41.0,1.0,143839.0,11.0
2691,2359.0,41.0,0.9549190810411622,143842.0,11.0
2692,2340.0,12.0,0.9819021848811206,143332.0,11.0
2693,2357.0,24.0,0.9538815845758531,142309.0,11.0
2694,2338.0,12.0,0.9692021748953988,143333.0,11.0
2695,2442.0,39.0,1.0,142311.0,11.0
2696,2316.0,16.0,0.9925241631186537,142824.0,11.0
2697,2181.0,44.0,0.9787687455455129,141797.0,11.0
2698,2363.0,6.0,0.9532758546605189,141801.0,11.0
2699,2358.0,24.0,0.9840389200712149,142315.0,11.0
2700,2257.0,34.0,1.0,142318.0,11.0
2701,2253.0,34.0,1.0,142319.0,11.0
2702,2318.0,16.0,0.9857376892145531,142831.0,11.0
2703,2430.0,53.0,1.0,141807.0,11.0
2704,2337.0,12.0,1.0,143346.0,11.0
2705,2217.0,43.0,1.0,142835.0,11.0
2706,2339.0,31.0,0.9829120625741957,141300.0,11.0
2707,2284.0,15.0,0.9602769909656235,142837.0,11.0
2708,2336.0,25.0,0.9804599003273641,143855.0,11.0
2709,2337.0,25.0,0.9747355183870419,143861.0,11.0
2710,2408.0,52.0,1.0,142328.0,11.0
2711,2317.0,50.0,0.9930900498083686,142840.0,11.0
2712,2351.0,51.0,1.0,141815.0,11.0
2713,2477.0,27.0,0.9742287263281577,143862.0,11.0
2714,2348.0,49.0,0.9822833019624803,142844.0,11.0
2715,2367.0,9.0,0.9885306114917415,141820.0,11.0
2716,2341.0,50.0,0.9940444341669514,143360.0,11.0
2717,2299.0,8.0,1.0,142338.0,11.0
2718,2331.0,46.0,1.0,142341.0,11.0
2719,2335.0,29.0,0.9895730079336325,143881.0,11.0
2720,2348.0,31.0,0.9764654076157899,141834.0,11.0
2721,2422.0,22.0,1.0,141835.0,11.0
2722,2426.0,39.0,1.0,141836.0,11.0
2723,2113.0,33.0,0.9855241885285774,141837.0,11.0
2724,2292.0,15.0,0.9799069150704037,143376.0,11.0
2725,2349.0,48.0,0.993614386051287,142865.0,11.0
2726,2282.0,47.0,0.9839861058869945,142356.0,11.0
2727,2282.0,42.0,0.9773723624347366,143892.0,11.0
2728,2300.0,32.0,0.9741185314809025,142359.0,11.0
2729,2325.0,11.0,0.9953592059152879,143895.0,11.0
2730,2243.0,35.0,1.0,141849.0,11.0
2731,2497.0,21.0,1.0,141851.0,11.0
2732,2351.0,48.0,0.9961454103852533,142876.0,11.0
2733,2269.0,42.0,0.9813298560342613,142879.0,11.0
2734,2295.0,45.0,0.9738709626340721,141857.0,11.0
2735,2218.0,43.0,0.9943977276639951,142882.0,11.0
2736,2298.0,46.0,1.0,141346.0,11.0
2737,2296.0,45.0,0.9926632630626226,141858.0,11.0
2738,2311.0,11.0,1.0,143402.0,11.0
2739,2231.0,43.0,0.9933039285126021,143403.0,11.0
2740,2289.0,16.0,0.9637490885341228,141872.0,11.0
2741,2232.0,43.0,0.9909712085167441,143409.0,11.0
2742,2368.0,6.0,0.9609643955416313,142389.0,11.0
2743,2270.0,42.0,0.98894536469155,142905.0,11.0
2744,2406.0,40.0,1.0,143930.0,11.0
2745,2368.0,9.0,0.9737349570617674,141883.0,11.0
2746,2450.0,53.0,1.0,142397.0,11.0
2747,2333.0,17.0,0.9954992129761743,141885.0,11.0
2748,2130.0,33.0,0.9677219496650794,142399.0,11.0
2749,2480.0,27.0,0.9600024690344214,143934.0,11.0
2750,2458.0,39.0,1.0,142918.0,11.0
2751,2316.0,26.0,0.9555376152862269,142410.0,11.0
2752,2338.0,8.0,1.0,143948.0,11.0
2753,2293.0,26.0,0.987259775428052,141390.0,11.0
2754,2140.0,33.0,0.9882231563871391,142927.0,11.0
2755,2360.0,12.0,0.9937946482175324,143952.0,11.0
2756,2336.0,17.0,0.9965933338896314,141905.0,11.0
2757,2300.0,46.0,0.9593634096416894,141394.0,11.0
2758,2222.0,35.0,1.0,141396.0,11.0
2759,2344.0,41.0,0.9553581431645755,143444.0,11.0
2760,2321.0,32.0,0.9742142040713249,142934.0,11.0
2761,2282.0,45.0,1.0,141398.0,11.0
2762,2282.0,34.0,1.0,143448.0,11.0
2763,2227.0,14.0,0.9611041985629402,142937.0,11.0
2764,2381.0,13.0,1.0,143960.0,11.0
2765,2350.0,46.0,1.0,142939.0,11.0
2766,2248.0,14.0,0.9698342605129611,143452.0,11.0
2767,2284.0,7.0,0.9867148975054705,142941.0,11.0
2768,2272.0,10.0,0.9516357890622031,143454.0,11.0
2769,2340.0,8.0,1.0,143963.0,11.0
2770,2281.0,7.0,0.9746166779377221,142944.0,11.0
2771,2164.0,44.0,0.9819228085547612,141410.0,11.0
2772,2292.0,10.0,0.959570573434692,143970.0,11.0
2773,2312.0,29.0,0.9729822887028777,143460.0,11.0
2774,2249.0,14.0,1.0,143461.0,11.0
2775,2304.0,47.0,0.9784380112175759,142951.0,11.0
2776,2387.0,24.0,0.9769787011140537,143463.0,11.0
2777,2299.0,46.0,1.0,141417.0,11.0
2778,2329.0,24.0,0.9945287122888142,141418.0,11.0
2779,2299.0,7.0,0.9902960396181983,143464.0,11.0
2780,2273.0,10.0,0.9724034196622113,143465.0,11.0
2781,2311.0,29.0,0.9793169447593701,143470.0,11.0
2782,2247.0,14.0,0.9763506110630351,143471.0,11.0
2783,2270.0,10.0,0.9609594541766368,143472.0,11.0
2784,2387.0,31.0,0.9819012617220849,142961.0,11.0
2785,2391.0,31.0,0.9730238264400447,142965.0,11.0
2786,2387.0,9.0,0.9877998228784324,142454.0,11.0
2787,2170.0,43.0,0.9807534401021963,141431.0,11.0
2788,2275.0,15.0,0.9674851788059472,142456.0,11.0
2789,2314.0,29.0,0.9889597820864566,143480.0,11.0
2790,2442.0,27.0,0.9571247096697877,142970.0,11.0
2791,2326.0,49.0,0.9930226883070212,141945.0,11.0
2792,2344.0,12.0,0.9784919796548809,143486.0,11.0
2793,2345.0,12.0,1.0,143487.0,11.0
2794,2320.0,32.0,0.9612041962188151,142976.0,11.0
2795,2338.0,32.0,0.9888570726130111,143491.0,11.0
2796,2427.0,39.0,1.0,141955.0,11.0
2797,2386.0,13.0,1.0,144003.0,11.0
2798,2348.0,41.0,0.9736567564583339,143494.0,11.0
2799,2344.0,24.0,0.9741983860187307,141957.0,11.0
2800,2343.0,8.0,1.0,144008.0,11.0
2801,2311.0,8.0,1.0,142987.0,11.0
2802,2398.0,28.0,0.9717089686099629,143499.0,11.0
2803,2518.0,23.0,1.0,144013.0,11.0
2804,2430.0,39.0,1.0,141966.0,11.0
2805,2481.0,27.0,0.9756977186470019,144014.0,11.0
2806,2421.0,52.0,1.0,142992.0,11.0
2807,2519.0,21.0,1.0,142993.0,11.0
2808,2296.0,10.0,1.0,144021.0,11.0
2809,2391.0,51.0,1.0,143003.0,11.0
2810,2228.0,42.0,0.9777948090761069,141468.0,11.0
2811,2410.0,40.0,1.0,144030.0,11.0
2812,2407.0,28.0,0.9716827699241231,144033.0,11.0
2813,2341.0,31.0,0.9862260002063309,141474.0,11.0
2814,2322.0,16.0,0.9904122402634491,143014.0,11.0
2815,2461.0,27.0,0.9615169568039187,143526.0,11.0
2816,2374.0,9.0,0.984954594429419,141991.0,11.0
2817,2498.0,21.0,1.0,141994.0,11.0
2818,2249.0,35.0,0.9583255051479204,141996.0,11.0
2819,2289.0,47.0,0.9824236023760107,142518.0,11.0
2820,2378.0,51.0,0.9600501437472074,142519.0,11.0
2821,2349.0,9.0,0.9697384608244791,141494.0,11.0
2822,2323.0,46.0,0.962682897952231,142006.0,11.0
2823,2388.0,48.0,1.0,144054.0,11.0
2824,2186.0,44.0,0.9826476257130555,142009.0,11.0
2825,2235.0,43.0,0.9911398873252648,143548.0,11.0
2826,2432.0,27.0,0.9549676241468802,142532.0,11.0
2827,2215.0,44.0,0.9847733461880739,142535.0,11.0
2828,2519.0,23.0,0.9622782434267275,144075.0,11.0
2829,2314.0,11.0,0.9897938598263848,143564.0,11.0
2830,2411.0,52.0,1.0,142541.0,11.0
2831,2353.0,50.0,0.9978449329552511,143565.0,11.0
2832,2368.0,41.0,0.9732748790566786,144077.0,11.0
2833,2258.0,35.0,0.9634786400923637,142544.0,11.0
2834,2373.0,28.0,0.9922055045769681,142545.0,11.0
2835,2353.0,48.0,0.9956571450972577,143056.0,11.0
2836,2330.0,49.0,0.9863941286985612,142036.0,11.0
2837,2345.0,13.0,0.9605475937628243,142551.0,11.0
2838,2354.0,25.0,0.9514420698193201,144088.0,11.0
2839,2233.0,42.0,0.9857499416968969,141536.0,11.0
2840,2365.0,13.0,1.0,143586.0,11.0
2841,2450.0,22.0,1.0,144101.0,11.0
2842,2367.0,12.0,1.0,144104.0,11.0
2843,2377.0,31.0,0.9782759534931661,142568.0,11.0
2844,2260.0,35.0,0.9702636937357382,142571.0,11.0
2845,2288.0,34.0,1.0,143596.0,11.0
2846,2343.0,51.0,0.9660279374420021,141549.0,11.0
2847,2366.0,13.0,1.0,143597.0,11.0
2848,2332.0,49.0,0.9915652111499005,142063.0,11.0
2849,2342.0,28.0,0.973797209120909,141552.0,11.0
2850,2373.0,50.0,0.9966936141400702,144113.0,11.0
2851,2276.0,35.0,1.0,143601.0,11.0
2852,2262.0,34.0,0.9608248457645979,142582.0,11.0
2853,2329.0,50.0,0.9666146491216138,143094.0,11.0
2854,2299.0,29.0,0.9858509298263651,143097.0,11.0
2855,2298.0,29.0,0.9702256935583112,143098.0,11.0
2856,2382.0,30.0,0.9822197297453694,143610.0,11.0
2857,2381.0,30.0,1.0,143611.0,11.0
2858,2403.0,51.0,0.9571902619270217,143613.0,11.0
2859,2301.0,29.0,1.0,143102.0,11.0
2860,2521.0,23.0,1.0,144127.0,11.0
2861,2422.0,39.0,1.0,141566.0,11.0
2862,2326.0,12.0,0.9604893319348655,142593.0,11.0
2863,2418.0,22.0,1.0,141570.0,11.0
2864,2442.0,22.0,1.0,143620.0,11.0
2865,2511.0,21.0,1.0,142597.0,11.0
2866,2237.0,14.0,0.9788655581414822,143110.0,11.0
2867,2096.0,33.0,0.9840501819368517,141573.0,11.0
2868,2296.0,16.0,0.9923736546620521,142088.0,11.0
2869,2358.0,25.0,0.9855402461500646,144137.0,11.0
2870,2381.0,24.0,0.9930473527367516,143112.0,11.0
2871,2369.0,13.0,1.0,143624.0,11.0
2872,2374.0,28.0,0.9556994279299669,142604.0,11.0
2873,2370.0,41.0,1.0,144141.0,11.0
2874,2438.0,22.0,1.0,143117.0,11.0
2875,2279.0,10.0,0.9814939569583777,143626.0,11.0
2876,2420.0,6.0,1.0,144144.0,11.0
2877,2251.0,14.0,0.9764059150119401,143628.0,11.0
2878,2330.0,8.0,1.0,143630.0,11.0
2879,2465.0,27.0,0.9523627842651896,143634.0,11.0
2880,2288.0,45.0,0.9611342760289663,141587.0,11.0
2881,2097.0,33.0,0.9908304548421154,141588.0,11.0
2882,2349.0,8.0,1.0,144150.0,11.0
2883,2297.0,16.0,0.9881990108525437,142103.0,11.0
2884,2331.0,8.0,1.0,143638.0,11.0
2885,2353.0,9.0,0.9896757215909776,141594.0,11.0
2886,2391.0,9.0,0.9774502502365897,142623.0,11.0
2887,2308.0,45.0,0.9644393316616097,142115.0,11.0
2888,2318.0,17.0,0.9948657405626166,141604.0,11.0
2889,2309.0,10.0,0.9783661020328194,144168.0,11.0
2890,2302.0,34.0,1.0,144169.0,11.0
2891,2277.0,10.0,0.9564199239237283,143656.0,11.0
2892,2300.0,7.0,0.9715189567097986,143659.0,11.0
2893,2408.0,30.0,0.9587594787224462,144172.0,11.0
2894,2374.0,48.0,0.9926334424070092,143662.0,11.0
2895,2419.0,40.0,0.9729098291993634,144175.0,11.0
2896,2315.0,8.0,1.0,143151.0,11.0
2897,2236.0,43.0,0.9732285786859292,143664.0,11.0
2898,2280.0,42.0,0.9904822248065052,143665.0,11.0
2899,2209.0,43.0,0.9725503460447001,142644.0,11.0
2900,2282.0,16.0,0.9905749771061896,141621.0,11.0
2901,2327.0,32.0,0.9799016375163844,143158.0,11.0
2902,2323.0,32.0,1.0,143159.0,11.0
2903,2288.0,7.0,0.955225729837981,143166.0,11.0
2904,2365.0,25.0,0.9581791413961342,144191.0,11.0
2905,2307.0,26.0,1.0,142147.0,11.0
2906,2409.0,30.0,0.9580848979280716,144195.0,11.0
2907,2363.0,25.0,0.9793983832982733,144198.0,11.0
2908,2211.0,43.0,0.9671860515119494,142663.0,11.0
2909,2469.0,53.0,1.0,143175.0,11.0
2910,2391.0,28.0,1.0,143180.0,11.0
2911,2423.0,27.0,0.9704759956670744,142157.0,11.0
2912,2345.0,48.0,0.9906182422989074,142669.0,11.0
2913,2290.0,11.0,0.9946814596696903,142671.0,11.0
2914,2422.0,40.0,0.9528914454587039,144208.0,11.0
2915,2334.0,12.0,0.956315367249099,143183.0,11.0
2916,2367.0,25.0,0.9703552832177089,144210.0,11.0
2917,2335.0,12.0,0.966402092683268,143184.0,11.0
2918,2461.0,39.0,1.0,143185.0,11.0
2919,2443.0,53.0,1.0,142165.0,11.0
2920,2353.0,46.0,0.9502427346012647,143190.0,11.0
2921,2386.0,40.0,1.0,143191.0,11.0
2922,2394.0,52.0,1.0,141660.0,11.0
2923,2349.0,51.0,1.0,141662.0,11.0
2924,2311.0,16.0,0.9906880343054052,142687.0,11.0
2925,2249.0,34.0,0.9925757093179163,142178.0,11.0
2926,2369.0,25.0,0.9725033049856857,144229.0,11.0
2927,2315.0,50.0,0.9711885112355519,142694.0,11.0
2928,2435.0,39.0,1.0,142184.0,11.0
2929,2525.0,23.0,1.0,144233.0,11.0
2930,2420.0,22.0,1.0,141675.0,11.0
2931,2437.0,39.0,1.0,142190.0,11.0
2932,2289.0,15.0,0.9739807155627895,143215.0,11.0
2933,2469.0,27.0,1.0,143727.0,11.0
2934,2304.0,7.0,0.9620704624803995,143731.0,11.0
2935,2354.0,24.0,0.9689652167515752,142198.0,11.0
2936,2352.0,24.0,0.9584656015089831,142202.0,11.0
2937,2273.0,17.0,0.9881636388721778,141179.0,11.0
2938,2291.0,34.0,0.9508429629142088,143741.0,11.0
2939,2337.0,50.0,0.9976431178740117,143231.0,11.0
2940,2203.0,14.0,1.0,141695.0,11.0
2941,2342.0,31.0,0.9945636762380096,141703.0,11.0
2942,2257.0,15.0,0.9938327608943478,141704.0,11.0
2943,2298.0,16.0,0.9979326644045602,142217.0,11.0
2944,2343.0,46.0,1.0,142729.0,11.0
2945,2264.0,35.0,1.0,142730.0,11.0
2946,2383.0,31.0,1.0,142734.0,11.0
2947,2278.0,7.0,0.9672292643949726,142735.0,11.0
2948,2325.0,45.0,0.9920042232446836,142736.0,11.0
2949,2287.0,46.0,1.0,141200.0,11.0
2950,2291.0,45.0,0.9775459603928708,141714.0,11.0
2951,2278.0,17.0,1.0,141204.0,11.0
2952,2437.0,27.0,1.0,142743.0,11.0
2953,2315.0,46.0,0.9621318257720085,141721.0,11.0
2954,2313.0,32.0,1.0,142746.0,11.0
2955,2297.0,7.0,0.9746643459215618,143259.0,11.0
2956,2428.0,52.0,1.0,143260.0,11.0
2957,2179.0,44.0,0.9689275309874812,141723.0,11.0
2958,2300.0,16.0,0.9869358305263857,142238.0,11.0
2959,2332.0,9.0,0.9963344322311802,141219.0,11.0
2960,2333.0,32.0,1.0,143268.0,11.0
2961,2356.0,41.0,1.0,143781.0,11.0
2962,2266.0,11.0,0.9929361947229176,142043.0,11.0
2963,2272.0,35.0,0.9615434638340344,143271.0,11.0
2964,2259.0,11.0,0.9769601542214494,141736.0,11.0
2965,2378.0,6.0,0.9858544412347193,142762.0,11.0
2966,2197.0,43.0,0.9715119280060461,142253.0,11.0
2967,2355.0,46.0,0.950109249328231,143281.0,11.0
2968,2179.0,43.0,0.9757583336679024,141746.0,11.0
2969,2286.0,17.0,0.9916082153074683,141239.0,11.0
2970,2427.0,22.0,1.0,142776.0,11.0
2971,2389.0,40.0,1.0,143287.0,11.0
2972,2346.0,26.0,1.0,143291.0,11.0
2973,2309.0,47.0,0.9917808524906411,143292.0,11.0
2974,2284.0,49.0,0.9933258441584357,141245.0,11.0
2975,2340.0,41.0,1.0,143303.0,11.0
2976,2384.0,24.0,0.994242250459079,143305.0,11.0
2977,2323.0,48.0,0.9773845227203112,141770.0,11.0
2978,2400.0,51.0,1.0,143307.0,11.0
2979,2507.0,23.0,1.0,143309.0,11.0
2980,2257.0,10.0,0.980576223196217,142799.0,11.0
2981,2241.0,14.0,0.9504686887676513,143311.0,11.0
2982,2322.0,26.0,0.9671738525628579,142802.0,11.0
2983,2337.0,41.0,1.0,143314.0,11.0
2984,2326.0,26.0,0.980170725331867,142805.0,11.0
2985,2342.0,41.0,1.0,143318.0,11.0
2986,2295.0,17.0,0.9954780442155997,141275.0,11.0
2987,2317.0,49.0,0.98413432730589,141788.0,11.0
2988,2332.0,26.0,1.0,142813.0,11.0
2989,2478.0,27.0,0.9737381908322505,143841.0,11.0
2990,2341.0,12.0,0.954253285343478,143330.0,11.0
2991,2111.0,33.0,0.9832753590603914,141794.0,11.0
2992,2270.0,7.0,0.9812348543301356,142308.0,11.0
2993,2112.0,33.0,0.971778887471805,141795.0,11.0
2994,2293.0,46.0,1.0,141286.0,11.0
2995,2306.0,29.0,0.9787399785983201,143334.0,11.0
2996,2443.0,39.0,1.0,142312.0,11.0
2997,2359.0,46.0,1.0,143844.0,11.0
2998,2377.0,13.0,1.0,143846.0,11.0
2999,2240.0,35.0,1.0,141802.0,11.0
3000,2241.0,35.0,1.0,141803.0,11.0
3001,2288.0,10.0,0.9748331486520209,143847.0,11.0
3002,2406.0,6.0,0.9691146903129562,143852.0,11.0
3003,2322.0,47.0,0.9791532034186428,143857.0,11.0
3004,2278.0,45.0,0.9741171197413319,141298.0,11.0
3005,2407.0,52.0,1.0,142330.0,11.0
3006,2404.0,40.0,0.9531836379263361,143866.0,11.0
3007,2286.0,10.0,0.9624773707771573,143868.0,11.0
3008,2348.0,28.0,0.9752710766701418,141823.0,11.0
3009,2406.0,52.0,1.0,142337.0,11.0
3010,2309.0,41.0,0.974371284756562,141825.0,11.0
3011,2318.0,50.0,0.9733865389414023,142851.0,11.0
3012,2272.0,15.0,0.9752257661787984,142343.0,11.0
3013,2208.0,14.0,0.9515178972951717,141831.0,11.0
3014,2268.0,42.0,0.9910695973489576,142859.0,11.0
3015,2366.0,28.0,0.9758852037693843,142348.0,11.0
3016,2349.0,31.0,0.9961777105741254,141840.0,11.0
3017,2350.0,48.0,0.9938802048027692,142866.0,11.0
3018,2358.0,12.0,0.9614743586978939,143890.0,11.0
3019,2344.0,50.0,0.9862297056257011,143380.0,11.0
3020,2333.0,16.0,0.9952414810067771,143381.0,11.0
3021,2425.0,39.0,1.0,141843.0,11.0
3022,2324.0,11.0,0.9898857112239434,143891.0,11.0
3023,2368.0,51.0,1.0,142362.0,11.0
3024,2271.0,15.0,0.9735799932799761,142364.0,11.0
3025,2488.0,21.0,1.0,141341.0,11.0
3026,2504.0,21.0,1.0,142366.0,11.0
3027,2380.0,48.0,0.988181283336832,143900.0,11.0
3028,2506.0,21.0,1.0,142368.0,11.0
3029,2507.0,21.0,1.0,142369.0,11.0
3030,2451.0,53.0,1.0,142372.0,11.0
3031,2161.0,44.0,0.9790473959867974,141349.0,11.0
3032,2216.0,14.0,0.9602627339613837,142374.0,11.0
3033,2220.0,35.0,0.9577814603968339,141351.0,11.0
3034,2300.0,17.0,0.9870175518417268,141354.0,11.0
3035,2208.0,44.0,0.9963303744771812,142379.0,11.0
3036,2220.0,43.0,0.973194589644071,142893.0,11.0
3037,2284.0,47.0,0.9827721970023787,142385.0,11.0
3038,2302.0,17.0,0.9809495895144538,141361.0,11.0
3039,2206.0,44.0,0.9755033763007511,142388.0,11.0
3040,2209.0,44.0,0.9872268472724769,142393.0,11.0
3041,2281.0,47.0,0.9906678707374413,142394.0,11.0
3042,2271.0,42.0,0.9746004668939856,142906.0,11.0
3043,2479.0,39.0,1.0,143931.0,11.0
3044,2297.0,32.0,0.9748044035221919,142398.0,11.0
3045,2371.0,31.0,0.9870218894729506,142402.0,11.0
3046,2267.0,7.0,0.9705501412046551,142406.0,11.0
3047,2464.0,27.0,0.9760371236102096,143430.0,11.0
3048,2400.0,30.0,0.9771371330322653,143943.0,11.0
3049,2291.0,16.0,0.9976696442441441,141896.0,11.0
3050,2339.0,28.0,0.9829624169275083,141388.0,11.0
3051,2322.0,49.0,0.9846254085452393,141901.0,11.0
3052,2388.0,52.0,1.0,141391.0,11.0
3053,2420.0,52.0,1.0,142928.0,11.0
3054,2316.0,29.0,0.9774087973198229,143439.0,11.0
3055,2150.0,33.0,0.9849225157788732,143440.0,11.0
3056,2275.0,35.0,0.9585442498928666,143443.0,11.0
3057,2229.0,14.0,0.9567089592122093,142932.0,11.0
3058,2319.0,32.0,0.9606573038392668,142933.0,11.0
3059,2283.0,34.0,0.9600242129908947,143446.0,11.0
3060,2379.0,6.0,1.0,142935.0,11.0
3061,2259.0,15.0,1.0,141904.0,11.0
3062,2346.0,9.0,0.9969879510762477,141401.0,11.0
3063,2323.0,49.0,0.9939561853025183,141907.0,11.0
3064,2483.0,53.0,1.0,143959.0,11.0
3065,2399.0,30.0,0.9614781642617561,143961.0,11.0
3066,2089.0,33.0,0.9901641500603046,141405.0,11.0
3067,2090.0,33.0,0.9766495930279032,141406.0,11.0
3068,2306.0,7.0,0.9730638553497148,143964.0,11.0
3069,2342.0,9.0,0.9798016899069175,141408.0,11.0
3070,2310.0,29.0,0.9830599434672602,143456.0,11.0
3071,2462.0,27.0,0.9512126098970031,143457.0,11.0
3072,2464.0,53.0,1.0,142947.0,11.0
3073,2292.0,29.0,0.9764891334845133,142948.0,11.0
3074,2344.0,9.0,0.9848987479504164,141411.0,11.0
3075,2407.0,40.0,0.9524871198823931,143965.0,11.0
3076,2263.0,11.0,0.9938230340581778,141928.0,11.0
3077,2364.0,50.0,0.9977695165109873,143977.0,11.0
3078,2331.0,12.0,1.0,142954.0,11.0
3079,2274.0,10.0,0.9524310415204875,143466.0,11.0
3080,2371.0,9.0,0.9573274203601626,141931.0,11.0
3081,2246.0,14.0,1.0,143469.0,11.0
3082,2383.0,28.0,0.9756771252925305,142958.0,11.0
3083,2336.0,32.0,0.9617643337784321,143473.0,11.0
3084,2390.0,31.0,0.9774017038580857,142963.0,11.0
3085,2377.0,24.0,0.9694049734078642,142964.0,11.0
3086,2284.0,34.0,0.9770743774669828,143477.0,11.0
3087,2363.0,13.0,1.0,143483.0,11.0
3088,2411.0,40.0,0.9710993620559343,144001.0,11.0
3089,2387.0,13.0,1.0,144004.0,11.0
3090,2314.0,47.0,0.9909087407224748,143493.0,11.0
3091,2312.0,8.0,1.0,142982.0,11.0
3092,2302.0,45.0,0.9772541830231352,141959.0,11.0
3093,2393.0,6.0,1.0,143496.0,11.0
3094,2389.0,13.0,1.0,144006.0,11.0
3095,2342.0,8.0,1.0,144007.0,11.0
3096,2346.0,24.0,0.9919610034357044,141963.0,11.0
3097,2405.0,30.0,0.9763839771269733,144010.0,11.0
3098,2351.0,26.0,0.9646582553329609,143502.0,11.0
3099,2392.0,6.0,1.0,143505.0,11.0
3100,2348.0,24.0,0.9750876997229705,141969.0,11.0
3101,2263.0,15.0,0.9820759425808492,141970.0,11.0
3102,2295.0,10.0,0.9750417269767367,144022.0,11.0
3103,2330.0,41.0,1.0,142999.0,11.0
3104,2304.0,26.0,0.9705300124829205,141976.0,11.0
3105,2347.0,25.0,0.9733376432720876,144024.0,11.0
3106,2304.0,15.0,0.9585096193242127,144026.0,11.0
3107,2303.0,15.0,0.9830953639834499,144027.0,11.0
3108,2392.0,51.0,0.9689700547244825,143004.0,11.0
3109,2283.0,11.0,0.997244496265404,142494.0,11.0
3110,2262.0,42.0,0.9875710728429683,142495.0,11.0
3111,2517.0,23.0,1.0,144032.0,11.0
3112,2373.0,9.0,0.9836309863451638,141985.0,11.0
3113,2389.0,6.0,0.9719517567218605,143524.0,11.0
3114,2413.0,6.0,1.0,144037.0,11.0
3115,2273.0,47.0,0.9908323636925265,141992.0,11.0
3116,2362.0,12.0,0.9519972340676862,144043.0,11.0
3117,2264.0,42.0,0.9914111539514389,142509.0,11.0
3118,2493.0,21.0,1.0,141486.0,11.0
3119,2307.0,32.0,1.0,142512.0,11.0
3120,2290.0,47.0,0.985598738620677,142516.0,11.0
3121,2191.0,44.0,0.9786090402396886,142004.0,11.0
3122,2369.0,48.0,0.9846568302038978,143545.0,11.0
3123,2377.0,51.0,1.0,142522.0,11.0
3124,2376.0,51.0,1.0,142523.0,11.0
3125,2188.0,44.0,0.9925082184851126,142011.0,11.0
3126,2389.0,48.0,0.997909123399834,144059.0,11.0
3127,2436.0,53.0,1.0,142014.0,11.0
3128,2224.0,43.0,0.9676872037987201,143039.0,11.0
3129,2431.0,27.0,1.0,142528.0,11.0
3130,2399.0,52.0,1.0,142017.0,11.0
3131,2499.0,21.0,1.0,142020.0,11.0
3132,2297.0,11.0,0.984709941454138,143048.0,11.0
3133,2357.0,31.0,0.9694145693258539,142025.0,11.0
3134,2328.0,49.0,0.9870324383877392,142026.0,11.0
3135,2321.0,45.0,0.9778703771580569,142539.0,11.0
3136,2437.0,53.0,1.0,142028.0,11.0
3137,2273.0,42.0,0.9958921247518266,143053.0,11.0
3138,2298.0,49.0,0.9856582280035106,141519.0,11.0
3139,2355.0,25.0,0.9588891851281482,144084.0,11.0
3140,2348.0,8.0,1.0,144091.0,11.0
3141,2277.0,15.0,0.9964659000761141,142558.0,11.0
