,ms2_id,Sample_id,explained_Int(%),SummMS2Table_id,Slice_id
0,3209.0,57.0,0.9525752446783575,185999.0,23.0
1,2955.0,2.0,1.0,186002.0,23.0
2,2980.0,1.0,0.9533550114350055,186003.0,23.0
3,2914.0,0.0,0.9699687533046992,186007.0,23.0
4,3265.0,48.0,0.972267007132438,186008.0,23.0
5,2956.0,2.0,0.9724455177341957,186018.0,23.0
6,3199.0,3.0,0.9518010312382045,186021.0,23.0
7,3189.0,10.0,0.9722688111401203,186034.0,23.0
8,3011.0,51.0,0.9618667572736572,186035.0,23.0
9,2981.0,1.0,0.9679282422731194,186036.0,23.0
10,3111.0,53.0,0.9552891381205226,186039.0,23.0
11,2882.0,55.0,1.0,186041.0,23.0
12,2883.0,55.0,0.9713805889385074,186042.0,23.0
13,2958.0,2.0,0.9745237131929954,186044.0,23.0
14,3176.0,21.0,0.9703523853668553,186045.0,23.0
15,3023.0,34.0,1.0,186052.0,23.0
16,2915.0,0.0,0.9695491551464602,186054.0,23.0
17,2957.0,37.0,0.9779377770366084,186056.0,23.0
18,2884.0,55.0,0.975548367900896,186060.0,23.0
19,3106.0,22.0,0.9512863192794883,186065.0,23.0
20,2959.0,2.0,0.9762722062252124,186068.0,23.0
21,3126.0,7.0,1.0,186072.0,23.0
22,2903.0,38.0,0.9658398437369334,186076.0,23.0
23,3127.0,7.0,0.9829059850129023,186077.0,23.0
24,3210.0,57.0,0.9778636305677932,186084.0,23.0
25,3043.0,45.0,0.9742752373496157,186089.0,23.0
26,3223.0,47.0,0.9609007045356709,186090.0,23.0
27,3044.0,45.0,0.9522901091195053,186092.0,23.0
28,3116.0,12.0,0.9804342798631298,186095.0,23.0
29,3129.0,23.0,0.9580602622696812,186103.0,23.0
30,3181.0,50.0,0.9856750825014219,186107.0,23.0
31,2984.0,1.0,0.9706288381384577,186114.0,23.0
32,3045.0,41.0,0.9814082585332288,186137.0,23.0
33,3191.0,39.0,0.9786431858862236,186150.0,23.0
34,3062.0,19.0,0.9725656795196925,186156.0,23.0
35,2987.0,1.0,0.9635205182402816,186160.0,23.0
36,3083.0,13.0,0.9818008890514114,186203.0,23.0
37,3120.0,53.0,0.9912625652272086,186213.0,23.0
38,3068.0,46.0,0.9746898060192029,186214.0,23.0
39,3181.0,27.0,0.9735381540091054,186219.0,23.0
40,3280.0,15.0,0.9714505212691109,186226.0,23.0
41,2918.0,0.0,0.978058373144822,186231.0,23.0
42,3046.0,45.0,0.9876889408685349,186232.0,23.0
43,3190.0,5.0,0.9960267586076104,186236.0,23.0
44,3046.0,36.0,0.976092611655284,186252.0,23.0
45,3119.0,18.0,0.9720600212577998,186264.0,23.0
46,3191.0,5.0,0.9787402488600224,186270.0,23.0
47,2888.0,55.0,0.9669501753388553,186274.0,23.0
48,3123.0,53.0,0.9882621521394861,186286.0,23.0
49,3048.0,45.0,0.9669874150845127,186287.0,23.0
50,3219.0,30.0,0.9520089369466452,186288.0,23.0
51,3018.0,51.0,0.9806421678843644,186289.0,23.0
52,2850.0,56.0,0.9799562261376618,186290.0,23.0
53,3270.0,48.0,0.9616126342129355,186291.0,23.0
54,2963.0,37.0,0.9861256238213693,186292.0,23.0
55,3130.0,23.0,0.9659523134706448,186294.0,23.0
56,3195.0,39.0,0.9549947656749401,186295.0,23.0
57,3227.0,29.0,0.9806434164678577,186296.0,23.0
58,3218.0,30.0,0.9752253156855288,186297.0,23.0
59,3287.0,31.0,0.9699556667125186,186298.0,23.0
60,3048.0,41.0,0.9612432101285683,186299.0,23.0
61,3227.0,47.0,0.9855076087600614,186300.0,23.0
62,3196.0,49.0,0.9750864433056878,186301.0,23.0
63,3073.0,46.0,0.9863044452921739,186302.0,23.0
64,3272.0,9.0,1.0,186303.0,23.0
65,3177.0,6.0,0.9669857703516035,186306.0,23.0
66,3119.0,12.0,0.9582407614379483,186307.0,23.0
67,3226.0,29.0,0.9721936827538695,186308.0,23.0
68,3195.0,49.0,0.9649890834708897,186310.0,23.0
69,3072.0,46.0,0.9748337950796212,186311.0,23.0
70,3074.0,8.0,0.9599595622999865,186312.0,23.0
71,3081.0,32.0,0.9832661420011127,186313.0,23.0
72,3117.0,58.0,0.9796674304681477,186316.0,23.0
73,2891.0,55.0,0.9785202655104377,186322.0,23.0
74,3183.0,21.0,0.9533214872526269,186330.0,23.0
75,3118.0,58.0,0.9689347513124703,186338.0,23.0
76,3036.0,52.0,0.9667304498177036,186344.0,23.0
77,3193.0,5.0,0.9841202659878309,186345.0,23.0
78,3212.0,57.0,0.9727004699808282,186346.0,23.0
79,3204.0,3.0,0.9620832946394616,186353.0,23.0
80,3166.0,54.0,0.9508906724980101,186362.0,23.0
81,2992.0,1.0,0.9811438480900427,186364.0,23.0
82,2993.0,1.0,1.0,186365.0,23.0
83,3194.0,5.0,0.961516717338329,186367.0,23.0
84,3049.0,41.0,0.9533599026581837,186372.0,23.0
85,3125.0,53.0,0.964875936679193,186373.0,23.0
86,2908.0,38.0,0.9836572518823032,186374.0,23.0
87,2968.0,2.0,0.9612467466930856,186377.0,23.0
88,2995.0,1.0,1.0,186390.0,23.0
89,2966.0,37.0,0.9900351899822294,186396.0,23.0
90,3186.0,26.0,0.9668829104421152,186397.0,23.0
91,3168.0,54.0,0.9768996498463096,186403.0,23.0
92,3127.0,53.0,0.9778386927270183,186409.0,23.0
93,3028.0,34.0,0.9834697528329155,186410.0,23.0
94,3083.0,32.0,0.9695947509990899,186425.0,23.0
95,3187.0,27.0,1.0,186427.0,23.0
96,3028.0,14.0,0.9685844794979938,186431.0,23.0
97,3186.0,21.0,0.9711064593743692,186434.0,23.0
98,2996.0,1.0,0.9740323457531531,186436.0,23.0
99,2853.0,56.0,1.0,186441.0,23.0
100,3196.0,5.0,0.9522963082425037,186444.0,23.0
101,3039.0,52.0,0.9849421534288887,186450.0,23.0
102,3187.0,21.0,0.9791232680732485,186451.0,23.0
103,3074.0,46.0,1.0,186455.0,23.0
104,3075.0,46.0,0.9814012551428443,186458.0,23.0
105,3230.0,29.0,0.972686468308556,186463.0,23.0
106,3188.0,21.0,0.9674554016435329,186465.0,23.0
107,3061.0,20.0,0.9521062460311545,186468.0,23.0
108,3051.0,45.0,0.9637216387692255,186478.0,23.0
109,3199.0,5.0,0.9884204841003484,186493.0,23.0
110,3181.0,6.0,0.969932568168318,186495.0,23.0
111,2855.0,56.0,0.9586845251229161,186496.0,23.0
112,3085.0,32.0,0.9742693962659026,186499.0,23.0
113,3128.0,53.0,0.9845935450504485,186500.0,23.0
114,3133.0,7.0,0.9914809390080155,186503.0,23.0
115,3122.0,18.0,0.9941888537543687,186504.0,23.0
116,3201.0,5.0,0.98410409847904,186506.0,23.0
117,3119.0,58.0,1.0,186515.0,23.0
118,3200.0,39.0,0.97100068045432,186517.0,23.0
119,3113.0,22.0,0.979056364995943,186522.0,23.0
120,3134.0,7.0,1.0,186523.0,23.0
121,2922.0,0.0,0.9876796561903095,186524.0,23.0
122,3041.0,52.0,0.9855632599378519,186525.0,23.0
123,2856.0,56.0,0.9741120647928945,186526.0,23.0
124,3240.0,28.0,1.0,184570.0,23.0
125,3200.0,47.0,0.987429350535738,184571.0,23.0
126,1980.0,59.0,0.9689965000382762,184573.0,23.0
127,1981.0,59.0,1.0,184575.0,23.0
128,3231.0,9.0,0.9687540185631631,184576.0,23.0
129,2991.0,14.0,0.9791778783786587,184577.0,23.0
130,1982.0,59.0,0.9849578340756834,184578.0,23.0
131,3086.0,40.0,1.0,184579.0,23.0
132,3151.0,26.0,0.9820745147214985,184580.0,23.0
133,1986.0,59.0,0.9760910929601894,184584.0,23.0
134,3133.0,42.0,0.9851377530916313,184588.0,23.0
135,1989.0,59.0,0.9759787399684237,184589.0,23.0
136,3151.0,49.0,0.9777498582216775,184590.0,23.0
137,3025.0,44.0,1.0,184591.0,23.0
138,3109.0,43.0,0.9624857651513102,184593.0,23.0
139,2992.0,14.0,0.9510552437611473,184594.0,23.0
140,1990.0,59.0,0.9827056723303396,184595.0,23.0
141,2993.0,14.0,0.9925069761832859,184596.0,23.0
142,1991.0,59.0,0.9695026776804206,184597.0,23.0
143,2990.0,36.0,0.9544689943296238,184599.0,23.0
144,3106.0,4.0,0.9531420874659825,184601.0,23.0
145,1993.0,59.0,0.9687891426733048,184603.0,23.0
146,3012.0,35.0,0.951407798311641,184605.0,23.0
147,2991.0,36.0,0.962125111714504,184606.0,23.0
148,3108.0,4.0,0.9582591740234768,184609.0,23.0
149,1997.0,59.0,0.9773077893269531,184611.0,23.0
150,3092.0,7.0,0.9699615278589174,184613.0,23.0
151,3256.0,31.0,0.9568231145413568,184614.0,23.0
152,3232.0,9.0,0.9735680528978572,184618.0,23.0
153,3109.0,4.0,0.9797533116307201,184619.0,23.0
154,3026.0,44.0,0.9797638031947538,184620.0,23.0
155,2885.0,38.0,1.0,184622.0,23.0
156,3160.0,39.0,1.0,184623.0,23.0
157,2000.0,59.0,0.9678601107546944,184630.0,23.0
158,2994.0,36.0,1.0,184633.0,23.0
159,3152.0,26.0,0.9797408925549843,184635.0,23.0
160,3241.0,28.0,1.0,184636.0,23.0
161,3014.0,45.0,0.9559279858539844,184638.0,23.0
162,3110.0,4.0,0.9763527019671872,184641.0,23.0
163,2001.0,59.0,0.9867725564194865,184642.0,23.0
164,3111.0,4.0,0.9500482292161334,184649.0,23.0
165,2003.0,59.0,0.9786617292392121,184655.0,23.0
166,3162.0,27.0,0.9649314543875399,184657.0,23.0
167,2004.0,59.0,0.9833849876225904,184658.0,23.0
168,3051.0,20.0,0.9938476171696291,184660.0,23.0
169,2005.0,59.0,0.9701062030958616,184661.0,23.0
170,2006.0,59.0,0.9687237342784722,184662.0,23.0
171,3161.0,39.0,0.970475001329121,184666.0,23.0
172,3063.0,18.0,0.9721517210827855,184670.0,23.0
173,2997.0,36.0,0.9897486682379055,184673.0,23.0
174,3110.0,43.0,0.9585690664772069,184678.0,23.0
175,2921.0,37.0,0.9743548254579335,184681.0,23.0
176,3115.0,4.0,0.9529260964371757,184688.0,23.0
177,2995.0,14.0,1.0,184690.0,23.0
178,2922.0,37.0,0.9773821185207361,184693.0,23.0
179,2998.0,36.0,0.9729415661777793,184697.0,23.0
180,2996.0,14.0,0.9748528427390654,184706.0,23.0
181,3138.0,42.0,0.9704438567548802,184707.0,23.0
182,3137.0,42.0,0.9793715877986717,184708.0,23.0
183,3055.0,8.0,0.9861594865361034,184709.0,23.0
184,3099.0,12.0,0.975064675915414,184712.0,23.0
185,2923.0,37.0,0.9935672851185452,184714.0,23.0
186,3130.0,54.0,0.9696153495420146,184717.0,23.0
187,3234.0,9.0,0.9644367736765883,184718.0,23.0
188,3140.0,42.0,0.9619524293408347,184722.0,23.0
189,2009.0,59.0,0.9683293655268339,184730.0,23.0
190,3068.0,18.0,0.959625466768963,184733.0,23.0
191,2999.0,36.0,0.9520573158552595,184736.0,23.0
192,3097.0,7.0,0.9803844997987489,184742.0,23.0
193,3077.0,22.0,0.9807072352235782,184748.0,23.0
194,3121.0,4.0,0.9754067998629173,184750.0,23.0
195,2010.0,59.0,0.9710949600697295,184751.0,23.0
196,3098.0,7.0,0.9831519411452784,184753.0,23.0
197,3070.0,18.0,0.9786248557233207,184754.0,23.0
198,3071.0,18.0,0.9753674965017497,184757.0,23.0
199,3072.0,18.0,0.9705349221947285,184758.0,23.0
200,3163.0,39.0,0.9712671206476676,184759.0,23.0
201,3155.0,49.0,0.9875216174254499,184760.0,23.0
202,3056.0,8.0,1.0,184763.0,23.0
203,3074.0,18.0,0.9823219778312643,184768.0,23.0
204,3157.0,49.0,0.9603369122130251,184769.0,23.0
205,2012.0,59.0,1.0,184774.0,23.0
206,2013.0,59.0,0.9719395958761893,184779.0,23.0
207,3207.0,47.0,0.981312264549127,184784.0,23.0
208,3003.0,34.0,0.9737465371598487,184786.0,23.0
209,3208.0,47.0,0.9518337147346644,184787.0,23.0
210,3206.0,47.0,0.9795227836420063,184788.0,23.0
211,3199.0,29.0,0.9831746546793595,184789.0,23.0
212,3057.0,8.0,0.9728400954524407,184790.0,23.0
213,2887.0,38.0,1.0,184791.0,23.0
214,3000.0,36.0,0.9709098732418477,184792.0,23.0
215,3145.0,42.0,0.963949716647253,184801.0,23.0
216,3174.0,50.0,0.9771723203478656,184807.0,23.0
217,3077.0,18.0,0.9763166983241194,184811.0,23.0
218,2834.0,56.0,0.9796958470098577,184812.0,23.0
219,3132.0,54.0,0.9827074354529491,184813.0,23.0
220,3030.0,44.0,0.9788106116176359,184814.0,23.0
221,3123.0,4.0,0.9698545528025224,184816.0,23.0
222,3124.0,4.0,0.9797948963202214,184817.0,23.0
223,3003.0,36.0,0.9809542137874696,184820.0,23.0
224,3031.0,44.0,0.9655958177230495,184829.0,23.0
225,3126.0,4.0,0.965813470332036,184832.0,23.0
226,2924.0,37.0,0.9760439360736425,184833.0,23.0
227,3253.0,48.0,0.9715850299663322,184835.0,23.0
228,2944.0,1.0,0.9688504849569516,184846.0,23.0
229,2888.0,38.0,0.9744795311284256,184849.0,23.0
230,3163.0,6.0,0.9595974396917586,184853.0,23.0
231,3148.0,21.0,0.9813171254555296,184856.0,23.0
232,3196.0,57.0,1.0,184857.0,23.0
233,3114.0,43.0,1.0,184862.0,23.0
234,3127.0,4.0,0.9705067731296019,184868.0,23.0
235,3163.0,5.0,0.9834698889135941,184869.0,23.0
236,3102.0,12.0,0.9661329164608536,184874.0,23.0
237,3058.0,8.0,0.9624823359769685,184878.0,23.0
238,3116.0,43.0,0.9935523155846769,184887.0,23.0
239,3128.0,4.0,0.975652424911872,184888.0,23.0
240,3149.0,21.0,0.9569238227573231,184892.0,23.0
241,3238.0,9.0,1.0,184893.0,23.0
242,3210.0,30.0,0.9653424314331731,184894.0,23.0
243,3242.0,25.0,0.9687934113144459,184896.0,23.0
244,3005.0,34.0,0.9863258710814493,184897.0,23.0
245,3203.0,29.0,0.9836316691064212,184898.0,23.0
246,3117.0,43.0,0.9693257011861939,184899.0,23.0
247,3102.0,7.0,0.9718327933051214,184900.0,23.0
248,3006.0,36.0,0.9582177542279309,184904.0,23.0
249,3035.0,44.0,0.9831945352160566,184912.0,23.0
250,3149.0,42.0,0.9721399114249167,184916.0,23.0
251,2947.0,1.0,0.9716819735658786,184925.0,23.0
252,3007.0,36.0,0.9665036712897378,184930.0,23.0
253,3027.0,41.0,0.978388647819684,184934.0,23.0
254,3091.0,40.0,1.0,184938.0,23.0
255,2017.0,59.0,0.9735164594716815,184940.0,23.0
256,2018.0,59.0,0.9759920040160716,184942.0,23.0
257,2863.0,55.0,0.9676451711478968,184943.0,23.0
258,3008.0,36.0,0.9779738469878226,184948.0,23.0
259,3009.0,36.0,1.0,184980.0,23.0
260,2950.0,1.0,0.9830450480848109,184988.0,23.0
261,2943.0,2.0,0.9766406926770717,185004.0,23.0
262,3163.0,27.0,0.9771496624350448,185007.0,23.0
263,2842.0,33.0,0.978597784895185,185012.0,23.0
264,3169.0,5.0,0.9544419370507788,185014.0,23.0
265,3168.0,39.0,0.9577058015366696,185033.0,23.0
266,3135.0,4.0,0.9617144840439488,185039.0,23.0
267,3168.0,49.0,0.9677051318621226,185041.0,23.0
268,3089.0,18.0,0.9832982884141751,185042.0,23.0
269,3211.0,47.0,0.9891810361709197,185043.0,23.0
270,3025.0,35.0,0.9869917926349626,185044.0,23.0
271,3027.0,35.0,0.9688852163922683,185045.0,23.0
272,3103.0,12.0,0.9599153080149924,185046.0,23.0
273,3024.0,35.0,0.9615342715747115,185047.0,23.0
274,2839.0,56.0,0.9951298124946739,185048.0,23.0
275,2864.0,55.0,0.9793868836940994,185049.0,23.0
276,3170.0,39.0,0.9762178052570649,185050.0,23.0
277,3152.0,21.0,0.97203167069748,185051.0,23.0
278,3204.0,29.0,0.9597332772226372,185052.0,23.0
279,3026.0,35.0,0.986688490850322,185053.0,23.0
280,2931.0,37.0,0.9754474998044032,185054.0,23.0
281,3014.0,36.0,0.9639641834700159,185055.0,23.0
282,3171.0,5.0,1.0,185058.0,23.0
283,3120.0,43.0,0.9817982207427054,185060.0,23.0
284,3004.0,14.0,0.9779500690773093,185062.0,23.0
285,3212.0,47.0,0.9902266321902414,185064.0,23.0
286,3133.0,54.0,0.977386449015547,185067.0,23.0
287,3037.0,46.0,0.985915098587397,185070.0,23.0
288,3156.0,26.0,1.0,185074.0,23.0
289,2953.0,1.0,0.9551434790966091,185083.0,23.0
290,3054.0,32.0,0.9730545348064962,185091.0,23.0
291,3136.0,4.0,0.9806291048560053,185102.0,23.0
292,3135.0,54.0,0.9508837886850661,185106.0,23.0
293,2890.0,38.0,1.0,185107.0,23.0
294,3106.0,7.0,0.9655110752263865,185119.0,23.0
295,3170.0,49.0,0.9778446836347517,185122.0,23.0
296,3017.0,36.0,0.950132126691573,185139.0,23.0
297,3018.0,36.0,0.9780320947917313,185149.0,23.0
298,3123.0,23.0,0.9728165065711245,185158.0,23.0
299,3009.0,14.0,0.9686875030464991,185164.0,23.0
300,3010.0,14.0,0.9784532021714413,185166.0,23.0
301,2892.0,38.0,0.9610712954436239,185176.0,23.0
302,2840.0,56.0,0.971681899610083,185178.0,23.0
303,3244.0,9.0,0.970890753726113,185196.0,23.0
304,2893.0,38.0,0.9885764461828614,185199.0,23.0
305,3011.0,14.0,0.9738258248092401,185200.0,23.0
306,3187.0,24.0,0.9741039409583591,185201.0,23.0
307,3172.0,49.0,0.9730042366967323,185202.0,23.0
308,3188.0,24.0,0.9537098113741028,185203.0,23.0
309,3262.0,31.0,0.9810359294893479,185204.0,23.0
310,2990.0,51.0,0.9500416623825592,185205.0,23.0
311,3013.0,52.0,1.0,185206.0,23.0
312,3243.0,25.0,0.9646640292091736,185208.0,23.0
313,3263.0,31.0,0.9772171391906984,185209.0,23.0
314,2847.0,33.0,0.9630788592054096,185210.0,23.0
315,3159.0,26.0,0.980490740683249,185211.0,23.0
316,3021.0,36.0,0.9544411951576088,185218.0,23.0
317,2958.0,1.0,0.9608433861512627,185220.0,23.0
318,2022.0,59.0,0.9940819494551811,185240.0,23.0
319,2959.0,1.0,0.9761890910064549,185246.0,23.0
320,2906.0,0.0,0.9733129022497949,185248.0,23.0
321,3210.0,29.0,0.9652582671236407,185253.0,23.0
322,2945.0,2.0,1.0,185254.0,23.0
323,2935.0,37.0,1.0,185262.0,23.0
324,3095.0,53.0,1.0,185264.0,23.0
325,3188.0,3.0,0.9543967824919299,185269.0,23.0
326,2936.0,37.0,0.9748903510833737,185270.0,23.0
327,3024.0,36.0,0.9791767039584117,185285.0,23.0
328,3156.0,42.0,0.9694181847351403,185286.0,23.0
329,2023.0,59.0,0.9831794077385109,185287.0,23.0
330,2907.0,0.0,0.9747886593686872,185294.0,23.0
331,3176.0,5.0,0.9751424844238645,185303.0,23.0
332,2947.0,2.0,0.977514000173312,185306.0,23.0
333,3095.0,18.0,0.9685851995537152,185315.0,23.0
334,3107.0,58.0,0.9841017709997647,185318.0,23.0
335,3025.0,36.0,1.0,185321.0,23.0
336,2991.0,51.0,0.9531740211479943,185324.0,23.0
337,3138.0,54.0,0.9840947722573734,185327.0,23.0
338,3177.0,50.0,0.9952499104106864,185330.0,23.0
339,3014.0,14.0,0.9584482994009019,185332.0,23.0
340,3124.0,43.0,0.967734062035148,185344.0,23.0
341,2895.0,38.0,1.0,185353.0,23.0
342,3015.0,14.0,0.9801472816467183,185365.0,23.0
343,3098.0,40.0,0.9734365828811198,185369.0,23.0
344,3147.0,4.0,0.9512660381885287,185370.0,23.0
345,2992.0,51.0,0.9751464167848916,185377.0,23.0
346,3175.0,39.0,1.0,185385.0,23.0
347,2993.0,51.0,0.9728902939415274,185392.0,23.0
348,3106.0,12.0,0.9829238535548548,185398.0,23.0
349,3102.0,18.0,0.9890111833246539,185404.0,23.0
350,3049.0,46.0,0.9528547146163352,185407.0,23.0
351,2994.0,51.0,0.966455947830081,185410.0,23.0
352,3125.0,43.0,1.0,185419.0,23.0
353,3177.0,39.0,0.9927198180505397,185420.0,23.0
354,3037.0,35.0,1.0,185421.0,23.0
355,3050.0,46.0,0.9782960336110375,185423.0,23.0
356,3256.0,28.0,0.9680888132884322,185424.0,23.0
357,3257.0,28.0,0.9590780116898777,185425.0,23.0
358,3164.0,26.0,0.9750391918764293,185426.0,23.0
359,3096.0,53.0,0.9732636425272952,185427.0,23.0
360,3255.0,28.0,1.0,185428.0,23.0
361,2850.0,33.0,0.9776111949410856,185429.0,23.0
362,3101.0,40.0,0.983798985103397,185431.0,23.0
363,3244.0,25.0,0.9663213824697208,185432.0,23.0
364,3149.0,4.0,1.0,185434.0,23.0
365,2851.0,33.0,0.9835326891904664,185436.0,23.0
366,3177.0,5.0,0.98140850992914,185438.0,23.0
367,3190.0,3.0,0.983674205460904,185445.0,23.0
368,3103.0,18.0,0.9786452330872243,185446.0,23.0
369,3088.0,22.0,1.0,185448.0,23.0
370,3053.0,46.0,0.9664228336042023,185449.0,23.0
371,3054.0,46.0,1.0,185453.0,23.0
372,3102.0,40.0,0.9521245487974342,185456.0,23.0
373,2841.0,56.0,1.0,185462.0,23.0
374,3201.0,57.0,0.9906282125374153,185469.0,23.0
375,2963.0,1.0,0.9766587413869239,185472.0,23.0
376,3191.0,3.0,0.9523368719780817,185476.0,23.0
377,3089.0,22.0,1.0,185486.0,23.0
378,3168.0,6.0,0.9725222679158408,185489.0,23.0
379,2872.0,55.0,0.9653511191068176,185492.0,23.0
380,3029.0,45.0,0.958922008013922,185496.0,23.0
381,3143.0,54.0,0.9552527795454667,185503.0,23.0
382,3144.0,54.0,0.9750360943298602,185506.0,23.0
383,3104.0,40.0,1.0,185517.0,23.0
384,3215.0,47.0,1.0,185518.0,23.0
385,3192.0,3.0,1.0,185520.0,23.0
386,2964.0,1.0,0.9767545679586679,185524.0,23.0
387,3064.0,8.0,0.9702479445932521,185541.0,23.0
388,2966.0,1.0,1.0,185548.0,23.0
389,3065.0,8.0,0.9570181855183685,185549.0,23.0
390,3027.0,36.0,0.956013666629618,185551.0,23.0
391,3039.0,35.0,0.9541030363309757,185563.0,23.0
392,3180.0,5.0,0.9588396994291152,185565.0,23.0
393,3105.0,18.0,0.9685892330957637,185571.0,23.0
394,3148.0,54.0,0.9655235160328792,185579.0,23.0
395,3125.0,23.0,0.9744464320989376,185589.0,23.0
396,3203.0,57.0,0.9861415454481623,185591.0,23.0
397,2908.0,0.0,1.0,185593.0,23.0
398,3171.0,27.0,0.9687969428347798,185596.0,23.0
399,3056.0,20.0,0.9887915760158398,185600.0,23.0
400,3204.0,57.0,1.0,185601.0,23.0
401,3194.0,3.0,0.9952954624921043,185604.0,23.0
402,3108.0,18.0,0.9890608057525453,185606.0,23.0
403,3119.0,7.0,0.9818104467402449,185607.0,23.0
404,2909.0,0.0,0.9673528592071257,185608.0,23.0
405,3256.0,9.0,0.9730438600689928,185614.0,23.0
406,2967.0,1.0,1.0,185616.0,23.0
407,2950.0,2.0,0.9801441347415057,185619.0,23.0
408,3029.0,36.0,0.9723002204210329,185632.0,23.0
409,3109.0,18.0,0.9751586608374186,185635.0,23.0
410,3092.0,22.0,0.9594144497311503,185641.0,23.0
411,3093.0,22.0,0.9531893090409117,185648.0,23.0
412,3000.0,51.0,0.9823064599647541,185649.0,23.0
413,2875.0,55.0,1.0,185653.0,23.0
414,3057.0,46.0,0.9717648226255106,185656.0,23.0
415,3054.0,19.0,1.0,185660.0,23.0
416,2844.0,56.0,0.9657372034966993,185661.0,23.0
417,3154.0,4.0,0.975706980626139,185666.0,23.0
418,3121.0,7.0,0.9736606725233304,185667.0,23.0
419,3266.0,28.0,1.0,185671.0,23.0
420,3031.0,36.0,0.9771155969215607,185674.0,23.0
421,3168.0,21.0,0.9835512258571795,185679.0,23.0
422,3041.0,35.0,0.9659750824054418,185681.0,23.0
423,3050.0,44.0,0.9650977165826944,185682.0,23.0
424,3051.0,44.0,0.9874905913739858,185683.0,23.0
425,3174.0,26.0,0.9559836255882058,185684.0,23.0
426,3183.0,11.0,0.9528456930683261,185686.0,23.0
427,3002.0,51.0,0.9877553512386289,185687.0,23.0
428,3187.0,10.0,0.9542264228451829,185688.0,23.0
429,3110.0,18.0,0.9542859917749518,185690.0,23.0
430,2876.0,55.0,0.9800916955961386,185692.0,23.0
431,3111.0,18.0,0.9662214008367037,185693.0,23.0
432,2946.0,37.0,0.9719388499815302,185694.0,23.0
433,3220.0,29.0,0.9516104097727711,185695.0,23.0
434,3258.0,9.0,0.9707491681493533,185696.0,23.0
435,3016.0,34.0,0.9803269767737961,185697.0,23.0
436,2900.0,38.0,0.9818495630241676,185709.0,23.0
437,3095.0,22.0,0.9850777754323088,185713.0,23.0
438,3070.0,32.0,0.9742514742561518,185721.0,23.0
439,3182.0,5.0,0.9739663244923153,185726.0,23.0
440,3183.0,5.0,1.0,185730.0,23.0
441,3173.0,27.0,0.9774615882570821,185733.0,23.0
442,3260.0,48.0,0.9563174598928639,185736.0,23.0
443,2949.0,37.0,0.9896958851845108,185740.0,23.0
444,3184.0,5.0,0.9796114856295427,185741.0,23.0
445,3170.0,21.0,0.9722789049176656,185744.0,23.0
446,3105.0,53.0,0.9802730053728947,185759.0,23.0
447,3274.0,31.0,0.9669386477693561,185762.0,23.0
448,3205.0,57.0,0.9735979825059782,185763.0,23.0
449,3111.0,12.0,0.9521794712508508,185778.0,23.0
450,3055.0,19.0,0.9690687920016715,185787.0,23.0
451,3122.0,7.0,1.0,185789.0,23.0
452,3056.0,19.0,0.9512400618256026,185790.0,23.0
453,3245.0,25.0,0.964858165781847,185793.0,23.0
454,2975.0,1.0,0.9936133181398459,185798.0,23.0
455,3106.0,40.0,1.0,185803.0,23.0
456,3172.0,21.0,0.9552558838617575,185808.0,23.0
457,3019.0,34.0,0.9865792837232654,185816.0,23.0
458,3123.0,7.0,0.9793493693473462,185818.0,23.0
459,3035.0,41.0,0.9747200209072032,185820.0,23.0
460,3098.0,22.0,0.9632009030140021,185822.0,23.0
461,2954.0,2.0,0.9740033675142241,185826.0,23.0
462,3173.0,21.0,0.9573864319440182,185832.0,23.0
463,2879.0,55.0,0.9714053233647978,185839.0,23.0
464,3107.0,53.0,0.9868337734640338,185840.0,23.0
465,3261.0,9.0,0.9887854162444958,185841.0,23.0
466,3186.0,5.0,0.974382218246168,185842.0,23.0
467,3222.0,29.0,0.9654973961164951,185843.0,23.0
468,3158.0,4.0,0.9699088346220338,185848.0,23.0
469,3100.0,22.0,0.9745546768988673,185853.0,23.0
470,3186.0,39.0,0.973698798769189,185857.0,23.0
471,3073.0,32.0,0.9726896102782862,185859.0,23.0
472,3159.0,4.0,0.959780143352414,185863.0,23.0
473,3101.0,22.0,0.967422434009483,185866.0,23.0
474,3020.0,14.0,0.9621827460158493,185868.0,23.0
475,3036.0,41.0,0.9804129011022795,185874.0,23.0
476,2977.0,1.0,0.9843842254440351,185876.0,23.0
477,2902.0,38.0,0.975167866364088,185877.0,23.0
478,3113.0,18.0,0.9711762082697909,185880.0,23.0
479,3206.0,57.0,0.9738240163596786,185881.0,23.0
480,2880.0,55.0,0.9645622579314036,185886.0,23.0
481,3161.0,4.0,0.9789757049305936,185892.0,23.0
482,3197.0,3.0,1.0,185895.0,23.0
483,2912.0,0.0,0.9601249121511464,185897.0,23.0
484,3038.0,41.0,0.9803504537312127,185899.0,23.0
485,3058.0,19.0,1.0,185903.0,23.0
486,3162.0,4.0,0.9780009857425102,185904.0,23.0
487,2881.0,55.0,0.9719246667100944,185908.0,23.0
488,3112.0,58.0,0.9937452036182298,185911.0,23.0
489,3102.0,22.0,0.9705145198386013,185914.0,23.0
490,3068.0,8.0,0.9791673021474583,185918.0,23.0
491,2846.0,56.0,0.9717154847966969,185925.0,23.0
492,3041.0,36.0,0.9773649411137237,185937.0,23.0
493,3208.0,57.0,0.9709343492942085,185938.0,23.0
494,3124.0,7.0,0.9637696473518137,185940.0,23.0
495,3264.0,48.0,0.9772607449031298,185953.0,23.0
496,3040.0,41.0,0.9776552477990647,185955.0,23.0
497,3156.0,54.0,1.0,185961.0,23.0
498,3157.0,54.0,1.0,185964.0,23.0
499,3158.0,54.0,0.959902872760937,185966.0,23.0
500,3159.0,54.0,0.9557688512248159,185971.0,23.0
501,3198.0,3.0,0.9803132456953252,185975.0,23.0
502,3125.0,7.0,0.9678065271369166,185977.0,23.0
503,3027.0,52.0,0.9957625992655141,185978.0,23.0
504,3187.0,11.0,0.9661549180652389,185979.0,23.0
505,3109.0,40.0,1.0,185980.0,23.0
506,3180.0,27.0,0.9501338865098479,185981.0,23.0
507,3109.0,53.0,0.9915882689502333,185983.0,23.0
508,3209.0,24.0,0.9935787595802275,185984.0,23.0
509,3028.0,52.0,0.9606099939886663,185985.0,23.0
510,3021.0,34.0,0.9621302383657384,185990.0,23.0
511,3071.0,8.0,0.9727204407605471,185992.0,23.0
512,3010.0,51.0,0.9670476742762515,185993.0,23.0
513,3004.0,2.0,1.0,188048.0,23.0
514,3228.0,5.0,0.9711726126516663,188051.0,23.0
515,3184.0,23.0,0.9756734331219853,188052.0,23.0
516,2898.0,56.0,1.0,188055.0,23.0
517,3108.0,32.0,0.9738671506292383,188063.0,23.0
518,3253.0,57.0,0.973567832786034,188068.0,23.0
519,2991.0,37.0,0.9875109613433087,188070.0,23.0
520,3012.0,1.0,0.9805653768798058,188076.0,23.0
521,3148.0,40.0,0.9769091645421825,188083.0,23.0
522,3149.0,40.0,0.9756599315125651,188084.0,23.0
523,3155.0,53.0,0.9717856114435554,188090.0,23.0
524,3094.0,20.0,0.9574189411197751,188091.0,23.0
525,3207.0,49.0,0.9706217164337849,188092.0,23.0
526,3074.0,45.0,0.9581281654334759,188096.0,23.0
527,3007.0,2.0,0.9645651308690559,188098.0,23.0
528,3299.0,28.0,1.0,188100.0,23.0
529,3264.0,30.0,0.9715473304175859,188101.0,23.0
530,3239.0,24.0,0.9753924363643044,188102.0,23.0
531,3043.0,51.0,0.9744539146736849,188104.0,23.0
532,3254.0,57.0,0.982293655641164,188105.0,23.0
533,3221.0,27.0,1.0,188112.0,23.0
534,3150.0,40.0,0.9709983562523195,188115.0,23.0
535,3075.0,45.0,0.9825889740969231,188118.0,23.0
536,3095.0,20.0,1.0,188123.0,23.0
537,3109.0,32.0,0.9746911987515149,188125.0,23.0
538,3096.0,20.0,0.9718281314857553,188139.0,23.0
539,3311.0,31.0,0.9588222795074268,188141.0,23.0
540,3246.0,3.0,0.9756405215392353,188148.0,23.0
541,3076.0,45.0,1.0,188151.0,23.0
542,3154.0,12.0,0.9603525721170364,188152.0,23.0
543,2885.0,55.0,0.978085801123145,186105.0,23.0
544,3129.0,13.0,0.9762081311579541,188171.0,23.0
545,3099.0,20.0,0.9757920200052222,188174.0,23.0
546,3260.0,57.0,0.97293007260929,188176.0,23.0
547,3143.0,22.0,1.0,188183.0,23.0
548,3226.0,39.0,0.9598951187129435,188186.0,23.0
549,3059.0,34.0,0.9518092774282927,188188.0,23.0
550,3156.0,12.0,0.9542106413293824,188189.0,23.0
551,3102.0,20.0,0.9889827502044003,188194.0,23.0
552,3188.0,23.0,0.9751774753096067,188197.0,23.0
553,3162.0,43.0,0.976830030401618,188212.0,23.0
554,3241.0,24.0,0.9845647520615005,188213.0,23.0
555,3283.0,25.0,0.9828187647756346,188214.0,23.0
556,3157.0,12.0,0.9713875545220692,188215.0,23.0
557,3229.0,50.0,0.9545929973017042,188216.0,23.0
558,3254.0,29.0,0.975164653164999,188218.0,23.0
559,3222.0,27.0,1.0,188220.0,23.0
560,2963.0,2.0,0.9541387134787063,186179.0,23.0
561,3221.0,6.0,0.9682967165616145,188228.0,23.0
562,3144.0,22.0,0.975932527365816,188229.0,23.0
563,3074.0,52.0,0.981384024857877,188234.0,23.0
564,3111.0,32.0,0.975583062768068,188240.0,23.0
565,3112.0,32.0,0.9622882783362344,188258.0,23.0
566,2948.0,38.0,0.9828716252834001,188259.0,23.0
567,3145.0,22.0,0.9762125307089204,188260.0,23.0
568,3312.0,31.0,0.979787301476719,188273.0,23.0
569,3233.0,50.0,0.9789645819750613,188275.0,23.0
570,2949.0,38.0,0.961136204346094,188277.0,23.0
571,3224.0,27.0,0.9710586815565,188278.0,23.0
572,3234.0,10.0,0.9828425750376734,188279.0,23.0
573,3137.0,13.0,0.9873336979978198,188280.0,23.0
574,3077.0,45.0,0.9557868046437025,188282.0,23.0
575,3110.0,19.0,0.963495431053225,188285.0,23.0
576,3225.0,27.0,1.0,188286.0,23.0
577,3113.0,32.0,0.9719908481097643,188287.0,23.0
578,3078.0,45.0,0.9741006368317088,188288.0,23.0
579,3091.0,46.0,0.9730205219709488,188290.0,23.0
580,3253.0,3.0,1.0,188291.0,23.0
581,3155.0,40.0,0.9591322529978876,188293.0,23.0
582,3106.0,20.0,0.9771531801194477,188294.0,23.0
583,3290.0,25.0,0.982357007409784,188304.0,23.0
584,3159.0,12.0,1.0,188309.0,23.0
585,3140.0,13.0,0.979254583004728,188310.0,23.0
586,3107.0,20.0,0.9848305330108569,188314.0,23.0
587,3108.0,20.0,0.9779037552542396,188321.0,23.0
588,3060.0,34.0,0.9824626302325995,188324.0,23.0
589,3092.0,46.0,0.970223706923247,188325.0,23.0
590,3112.0,19.0,0.9845469503147162,188328.0,23.0
591,3208.0,49.0,0.9789751635866694,188329.0,23.0
592,3182.0,21.0,0.9559072405092115,186293.0,23.0
593,3234.0,50.0,0.9781211649420078,188343.0,23.0
594,3110.0,20.0,0.9729424269885089,188344.0,23.0
595,3061.0,34.0,0.9813577754904833,188345.0,23.0
596,3141.0,13.0,0.9861486135004516,188347.0,23.0
597,3142.0,13.0,0.9830905022638398,188353.0,23.0
598,3086.0,44.0,0.9525231332105232,188357.0,23.0
599,3096.0,41.0,0.9744472857239174,188361.0,23.0
600,3269.0,30.0,0.9742477036886504,188362.0,23.0
601,3056.0,14.0,0.9785190242843257,188363.0,23.0
602,3156.0,53.0,1.0,188368.0,23.0
603,3114.0,20.0,0.9781386705560454,188374.0,23.0
604,3235.0,50.0,0.966768259041162,188375.0,23.0
605,3190.0,23.0,0.9753225785621576,188377.0,23.0
606,3114.0,19.0,0.9783281655401848,188378.0,23.0
607,2954.0,38.0,0.9718557228307018,188380.0,23.0
608,3079.0,45.0,0.988335630810911,188382.0,23.0
609,3121.0,8.0,0.9730412102551341,188383.0,23.0
610,3258.0,29.0,0.9784661731445365,188384.0,23.0
611,3224.0,6.0,1.0,188386.0,23.0
612,3115.0,20.0,0.9578925234892897,188392.0,23.0
613,3057.0,14.0,0.9631625891893819,188393.0,23.0
614,3225.0,6.0,0.9625012758637798,188395.0,23.0
615,3236.0,50.0,0.9666965052371815,188397.0,23.0
616,3144.0,13.0,0.9599957067919698,188398.0,23.0
617,3226.0,6.0,0.9644426037810058,188399.0,23.0
618,3237.0,50.0,1.0,188405.0,23.0
619,3116.0,20.0,0.9636398573312734,188407.0,23.0
620,3117.0,20.0,0.9726753637831171,188408.0,23.0
621,3146.0,22.0,0.950074987821208,188411.0,23.0
622,3123.0,8.0,0.9818725118488116,188415.0,23.0
623,3228.0,27.0,1.0,188425.0,23.0
624,3077.0,52.0,0.9731179296314153,188426.0,23.0
625,3011.0,2.0,0.9701927430641629,188433.0,23.0
626,3219.0,21.0,0.9710408516573716,188440.0,23.0
627,3228.0,6.0,0.981461124179413,188443.0,23.0
628,3122.0,20.0,0.9730626961418469,188445.0,23.0
629,3271.0,30.0,0.9771083868800898,188446.0,23.0
630,3238.0,50.0,1.0,188447.0,23.0
631,3147.0,13.0,0.9711666836068735,188451.0,23.0
632,3229.0,6.0,0.9641283822696968,188454.0,23.0
633,3307.0,48.0,0.9599342640008712,188457.0,23.0
634,3124.0,8.0,0.957809564022445,188458.0,23.0
635,3301.0,25.0,0.9833187718200962,188460.0,23.0
636,3148.0,13.0,0.9952075335304584,188461.0,23.0
637,3081.0,45.0,0.9731769551623611,188462.0,23.0
638,3239.0,50.0,0.9757056294780755,188463.0,23.0
639,3192.0,23.0,0.9528600345271793,188464.0,23.0
640,3229.0,39.0,0.9781312946404466,188466.0,23.0
641,3115.0,32.0,1.0,188467.0,23.0
642,3272.0,30.0,0.9570238594849519,188468.0,23.0
643,3116.0,32.0,1.0,188470.0,23.0
644,3216.0,24.0,0.9763024099512313,186534.0,23.0
645,3171.0,54.0,0.9812006740732255,186536.0,23.0
646,3057.0,35.0,0.9638768339916086,186538.0,23.0
647,3211.0,3.0,0.9743267899207811,186539.0,23.0
648,3114.0,22.0,0.9738879880099803,186546.0,23.0
649,3068.0,44.0,0.9818707364590248,186549.0,23.0
650,2892.0,55.0,1.0,186557.0,23.0
651,3132.0,23.0,0.9517142252494971,186564.0,23.0
652,3213.0,3.0,0.9715703824454336,186577.0,23.0
653,3125.0,18.0,0.9627312991792748,186581.0,23.0
654,3203.0,39.0,0.9607773545771646,186588.0,23.0
655,3120.0,58.0,0.9747668755703884,186592.0,23.0
656,3059.0,35.0,0.9688466583387856,186594.0,23.0
657,2893.0,55.0,1.0,186598.0,23.0
658,2975.0,2.0,0.962852432191431,186599.0,23.0
659,3172.0,54.0,0.9795191834069075,186601.0,23.0
660,3126.0,18.0,0.9547239438979618,186604.0,23.0
661,3183.0,6.0,0.9841653493599208,186606.0,23.0
662,3069.0,44.0,0.9800478290049226,186607.0,23.0
663,3192.0,21.0,0.9829675399351242,186608.0,23.0
664,3137.0,7.0,0.9828253011017413,186611.0,23.0
665,3189.0,26.0,0.9743743899527967,186613.0,23.0
666,3224.0,30.0,0.9690243274741428,186614.0,23.0
667,3077.0,8.0,0.9707365636919243,186615.0,23.0
668,3188.0,26.0,0.9677036684083697,186616.0,23.0
669,3251.0,25.0,0.954113891004174,186617.0,23.0
670,2858.0,56.0,0.953677984473465,186618.0,23.0
671,3053.0,45.0,0.9833366977604919,186619.0,23.0
672,2857.0,56.0,0.9842687151970666,186622.0,23.0
673,3282.0,28.0,0.98171231893388,186623.0,23.0
674,3023.0,51.0,0.9835772395048373,186625.0,23.0
675,3115.0,40.0,0.9657874794529457,186626.0,23.0
676,3173.0,54.0,1.0,186632.0,23.0
677,3193.0,50.0,0.9543494020920844,186634.0,23.0
678,3205.0,39.0,0.9718827991474009,186636.0,23.0
679,3105.0,4.0,0.9542298187025712,184592.0,23.0
680,3054.0,45.0,0.9674507502523042,186640.0,23.0
681,2859.0,56.0,0.9709061039157021,186647.0,23.0
682,3215.0,3.0,0.9793351864893216,186654.0,23.0
683,3284.0,28.0,0.9506255212031807,186657.0,23.0
684,3064.0,20.0,1.0,186658.0,23.0
685,3070.0,44.0,0.9803633896063871,186660.0,23.0
686,2894.0,55.0,0.9851402820234654,186664.0,23.0
687,3174.0,54.0,0.9810674346930194,186671.0,23.0
688,3121.0,58.0,0.9558435328638656,186686.0,23.0
689,3195.0,21.0,0.9730188353441795,186691.0,23.0
690,3176.0,54.0,0.9748551840933012,186698.0,23.0
691,3189.0,27.0,0.980319270460207,186700.0,23.0
692,3175.0,4.0,0.9546761681891022,186705.0,23.0
693,3190.0,27.0,0.972863019799627,186711.0,23.0
694,2970.0,37.0,0.9890353060305205,186720.0,23.0
695,3219.0,57.0,0.9515025341160994,186723.0,23.0
696,3218.0,24.0,0.9864597816549745,186725.0,23.0
697,3116.0,22.0,0.9798221071366533,186731.0,23.0
698,3208.0,39.0,1.0,186732.0,23.0
699,3233.0,29.0,0.9526090642606182,186739.0,23.0
700,3178.0,54.0,0.9747919924469554,186741.0,23.0
701,3024.0,51.0,0.9849916418282861,186746.0,23.0
702,2978.0,2.0,0.9628327143822663,186747.0,23.0
703,3002.0,1.0,0.9742368984909865,186750.0,23.0
704,3079.0,8.0,1.0,186755.0,23.0
705,3225.0,57.0,0.9698816001093867,186773.0,23.0
706,3072.0,44.0,0.9724108654532442,186774.0,23.0
707,2979.0,2.0,0.9766982787827164,186776.0,23.0
708,3117.0,40.0,0.9814450869128001,186786.0,23.0
709,3279.0,9.0,0.9714610911384437,186789.0,23.0
710,3135.0,23.0,0.9614431721858077,186794.0,23.0
711,3197.0,50.0,0.9790790726182885,186803.0,23.0
712,3058.0,41.0,0.9781507423042171,186810.0,23.0
713,3125.0,12.0,0.9795951018356621,186813.0,23.0
714,3204.0,5.0,0.9724897889458648,186818.0,23.0
715,3123.0,58.0,0.952866946318251,186822.0,23.0
716,3101.0,12.0,0.9698396136214344,184785.0,23.0
717,2896.0,55.0,1.0,186846.0,23.0
718,3124.0,58.0,0.9770808692625362,186847.0,23.0
719,3126.0,12.0,0.9797678088309849,186850.0,23.0
720,3073.0,19.0,0.9670989256940559,186857.0,23.0
721,3048.0,52.0,1.0,186858.0,23.0
722,3025.0,51.0,1.0,186859.0,23.0
723,3126.0,58.0,0.9893203729543805,186862.0,23.0
724,3089.0,32.0,0.970071998735115,186871.0,23.0
725,3141.0,7.0,0.9534299704641762,186872.0,23.0
726,2930.0,0.0,0.9709997948214615,186892.0,23.0
727,2982.0,2.0,0.9801766973178606,186894.0,23.0
728,3181.0,54.0,1.0,186900.0,23.0
729,3083.0,8.0,0.974525053587778,186901.0,23.0
730,3210.0,39.0,0.9661170301373185,186903.0,23.0
731,3068.0,20.0,0.9754747391554136,186908.0,23.0
732,3170.0,42.0,1.0,186911.0,23.0
733,3027.0,51.0,0.9706137783042842,186912.0,23.0
734,3217.0,3.0,0.973258715247652,186915.0,23.0
735,3060.0,41.0,0.9549301008113087,186921.0,23.0
736,3076.0,19.0,0.9705414846977389,186930.0,23.0
737,3197.0,57.0,0.950596832167923,184883.0,23.0
738,3232.0,30.0,0.9775851976599315,186941.0,23.0
739,2865.0,56.0,0.9604804288844296,186942.0,23.0
740,3130.0,18.0,0.9769579870143688,186944.0,23.0
741,3255.0,25.0,0.9683453132080412,186945.0,23.0
742,3129.0,18.0,0.9704316991657356,186947.0,23.0
743,3051.0,52.0,0.9554545857302007,186948.0,23.0
744,3121.0,40.0,0.9681860736525062,186950.0,23.0
745,3193.0,27.0,0.962341042834396,186954.0,23.0
746,3080.0,46.0,0.9647486927950011,186955.0,23.0
747,3130.0,12.0,0.9855531130796513,186957.0,23.0
748,3077.0,44.0,0.9754398681535084,186958.0,23.0
749,3120.0,40.0,0.9745529306864165,186960.0,23.0
750,3077.0,19.0,0.967785756163294,186961.0,23.0
751,3084.0,8.0,0.9529555005587625,186962.0,23.0
752,3191.0,6.0,0.9629204925377853,186965.0,23.0
753,3064.0,35.0,0.9640321574960513,186976.0,23.0
754,3214.0,39.0,0.9734585154091072,186981.0,23.0
755,3061.0,41.0,0.9549084171135808,186983.0,23.0
756,3193.0,6.0,0.9759711404772475,186986.0,23.0
757,3079.0,19.0,0.9690544482487398,187003.0,23.0
758,3141.0,23.0,0.9685038128169688,187014.0,23.0
759,3062.0,41.0,0.9739966016801035,187015.0,23.0
760,3080.0,19.0,0.9593072932707963,187039.0,23.0
761,3082.0,46.0,0.9892300767346509,187044.0,23.0
762,2986.0,2.0,0.9653618945104862,187047.0,23.0
763,2869.0,56.0,0.9810841797109782,187049.0,23.0
764,3206.0,5.0,0.9938916606192827,187050.0,23.0
765,3142.0,23.0,1.0,187057.0,23.0
766,3202.0,10.0,0.9656107693704552,187059.0,23.0
767,2024.0,59.0,0.9747926396569228,187067.0,23.0
768,3082.0,19.0,0.9801389821594496,187079.0,23.0
769,2934.0,0.0,0.994009999007833,187081.0,23.0
770,2935.0,0.0,1.0,187089.0,23.0
771,2989.0,2.0,0.9734072954710145,187094.0,23.0
772,3058.0,45.0,0.9603422093884714,187103.0,23.0
773,3207.0,5.0,0.9872812007799715,187105.0,23.0
774,2922.0,38.0,0.9889275902838356,187106.0,23.0
775,2936.0,0.0,0.9648335014545463,187110.0,23.0
776,2937.0,0.0,0.9791442794939083,187116.0,23.0
777,3223.0,3.0,1.0,187130.0,23.0
778,3072.0,20.0,0.9750016824444462,187131.0,23.0
779,3235.0,30.0,0.9594902112077544,187132.0,23.0
780,3203.0,21.0,0.9529585976178776,187135.0,23.0
781,3098.0,13.0,0.9793583587532425,187143.0,23.0
782,3064.0,41.0,0.9824973862009087,187146.0,23.0
783,3085.0,19.0,0.9752677884607756,187148.0,23.0
784,3121.0,22.0,0.9818122952540386,187152.0,23.0
785,3065.0,41.0,0.970936506818409,187155.0,23.0
786,2923.0,38.0,0.9834875295201883,187156.0,23.0
787,2924.0,38.0,0.9826556343895629,187159.0,23.0
788,3142.0,53.0,0.9658329657502821,187160.0,23.0
789,3146.0,23.0,0.974676806190115,187161.0,23.0
790,3288.0,28.0,0.9691176351673388,187162.0,23.0
791,3073.0,20.0,0.9567666198922332,187163.0,23.0
792,2973.0,37.0,0.9827010932796104,187165.0,23.0
793,3007.0,1.0,0.9527133827435964,187168.0,23.0
794,3236.0,57.0,0.9721909570408445,187184.0,23.0
795,3125.0,40.0,0.9550918334757886,187186.0,23.0
796,3086.0,19.0,0.967731258193908,187198.0,23.0
797,3204.0,21.0,0.9673369930492034,187201.0,23.0
798,2941.0,0.0,0.9935594957316941,187208.0,23.0
799,2974.0,37.0,0.977859425243368,187215.0,23.0
800,3126.0,40.0,0.96789648560672,187221.0,23.0
801,3147.0,7.0,0.962603424869098,187223.0,23.0
802,3128.0,58.0,0.9834549961472651,187224.0,23.0
803,3201.0,6.0,0.9570201866413662,187227.0,23.0
804,3066.0,41.0,0.9749010961162994,187233.0,23.0
805,2875.0,56.0,0.9707744481473263,187237.0,23.0
806,3218.0,39.0,0.9699364999424287,187243.0,23.0
807,3287.0,48.0,0.9756071079173444,187244.0,23.0
808,3039.0,14.0,0.9507478478715765,187246.0,23.0
809,3099.0,32.0,0.9842727603880712,187247.0,23.0
810,3151.0,23.0,0.954101046399734,187249.0,23.0
811,3150.0,23.0,0.9841584202819188,187251.0,23.0
812,2879.0,56.0,1.0,187252.0,23.0
813,3098.0,32.0,0.9573826722310468,187255.0,23.0
814,3224.0,24.0,0.9860096802491315,187256.0,23.0
815,2975.0,37.0,0.9931846279564307,187257.0,23.0
816,2877.0,56.0,0.9795466479140235,187258.0,23.0
817,2876.0,56.0,0.9688817437935136,187259.0,23.0
818,3053.0,52.0,0.9912824837528673,187260.0,23.0
819,3102.0,13.0,0.9533010773669428,187263.0,23.0
820,2878.0,56.0,0.985414245846356,187264.0,23.0
821,3135.0,12.0,0.9738735621654535,187265.0,23.0
822,2976.0,37.0,0.9896977095960363,187267.0,23.0
823,3220.0,39.0,0.9726495752846883,187285.0,23.0
824,3088.0,19.0,0.9888939886125399,187290.0,23.0
825,2943.0,0.0,0.9817171771330039,187306.0,23.0
826,3206.0,21.0,0.9602710061112908,187320.0,23.0
827,3228.0,3.0,0.976496668618667,187321.0,23.0
828,3055.0,52.0,0.9797976195546985,187327.0,23.0
829,2927.0,38.0,1.0,187332.0,23.0
830,3083.0,46.0,0.9787058138540519,187337.0,23.0
831,3241.0,29.0,0.9798253486404619,187338.0,23.0
832,3126.0,22.0,0.9757283956114612,187343.0,23.0
833,3150.0,7.0,0.9778884505002935,187348.0,23.0
834,3175.0,5.0,0.9764029898226355,185301.0,23.0
835,3207.0,21.0,0.9697593490917403,187350.0,23.0
836,3082.0,44.0,0.984494611174531,187356.0,23.0
837,2945.0,0.0,0.9568699567524662,187357.0,23.0
838,2979.0,37.0,0.9936732462152048,187370.0,23.0
839,2980.0,37.0,0.9578399548656799,187372.0,23.0
840,3250.0,47.0,0.9793316767271935,187374.0,23.0
841,3131.0,40.0,0.9607175642927357,187379.0,23.0
842,2928.0,38.0,0.9827143597801847,187388.0,23.0
843,3204.0,26.0,0.9618267039296261,187392.0,23.0
844,3229.0,3.0,0.9845320493655063,187394.0,23.0
845,3243.0,30.0,0.9576273232124349,187395.0,23.0
846,3290.0,48.0,0.9715815434268273,187397.0,23.0
847,2901.0,55.0,0.9579812623536758,187405.0,23.0
848,3205.0,6.0,0.9814691887964574,187407.0,23.0
849,2902.0,55.0,1.0,187411.0,23.0
850,3145.0,53.0,0.9817925737024108,187413.0,23.0
851,2929.0,38.0,0.9627732698534214,187414.0,23.0
852,3228.0,24.0,0.9526394134390355,187415.0,23.0
853,2948.0,0.0,0.9762411527620973,187417.0,23.0
854,3212.0,5.0,0.962582461463258,187418.0,23.0
855,3106.0,13.0,0.9769765688172645,187444.0,23.0
856,3068.0,35.0,0.9624800670194851,187447.0,23.0
857,3156.0,23.0,0.9808584604544163,187455.0,23.0
858,3133.0,58.0,1.0,187466.0,23.0
859,3109.0,13.0,0.9544683425699727,187480.0,23.0
860,2890.0,56.0,0.9796946874671144,187481.0,23.0
861,3058.0,52.0,0.9662551075553342,187482.0,23.0
862,3212.0,50.0,0.9556711239121924,187485.0,23.0
863,3159.0,23.0,0.9613138978623837,187490.0,23.0
864,3148.0,53.0,0.9648184166974884,187493.0,23.0
865,3134.0,58.0,0.9732686061999889,187500.0,23.0
866,3042.0,34.0,0.9657796074100217,187507.0,23.0
867,3205.0,26.0,0.9686283039850632,187508.0,23.0
868,3110.0,13.0,0.9849682228231276,187510.0,23.0
869,3111.0,13.0,0.9663099971871991,187512.0,23.0
870,3134.0,18.0,1.0,187513.0,23.0
871,3073.0,41.0,0.9899896039566497,187514.0,23.0
872,3207.0,6.0,0.9697247849378302,187515.0,23.0
873,3093.0,19.0,1.0,187516.0,23.0
874,3160.0,23.0,0.970981488724914,187517.0,23.0
875,3074.0,41.0,0.9634442141953539,187518.0,23.0
876,2904.0,55.0,1.0,187519.0,23.0
877,3079.0,20.0,0.9556407162403855,187520.0,23.0
878,3140.0,12.0,0.9661493401389322,187521.0,23.0
879,3112.0,13.0,0.9699447936431583,187523.0,23.0
880,3141.0,12.0,0.9800663342235483,187528.0,23.0
881,3152.0,43.0,1.0,187532.0,23.0
882,3059.0,52.0,0.9745065809515092,187537.0,23.0
883,2842.0,56.0,0.9831850170053756,185490.0,23.0
884,3154.0,7.0,0.9829221070824858,187548.0,23.0
885,3239.0,57.0,0.9761988740719176,187550.0,23.0
886,3209.0,27.0,0.9616608548434076,187551.0,23.0
887,3085.0,46.0,0.9913998426350127,187556.0,23.0
888,2905.0,55.0,0.9633842177413764,187558.0,23.0
889,3240.0,57.0,1.0,187565.0,23.0
890,2954.0,0.0,0.9588585608023127,187569.0,23.0
891,3060.0,52.0,0.9650281543366491,187570.0,23.0
892,3137.0,58.0,1.0,187573.0,23.0
893,3036.0,51.0,0.9610407489406344,187577.0,23.0
894,3209.0,6.0,0.964660831451961,187580.0,23.0
895,3131.0,22.0,0.9728634536906338,187584.0,23.0
896,3086.0,46.0,0.9716465377569444,187594.0,23.0
897,2933.0,38.0,0.9816356965790022,187595.0,23.0
898,3235.0,3.0,0.9747629514604812,187601.0,23.0
899,3236.0,3.0,0.9854292941315869,187602.0,23.0
900,2982.0,37.0,0.9819208048369579,187605.0,23.0
901,3210.0,27.0,1.0,187614.0,23.0
902,3102.0,8.0,0.9707783929625674,187618.0,23.0
903,3063.0,52.0,0.9762750370682931,187626.0,23.0
904,3212.0,27.0,0.9734454456265345,187637.0,23.0
905,3102.0,32.0,0.9638973349206122,187650.0,23.0
906,3213.0,27.0,1.0,187651.0,23.0
907,2883.0,33.0,0.9651205149674178,187656.0,23.0
908,3181.0,39.0,1.0,185611.0,23.0
909,3045.0,14.0,0.9958304553225186,187659.0,23.0
910,3232.0,24.0,0.9535039297203937,187661.0,23.0
911,3263.0,25.0,0.9819641446777891,187662.0,23.0
912,3150.0,53.0,0.9837153122700686,187666.0,23.0
913,3113.0,13.0,0.9576788949745638,187667.0,23.0
914,2907.0,55.0,0.9581343943726044,187673.0,23.0
915,3067.0,45.0,0.9806565344745168,187678.0,23.0
916,3207.0,26.0,0.9748115989865195,187684.0,23.0
917,3010.0,1.0,0.9729042930940699,187689.0,23.0
918,3135.0,40.0,0.97882806259643,187690.0,23.0
919,3140.0,58.0,0.9933958121381895,187691.0,23.0
920,3209.0,21.0,0.969867452182899,187703.0,23.0
921,3195.0,54.0,0.9728134471976948,187705.0,23.0
922,3105.0,32.0,1.0,187707.0,23.0
923,3238.0,3.0,0.9626993380414133,187709.0,23.0
924,3166.0,23.0,0.9840135043116205,187711.0,23.0
925,2885.0,33.0,0.9742559613551512,187718.0,23.0
926,2959.0,0.0,0.9585984580550984,187722.0,23.0
927,3098.0,19.0,0.9945661635682549,187730.0,23.0
928,3211.0,21.0,0.9604092028209181,187731.0,23.0
929,3253.0,47.0,1.0,187733.0,23.0
930,3087.0,46.0,0.9692475553775262,187734.0,23.0
931,3308.0,31.0,0.9761415818453568,187736.0,23.0
932,2945.0,37.0,0.981204444615878,185689.0,23.0
933,3099.0,19.0,0.980400957466528,187737.0,23.0
934,2910.0,0.0,0.9623944903743593,185691.0,23.0
935,3219.0,50.0,0.9808522289384495,187738.0,23.0
936,3209.0,26.0,0.9778197399807778,187739.0,23.0
937,3051.0,34.0,0.9687037360770051,187740.0,23.0
938,3264.0,25.0,0.9670671759310802,187741.0,23.0
939,3064.0,52.0,0.9585196593234264,187742.0,23.0
940,3135.0,22.0,0.9533421261695577,187743.0,23.0
941,3265.0,25.0,0.9517095623055075,187744.0,23.0
942,3041.0,51.0,0.9610137542353885,187749.0,23.0
943,2999.0,2.0,0.9755871478027774,187756.0,23.0
944,3239.0,3.0,0.9774155356225983,187763.0,23.0
945,3100.0,19.0,0.9572880877157574,187771.0,23.0
946,3051.0,14.0,0.9804058106749007,187772.0,23.0
947,3142.0,58.0,0.9709998105012154,187773.0,23.0
948,3143.0,58.0,1.0,187775.0,23.0
949,2961.0,0.0,0.9536734272225748,187776.0,23.0
950,3253.0,30.0,0.9744617972676721,187782.0,23.0
951,3084.0,44.0,1.0,187786.0,23.0
952,3052.0,14.0,0.9733638104863869,187788.0,23.0
953,2910.0,55.0,0.9781092150726287,187799.0,23.0
954,3233.0,24.0,0.9671036576053437,187800.0,23.0
955,3146.0,58.0,0.9816206746163286,187803.0,23.0
956,3136.0,40.0,0.9750438880516415,187808.0,23.0
957,3144.0,12.0,0.9575488858767026,187818.0,23.0
958,3083.0,41.0,0.9744808692128599,187820.0,23.0
959,3000.0,2.0,0.9724181129887909,187822.0,23.0
960,3221.0,50.0,0.9773462934687956,187823.0,23.0
961,3147.0,58.0,0.9796064153826671,187828.0,23.0
962,2942.0,38.0,0.9830177384135629,187829.0,23.0
963,3108.0,8.0,0.9837413605456933,187830.0,23.0
964,3213.0,21.0,0.9761714730548071,187834.0,23.0
965,3241.0,3.0,0.9620499791509411,187836.0,23.0
966,3245.0,57.0,0.9782534056214969,187838.0,23.0
967,3109.0,8.0,0.9629167804789681,187839.0,23.0
968,3215.0,10.0,0.9600699609576896,187849.0,23.0
969,3148.0,58.0,0.9901532150659796,187853.0,23.0
970,3066.0,52.0,0.9772466370354369,187859.0,23.0
971,3042.0,51.0,1.0,187869.0,23.0
972,3213.0,6.0,0.9759476699447924,187879.0,23.0
973,3149.0,58.0,0.968110356647345,187880.0,23.0
974,3001.0,2.0,1.0,187882.0,23.0
975,3085.0,41.0,0.9746673501203729,187886.0,23.0
976,3067.0,52.0,0.9799131054543875,187892.0,23.0
977,3224.0,39.0,0.9701696837987903,187896.0,23.0
978,3174.0,23.0,0.9729706210326029,187898.0,23.0
979,3068.0,52.0,0.9802826297057528,187901.0,23.0
980,3242.0,3.0,0.9753079832422499,187902.0,23.0
981,3138.0,40.0,0.9776024681061306,187911.0,23.0
982,3223.0,50.0,0.9770689713810589,187922.0,23.0
983,3072.0,45.0,0.9689870383523046,187924.0,23.0
984,3235.0,24.0,0.962528965264733,187927.0,23.0
985,3112.0,8.0,0.9552740115877714,187929.0,23.0
986,3211.0,26.0,0.9805280335535382,187934.0,23.0
987,3104.0,19.0,0.9760786107298536,187935.0,23.0
988,3237.0,24.0,0.9872474025511492,187947.0,23.0
989,3236.0,24.0,0.9782442643434452,187948.0,23.0
990,3177.0,23.0,0.9826695081149176,187949.0,23.0
991,3069.0,52.0,0.9524128544211761,187951.0,23.0
992,3218.0,10.0,0.9639628316788816,187953.0,23.0
993,3139.0,40.0,0.9619655201007482,187954.0,23.0
994,3089.0,20.0,1.0,187955.0,23.0
995,3297.0,28.0,1.0,187956.0,23.0
996,3298.0,28.0,0.9671230281636239,187957.0,23.0
997,3090.0,20.0,0.9646492643899303,187958.0,23.0
998,3178.0,23.0,0.9774832240898527,187959.0,23.0
999,3089.0,46.0,0.9642880206668321,187965.0,23.0
1000,3121.0,13.0,0.9707544885498495,187966.0,23.0
1001,3249.0,57.0,0.9565788560114552,187972.0,23.0
1002,3310.0,31.0,0.957216173092379,187973.0,23.0
1003,3122.0,13.0,0.9534271322742768,187975.0,23.0
1004,3088.0,41.0,0.9896095904913501,187976.0,23.0
1005,2988.0,37.0,0.9766084229894056,187980.0,23.0
1006,3260.0,30.0,0.9715048217579129,187982.0,23.0
1007,3238.0,24.0,0.9759647763765078,187983.0,23.0
1008,3181.0,23.0,0.9511652717741701,187988.0,23.0
1009,3155.0,58.0,1.0,187990.0,23.0
1010,3261.0,30.0,1.0,187994.0,23.0
1011,3114.0,8.0,1.0,187999.0,23.0
1012,2989.0,37.0,1.0,188004.0,23.0
1013,3216.0,6.0,0.975818092281464,188020.0,23.0
1014,2897.0,56.0,0.9779125863693349,188026.0,23.0
1015,3251.0,57.0,0.9713153770298478,188029.0,23.0
1016,3152.0,53.0,0.9570343232268311,188032.0,23.0
1017,3153.0,53.0,1.0,188034.0,23.0
1018,2968.0,0.0,0.9537237072745115,188039.0,23.0
1019,3187.0,5.0,0.9795103482935708,185986.0,23.0
1020,2995.0,36.0,0.989949433517799,184634.0,23.0
1021,3214.0,57.0,1.0,186509.0,23.0
1022,3113.0,58.0,0.9602928081888565,185998.0,23.0
1023,3172.0,4.0,0.9757743937749911,186510.0,23.0
1024,3076.0,8.0,0.988769048196543,186516.0,23.0
1025,3006.0,2.0,0.9830149768858873,188053.0,23.0
1026,3103.0,7.0,0.9762469163468036,184986.0,23.0
1027,3098.0,8.0,0.9726399985381111,187547.0,23.0
1028,3224.0,50.0,0.9714346480634478,188061.0,23.0
1029,3215.0,29.0,0.9694087414298168,185502.0,23.0
1030,3030.0,45.0,0.988997371680784,185504.0,23.0
1031,3041.0,45.0,1.0,186017.0,23.0
1032,3155.0,26.0,0.9738008475112457,184994.0,23.0
1033,3130.0,22.0,0.9671579566249251,187553.0,23.0
1034,3120.0,22.0,0.9751622002593682,187045.0,23.0
1035,3219.0,3.0,1.0,187052.0,23.0
1036,3042.0,36.0,0.9822080099409123,185989.0,23.0
1037,3216.0,57.0,1.0,186543.0,23.0
1038,2838.0,56.0,0.9548556440612496,185010.0,23.0
1039,3143.0,23.0,1.0,187060.0,23.0
1040,3246.0,25.0,0.9511447841346891,186037.0,23.0
1041,3263.0,30.0,0.9830291564064781,188087.0,23.0
1042,3094.0,32.0,1.0,187063.0,23.0
1043,3185.0,24.0,0.9759420176539241,185019.0,23.0
1044,3266.0,9.0,0.96710180240854,186047.0,23.0
1045,3072.0,52.0,0.9681008496726765,188097.0,23.0
1046,3281.0,28.0,0.9679177731094568,186562.0,23.0
1047,3212.0,3.0,0.9951504167574341,186563.0,23.0
1048,3210.0,10.0,0.9829340670203671,187590.0,23.0
1049,3224.0,10.0,0.9894729807924312,188103.0,23.0
1050,3165.0,21.0,0.9632951039938755,185544.0,23.0
1051,3126.0,13.0,0.9732481776540137,188106.0,23.0
1052,3203.0,10.0,0.9721365386929589,187083.0,23.0
1053,3058.0,35.0,0.9647180508950932,186572.0,23.0
1054,3281.0,31.0,0.9541920885653469,186063.0,23.0
1055,3198.0,11.0,0.9531899139828458,186575.0,23.0
1056,3084.0,19.0,0.9646129554272749,187091.0,23.0
1057,3202.0,21.0,0.9683173166345371,187093.0,23.0
1058,3082.0,13.0,0.9563986903694722,186070.0,23.0
1059,3051.0,19.0,0.9800749625299093,185559.0,23.0
1060,3193.0,54.0,0.976627927990854,187607.0,23.0
1061,3216.0,29.0,0.9743480212292812,185564.0,23.0
1062,3071.0,20.0,0.9781243772835915,187102.0,23.0
1063,3033.0,41.0,1.0,185567.0,23.0
1064,3275.0,9.0,0.9848447231207932,186595.0,23.0
1065,3191.0,21.0,0.9637816668422378,186600.0,23.0
1066,3235.0,47.0,0.9809201749872727,186605.0,23.0
1067,3244.0,47.0,0.9829351227561408,187117.0,23.0
1068,3094.0,40.0,0.9721111703535295,185071.0,23.0
1069,2889.0,38.0,0.9840101699715194,185072.0,23.0
1070,3200.0,54.0,1.0,188145.0,23.0
1071,3184.0,6.0,0.9826347487634202,186609.0,23.0
1072,3022.0,51.0,0.965958647666537,186610.0,23.0
1073,3089.0,13.0,0.9837161667138203,186612.0,23.0
1074,3307.0,31.0,1.0,187629.0,23.0
1075,3294.0,48.0,0.9700363388101771,187530.0,23.0
1076,3077.0,41.0,1.0,187630.0,23.0
1077,3055.0,20.0,0.9843341256242732,185583.0,23.0
1078,3109.0,58.0,0.962655851591861,185585.0,23.0
1079,3134.0,22.0,0.973903679742896,187639.0,23.0
1080,2831.0,56.0,0.9784671335824161,184572.0,23.0
1081,3032.0,14.0,0.978892378058989,186620.0,23.0
1082,3232.0,29.0,0.9765278028397727,186621.0,23.0
1083,3058.0,20.0,0.9637443053125245,186111.0,23.0
1084,3283.0,28.0,0.9563019426778406,186624.0,23.0
1085,2961.0,2.0,0.9724825643643226,186113.0,23.0
1086,3060.0,45.0,0.9921855165450654,187134.0,23.0
1087,3038.0,51.0,0.9816307519133213,187653.0,23.0
1088,3214.0,3.0,0.9699896641894681,186630.0,23.0
1089,3076.0,46.0,0.970346715054941,186631.0,23.0
1090,1984.0,59.0,0.9693523829323781,184582.0,23.0
1091,3073.0,52.0,0.9806531910218805,188167.0,23.0
1092,1987.0,59.0,0.9697757579981147,184585.0,23.0
1093,3184.0,50.0,0.9659735973257624,186122.0,23.0
1094,3131.0,18.0,0.9686944141339874,187151.0,23.0
1095,3172.0,26.0,1.0,185615.0,23.0
1096,3199.0,27.0,0.9725415311186834,187154.0,23.0
1097,3069.0,19.0,0.9641151058192453,186645.0,23.0
1098,2983.0,37.0,0.9726204434239895,187669.0,23.0
1099,3045.0,36.0,0.9649084914572472,186139.0,23.0
1100,3038.0,46.0,0.9664464451063438,185117.0,23.0
1101,1995.0,59.0,0.9694533528727692,184608.0,23.0
1102,3120.0,7.0,0.9697983515944144,185636.0,23.0
1103,3007.0,14.0,0.9765467544271222,185125.0,23.0
1104,3013.0,34.0,1.0,185126.0,23.0
1105,3154.0,43.0,1.0,187686.0,23.0
1106,2899.0,38.0,0.9692779967809568,185639.0,23.0
1107,2905.0,0.0,0.9832795626906011,185129.0,23.0
1108,3080.0,44.0,1.0,187178.0,23.0
1109,3115.0,58.0,0.979648632408722,186158.0,23.0
1110,2962.0,2.0,0.9726030869041719,186159.0,23.0
1111,3029.0,41.0,1.0,185134.0,23.0
1112,2939.0,0.0,0.9751248010477868,187183.0,23.0
1113,3175.0,6.0,0.9611303931012078,186164.0,23.0
1114,3067.0,32.0,0.9653597015331233,185652.0,23.0
1115,3024.0,14.0,0.9804520256919155,186172.0,23.0
1116,3191.0,26.0,0.9571760722897112,186685.0,23.0
1117,3079.0,32.0,0.9725396990864611,186176.0,23.0
1118,2886.0,38.0,0.953608240206258,184643.0,23.0
1119,2957.0,1.0,0.9617289221402295,185156.0,23.0
1120,3167.0,21.0,0.9705786148026055,185670.0,23.0
1121,3135.0,13.0,0.9933092849090791,188235.0,23.0
1122,3187.0,54.0,0.9707881496509769,187212.0,23.0
1123,3228.0,30.0,0.9583467879049209,186701.0,23.0
1124,2925.0,0.0,0.959268233154813,186703.0,23.0
1125,3219.0,29.0,0.9703026936988521,185680.0,23.0
1126,3043.0,52.0,0.9717202975351255,186706.0,23.0
1127,2996.0,36.0,0.9645577210811359,184659.0,23.0
1128,3222.0,11.0,0.9605877130826933,187732.0,23.0
1129,3020.0,52.0,0.9754292710293215,185685.0,23.0
1130,3277.0,9.0,0.9665068297028371,186710.0,23.0
1131,3114.0,13.0,0.9865634333923766,187735.0,23.0
1132,3096.0,40.0,0.9920112726275073,185179.0,23.0
1133,3187.0,6.0,1.0,186719.0,23.0
1134,2832.0,56.0,0.9621161229130625,184672.0,23.0
1135,3113.0,4.0,1.0,184677.0,23.0
1136,3181.0,5.0,1.0,185702.0,23.0
1137,3231.0,10.0,0.9602293073926431,188263.0,23.0
1138,3264.0,57.0,1.0,188264.0,23.0
1139,3296.0,28.0,0.9698700044186924,187750.0,23.0
1140,3038.0,34.0,0.980500741035316,187245.0,23.0
1141,3056.0,32.0,0.9738505905561543,185197.0,23.0
1142,3166.0,27.0,0.9727723990131354,185198.0,23.0
1143,3258.0,25.0,0.9720698189552841,187248.0,23.0
1144,3270.0,9.0,0.976382102322965,186225.0,23.0
1145,3143.0,53.0,0.9541621791304795,187250.0,23.0
1146,2878.0,33.0,0.9856578269251861,186737.0,23.0
1147,3089.0,40.0,0.9629803852468062,184691.0,23.0
1148,3063.0,45.0,0.9619092025709275,187253.0,23.0
1149,3291.0,28.0,0.9550551154361385,187254.0,23.0
1150,3093.0,53.0,0.9686200467260475,185207.0,23.0
1151,3052.0,20.0,0.9536756933092396,184696.0,23.0
1152,3071.0,45.0,0.9689508190254214,187760.0,23.0
1153,3218.0,5.0,1.0,187762.0,23.0
1154,2985.0,37.0,0.99008686650661,187765.0,23.0
1155,2846.0,33.0,1.0,185212.0,23.0
1156,3034.0,51.0,0.9723726863941101,187261.0,23.0
1157,3225.0,24.0,0.9685898659203485,187262.0,23.0
1158,3080.0,8.0,0.9711728039715019,186759.0,23.0
1159,3011.0,1.0,1.0,187784.0,23.0
1160,3122.0,23.0,1.0,184715.0,23.0
1161,3216.0,3.0,1.0,186764.0,23.0
1162,2894.0,38.0,0.9625531985592503,185232.0,23.0
1163,3299.0,48.0,0.966406640059053,187793.0,23.0
1164,2867.0,55.0,0.9652096914977474,185235.0,23.0
1165,3165.0,58.0,0.9729555227875589,188308.0,23.0
1166,3175.0,27.0,0.9874629604858866,185750.0,23.0
1167,3285.0,31.0,0.9761079621767705,186263.0,23.0
1168,3169.0,4.0,0.9803975909405127,186265.0,23.0
1169,3176.0,4.0,0.9747709125549952,186779.0,23.0
1170,3164.0,54.0,0.9627768277121806,186269.0,23.0
1171,2950.0,38.0,0.9747954083096468,188318.0,23.0
1172,3168.0,58.0,0.9607721196473423,188319.0,23.0
1173,2973.0,1.0,0.9558962273202322,185757.0,23.0
1174,3207.0,29.0,0.9658132694097308,185249.0,23.0
1175,3142.0,42.0,0.977340919795679,184738.0,23.0
1176,3068.0,41.0,1.0,187297.0,23.0
1177,3219.0,47.0,0.9693976703451374,185758.0,23.0
1178,2977.0,37.0,0.9840031954917619,187302.0,23.0
1179,3324.0,16.0,1.0,186791.0,23.0
1180,3034.0,41.0,1.0,185766.0,23.0
1181,2911.0,0.0,0.953947327519176,185767.0,23.0
1182,3110.0,7.0,0.9526921985026735,185258.0,23.0
1183,3211.0,11.0,0.9852952690471268,187307.0,23.0
1184,3199.0,10.0,0.9833711684850367,186796.0,23.0
1185,3110.0,12.0,0.9629157128229245,185771.0,23.0
1186,3136.0,23.0,0.9647589525994109,186798.0,23.0
1187,3203.0,50.0,0.9664120617733033,187311.0,23.0
1188,3276.0,48.0,0.9663137025465516,186801.0,23.0
1189,3042.0,46.0,0.9519306778089583,185266.0,23.0
1190,3127.0,23.0,0.9720800363172339,185784.0,23.0
1191,3074.0,44.0,0.9694656793167539,186809.0,23.0
1192,3156.0,49.0,0.9614772378405398,184765.0,23.0
1193,3118.0,12.0,0.9843194337871817,186304.0,23.0
1194,3025.0,34.0,0.9847366610553964,186305.0,23.0
1195,2880.0,33.0,0.9583047450934876,186817.0,23.0
1196,3013.0,14.0,1.0,185283.0,23.0
1197,3122.0,43.0,1.0,185284.0,23.0
1198,3051.0,35.0,0.9974539669681775,186309.0,23.0
1199,3222.0,50.0,0.9720954046354787,187844.0,23.0
1200,3204.0,6.0,0.9701347740398738,187335.0,23.0
1201,3143.0,42.0,0.9654959742828959,184776.0,23.0
1202,2980.0,2.0,0.9606585537570872,186824.0,23.0
1203,3004.0,51.0,1.0,185800.0,23.0
1204,3183.0,24.0,0.9725500675390207,184780.0,23.0
1205,3184.0,39.0,0.9634627341775878,185809.0,23.0
1206,3032.0,35.0,0.9744526432423712,185302.0,23.0
1207,3059.0,41.0,1.0,186840.0,23.0
1208,3122.0,4.0,0.9745067458126373,184798.0,23.0
1209,3180.0,49.0,0.9697662861602848,185314.0,23.0
1210,3036.0,36.0,0.978367784340465,185830.0,23.0
1211,3131.0,58.0,0.984554869636901,187368.0,23.0
1212,3102.0,19.0,0.9572306356567895,187888.0,23.0
1213,3197.0,49.0,0.9771368983894217,186354.0,23.0
1214,3076.0,52.0,0.9808384094128492,188402.0,23.0
1215,3123.0,43.0,0.973063402202295,185336.0,23.0
1216,3146.0,42.0,0.9626285590376472,184827.0,23.0
1217,3096.0,18.0,1.0,185339.0,23.0
1218,3002.0,2.0,0.9703863608164467,187899.0,23.0
1219,3205.0,5.0,1.0,186878.0,23.0
1220,3185.0,39.0,0.9564952120668125,185852.0,23.0
1221,3126.0,43.0,0.9658326986952115,185854.0,23.0
1222,2869.0,55.0,0.9674302658699723,185348.0,23.0
1223,3237.0,57.0,0.9709542955319422,187396.0,23.0
1224,3198.0,21.0,0.9717856770315964,186887.0,23.0
1225,3244.0,30.0,0.9656868214717332,187401.0,23.0
1226,3105.0,13.0,0.9746392500408154,187404.0,23.0
1227,2965.0,37.0,0.9730885739320407,186381.0,23.0
1228,3120.0,18.0,1.0,186384.0,23.0
1229,3299.0,16.0,0.9602227312600087,184850.0,23.0
1230,3222.0,39.0,0.9721558146661607,187410.0,23.0
1231,3063.0,8.0,0.9726701910147714,185366.0,23.0
1232,3122.0,12.0,1.0,186392.0,23.0
1233,3254.0,25.0,0.9764799204208207,186905.0,23.0
1234,3203.0,49.0,0.9730378110882442,186906.0,23.0
1235,3099.0,40.0,0.9866642930607616,185372.0,23.0
1236,3254.0,28.0,0.970175708033557,185379.0,23.0
1237,3126.0,53.0,0.9555157700517295,186404.0,23.0
1238,3207.0,24.0,0.9649328558043291,185893.0,23.0
1239,3176.0,23.0,0.9717078022514938,187942.0,23.0
1240,2016.0,59.0,0.9572902631569489,184871.0,23.0
1241,3114.0,7.0,0.967866089612533,185387.0,23.0
1242,3029.0,34.0,0.9657875137103092,186412.0,23.0
1243,3028.0,46.0,0.9865221117664106,184876.0,23.0
1244,3075.0,19.0,0.9648980834872152,186924.0,23.0
1245,3181.0,49.0,0.9669910387525638,185391.0,23.0
1246,3211.0,39.0,0.966456274455383,186928.0,23.0
1247,2836.0,56.0,0.9732862296284394,184881.0,23.0
1248,3070.0,52.0,0.9883409673750048,187950.0,23.0
1249,2862.0,55.0,0.9560614336360382,184886.0,23.0
1250,3179.0,50.0,0.9798775216999704,185912.0,23.0
1251,3006.0,34.0,0.974234393700109,184895.0,23.0
1252,3156.0,43.0,0.9604507046025943,187969.0,23.0
1253,3207.0,11.0,0.9564644207250276,186946.0,23.0
1254,3222.0,30.0,0.9703679223166125,186437.0,23.0
1255,3299.0,31.0,0.9908324342373305,186949.0,23.0
1256,3092.0,32.0,0.955361471389283,186951.0,23.0
1257,3093.0,32.0,1.0,186952.0,23.0
1258,3029.0,51.0,0.9739655272633223,186953.0,23.0
1259,3274.0,15.0,0.9779995502557737,185418.0,23.0
1260,3197.0,26.0,0.9811107169879404,186956.0,23.0
1261,3111.0,22.0,0.9600030039663077,186445.0,23.0
1262,3036.0,35.0,0.9600354484337728,185422.0,23.0
1263,3300.0,31.0,1.0,186959.0,23.0
1264,3115.0,18.0,0.9569437409822609,185936.0,23.0
1265,3135.0,53.0,0.9852922128179306,186963.0,23.0
1266,3136.0,53.0,0.9826325118542203,186964.0,23.0
1267,3165.0,26.0,0.9781209356583898,185430.0,23.0
1268,3059.0,44.0,0.9708167567563475,185943.0,23.0
1269,3092.0,19.0,0.9686872089594494,187484.0,23.0
1270,3124.0,12.0,0.9778560815198816,186461.0,23.0
1271,3250.0,57.0,0.9738088522159624,188002.0,23.0
1272,3165.0,5.0,0.9619809012227876,184931.0,23.0
1273,3200.0,57.0,0.965445537796454,185443.0,23.0
1274,2997.0,1.0,0.9718881865720093,186469.0,23.0
1275,3210.0,47.0,0.9642620071595022,184933.0,23.0
1276,3280.0,48.0,0.9639411309758457,186982.0,23.0
1277,3061.0,46.0,0.9864364672057616,185956.0,23.0
1278,3218.0,27.0,0.9664083473515365,188007.0,23.0
1279,3208.0,10.0,0.9536721209802735,187501.0,23.0
1280,2913.0,0.0,0.967205280920533,185965.0,23.0
1281,3078.0,44.0,1.0,186991.0,23.0
1282,3115.0,8.0,0.9803400395386308,188016.0,23.0
1283,2864.0,33.0,1.0,185969.0,23.0
1284,3218.0,11.0,0.9871372348272768,187509.0,23.0
1285,3289.0,31.0,0.966668116705434,186486.0,23.0
1286,3260.0,25.0,0.9521583610517075,187511.0,23.0
1287,2983.0,51.0,0.9734633869771894,184952.0,23.0
1288,3274.0,25.0,0.9610648278152145,188025.0,23.0
1289,3198.0,5.0,0.9651133614790407,186490.0,23.0
1290,3180.0,6.0,0.9796528134262086,186491.0,23.0
1291,3098.0,53.0,0.9655876170304435,185470.0,23.0
1292,3060.0,44.0,0.9611232525655742,185982.0,23.0
1293,3246.0,30.0,0.9659697621955402,187522.0,23.0
1294,3188.0,11.0,0.962002071462072,185987.0,23.0
1295,3199.0,54.0,0.9713143636919632,188037.0,23.0
1296,2871.0,55.0,1.0,185478.0,23.0
1297,3151.0,42.0,0.9956509872578986,184968.0,23.0
1298,3119.0,22.0,0.9815435066631657,187018.0,23.0
1299,2954.0,37.0,0.9821900676320506,185997.0,23.0
1300,3022.0,34.0,1.0,186006.0,23.0
1301,3266.0,48.0,0.9620402332310081,186010.0,23.0
1302,2971.0,0.0,0.9567573708753102,188059.0,23.0
1303,3114.0,12.0,0.9594583917017854,186015.0,23.0
1304,3081.0,13.0,0.9525211252237409,186016.0,23.0
1305,3188.0,5.0,1.0,186022.0,23.0
1306,3129.0,43.0,0.9628837965372838,186023.0,23.0
1307,3190.0,11.0,0.9716135900430855,186026.0,23.0
1308,3190.0,39.0,1.0,186031.0,23.0
1309,3128.0,23.0,0.9535878600845724,186032.0,23.0
1310,3130.0,43.0,1.0,186043.0,23.0
1311,3131.0,43.0,1.0,186046.0,23.0
1312,3012.0,51.0,1.0,186051.0,23.0
1313,3200.0,3.0,1.0,186057.0,23.0
1314,2916.0,0.0,0.9628427782902276,186059.0,23.0
1315,2867.0,33.0,1.0,186061.0,23.0
1316,3105.0,22.0,1.0,186062.0,23.0
1317,3180.0,50.0,0.9565991949068204,186066.0,23.0
1318,3278.0,25.0,1.0,188116.0,23.0
1319,3061.0,19.0,0.962936976556597,186074.0,23.0
1320,3210.0,24.0,1.0,186080.0,23.0
1321,3282.0,31.0,1.0,186085.0,23.0
1322,3191.0,11.0,0.9610979652165812,186086.0,23.0
1323,3117.0,18.0,0.9825865838238222,186094.0,23.0
1324,3267.0,9.0,0.9820878017729465,186096.0,23.0
1325,3013.0,51.0,0.9627460045822552,186097.0,23.0
1326,3178.0,21.0,0.9829478285615928,186099.0,23.0
1327,3045.0,45.0,0.9743656396569634,186102.0,23.0
1328,3162.0,54.0,0.9534490052320916,186108.0,23.0
1329,3228.0,10.0,0.9727744266714458,188157.0,23.0
1330,3014.0,51.0,1.0,186110.0,23.0
1331,3226.0,50.0,0.9879112352050986,188160.0,23.0
1332,3182.0,50.0,0.9751607209805334,186117.0,23.0
1333,3227.0,50.0,0.9644834391087226,188182.0,23.0
1334,3183.0,26.0,1.0,186138.0,23.0
1335,2847.0,56.0,1.0,186143.0,23.0
1336,3114.0,58.0,0.9639633246393061,186144.0,23.0
1337,3033.0,52.0,1.0,186145.0,23.0
1338,2905.0,38.0,0.9502272058349127,186146.0,23.0
1339,3227.0,39.0,1.0,188192.0,23.0
1340,3201.0,3.0,1.0,186148.0,23.0
1341,3224.0,47.0,0.9562929772379082,186154.0,23.0
1342,3063.0,19.0,0.9704415526083794,186163.0,23.0
1343,3118.0,53.0,1.0,186168.0,23.0
1344,3046.0,41.0,0.9536018729632374,186170.0,23.0
1345,3162.0,58.0,0.985795751304715,188227.0,23.0
1346,2917.0,0.0,1.0,186182.0,23.0
1347,3247.0,25.0,0.957112519180195,186188.0,23.0
1348,3217.0,30.0,1.0,186205.0,23.0
1349,2886.0,55.0,0.9613470756512305,186207.0,23.0
1350,2887.0,55.0,0.961535373005475,186212.0,23.0
1351,3069.0,46.0,0.9753923722361382,186222.0,23.0
1352,3223.0,29.0,1.0,186229.0,23.0
1353,3070.0,46.0,0.9686828395833947,186230.0,23.0
1354,3047.0,41.0,0.9816209995926588,186240.0,23.0
1355,3073.0,8.0,0.9705586364057193,186241.0,23.0
1356,3084.0,13.0,0.9510575254859344,186242.0,23.0
1357,2962.0,37.0,1.0,186243.0,23.0
1358,3248.0,25.0,0.9614733966059996,186247.0,23.0
1359,3109.0,22.0,0.9514840476327094,186248.0,23.0
1360,2906.0,38.0,1.0,186249.0,23.0
1361,3047.0,45.0,0.9620303793603823,186251.0,23.0
1362,3320.0,16.0,1.0,186260.0,23.0
1363,3163.0,54.0,1.0,186261.0,23.0
1364,3203.0,3.0,1.0,186283.0,23.0
1365,3017.0,51.0,1.0,186285.0,23.0
1366,3112.0,20.0,0.963916361541688,188358.0,23.0
1367,3214.0,24.0,1.0,186314.0,23.0
1368,3065.0,44.0,1.0,186318.0,23.0
1369,3131.0,7.0,1.0,186327.0,23.0
1370,3026.0,34.0,1.0,186331.0,23.0
1371,3231.0,47.0,0.9743519148414044,186356.0,23.0
1372,3184.0,27.0,0.9799739392754613,186379.0,23.0
1373,3283.0,15.0,1.0,186386.0,23.0
1374,3027.0,34.0,0.9704341017495122,186389.0,23.0
1375,3198.0,39.0,0.9652729568894644,186398.0,23.0
1376,3193.0,10.0,1.0,186400.0,23.0
1377,3195.0,5.0,1.0,186401.0,23.0
1378,3027.0,14.0,0.9674248457324175,186405.0,23.0
1379,3112.0,40.0,0.9705162712900822,186413.0,23.0
1380,3205.0,3.0,1.0,186414.0,23.0
1381,3054.0,35.0,0.9749551799924026,186416.0,23.0
1382,2920.0,0.0,0.9613753216206908,186418.0,23.0
1383,3055.0,35.0,0.9737140284605834,186426.0,23.0
1384,3194.0,10.0,0.960919232545827,186428.0,23.0
1385,3052.0,41.0,1.0,186439.0,23.0
1386,3037.0,52.0,1.0,186448.0,23.0
1387,3084.0,32.0,0.9631965969677123,186457.0,23.0
1388,2854.0,56.0,1.0,186464.0,23.0
1389,3231.0,29.0,0.9573426653533214,186473.0,23.0
1390,3250.0,25.0,1.0,186477.0,23.0
1391,3279.0,28.0,1.0,186482.0,23.0
1392,3087.0,13.0,0.9562829447739398,186485.0,23.0
1393,3021.0,51.0,1.0,186489.0,23.0
1394,3121.0,18.0,1.0,186501.0,23.0
1395,2909.0,38.0,1.0,186502.0,23.0
1396,3112.0,22.0,1.0,186507.0,23.0
1397,3052.0,45.0,0.9678271584293404,186512.0,23.0
1398,3170.0,54.0,0.964940240151663,186514.0,23.0
1399,3210.0,3.0,1.0,186521.0,23.0
1400,3196.0,11.0,0.9544796297583741,186528.0,23.0
1401,3274.0,48.0,0.9818744216098528,186530.0,23.0
1402,3197.0,11.0,0.9725512197422639,186540.0,23.0
1403,3030.0,34.0,1.0,186550.0,23.0
1404,3062.0,20.0,1.0,186554.0,23.0
1405,2876.0,33.0,1.0,186555.0,23.0
1406,3135.0,43.0,1.0,186568.0,23.0
1407,2973.0,2.0,1.0,186571.0,23.0
1408,2910.0,38.0,0.9612262813786964,186574.0,23.0
1409,3114.0,40.0,0.9713812620896078,186579.0,23.0
1410,3292.0,31.0,0.9566122067540367,186603.0,23.0
1411,3327.0,17.0,1.0,184574.0,23.0
1412,1983.0,59.0,1.0,184581.0,23.0
1413,1985.0,59.0,0.9769453414904868,184583.0,23.0
1414,1988.0,59.0,1.0,184586.0,23.0
1415,3185.0,6.0,0.9653845454552984,186638.0,23.0
1416,3194.0,21.0,0.9525106042180966,186642.0,23.0
1417,2923.0,0.0,0.9516510425833975,186643.0,23.0
1418,3287.0,15.0,0.9652344837913802,186646.0,23.0
1419,3295.0,16.0,1.0,184600.0,23.0
1420,3329.0,17.0,0.9705452857783162,184602.0,23.0
1421,3206.0,39.0,0.9593799895795952,186651.0,23.0
1422,1994.0,59.0,0.9552016157697523,184604.0,23.0
1423,3107.0,4.0,1.0,184607.0,23.0
1424,3196.0,10.0,0.9767908659074915,186656.0,23.0
1425,1998.0,59.0,0.9702903167808208,184612.0,23.0
1426,2834.0,33.0,1.0,184615.0,23.0
1427,3180.0,24.0,0.9605131716690839,184616.0,23.0
1428,3207.0,39.0,0.9699283833164789,186668.0,23.0
1429,2976.0,2.0,0.9755105755177766,186670.0,23.0
1430,3330.0,17.0,1.0,184624.0,23.0
1431,3161.0,5.0,0.9692945366373964,184625.0,23.0
1432,3134.0,42.0,0.9832801745758499,184627.0,23.0
1433,2992.0,36.0,1.0,184628.0,23.0
1434,3115.0,22.0,1.0,186675.0,23.0
1435,3049.0,32.0,0.9742714764548565,184631.0,23.0
1436,3332.0,17.0,1.0,184632.0,23.0
1437,3181.0,24.0,0.9519508359971821,184637.0,23.0
1438,3094.0,7.0,0.9505562567273107,184639.0,23.0
1439,3087.0,40.0,0.9725948906462911,184640.0,23.0
1440,3090.0,13.0,0.9581192220041689,186687.0,23.0
1441,2977.0,2.0,0.9699298062031801,186690.0,23.0
1442,3265.0,15.0,1.0,184645.0,23.0
1443,3136.0,42.0,1.0,184646.0,23.0
1444,3013.0,35.0,1.0,184647.0,23.0
1445,3001.0,1.0,0.9679774041681167,186693.0,23.0
1446,2994.0,14.0,1.0,184650.0,23.0
1447,2002.0,59.0,1.0,184653.0,23.0
1448,3121.0,23.0,1.0,184654.0,23.0
1449,3095.0,7.0,0.9502916431013504,184663.0,23.0
1450,3201.0,47.0,0.9533756474133199,184664.0,23.0
1451,3202.0,47.0,0.9569447790630925,184665.0,23.0
1452,3088.0,40.0,0.9516703279757946,184676.0,23.0
1453,3203.0,47.0,0.9719664140552972,184679.0,23.0
1454,3106.0,58.0,0.9919827540796223,184682.0,23.0
1455,3162.0,5.0,0.9654968776840382,184684.0,23.0
1456,3098.0,12.0,0.9800757917503015,184685.0,23.0
1457,3014.0,35.0,1.0,184686.0,23.0
1458,3114.0,4.0,1.0,184687.0,23.0
1459,3266.0,15.0,0.9574698632801332,184689.0,23.0
1460,3153.0,49.0,0.9602861962512418,184694.0,23.0
1461,3090.0,40.0,0.9600609144589519,184695.0,23.0
1462,3220.0,57.0,1.0,186744.0,23.0
1463,3233.0,9.0,1.0,184698.0,23.0
1464,2941.0,2.0,0.9609470374202315,184700.0,23.0
1465,3116.0,4.0,1.0,184701.0,23.0
1466,3333.0,17.0,0.9678615727979724,184703.0,23.0
1467,3117.0,4.0,1.0,184705.0,23.0
1468,3204.0,47.0,0.9673352100764355,184710.0,23.0
1469,3222.0,57.0,0.9580906621939699,186758.0,23.0
1470,3139.0,42.0,0.960345538906321,184716.0,23.0
1471,2915.0,38.0,1.0,186765.0,23.0
1472,3111.0,43.0,1.0,184720.0,23.0
1473,2971.0,37.0,1.0,186769.0,23.0
1474,3295.0,31.0,0.9625604066486495,186770.0,23.0
1475,3335.0,17.0,1.0,184723.0,23.0
1476,3224.0,57.0,0.9730826994186887,186772.0,23.0
1477,3203.0,11.0,1.0,186775.0,23.0
1478,3096.0,7.0,0.9547475746203381,184728.0,23.0
1479,3198.0,10.0,1.0,186778.0,23.0
1480,2997.0,14.0,0.9816750597759355,184732.0,23.0
1481,3141.0,42.0,0.9626239323494358,184734.0,23.0
1482,3297.0,16.0,0.9512109737259378,184737.0,23.0
1483,3100.0,12.0,1.0,184739.0,23.0
1484,2836.0,33.0,1.0,184740.0,23.0
1485,3131.0,54.0,0.9663545362088468,184741.0,23.0
1486,3227.0,57.0,1.0,186787.0,23.0
1487,2833.0,56.0,0.9583546131658489,184743.0,23.0
1488,3122.0,58.0,0.9694094704348732,186788.0,23.0
1489,3129.0,53.0,0.9864049418521029,186793.0,23.0
1490,3120.0,4.0,0.9503404854365345,184747.0,23.0
1491,3325.0,16.0,1.0,186799.0,23.0
1492,3089.0,53.0,1.0,184752.0,23.0
1493,3336.0,17.0,1.0,184756.0,23.0
1494,3007.0,52.0,0.9735398367612051,184766.0,23.0
1495,3153.0,26.0,1.0,184767.0,23.0
1496,3326.0,16.0,0.9815724512095207,186814.0,23.0
1497,3239.0,47.0,0.9665497220644846,186815.0,23.0
1498,3003.0,1.0,0.9597502428916345,186816.0,23.0
1499,2928.0,0.0,1.0,186819.0,23.0
1500,3235.0,9.0,0.973780689542228,184772.0,23.0
1501,3066.0,20.0,0.9743700715869208,186820.0,23.0
1502,3025.0,46.0,0.9547441003633308,184775.0,23.0
1503,3368.0,17.0,1.0,186825.0,23.0
1504,3112.0,43.0,1.0,184778.0,23.0
1505,2980.0,51.0,1.0,184781.0,23.0
1506,3228.0,57.0,0.9684952173103165,186837.0,23.0
1507,3144.0,42.0,0.9658701639545271,184795.0,23.0
1508,3076.0,18.0,0.9578688498749722,184797.0,23.0
1509,3001.0,36.0,0.9506028925363921,184800.0,23.0
1510,2998.0,14.0,0.952636839772508,184802.0,23.0
1511,3179.0,11.0,0.9516608982402263,184803.0,23.0
1512,3026.0,46.0,0.9562989470179666,184804.0,23.0
1513,3035.0,14.0,1.0,186854.0,23.0
1514,3205.0,11.0,1.0,186855.0,23.0
1515,3067.0,20.0,1.0,186856.0,23.0
1516,3125.0,58.0,1.0,186861.0,23.0
1517,2981.0,2.0,0.9736294406822001,186865.0,23.0
1518,3236.0,9.0,0.957910885553336,184818.0,23.0
1519,3100.0,7.0,1.0,184819.0,23.0
1520,2861.0,55.0,0.9701620195806823,184821.0,23.0
1521,3158.0,49.0,1.0,184831.0,23.0
1522,3128.0,18.0,1.0,186879.0,23.0
1523,3184.0,24.0,0.9743294403408405,184836.0,23.0
1524,3056.0,45.0,0.9617317001908642,186885.0,23.0
1525,2014.0,59.0,1.0,184840.0,23.0
1526,3159.0,49.0,1.0,184841.0,23.0
1527,3004.0,1.0,1.0,186888.0,23.0
1528,3119.0,40.0,0.9714850488184373,186891.0,23.0
1529,3201.0,29.0,0.9600453208230295,184845.0,23.0
1530,2918.0,38.0,1.0,186893.0,23.0
1531,3093.0,13.0,0.9716363229883298,186895.0,23.0
1532,3327.0,16.0,0.9601353576124821,186897.0,23.0
1533,3113.0,43.0,1.0,184852.0,23.0
1534,2835.0,56.0,0.9671508023215787,184855.0,23.0
1535,3018.0,35.0,1.0,184861.0,23.0
1536,3160.0,49.0,0.9612395489677333,184864.0,23.0
1537,3019.0,35.0,0.9902927336764361,184865.0,23.0
1538,3004.0,36.0,0.9616468519785061,184877.0,23.0
1539,3005.0,36.0,0.988007883822139,184879.0,23.0
1540,3161.0,49.0,1.0,184882.0,23.0
1541,3202.0,29.0,1.0,184884.0,23.0
1542,3198.0,57.0,1.0,184891.0,23.0
1543,3209.0,47.0,0.9560242177310939,184908.0,23.0
1544,2837.0,56.0,1.0,184910.0,23.0
1545,3258.0,31.0,0.9556423622776327,184911.0,23.0
1546,3127.0,58.0,1.0,186966.0,23.0
1547,3164.0,5.0,1.0,184922.0,23.0
1548,3243.0,28.0,0.9584783228723512,184924.0,23.0
1549,3083.0,18.0,1.0,184927.0,23.0
1550,3046.0,19.0,1.0,184929.0,23.0
1551,3085.0,8.0,0.9584371811238509,186984.0,23.0
1552,3050.0,32.0,1.0,184939.0,23.0
1553,3086.0,8.0,1.0,186988.0,23.0
1554,3230.0,57.0,1.0,186990.0,23.0
1555,3085.0,18.0,0.9720370917810216,184950.0,23.0
1556,3167.0,5.0,1.0,184953.0,23.0
1557,3200.0,21.0,0.9707076491159036,187002.0,23.0
1558,3006.0,1.0,0.9644285935961927,187010.0,23.0
1559,3233.0,30.0,1.0,187012.0,23.0
1560,3081.0,46.0,1.0,187016.0,23.0
1561,3054.0,36.0,1.0,187017.0,23.0
1562,3086.0,18.0,0.9892682465459084,184970.0,23.0
1563,3095.0,13.0,0.9617099996360897,187019.0,23.0
1564,3001.0,14.0,1.0,184978.0,23.0
1565,3088.0,8.0,0.9712028182602254,187026.0,23.0
1566,3175.0,50.0,0.966973491660845,184981.0,23.0
1567,3152.0,42.0,0.9520147314267237,184989.0,23.0
1568,3221.0,24.0,1.0,187038.0,23.0
1569,3009.0,52.0,1.0,184991.0,23.0
1570,3168.0,5.0,1.0,184995.0,23.0
1571,3022.0,35.0,0.9504443694951192,184997.0,23.0
1572,3049.0,19.0,0.9666592984089756,184998.0,23.0
1573,3036.0,44.0,0.9583078205548986,185000.0,23.0
1574,3012.0,36.0,1.0,185002.0,23.0
1575,3092.0,53.0,1.0,185015.0,23.0
1576,3153.0,42.0,0.9553176396863736,185016.0,23.0
1577,3023.0,35.0,1.0,185017.0,23.0
1578,3134.0,4.0,0.9539493843463118,185024.0,23.0
1579,3254.0,48.0,0.9721489187401061,185029.0,23.0
1580,3020.0,45.0,0.95951086407872,185031.0,23.0
1581,3003.0,14.0,0.9681984246446156,185034.0,23.0
1582,3255.0,48.0,0.9650373847302026,185035.0,23.0
1583,3008.0,34.0,0.963430071390551,185036.0,23.0
1584,3284.0,48.0,0.9814673157273874,187095.0,23.0
1585,3070.0,20.0,1.0,187097.0,23.0
1586,3198.0,27.0,0.9636842181947982,187108.0,23.0
1587,3304.0,16.0,1.0,185065.0,23.0
1588,3009.0,34.0,0.9810521468855569,185066.0,23.0
1589,3032.0,51.0,0.9543522687794116,187115.0,23.0
1590,3164.0,27.0,0.9879467881840095,185069.0,23.0
1591,2872.0,56.0,1.0,187120.0,23.0
1592,2938.0,0.0,0.9608634623940006,187121.0,23.0
1593,3347.0,17.0,0.9636954769652588,185077.0,23.0
1594,3140.0,53.0,1.0,187126.0,23.0
1595,3006.0,14.0,0.9568188422083654,185079.0,23.0
1596,2020.0,59.0,0.9669450602399775,185080.0,23.0
1597,3198.0,6.0,0.9679093189758196,187128.0,23.0
1598,3053.0,20.0,1.0,185084.0,23.0
1599,3028.0,41.0,1.0,185086.0,23.0
1600,3010.0,52.0,0.9685561386749585,185088.0,23.0
1601,3224.0,3.0,1.0,187138.0,23.0
1602,3199.0,6.0,0.9578339133604136,187139.0,23.0
1603,3097.0,13.0,1.0,187141.0,23.0
1604,2844.0,33.0,0.9581675525463873,185095.0,23.0
1605,3166.0,6.0,0.950736221564656,185101.0,23.0
1606,3010.0,34.0,0.976455656861517,185104.0,23.0
1607,2865.0,55.0,0.9658147367595202,185110.0,23.0
1608,3153.0,21.0,0.9827724533439184,185112.0,23.0
1609,3241.0,9.0,0.9673006176145974,185113.0,23.0
1610,3121.0,43.0,1.0,185115.0,23.0
1611,3011.0,34.0,0.9603290421158815,185120.0,23.0
1612,3011.0,52.0,1.0,185124.0,23.0
1613,3122.0,22.0,0.9658385245064509,187172.0,23.0
1614,3235.0,57.0,1.0,187175.0,23.0
1615,3029.0,35.0,1.0,185128.0,23.0
1616,2021.0,59.0,1.0,185135.0,23.0
1617,2891.0,38.0,1.0,185136.0,23.0
1618,3240.0,29.0,1.0,187187.0,23.0
1619,2990.0,2.0,0.9603693351700178,187190.0,23.0
1620,3201.0,26.0,1.0,187191.0,23.0
1621,3050.0,19.0,1.0,185144.0,23.0
1622,3157.0,26.0,0.9818202792269961,185145.0,23.0
1623,3158.0,26.0,1.0,185148.0,23.0
1624,3095.0,40.0,1.0,185151.0,23.0
1625,3248.0,28.0,0.9615394817539828,185152.0,23.0
1626,2845.0,33.0,0.9554554360466481,185153.0,23.0
1627,3008.0,1.0,1.0,187199.0,23.0
1628,3124.0,22.0,1.0,187200.0,23.0
1629,3294.0,15.0,1.0,187205.0,23.0
1630,2866.0,55.0,0.9672242858863008,185159.0,23.0
1631,3008.0,14.0,0.959657629367156,185160.0,23.0
1632,3171.0,49.0,0.9673593444697466,185161.0,23.0
1633,3107.0,7.0,0.975063072155314,185163.0,23.0
1634,3087.0,19.0,1.0,187213.0,23.0
1635,3238.0,30.0,0.9629777989889574,187214.0,23.0
1636,3242.0,9.0,0.963660423481914,185167.0,23.0
1637,3167.0,6.0,0.9717963090058969,185171.0,23.0
1638,3138.0,4.0,0.9642390317812876,185174.0,23.0
1639,3148.0,23.0,1.0,187225.0,23.0
1640,3059.0,8.0,0.9723041604033118,185181.0,23.0
1641,3039.0,44.0,0.96598133528148,185185.0,23.0
1642,3303.0,31.0,0.9613088525928571,187236.0,23.0
1643,3125.0,22.0,1.0,187239.0,23.0
1644,3217.0,39.0,0.9514190870194549,187240.0,23.0
1645,3024.0,45.0,0.962410134546726,185194.0,23.0
1646,3020.0,36.0,0.9639953501018308,185213.0,23.0
1647,3252.0,28.0,0.9621633513283593,185217.0,23.0
1648,3173.0,49.0,1.0,185221.0,23.0
1649,3075.0,20.0,0.9507679347856344,187269.0,23.0
1650,3156.0,21.0,1.0,185224.0,23.0
1651,3097.0,40.0,0.9502309565339108,185227.0,23.0
1652,2934.0,37.0,0.9704342578829096,185231.0,23.0
1653,3219.0,39.0,1.0,187280.0,23.0
1654,3014.0,34.0,0.9580363016249329,185236.0,23.0
1655,3067.0,41.0,1.0,187284.0,23.0
1656,3176.0,49.0,1.0,185239.0,23.0
1657,2942.0,0.0,1.0,187291.0,23.0
1658,3205.0,21.0,0.9544511296996432,187294.0,23.0
1659,2868.0,55.0,0.9720674341641835,185256.0,23.0
1660,3176.0,50.0,0.982088726405404,185257.0,23.0
1661,2946.0,2.0,1.0,185259.0,23.0
1662,3111.0,7.0,0.9685956267220227,185263.0,23.0
1663,3212.0,11.0,1.0,187316.0,23.0
1664,3043.0,46.0,0.9664325203365509,185277.0,23.0
1665,3159.0,21.0,1.0,185279.0,23.0
1666,3259.0,25.0,0.9570786872133767,187333.0,23.0
1667,3203.0,6.0,0.9690326623672877,187334.0,23.0
1668,3167.0,27.0,0.9615828279981082,185288.0,23.0
1669,3272.0,15.0,1.0,185289.0,23.0
1670,3084.0,22.0,1.0,185295.0,23.0
1671,3253.0,28.0,1.0,185297.0,23.0
1672,3056.0,52.0,1.0,187347.0,23.0
1673,3204.0,10.0,1.0,187349.0,23.0
1674,3221.0,39.0,1.0,187351.0,23.0
1675,3057.0,32.0,1.0,185309.0,23.0
1676,3247.0,9.0,0.9733069480373923,185316.0,23.0
1677,3047.0,46.0,1.0,185317.0,23.0
1678,3161.0,26.0,1.0,185319.0,23.0
1679,3058.0,32.0,1.0,185326.0,23.0
1680,3192.0,24.0,1.0,185328.0,23.0
1681,3153.0,23.0,1.0,187376.0,23.0
1682,3189.0,3.0,1.0,185331.0,23.0
1683,3211.0,29.0,0.9616184720103076,185334.0,23.0
1684,3162.0,26.0,1.0,185335.0,23.0
1685,3112.0,7.0,1.0,185338.0,23.0
1686,3304.0,31.0,1.0,187387.0,23.0
1687,3162.0,21.0,0.990508818537279,185340.0,23.0
1688,3293.0,28.0,1.0,187398.0,23.0
1689,3157.0,42.0,1.0,185356.0,23.0
1690,3048.0,46.0,0.9604584029438183,185357.0,23.0
1691,3099.0,18.0,0.9604746163044484,185358.0,23.0
1692,3154.0,23.0,1.0,187408.0,23.0
1693,3113.0,7.0,0.9794431491025409,185362.0,23.0
1694,3032.0,41.0,0.9708753633693697,185367.0,23.0
1695,2938.0,37.0,0.9905027387971421,185373.0,23.0
1696,3101.0,18.0,0.9628928590553569,185376.0,23.0
1697,3105.0,12.0,0.9759536496091524,185380.0,23.0
1698,3309.0,16.0,0.9557361613718137,185386.0,23.0
1699,3168.0,27.0,0.9538450068326068,185388.0,23.0
1700,2888.0,56.0,1.0,187441.0,23.0
1701,3147.0,53.0,0.9695966249242417,187442.0,23.0
1702,3108.0,58.0,0.9520966917563665,185397.0,23.0
1703,3210.0,50.0,1.0,187446.0,23.0
1704,3107.0,12.0,1.0,185402.0,23.0
1705,3169.0,27.0,1.0,185405.0,23.0
1706,3176.0,39.0,1.0,185408.0,23.0
1707,3042.0,44.0,0.9511680167532809,185409.0,23.0
1708,3206.0,10.0,0.9673638305778879,187456.0,23.0
1709,3107.0,13.0,1.0,187469.0,23.0
1710,3285.0,9.0,0.9609105016372675,187470.0,23.0
1711,2870.0,55.0,0.9634267186424197,185435.0,23.0
1712,3292.0,48.0,0.9644543302698232,187483.0,23.0
1713,3158.0,23.0,0.9877235260090674,187489.0,23.0
1714,3097.0,53.0,0.9613275717380565,185444.0,23.0
1715,2940.0,37.0,1.0,185450.0,23.0
1716,3234.0,3.0,0.95519321352029,187502.0,23.0
1717,3252.0,9.0,0.976151487020126,185455.0,23.0
1718,2896.0,38.0,0.9651591684011487,185460.0,23.0
1719,3213.0,29.0,0.9507926708089265,185461.0,23.0
1720,3028.0,45.0,0.9711916085421622,185467.0,23.0
1721,3075.0,41.0,1.0,187525.0,23.0
1722,3108.0,12.0,1.0,185479.0,23.0
1723,3060.0,32.0,1.0,185482.0,23.0
1724,3017.0,52.0,0.9549972376824944,185488.0,23.0
1725,3261.0,25.0,1.0,187536.0,23.0
1726,3215.0,5.0,1.0,187543.0,23.0
1727,3170.0,27.0,1.0,185513.0,23.0
1728,3046.0,44.0,1.0,185515.0,23.0
1729,3247.0,30.0,1.0,187568.0,23.0
1730,2897.0,38.0,1.0,185521.0,23.0
1731,3170.0,6.0,1.0,185533.0,23.0
1732,3161.0,23.0,0.9501566834790041,187583.0,23.0
1733,3259.0,28.0,0.9877181054549017,185537.0,23.0
1734,3138.0,58.0,1.0,187585.0,23.0
1735,3149.0,53.0,1.0,187586.0,23.0
1736,3170.0,26.0,1.0,185540.0,23.0
1737,3214.0,50.0,0.9707542487603902,187589.0,23.0
1738,3260.0,28.0,0.9818741807878384,185543.0,23.0
1739,3262.0,25.0,0.9638272057692776,187592.0,23.0
1740,3186.0,49.0,1.0,185546.0,23.0
1741,3270.0,31.0,0.963091696436524,185547.0,23.0
1742,3142.0,12.0,0.9715264376463242,187606.0,23.0
1743,3101.0,53.0,0.9536548249142316,185560.0,23.0
1744,3052.0,19.0,1.0,185568.0,23.0
1745,3217.0,29.0,1.0,185574.0,23.0
1746,3105.0,40.0,0.9798889357610701,185578.0,23.0
1747,3160.0,42.0,1.0,185580.0,23.0
1748,3032.0,45.0,0.9837621944245886,185582.0,23.0
1749,2943.0,37.0,1.0,185584.0,23.0
1750,3208.0,21.0,0.9748258421897477,187632.0,23.0
1751,3215.0,50.0,0.960726343931884,187642.0,23.0
1752,2956.0,0.0,1.0,187645.0,23.0
1753,2843.0,56.0,0.9863104013669474,185613.0,23.0
1754,3165.0,23.0,1.0,187663.0,23.0
1755,2951.0,2.0,1.0,185626.0,23.0
1756,2999.0,51.0,0.9596102854904406,185627.0,23.0
1757,2944.0,37.0,0.9713223294904547,185631.0,23.0
1758,3056.0,46.0,1.0,185633.0,23.0
1759,2884.0,33.0,0.9776644380818379,187682.0,23.0
1760,2874.0,55.0,1.0,185637.0,23.0
1761,3066.0,32.0,1.0,185638.0,23.0
1762,3150.0,54.0,1.0,185654.0,23.0
1763,2968.0,1.0,0.9518602411153848,185659.0,23.0
1764,3097.0,19.0,0.9622346634122917,187710.0,23.0
1765,2970.0,1.0,0.9858929224122162,185668.0,23.0
1766,3033.0,36.0,0.9622983234456285,185699.0,23.0
1767,3175.0,26.0,1.0,185701.0,23.0
1768,3199.0,24.0,0.9632801670298573,185711.0,23.0
1769,3069.0,32.0,0.980900805934919,185712.0,23.0
1770,3070.0,45.0,0.9675725332565912,187759.0,23.0
1771,3156.0,4.0,1.0,185714.0,23.0
1772,3171.0,6.0,1.0,185716.0,23.0
1773,3196.0,3.0,0.9642804027566353,185718.0,23.0
1774,3213.0,30.0,0.9500057564264086,185725.0,23.0
1775,3267.0,28.0,1.0,185731.0,23.0
1776,3298.0,48.0,0.9739367430931284,187779.0,23.0
1777,3003.0,51.0,1.0,185734.0,23.0
1778,3221.0,29.0,0.9789898558658736,185735.0,23.0
1779,3057.0,20.0,0.9563915035644024,185746.0,23.0
1780,3185.0,5.0,0.9630593212888243,185755.0,23.0
1781,3277.0,15.0,0.954173074956922,185756.0,23.0
1782,3214.0,30.0,0.9782731394121092,185774.0,23.0
1783,3054.0,44.0,0.9630757225168183,185777.0,23.0
1784,3115.0,13.0,0.9675286324711013,187827.0,23.0
1785,2974.0,1.0,1.0,185780.0,23.0
1786,3152.0,54.0,0.9616319022236394,185781.0,23.0
1787,3055.0,44.0,1.0,185782.0,23.0
1788,3112.0,12.0,0.9749211968879269,185794.0,23.0
1789,3220.0,47.0,0.9510524764447441,185797.0,23.0
1790,3153.0,54.0,0.9584550476164905,185799.0,23.0
1791,3110.0,8.0,0.9662320031524234,187847.0,23.0
1792,3087.0,20.0,0.9910870509654726,187848.0,23.0
1793,3176.0,27.0,1.0,185805.0,23.0
1794,3178.0,27.0,0.9563326483678486,185811.0,23.0
1795,2877.0,55.0,0.9756553460627965,185819.0,23.0
1796,2953.0,2.0,1.0,185823.0,23.0
1797,3197.0,54.0,1.0,187871.0,23.0
1798,3268.0,25.0,1.0,187873.0,23.0
1799,3256.0,30.0,1.0,187875.0,23.0
1800,2845.0,56.0,1.0,185828.0,23.0
1801,2859.0,33.0,1.0,185831.0,23.0
1802,3269.0,25.0,1.0,187881.0,23.0
1803,3172.0,23.0,0.9592911099101925,187883.0,23.0
1804,3185.0,11.0,1.0,185836.0,23.0
1805,3261.0,48.0,0.9837126971750184,185849.0,23.0
1806,3038.0,36.0,0.9523423933066691,185850.0,23.0
1807,3160.0,4.0,1.0,185864.0,23.0
1808,2976.0,1.0,1.0,185873.0,23.0
1809,3262.0,48.0,0.968836815716558,185894.0,23.0
1810,3113.0,12.0,0.9773305484616868,185896.0,23.0
1811,3111.0,58.0,0.9896167801919661,185898.0,23.0
1812,3057.0,44.0,1.0,185900.0,23.0
1813,3025.0,52.0,1.0,185915.0,23.0
1814,3278.0,31.0,0.9824997501905178,185921.0,23.0
1815,3278.0,15.0,1.0,185922.0,23.0
1816,2862.0,33.0,1.0,185924.0,23.0
1817,3215.0,30.0,0.9541501832678492,185926.0,23.0
1818,2953.0,37.0,1.0,185927.0,23.0
1819,3070.0,8.0,1.0,185930.0,23.0
1820,3207.0,57.0,0.9715708040539877,185934.0,23.0
1821,3103.0,22.0,0.959400774707359,185935.0,23.0
1822,3089.0,41.0,1.0,187984.0,23.0
1823,3173.0,6.0,1.0,185941.0,23.0
1824,3208.0,24.0,0.9796905689048713,185942.0,23.0
1825,3113.0,8.0,0.9828427476458086,187989.0,23.0
1826,3076.0,32.0,0.9797175392263119,185944.0,23.0
1827,3039.0,41.0,1.0,185949.0,23.0
1828,3188.0,10.0,0.9598904496898404,185954.0,23.0
1829,3160.0,54.0,1.0,185972.0,23.0
1830,3216.0,30.0,1.0,185973.0,23.0
1831,3105.0,19.0,0.9830379878685017,188021.0,23.0
1832,3220.0,10.0,0.9758932581702914,188027.0,23.0
1833,2996.0,51.0,0.9521630122465125,185484.0,23.0
1834,3053.0,41.0,0.956221877922037,186511.0,23.0
1835,3048.0,19.0,1.0,184976.0,23.0
1836,3060.0,19.0,0.95499581216568,186000.0,23.0
1837,3080.0,13.0,0.9594945586085849,185493.0,23.0
1838,3187.0,26.0,0.9798629082910397,186518.0,23.0
1839,3093.0,40.0,1.0,184985.0,23.0
1840,3080.0,20.0,1.0,187546.0,23.0
1841,3040.0,45.0,0.9592103589093551,186013.0,23.0
1842,3011.0,36.0,0.9617578405865915,184993.0,23.0
1843,3167.0,26.0,1.0,185505.0,23.0
1844,3196.0,27.0,1.0,187042.0,23.0
1845,2957.0,2.0,1.0,186025.0,23.0
1846,3136.0,58.0,0.9728881877796898,187562.0,23.0
1847,3191.0,54.0,1.0,187564.0,23.0
1848,3133.0,4.0,1.0,185006.0,23.0
1849,2968.0,37.0,1.0,186542.0,23.0
1850,3179.0,5.0,0.9744354894155197,185525.0,23.0
1851,3202.0,39.0,1.0,186551.0,23.0
1852,3216.0,47.0,1.0,185528.0,23.0
1853,2932.0,38.0,0.9582783474497778,187578.0,23.0
1854,3169.0,26.0,1.0,185531.0,23.0
1855,2965.0,1.0,1.0,185545.0,23.0
1856,2843.0,33.0,0.9607325031553965,185038.0,23.0
1857,3099.0,53.0,1.0,185552.0,23.0
1858,3061.0,52.0,1.0,187604.0,23.0
1859,3118.0,7.0,0.9627316317980477,185557.0,23.0
1860,3190.0,10.0,0.954077371717561,186069.0,23.0
1861,3043.0,41.0,0.9731454819988664,186071.0,23.0
1862,3052.0,32.0,1.0,185061.0,23.0
1863,2904.0,38.0,1.0,186098.0,23.0
1864,3104.0,7.0,1.0,185075.0,23.0
1865,3258.0,48.0,0.9685391812077607,185587.0,23.0
1866,2898.0,38.0,1.0,185590.0,23.0
1867,3241.0,57.0,0.9670423947571573,187649.0,23.0
1868,2873.0,55.0,1.0,185603.0,23.0
1869,3079.0,22.0,1.0,185096.0,23.0
1870,3273.0,28.0,0.9506480760924286,186123.0,23.0
1871,3117.0,12.0,0.9580864800769767,186125.0,23.0
1872,3096.0,32.0,1.0,187149.0,23.0
1873,3172.0,5.0,0.9826622650746962,185114.0,23.0
1874,3217.0,50.0,1.0,187675.0,23.0
1875,3081.0,20.0,0.9548612196875771,187676.0,23.0
1876,3028.0,35.0,1.0,185118.0,23.0
1877,3012.0,34.0,1.0,185123.0,23.0
1878,3174.0,6.0,1.0,186149.0,23.0
1879,3193.0,49.0,1.0,186153.0,23.0
1880,3154.0,42.0,0.9693961422279652,185137.0,23.0
1881,3205.0,29.0,0.9558901585406342,185146.0,23.0
1882,3056.0,41.0,1.0,186682.0,23.0
1883,3317.0,16.0,1.0,186177.0,23.0
1884,2960.0,37.0,0.9809202447664022,186180.0,23.0
1885,3068.0,32.0,1.0,185669.0,23.0
1886,3066.0,46.0,1.0,186181.0,23.0
1887,3257.0,25.0,0.9504493093472667,187206.0,23.0
1888,3296.0,16.0,1.0,184648.0,23.0
1889,3025.0,14.0,1.0,186185.0,23.0
1890,3253.0,25.0,1.0,186696.0,23.0
1891,3043.0,19.0,0.9516489202897683,184651.0,23.0
1892,2958.0,0.0,1.0,187721.0,23.0
1893,3181.0,21.0,0.9859924530843885,186193.0,23.0
1894,3090.0,18.0,0.9590734309236936,185175.0,23.0
1895,3176.0,6.0,0.959718718460057,186202.0,23.0
1896,3367.0,17.0,1.0,186718.0,23.0
1897,3217.0,47.0,1.0,185698.0,23.0
1898,3077.0,46.0,1.0,186727.0,23.0
1899,3023.0,45.0,0.9671260894219267,185192.0,23.0
1900,3052.0,44.0,0.9558744163471982,185704.0,23.0
1901,3121.0,53.0,0.9510720812910186,186218.0,23.0
1902,3229.0,30.0,0.9668091466777241,186743.0,23.0
1903,3187.0,50.0,1.0,186235.0,23.0
1904,3015.0,35.0,1.0,184702.0,23.0
1905,3264.0,31.0,1.0,185215.0,23.0
1906,2008.0,59.0,0.9547434933303882,184704.0,23.0
1907,3064.0,44.0,1.0,186245.0,23.0
1908,3174.0,49.0,1.0,185222.0,23.0
1909,3267.0,15.0,1.0,184713.0,23.0
1910,3081.0,8.0,0.9785618948740771,186763.0,23.0
1911,3118.0,4.0,1.0,184725.0,23.0
1912,3184.0,11.0,0.954898116291525,185753.0,23.0
1913,3024.0,46.0,0.9659293831122214,184731.0,23.0
1914,3213.0,24.0,1.0,186267.0,23.0
1915,3015.0,51.0,0.9516505993052217,186268.0,23.0
1916,3300.0,48.0,0.981740875188507,187807.0,23.0
1917,3016.0,51.0,1.0,186272.0,23.0
1918,3034.0,36.0,0.951159551249145,185765.0,23.0
1919,3132.0,18.0,1.0,187301.0,23.0
1920,3182.0,24.0,0.9655123893224936,184744.0,23.0
1921,3297.0,31.0,1.0,186792.0,23.0
1922,3188.0,54.0,1.0,187304.0,23.0
1923,2894.0,56.0,1.0,187825.0,23.0
1924,3177.0,49.0,1.0,185268.0,23.0
1925,3268.0,15.0,0.9817290705671402,184762.0,23.0
1926,3202.0,24.0,1.0,185786.0,23.0
1927,2861.0,56.0,1.0,186811.0,23.0
1928,2883.0,56.0,1.0,187331.0,23.0
1929,2912.0,55.0,1.0,187845.0,23.0
1930,3097.0,22.0,1.0,185801.0,23.0
1931,3117.0,13.0,1.0,187852.0,23.0
1932,3177.0,27.0,1.0,185806.0,23.0
1933,2951.0,37.0,0.9614110440649424,185810.0,23.0
1934,3183.0,27.0,0.9775731122454933,186324.0,23.0
1935,3276.0,31.0,0.9608031627251064,185814.0,23.0
1936,3286.0,28.0,0.980338673861688,186839.0,23.0
1937,3151.0,53.0,1.0,187865.0,23.0
1938,3099.0,7.0,0.9587487384168518,184796.0,23.0
1939,3178.0,50.0,0.9653078974225034,185821.0,23.0
1940,3161.0,21.0,0.9671412961085489,185310.0,23.0
1941,2839.0,33.0,1.0,184799.0,23.0
1942,3065.0,45.0,0.9821405434569664,187361.0,23.0
1943,3148.0,43.0,1.0,187363.0,23.0
1944,3284.0,9.0,0.9620012913666126,187365.0,23.0
1945,3269.0,15.0,0.9695691210927765,184806.0,23.0
1946,2999.0,14.0,1.0,184809.0,23.0
1947,3228.0,29.0,0.9563495118611254,186347.0,23.0
1948,3020.0,34.0,1.0,185837.0,23.0
1949,3271.0,48.0,1.0,186350.0,23.0
1950,3132.0,40.0,1.0,187382.0,23.0
1951,2947.0,0.0,1.0,187383.0,23.0
1952,3355.0,17.0,0.9534388914132654,185337.0,23.0
1953,2960.0,1.0,1.0,185341.0,23.0
1954,3199.0,57.0,1.0,185342.0,23.0
1955,3124.0,23.0,1.0,185343.0,23.0
1956,3097.0,18.0,0.9789708938815176,185345.0,23.0
1957,3017.0,35.0,1.0,184834.0,23.0
1958,3216.0,10.0,0.9671373647364404,187905.0,23.0
1959,3061.0,8.0,1.0,185350.0,23.0
1960,3270.0,25.0,1.0,187914.0,23.0
1961,3147.0,42.0,0.9693887183698063,184843.0,23.0
1962,2015.0,59.0,1.0,184844.0,23.0
1963,3108.0,40.0,1.0,185867.0,23.0
1964,3154.0,54.0,1.0,185872.0,23.0
1965,3121.0,12.0,1.0,186385.0,23.0
1966,3152.0,58.0,1.0,187920.0,23.0
1967,3237.0,9.0,1.0,184859.0,23.0
1968,3278.0,28.0,1.0,186406.0,23.0
1969,3258.0,30.0,1.0,187943.0,23.0
1970,3115.0,43.0,1.0,184875.0,23.0
1971,3000.0,14.0,0.9834332845665815,184880.0,23.0
1972,3033.0,44.0,1.0,184885.0,23.0
1973,3221.0,47.0,0.9615159428947548,185909.0,23.0
1974,3221.0,30.0,1.0,186423.0,23.0
1975,3004.0,34.0,1.0,184889.0,23.0
1976,3139.0,23.0,1.0,186937.0,23.0
1977,3128.0,22.0,1.0,187449.0,23.0
1978,3129.0,12.0,1.0,186943.0,23.0
1979,3069.0,8.0,0.9595095191553175,185920.0,23.0
1980,3233.0,3.0,1.0,187457.0,23.0
1981,3091.0,20.0,0.9652701041738694,187970.0,23.0
1982,3148.0,42.0,0.9567911351393251,184901.0,23.0
1983,3188.0,39.0,1.0,185932.0,23.0
1984,3131.0,23.0,0.9729365728970942,186446.0,23.0
1985,3038.0,52.0,1.0,186449.0,23.0
1986,2903.0,55.0,1.0,187473.0,23.0
1987,3118.0,43.0,1.0,184918.0,23.0
1988,2863.0,33.0,1.0,185948.0,23.0
1989,3212.0,39.0,1.0,186972.0,23.0
1990,3187.0,3.0,0.9830095124438796,184928.0,23.0
1991,3094.0,13.0,0.956502576462787,186978.0,23.0
1992,3016.0,52.0,0.9680415134341351,185452.0,23.0
1993,3182.0,11.0,1.0,185454.0,23.0
1994,3231.0,57.0,1.0,186992.0,23.0
1995,3186.0,11.0,0.9601248804789027,185970.0,23.0
1996,2994.0,2.0,1.0,187506.0,23.0
1997,3214.0,29.0,0.9633823238627582,185464.0,23.0
1998,3026.0,36.0,1.0,185474.0,23.0
1999,3150.0,21.0,0.9662458484329154,184969.0,23.0
2000,3164.0,4.0,1.0,185995.0,23.0
2001,3189.0,39.0,1.0,185996.0,23.0
2002,3252.0,57.0,1.0,188044.0,23.0
2003,3181.0,26.0,1.0,186004.0,23.0
2004,3128.0,43.0,1.0,186009.0,23.0
2005,2990.0,37.0,1.0,188058.0,23.0
2006,2973.0,0.0,1.0,188066.0,23.0
2007,3147.0,40.0,1.0,188067.0,23.0
2008,3115.0,12.0,0.9518826762888071,186038.0,23.0
2009,3159.0,7.0,1.0,188107.0,23.0
2010,3229.0,11.0,1.0,188129.0,23.0
2011,3043.0,36.0,1.0,186083.0,23.0
2012,2982.0,1.0,1.0,186088.0,23.0
2013,2985.0,1.0,0.9666109090131069,186116.0,23.0
2014,3160.0,43.0,1.0,188165.0,23.0
2015,3362.0,17.0,0.9554037812425414,186120.0,23.0
2016,3187.0,23.0,0.9501868419067532,188184.0,23.0
2017,3024.0,34.0,1.0,186147.0,23.0
2018,2992.0,37.0,1.0,188202.0,23.0
2019,3220.0,6.0,1.0,188205.0,23.0
2020,3217.0,21.0,1.0,188207.0,23.0
2021,3067.0,46.0,1.0,186186.0,23.0
2022,3192.0,39.0,1.0,186187.0,23.0
2023,2989.0,1.0,0.9800296475919957,186194.0,23.0
2024,3191.0,10.0,1.0,186195.0,23.0
2025,3094.0,41.0,1.0,188242.0,23.0
2026,3232.0,50.0,1.0,188246.0,23.0
2027,3202.0,3.0,0.9874069643873794,186200.0,23.0
2028,3075.0,52.0,1.0,188251.0,23.0
2029,3119.0,53.0,1.0,186206.0,23.0
2030,3230.0,10.0,0.9686200265180661,188257.0,23.0
2031,3287.0,25.0,1.0,188262.0,23.0
2032,2991.0,1.0,0.9672233469384689,186216.0,23.0
2033,3222.0,6.0,0.950444011709104,188266.0,23.0
2034,3080.0,32.0,0.9506233150286382,186221.0,23.0
2035,3118.0,18.0,1.0,186227.0,23.0
2036,3228.0,39.0,1.0,188289.0,23.0
2037,3225.0,29.0,1.0,186255.0,23.0
2038,3139.0,13.0,0.9752495758999139,188303.0,23.0
2039,3286.0,31.0,1.0,186275.0,23.0
2040,3059.0,20.0,1.0,186276.0,23.0
2041,3271.0,9.0,1.0,186277.0,23.0
2042,3071.0,46.0,1.0,186278.0,23.0
2043,2967.0,2.0,0.9539706320518844,186319.0,23.0
2044,2890.0,55.0,0.961659025376259,186320.0,23.0
2045,3111.0,40.0,0.9657025413038323,186328.0,23.0
2046,3240.0,10.0,1.0,188376.0,23.0
2047,3085.0,13.0,0.9586854029113968,186342.0,23.0
2048,3052.0,35.0,0.9528180702028,186355.0,23.0
2049,3227.0,27.0,1.0,188406.0,23.0
2050,3192.0,10.0,1.0,186363.0,23.0
2051,3249.0,25.0,0.9529055586252827,186375.0,23.0
2052,3191.0,23.0,1.0,188427.0,23.0
2053,3146.0,13.0,0.9558977270333024,188437.0,23.0
2054,3065.0,19.0,1.0,186391.0,23.0
2055,2872.0,33.0,1.0,186394.0,23.0
2056,3232.0,47.0,1.0,186415.0,23.0
2057,3213.0,57.0,1.0,186417.0,23.0
2058,3206.0,3.0,0.9814088897419134,186422.0,23.0
2059,2851.0,56.0,1.0,186424.0,23.0
2060,3207.0,3.0,1.0,186443.0,23.0
2061,3195.0,10.0,0.9564768099047917,186454.0,23.0
2062,3086.0,13.0,1.0,186467.0,23.0
2063,2874.0,33.0,0.9556547056025202,186470.0,23.0
2064,3197.0,5.0,1.0,186474.0,23.0
2065,2998.0,1.0,0.9527215631988518,186475.0,23.0
2066,3067.0,19.0,1.0,186476.0,23.0
2067,2875.0,33.0,0.9712972451346586,186479.0,23.0
2068,3030.0,14.0,1.0,186487.0,23.0
2069,2967.0,37.0,0.9616163415158528,186494.0,23.0
2070,3209.0,3.0,1.0,186497.0,23.0
2071,3124.0,18.0,1.0,186532.0,23.0
2072,3202.0,5.0,1.0,186556.0,23.0
2073,3285.0,15.0,1.0,186558.0,23.0
2074,3031.0,14.0,0.9614271345937034,186559.0,23.0
2075,3275.0,48.0,0.9821557871552701,186566.0,23.0
2076,3223.0,30.0,1.0,186570.0,23.0
2077,3136.0,43.0,1.0,186583.0,23.0
2078,3203.0,5.0,0.9562915391861591,186602.0,23.0
2079,3218.0,57.0,1.0,186633.0,23.0
2080,1992.0,59.0,1.0,184598.0,23.0
2081,2912.0,38.0,0.9510003707277703,186649.0,23.0
2082,1996.0,59.0,1.0,184610.0,23.0
2083,3174.0,4.0,1.0,186659.0,23.0
2084,1999.0,59.0,1.0,184617.0,23.0
2085,3285.0,28.0,1.0,186674.0,23.0
2086,2993.0,36.0,1.0,184629.0,23.0
2087,3135.0,42.0,1.0,184644.0,23.0
2088,3276.0,9.0,0.9536002508952461,186692.0,23.0
2089,3196.0,21.0,0.9645209695178033,186695.0,23.0
2090,3152.0,49.0,0.9558134278041021,184656.0,23.0
2091,3194.0,50.0,1.0,186704.0,23.0
2092,2007.0,59.0,1.0,184668.0,23.0
2093,3177.0,54.0,1.0,186721.0,23.0
2094,3002.0,34.0,0.9537042892664684,184680.0,23.0
2095,3027.0,44.0,1.0,184683.0,23.0
2096,3188.0,6.0,1.0,186734.0,23.0
2097,2927.0,0.0,1.0,186777.0,23.0
2098,3139.0,7.0,0.9512832116961056,186797.0,23.0
2099,3205.0,47.0,1.0,184770.0,23.0
2100,2011.0,59.0,0.9527816369550941,184773.0,23.0
2101,3242.0,28.0,0.9600423116614873,184777.0,23.0
2102,3047.0,52.0,1.0,186827.0,23.0
2103,3204.0,11.0,0.9531293390102157,186829.0,23.0
2104,3197.0,21.0,0.9834004848523005,186831.0,23.0
2105,3191.0,27.0,1.0,186832.0,23.0
2106,3130.0,53.0,0.9658825443935909,186835.0,23.0
2107,3026.0,41.0,1.0,184793.0,23.0
2108,2981.0,51.0,1.0,184794.0,23.0
2109,3138.0,23.0,1.0,186853.0,23.0
2110,3002.0,36.0,0.9643935096256792,184810.0,23.0
2111,3337.0,17.0,0.9600526474220724,184815.0,23.0
2112,3279.0,48.0,1.0,186868.0,23.0
2113,3338.0,17.0,1.0,184828.0,23.0
2114,3282.0,9.0,1.0,186880.0,23.0
2115,3236.0,29.0,0.9604376705910145,186881.0,23.0
2116,3200.0,29.0,1.0,184842.0,23.0
2117,3127.0,12.0,0.9577841487039432,186904.0,23.0
2118,3132.0,53.0,0.9864463057852242,186907.0,23.0
2119,3101.0,7.0,0.9813822074645298,184872.0,23.0
2120,2983.0,2.0,0.9812905353610432,186926.0,23.0
2121,3182.0,54.0,1.0,186927.0,23.0
2122,2931.0,0.0,1.0,186935.0,23.0
2123,3300.0,16.0,1.0,184890.0,23.0
2124,3020.0,35.0,1.0,184920.0,23.0
2125,3213.0,39.0,0.952843620612662,186977.0,23.0
2126,3166.0,5.0,0.9691909973175162,184937.0,23.0
2127,3092.0,40.0,1.0,184941.0,23.0
2128,3021.0,35.0,0.9840137182734432,184944.0,23.0
2129,2866.0,56.0,1.0,186993.0,23.0
2130,3029.0,46.0,1.0,184946.0,23.0
2131,3301.0,31.0,1.0,186996.0,23.0
2132,3047.0,19.0,0.9730680700652155,184954.0,23.0
2133,3154.0,26.0,1.0,184956.0,23.0
2134,2019.0,59.0,1.0,184958.0,23.0
2135,3018.0,45.0,1.0,184961.0,23.0
2136,3270.0,15.0,1.0,184962.0,23.0
2137,3184.0,54.0,1.0,187011.0,23.0
2138,2984.0,51.0,1.0,184964.0,23.0
2139,3030.0,51.0,1.0,187013.0,23.0
2140,3150.0,42.0,0.9543231348181762,184965.0,23.0
2141,3164.0,49.0,1.0,184972.0,23.0
2142,2841.0,33.0,1.0,184977.0,23.0
2143,3119.0,43.0,1.0,184984.0,23.0
2144,2868.0,56.0,0.9581212763111138,187036.0,23.0
2145,2870.0,56.0,1.0,187053.0,23.0
2146,2919.0,38.0,0.9827614142745629,187062.0,23.0
2147,3144.0,23.0,1.0,187066.0,23.0
2148,3089.0,8.0,0.9631216656277339,187069.0,23.0
2149,2988.0,2.0,1.0,187072.0,23.0
2150,3033.0,46.0,1.0,185026.0,23.0
2151,3002.0,14.0,0.9511035936625717,185027.0,23.0
2152,3007.0,34.0,1.0,185028.0,23.0
2153,3346.0,17.0,0.9869144003317314,185032.0,23.0
2154,3066.0,35.0,1.0,187084.0,23.0
2155,3169.0,39.0,1.0,185040.0,23.0
2156,2921.0,38.0,1.0,187090.0,23.0
2157,2897.0,55.0,0.9538085630484268,187099.0,23.0
2158,3186.0,24.0,1.0,185063.0,23.0
2159,3234.0,57.0,0.9798092755643811,187112.0,23.0
2160,3053.0,32.0,1.0,185081.0,23.0
2161,3260.0,31.0,0.9560775725300488,185089.0,23.0
2162,3099.0,13.0,0.9543895029325876,187144.0,23.0
2163,3080.0,22.0,0.9565652486287911,185111.0,23.0
2164,3236.0,30.0,0.9664512631896229,187174.0,23.0
2165,3223.0,24.0,1.0,187180.0,23.0
2166,3037.0,44.0,1.0,185138.0,23.0
2167,3061.0,45.0,1.0,187204.0,23.0
2168,3247.0,47.0,0.9623764058584569,187226.0,23.0
2169,3091.0,18.0,1.0,185182.0,23.0
2170,3038.0,44.0,1.0,185183.0,23.0
2171,3203.0,27.0,1.0,187235.0,23.0
2172,3155.0,42.0,1.0,185189.0,23.0
2173,3174.0,5.0,1.0,185193.0,23.0
2174,3139.0,4.0,0.9539722867257078,185214.0,23.0
2175,3144.0,53.0,1.0,187271.0,23.0
2176,3035.0,51.0,1.0,187272.0,23.0
2177,3157.0,21.0,0.9789029134863745,185225.0,23.0
2178,3202.0,50.0,1.0,187277.0,23.0
2179,3211.0,30.0,1.0,185233.0,23.0
2180,3175.0,49.0,1.0,185234.0,23.0
2181,3064.0,45.0,1.0,187286.0,23.0
2182,3041.0,14.0,0.9696397160803297,187292.0,23.0
2183,3089.0,19.0,0.9793855527168366,187296.0,23.0
2184,2978.0,37.0,1.0,187308.0,23.0
2185,3271.0,15.0,1.0,185261.0,23.0
2186,3148.0,7.0,0.9801883938121089,187309.0,23.0
2187,3177.0,42.0,0.9822447472652739,187315.0,23.0
2188,3178.0,49.0,1.0,185272.0,23.0
2189,3202.0,6.0,0.9596816252113699,187323.0,23.0
2190,3133.0,18.0,1.0,187336.0,23.0
2191,3160.0,26.0,1.0,185292.0,23.0
2192,2899.0,55.0,1.0,187342.0,23.0
2193,3330.0,16.0,0.953390562622167,187352.0,23.0
2194,3030.0,41.0,0.950311379237664,185308.0,23.0
2195,3060.0,8.0,0.964372130934926,185313.0,23.0
2196,3031.0,41.0,0.9729986392102242,185320.0,23.0
2197,3143.0,4.0,0.9643666352880391,185323.0,23.0
2198,3213.0,11.0,0.9581948184458791,187380.0,23.0
2199,3193.0,24.0,1.0,185347.0,23.0
2200,3139.0,54.0,1.0,185364.0,23.0
2201,3104.0,12.0,0.9592437286387364,185375.0,23.0
2202,3076.0,20.0,1.0,187425.0,23.0
2203,3212.0,29.0,0.9607196096900115,185378.0,23.0
2204,3132.0,58.0,1.0,187426.0,23.0
2205,3146.0,53.0,1.0,187428.0,23.0
2206,3332.0,16.0,0.9504688649678328,187431.0,23.0
2207,3033.0,35.0,0.9547059824611481,185389.0,23.0
2208,3245.0,30.0,1.0,187437.0,23.0
2209,3273.0,15.0,1.0,185393.0,23.0
2210,3059.0,32.0,1.0,185394.0,23.0
2211,2992.0,2.0,0.9562761074169759,187452.0,23.0
2212,3294.0,28.0,1.0,187454.0,23.0
2213,3100.0,40.0,1.0,185415.0,23.0
2214,3268.0,31.0,1.0,185417.0,23.0
2215,3057.0,52.0,1.0,187467.0,23.0
2216,3078.0,20.0,1.0,187468.0,23.0
2217,3097.0,8.0,1.0,187488.0,23.0
2218,3052.0,46.0,0.9804508469469249,185442.0,23.0
2219,2853.0,33.0,1.0,185447.0,23.0
2220,3054.0,20.0,1.0,185458.0,23.0
2221,3184.0,49.0,0.9618083068154641,185473.0,23.0
2222,3135.0,58.0,1.0,187527.0,23.0
2223,3178.0,5.0,1.0,185481.0,23.0
2224,3208.0,6.0,0.9640957519873496,187531.0,23.0
2225,3258.0,28.0,0.9503299527647071,185487.0,23.0
2226,2891.0,56.0,0.9851095043288194,187535.0,23.0
2227,3208.0,27.0,1.0,187539.0,23.0
2228,3213.0,47.0,1.0,185494.0,23.0
2229,3103.0,40.0,0.9836533118899088,185497.0,23.0
2230,3142.0,54.0,1.0,185500.0,23.0
2231,3256.0,48.0,0.9830443993524002,185501.0,23.0
2232,2931.0,38.0,1.0,187549.0,23.0
2233,3214.0,47.0,1.0,185507.0,23.0
2234,3109.0,12.0,0.9593546174914949,185516.0,23.0
2235,3298.0,15.0,0.9820736323350283,187567.0,23.0
2236,3196.0,24.0,0.9622102370230653,185523.0,23.0
2237,2955.0,0.0,1.0,187574.0,23.0
2238,3168.0,26.0,1.0,185527.0,23.0
2239,3132.0,22.0,1.0,187591.0,23.0
2240,3211.0,10.0,1.0,187593.0,23.0
2241,3117.0,7.0,1.0,185550.0,23.0
2242,3062.0,32.0,1.0,185556.0,23.0
2243,3202.0,57.0,0.9523295614397418,185561.0,23.0
2244,3296.0,48.0,1.0,187609.0,23.0
2245,3193.0,3.0,0.9578961644471446,185570.0,23.0
2246,3210.0,6.0,1.0,187641.0,23.0
2247,3066.0,45.0,1.0,187646.0,23.0
2248,2949.0,2.0,1.0,185599.0,23.0
2249,3104.0,8.0,0.9659872151084372,187647.0,23.0
2250,3015.0,34.0,1.0,185602.0,23.0
2251,3153.0,4.0,1.0,185617.0,23.0
2252,3311.0,16.0,1.0,185621.0,23.0
2253,2957.0,0.0,1.0,187672.0,23.0
2254,3218.0,29.0,1.0,185634.0,23.0
2255,3195.0,3.0,0.971678883272035,185643.0,23.0
2256,3030.0,36.0,1.0,185644.0,23.0
2257,3218.0,50.0,1.0,187693.0,23.0
2258,3259.0,48.0,0.9691904622097027,185651.0,23.0
2259,3286.0,9.0,1.0,187699.0,23.0
2260,3359.0,17.0,1.0,185665.0,23.0
2261,2909.0,55.0,1.0,187714.0,23.0
2262,3105.0,8.0,0.9645623565806644,187717.0,23.0
2263,3032.0,36.0,1.0,185676.0,23.0
2264,3155.0,4.0,1.0,185678.0,23.0
2265,3141.0,58.0,1.0,187726.0,23.0
2266,3223.0,11.0,1.0,187751.0,23.0
2267,3169.0,23.0,1.0,187766.0,23.0
2268,3066.0,8.0,0.9612629590594709,185719.0,23.0
2269,2972.0,1.0,1.0,185720.0,23.0
2270,3260.0,9.0,0.9540402376059168,185727.0,23.0
2271,3220.0,50.0,1.0,187783.0,23.0
2272,3145.0,58.0,0.9596754212135866,187789.0,23.0
2273,3112.0,18.0,1.0,185745.0,23.0
2274,3053.0,44.0,1.0,185747.0,23.0
2275,3022.0,52.0,1.0,185748.0,23.0
2276,3266.0,25.0,1.0,187801.0,23.0
2277,3071.0,32.0,1.0,185754.0,23.0
2278,3017.0,34.0,1.0,185761.0,23.0
2279,3085.0,20.0,1.0,187810.0,23.0
2280,3254.0,30.0,1.0,187814.0,23.0
2281,3275.0,31.0,1.0,185768.0,23.0
2282,3065.0,52.0,0.9728197982445591,187817.0,23.0
2283,2901.0,38.0,0.9668821712840986,185773.0,23.0
2284,3137.0,22.0,1.0,187824.0,23.0
2285,2963.0,0.0,1.0,187826.0,23.0
2286,3217.0,27.0,0.9522668400430346,187842.0,23.0
2287,3110.0,58.0,1.0,185795.0,23.0
2288,3019.0,14.0,1.0,185796.0,23.0
2289,3214.0,21.0,0.9879076120026663,187851.0,23.0
2290,3234.0,24.0,1.0,187856.0,23.0
2291,3336.0,16.0,1.0,187858.0,23.0
2292,3210.0,26.0,1.0,187876.0,23.0
2293,2878.0,55.0,0.9648116498433583,185829.0,23.0
2294,3262.0,9.0,0.9666772015611846,185844.0,23.0
2295,3146.0,12.0,0.9701013381158028,187895.0,23.0
2296,3155.0,43.0,1.0,187903.0,23.0
2297,3057.0,19.0,1.0,185858.0,23.0
2298,3151.0,58.0,1.0,187908.0,23.0
2299,3037.0,41.0,1.0,185883.0,23.0
2300,3162.0,42.0,1.0,185885.0,23.0
2301,2987.0,37.0,1.0,187933.0,23.0
2302,3056.0,44.0,1.0,185888.0,23.0
2303,3271.0,25.0,1.0,187979.0,23.0
2304,3009.0,51.0,1.0,185945.0,23.0
2305,3141.0,22.0,1.0,187993.0,23.0
2306,3226.0,11.0,0.9646379914151746,187996.0,23.0
2307,3272.0,25.0,1.0,188000.0,23.0
2308,3270.0,28.0,1.0,185962.0,23.0
2309,3037.0,45.0,1.0,185967.0,23.0
2310,3142.0,22.0,0.9541476782238969,188018.0,23.0
2311,3003.0,2.0,1.0,188030.0,23.0
