,ms2_id,Sample_id,explained_Int(%),SummMS2Table_id,Slice_id
0,3310.0,11.0,0.9748583582145164,192924.0,25.0
1,3358.0,9.0,0.9717721213914334,192925.0,25.0
2,3311.0,11.0,0.9701810792594424,192926.0,25.0
3,3259.0,42.0,0.9816596977358202,192927.0,25.0
4,3335.0,47.0,0.9633191931153469,192928.0,25.0
5,3359.0,9.0,0.9878230784836574,192929.0,25.0
6,3360.0,9.0,0.9697657064962181,192930.0,25.0
7,3244.0,43.0,0.9683393656116585,192931.0,25.0
8,3312.0,11.0,0.9748549807482474,192932.0,25.0
9,3245.0,43.0,0.9512596842698674,192933.0,25.0
10,3248.0,4.0,0.9932026091546134,193310.0,25.0
11,3079.0,1.0,1.0,193311.0,25.0
12,3252.0,12.0,0.9734554555945029,194337.0,25.0
13,3199.0,41.0,0.9712145275190955,194340.0,25.0
14,3292.0,42.0,0.9627790313972762,194341.0,25.0
15,3048.0,38.0,0.9571988827675956,194343.0,25.0
16,3213.0,44.0,0.974948066713665,194347.0,25.0
17,3360.0,47.0,0.9672626095085184,194349.0,25.0
18,3232.0,18.0,0.9727765242208937,193326.0,25.0
19,3233.0,18.0,0.9604300017173449,193328.0,25.0
20,3234.0,18.0,0.9908489533413694,193331.0,25.0
21,3233.0,46.0,0.9838662135496201,194358.0,25.0
22,3195.0,14.0,0.9837313117302011,194359.0,25.0
23,3193.0,14.0,0.9605952389057284,194360.0,25.0
24,3192.0,52.0,0.9821355831187171,194365.0,25.0
25,3252.0,22.0,0.971187617014189,194366.0,25.0
26,3300.0,27.0,0.9665840649347953,193341.0,25.0
27,3312.0,10.0,0.972918500980322,193342.0,25.0
28,3339.0,57.0,1.0,194369.0,25.0
29,3172.0,14.0,0.9742473516143123,193347.0,25.0
30,3286.0,5.0,0.9639692624775674,193349.0,25.0
31,3313.0,21.0,0.961674107500964,194377.0,25.0
32,3197.0,14.0,0.9574627833456015,194378.0,25.0
33,3236.0,13.0,0.9867964664156722,194379.0,25.0
34,3066.0,2.0,0.9863582684682279,193354.0,25.0
35,3307.0,6.0,0.9804587800525034,194383.0,25.0
36,3077.0,2.0,0.9865277485216338,194384.0,25.0
37,3214.0,8.0,0.9885198202664224,193361.0,25.0
38,3316.0,11.0,0.9671285460783914,193362.0,25.0
39,2104.0,59.0,0.992942983729536,193364.0,25.0
40,3067.0,2.0,0.9715460239863992,193366.0,25.0
41,3314.0,21.0,0.9854453166489083,194391.0,25.0
42,3078.0,2.0,0.9954454374001125,194392.0,25.0
43,3367.0,9.0,0.981033372912749,193367.0,25.0
44,3186.0,36.0,0.957405917817558,194394.0,25.0
45,3194.0,52.0,0.9588749319601267,194396.0,25.0
46,3360.0,30.0,0.97589362553775,194401.0,25.0
47,3031.0,0.0,0.9851836541294254,194404.0,25.0
48,3215.0,8.0,0.9749581669512534,193384.0,25.0
49,3165.0,45.0,0.992077114591436,193385.0,25.0
50,3189.0,44.0,0.9702209990772876,193386.0,25.0
51,3258.0,43.0,0.9900635192156743,193393.0,25.0
52,3154.0,36.0,0.9795889485089027,193395.0,25.0
53,3299.0,54.0,0.9715228916458845,194420.0,25.0
54,3229.0,22.0,0.9814025180310447,193397.0,25.0
55,3315.0,21.0,0.9767411244314528,194422.0,25.0
56,3091.0,37.0,0.9912716138226678,194424.0,25.0
57,3301.0,54.0,0.9801985757610945,194425.0,25.0
58,3368.0,9.0,0.9675129122491197,193406.0,25.0
59,3196.0,52.0,0.9584315178343091,194433.0,25.0
60,3371.0,28.0,0.951008004343538,193411.0,25.0
61,3302.0,49.0,0.9524184409042173,193412.0,25.0
62,3389.0,48.0,0.9796095749849963,194437.0,25.0
63,3279.0,54.0,0.9873301965363319,193415.0,25.0
64,3190.0,41.0,0.9704489077621352,193416.0,25.0
65,3287.0,23.0,0.9604361651905251,194442.0,25.0
66,3256.0,4.0,0.9816116513802601,193422.0,25.0
67,3226.0,8.0,0.9733481154678839,194447.0,25.0
68,3239.0,40.0,0.9794057863527004,193423.0,25.0
69,3305.0,5.0,0.981016730990657,194452.0,25.0
70,3188.0,36.0,0.9747800506036118,194453.0,25.0
71,3280.0,54.0,0.9788844266375948,193429.0,25.0
72,3239.0,18.0,0.9768593739437179,193432.0,25.0
73,3329.0,57.0,0.9773961801222031,193433.0,25.0
74,3217.0,44.0,0.9829916976173444,194460.0,25.0
75,3240.0,18.0,0.9592279183015808,193436.0,25.0
76,3020.0,55.0,0.9833722307514993,193442.0,25.0
77,3189.0,36.0,1.0,194468.0,25.0
78,3242.0,18.0,0.9883809765557349,193448.0,25.0
79,3270.0,18.0,0.9914573134983515,194473.0,25.0
80,3159.0,36.0,0.9567744820334636,193449.0,25.0
81,3244.0,53.0,0.9765394155317098,193451.0,25.0
82,3255.0,22.0,0.9579831065637244,194478.0,25.0
83,3318.0,3.0,0.9738249296615299,194480.0,25.0
84,3236.0,46.0,0.9791838739480624,194482.0,25.0
85,3245.0,53.0,0.9621725900634942,193467.0,25.0
86,3194.0,19.0,0.9543620276468799,193468.0,25.0
87,3315.0,26.0,0.9600267229434437,193473.0,25.0
88,3342.0,57.0,0.9675430961921436,194500.0,25.0
89,3011.0,56.0,0.9659317919774723,194501.0,25.0
90,3199.0,52.0,0.951045203945548,194503.0,25.0
91,3343.0,57.0,0.9805887662203588,194505.0,25.0
92,3256.0,40.0,0.9781077585542032,194507.0,25.0
93,3070.0,2.0,1.0,193492.0,25.0
94,3290.0,7.0,0.9950072753763737,194517.0,25.0
95,3170.0,45.0,0.9814852549530731,193494.0,25.0
96,3179.0,14.0,0.9598355499637109,193497.0,25.0
97,3163.0,36.0,0.9604211440453765,193499.0,25.0
98,3232.0,22.0,0.9821054950331216,193502.0,25.0
99,3268.0,53.0,0.9640050234202453,194530.0,25.0
100,3191.0,36.0,0.9606975109481238,194532.0,25.0
101,3164.0,34.0,0.9654880872804212,193508.0,25.0
102,3081.0,1.0,0.9872070734934867,193509.0,25.0
103,3013.0,56.0,0.9559057923276919,194536.0,25.0
104,3205.0,46.0,0.961060795748075,193515.0,25.0
105,3022.0,55.0,1.0,193516.0,25.0
106,3288.0,4.0,0.9600044934760754,194544.0,25.0
107,3330.0,39.0,0.9655539864651217,194549.0,25.0
108,3302.0,27.0,0.9805193244165263,193526.0,25.0
109,3307.0,54.0,0.9958276364416079,194555.0,25.0
110,3156.0,51.0,0.9827130258969585,193957.0,25.0
111,3294.0,21.0,0.9952320069407304,193538.0,25.0
112,2981.0,33.0,0.963657258322492,193543.0,25.0
113,3270.0,53.0,0.9599569161267678,194571.0,25.0
114,2983.0,33.0,0.9835228138557139,193547.0,25.0
115,3233.0,22.0,0.9628935424382613,193548.0,25.0
116,3172.0,52.0,0.976688159839595,193549.0,25.0
117,3096.0,37.0,0.9872707342598134,194576.0,25.0
118,3165.0,34.0,1.0,193552.0,25.0
119,3266.0,7.0,0.9708519766851275,193554.0,25.0
120,3295.0,21.0,0.9801034422162269,193563.0,25.0
121,3201.0,14.0,0.9677521947064334,194593.0,25.0
122,3394.0,9.0,0.974446739228263,194594.0,25.0
123,3026.0,55.0,0.9654419823788589,193570.0,25.0
124,3321.0,24.0,0.9816581133308698,193573.0,25.0
125,3175.0,51.0,1.0,194600.0,25.0
126,3260.0,12.0,0.9857774143018786,194604.0,25.0
127,3199.0,35.0,0.969823399766987,193582.0,25.0
128,3195.0,19.0,0.9787409742489771,193590.0,25.0
129,3082.0,2.0,0.9787568126725295,194616.0,25.0
130,3295.0,42.0,0.9653978241620246,194618.0,25.0
131,3285.0,54.0,0.9632983261261535,193594.0,25.0
132,3258.0,40.0,0.990008488479617,194620.0,25.0
133,3273.0,53.0,0.9583391582572441,194621.0,25.0
134,3310.0,3.0,0.9832047224692849,193596.0,25.0
135,3165.0,36.0,0.9593187978914534,193597.0,25.0
136,3181.0,14.0,0.9902404880561625,193600.0,25.0
137,3332.0,39.0,0.9736113971787982,194627.0,25.0
138,3193.0,45.0,0.9794352616633801,194634.0,25.0
139,3171.0,45.0,0.976641195967116,193613.0,25.0
140,3027.0,0.0,0.956508335782644,193614.0,25.0
141,3250.0,53.0,0.9785761848858711,193615.0,25.0
142,3052.0,38.0,0.980269768966891,194642.0,25.0
143,3239.0,13.0,0.9834663288251199,194645.0,25.0
144,3000.0,56.0,0.9840080997865323,193621.0,25.0
145,3316.0,26.0,0.9569532803334212,193622.0,25.0
146,3167.0,36.0,0.9679969463610619,193624.0,25.0
147,3268.0,7.0,1.0,193627.0,25.0
148,3296.0,7.0,0.9619769869388461,194652.0,25.0
149,3271.0,18.0,0.9805214791189734,194654.0,25.0
150,3261.0,12.0,0.9851282577823645,194655.0,25.0
151,3210.0,46.0,0.9749273788834878,193631.0,25.0
152,3361.0,30.0,0.9751713472175421,194657.0,25.0
153,3309.0,39.0,0.9681815389308813,193633.0,25.0
154,3251.0,18.0,0.9744247399448497,193636.0,25.0
155,3180.0,34.0,0.9726689686932061,194661.0,25.0
156,3062.0,37.0,0.9525303725277326,193637.0,25.0
157,3274.0,53.0,0.9743315833279739,194667.0,25.0
158,3313.0,10.0,0.9638367276143318,193643.0,25.0
159,3421.0,31.0,0.9626963183522937,194669.0,25.0
160,3211.0,46.0,0.9807673824532595,193645.0,25.0
161,3230.0,8.0,0.9779828613803382,194671.0,25.0
162,3397.0,9.0,0.9945450779353949,194672.0,25.0
163,3339.0,24.0,1.0,194674.0,25.0
164,3290.0,5.0,0.9855189326730616,193654.0,25.0
165,3297.0,7.0,0.9840097687115953,194680.0,25.0
166,3200.0,52.0,0.9551045784588434,194682.0,25.0
167,3149.0,51.0,0.963297984286511,193662.0,25.0
168,3275.0,53.0,0.9539695982857195,194690.0,25.0
169,3204.0,41.0,1.0,194691.0,25.0
170,3227.0,58.0,0.9542439209975362,194695.0,25.0
171,3320.0,21.0,0.9670439133913304,194717.0,25.0
172,3270.0,7.0,0.9905794222897313,193695.0,25.0
173,3341.0,24.0,0.9629482099347835,194720.0,25.0
174,3375.0,28.0,0.9636621634761168,193696.0,25.0
175,3313.0,39.0,0.9653071728222715,193698.0,25.0
176,3090.0,1.0,0.978758744942701,193707.0,25.0
177,3229.0,58.0,0.953810490031573,194732.0,25.0
178,3330.0,57.0,0.9930917932181142,193709.0,25.0
179,3313.0,49.0,0.9800916799595126,193712.0,25.0
180,3272.0,7.0,0.9720403055534484,193715.0,25.0
181,3289.0,54.0,1.0,193719.0,25.0
182,3260.0,22.0,0.9745181153465573,194747.0,25.0
183,3017.0,56.0,0.9683528563964575,194752.0,25.0
184,3314.0,49.0,0.9765183737456556,193731.0,25.0
185,3331.0,57.0,1.0,193733.0,25.0
186,3173.0,45.0,0.9747667360868912,193734.0,25.0
187,3217.0,8.0,0.9626441287329439,193736.0,25.0
188,3230.0,58.0,0.972091754915338,194761.0,25.0
189,3350.0,47.0,0.981962450920541,193737.0,25.0
190,3091.0,1.0,0.9551540969002309,193743.0,25.0
191,2105.0,59.0,0.9548065615822152,194770.0,25.0
192,3314.0,10.0,0.9876617423815701,193749.0,25.0
193,3231.0,58.0,1.0,194774.0,25.0
194,3206.0,41.0,0.9678297829649102,194776.0,25.0
195,3267.0,4.0,0.9908930854243886,193752.0,25.0
196,3087.0,2.0,0.9800129599836531,194778.0,25.0
197,3183.0,34.0,0.9506367060038144,194780.0,25.0
198,3345.0,57.0,0.9503249322108736,194784.0,25.0
199,3396.0,48.0,0.9747582522760728,194786.0,25.0
200,3234.0,32.0,0.9672894378143513,194790.0,25.0
201,3205.0,35.0,0.9722195235795641,193766.0,25.0
202,3152.0,51.0,0.9778082732250992,193767.0,25.0
203,3174.0,45.0,0.9792121846330153,193768.0,25.0
204,3197.0,44.0,0.9856911400626487,193769.0,25.0
205,3310.0,5.0,0.9816397999016562,194796.0,25.0
206,3243.0,22.0,0.969231306439387,193773.0,25.0
207,3233.0,13.0,0.9519312122161722,193774.0,25.0
208,3195.0,45.0,0.972572283943144,194802.0,25.0
209,3098.0,37.0,0.9587922776869985,194803.0,25.0
210,3219.0,8.0,0.958398888631371,193778.0,25.0
211,3198.0,44.0,0.9665581813179246,193779.0,25.0
212,3320.0,3.0,0.9873249854984628,194808.0,25.0
213,3120.0,1.0,0.9841385523627499,194809.0,25.0
214,3092.0,1.0,0.9723427280597337,193786.0,25.0
215,3356.0,29.0,0.9764724492865727,193789.0,25.0
216,3180.0,51.0,0.964717058131082,194815.0,25.0
217,3193.0,41.0,0.9676971311719507,193794.0,25.0
218,3233.0,8.0,0.9786278536176195,194822.0,25.0
219,3262.0,22.0,0.9673592388113865,194823.0,25.0
220,3088.0,2.0,0.9751838696108519,194825.0,25.0
221,3019.0,56.0,0.965079230661089,194826.0,25.0
222,3240.0,46.0,0.98304217809532,194830.0,25.0
223,3319.0,26.0,1.0,193806.0,25.0
224,3208.0,41.0,0.9700700523789884,194832.0,25.0
225,3170.0,36.0,0.9817459109039125,193812.0,25.0
226,3257.0,18.0,0.9527600379430694,193821.0,25.0
227,3236.0,32.0,0.9753586989138087,194848.0,25.0
228,3364.0,30.0,0.9761126440910771,194850.0,25.0
229,3334.0,57.0,0.9797310818885981,193826.0,25.0
230,3263.0,22.0,0.9845231719758807,194852.0,25.0
231,3291.0,5.0,0.9667968038304049,193836.0,25.0
232,3271.0,4.0,0.9853391008614005,193837.0,25.0
233,3346.0,57.0,0.9781978258247619,194864.0,25.0
234,3028.0,55.0,0.9704550282522639,193840.0,25.0
235,3262.0,40.0,0.9890985823773498,194866.0,25.0
236,3124.0,1.0,0.9869917251417738,194875.0,25.0
237,3264.0,22.0,0.9520523334373967,194882.0,25.0
238,3292.0,5.0,0.9849785004133695,193859.0,25.0
239,3305.0,27.0,0.9754052271230055,193870.0,25.0
240,3359.0,29.0,0.9837453561746553,193879.0,25.0
241,3003.0,56.0,0.9869353232539972,193884.0,25.0
242,3383.0,25.0,0.9911128200564857,193888.0,25.0
243,3154.0,51.0,0.9772875968543935,193894.0,25.0
244,3097.0,1.0,0.9775229783984907,193896.0,25.0
245,3197.0,19.0,0.9783543843940242,193901.0,25.0
246,3274.0,4.0,0.9902951003434389,193906.0,25.0
247,3306.0,27.0,0.9647333840864338,193910.0,25.0
248,3292.0,54.0,0.989630143285743,193936.0,25.0
249,3295.0,5.0,0.9872546997921848,193942.0,25.0
250,3282.0,23.0,0.9663906145264275,193944.0,25.0
251,3070.0,37.0,0.9557148710065796,193945.0,25.0
252,3336.0,47.0,0.9584633908174539,192934.0,25.0
253,3029.0,55.0,0.9654407435333175,193955.0,25.0
254,3313.0,11.0,0.9785531279209886,192936.0,25.0
255,3364.0,28.0,0.9701626102722621,192937.0,25.0
256,3335.0,57.0,0.9566708625625233,193956.0,25.0
257,3211.0,18.0,0.9739386433948883,192939.0,25.0
258,3180.0,44.0,1.0,192940.0,25.0
259,3337.0,47.0,0.967093767721161,192941.0,25.0
260,3232.0,12.0,0.9703022482662246,192942.0,25.0
261,3176.0,35.0,0.9696816922556579,192943.0,25.0
262,3296.0,5.0,0.9959965155002772,193961.0,25.0
263,2060.0,59.0,0.9801986522567895,192945.0,25.0
264,3365.0,28.0,0.9781897072805338,192946.0,25.0
265,3347.0,29.0,0.9581270511133015,192947.0,25.0
266,3174.0,36.0,0.9789763403014139,193973.0,25.0
267,3187.0,46.0,0.9679164585759664,192950.0,25.0
268,3338.0,47.0,1.0,192951.0,25.0
269,3177.0,35.0,0.9595710776926551,192952.0,25.0
270,3052.0,37.0,0.9581612895140411,192953.0,25.0
271,3310.0,10.0,0.9866510820519135,192955.0,25.0
272,2065.0,59.0,0.9514588109101498,192958.0,25.0
273,3291.0,49.0,0.9531194771072076,192959.0,25.0
274,3134.0,36.0,0.9581271660734109,192960.0,25.0
275,3188.0,46.0,0.9763405078078693,192961.0,25.0
276,3263.0,18.0,0.9807047186163693,193986.0,25.0
277,3288.0,21.0,0.957754733534512,192964.0,25.0
278,2067.0,59.0,0.9593180622269223,192965.0,25.0
279,3284.0,42.0,0.956371859340153,193988.0,25.0
280,2069.0,59.0,0.9802094517999959,192967.0,25.0
281,3178.0,35.0,0.9864185863665694,192968.0,25.0
282,3066.0,1.0,1.0,192969.0,25.0
283,3223.0,4.0,0.9808372799231914,192970.0,25.0
284,3101.0,1.0,0.9738478005295959,193989.0,25.0
285,2071.0,59.0,0.9617032411435654,192972.0,25.0
286,3353.0,47.0,1.0,193990.0,25.0
287,3157.0,51.0,0.9805012987122279,193991.0,25.0
288,3102.0,1.0,0.9905974140374424,193992.0,25.0
289,3255.0,53.0,0.980644223839002,194002.0,25.0
290,3205.0,32.0,0.9748804130137105,192984.0,25.0
291,3053.0,37.0,0.9790842546187531,192985.0,25.0
292,3255.0,7.0,0.9734904341079516,192986.0,25.0
293,3181.0,44.0,0.9625571075166182,192987.0,25.0
294,3381.0,28.0,0.9505295558131072,194011.0,25.0
295,3294.0,39.0,0.9673382432842093,192992.0,25.0
296,2078.0,59.0,0.9771318821176035,192993.0,25.0
297,3188.0,14.0,0.9572364133574967,194017.0,25.0
298,3225.0,4.0,0.9649637489673514,192995.0,25.0
299,3393.0,31.0,0.9544308831987499,192996.0,25.0
300,3384.0,25.0,0.9745324997903515,194019.0,25.0
301,3354.0,30.0,0.9645307516050569,194020.0,25.0
302,2081.0,59.0,0.979380943776708,192999.0,25.0
303,3249.0,12.0,0.9560337912939981,194024.0,25.0
304,3250.0,12.0,0.9812444997065687,194025.0,25.0
305,3355.0,47.0,0.9767407775969036,194026.0,25.0
306,3067.0,1.0,0.9767188799543958,193003.0,25.0
307,3054.0,37.0,0.9544550021094138,193004.0,25.0
308,3272.0,54.0,0.9912002545249017,193006.0,25.0
309,3233.0,12.0,0.9852031237218828,193010.0,25.0
310,3303.0,6.0,0.9635160606374034,194034.0,25.0
311,3298.0,27.0,1.0,193012.0,25.0
312,3304.0,21.0,0.9614581287962215,194038.0,25.0
313,3227.0,4.0,0.981423514161168,193015.0,25.0
314,3004.0,56.0,0.9540379414067859,194040.0,25.0
315,3311.0,10.0,0.9742725547720196,193020.0,25.0
316,3257.0,7.0,0.9976032761999412,193021.0,25.0
317,3220.0,32.0,0.9811058608538581,194051.0,25.0
318,3002.0,33.0,0.9671455227619516,194053.0,25.0
319,3230.0,4.0,0.9772880787186027,193031.0,25.0
320,3104.0,1.0,0.9547849484510946,194057.0,25.0
321,3231.0,4.0,0.9673872702257867,193034.0,25.0
322,3040.0,38.0,0.9610237701944512,194061.0,25.0
323,3362.0,9.0,0.9803928391484227,193038.0,25.0
324,3314.0,3.0,1.0,194068.0,25.0
325,3249.0,43.0,0.9523084644597496,193048.0,25.0
326,3158.0,51.0,1.0,194072.0,25.0
327,3139.0,36.0,0.9603068782159606,193054.0,25.0
328,3328.0,24.0,0.9604430806619706,194080.0,25.0
329,3222.0,8.0,0.9609542922270267,194089.0,25.0
330,2092.0,59.0,0.9895178901347108,193067.0,25.0
331,2093.0,59.0,0.9616004365779846,193068.0,25.0
332,3140.0,36.0,0.9547456676976085,193071.0,25.0
333,3340.0,47.0,0.9733065995221322,193072.0,25.0
334,3289.0,21.0,1.0,193074.0,25.0
335,3211.0,8.0,1.0,193075.0,25.0
336,3258.0,7.0,0.9616590488182326,193076.0,25.0
337,3318.0,24.0,0.9896894346293705,193077.0,25.0
338,3277.0,4.0,0.9812447060538526,194102.0,25.0
339,3355.0,30.0,0.9801814609575569,194104.0,25.0
340,3161.0,14.0,0.963041094268241,193082.0,25.0
341,3329.0,24.0,0.9671541876491635,194108.0,25.0
342,3234.0,4.0,0.9916545848239262,193086.0,25.0
343,2094.0,59.0,1.0,193088.0,25.0
344,3336.0,57.0,0.9907039364477563,194114.0,25.0
345,3070.0,1.0,1.0,193092.0,25.0
346,3409.0,31.0,0.9747340440759726,194117.0,25.0
347,3235.0,4.0,1.0,193094.0,25.0
348,3031.0,55.0,0.9628962787492971,194122.0,25.0
349,3162.0,14.0,0.9855339272991149,193100.0,25.0
350,3202.0,19.0,0.9806703740447011,194125.0,25.0
351,2097.0,59.0,1.0,193102.0,25.0
352,3071.0,1.0,0.9711139977455722,193104.0,25.0
353,3234.0,12.0,0.9876104564386142,193105.0,25.0
354,3259.0,53.0,0.9794151937502488,194131.0,25.0
355,3284.0,7.0,0.9905217143256554,194134.0,25.0
356,2099.0,59.0,0.9829707282593599,193111.0,25.0
357,3032.0,55.0,0.9548169952064456,194136.0,25.0
358,3141.0,36.0,0.9722825786130387,193113.0,25.0
359,3142.0,36.0,0.9678773708423477,193114.0,25.0
360,3194.0,46.0,0.9678509193289272,193115.0,25.0
361,3183.0,44.0,0.9591680400155519,193116.0,25.0
362,2100.0,59.0,0.9800106865425098,193118.0,25.0
363,3240.0,4.0,0.9955027781449346,193122.0,25.0
364,3290.0,21.0,0.9595624343152425,193123.0,25.0
365,3300.0,5.0,0.9960759486223841,194153.0,25.0
366,3366.0,28.0,0.9651117946460385,193135.0,25.0
367,3217.0,18.0,0.96090924446587,193138.0,25.0
368,3274.0,54.0,0.9838691008572176,193139.0,25.0
369,3034.0,55.0,1.0,194162.0,25.0
370,3224.0,8.0,0.9671449443039404,194166.0,25.0
371,3284.0,23.0,0.9777786765995632,194169.0,25.0
372,3033.0,38.0,0.9647587322165069,193146.0,25.0
373,3196.0,46.0,0.9619154782625869,193147.0,25.0
374,3363.0,9.0,0.995962662146733,193148.0,25.0
375,3183.0,35.0,0.9822634706064121,193149.0,25.0
376,3163.0,14.0,0.968839205250526,193154.0,25.0
377,3236.0,12.0,0.9652631030857695,193155.0,25.0
378,3316.0,3.0,0.9542758688939507,194178.0,25.0
379,3341.0,47.0,0.9620070249682645,193157.0,25.0
380,3281.0,4.0,0.9903296754480024,194182.0,25.0
381,3314.0,11.0,0.9689332570363736,193159.0,25.0
382,3197.0,46.0,0.9658564983048503,193165.0,25.0
383,3275.0,54.0,0.987378229358663,193166.0,25.0
384,2101.0,59.0,0.9586446644406982,193171.0,25.0
385,3164.0,14.0,0.9735549779374101,193172.0,25.0
386,3285.0,23.0,0.9864721486992682,194196.0,25.0
387,3356.0,30.0,0.9503966029198271,194200.0,25.0
388,3283.0,4.0,0.975050140393806,194204.0,25.0
389,3145.0,36.0,0.9602804056486509,193181.0,25.0
390,3315.0,10.0,0.971642149075682,194216.0,25.0
391,3212.0,8.0,0.9668515480345297,193195.0,25.0
392,3146.0,36.0,0.9551131811660318,193197.0,25.0
393,3247.0,22.0,0.9895169928866457,194226.0,25.0
394,3017.0,55.0,0.9771477276595213,193203.0,25.0
395,3185.0,45.0,1.0,194227.0,25.0
396,3222.0,32.0,0.9763188637672715,194228.0,25.0
397,2995.0,56.0,0.9673106960501356,193206.0,25.0
398,3186.0,35.0,0.9816062205756797,193214.0,25.0
399,3338.0,57.0,0.973310175092578,194242.0,25.0
400,3166.0,52.0,0.9745413576667674,193226.0,25.0
401,3310.0,26.0,0.977803891463403,193231.0,25.0
402,3276.0,54.0,0.9895039170348928,193235.0,25.0
403,3165.0,51.0,0.9804620889416105,194271.0,25.0
404,3225.0,58.0,0.9825903309568605,194272.0,25.0
405,3029.0,0.0,0.9549716325376396,194273.0,25.0
406,3311.0,26.0,1.0,193253.0,25.0
407,3327.0,39.0,0.9602492297441861,194279.0,25.0
408,2974.0,33.0,1.0,193256.0,25.0
409,3369.0,28.0,1.0,193262.0,25.0
410,3030.0,0.0,0.974363592699481,194288.0,25.0
411,3312.0,26.0,0.9760487457753095,193270.0,25.0
412,3350.0,29.0,1.0,193271.0,25.0
413,3168.0,14.0,0.9873598645281059,193272.0,25.0
414,3239.0,12.0,0.974764232471004,193273.0,25.0
415,3191.0,52.0,0.9816404147800424,194298.0,25.0
416,2102.0,59.0,0.9854247367015755,193279.0,25.0
417,3168.0,52.0,1.0,193282.0,25.0
418,3189.0,35.0,0.9561938615732788,193284.0,25.0
419,3256.0,43.0,0.9713405256408504,193288.0,25.0
420,3351.0,29.0,0.991071018199828,193289.0,25.0
421,3170.0,14.0,0.9602063896015012,193293.0,25.0
422,3008.0,56.0,0.9845132482722078,194321.0,25.0
423,3174.0,34.0,0.9830410177261926,194326.0,25.0
424,3416.0,31.0,0.9759354787082558,194327.0,25.0
425,3326.0,11.0,0.9740161420498752,194329.0,25.0
426,3329.0,26.0,0.9870668528493332,194333.0,25.0
427,3036.0,55.0,0.9615472770226183,194334.0,25.0
428,3037.0,55.0,0.9854075532870188,194335.0,25.0
429,3038.0,55.0,0.966270948777441,194336.0,25.0
430,3242.0,44.0,0.9773683351825786,196384.0,25.0
431,3049.0,38.0,0.9558808950965039,194338.0,25.0
432,3216.0,35.0,0.9764356846066404,194339.0,25.0
433,3200.0,41.0,0.9724707438904759,194342.0,25.0
434,3376.0,50.0,0.975206588613432,196391.0,25.0
435,3009.0,56.0,0.9863673171976435,194348.0,25.0
436,3211.0,34.0,0.9611957415066286,196397.0,25.0
437,3213.0,34.0,0.9824847687800733,196398.0,25.0
438,3232.0,46.0,0.9827328494632517,194351.0,25.0
439,3225.0,8.0,0.9871879204793681,194352.0,25.0
440,3263.0,53.0,0.9657277845383988,194353.0,25.0
441,3212.0,34.0,0.9592741702430467,196399.0,25.0
442,3421.0,9.0,0.97467507070164,196400.0,25.0
443,3334.0,49.0,0.9737933545765664,194356.0,25.0
444,3194.0,14.0,0.9928785589574288,194357.0,25.0
445,3057.0,56.0,0.9874316259351746,196404.0,25.0
446,3354.0,21.0,0.9933228841303366,196407.0,25.0
447,3450.0,31.0,0.9751634933230059,196412.0,25.0
448,3357.0,10.0,0.9699020924196843,196413.0,25.0
449,3427.0,48.0,0.9606048672819079,196417.0,25.0
450,3358.0,30.0,0.9874967175929832,194373.0,25.0
451,3243.0,44.0,0.9777386715472061,196421.0,25.0
452,3196.0,14.0,1.0,194376.0,25.0
453,3422.0,9.0,0.9860813054809269,196424.0,25.0
454,3424.0,28.0,0.9819489673085964,196425.0,25.0
455,3260.0,58.0,0.96160061734091,196430.0,25.0
456,3082.0,0.0,0.9892224024183539,196431.0,25.0
457,3377.0,50.0,0.9628498666683445,196438.0,25.0
458,3322.0,23.0,0.963675910795532,196444.0,25.0
459,3358.0,3.0,0.9852492785721328,196447.0,25.0
460,3340.0,57.0,0.9812388906508883,194403.0,25.0
461,3121.0,37.0,0.9897601676368489,196451.0,25.0
462,3387.0,48.0,0.9598121618863099,194405.0,25.0
463,3279.0,13.0,0.9846312230326121,196452.0,25.0
464,3167.0,51.0,0.9759309754752796,194407.0,25.0
465,3423.0,9.0,0.9801672245948193,196454.0,25.0
466,3201.0,41.0,0.9603929282133766,194410.0,25.0
467,3203.0,51.0,0.978569223634047,196458.0,25.0
468,3214.0,44.0,1.0,194412.0,25.0
469,3304.0,5.0,0.9843425745876904,194413.0,25.0
470,3090.0,37.0,0.9853213950632314,194414.0,25.0
471,3261.0,58.0,0.9609193126535459,196464.0,25.0
472,3359.0,3.0,0.9819149449366653,196465.0,25.0
473,3399.0,29.0,0.9588998173173664,196470.0,25.0
474,3263.0,58.0,0.9770326980780711,196474.0,25.0
475,3032.0,0.0,0.9769506511059721,194430.0,25.0
476,3330.0,11.0,0.9892693655816173,194431.0,25.0
477,3303.0,54.0,0.9700128673193698,194432.0,25.0
478,3218.0,35.0,0.9885857701836093,194435.0,25.0
479,3295.0,22.0,0.9865197994727135,196483.0,25.0
480,3109.0,1.0,0.9684031118533218,194438.0,25.0
481,3329.0,39.0,0.9767532460617432,194439.0,25.0
482,3287.0,4.0,1.0,194441.0,25.0
483,3236.0,20.0,0.9780552056041654,196491.0,25.0
484,3254.0,12.0,0.9682076397413075,194450.0,25.0
485,3265.0,53.0,0.9955421253071253,194451.0,25.0
486,3264.0,58.0,0.9842228909089347,196502.0,25.0
487,3360.0,10.0,0.9789083360439299,196504.0,25.0
488,3204.0,51.0,0.9833681609379256,196508.0,25.0
489,3237.0,20.0,0.9732649811906252,196513.0,25.0
490,3227.0,32.0,0.9740349715365004,194467.0,25.0
491,3355.0,27.0,0.9757630137610379,196516.0,25.0
492,3033.0,0.0,1.0,194469.0,25.0
493,3237.0,13.0,0.9886268836989739,194470.0,25.0
494,3126.0,2.0,0.9863746179100692,196518.0,25.0
495,3370.0,29.0,0.974507423457892,194475.0,25.0
496,3390.0,48.0,0.973107687837541,194477.0,25.0
497,3128.0,2.0,0.9837458786903165,196527.0,25.0
498,3373.0,26.0,0.9804712597580066,196532.0,25.0
499,3129.0,2.0,0.97713987208905,196537.0,25.0
500,3255.0,12.0,0.9772294587544803,194490.0,25.0
501,3050.0,38.0,0.9785366705314896,194491.0,25.0
502,3268.0,43.0,0.9513686943659253,194498.0,25.0
503,3244.0,19.0,0.9821017017813598,196547.0,25.0
504,3352.0,6.0,0.9674409796347602,196552.0,25.0
505,3239.0,20.0,0.952099962608836,196554.0,25.0
506,3034.0,0.0,0.9664322264828555,194508.0,25.0
507,3380.0,50.0,0.9581754512190407,196557.0,25.0
508,3391.0,48.0,0.9737164580608777,194510.0,25.0
509,3353.0,6.0,0.9544328711542963,196558.0,25.0
510,3308.0,6.0,0.9917642786675005,194514.0,25.0
511,3219.0,44.0,0.9540180160729305,194520.0,25.0
512,3354.0,6.0,0.9953464596840791,196569.0,25.0
513,3408.0,25.0,0.9870182488626371,196572.0,25.0
514,3361.0,10.0,0.9779929552375499,196574.0,25.0
515,3372.0,29.0,0.9746617889290584,194527.0,25.0
516,3256.0,22.0,0.9838296933831752,194534.0,25.0
517,3217.0,34.0,0.9804962026633367,196590.0,25.0
518,3393.0,9.0,0.981282413812239,194543.0,25.0
519,3398.0,47.0,0.9758352260814955,196592.0,25.0
520,3409.0,25.0,0.9551517030914912,196595.0,25.0
521,3426.0,28.0,0.9769401743824115,196596.0,25.0
522,3388.0,57.0,0.9879931517365793,196600.0,25.0
523,3200.0,20.0,0.983271219140957,194553.0,25.0
524,3327.0,23.0,0.9634799482948013,196601.0,25.0
525,3090.0,0.0,0.9860182945665001,196603.0,25.0
526,3316.0,10.0,0.9719521348656014,194558.0,25.0
527,3378.0,24.0,0.986141325429906,196606.0,25.0
528,3232.0,52.0,0.9656874623367111,196607.0,25.0
529,3241.0,20.0,0.9836054096774791,196608.0,25.0
530,3271.0,58.0,0.96418368210802,196611.0,25.0
531,3385.0,25.0,0.9789116220652203,194565.0,25.0
532,3242.0,20.0,0.9532299739199614,196614.0,25.0
533,3358.0,27.0,0.9813608540610853,196616.0,25.0
534,3284.0,13.0,0.9880636506925189,196619.0,25.0
535,3403.0,29.0,0.956678769556407,196620.0,25.0
536,3227.0,14.0,0.9945109400345068,196623.0,25.0
537,3342.0,54.0,0.9679771028848666,196626.0,25.0
538,3271.0,53.0,0.9524170919927581,194579.0,25.0
539,3269.0,43.0,0.970202973270586,194580.0,25.0
540,3328.0,23.0,0.9545331443776295,196628.0,25.0
541,3229.0,8.0,0.9823198330310159,194586.0,25.0
542,3425.0,9.0,0.9683442363750643,196637.0,25.0
543,3345.0,5.0,0.9829329624147494,196649.0,25.0
544,3245.0,19.0,0.9835227454393323,196652.0,25.0
545,3346.0,5.0,0.9838861185344696,196653.0,25.0
546,3395.0,9.0,0.9978693565333892,194606.0,25.0
547,3390.0,57.0,0.9651520086694471,196654.0,25.0
548,3275.0,32.0,0.9601060301381112,196657.0,25.0
549,3081.0,2.0,1.0,194611.0,25.0
550,3411.0,25.0,0.973025353853223,196666.0,25.0
551,3408.0,30.0,0.9783073692487124,196678.0,25.0
552,3202.0,14.0,0.972236274006217,194633.0,25.0
553,3374.0,29.0,0.9916019661175999,194635.0,25.0
554,3224.0,44.0,0.9813228980052814,194637.0,25.0
555,3375.0,29.0,0.9560194950746558,194638.0,25.0
556,3286.0,13.0,0.9884714714747979,196685.0,25.0
557,3297.0,22.0,0.9642308593581432,196689.0,25.0
558,3015.0,56.0,0.9627346687291626,194643.0,25.0
559,3410.0,30.0,1.0,196692.0,25.0
560,3405.0,29.0,0.9504472450732455,196696.0,25.0
561,3248.0,19.0,1.0,196699.0,25.0
562,3333.0,39.0,0.9920709741173586,194653.0,25.0
563,3361.0,27.0,0.9521448080952903,196701.0,25.0
564,3336.0,26.0,0.9891952229957515,194656.0,25.0
565,3370.0,3.0,0.9901527118599196,196709.0,25.0
566,3396.0,28.0,0.9663511123570956,194665.0,25.0
567,3045.0,55.0,0.9681069677141216,194666.0,25.0
568,3384.0,50.0,0.9568302461322329,196713.0,25.0
569,3422.0,31.0,0.9650377463830867,194668.0,25.0
570,3132.0,2.0,0.9654572163372003,196714.0,25.0
571,3011.0,33.0,0.9654659900469538,194670.0,25.0
572,3133.0,2.0,0.9812488115007407,196716.0,25.0
573,3453.0,31.0,0.9665920685941572,196720.0,25.0
574,3319.0,21.0,0.9565842877364952,194673.0,25.0
575,3275.0,58.0,0.9790998158215777,196721.0,25.0
576,3012.0,33.0,0.9590552640339223,194675.0,25.0
577,3358.0,6.0,0.988785406601031,196723.0,25.0
578,3113.0,1.0,0.9624635778268693,194677.0,25.0
579,3414.0,25.0,0.9609265253605088,196724.0,25.0
580,3359.0,6.0,0.9667313532198599,196725.0,25.0
581,3276.0,58.0,0.9934318309714735,196727.0,25.0
582,3064.0,56.0,0.9854562357267874,196731.0,25.0
583,3338.0,50.0,0.980722938367938,194684.0,25.0
584,3399.0,47.0,0.9825989409266495,196732.0,25.0
585,3381.0,24.0,0.9511980425228043,196733.0,25.0
586,3249.0,19.0,0.9722673537817593,196734.0,25.0
587,3245.0,20.0,0.9737812958939337,196737.0,25.0
588,3363.0,47.0,0.9778554750843964,194693.0,25.0
589,3362.0,30.0,0.9690853536850992,194694.0,25.0
590,3299.0,22.0,0.9500898455371273,196746.0,25.0
591,3277.0,58.0,0.9815501532632749,196747.0,25.0
592,3117.0,1.0,0.9792579922959185,194711.0,25.0
593,3336.0,11.0,0.9584958582225973,194712.0,25.0
594,3336.0,23.0,0.9773113997533744,196759.0,25.0
595,3307.0,5.0,0.9881202159513309,194714.0,25.0
596,3203.0,20.0,0.9813264333356064,194715.0,25.0
597,3222.0,35.0,0.9789922722313241,194716.0,25.0
598,3387.0,50.0,0.9770023097714633,196761.0,25.0
599,3281.0,18.0,0.9815882838649447,196762.0,25.0
600,3290.0,13.0,0.9975415736385559,196767.0,25.0
601,3362.0,6.0,0.9944486419397753,196769.0,25.0
602,3375.0,26.0,0.9671092960354114,196771.0,25.0
603,3277.0,53.0,0.9723594655327293,194731.0,25.0
604,3394.0,57.0,0.9797506339674557,196779.0,25.0
605,3255.0,41.0,0.982440008093785,196782.0,25.0
606,3373.0,3.0,0.9840201526861156,196783.0,25.0
607,3348.0,5.0,0.9705075628327161,196787.0,25.0
608,3250.0,19.0,0.9756556147789477,196790.0,25.0
609,3309.0,6.0,0.9908358912243272,194748.0,25.0
610,3338.0,23.0,1.0,196796.0,25.0
611,3239.0,46.0,0.9556823635043066,194751.0,25.0
612,3350.0,5.0,0.9692244651456856,196799.0,25.0
613,3419.0,25.0,0.9619076350916972,196802.0,25.0
614,3311.0,53.0,0.9766977616206478,196804.0,25.0
615,3293.0,13.0,0.9567082059945478,196808.0,25.0
616,3374.0,3.0,0.951490373647947,196813.0,25.0
617,3340.0,23.0,0.9860562033457146,196814.0,25.0
618,3212.0,19.0,0.9805059798429399,194769.0,25.0
619,3231.0,8.0,0.9893610521630203,194772.0,25.0
620,3362.0,27.0,0.9776727445352247,196821.0,25.0
621,3436.0,48.0,0.9572642933527573,196825.0,25.0
622,3295.0,13.0,0.9673733492426954,196828.0,25.0
623,3389.0,50.0,0.9676724017805822,196829.0,25.0
624,3220.0,34.0,0.9951676675754065,196837.0,25.0
625,3390.0,50.0,0.9595467566535444,196838.0,25.0
626,3424.0,25.0,0.9789860535075664,196840.0,25.0
627,3374.0,11.0,0.9786389624322956,196841.0,25.0
628,3399.0,28.0,1.0,194794.0,25.0
629,3352.0,49.0,0.974786185677549,196842.0,25.0
630,3412.0,30.0,0.9778772464152206,196843.0,25.0
631,3207.0,41.0,0.9845125058004666,194797.0,25.0
632,3370.0,10.0,0.9506341299332588,196848.0,25.0
633,3364.0,6.0,0.9942997141745307,196852.0,25.0
634,3249.0,20.0,0.9556136275560407,196854.0,25.0
635,3224.0,35.0,1.0,194807.0,25.0
636,3342.0,23.0,0.9842563653025108,196858.0,25.0
637,3400.0,9.0,0.9809537867832347,194812.0,25.0
638,3280.0,58.0,0.9708738302754637,196860.0,25.0
639,3099.0,38.0,0.9767040469527835,196867.0,25.0
640,3299.0,12.0,0.9671682707944872,196876.0,25.0
641,3300.0,12.0,0.9729651470778206,196889.0,25.0
642,3321.0,3.0,0.9859140242358563,194844.0,25.0
643,3099.0,0.0,0.9906429093395023,196893.0,25.0
644,3283.0,58.0,0.9810906974360447,196897.0,25.0
645,3395.0,50.0,0.9579446206693489,196898.0,25.0
646,3253.0,19.0,0.9792312266128969,196901.0,25.0
647,3099.0,37.0,0.9547913450975758,194858.0,25.0
648,3415.0,30.0,0.9672402834353624,196907.0,25.0
649,3089.0,2.0,0.962754030246332,194860.0,25.0
650,3254.0,19.0,0.9860070833406306,196911.0,25.0
651,3427.0,25.0,0.9559607726730245,196915.0,25.0
652,3181.0,51.0,0.962694026070375,194874.0,25.0
653,3397.0,50.0,0.974622074944229,196924.0,25.0
654,3205.0,52.0,0.957419483343834,194877.0,25.0
655,3301.0,22.0,0.9818075037948603,196933.0,25.0
656,3124.0,37.0,0.9775298494186251,196935.0,25.0
657,3125.0,1.0,0.9785748867177926,194891.0,25.0
658,3242.0,13.0,0.9724653954695845,194894.0,25.0
659,3429.0,9.0,0.9597851636652484,196944.0,25.0
660,3313.0,5.0,0.982731989637473,194905.0,25.0
661,3435.0,25.0,0.9678063702617419,196954.0,25.0
662,3399.0,48.0,0.9651291467958432,194907.0,25.0
663,3314.0,5.0,0.9839222606698925,194910.0,25.0
664,3092.0,2.0,0.9911992844737137,194911.0,25.0
665,3264.0,12.0,0.9755575099785659,194913.0,25.0
666,3383.0,24.0,0.9543836159875217,196965.0,25.0
667,3368.0,47.0,0.9699668543129744,194917.0,25.0
668,3313.0,54.0,0.9690915431728827,194919.0,25.0
669,3355.0,5.0,0.9606726340021587,196968.0,25.0
670,3256.0,19.0,0.9796478462504911,196969.0,25.0
671,3325.0,21.0,0.975787143206872,194922.0,25.0
672,3347.0,57.0,0.9556792168781233,194923.0,25.0
673,3290.0,23.0,0.9875414259564533,194924.0,25.0
674,3235.0,52.0,0.991296061677359,196973.0,25.0
675,3126.0,1.0,0.9713198055504414,194925.0,25.0
676,3197.0,45.0,0.9603825077804168,194927.0,25.0
677,3227.0,35.0,0.9826580315694815,194928.0,25.0
678,3300.0,13.0,0.9977197312829043,196977.0,25.0
679,3021.0,56.0,0.952254888961027,194930.0,25.0
680,3273.0,18.0,0.97857145504041,194932.0,25.0
681,3022.0,56.0,0.9668583469530998,194937.0,25.0
682,3278.0,32.0,0.9746041671257673,196989.0,25.0
683,3316.0,27.0,0.9544957444719878,194944.0,25.0
684,3349.0,23.0,0.9595769395285405,196994.0,25.0
685,3349.0,57.0,0.9749348214358518,194948.0,25.0
686,3206.0,14.0,0.9777562835214615,194949.0,25.0
687,3303.0,7.0,0.9790797191683666,194950.0,25.0
688,3384.0,24.0,0.9774621786367019,196996.0,25.0
689,3350.0,24.0,0.9769626721614012,194953.0,25.0
690,3261.0,20.0,0.9792568982431381,197001.0,25.0
691,3439.0,48.0,0.9834425935451625,197004.0,25.0
692,3262.0,20.0,0.9906553278719396,197005.0,25.0
693,3264.0,20.0,1.0,197007.0,25.0
694,3257.0,19.0,0.9702999819189433,197008.0,25.0
695,3369.0,6.0,0.9977442622320543,197012.0,25.0
696,3413.0,29.0,0.9829706255288652,197014.0,25.0
697,3339.0,11.0,0.9949603200950108,194969.0,25.0
698,3025.0,56.0,0.9663453457715016,194970.0,25.0
699,3198.0,45.0,1.0,194971.0,25.0
700,3297.0,42.0,0.9848402737938857,194973.0,25.0
701,3015.0,33.0,0.972523420104846,194974.0,25.0
702,3266.0,40.0,0.9552079025793612,194976.0,25.0
703,3258.0,19.0,0.9850505672312831,197026.0,25.0
704,3376.0,11.0,0.9821881279486769,197027.0,25.0
705,3385.0,24.0,0.9954130158137989,197028.0,25.0
706,3023.0,56.0,0.9880546366636289,194982.0,25.0
707,3322.0,10.0,0.9703343252763625,194983.0,25.0
708,3341.0,49.0,0.9832933229826203,194984.0,25.0
709,3443.0,25.0,0.9672056367326887,197030.0,25.0
710,3267.0,20.0,0.9857085068422472,197033.0,25.0
711,3445.0,25.0,0.9572189169009264,197035.0,25.0
712,3340.0,39.0,0.9671105108062722,194989.0,25.0
713,3199.0,45.0,0.964390010551721,194990.0,25.0
714,3377.0,11.0,0.9791348229819427,197037.0,25.0
715,3133.0,36.0,0.9949176563452641,192944.0,25.0
716,3283.0,18.0,0.9831265085952531,197040.0,25.0
717,3259.0,19.0,0.98018311157794,197041.0,25.0
718,3212.0,41.0,0.9683794052494781,194995.0,25.0
719,3315.0,5.0,0.9842040952299428,194996.0,25.0
720,2062.0,59.0,0.9862425257604476,192949.0,25.0
721,3244.0,13.0,0.9663980899388701,194997.0,25.0
722,3238.0,32.0,0.9934767415316395,194998.0,25.0
723,3315.0,54.0,0.961840426612465,195000.0,25.0
724,2064.0,59.0,0.9927985942558016,192957.0,25.0
725,3213.0,41.0,0.9746213128573106,195007.0,25.0
726,3306.0,7.0,0.9712587966638158,195009.0,25.0
727,2066.0,59.0,0.9654601266684015,192963.0,25.0
728,3093.0,2.0,0.9790981010716251,195013.0,25.0
729,3230.0,44.0,1.0,195018.0,25.0
730,3265.0,12.0,0.9678477951988919,195024.0,25.0
731,3271.0,54.0,0.9787234898721789,192977.0,25.0
732,3267.0,12.0,0.9722454860309823,195026.0,25.0
733,3135.0,36.0,0.9836636727522482,192979.0,25.0
734,3185.0,51.0,1.0,195030.0,25.0
735,3038.0,0.0,0.9903167551769751,195032.0,25.0
736,3102.0,37.0,0.9642818161332616,195035.0,25.0
737,2991.0,56.0,0.9642682016867252,192988.0,25.0
738,3031.0,38.0,0.9804876968179858,192989.0,25.0
739,3189.0,34.0,1.0,195038.0,25.0
740,2077.0,59.0,0.9815837218110343,192991.0,25.0
741,3240.0,32.0,0.9560996736969491,195041.0,25.0
742,2079.0,59.0,0.9719987611239895,192994.0,25.0
743,3234.0,40.0,0.9546485112736124,192997.0,25.0
744,3351.0,24.0,0.9527413345068655,195046.0,25.0
745,3402.0,16.0,0.9780845327166255,193000.0,25.0
746,3238.0,8.0,0.9648356017019029,195048.0,25.0
747,3158.0,45.0,0.9665165938148982,193002.0,25.0
748,3327.0,21.0,0.9647828490585101,195049.0,25.0
749,3328.0,21.0,0.975364141191382,195050.0,25.0
750,3404.0,9.0,0.9903012837782686,195052.0,25.0
751,3214.0,41.0,0.9939110238675738,195053.0,25.0
752,2083.0,59.0,0.9772272301501159,193007.0,25.0
753,3215.0,19.0,0.9855503709698841,195056.0,25.0
754,3256.0,7.0,0.9839332301926479,193011.0,25.0
755,3425.0,31.0,0.9528678448473127,195059.0,25.0
756,3202.0,45.0,0.9540311091795192,195063.0,25.0
757,2084.0,59.0,0.9722359562538407,193017.0,25.0
758,3236.0,58.0,0.9625071417308002,195067.0,25.0
759,3207.0,20.0,0.9764917040638703,195069.0,25.0
760,2085.0,59.0,0.9694016701105677,193022.0,25.0
761,2086.0,59.0,0.9812968538889165,193023.0,25.0
762,3343.0,49.0,0.9809994994323011,195072.0,25.0
763,3213.0,18.0,0.9641775571727353,193027.0,25.0
764,3350.0,57.0,0.9651231051985306,195077.0,25.0
765,3345.0,11.0,0.9757564237272186,195081.0,25.0
766,3063.0,2.0,0.9856461360984348,193035.0,25.0
767,3308.0,7.0,0.9911454892810324,195085.0,25.0
768,3248.0,43.0,0.9790898644213102,193039.0,25.0
769,3247.0,43.0,0.9707571630352654,193040.0,25.0
770,3262.0,42.0,0.985265680200833,193043.0,25.0
771,3261.0,42.0,0.9922281298915833,193044.0,25.0
772,3049.0,55.0,0.9638805264372273,195093.0,25.0
773,3058.0,38.0,0.9823010506841926,195094.0,25.0
774,3352.0,24.0,0.9771874002440245,195095.0,25.0
775,3318.0,54.0,0.9727309032655097,195096.0,25.0
776,3342.0,39.0,0.9848919315148309,195097.0,25.0
777,3347.0,50.0,0.9561313723081885,195098.0,25.0
778,3388.0,25.0,0.9736874585205952,195100.0,25.0
779,3293.0,49.0,0.9574488903112992,193053.0,25.0
780,3405.0,9.0,0.9744994348834748,195102.0,25.0
781,3321.0,27.0,0.9730666918358007,195107.0,25.0
782,3436.0,16.0,0.9744330628856359,195109.0,25.0
783,3233.0,4.0,0.9702769848046382,193062.0,25.0
784,3263.0,42.0,0.9771814515499104,193063.0,25.0
785,3032.0,38.0,0.9502948859711962,193065.0,25.0
786,3229.0,35.0,0.9810468343131908,195117.0,25.0
787,3016.0,55.0,0.9820185265675347,193078.0,25.0
788,2992.0,56.0,1.0,193079.0,25.0
789,3251.0,43.0,0.9621720238343172,193080.0,25.0
790,3242.0,32.0,0.9773040576218348,195126.0,25.0
791,3326.0,3.0,0.9588715234134185,195129.0,25.0
792,3103.0,37.0,0.9726987959610514,195134.0,25.0
793,3409.0,15.0,0.9724728458357259,195135.0,25.0
794,3266.0,22.0,0.9715421028809265,195136.0,25.0
795,3353.0,24.0,0.9761191469639282,195137.0,25.0
796,3236.0,4.0,0.9647608773380942,193095.0,25.0
797,3240.0,8.0,0.9933687256652516,195144.0,25.0
798,3319.0,54.0,1.0,195146.0,25.0
799,3315.0,6.0,0.9788646456352748,195148.0,25.0
800,3324.0,27.0,0.9805259985092079,195149.0,25.0
801,3193.0,46.0,0.958134495911927,193106.0,25.0
802,3267.0,22.0,0.996604853601916,195155.0,25.0
803,2098.0,59.0,0.979037493921252,193109.0,25.0
804,3269.0,40.0,0.9851754934736485,195157.0,25.0
805,3270.0,40.0,0.955358948122352,195159.0,25.0
806,3319.0,5.0,0.9660983010531206,195160.0,25.0
807,3351.0,57.0,0.9688698484297585,195164.0,25.0
808,3232.0,44.0,0.9603984897363202,195168.0,25.0
809,3352.0,57.0,0.962778331625555,195171.0,25.0
810,3259.0,7.0,0.9956570997664048,193131.0,25.0
811,3326.0,27.0,0.9706963669065682,195185.0,25.0
812,3233.0,44.0,0.9543935216074131,195186.0,25.0
813,3328.0,3.0,0.9523737326595008,195187.0,25.0
814,3310.0,7.0,0.9771316166995033,195188.0,25.0
815,3441.0,17.0,0.9778665159281272,193141.0,25.0
816,3208.0,52.0,0.9921537315000096,195189.0,25.0
817,2969.0,33.0,0.9816292275748311,193143.0,25.0
818,3353.0,57.0,0.9828040277506086,195192.0,25.0
819,3265.0,42.0,0.9779965449885824,193145.0,25.0
820,3243.0,8.0,0.9886025868913382,195195.0,25.0
821,3182.0,35.0,0.9797341093933146,193150.0,25.0
822,2994.0,56.0,0.9793177268601158,193151.0,25.0
823,3349.0,29.0,0.9664512364769334,193152.0,25.0
824,3311.0,7.0,0.9876954043221479,195199.0,25.0
825,3043.0,0.0,0.9655593561772551,195201.0,25.0
826,3328.0,27.0,0.9881865240383015,195204.0,25.0
827,3252.0,43.0,0.9692827117892827,193160.0,25.0
828,3345.0,39.0,0.9836384562875506,195210.0,25.0
829,3096.0,2.0,0.9714874697744265,195213.0,25.0
830,3217.0,41.0,0.9678687772059985,195215.0,25.0
831,3329.0,3.0,0.9886576219995916,195217.0,25.0
832,3253.0,43.0,0.9623807884442763,193174.0,25.0
833,3342.0,47.0,0.9853006735959644,193175.0,25.0
834,3221.0,18.0,0.9763935608489506,193176.0,25.0
835,3429.0,31.0,0.9509457036626651,195231.0,25.0
836,3219.0,19.0,0.9706610857138925,195233.0,25.0
837,3269.0,22.0,0.9833483208223563,195235.0,25.0
838,3184.0,35.0,0.9886080385737074,193190.0,25.0
839,3354.0,57.0,0.9518683188815742,195239.0,25.0
840,3347.0,26.0,0.9820808906855302,195243.0,25.0
841,3239.0,58.0,0.9812821896848448,195245.0,25.0
842,3254.0,43.0,0.9904823006928735,193198.0,25.0
843,3351.0,50.0,0.9616976046359312,195247.0,25.0
844,3431.0,31.0,0.9768660705971998,195254.0,25.0
845,3246.0,4.0,0.9671945989229263,193210.0,25.0
846,3402.0,28.0,0.9536363369322747,195258.0,25.0
847,3166.0,14.0,0.993826733715543,193212.0,25.0
848,3237.0,40.0,0.9582907325919653,193219.0,25.0
849,3297.0,39.0,0.9696242476542941,193220.0,25.0
850,3321.0,5.0,0.9692158246051545,195268.0,25.0
851,3227.0,18.0,0.9796424079277528,193222.0,25.0
852,3272.0,40.0,0.982082379900396,195269.0,25.0
853,3389.0,25.0,0.9537606385613318,195271.0,25.0
854,3333.0,21.0,0.9806020088030684,195274.0,25.0
855,3130.0,1.0,0.9872053354559932,195275.0,25.0
856,3295.0,49.0,0.9651143751353043,193228.0,25.0
857,3245.0,8.0,0.989794873874196,195276.0,25.0
858,3274.0,40.0,0.9718176871032255,195280.0,25.0
859,3268.0,42.0,0.9533085118821645,193233.0,25.0
860,3046.0,0.0,0.9782655183866726,195283.0,25.0
861,3237.0,12.0,1.0,193236.0,25.0
862,3047.0,0.0,0.9876167357058662,195284.0,25.0
863,3275.0,40.0,0.9897588424726875,195287.0,25.0
864,3191.0,51.0,0.9802762781655272,195290.0,25.0
865,3052.0,55.0,0.9830282116019609,195291.0,25.0
866,3351.0,26.0,0.9543027553744259,195293.0,25.0
867,3359.0,24.0,0.9881094332599271,195294.0,25.0
868,3248.0,13.0,0.9865904355892474,195298.0,25.0
869,3352.0,50.0,0.9836179676016994,195299.0,25.0
870,3276.0,18.0,0.9921738986072067,195300.0,25.0
871,3302.0,42.0,0.9911578326087076,195302.0,25.0
872,3292.0,23.0,0.9910925513976228,195303.0,25.0
873,3449.0,17.0,0.9543216433625102,193258.0,25.0
874,2975.0,33.0,0.9816775342752717,193259.0,25.0
875,3408.0,48.0,0.9577943299476582,195306.0,25.0
876,3312.0,7.0,0.9945099295830866,195309.0,25.0
877,3390.0,25.0,0.952461866565966,195312.0,25.0
878,3230.0,18.0,0.9675162579222358,193265.0,25.0
879,2996.0,56.0,0.9697390019813582,193266.0,25.0
880,3330.0,27.0,0.9631699824629925,195313.0,25.0
881,3347.0,39.0,0.9900411979068579,195315.0,25.0
882,3433.0,31.0,0.9674547190329713,195316.0,25.0
883,3316.0,6.0,0.9912183234799656,195317.0,25.0
884,3263.0,7.0,0.9721294555651071,193280.0,25.0
885,3169.0,14.0,0.9698388663778955,193281.0,25.0
886,3053.0,55.0,0.963070246940034,195328.0,25.0
887,3231.0,18.0,0.9768529079788562,193283.0,25.0
888,3273.0,12.0,0.9934917559403819,195329.0,25.0
889,3194.0,34.0,0.9549581349187255,195335.0,25.0
890,3376.0,47.0,0.967165132537242,195338.0,25.0
891,3034.0,38.0,0.9758650802783293,193292.0,25.0
892,3353.0,26.0,0.974195727023118,195346.0,25.0
893,3201.0,46.0,0.9800616923358697,193301.0,25.0
894,3220.0,19.0,0.9774583598660288,195349.0,25.0
895,3357.0,57.0,0.9705234471708633,195351.0,25.0
896,3403.0,28.0,0.9841799644747358,195353.0,25.0
897,3303.0,42.0,0.9714732310031131,195357.0,25.0
898,3054.0,55.0,0.9824575234699664,195359.0,25.0
899,3248.0,8.0,0.975276860844691,195363.0,25.0
900,2103.0,59.0,0.9816302749186149,193318.0,25.0
901,3358.0,57.0,0.9512433725552933,195366.0,25.0
902,3158.0,34.0,0.9764542870936737,193322.0,25.0
903,3249.0,32.0,0.9552362919813766,195370.0,25.0
904,3159.0,34.0,0.9744424617739499,193324.0,25.0
905,3370.0,30.0,0.9852024496740456,195374.0,25.0
906,3063.0,38.0,0.9633542039625331,195385.0,25.0
907,3285.0,5.0,0.9818860947002207,193338.0,25.0
908,3245.0,46.0,1.0,195388.0,25.0
909,3220.0,41.0,0.9886414928562455,195390.0,25.0
910,3152.0,36.0,0.9843887489722812,193343.0,25.0
911,3331.0,3.0,0.9732345241738917,195391.0,25.0
912,3349.0,39.0,0.9516433570613629,195392.0,25.0
913,3435.0,31.0,0.9560540256230465,195393.0,25.0
914,3210.0,45.0,0.9785856432683677,195396.0,25.0
915,3290.0,53.0,0.9765651045105996,195398.0,25.0
916,3235.0,18.0,0.97667761547464,193352.0,25.0
917,3372.0,30.0,0.9797294894539232,195400.0,25.0
918,3252.0,4.0,0.9653691577232448,193356.0,25.0
919,3222.0,19.0,0.9866734387319724,195404.0,25.0
920,3254.0,4.0,0.95132532596741,193359.0,25.0
921,3192.0,51.0,0.9764928381683541,195409.0,25.0
922,3275.0,12.0,0.9862379470373569,195411.0,25.0
923,3251.0,32.0,1.0,195412.0,25.0
924,3193.0,51.0,0.9827558503399952,195414.0,25.0
925,3383.0,29.0,0.976968861639119,195416.0,25.0
926,3326.0,54.0,1.0,195419.0,25.0
927,3359.0,57.0,0.9684883183221978,195420.0,25.0
928,3018.0,55.0,0.9833665121777755,193373.0,25.0
929,3272.0,42.0,0.9927830103948272,193374.0,25.0
930,3107.0,37.0,0.9929567229483084,195421.0,25.0
931,3247.0,46.0,0.9663487502519359,195422.0,25.0
932,3176.0,14.0,0.9761072886828667,193377.0,25.0
933,3177.0,14.0,0.9921835693686196,193378.0,25.0
934,3334.0,27.0,0.978037117298223,195424.0,25.0
935,2998.0,56.0,0.9799958563210779,193380.0,25.0
936,3360.0,57.0,0.989818729568281,195428.0,25.0
937,3108.0,37.0,0.9836348422487575,195430.0,25.0
938,3155.0,36.0,0.973009105772703,193383.0,25.0
939,3238.0,40.0,0.9893463810212352,193389.0,25.0
940,3324.0,5.0,0.9803460216622274,195439.0,25.0
941,3257.0,43.0,0.9771506241593437,193392.0,25.0
942,3211.0,45.0,0.9752676776245547,195440.0,25.0
943,3300.0,49.0,0.9803111768492053,193394.0,25.0
944,3033.0,56.0,0.9658234706851584,195447.0,25.0
945,3370.0,28.0,0.9798441239980137,193400.0,25.0
946,3277.0,40.0,0.9909454125538095,195448.0,25.0
947,3314.0,7.0,0.9760991929759933,195449.0,25.0
948,3378.0,47.0,0.9707745605841952,195452.0,25.0
949,3156.0,36.0,0.985750638692822,193408.0,25.0
950,3322.0,6.0,0.9879549065647905,195456.0,25.0
951,3065.0,38.0,0.9769878009946386,195457.0,25.0
952,3241.0,58.0,0.9932305491538894,195459.0,25.0
953,3314.0,26.0,0.966752439373686,193413.0,25.0
954,3374.0,30.0,0.9590293621943342,195461.0,25.0
955,3251.0,8.0,0.962881735942613,195463.0,25.0
956,3168.0,45.0,1.0,193417.0,25.0
957,3335.0,21.0,0.9923627351623414,195465.0,25.0
958,3323.0,6.0,0.9778969809383636,195466.0,25.0
959,3099.0,2.0,0.9847998321855495,195468.0,25.0
960,3195.0,51.0,0.9552540554848693,195469.0,25.0
961,3257.0,4.0,0.9616972842227691,193425.0,25.0
962,3276.0,22.0,0.9722457764597578,195473.0,25.0
963,3251.0,13.0,0.9657142385652409,195476.0,25.0
964,3249.0,46.0,0.995408045933754,195478.0,25.0
965,3109.0,37.0,0.9757885395456474,195485.0,25.0
966,3158.0,36.0,0.9758581111462871,193441.0,25.0
967,3221.0,41.0,0.9644992848694987,195490.0,25.0
968,3192.0,19.0,0.9760002313256047,193450.0,25.0
969,3355.0,50.0,0.9768362203244144,195502.0,25.0
970,3327.0,54.0,0.9831001269075587,195505.0,25.0
971,3363.0,57.0,0.995822930939372,195506.0,25.0
972,3437.0,31.0,0.9605997661815432,195512.0,25.0
973,3356.0,50.0,0.9722598939960644,195515.0,25.0
974,3212.0,45.0,0.9742637320449058,195517.0,25.0
975,3371.0,9.0,0.9885593486344699,193470.0,25.0
976,3364.0,24.0,0.9775040407932702,195519.0,25.0
977,3223.0,41.0,1.0,195522.0,25.0
978,3210.0,32.0,0.9796695002123614,193475.0,25.0
979,3161.0,34.0,0.9739561168380718,193476.0,25.0
980,3292.0,53.0,0.9955255016264304,195524.0,25.0
981,3380.0,48.0,1.0,193478.0,25.0
982,3234.0,44.0,0.9735193738571376,195526.0,25.0
983,3242.0,58.0,0.971708940156082,195527.0,25.0
984,3337.0,27.0,0.9584598004146981,195530.0,25.0
985,3279.0,40.0,0.9827563775079502,195531.0,25.0
986,3162.0,34.0,0.9596215602615484,193484.0,25.0
987,3213.0,20.0,0.974569927707303,195537.0,25.0
988,3336.0,3.0,0.9749301866806925,195539.0,25.0
989,3051.0,0.0,0.9756324475258257,195542.0,25.0
990,3225.0,19.0,0.9851293539111404,195544.0,25.0
991,3226.0,41.0,0.9886206456270522,195551.0,25.0
992,3280.0,22.0,0.9861243576892312,195554.0,25.0
993,3336.0,21.0,0.9814319425091032,195557.0,25.0
994,3337.0,3.0,0.9601744980069449,195558.0,25.0
995,3227.0,41.0,0.9925079327372733,195559.0,25.0
996,3211.0,32.0,1.0,193512.0,25.0
997,3240.0,40.0,0.9814230507997425,193513.0,25.0
998,3380.0,47.0,0.9744082213809099,195562.0,25.0
999,3293.0,53.0,0.9914881783418362,195568.0,25.0
1000,3293.0,21.0,0.9853927412303303,193522.0,25.0
1001,3146.0,51.0,0.9646497837752162,193524.0,25.0
1002,3329.0,10.0,0.9783436561766616,195572.0,25.0
1003,3315.0,7.0,0.9884844812559493,195575.0,25.0
1004,3328.0,6.0,0.9800096285327512,195576.0,25.0
1005,3354.0,29.0,0.9701041863370354,193529.0,25.0
1006,3307.0,49.0,0.9760474358942278,193530.0,25.0
1007,3330.0,10.0,0.9915117053287015,195581.0,25.0
1008,3147.0,51.0,0.9760238858947948,193534.0,25.0
1009,3056.0,55.0,0.9822430239134756,195582.0,25.0
1010,3055.0,55.0,0.9771008517085623,195583.0,25.0
1011,3021.0,33.0,0.9660316954466681,195588.0,25.0
1012,3082.0,1.0,1.0,193541.0,25.0
1013,3022.0,33.0,0.9796073973596492,195590.0,25.0
1014,3382.0,47.0,0.9765013152960552,195591.0,25.0
1015,2999.0,56.0,0.9515461741723933,193544.0,25.0
1016,3023.0,55.0,0.9669654315511141,193545.0,25.0
1017,3317.0,11.0,0.9727053693479026,193546.0,25.0
1018,3215.0,45.0,0.9658036248823374,195595.0,25.0
1019,3303.0,27.0,0.9826047242199509,193550.0,25.0
1020,3351.0,11.0,0.993160817151251,195600.0,25.0
1021,3265.0,7.0,0.9945484377730509,193553.0,25.0
1022,3378.0,30.0,0.9672625155209235,195601.0,25.0
1023,3025.0,55.0,0.9689670857922731,193556.0,25.0
1024,3024.0,33.0,0.9914031262573619,195606.0,25.0
1025,3413.0,9.0,0.994424797831957,195608.0,25.0
1026,3411.0,28.0,0.9568982405914462,195611.0,25.0
1027,3249.0,53.0,1.0,193565.0,25.0
1028,3254.0,13.0,0.9574011257174095,195613.0,25.0
1029,3281.0,22.0,0.9745522275581958,195614.0,25.0
1030,3110.0,37.0,0.9689509886516223,195615.0,25.0
1031,3226.0,19.0,0.9585380744395955,195625.0,25.0
1032,3052.0,0.0,0.980686453942835,195626.0,25.0
1033,3083.0,1.0,0.95058449734534,193580.0,25.0
1034,3254.0,32.0,0.9639296751407425,195631.0,25.0
1035,3316.0,7.0,0.9741364209062944,195637.0,25.0
1036,3305.0,39.0,1.0,193591.0,25.0
1037,3376.0,9.0,0.9959571718447858,193592.0,25.0
1038,3352.0,39.0,0.986795489168713,195639.0,25.0
1039,3217.0,45.0,0.9958065154024067,195641.0,25.0
1040,3102.0,2.0,0.9811665853762279,195642.0,25.0
1041,3281.0,40.0,0.9829237690075527,195644.0,25.0
1042,3053.0,0.0,0.9755067597930772,195650.0,25.0
1043,3263.0,4.0,0.9602408157262305,193603.0,25.0
1044,3104.0,2.0,0.971850265703054,195652.0,25.0
1045,3054.0,0.0,0.9560411777037906,195653.0,25.0
1046,3308.0,39.0,0.9859642295739408,193609.0,25.0
1047,3353.0,39.0,0.9801472670877551,195665.0,25.0
1048,3358.0,50.0,0.9501919350697462,195667.0,25.0
1049,3255.0,32.0,0.955486710875603,195670.0,25.0
1050,3088.0,1.0,0.9788479328530582,193625.0,25.0
1051,3322.0,24.0,0.9762543832014691,193628.0,25.0
1052,3338.0,27.0,0.9822759365566996,195678.0,25.0
1053,3111.0,37.0,0.9766705714798385,195680.0,25.0
1054,3339.0,27.0,0.9738185165028328,195682.0,25.0
1055,3112.0,37.0,0.98154243555114,195686.0,25.0
1056,3377.0,9.0,0.9726106576962343,193641.0,25.0
1057,3284.0,40.0,0.9809560406298476,195689.0,25.0
1058,3233.0,35.0,0.9731344704288534,195695.0,25.0
1059,3294.0,53.0,0.9866323096017373,195701.0,25.0
1060,3107.0,2.0,0.9699926414249082,195706.0,25.0
1061,3243.0,40.0,0.962915877487352,193659.0,25.0
1062,3378.0,9.0,0.981929850233592,193661.0,25.0
1063,3278.0,42.0,1.0,193664.0,25.0
1064,3230.0,41.0,0.9642880448205677,195714.0,25.0
1065,3286.0,43.0,0.9791179199720033,195715.0,25.0
1066,3215.0,52.0,0.9596222770399488,195718.0,25.0
1067,3298.0,23.0,0.9888000613629387,195721.0,25.0
1068,3278.0,23.0,0.9669875702909773,193675.0,25.0
1069,3113.0,37.0,0.9817545921294469,195723.0,25.0
1070,3331.0,54.0,0.9543053837971602,195724.0,25.0
1071,3177.0,52.0,0.976340474330046,193679.0,25.0
1072,3216.0,52.0,0.960375936076499,195731.0,25.0
1073,3114.0,37.0,0.9788355008798368,195733.0,25.0
1074,3299.0,23.0,0.9825668423262066,195738.0,25.0
1075,3329.0,6.0,0.9833240820989748,195742.0,25.0
1076,3256.0,8.0,0.9897576515502351,195744.0,25.0
1077,3379.0,30.0,0.981400756479769,195746.0,25.0
1078,3265.0,4.0,0.956313413531604,193703.0,25.0
1079,3356.0,26.0,0.9805419519422885,195752.0,25.0
1080,3111.0,2.0,0.986092147806533,195754.0,25.0
1081,3285.0,22.0,0.9815328608786192,195755.0,25.0
1082,3338.0,3.0,0.9796683748157501,195759.0,25.0
1083,3217.0,20.0,0.9640619040437937,195761.0,25.0
1084,3340.0,21.0,0.9787930434213855,195763.0,25.0
1085,3341.0,21.0,0.9603903023200672,195768.0,25.0
1086,3257.0,13.0,0.9626148352236559,195771.0,25.0
1087,3320.0,11.0,0.9798430447174767,193724.0,25.0
1088,3058.0,0.0,0.9871603879067536,195772.0,25.0
1089,3257.0,8.0,0.9838891567260786,195773.0,25.0
1090,3059.0,0.0,0.9902995716712493,195774.0,25.0
1091,3314.0,39.0,0.9808798892766414,193730.0,25.0
1092,3349.0,49.0,0.9719948196441556,195780.0,25.0
1093,3368.0,24.0,1.0,195791.0,25.0
1094,3331.0,6.0,0.9638360805179852,195796.0,25.0
1095,3040.0,56.0,0.983220544146315,195798.0,25.0
1096,3242.0,12.0,0.9807105704599983,193751.0,25.0
1097,3342.0,21.0,0.9875337388278038,195800.0,25.0
1098,3317.0,49.0,0.980913397471393,193753.0,25.0
1099,3196.0,51.0,0.991466077173548,195801.0,25.0
1100,3167.0,34.0,0.9583364963550302,193755.0,25.0
1101,3382.0,48.0,0.9828167505034302,193756.0,25.0
1102,3038.0,38.0,0.9861309735600958,193758.0,25.0
1103,3001.0,56.0,1.0,193759.0,25.0
1104,3355.0,29.0,0.9632422260387729,193760.0,25.0
1105,3395.0,25.0,0.9777290855412629,195806.0,25.0
1106,3234.0,41.0,0.9629742016263945,195809.0,25.0
1107,3243.0,12.0,0.979659209361429,193763.0,25.0
1108,3235.0,35.0,0.9510539619758963,195811.0,25.0
1109,3204.0,35.0,1.0,193765.0,25.0
1110,3258.0,13.0,0.9691698526174949,195813.0,25.0
1111,3295.0,53.0,0.9732454884804995,195814.0,25.0
1112,3343.0,21.0,0.9792338856616193,195816.0,25.0
1113,3319.0,7.0,0.9903129187687815,195817.0,25.0
1114,3259.0,13.0,1.0,195818.0,25.0
1115,2989.0,33.0,0.953110259531071,193771.0,25.0
1116,3242.0,22.0,0.9851365083221166,193772.0,25.0
1117,3220.0,8.0,0.9826448962733243,193777.0,25.0
1118,3258.0,32.0,0.9506609806983832,195826.0,25.0
1119,3390.0,29.0,0.9530876188118129,195827.0,25.0
1120,3302.0,23.0,0.9916620340858987,195830.0,25.0
1121,3315.0,39.0,0.9799444861321243,193783.0,25.0
1122,3216.0,32.0,0.9857686106495029,193784.0,25.0
1123,3370.0,24.0,0.9778399306649336,195831.0,25.0
1124,3115.0,37.0,0.9832659654433521,195839.0,25.0
1125,3344.0,21.0,0.9773521902388248,195842.0,25.0
1126,3258.0,8.0,0.9666691542466834,195843.0,25.0
1127,3318.0,49.0,0.985535018507216,193796.0,25.0
1128,3259.0,8.0,0.9884732519315084,195844.0,25.0
1129,3073.0,38.0,1.0,195847.0,25.0
1130,3215.0,46.0,0.9823964934604296,193803.0,25.0
1131,3269.0,4.0,0.9583239477817933,193805.0,25.0
1132,3442.0,31.0,0.9918001828250859,195854.0,25.0
1133,3334.0,6.0,0.9852901871581865,195858.0,25.0
1134,3184.0,14.0,0.9916064733025437,193811.0,25.0
1135,3414.0,15.0,0.9731377845912186,195864.0,25.0
1136,3282.0,12.0,0.9866906422651286,195865.0,25.0
1137,3422.0,48.0,0.9674469548771216,195867.0,25.0
1138,3421.0,48.0,0.977526706730747,195868.0,25.0
1139,3356.0,11.0,0.9826432993853711,195873.0,25.0
1140,3363.0,50.0,0.9907244518745547,195875.0,25.0
1141,3362.0,50.0,0.9749705352870865,195876.0,25.0
1142,3353.0,30.0,1.0,193829.0,25.0
1143,3312.0,3.0,1.0,193830.0,25.0
1144,3388.0,47.0,0.9645280808896463,195879.0,25.0
1145,3201.0,44.0,0.9823192074817645,193833.0,25.0
1146,3287.0,22.0,0.9890635541548344,195881.0,25.0
1147,3382.0,30.0,0.9605767209693005,195884.0,25.0
1148,3252.0,46.0,0.9884082481185736,195887.0,25.0
1149,3372.0,24.0,0.9621509638255027,195888.0,25.0
1150,3260.0,13.0,0.9931952740954871,195889.0,25.0
1151,3339.0,10.0,0.9874832731081375,195890.0,25.0
1152,3260.0,32.0,0.9753883632209758,195893.0,25.0
1153,3373.0,24.0,0.966870844643969,195894.0,25.0
1154,3236.0,35.0,0.961459640959818,195898.0,25.0
1155,3441.0,31.0,0.9576554366862695,195899.0,25.0
1156,3245.0,12.0,0.9909067578563004,193852.0,25.0
1157,3176.0,45.0,0.9616058872444255,193853.0,25.0
1158,3296.0,53.0,0.9877178655165592,195903.0,25.0
1159,3335.0,6.0,0.973661183563807,195904.0,25.0
1160,3326.0,5.0,0.9788336032733629,195905.0,25.0
1161,3374.0,24.0,0.966896466686396,195910.0,25.0
1162,3095.0,1.0,0.9653959995216903,193863.0,25.0
1163,3334.0,54.0,0.9828776681595753,195911.0,25.0
1164,3358.0,26.0,0.9788898038673378,195912.0,25.0
1165,3301.0,21.0,0.9853406941439318,193869.0,25.0
1166,3263.0,32.0,0.982474521435084,195919.0,25.0
1167,3216.0,46.0,0.9558538749525906,193872.0,25.0
1168,3298.0,53.0,0.96535334936951,195926.0,25.0
1169,3198.0,51.0,0.9917851841742777,195927.0,25.0
1170,3220.0,52.0,0.9810733761803324,195931.0,25.0
1171,3061.0,55.0,0.9718947034604356,195942.0,25.0
1172,3260.0,18.0,0.9728115177069341,193895.0,25.0
1173,3253.0,46.0,0.9513244823571444,195949.0,25.0
1174,3221.0,52.0,0.9881720405981483,195950.0,25.0
1175,3222.0,52.0,0.9544663785943435,195952.0,25.0
1176,3336.0,54.0,0.9604454133904741,195954.0,25.0
1177,3254.0,46.0,0.9781949994287081,195955.0,25.0
1178,3260.0,8.0,0.9935704801210568,195960.0,25.0
1179,3290.0,40.0,0.9690859541007061,195961.0,25.0
1180,3283.0,12.0,0.9882768376093269,195964.0,25.0
1181,3264.0,32.0,0.9794605886804493,195965.0,25.0
1182,3067.0,0.0,0.9722844835946927,195968.0,25.0
1183,3394.0,29.0,0.9829217561418112,195970.0,25.0
1184,3135.0,1.0,0.9751097878669379,195973.0,25.0
1185,3220.0,46.0,0.9611311472814604,193929.0,25.0
1186,3261.0,18.0,0.9751668322346324,193931.0,25.0
1187,3075.0,38.0,0.9575824677874857,195982.0,25.0
1188,3301.0,53.0,0.9909392810031779,195989.0,25.0
1189,3366.0,50.0,0.9754348409581697,195992.0,25.0
1190,3361.0,29.0,0.9589199006760675,193947.0,25.0
1191,3293.0,40.0,0.9619436309816142,196001.0,25.0
1192,3342.0,10.0,0.9627808335996831,196005.0,25.0
1193,3360.0,26.0,0.9658753815307839,196007.0,25.0
1194,3361.0,26.0,0.9757589782449126,196010.0,25.0
1195,3345.0,3.0,0.9922173298548065,196014.0,25.0
1196,3357.0,11.0,0.9733055829015901,196015.0,25.0
1197,3339.0,54.0,0.9862848791327596,196017.0,25.0
1198,3239.0,41.0,0.9679055670821551,196023.0,25.0
1199,3179.0,45.0,0.9689543790699009,193979.0,25.0
1200,3283.0,42.0,0.9570730318287136,193980.0,25.0
1201,3240.0,41.0,0.9665235420477577,196028.0,25.0
1202,3362.0,26.0,0.950114743917408,196029.0,25.0
1203,3137.0,1.0,0.9765392778686711,196032.0,25.0
1204,3351.0,49.0,0.9812433290360344,196033.0,25.0
1205,3329.0,5.0,0.9717675368317933,196034.0,25.0
1206,3261.0,8.0,0.977530375125934,196035.0,25.0
1207,3078.0,38.0,0.9640993958074547,196036.0,25.0
1208,3368.0,50.0,0.9769832415518067,196039.0,25.0
1209,3175.0,36.0,0.981375785659967,193993.0,25.0
1210,3346.0,3.0,0.987752777693889,196041.0,25.0
1211,3250.0,58.0,0.967791288994873,196042.0,25.0
1212,3251.0,58.0,0.9728501443726976,196046.0,25.0
1213,3069.0,0.0,0.9741051100379484,196052.0,25.0
1214,3183.0,52.0,0.9660933762763294,194005.0,25.0
1215,3170.0,34.0,0.9546793170474563,194006.0,25.0
1216,3115.0,2.0,0.9566439786359079,196054.0,25.0
1217,3347.0,3.0,0.9659024414490133,196059.0,25.0
1218,3224.0,46.0,0.9970275450442503,194016.0,25.0
1219,3344.0,27.0,1.0,196065.0,25.0
1220,3221.0,20.0,0.9641131165286488,196067.0,25.0
1221,3207.0,44.0,0.9824800854513491,194021.0,25.0
1222,3248.0,12.0,0.9599516785151424,194023.0,25.0
1223,3290.0,43.0,0.9814983500546491,196072.0,25.0
1224,3253.0,58.0,0.9874365283046881,196073.0,25.0
1225,3250.0,40.0,1.0,194027.0,25.0
1226,3206.0,44.0,0.9732924952316465,194028.0,25.0
1227,3291.0,22.0,1.0,196077.0,25.0
1228,3327.0,24.0,0.9626551950383153,194031.0,25.0
1229,3187.0,14.0,0.9769085896583131,194032.0,25.0
1230,3225.0,52.0,0.9836332775836945,196080.0,25.0
1231,3283.0,7.0,0.9945087764655317,194037.0,25.0
1232,3283.0,23.0,0.9764148058449773,194039.0,25.0
1233,3071.0,0.0,0.9510210042636927,196088.0,25.0
1234,3348.0,3.0,0.977859733853885,196089.0,25.0
1235,3388.0,30.0,0.9753704536974922,196094.0,25.0
1236,3005.0,56.0,0.9913504534208935,194047.0,25.0
1237,3320.0,39.0,0.9627221607406443,194048.0,25.0
1238,3001.0,33.0,0.9773988051090444,194050.0,25.0
1239,3331.0,5.0,0.9863210691253389,196098.0,25.0
1240,3180.0,45.0,0.9580659246290713,194052.0,25.0
1241,3365.0,26.0,0.9829550270703707,196101.0,25.0
1242,3383.0,28.0,0.9810234353018944,194054.0,25.0
1243,3080.0,38.0,0.9807318581042977,196102.0,25.0
1244,3256.0,53.0,0.9909884488782779,194058.0,25.0
1245,3332.0,50.0,0.9882841928657408,194059.0,25.0
1246,3064.0,55.0,0.9579355806121577,196106.0,25.0
1247,3081.0,38.0,0.9741792689830978,196108.0,25.0
1248,3345.0,10.0,0.9890552490506516,196110.0,25.0
1249,3392.0,15.0,0.9720381653976344,194064.0,25.0
1250,3315.0,3.0,0.9884033846682665,194070.0,25.0
1251,3276.0,4.0,0.9663834765992574,194073.0,25.0
1252,3041.0,38.0,0.9734660731728659,194076.0,25.0
1253,3309.0,23.0,0.9784040979640656,196125.0,25.0
1254,3263.0,8.0,0.9940615530157587,196126.0,25.0
1255,3082.0,38.0,0.9807060545381543,196131.0,25.0
1256,3367.0,26.0,0.9715661625000157,196132.0,25.0
1257,3348.0,21.0,0.9629894264188222,196133.0,25.0
1258,3311.0,23.0,1.0,196144.0,25.0
1259,3199.0,51.0,0.9885512843410583,196145.0,25.0
1260,3226.0,52.0,0.9789482922140857,196147.0,25.0
1261,3425.0,48.0,0.9779718277224281,196157.0,25.0
1262,3295.0,54.0,0.9905500177619536,194110.0,25.0
1263,3233.0,19.0,0.9782322945102552,196158.0,25.0
1264,3067.0,55.0,0.9690222334343932,196160.0,25.0
1265,3185.0,52.0,1.0,194118.0,25.0
1266,3372.0,50.0,0.9737428603773173,196166.0,25.0
1267,3252.0,40.0,0.9574371119261432,194123.0,25.0
1268,3269.0,13.0,0.9910999372657734,196171.0,25.0
1269,3360.0,11.0,0.9861372789103073,196175.0,25.0
1270,3394.0,30.0,0.9948265150857297,196176.0,25.0
1271,3410.0,31.0,0.9752422554529001,194129.0,25.0
1272,3422.0,28.0,0.9798496896564335,196179.0,25.0
1273,3222.0,45.0,0.9863648079619385,196181.0,25.0
1274,3225.0,20.0,0.9767299359306947,196183.0,25.0
1275,3178.0,36.0,0.972785768990775,194137.0,25.0
1276,3267.0,32.0,0.9517387573015641,196187.0,25.0
1277,3179.0,36.0,1.0,194140.0,25.0
1278,3402.0,25.0,0.9892605608906337,196189.0,25.0
1279,3346.0,27.0,0.9619324688323725,196190.0,25.0
1280,3323.0,39.0,0.9847108605958232,194143.0,25.0
1281,3234.0,19.0,0.9896425767025907,196192.0,25.0
1282,3266.0,18.0,0.9736092732180538,194145.0,25.0
1283,3181.0,36.0,1.0,194146.0,25.0
1284,3162.0,51.0,0.9835349026759274,194147.0,25.0
1285,3255.0,58.0,0.9587681663928352,196200.0,25.0
1286,3235.0,13.0,0.9742187958196141,194154.0,25.0
1287,3292.0,22.0,0.979652508591721,196203.0,25.0
1288,3241.0,44.0,0.9619205187470189,196208.0,25.0
1289,3073.0,0.0,1.0,196212.0,25.0
1290,3078.0,37.0,0.9661244025259089,194168.0,25.0
1291,3349.0,21.0,0.9548997662585905,196217.0,25.0
1292,3351.0,10.0,0.9919095601727775,196218.0,25.0
1293,3352.0,10.0,0.9956268188436331,196220.0,25.0
1294,3293.0,22.0,0.9967250137579005,196222.0,25.0
1295,3227.0,20.0,0.9921645863437926,196224.0,25.0
1296,3361.0,11.0,0.95034644355141,196232.0,25.0
1297,3085.0,38.0,0.9554678898868505,196235.0,25.0
1298,3447.0,31.0,0.9753386048693352,196236.0,25.0
1299,3339.0,6.0,0.993560931339875,196241.0,25.0
1300,3327.0,26.0,0.9786950980984539,194195.0,25.0
1301,3256.0,58.0,0.9659141839748367,196247.0,25.0
1302,3333.0,5.0,0.989227041315835,196250.0,25.0
1303,3083.0,37.0,0.9745766827569587,194203.0,25.0
1304,3340.0,6.0,0.9821076875844659,196251.0,25.0
1305,3302.0,5.0,0.9916019896529243,194205.0,25.0
1306,3330.0,49.0,0.9552758014232363,194206.0,25.0
1307,3403.0,25.0,0.9804512033279811,196252.0,25.0
1308,3267.0,18.0,0.9798390469771261,194208.0,25.0
1309,3325.0,39.0,0.9631464954228919,194209.0,25.0
1310,3171.0,34.0,0.9507392253417631,194210.0,25.0
1311,3350.0,21.0,0.9566280587608724,196253.0,25.0
1312,3297.0,40.0,0.9652068763794732,196254.0,25.0
1313,3105.0,1.0,0.9793638398397408,194213.0,25.0
1314,3237.0,19.0,0.9721125590668009,196255.0,25.0
1315,3224.0,45.0,0.9770487524679913,196263.0,25.0
1316,3118.0,37.0,0.9792191664555839,196267.0,25.0
1317,3225.0,45.0,0.9840951568347075,196268.0,25.0
1318,3086.0,38.0,0.985401060191911,196270.0,25.0
1319,3084.0,37.0,0.9851829362216027,194229.0,25.0
1320,3106.0,1.0,1.0,194230.0,25.0
1321,3354.0,10.0,0.9907754300339972,196280.0,25.0
1322,3223.0,32.0,0.9896068737136948,194236.0,25.0
1323,3303.0,5.0,0.976177413744027,194241.0,25.0
1324,3229.0,20.0,1.0,196293.0,25.0
1325,3229.0,52.0,0.9551840160428337,196298.0,25.0
1326,3285.0,7.0,0.9957141763704513,194253.0,25.0
1327,3286.0,23.0,0.981838731165619,194255.0,25.0
1328,3419.0,16.0,0.9747313772542257,194260.0,25.0
1329,3078.0,0.0,0.9956191298894483,196311.0,25.0
1330,3316.0,23.0,0.9656706325160477,196312.0,25.0
1331,3191.0,14.0,1.0,194267.0,25.0
1332,3230.0,20.0,0.9556397995831828,196319.0,25.0
1333,3423.0,28.0,0.9577668774724903,196320.0,25.0
1334,3273.0,13.0,0.9795691725700433,196324.0,25.0
1335,3414.0,31.0,0.958780595871878,194280.0,25.0
1336,3201.0,51.0,0.9795750202726048,196328.0,25.0
1337,3250.0,22.0,0.9876043289808779,194283.0,25.0
1338,3231.0,52.0,0.9636196356473795,196331.0,25.0
1339,3259.0,58.0,0.9662494577226824,196333.0,25.0
1340,3225.0,32.0,0.9541192620759508,194286.0,25.0
1341,3319.0,23.0,0.9813444197185581,196335.0,25.0
1342,3356.0,10.0,0.9669928544166574,196342.0,25.0
1343,3266.0,43.0,0.9702887416095968,194300.0,25.0
1344,3080.0,0.0,0.955872230809443,196349.0,25.0
1345,3287.0,7.0,0.9879474939728281,194304.0,25.0
1346,3346.0,6.0,0.9623751312809209,196352.0,25.0
1347,3307.0,53.0,0.9835802921885696,196354.0,25.0
1348,3289.0,42.0,0.9630536606651627,194307.0,25.0
1349,3122.0,2.0,0.9668202611934396,196356.0,25.0
1350,3087.0,37.0,0.9618728916828533,194312.0,25.0
1351,3350.0,27.0,0.9796390504486422,196361.0,25.0
1352,3047.0,38.0,0.9752145510859119,194316.0,25.0
1353,3291.0,42.0,0.9611900978357434,194319.0,25.0
1354,3271.0,32.0,0.9596500861320602,196368.0,25.0
1355,3364.0,39.0,0.9508979536773678,196373.0,25.0
1356,3253.0,12.0,0.9817528167758057,194330.0,25.0
1357,3274.0,13.0,0.9716101853702964,196379.0,25.0
1358,3191.0,35.0,0.9756945506617126,193308.0,25.0
1359,3291.0,54.0,0.9694517263509752,193820.0,25.0
1360,3391.0,25.0,1.0,195358.0,25.0
1361,3192.0,35.0,0.9748547600821599,193313.0,25.0
1362,3213.0,8.0,0.9879039564717779,193315.0,25.0
1363,3332.0,27.0,1.0,195365.0,25.0
1364,3209.0,32.0,1.0,193319.0,25.0
1365,3270.0,42.0,0.9617446369864039,193320.0,25.0
1366,3228.0,44.0,1.0,194855.0,25.0
1367,3122.0,1.0,0.9831569938807744,194862.0,25.0
1368,3345.0,47.0,0.9763504753024987,193330.0,25.0
1369,3065.0,2.0,0.9737640676962422,193334.0,25.0
1370,3251.0,53.0,0.9586992893757048,193854.0,25.0
1371,3280.0,53.0,0.959513744616551,194835.0,25.0
1372,3219.0,32.0,0.976093051258534,193857.0,25.0
1373,3209.0,41.0,0.9816857576714371,194881.0,25.0
1374,3117.0,37.0,0.968501912731641,195908.0,25.0
1375,3321.0,49.0,0.9601127814339759,193864.0,25.0
1376,3235.0,41.0,0.9632294764806477,195914.0,25.0
1377,3327.0,11.0,0.9817889084042919,194381.0,25.0
1378,3246.0,8.0,0.971763523639366,195347.0,25.0
1379,3397.0,25.0,1.0,195920.0,25.0
1380,3328.0,11.0,0.9870354654012036,194386.0,25.0
1381,3406.0,16.0,0.9727576599938984,193363.0,25.0
1382,3310.0,6.0,0.9922708426424973,194839.0,25.0
1383,3288.0,7.0,0.9873857937668006,194389.0,25.0
1384,3243.0,13.0,0.9813146450166426,194901.0,25.0
1385,3288.0,22.0,0.9508145329161064,195924.0,25.0
1386,3382.0,25.0,0.9667503087367941,193882.0,25.0
1387,3323.0,3.0,0.9872623327282577,194908.0,25.0
1388,3375.0,10.0,0.9863392487598956,196956.0,25.0
1389,3209.0,20.0,0.9739857002536572,195350.0,25.0
1390,3276.0,7.0,0.987598367813606,193887.0,25.0
1391,3019.0,55.0,0.9812420609118401,193376.0,25.0
1392,3253.0,22.0,0.976691097336121,194399.0,25.0
1393,3356.0,39.0,0.9709608472153167,195934.0,25.0
1394,3299.0,13.0,0.9765280626207751,196964.0,25.0
1395,3384.0,9.0,0.988216685284603,193905.0,25.0
1396,3202.0,41.0,0.95710736396737,194418.0,25.0
1397,3293.0,5.0,0.9587699857524612,193911.0,25.0
1398,3347.0,47.0,1.0,193401.0,25.0
1399,3235.0,58.0,0.9641522265671748,194938.0,25.0
1400,3187.0,34.0,0.9689340783052643,194939.0,25.0
1401,3299.0,43.0,1.0,196476.0,25.0
1402,3215.0,14.0,0.9766866136081802,195455.0,25.0
1403,3369.0,9.0,0.9890559730100199,193410.0,25.0
1404,3068.0,37.0,0.9714607042954181,193922.0,25.0
1405,3039.0,38.0,0.9537850595013406,193925.0,25.0
1406,3386.0,57.0,1.0,196485.0,25.0
1407,3081.0,0.0,0.9524243235163194,196376.0,25.0
1408,3350.0,39.0,0.9692274730502242,195471.0,25.0
1409,3157.0,36.0,1.0,193428.0,25.0
1410,3392.0,28.0,0.9721252748119906,194455.0,25.0
1411,3068.0,0.0,0.994009795377047,195991.0,25.0
1412,3386.0,30.0,0.9568682302360895,195997.0,25.0
1413,3273.0,42.0,0.9680297961535227,193438.0,25.0
1414,3329.0,50.0,0.9624579071184607,193443.0,25.0
1415,3326.0,6.0,0.9971821568092525,195501.0,25.0
1416,3060.0,37.0,0.9629895698836046,193457.0,25.0
1417,3301.0,39.0,0.951778022022008,193458.0,25.0
1418,3068.0,2.0,0.9869764146452377,193459.0,25.0
1419,2061.0,59.0,0.9767827864042796,192948.0,25.0
1420,3160.0,36.0,1.0,193461.0,25.0
1421,3198.0,52.0,0.9581175032328196,194485.0,25.0
1422,3028.0,0.0,1.0,193975.0,25.0
1423,3226.0,58.0,0.9812215680607812,194486.0,25.0
1424,3242.0,46.0,0.9776394083312115,194993.0,25.0
1425,3181.0,52.0,1.0,193978.0,25.0
1426,3127.0,1.0,0.9587357157935407,194999.0,25.0
1427,2063.0,59.0,0.9749375319284082,192956.0,25.0
1428,3305.0,49.0,0.9720639615562003,193469.0,25.0
1429,3364.0,57.0,0.9651114170892295,195510.0,25.0
1430,3363.0,3.0,0.983811320618676,196536.0,25.0
1431,3142.0,51.0,0.9608803296866726,193472.0,25.0
1432,3282.0,5.0,1.0,192962.0,25.0
1433,3371.0,29.0,1.0,194499.0,25.0
1434,3274.0,18.0,0.9750880797155661,195010.0,25.0
1435,3409.0,28.0,0.9616966052053646,195523.0,25.0
1436,3305.0,54.0,0.9543416675014533,194502.0,25.0
1437,3061.0,37.0,0.9737014446326525,193479.0,25.0
1438,3198.0,14.0,0.9838380345054406,194504.0,25.0
1439,3244.0,18.0,0.9845028220101966,193481.0,25.0
1440,3376.0,30.0,0.9529595750231177,195525.0,25.0
1441,3295.0,23.0,1.0,195529.0,25.0
1442,2072.0,59.0,1.0,192973.0,25.0
1443,3395.0,31.0,0.9641877996357199,193486.0,25.0
1444,3224.0,4.0,0.9632115125784214,192975.0,25.0
1445,3387.0,9.0,0.9884770479283929,193999.0,25.0
1446,3313.0,3.0,0.975087306489543,194001.0,25.0
1447,2074.0,59.0,0.9733021875829074,192978.0,25.0
1448,3128.0,1.0,0.9785888313073567,195023.0,25.0
1449,3348.0,29.0,0.9764972897320171,192980.0,25.0
1450,2075.0,59.0,0.97438558592311,192981.0,25.0
1451,3266.0,12.0,0.9892156979307677,195025.0,25.0
1452,3246.0,43.0,0.9707359943931473,192983.0,25.0
1453,3274.0,42.0,0.968193265184142,193495.0,25.0
1454,3143.0,51.0,0.9627429178202592,193496.0,25.0
1455,3326.0,23.0,1.0,196562.0,25.0
1456,3359.0,11.0,0.9922421654767958,196063.0,25.0
1457,3327.0,10.0,0.9969211502356391,195552.0,25.0
1458,3000.0,33.0,0.9781437649519056,194022.0,25.0
1459,3257.0,12.0,0.9911642060467336,194535.0,25.0
1460,3280.0,40.0,0.9784906625597276,195560.0,25.0
1461,3393.0,48.0,0.9633690584548397,194537.0,25.0
1462,3354.0,26.0,0.9739771037052092,195561.0,25.0
1463,3201.0,45.0,0.9591742013012283,195057.0,25.0
1464,3226.0,4.0,0.9508365267715695,193013.0,25.0
1465,3039.0,0.0,0.9859239358077644,195062.0,25.0
1466,3291.0,43.0,0.9616295721361595,196086.0,25.0
1467,3136.0,36.0,0.9635481332343974,193018.0,25.0
1468,3247.0,53.0,0.9675034378292151,193532.0,25.0
1469,3229.0,4.0,0.9784613286016468,193026.0,25.0
1470,3190.0,46.0,0.9794205376831508,193028.0,25.0
1471,3408.0,16.0,1.0,193540.0,25.0
1472,3366.0,26.0,1.0,196105.0,25.0
1473,3342.0,26.0,0.9750031648286903,195082.0,25.0
1474,3318.0,21.0,0.9767092658483655,194572.0,25.0
1475,3339.0,47.0,0.965380302774603,193037.0,25.0
1476,3384.0,28.0,0.9519319384944125,194062.0,25.0
1477,3269.0,12.0,0.9917086508421059,195088.0,25.0
1478,3366.0,30.0,1.0,195089.0,25.0
1479,3224.0,58.0,0.9870863102877484,194069.0,25.0
1480,3201.0,20.0,0.9673546795511868,194581.0,25.0
1481,3456.0,17.0,1.0,193559.0,25.0
1482,3024.0,55.0,0.9866166756314879,193560.0,25.0
1483,3335.0,50.0,0.9714482673416378,194582.0,25.0
1484,3073.0,37.0,0.9646135933038855,194074.0,25.0
1485,3317.0,24.0,0.9655304382786395,193051.0,25.0
1486,3250.0,43.0,0.9738871772130119,193052.0,25.0
1487,3179.0,34.0,0.9660419882522097,194584.0,25.0
1488,3023.0,33.0,1.0,195607.0,25.0
1489,3333.0,26.0,0.9710707161579835,194591.0,25.0
1490,3159.0,14.0,0.9870602195651379,193059.0,25.0
1491,3257.0,53.0,0.9623205789557707,194084.0,25.0
1492,3308.0,54.0,0.9685246689768885,194596.0,25.0
1493,3331.0,10.0,0.9730823724590704,195619.0,25.0
1494,3208.0,44.0,0.9659599625345551,194087.0,25.0
1495,3197.0,34.0,0.973863974440206,195621.0,25.0
1496,3275.0,18.0,0.9764956107468385,195113.0,25.0
1497,3267.0,7.0,0.9822182636372613,193578.0,25.0
1498,3273.0,8.0,0.9803394050487342,196648.0,25.0
1499,3415.0,48.0,0.9830763069970203,195629.0,25.0
1500,3188.0,19.0,0.9736232769649752,193070.0,25.0
1501,3327.0,49.0,0.9747920955182529,194094.0,25.0
1502,3382.0,50.0,0.9539530345350974,196655.0,25.0
1503,3160.0,14.0,0.9883288391240147,193073.0,25.0
1504,3304.0,39.0,0.9622341910089562,193585.0,25.0
1505,3348.0,47.0,0.9735101079604749,193586.0,25.0
1506,3164.0,36.0,0.9745028706728295,193588.0,25.0
1507,3224.0,20.0,0.9695965484663004,196149.0,25.0
1508,3287.0,12.0,0.9828443746897279,196150.0,25.0
1509,3426.0,31.0,0.9724791548799919,195128.0,25.0
1510,3083.0,2.0,0.9578809643958401,194617.0,25.0
1511,3438.0,17.0,0.964448139711485,193083.0,25.0
1512,2968.0,33.0,0.978654339096864,193084.0,25.0
1513,3288.0,23.0,0.9517519414884238,194619.0,25.0
1514,3437.0,16.0,0.9719014348399759,195133.0,25.0
1515,3189.0,19.0,0.9725482685188798,193090.0,25.0
1516,3064.0,2.0,0.9535899534137275,193091.0,25.0
1517,3309.0,21.0,0.9541487660226752,194116.0,25.0
1518,3377.0,57.0,0.9749644161549434,196162.0,25.0
1519,3237.0,22.0,0.9707513218414312,193606.0,25.0
1520,3275.0,8.0,0.9930216853303501,196679.0,25.0
1521,3285.0,13.0,0.9823363860017004,196681.0,25.0
1522,3381.0,15.0,0.9546160025518389,193099.0,25.0
1523,3085.0,1.0,0.9725218986017223,193612.0,25.0
1524,3413.0,16.0,0.969141535583002,193616.0,25.0
1525,3172.0,45.0,0.9701145258650744,193617.0,25.0
1526,3299.0,27.0,0.9784288189547028,193108.0,25.0
1527,3161.0,51.0,0.9773061826621321,194132.0,25.0
1528,3016.0,56.0,0.9546815731036109,194644.0,25.0
1529,3299.0,5.0,0.9869562652494471,194139.0,25.0
1530,3239.0,4.0,1.0,193119.0,25.0
1531,3195.0,46.0,0.9654826912548939,193120.0,25.0
1532,3043.0,55.0,0.9671187192228594,194658.0,25.0
1533,3389.0,15.0,0.966440648383226,193635.0,25.0
1534,3044.0,55.0,0.9715868137631646,194659.0,25.0
1535,3072.0,1.0,0.9660093603608836,193128.0,25.0
1536,3366.0,24.0,0.9594236591111761,195688.0,25.0
1537,3207.0,45.0,0.9675476675619551,195178.0,25.0
1538,3395.0,30.0,0.9764710771987096,196201.0,25.0
1539,3242.0,4.0,0.9603819084131504,193134.0,25.0
1540,3036.0,38.0,0.9508732464116622,193648.0,25.0
1541,3283.0,5.0,0.9542419765538173,193137.0,25.0
1542,3252.0,18.0,0.9547904032072424,193652.0,25.0
1543,2993.0,56.0,0.9724934914007923,193144.0,25.0
1544,3339.0,21.0,0.9844511736207064,195710.0,25.0
1545,3279.0,42.0,0.9644407256065337,193665.0,25.0
1546,3439.0,17.0,0.9749267214647918,193156.0,25.0
1547,3323.0,10.0,0.9884386115868666,195206.0,25.0
1548,3191.0,41.0,0.9840497437299313,193671.0,25.0
1549,3337.0,6.0,0.9801182468416862,196230.0,25.0
1550,3331.0,24.0,1.0,194187.0,25.0
1551,3365.0,29.0,0.9855737607225372,194192.0,25.0
1552,3397.0,28.0,0.9601724326667064,194704.0,25.0
1553,3109.0,2.0,0.9653596854259069,195730.0,25.0
1554,3346.0,26.0,0.9651749872849794,195219.0,25.0
1555,3214.0,20.0,0.9714095370688873,195732.0,25.0
1556,3195.0,44.0,0.9735284668048932,193689.0,25.0
1557,3042.0,38.0,1.0,194201.0,25.0
1558,3246.0,13.0,0.967719685935881,195225.0,25.0
1559,3217.0,52.0,0.9772300034124056,195741.0,25.0
1560,3268.0,20.0,0.9787285935820722,197042.0,25.0
1561,3228.0,58.0,0.9750873491887464,194721.0,25.0
1562,3284.0,5.0,0.9582533887520714,193186.0,25.0
1563,3208.0,34.0,0.9776340357867694,196259.0,25.0
1564,3321.0,21.0,0.9901628626708407,194724.0,25.0
1565,3184.0,44.0,0.9702739284168935,193189.0,25.0
1566,3210.0,19.0,0.973212801412563,194727.0,25.0
1567,3244.0,40.0,0.9711359421348598,193704.0,25.0
1568,3270.0,13.0,0.9687838198705206,196265.0,25.0
1569,3222.0,18.0,0.9863915923537551,193194.0,25.0
1570,3037.0,38.0,0.9692968579497712,193706.0,25.0
1571,3229.0,46.0,0.9631145954090042,194218.0,25.0
1572,3245.0,40.0,0.9748738289226837,193711.0,25.0
1573,3231.0,46.0,0.9867966306176851,194224.0,25.0
1574,3358.0,24.0,0.959238999052022,195248.0,25.0
1575,3381.0,48.0,0.9769764001606078,193714.0,25.0
1576,3202.0,52.0,0.9670001970895081,194743.0,25.0
1577,3057.0,0.0,0.9601112124881156,195770.0,25.0
1578,3212.0,35.0,0.9885206282801564,194240.0,25.0
1579,3246.0,58.0,0.9741755096872822,195777.0,25.0
1580,3399.0,9.0,0.9893631335399555,194755.0,25.0
1581,3045.0,38.0,0.9723928727257525,194244.0,25.0
1582,3312.0,27.0,1.0,194757.0,25.0
1583,3161.0,45.0,0.9742919603690392,193223.0,25.0
1584,3420.0,25.0,0.9530284967270345,196807.0,25.0
1585,3207.0,32.0,0.9858116578153884,193225.0,25.0
1586,3198.0,20.0,0.9698793341105383,193738.0,25.0
1587,3183.0,14.0,0.9834206280119185,193740.0,25.0
1588,3296.0,49.0,0.9615367511691512,193229.0,25.0
1589,3381.0,9.0,0.9732442169006321,193742.0,25.0
1590,3224.0,32.0,0.9645130751321858,194254.0,25.0
1591,3273.0,7.0,0.9820506455619142,193748.0,25.0
1592,3147.0,36.0,0.9656015669430524,193239.0,25.0
1593,3368.0,28.0,0.9613650332809254,193245.0,25.0
1594,3344.0,6.0,0.9923878361770981,196318.0,25.0
1595,3018.0,33.0,0.9640511055536333,195295.0,25.0
1596,3179.0,51.0,0.9679296878294297,194787.0,25.0
1597,3344.0,47.0,0.9614133114408598,193252.0,25.0
1598,3401.0,15.0,1.0,194791.0,25.0
1599,3300.0,23.0,0.9654718664308868,195815.0,25.0
1600,3184.0,34.0,0.9647929046272006,194793.0,25.0
1601,3286.0,22.0,0.9680774206181357,195820.0,25.0
1602,3214.0,35.0,0.9714421639466735,194289.0,25.0
1603,3342.0,3.0,0.970346071448024,195825.0,25.0
1604,2971.0,33.0,0.9669560521956259,193267.0,25.0
1605,3445.0,17.0,0.9642986169744511,193268.0,25.0
1606,3253.0,40.0,0.9589397884986807,194292.0,25.0
1607,3440.0,31.0,0.9581375302635926,195832.0,25.0
1608,2997.0,56.0,0.9631984731717419,193274.0,25.0
1609,3401.0,31.0,0.9710580816946781,193787.0,25.0
1610,3315.0,11.0,0.9787391868872897,193276.0,25.0
1611,3327.0,57.0,0.9723536142029475,193277.0,25.0
1612,3384.0,15.0,0.9641289123712874,193278.0,25.0
1613,3290.0,54.0,0.9703937201283385,193788.0,25.0
1614,3311.0,21.0,0.9856918243331155,194301.0,25.0
1615,3213.0,19.0,0.9574826365925633,194817.0,25.0
1616,3031.0,56.0,1.0,195325.0,25.0
1617,3343.0,27.0,0.9650307800968929,195841.0,25.0
1618,3352.0,3.0,0.9875032132635316,196353.0,25.0
1619,3332.0,57.0,0.9523137671997699,193799.0,25.0
1620,3248.0,40.0,0.9790879953506493,193800.0,25.0
1621,3386.0,48.0,0.9901875731061327,194313.0,25.0
1622,3393.0,50.0,0.9724533668548329,196871.0,25.0
1623,3386.0,25.0,0.9627174045813783,194829.0,25.0
1624,3247.0,41.0,0.9813907577462391,196365.0,25.0
1625,3401.0,30.0,1.0,196366.0,25.0
1626,3298.0,39.0,0.9682543947332154,193299.0,25.0
1627,3319.0,49.0,1.0,193814.0,25.0
1628,3169.0,52.0,1.0,193303.0,25.0
1629,3277.0,23.0,0.9815655585301531,193304.0,25.0
1630,3239.0,19.0,0.9913243129137621,196377.0,25.0
1631,3352.0,29.0,0.9677843964008331,193306.0,25.0
1632,3348.0,11.0,0.9842427363336129,195355.0,25.0
1633,3005.0,33.0,0.969793767903556,194346.0,25.0
1634,3175.0,34.0,0.9501361849290517,194362.0,25.0
1635,3335.0,24.0,0.9510590870176641,194363.0,25.0
1636,3226.0,32.0,1.0,194370.0,25.0
1637,3176.0,34.0,1.0,194382.0,25.0
1638,3249.0,41.0,1.0,196432.0,25.0
1639,3234.0,46.0,1.0,194390.0,25.0
1640,3357.0,3.0,0.9704564761521821,196443.0,25.0
1641,3289.0,7.0,0.9710877661426198,194398.0,25.0
1642,3350.0,6.0,0.9804938813864391,196446.0,25.0
1643,3039.0,55.0,0.9730146104398883,194400.0,25.0
1644,3405.0,25.0,1.0,196455.0,25.0
1645,3235.0,20.0,1.0,196456.0,25.0
1646,3123.0,2.0,0.9578204695693207,196457.0,25.0
1647,3329.0,11.0,0.9734195036520048,194411.0,25.0
1648,3444.0,16.0,0.9569428872087936,196460.0,25.0
1649,3388.0,48.0,1.0,194415.0,25.0
1650,3177.0,34.0,1.0,194416.0,25.0
1651,3404.0,25.0,1.0,196372.0,25.0
1652,3406.0,25.0,1.0,196469.0,25.0
1653,3195.0,52.0,1.0,194423.0,25.0
1654,3397.0,15.0,0.9532540122050713,194427.0,25.0
1655,3451.0,31.0,0.9552368360329666,196492.0,25.0
1656,3324.0,23.0,0.9807893098443575,196495.0,25.0
1657,3368.0,29.0,1.0,194449.0,25.0
1658,3125.0,2.0,0.952060336132304,196501.0,25.0
1659,3405.0,30.0,1.0,196503.0,25.0
1660,3227.0,8.0,0.9791547541343953,194456.0,25.0
1661,3178.0,34.0,1.0,194461.0,25.0
1662,3228.0,8.0,0.982125371306529,194462.0,25.0
1663,3265.0,58.0,0.9905330218402573,196510.0,25.0
1664,3369.0,29.0,0.971834637832609,194464.0,25.0
1665,3280.0,13.0,0.9617537941305688,196514.0,25.0
1666,3337.0,24.0,0.9568686541136806,194471.0,25.0
1667,3266.0,58.0,0.9627951278523751,196519.0,25.0
1668,3425.0,28.0,1.0,196520.0,25.0
1669,3122.0,37.0,1.0,196521.0,25.0
1670,3127.0,2.0,1.0,196524.0,25.0
1671,3010.0,56.0,0.9624078810719159,194481.0,25.0
1672,3203.0,41.0,1.0,194484.0,25.0
1673,3092.0,37.0,0.9522801816699159,194487.0,25.0
1674,3093.0,37.0,1.0,194488.0,25.0
1675,3341.0,57.0,1.0,194492.0,25.0
1676,3338.0,24.0,0.9874813602443869,194494.0,25.0
1677,3170.0,51.0,1.0,194495.0,25.0
1678,3228.0,32.0,1.0,194496.0,25.0
1679,3079.0,2.0,1.0,194497.0,25.0
1680,3356.0,27.0,1.0,196548.0,25.0
1681,3256.0,12.0,0.989508195150092,194511.0,25.0
1682,3374.0,26.0,0.967028103373125,196560.0,25.0
1683,3362.0,47.0,1.0,194525.0,25.0
1684,3237.0,46.0,1.0,194538.0,25.0
1685,3112.0,1.0,0.9575708424005986,194541.0,25.0
1686,3172.0,51.0,1.0,194542.0,25.0
1687,3335.0,49.0,0.9644886841679644,194551.0,25.0
1688,3051.0,38.0,0.9776835281008841,194557.0,25.0
1689,3238.0,46.0,1.0,194559.0,25.0
1690,3208.0,19.0,1.0,194560.0,25.0
1691,3221.0,44.0,1.0,194562.0,25.0
1692,3296.0,22.0,0.9629528547745677,196613.0,25.0
1693,3317.0,21.0,0.9767359982003393,194566.0,25.0
1694,3331.0,26.0,0.9519650141532882,194570.0,25.0
1695,3357.0,6.0,0.9615588357924633,196630.0,25.0
1696,3310.0,53.0,1.0,196634.0,25.0
1697,3333.0,11.0,0.9817860476309105,194588.0,25.0
1698,3270.0,43.0,1.0,194589.0,25.0
1699,3358.0,21.0,0.9845084926042705,196636.0,25.0
1700,3365.0,39.0,1.0,196639.0,25.0
1701,3174.0,51.0,1.0,194595.0,25.0
1702,3335.0,26.0,0.9596815070300027,194609.0,25.0
1703,3290.0,4.0,1.0,194610.0,25.0
1704,3336.0,50.0,0.9710930357746443,194612.0,25.0
1705,3093.0,0.0,0.9743240597674052,196660.0,25.0
1706,3295.0,7.0,0.9660677481289881,194622.0,25.0
1707,3331.0,23.0,0.970856010979542,196671.0,25.0
1708,3259.0,22.0,0.9586001137465533,194624.0,25.0
1709,3259.0,40.0,1.0,194628.0,25.0
1710,3233.0,52.0,0.9519986294219754,196676.0,25.0
1711,3409.0,30.0,1.0,196682.0,25.0
1712,3205.0,51.0,0.9617209796799466,196704.0,25.0
1713,3097.0,38.0,1.0,196708.0,25.0
1714,3343.0,54.0,0.9687373083227853,196717.0,25.0
1715,3289.0,13.0,0.9651519864571535,196719.0,25.0
1716,3298.0,22.0,0.9556861286906241,196745.0,25.0
1717,3291.0,4.0,0.9530473957874926,194699.0,25.0
1718,3386.0,50.0,1.0,196749.0,25.0
1719,3086.0,2.0,1.0,194702.0,25.0
1720,3246.0,20.0,0.9626506399529599,196750.0,25.0
1721,3116.0,1.0,0.9545251869783391,194706.0,25.0
1722,3415.0,25.0,1.0,196755.0,25.0
1723,3309.0,27.0,1.0,194708.0,25.0
1724,3292.0,4.0,0.9619966058198417,194710.0,25.0
1725,3225.0,44.0,1.0,194723.0,25.0
1726,3427.0,16.0,0.9533745172313419,194725.0,25.0
1727,3376.0,29.0,1.0,194728.0,25.0
1728,3336.0,39.0,0.9641308348403156,194729.0,25.0
1729,3318.0,10.0,0.9912594066456368,194737.0,25.0
1730,3035.0,0.0,1.0,194738.0,25.0
1731,3211.0,19.0,0.9682106812694904,194742.0,25.0
1732,3178.0,51.0,1.0,194745.0,25.0
1733,3398.0,9.0,0.9731383748471932,194749.0,25.0
1734,3181.0,34.0,0.9605270451535203,194753.0,25.0
1735,3194.0,45.0,0.9650857790432354,194754.0,25.0
1736,3053.0,38.0,0.952751564760789,194756.0,25.0
1737,3309.0,5.0,1.0,194781.0,25.0
1738,3261.0,22.0,1.0,194785.0,25.0
1739,3233.0,58.0,0.9622549914731596,194788.0,25.0
1740,3337.0,39.0,1.0,194801.0,25.0
1741,3066.0,56.0,1.0,196851.0,25.0
1742,3119.0,1.0,0.9562364335965757,194804.0,25.0
1743,3067.0,56.0,1.0,196855.0,25.0
1744,3425.0,25.0,0.9741622940074851,196857.0,25.0
1745,3205.0,20.0,1.0,194816.0,25.0
1746,3392.0,50.0,1.0,196865.0,25.0
1747,3232.0,8.0,0.9829654445489776,194818.0,25.0
1748,3054.0,38.0,0.9516614951369372,194820.0,25.0
1749,3273.0,43.0,1.0,194827.0,25.0
1750,3225.0,35.0,1.0,194834.0,25.0
1751,3414.0,30.0,1.0,196884.0,25.0
1752,3185.0,34.0,0.9546953158730658,194837.0,25.0
1753,3263.0,12.0,0.9762985376483493,194840.0,25.0
1754,3047.0,55.0,0.9923092919482278,194841.0,25.0
1755,3252.0,20.0,1.0,196890.0,25.0
1756,3378.0,29.0,0.9675739440444661,194845.0,25.0
1757,3204.0,52.0,1.0,194847.0,25.0
1758,3343.0,23.0,1.0,196899.0,25.0
1759,3366.0,47.0,0.9514349986305285,194853.0,25.0
1760,3234.0,8.0,0.981326549445462,194854.0,25.0
1761,3319.0,10.0,0.9865873880904814,194859.0,25.0
1762,3261.0,40.0,0.9589885384921206,194865.0,25.0
1763,3424.0,31.0,1.0,194868.0,25.0
1764,3429.0,16.0,1.0,194869.0,25.0
1765,3312.0,54.0,0.9579050994700874,194878.0,25.0
1766,3241.0,46.0,1.0,194879.0,25.0
1767,3430.0,25.0,0.9585757642747244,196929.0,25.0
1768,3241.0,13.0,1.0,194884.0,25.0
1769,3398.0,50.0,1.0,196939.0,25.0
1770,3434.0,25.0,1.0,196942.0,25.0
1771,3037.0,0.0,1.0,194898.0,25.0
1772,3342.0,50.0,0.9573733134126756,194900.0,25.0
1773,3283.0,53.0,0.960565284361482,194902.0,25.0
1774,3210.0,41.0,0.9587848247883004,194903.0,25.0
1775,3289.0,23.0,1.0,194920.0,25.0
1776,3343.0,50.0,0.9627605356957643,194926.0,25.0
1777,3311.0,6.0,0.9711874316921902,194929.0,25.0
1778,3326.0,21.0,0.9937670340729429,194933.0,25.0
1779,3365.0,30.0,0.9539370542438983,194934.0,25.0
1780,3315.0,27.0,0.9573641096883757,194941.0,25.0
1781,3183.0,51.0,1.0,194945.0,25.0
1782,3401.0,16.0,0.9552418878464982,192935.0,25.0
1783,3379.0,15.0,1.0,192938.0,25.0
1784,3341.0,11.0,0.9912827505015918,195001.0,25.0
1785,3431.0,17.0,0.9582302293165814,192954.0,25.0
1786,3435.0,16.0,0.9601497169143359,195002.0,25.0
1787,3316.0,54.0,0.9512943641781167,195003.0,25.0
1788,3369.0,47.0,1.0,195004.0,25.0
1789,3200.0,45.0,1.0,195006.0,25.0
1790,2068.0,59.0,1.0,192966.0,25.0
1791,3101.0,37.0,1.0,195016.0,25.0
1792,3342.0,11.0,0.9754832483996244,195017.0,25.0
1793,2070.0,59.0,1.0,192971.0,25.0
1794,3319.0,27.0,1.0,195019.0,25.0
1795,2073.0,59.0,1.0,192976.0,25.0
1796,3403.0,9.0,0.9962400366013258,195027.0,25.0
1797,3129.0,1.0,1.0,195029.0,25.0
1798,2076.0,59.0,1.0,192982.0,25.0
1799,3402.0,48.0,0.9867732314383681,195033.0,25.0
1800,3260.0,42.0,1.0,192990.0,25.0
1801,3344.0,50.0,0.9574922309210304,195040.0,25.0
1802,3324.0,3.0,0.9548826161243861,195045.0,25.0
1803,3341.0,39.0,1.0,195047.0,25.0
1804,3403.0,16.0,1.0,193001.0,25.0
1805,3307.0,7.0,0.9842854465931854,195058.0,25.0
1806,3187.0,19.0,0.9610336346577242,193014.0,25.0
1807,3195.0,36.0,0.9599421643625876,195064.0,25.0
1808,2087.0,59.0,1.0,193025.0,25.0
1809,3346.0,50.0,1.0,195073.0,25.0
1810,3137.0,36.0,1.0,193029.0,25.0
1811,3361.0,9.0,0.9746433239147513,193030.0,25.0
1812,2088.0,59.0,0.9573814655879154,193032.0,25.0
1813,2089.0,59.0,1.0,193033.0,25.0
1814,3325.0,3.0,0.9515975928072539,195080.0,25.0
1815,3380.0,15.0,0.9611980190702587,193036.0,25.0
1816,3203.0,45.0,0.9600670217830156,195084.0,25.0
1817,3434.0,17.0,0.9590102424524711,193042.0,25.0
1818,3437.0,17.0,0.9636517230784478,193045.0,25.0
1819,3435.0,17.0,0.9582689106060196,193046.0,25.0
1820,2090.0,59.0,0.9695622978543029,193047.0,25.0
1821,3138.0,36.0,1.0,193050.0,25.0
1822,3300.0,42.0,1.0,195101.0,25.0
1823,3182.0,44.0,1.0,193055.0,25.0
1824,3208.0,20.0,0.9704679935141586,195104.0,25.0
1825,3265.0,22.0,0.950029010919399,195105.0,25.0
1826,3158.0,14.0,0.973341265687824,193058.0,25.0
1827,3239.0,8.0,0.96401438674394,195106.0,25.0
1828,2091.0,59.0,1.0,193060.0,25.0
1829,3232.0,4.0,0.9587757715181433,193061.0,25.0
1830,3270.0,12.0,0.959247696468898,195114.0,25.0
1831,3264.0,42.0,1.0,193069.0,25.0
1832,3322.0,27.0,1.0,195119.0,25.0
1833,2967.0,33.0,0.9827607008706987,193081.0,25.0
1834,3318.0,5.0,1.0,195132.0,25.0
1835,3401.0,28.0,1.0,195141.0,25.0
1836,3190.0,34.0,0.9738817499886547,195143.0,25.0
1837,3179.0,35.0,0.9696473391991994,193096.0,25.0
1838,2095.0,59.0,0.9728835618782301,193097.0,25.0
1839,3180.0,35.0,1.0,193103.0,25.0
1840,3407.0,9.0,0.9877199269065216,195153.0,25.0
1841,3190.0,51.0,1.0,195154.0,25.0
1842,3181.0,35.0,0.965071784306331,193107.0,25.0
1843,3345.0,26.0,0.9557570604839832,195156.0,25.0
1844,3187.0,41.0,0.9661519768380923,193110.0,25.0
1845,3294.0,49.0,1.0,193112.0,25.0
1846,3344.0,39.0,1.0,195165.0,25.0
1847,3325.0,27.0,1.0,195166.0,25.0
1848,3287.0,53.0,0.9537916904308248,195172.0,25.0
1849,3382.0,15.0,0.9758016731459709,193127.0,25.0
1850,3276.0,43.0,1.0,195175.0,25.0
1851,3235.0,12.0,0.967929168535811,193132.0,25.0
1852,3237.0,58.0,0.982629218778479,195182.0,25.0
1853,3207.0,52.0,1.0,195183.0,25.0
1854,3235.0,40.0,1.0,193136.0,25.0
1855,3050.0,55.0,1.0,195194.0,25.0
1856,3209.0,52.0,0.9738793685722156,195197.0,25.0
1857,3095.0,2.0,1.0,195200.0,25.0
1858,3238.0,58.0,0.9778494979529933,195203.0,25.0
1859,3218.0,18.0,0.9576337941946713,193162.0,25.0
1860,3044.0,0.0,0.9651696562561615,195212.0,25.0
1861,3364.0,9.0,1.0,193177.0,25.0
1862,3428.0,31.0,1.0,195230.0,25.0
1863,3383.0,15.0,0.9556258529482422,193183.0,25.0
1864,3266.0,42.0,1.0,193185.0,25.0
1865,3245.0,32.0,1.0,195234.0,25.0
1866,3320.0,5.0,1.0,195237.0,25.0
1867,3323.0,54.0,1.0,195238.0,25.0
1868,3190.0,19.0,0.962313822076158,193191.0,25.0
1869,3343.0,47.0,0.9514834440226153,193192.0,25.0
1870,3060.0,38.0,1.0,195241.0,25.0
1871,3332.0,21.0,0.9697249416722851,195242.0,25.0
1872,3061.0,38.0,0.988002041095213,195244.0,25.0
1873,3373.0,47.0,1.0,195249.0,25.0
1874,3236.0,40.0,0.9608634913082542,193202.0,25.0
1875,3430.0,31.0,0.9640440500095201,195250.0,25.0
1876,3270.0,22.0,1.0,195252.0,25.0
1877,3160.0,45.0,0.9903403458500502,193207.0,25.0
1878,3188.0,41.0,1.0,193209.0,25.0
1879,3330.0,3.0,1.0,195257.0,25.0
1880,3271.0,40.0,1.0,195260.0,25.0
1881,3261.0,7.0,0.9927671210858158,193213.0,25.0
1882,3140.0,51.0,1.0,193215.0,25.0
1883,3267.0,42.0,0.9678905798482835,193217.0,25.0
1884,3187.0,35.0,1.0,193221.0,25.0
1885,3324.0,54.0,0.9530775396817707,195270.0,25.0
1886,3367.0,30.0,0.9551982323954082,195273.0,25.0
1887,3255.0,43.0,1.0,193227.0,25.0
1888,3051.0,55.0,0.9647300989588229,195277.0,25.0
1889,3319.0,24.0,0.9502363849128732,193232.0,25.0
1890,3375.0,47.0,1.0,195282.0,25.0
1891,3229.0,18.0,0.9719872381829712,193237.0,25.0
1892,3238.0,12.0,0.9710681862445436,193238.0,25.0
1893,3247.0,13.0,0.9798025102831172,195288.0,25.0
1894,3297.0,49.0,1.0,193241.0,25.0
1895,3208.0,32.0,1.0,193242.0,25.0
1896,3017.0,33.0,1.0,195296.0,25.0
1897,3262.0,7.0,0.9890894760800851,193255.0,25.0
1898,3028.0,56.0,0.9651597904493909,195305.0,25.0
1899,2972.0,33.0,0.9713914986711597,193260.0,25.0
1900,2973.0,33.0,0.9815030025017081,193261.0,25.0
1901,3473.0,17.0,0.960036186624936,195310.0,25.0
1902,3474.0,17.0,1.0,195314.0,25.0
1903,3240.0,12.0,0.9799904116793069,193275.0,25.0
1904,3409.0,48.0,0.9610937134893804,195331.0,25.0
1905,3231.0,13.0,0.9502818947357788,193285.0,25.0
1906,3347.0,11.0,1.0,195337.0,25.0
1907,3269.0,42.0,1.0,193291.0,25.0
1908,3241.0,12.0,0.9783391032923454,193296.0,25.0
1909,3190.0,35.0,0.9520956790791196,193297.0,25.0
1910,3319.0,6.0,0.9846198871618017,195345.0,25.0
1911,3186.0,44.0,1.0,193307.0,25.0
1912,3148.0,36.0,1.0,193316.0,25.0
1913,3171.0,14.0,0.9846246465484307,193317.0,25.0
1914,3242.0,53.0,0.9913363535458051,193325.0,25.0
1915,3250.0,32.0,1.0,195376.0,25.0
1916,3193.0,35.0,0.9624621406920557,193332.0,25.0
1917,3328.0,57.0,1.0,193335.0,25.0
1918,3333.0,27.0,1.0,195383.0,25.0
1919,3209.0,45.0,1.0,195386.0,25.0
1920,3151.0,36.0,1.0,193339.0,25.0
1921,3251.0,4.0,0.9612433675690875,193345.0,25.0
1922,3032.0,56.0,0.953555739538461,195394.0,25.0
1923,3173.0,14.0,0.950348283449549,193350.0,25.0
1924,3187.0,44.0,1.0,193351.0,25.0
1925,3253.0,4.0,0.9701385312645303,193357.0,25.0
1926,3324.0,10.0,0.9751237624099224,195405.0,25.0
1927,3385.0,15.0,1.0,193368.0,25.0
1928,3174.0,14.0,0.9659935627193778,193369.0,25.0
1929,3436.0,31.0,1.0,195425.0,25.0
1930,2977.0,33.0,1.0,193379.0,25.0
1931,3332.0,3.0,0.9538345278159998,195427.0,25.0
1932,3406.0,28.0,0.9597249274039356,195429.0,25.0
1933,3333.0,3.0,1.0,195431.0,25.0
1934,3294.0,23.0,0.9688628121774706,195432.0,25.0
1935,3412.0,48.0,0.9841361670000986,195433.0,25.0
1936,3323.0,5.0,0.9714424125242243,195434.0,25.0
1937,3240.0,58.0,1.0,195442.0,25.0
1938,3131.0,1.0,1.0,195444.0,25.0
1939,3313.0,26.0,1.0,193398.0,25.0
1940,3346.0,47.0,1.0,193399.0,25.0
1941,3178.0,14.0,0.9565766272629198,193402.0,25.0
1942,3035.0,38.0,0.9745471808142596,193404.0,25.0
1943,3362.0,57.0,1.0,195453.0,25.0
1944,3166.0,45.0,0.9807099242214233,193407.0,25.0
1945,3191.0,19.0,1.0,193409.0,25.0
1946,3372.0,28.0,1.0,193419.0,25.0
1947,3210.0,20.0,0.9549199915126515,195467.0,25.0
1948,3407.0,28.0,1.0,195470.0,25.0
1949,3211.0,20.0,0.9529852489466303,195472.0,25.0
1950,3394.0,31.0,1.0,193426.0,25.0
1951,3050.0,0.0,1.0,195480.0,25.0
1952,3210.0,52.0,1.0,195481.0,25.0
1953,3287.0,5.0,0.9921452798587295,193434.0,25.0
1954,3325.0,10.0,0.9748768670515818,195483.0,25.0
1955,3413.0,48.0,1.0,195487.0,25.0
1956,3259.0,43.0,1.0,193440.0,25.0
1957,3326.0,10.0,0.9792805170234814,195491.0,25.0
1958,3258.0,4.0,1.0,193444.0,25.0
1959,3387.0,15.0,1.0,193445.0,25.0
1960,3278.0,22.0,0.9785214609851922,195497.0,25.0
1961,3212.0,20.0,1.0,195498.0,25.0
1962,3193.0,19.0,0.9770601398064821,193452.0,25.0
1963,3291.0,53.0,0.9675512112717853,195503.0,25.0
1964,3222.0,58.0,0.9643933121486886,193456.0,25.0
1965,3252.0,13.0,1.0,195509.0,25.0
1966,3161.0,36.0,1.0,193463.0,25.0
1967,3335.0,3.0,0.950683739923084,195513.0,25.0
1968,3132.0,1.0,0.9597141210026271,195514.0,25.0
1969,3195.0,34.0,1.0,195516.0,25.0
1970,3069.0,2.0,1.0,193474.0,25.0
1971,3388.0,15.0,0.9833483958966548,193483.0,25.0
1972,3288.0,5.0,0.9588130918240347,193485.0,25.0
1973,3253.0,13.0,0.9559574692515714,195533.0,25.0
1974,3365.0,57.0,0.9601183621243925,195534.0,25.0
1975,3162.0,36.0,1.0,193488.0,25.0
1976,3245.0,18.0,0.9551721089374667,193489.0,25.0
1977,3163.0,34.0,0.9627629049275762,193491.0,25.0
1978,3392.0,25.0,0.9752528772620365,195545.0,25.0
1979,3277.0,18.0,0.9560698259695125,195546.0,25.0
1980,3260.0,43.0,0.9609312281815193,193501.0,25.0
1981,3232.0,13.0,0.9518025585838334,193504.0,25.0
1982,3246.0,53.0,0.968723377792662,193505.0,25.0
1983,3373.0,28.0,1.0,193507.0,25.0
1984,3393.0,25.0,1.0,195556.0,25.0
1985,3021.0,55.0,0.9891004174423844,193510.0,25.0
1986,3144.0,51.0,0.9699780858288923,193511.0,25.0
1987,3253.0,8.0,0.9889196963479256,195567.0,25.0
1988,3198.0,35.0,0.9740296544775668,193520.0,25.0
1989,3214.0,45.0,1.0,195569.0,25.0
1990,3301.0,27.0,1.0,193525.0,25.0
1991,3329.0,54.0,0.9701778557823034,195574.0,25.0
1992,3475.0,17.0,0.9542111322002939,195579.0,25.0
1993,3171.0,52.0,1.0,193535.0,25.0
1994,3207.0,46.0,0.9580960071241246,193537.0,25.0
1995,3275.0,42.0,1.0,193539.0,25.0
1996,2982.0,33.0,1.0,193542.0,25.0
1997,3034.0,56.0,0.97175746432663,195594.0,25.0
1998,3320.0,24.0,1.0,193566.0,25.0
1999,3375.0,9.0,0.977492570539176,193569.0,25.0
2000,3180.0,14.0,0.9658816003353516,193571.0,25.0
2001,3412.0,16.0,0.9580591836668939,193572.0,25.0
2002,3414.0,9.0,0.9888427448414913,195622.0,25.0
2003,3277.0,12.0,0.9749155973865015,195623.0,25.0
2004,3284.0,54.0,0.9635901452212402,193576.0,25.0
2005,3241.0,40.0,1.0,193584.0,25.0
2006,3365.0,24.0,0.9600489832353132,195635.0,25.0
2007,3213.0,52.0,1.0,195636.0,25.0
2008,3261.0,4.0,0.9682753565668956,193593.0,25.0
2009,3416.0,48.0,1.0,195648.0,25.0
2010,3055.0,0.0,1.0,195656.0,25.0
2011,3414.0,28.0,0.9500379472029505,195658.0,25.0
2012,3086.0,1.0,0.9657134589289421,193620.0,25.0
2013,3214.0,52.0,0.9520744976676828,195669.0,25.0
2014,3255.0,8.0,0.9939426223508251,195675.0,25.0
2015,3133.0,1.0,1.0,195681.0,25.0
2016,3369.0,57.0,1.0,195684.0,25.0
2017,3213.0,32.0,0.9527451186783207,193638.0,25.0
2018,3289.0,5.0,0.9612206392128717,193640.0,25.0
2019,3334.0,10.0,0.9791723288809875,195690.0,25.0
2020,3241.0,22.0,0.9645597784204554,193647.0,25.0
2021,3237.0,44.0,0.9501761584124565,195696.0,25.0
2022,3134.0,1.0,0.9500490455827958,195697.0,25.0
2023,3411.0,15.0,1.0,195700.0,25.0
2024,3242.0,40.0,1.0,193656.0,25.0
2025,3269.0,7.0,0.9838884381097588,193657.0,25.0
2026,3417.0,48.0,0.9541475056883039,195704.0,25.0
2027,3214.0,32.0,1.0,193660.0,25.0
2028,3400.0,31.0,1.0,193663.0,25.0
2029,3297.0,23.0,1.0,195719.0,25.0
2030,3036.0,56.0,1.0,195720.0,25.0
2031,3379.0,9.0,0.9879082257374995,193674.0,25.0
2032,3415.0,9.0,0.9774832631419405,195725.0,25.0
2033,3311.0,49.0,1.0,193678.0,25.0
2034,3264.0,4.0,0.9694734591605103,193681.0,25.0
2035,3312.0,49.0,0.9642130067561813,193682.0,25.0
2036,3071.0,2.0,1.0,193683.0,25.0
2037,3312.0,39.0,0.9611769303780261,193685.0,25.0
2038,3192.0,41.0,0.9714345977148415,193690.0,25.0
2039,3318.0,11.0,0.9845355441515194,193692.0,25.0
2040,3354.0,11.0,0.957215082786155,195745.0,25.0
2041,3196.0,44.0,0.9500500938412588,193699.0,25.0
2042,3216.0,20.0,1.0,195750.0,25.0
2043,3279.0,23.0,0.955432001160507,193705.0,25.0
2044,3063.0,37.0,0.9740552006896165,193708.0,25.0
2045,3439.0,31.0,1.0,195758.0,25.0
2046,3367.0,24.0,0.9595592626555902,195762.0,25.0
2047,3380.0,30.0,0.9550276897107751,195766.0,25.0
2048,3339.0,3.0,1.0,195767.0,25.0
2049,3299.0,21.0,0.9733206449437606,193721.0,25.0
2050,3213.0,46.0,1.0,193722.0,25.0
2051,3311.0,3.0,0.9779540290603228,193723.0,25.0
2052,3216.0,8.0,0.9834918869551067,193725.0,25.0
2053,3300.0,21.0,0.9791001984119909,193726.0,25.0
2054,3255.0,18.0,0.9517201043390779,193727.0,25.0
2055,3233.0,41.0,1.0,195779.0,25.0
2056,3166.0,34.0,0.9655056538243963,193735.0,25.0
2057,3218.0,52.0,0.9697976699711763,195788.0,25.0
2058,3027.0,55.0,0.9914280703906637,193741.0,25.0
2059,3330.0,6.0,0.9828638215685093,195789.0,25.0
2060,3218.0,8.0,0.9727715187099023,193744.0,25.0
2061,3315.0,49.0,0.9870832282068355,193746.0,25.0
2062,3247.0,40.0,1.0,193754.0,25.0
2063,3332.0,6.0,0.9803993992168086,195802.0,25.0
2064,3220.0,45.0,0.953365887144666,195821.0,25.0
2065,3389.0,29.0,0.9552408571361996,195824.0,25.0
2066,3460.0,17.0,1.0,193781.0,25.0
2067,3355.0,39.0,0.9586601736395072,195833.0,25.0
2068,3318.0,26.0,0.972128715845784,193791.0,25.0
2069,3357.0,29.0,0.978401604110179,193797.0,25.0
2070,3062.0,0.0,0.960646809033135,195848.0,25.0
2071,3338.0,10.0,0.9707695141306489,195852.0,25.0
2072,3270.0,4.0,1.0,193807.0,25.0
2073,3065.0,37.0,1.0,193808.0,25.0
2074,3333.0,57.0,1.0,193810.0,25.0
2075,3200.0,44.0,1.0,193813.0,25.0
2076,3298.0,6.0,0.979892102574203,193815.0,25.0
2077,3217.0,32.0,1.0,193817.0,25.0
2078,3261.0,43.0,1.0,193823.0,25.0
2079,3274.0,7.0,0.9877457394217486,193825.0,25.0
2080,3185.0,14.0,0.9744594670259072,193828.0,25.0
2081,3244.0,12.0,0.9694269631285103,193834.0,25.0
2082,3153.0,51.0,0.9578515085300761,193842.0,25.0
2083,3281.0,23.0,0.9593093468489348,193848.0,25.0
2084,3177.0,45.0,1.0,193858.0,25.0
2085,3321.0,26.0,0.9605475051127609,193861.0,25.0
2086,3358.0,29.0,1.0,193865.0,25.0
2087,3066.0,37.0,1.0,193866.0,25.0
2088,3064.0,0.0,0.961559021670688,195917.0,25.0
2089,3281.0,42.0,1.0,193871.0,25.0
2090,3060.0,55.0,0.9631635040995554,195921.0,25.0
2091,3171.0,36.0,0.9584684070278983,193874.0,25.0
2092,3322.0,11.0,0.9799563094620665,193877.0,25.0
2093,3248.0,58.0,0.9766406726386202,195925.0,25.0
2094,3323.0,24.0,0.9546251925084008,193881.0,25.0
2095,3340.0,10.0,0.9798153002239023,195929.0,25.0
2096,3113.0,2.0,1.0,195930.0,25.0
2097,3305.0,23.0,0.9585446091749745,195935.0,25.0
2098,3249.0,40.0,0.9640457830331878,193890.0,25.0
2099,3384.0,30.0,1.0,195938.0,25.0
2100,3207.0,35.0,0.9808714449275664,193893.0,25.0
2101,3046.0,56.0,1.0,195944.0,25.0
2102,3277.0,7.0,0.9837970133227255,193899.0,25.0
2103,3365.0,50.0,0.9772147749009769,195951.0,25.0
2104,3278.0,18.0,1.0,195962.0,25.0
2105,3066.0,0.0,0.9605687221230307,195963.0,25.0
2106,3351.0,47.0,0.9549575456917815,193916.0,25.0
2107,3279.0,7.0,0.9921990075225108,193918.0,25.0
2108,3069.0,37.0,1.0,193923.0,25.0
2109,3341.0,10.0,0.9796476129376473,195974.0,25.0
2110,3307.0,27.0,0.9604904837285887,193930.0,25.0
2111,3246.0,12.0,0.9733766318732369,193933.0,25.0
2112,3386.0,9.0,0.9746295336845504,193934.0,25.0
2113,3282.0,42.0,0.964329754567337,193937.0,25.0
2114,3136.0,1.0,0.9527485782455583,195987.0,25.0
2115,3302.0,6.0,0.9867137431115844,193943.0,25.0
2116,3186.0,14.0,0.9664148855590086,193949.0,25.0
2117,3290.0,22.0,0.9660220414461287,195998.0,25.0
2118,3208.0,35.0,1.0,193951.0,25.0
2119,3247.0,12.0,1.0,193952.0,25.0
2120,3324.0,24.0,0.9554193181939699,193953.0,25.0
2121,3221.0,46.0,1.0,193954.0,25.0
2122,3263.0,13.0,0.9531272137628786,195999.0,25.0
2123,3262.0,43.0,0.9599478537577683,193958.0,25.0
2124,3262.0,18.0,0.9724967746187554,193960.0,25.0
2125,3380.0,28.0,1.0,193962.0,25.0
2126,3072.0,37.0,1.0,193963.0,25.0
2127,3282.0,7.0,0.9811245490516046,193964.0,25.0
2128,3420.0,28.0,1.0,196013.0,25.0
2129,3265.0,13.0,0.9744169182923733,196021.0,25.0
2130,3222.0,46.0,0.9697837512084339,193976.0,25.0
2131,3297.0,5.0,1.0,193985.0,25.0
2132,3265.0,18.0,0.9562348508615163,193997.0,25.0
2133,3176.0,36.0,1.0,193998.0,25.0
2134,3114.0,2.0,0.9533811391914717,196048.0,25.0
2135,3326.0,24.0,0.9643095817387155,194004.0,25.0
2136,3223.0,58.0,0.9540027525933792,194007.0,25.0
2137,3279.0,18.0,1.0,196055.0,25.0
2138,3263.0,43.0,1.0,194009.0,25.0
2139,3397.0,29.0,0.9699232815793906,196070.0,25.0
2140,2998.0,33.0,0.9775107329767311,194029.0,25.0
2141,3462.0,17.0,1.0,194036.0,25.0
2142,3302.0,53.0,0.9762053318648316,196097.0,25.0
2143,3400.0,25.0,0.9745639468606405,196104.0,25.0
2144,3293.0,54.0,0.9557514914609025,194065.0,25.0
2145,3306.0,21.0,0.9818699436200733,194066.0,25.0
2146,3199.0,20.0,1.0,194067.0,25.0
2147,3047.0,56.0,0.9686744238532805,196113.0,25.0
2148,3376.0,57.0,0.9530426699623331,196120.0,25.0
2149,3199.0,19.0,0.9721963961658249,194082.0,25.0
2150,3066.0,55.0,1.0,196134.0,25.0
2151,3391.0,30.0,1.0,196135.0,25.0
2152,3307.0,21.0,0.9700355718448996,194088.0,25.0
2153,3340.0,54.0,1.0,196136.0,25.0
2154,3418.0,16.0,0.9531329869149295,194090.0,25.0
2155,3304.0,53.0,0.9520510435310582,196141.0,25.0
2156,3392.0,30.0,1.0,196142.0,25.0
2157,3294.0,54.0,1.0,194096.0,25.0
2158,3189.0,14.0,0.9647431801128544,194097.0,25.0
2159,3308.0,21.0,0.9915033347496881,194099.0,25.0
2160,3312.0,23.0,1.0,196151.0,25.0
2161,3251.0,40.0,1.0,194105.0,25.0
2162,3201.0,19.0,1.0,194106.0,25.0
2163,3075.0,37.0,1.0,194107.0,25.0
2164,3030.0,55.0,0.979193870879698,194109.0,25.0
2165,3328.0,49.0,1.0,194112.0,25.0
2166,3362.0,29.0,1.0,194121.0,25.0
2167,3223.0,8.0,0.9906629707451048,194128.0,25.0
2168,3394.0,15.0,0.9737734616290402,194130.0,25.0
2169,3190.0,14.0,0.9659342678457327,194133.0,25.0
2170,3033.0,55.0,0.9541084061715068,194144.0,25.0
2171,3362.0,39.0,0.962008054645167,196194.0,25.0
2172,3197.0,41.0,0.966240734840814,194151.0,25.0
2173,3226.0,46.0,1.0,194155.0,25.0
2174,3198.0,41.0,0.9626545029081975,194156.0,25.0
2175,3363.0,39.0,1.0,196209.0,25.0
2176,3325.0,26.0,1.0,194165.0,25.0
2177,3371.0,26.0,0.954798128111036,196213.0,25.0
2178,3350.0,10.0,0.9806512005944771,196214.0,25.0
2179,3301.0,5.0,0.9546562465737983,194170.0,25.0
2180,3364.0,29.0,1.0,194180.0,25.0
2181,3221.0,32.0,1.0,194181.0,25.0
2182,3268.0,32.0,1.0,196231.0,25.0
2183,3326.0,26.0,0.9699245272291903,194189.0,25.0
2184,3337.0,57.0,0.9645191892928945,194190.0,25.0
2185,3323.0,11.0,0.9639906868730372,194191.0,25.0
2186,3338.0,6.0,0.9688657725601905,196238.0,25.0
2187,3245.0,41.0,1.0,196240.0,25.0
2188,3386.0,28.0,0.9856816757980111,194197.0,25.0
2189,3383.0,48.0,0.9642242019717414,194198.0,25.0
2190,3353.0,10.0,0.9764857775958873,196248.0,25.0
2191,3228.0,46.0,0.9525176914988541,194207.0,25.0
2192,3043.0,38.0,1.0,194214.0,25.0
2193,3257.0,58.0,0.9691241965022953,196262.0,25.0
2194,3379.0,57.0,1.0,196272.0,25.0
2195,3265.0,43.0,1.0,194225.0,25.0
2196,3324.0,11.0,0.9611997510657576,194233.0,25.0
2197,3186.0,45.0,0.9746590814311165,194234.0,25.0
2198,3448.0,31.0,1.0,196283.0,25.0
2199,3044.0,38.0,1.0,194238.0,25.0
2200,3331.0,49.0,1.0,194239.0,25.0
2201,3211.0,44.0,0.9554632861243414,194243.0,25.0
2202,3317.0,3.0,0.9652417946333821,194252.0,25.0
2203,3248.0,22.0,0.961562783997644,194256.0,25.0
2204,3332.0,49.0,1.0,194258.0,25.0
2205,3007.0,56.0,0.9653607061822215,194259.0,25.0
2206,3374.0,50.0,0.9783935165728246,196306.0,25.0
2207,3335.0,5.0,0.9610389982491219,196307.0,25.0
2208,3286.0,7.0,0.9761945699680549,194263.0,25.0
2209,3269.0,18.0,0.9524825178804428,194265.0,25.0
2210,3184.0,36.0,1.0,194266.0,25.0
2211,3343.0,6.0,0.9769803224747388,196314.0,25.0
2212,3420.0,16.0,1.0,194270.0,25.0
2213,3333.0,49.0,1.0,194275.0,25.0
2214,3326.0,39.0,0.9604561088821044,194277.0,25.0
2215,3349.0,27.0,1.0,196325.0,25.0
2216,3238.0,19.0,0.9669066291888525,196329.0,25.0
2217,3046.0,38.0,0.9723950815219004,194284.0,25.0
2218,3398.0,30.0,0.9651823692577383,196332.0,25.0
2219,3352.0,21.0,1.0,196334.0,25.0
2220,3079.0,0.0,1.0,196337.0,25.0
2221,3358.0,47.0,1.0,194290.0,25.0
2222,3056.0,56.0,0.9638155137102249,196339.0,25.0
2223,3212.0,44.0,1.0,194294.0,25.0
2224,3205.0,19.0,0.9655629025629708,194295.0,25.0
2225,3262.0,53.0,0.9562189676486464,194296.0,25.0
2226,3268.0,8.0,0.9867115266813352,196351.0,25.0
2227,3359.0,47.0,0.9545800020509845,194306.0,25.0
2228,3382.0,57.0,0.9707153545019143,196355.0,25.0
2229,3384.0,48.0,0.9507641490741712,194310.0,25.0
2230,3385.0,48.0,0.9685832532387015,194311.0,25.0
2231,3290.0,42.0,0.9505314261796086,194314.0,25.0
2232,3305.0,6.0,0.9880811869011995,194317.0,25.0
2233,3415.0,31.0,1.0,194320.0,25.0
2234,3308.0,53.0,0.9519939173328521,196371.0,25.0
2235,3006.0,33.0,1.0,194324.0,25.0
2236,3008.0,33.0,0.9501754939132695,194328.0,25.0
2237,3405.0,16.0,0.9579304320675909,193312.0,25.0
2238,3410.0,48.0,1.0,195362.0,25.0
2239,3139.0,1.0,1.0,196388.0,25.0
2240,3204.0,14.0,1.0,194856.0,25.0
2241,3347.0,6.0,0.9858241854761622,196393.0,25.0
2242,3320.0,49.0,0.9795818275870406,193832.0,25.0
2243,3202.0,44.0,1.0,193835.0,25.0
2244,3353.0,29.0,0.9778149577251272,193327.0,25.0
2245,3367.0,47.0,0.9513845228057112,194871.0,25.0
2246,3123.0,1.0,1.0,194873.0,25.0
2247,3250.0,4.0,0.9559849053840219,193337.0,25.0
2248,3322.0,3.0,0.9666878752605114,194876.0,25.0
2249,3348.0,39.0,1.0,195389.0,25.0
2250,3255.0,40.0,1.0,194368.0,25.0
2251,3218.0,20.0,0.986584723967744,195907.0,25.0
2252,3153.0,36.0,0.971216552869446,193348.0,25.0
2253,3311.0,5.0,1.0,194885.0,25.0
2254,3282.0,53.0,0.9601628861912993,194890.0,25.0
2255,3280.0,43.0,1.0,195402.0,25.0
2256,3250.0,8.0,0.9701126486408632,195413.0,25.0
2257,3405.0,28.0,1.0,195415.0,25.0
2258,3206.0,19.0,1.0,194402.0,25.0
2259,3400.0,48.0,1.0,194914.0,25.0
2260,3284.0,53.0,0.9528012548873975,194921.0,25.0
2261,3322.0,49.0,0.9612171464311909,193900.0,25.0
2262,3273.0,22.0,1.0,195438.0,25.0
2263,3322.0,26.0,0.9584398705600972,193907.0,25.0
2264,3300.0,6.0,0.9869017648112332,193909.0,25.0
2265,3220.0,20.0,1.0,195957.0,25.0
2266,3293.0,4.0,0.9571618717254633,194936.0,25.0
2267,3348.0,23.0,0.9652143404341746,196984.0,25.0
2268,3265.0,32.0,1.0,195967.0,25.0
2269,3207.0,19.0,0.9567074849555426,194436.0,25.0
2270,3439.0,16.0,1.0,195460.0,25.0
2271,3398.0,25.0,1.0,195972.0,25.0
2272,3304.0,7.0,0.9518651685869374,194951.0,25.0
2273,3378.0,50.0,1.0,196489.0,25.0
2274,3223.0,52.0,1.0,195980.0,25.0
2275,3294.0,5.0,1.0,193935.0,25.0
2276,3360.0,29.0,1.0,193940.0,25.0
2277,3338.0,54.0,0.9700670077048976,195988.0,25.0
2278,3375.0,30.0,1.0,195482.0,25.0
2279,3410.0,15.0,0.9502216240646302,195486.0,25.0
2280,3091.0,38.0,0.9855198923403626,196511.0,25.0
2281,3086.0,0.0,0.9520067821205417,196512.0,25.0
2282,3160.0,34.0,1.0,193439.0,25.0
2283,3363.0,24.0,0.961292734759764,195488.0,25.0
2284,3288.0,43.0,1.0,196012.0,25.0
2285,3264.0,13.0,0.9881034305056701,196018.0,25.0
2286,3040.0,55.0,0.9519202685946215,194483.0,25.0
2287,3352.0,47.0,1.0,193971.0,25.0
2288,3406.0,30.0,0.9637112750303921,196533.0,25.0
2289,3196.0,35.0,0.9540568452035001,193462.0,25.0
2290,3318.0,27.0,1.0,195005.0,25.0
2291,3196.0,41.0,1.0,193983.0,25.0
2292,3221.0,14.0,0.9718516005364951,196031.0,25.0
2293,3190.0,44.0,1.0,193477.0,25.0
2294,3387.0,25.0,1.0,195014.0,25.0
2295,3289.0,43.0,1.0,196037.0,25.0
2296,3264.0,18.0,1.0,193995.0,25.0
2297,3272.0,8.0,0.9807587409104188,196556.0,25.0
2298,3374.0,57.0,0.9651432233042555,196044.0,25.0
2299,3224.0,52.0,1.0,196049.0,25.0
2300,3319.0,3.0,0.9548818555201749,194515.0,25.0
2301,3452.0,31.0,1.0,196568.0,25.0
2302,3246.0,18.0,1.0,193498.0,25.0
2303,3317.0,54.0,1.0,195036.0,25.0
2304,3379.0,29.0,0.985879323294649,195042.0,25.0
2305,3305.0,42.0,0.9548249579826635,195555.0,25.0
2306,2080.0,59.0,1.0,192998.0,25.0
2307,3252.0,58.0,0.9650259565363623,196071.0,25.0
2308,2082.0,59.0,1.0,193005.0,25.0
2309,2999.0,33.0,0.9605865343858729,194030.0,25.0
2310,3394.0,48.0,0.9508033740734809,194546.0,25.0
2311,3337.0,21.0,0.9661510471476664,195570.0,25.0
2312,3344.0,11.0,0.9829290932297392,195074.0,25.0
2313,3042.0,55.0,1.0,194563.0,25.0
2314,3305.0,21.0,1.0,194055.0,25.0
2315,3317.0,10.0,0.9824894431625746,194569.0,25.0
2316,3040.0,0.0,1.0,195086.0,25.0
2317,3223.0,44.0,0.9557092076574389,194578.0,25.0
2318,3347.0,10.0,0.9819673453924286,196124.0,25.0
2319,3393.0,15.0,1.0,194077.0,25.0
2320,3211.0,35.0,0.9686969173847717,194078.0,25.0
2321,3324.0,26.0,1.0,194081.0,25.0
2322,3187.0,51.0,1.0,195110.0,25.0
2323,3283.0,54.0,0.9759469442030846,193575.0,25.0
2324,3091.0,0.0,0.958245462691962,196650.0,25.0
2325,3068.0,38.0,1.0,195627.0,25.0
2326,3408.0,15.0,1.0,195116.0,25.0
2327,3326.0,49.0,1.0,194091.0,25.0
2328,3200.0,19.0,1.0,194100.0,25.0
2329,3048.0,56.0,0.9539632209733754,196148.0,25.0
2330,3282.0,22.0,0.9554806715554622,195638.0,25.0
2331,3306.0,5.0,1.0,194615.0,25.0
2332,3205.0,45.0,0.9519296231107239,195127.0,25.0
2333,3277.0,42.0,1.0,193599.0,25.0
2334,3389.0,9.0,0.9820183396610883,194113.0,25.0
2335,3084.0,2.0,1.0,194626.0,25.0
2336,3225.0,46.0,1.0,194115.0,25.0
2337,3372.0,11.0,0.9803343285352868,196677.0,25.0
2338,3396.0,9.0,0.9790200719832417,194630.0,25.0
2339,3159.0,51.0,0.9622746709761716,194120.0,25.0
2340,3027.0,56.0,0.9695783305441681,195145.0,25.0
2341,2096.0,59.0,0.9611228316480507,193101.0,25.0
2342,3415.0,28.0,0.9616570335507835,195662.0,25.0
2343,3234.0,13.0,0.9738410071255904,194126.0,25.0
2344,3243.0,58.0,0.9657273885939619,195666.0,25.0
2345,3059.0,38.0,1.0,195158.0,25.0
2346,3218.0,45.0,0.9656126962967995,195673.0,25.0
2347,3212.0,32.0,0.9540844603048846,193630.0,25.0
2348,3426.0,9.0,0.9781587477243592,196703.0,25.0
2349,3308.0,26.0,1.0,193133.0,25.0
2350,3341.0,27.0,1.0,195693.0,25.0
2351,3240.0,22.0,1.0,193646.0,25.0
2352,3399.0,31.0,0.9545321501374971,193649.0,25.0
2353,3288.0,42.0,0.9530628250775374,194161.0,25.0
2354,3006.0,56.0,1.0,194163.0,25.0
2355,3443.0,17.0,1.0,193140.0,25.0
2356,3168.0,36.0,0.969894070444144,193653.0,25.0
2357,3330.0,24.0,1.0,194164.0,25.0
2358,3349.0,10.0,0.9747451959706854,196210.0,25.0
2359,3385.0,28.0,1.0,194177.0,25.0
2360,3115.0,1.0,0.9546085803019283,194697.0,25.0
2361,3262.0,12.0,0.9700627211800102,194698.0,25.0
2362,3282.0,4.0,1.0,194185.0,25.0
2363,3144.0,36.0,0.9872189518830973,193164.0,25.0
2364,3097.0,2.0,1.0,195216.0,25.0
2365,3427.0,31.0,1.0,195218.0,25.0
2366,3305.0,53.0,0.9631043830885491,196243.0,25.0
2367,3165.0,14.0,0.9709426992169652,193173.0,25.0
2368,3458.0,17.0,1.0,193686.0,25.0
2369,3349.0,47.0,1.0,193687.0,25.0
2370,3360.0,21.0,1.0,196760.0,25.0
2371,3354.0,39.0,1.0,195734.0,25.0
2372,3200.0,51.0,0.9720306317442835,196245.0,25.0
2373,3197.0,20.0,1.0,193693.0,25.0
2374,3219.0,45.0,1.0,195749.0,25.0
2375,3260.0,40.0,0.9548854854956779,194726.0,25.0
2376,3344.0,57.0,1.0,194730.0,25.0
2377,3271.0,7.0,0.9548853500174505,193710.0,25.0
2378,3123.0,37.0,1.0,196786.0,25.0
2379,3268.0,18.0,0.9543607380230147,194232.0,25.0
2380,3311.0,27.0,1.0,194750.0,25.0
2381,3246.0,40.0,0.9817362475818426,193728.0,25.0
2382,3035.0,55.0,0.9568760544013319,194246.0,25.0
2383,3341.0,6.0,0.9877086437045862,196294.0,25.0
2384,3182.0,34.0,0.9892874409913214,194760.0,25.0
2385,3315.0,23.0,0.9586965234740493,196295.0,25.0
2386,3119.0,37.0,1.0,196296.0,25.0
2387,3299.0,7.0,0.9654647577364796,194765.0,25.0
2388,3428.0,16.0,0.9526991558758614,194766.0,25.0
2389,3188.0,35.0,1.0,193234.0,25.0
2390,3317.0,23.0,1.0,196315.0,25.0
2391,3232.0,58.0,0.9654583504267543,194782.0,25.0
2392,3189.0,41.0,0.967641945647407,193250.0,25.0
2393,3281.0,12.0,1.0,195810.0,25.0
2394,3344.0,24.0,0.9588409041640225,194789.0,25.0
2395,2990.0,33.0,1.0,193775.0,25.0
2396,2988.0,33.0,0.9580488443209638,193776.0,25.0
2397,3341.0,3.0,0.9646569532330086,195823.0,25.0
2398,3446.0,17.0,0.954574401645958,193269.0,25.0
2399,3375.0,50.0,0.9555202467610735,196344.0,25.0
2400,3396.0,25.0,1.0,195835.0,25.0
2401,3112.0,2.0,0.9650132759565435,195836.0,25.0
2402,3173.0,34.0,0.9751001506365474,194299.0,25.0
2403,3328.0,39.0,1.0,194305.0,25.0
2404,3269.0,8.0,0.9838267202145643,196357.0,25.0
2405,3194.0,41.0,0.9597238668412239,193801.0,25.0
2406,3214.0,46.0,0.9599862314536981,193802.0,25.0
2407,3356.0,57.0,0.9530609099578057,195339.0,25.0
2408,3219.0,52.0,1.0,195849.0,25.0
2409,3116.0,37.0,0.9557180746087649,195851.0,25.0
2410,3357.0,30.0,0.9545717617219976,194318.0,25.0
2411,3296.0,13.0,0.9655790173022184,196879.0,25.0
2412,3375.0,11.0,1.0,196880.0,25.0
2413,3353.0,50.0,1.0,195343.0,25.0
2414,3251.0,12.0,0.9683669033280905,194322.0,25.0
2415,3200.0,46.0,0.9505601468339004,193300.0,25.0
2416,3235.0,32.0,1.0,194842.0,25.0
2417,3333.0,54.0,0.9683704582355839,195871.0,25.0
2418,3304.0,23.0,0.9800155111494855,195872.0,25.0
2419,3048.0,0.0,0.9518668687600027,195368.0,25.0
2420,3262.0,32.0,0.9851150157245786,195880.0,25.0
2421,3221.0,45.0,0.9625695011537768,195885.0,25.0
2422,3293.0,23.0,0.9632534293310404,195375.0,25.0
2423,3366.0,39.0,0.97952653839419,196912.0,25.0
2424,3270.0,8.0,0.9680143530567582,196402.0,25.0
2425,3248.0,41.0,0.9686884479925597,196403.0,25.0
2426,3239.0,44.0,0.9580173426673524,195891.0,25.0
2427,3348.0,6.0,0.9711660794332185,196405.0,25.0
2428,3276.0,13.0,0.9582564003107598,196408.0,25.0
2429,3287.0,40.0,0.9666579753675001,195897.0,25.0
2430,3253.0,20.0,1.0,196922.0,25.0
2431,3417.0,28.0,0.9656200980980123,195900.0,25.0
2432,3299.0,40.0,0.9575204219473277,196414.0,25.0
2433,3379.0,3.0,0.9831939992215986,196928.0,25.0
2434,3263.0,40.0,1.0,194892.0,25.0
2435,3055.0,38.0,0.9786910293851523,194895.0,25.0
2436,3064.0,38.0,0.9517765503151245,195408.0,25.0
2437,3255.0,20.0,0.9799353088890251,196945.0,25.0
2438,3074.0,38.0,0.9799206575782631,195923.0,25.0
2439,3234.0,58.0,0.9634332583350227,194904.0,25.0
2440,3366.0,6.0,0.9817919243091892,196955.0,25.0
2441,3275.0,22.0,0.9587500741762359,195451.0,25.0
2442,3300.0,53.0,0.9580102460541384,195976.0,25.0
2443,3412.0,29.0,0.9628798067639471,197002.0,25.0
2444,3376.0,10.0,0.9806427899197601,197003.0,25.0
2445,3263.0,20.0,1.0,197006.0,25.0
2446,3066.0,38.0,0.9758852926957536,195474.0,25.0
2447,3362.0,24.0,0.9544614983213865,195477.0,25.0
2448,3402.0,9.0,0.973807190592215,194975.0,25.0
2449,3211.0,41.0,0.9817493705342731,194977.0,25.0
2450,3339.0,39.0,0.9600854686468631,194978.0,25.0
2451,3265.0,40.0,0.9513721911908732,194985.0,25.0
2452,3305.0,7.0,0.9915190219065534,194986.0,25.0
2453,3264.0,40.0,0.9612826347994169,194987.0,25.0
2454,3087.0,0.0,0.9718076752062044,196525.0,25.0
2455,3334.0,3.0,0.9812579238670411,195507.0,25.0
2456,3381.0,50.0,0.9761746345213972,196580.0,25.0
2457,3116.0,2.0,0.9545018613889298,196075.0,25.0
2458,3281.0,13.0,0.9698953806134559,196588.0,25.0
2459,3228.0,41.0,0.9828808627845695,195566.0,25.0
2460,3282.0,13.0,0.9804860808599283,196593.0,25.0
2461,3026.0,56.0,0.9567712930396023,195076.0,25.0
2462,3394.0,25.0,0.9780052529485834,195598.0,25.0
2463,3215.0,41.0,0.9633544119741758,195091.0,25.0
2464,3351.0,39.0,0.9730427642569763,195609.0,25.0
2465,3276.0,12.0,1.0,195610.0,25.0
2466,3410.0,28.0,0.9554407620159688,195612.0,25.0
2467,3189.0,51.0,1.0,195124.0,25.0
2468,3227.0,52.0,0.9966868015481634,196156.0,25.0
2469,3103.0,2.0,0.9800091794717183,195646.0,25.0
2470,3309.0,7.0,0.9792946881283595,195138.0,25.0
2471,3057.0,55.0,0.9577407917494063,195657.0,25.0
2472,3371.0,50.0,0.9549760411194124,196170.0,25.0
2473,3241.0,41.0,0.9835474197698497,196182.0,25.0
2474,3244.0,58.0,0.9905091496785029,195672.0,25.0
2475,3361.0,39.0,0.9538461125672403,196193.0,25.0
2476,3349.0,3.0,0.991663047341309,196205.0,25.0
2477,3434.0,48.0,0.9877769848859177,196739.0,25.0
2478,3427.0,9.0,0.9530207733383873,196742.0,25.0
2479,3235.0,19.0,0.9762005555644249,196237.0,25.0
2480,3082.0,55.0,0.9805476302925413,196763.0,25.0
2481,3215.0,20.0,0.9587055027691396,195740.0,25.0
2482,3322.0,54.0,0.9774409123655728,195232.0,25.0
2483,3038.0,56.0,0.9669524537643147,195764.0,25.0
2484,3251.0,19.0,0.989244074471912,196801.0,25.0
2485,3282.0,18.0,0.9756234474192018,196805.0,25.0
2486,3247.0,58.0,0.9799964541875124,195786.0,25.0
2487,3363.0,27.0,0.9705742215273907,196832.0,25.0
2488,3391.0,50.0,0.9539212412021556,196833.0,25.0
2489,3363.0,6.0,0.9565888222695151,196836.0,25.0
2490,3340.0,3.0,0.9617190820932014,195812.0,25.0
2491,3219.0,34.0,0.9648457797701318,196845.0,25.0
2492,3329.0,27.0,0.9528794880872359,195311.0,25.0
2493,3320.0,23.0,0.9753961226881528,196340.0,25.0
2494,3381.0,29.0,0.9831167862340587,195323.0,25.0
2495,3244.0,46.0,0.9611449264295754,195326.0,25.0
2496,3250.0,20.0,1.0,196863.0,25.0
2497,3365.0,6.0,0.9750092157153395,196883.0,25.0
2498,3303.0,23.0,0.9879042979737852,195860.0,25.0
2499,3333.0,6.0,0.9642227358482459,195861.0,25.0
2500,3071.0,55.0,0.9834618833024229,196374.0,25.0
2501,3237.0,8.0,0.9624853482505591,194980.0,25.0
2502,3330.0,54.0,0.9625129848316903,195705.0,25.0
