,ms2_id,Sample_id,explained_Int(%),SummMS2Table_id,Slice_id
0,3593.0,44.0,0.9626661194097911,214285.0,31.0
1,3583.0,32.0,0.9876967758726741,214286.0,31.0
2,3615.0,34.0,0.9879212562669881,214268.0,31.0
3,3608.0,35.0,0.9761384108601444,214269.0,31.0
4,3673.0,12.0,0.9921351624850718,214271.0,31.0
5,3723.0,29.0,0.9802850405084426,214272.0,31.0
6,3592.0,8.0,0.9821155613968857,214273.0,31.0
7,3616.0,34.0,0.9872438008091899,214274.0,31.0
8,3666.0,24.0,0.9619157693611524,214276.0,31.0
9,3621.0,27.0,0.9905509633224481,214277.0,31.0
10,3603.0,14.0,0.9787595740834402,214281.0,31.0
11,3641.0,7.0,0.9969497310772845,214283.0,31.0
12,3506.0,20.0,0.9900323645631751,218317.0,31.0
13,3769.0,30.0,0.9649194363312729,216272.0,31.0
14,4057.0,15.0,0.9911189997801794,216278.0,31.0
15,4177.0,17.0,0.9782327626799263,218329.0,31.0
16,3738.0,28.0,0.9645614971558841,216282.0,31.0
17,3598.0,33.0,0.9688570376040779,218338.0,31.0
18,3507.0,20.0,0.9597592638036074,218340.0,31.0
19,3610.0,32.0,0.9961078283355287,216294.0,31.0
20,3690.0,27.0,0.9863424172678825,218342.0,31.0
21,3646.0,27.0,0.9653793621938931,216296.0,31.0
22,3750.0,48.0,0.9620237022453915,216299.0,31.0
23,3410.0,55.0,0.97425396334859,218354.0,31.0
24,3517.0,4.0,0.9903075795799436,216307.0,31.0
25,3542.0,54.0,0.9819157000886378,216308.0,31.0
26,3693.0,50.0,0.9906354483549509,218356.0,31.0
27,3361.0,1.0,0.9912679280731284,216311.0,31.0
28,3710.0,49.0,0.9852988309378331,216313.0,31.0
29,3547.0,3.0,0.9775281288840915,216318.0,31.0
30,3488.0,58.0,0.9839642842551914,218365.0,31.0
31,3516.0,19.0,0.9596422324553824,218372.0,31.0
32,3668.0,13.0,0.9773223296642989,218373.0,31.0
33,3360.0,38.0,0.9721916867776943,216330.0,31.0
34,3704.0,12.0,0.9850622338494548,216331.0,31.0
35,4063.0,16.0,0.9605949481376659,214287.0,31.0
36,3523.0,33.0,0.9822583780655886,214288.0,31.0
37,3644.0,14.0,0.9894557517922954,216336.0,31.0
38,3694.0,50.0,0.986327075437797,218378.0,31.0
39,3524.0,33.0,0.9671593684983988,214291.0,31.0
40,3830.0,10.0,0.972239605015367,216339.0,31.0
41,3738.0,12.0,0.9660008281463752,218385.0,31.0
42,3548.0,52.0,0.9936279054763864,218388.0,31.0
43,3338.0,37.0,0.9674242482967413,214296.0,31.0
44,3610.0,35.0,0.965412813573223,214297.0,31.0
45,3773.0,31.0,0.970741642381127,214298.0,31.0
46,3322.0,2.0,0.9770466083440753,216346.0,31.0
47,3812.0,9.0,0.9887830280209728,214300.0,31.0
48,3358.0,56.0,0.9743294351516428,216347.0,31.0
49,3770.0,30.0,0.9733373655971944,216350.0,31.0
50,3359.0,56.0,0.9593643700210075,216351.0,31.0
51,3677.0,26.0,0.9777158531731616,214304.0,31.0
52,3339.0,37.0,0.980765982091265,214305.0,31.0
53,3372.0,55.0,0.963378863876527,216353.0,31.0
54,3360.0,56.0,0.9600759400477822,216354.0,31.0
55,3519.0,19.0,0.9900538823530874,218396.0,31.0
56,3475.0,18.0,0.9672925638182759,214309.0,31.0
57,3479.0,51.0,0.977301871961837,214310.0,31.0
58,3604.0,14.0,0.9657473573578309,214311.0,31.0
59,3647.0,27.0,0.9877146177657624,216359.0,31.0
60,3402.0,38.0,0.9899855938324761,218402.0,31.0
61,3790.0,48.0,0.981274455258806,218405.0,31.0
62,3267.0,0.0,0.9901258133755244,216363.0,31.0
63,3775.0,25.0,0.9892490807538188,218406.0,31.0
64,2214.0,59.0,0.9659760383561421,214317.0,31.0
65,3593.0,8.0,0.9876018927589222,214318.0,31.0
66,3643.0,39.0,0.9806815304960357,218410.0,31.0
67,3594.0,8.0,0.9886455451672274,214320.0,31.0
68,2215.0,59.0,0.9893365067027824,214321.0,31.0
69,4021.0,15.0,0.984321663977948,214322.0,31.0
70,2216.0,59.0,0.9529863948878965,214323.0,31.0
71,3756.0,30.0,0.9678210006275954,214324.0,31.0
72,3774.0,31.0,0.9649886314778793,214325.0,31.0
73,3690.0,7.0,0.9830614197068218,216371.0,31.0
74,3597.0,40.0,0.9924002327593633,218414.0,31.0
75,3598.0,40.0,0.9890391229433152,218417.0,31.0
76,3727.0,6.0,0.9896158102807768,218420.0,31.0
77,3674.0,12.0,0.9695352569136907,214330.0,31.0
78,3814.0,9.0,0.9906147532876348,214331.0,31.0
79,3732.0,42.0,0.9806237438372186,214332.0,31.0
80,4064.0,16.0,0.9951134371399624,214333.0,31.0
81,3549.0,3.0,0.9881844226977242,216379.0,31.0
82,3642.0,7.0,0.9694217316189395,214335.0,31.0
83,3546.0,46.0,0.987225992964985,214336.0,31.0
84,3597.0,21.0,0.9857131810728004,216382.0,31.0
85,3813.0,30.0,0.9861224144171286,218427.0,31.0
86,3449.0,4.0,0.9841067772884099,214339.0,31.0
87,3478.0,36.0,0.9742270440683749,216391.0,31.0
88,3480.0,51.0,0.9706954912611261,214344.0,31.0
89,3718.0,48.0,0.9667316457356263,214345.0,31.0
90,3707.0,28.0,0.9902552095134236,214346.0,31.0
91,3611.0,35.0,0.9684891658279191,214347.0,31.0
92,3815.0,9.0,0.9904084819549972,214348.0,31.0
93,3522.0,22.0,0.9802777259988967,214349.0,31.0
94,3757.0,30.0,0.974253137935748,214350.0,31.0
95,3741.0,28.0,0.9770276329044079,216393.0,31.0
96,3341.0,37.0,0.9810203899089498,214352.0,31.0
97,3323.0,2.0,0.9751975098520493,216395.0,31.0
98,3545.0,22.0,0.9542023468014424,216398.0,31.0
99,3708.0,24.0,0.9637229711621503,216400.0,31.0
100,3481.0,51.0,0.9889887983399098,214356.0,31.0
101,3612.0,39.0,0.9813253876030639,216403.0,31.0
102,3652.0,50.0,0.9630182722098992,216404.0,31.0
103,2219.0,59.0,0.9835199887666879,214359.0,31.0
104,3468.0,20.0,0.9744599783286482,216405.0,31.0
105,3601.0,46.0,0.9937132691488284,216408.0,31.0
106,4065.0,16.0,0.9968201553897903,214362.0,31.0
107,3482.0,51.0,0.9691131456030048,214364.0,31.0
108,3622.0,27.0,0.9600337534488975,214366.0,31.0
109,2221.0,59.0,0.9910348231545756,214367.0,31.0
110,3602.0,46.0,0.98572264147924,216414.0,31.0
111,3510.0,52.0,0.9595208589071896,216415.0,31.0
112,3450.0,4.0,0.9950664743408674,214370.0,31.0
113,3374.0,55.0,0.9787865940982593,216416.0,31.0
114,3451.0,4.0,0.9634458023777576,214372.0,31.0
115,3714.0,26.0,0.9677320226448077,216418.0,31.0
116,3670.0,6.0,0.9843455995861836,214374.0,31.0
117,3630.0,13.0,0.9721554824467556,216422.0,31.0
118,3518.0,53.0,0.9798737684366405,214377.0,31.0
119,3547.0,46.0,0.9723210971692074,214379.0,31.0
120,3452.0,4.0,0.956748224316674,214380.0,31.0
121,3617.0,34.0,0.9881653672209408,214381.0,31.0
122,3509.0,54.0,0.9716608186677357,214382.0,31.0
123,4066.0,16.0,0.9888554665939234,214384.0,31.0
124,3675.0,12.0,0.9730005319296605,214385.0,31.0
125,3324.0,2.0,0.9692692550036772,216434.0,31.0
126,3412.0,36.0,0.9715762906007476,214387.0,31.0
127,3546.0,22.0,0.9729749427395428,216438.0,31.0
128,3671.0,6.0,0.9599491885307889,214392.0,31.0
129,2226.0,59.0,0.9602435387605379,214393.0,31.0
130,3596.0,44.0,0.9776809071048398,214394.0,31.0
131,2227.0,59.0,0.9533194040708755,214395.0,31.0
132,3557.0,21.0,0.9578099635001877,214396.0,31.0
133,3759.0,29.0,0.9880725377690537,216445.0,31.0
134,2228.0,59.0,0.9885455578171136,214398.0,31.0
135,3613.0,35.0,0.967617661878545,214402.0,31.0
136,3551.0,40.0,0.971674051215863,216451.0,31.0
137,3510.0,54.0,0.9794294243684185,214405.0,31.0
138,3623.0,27.0,0.9765638684704993,214406.0,31.0
139,3545.0,5.0,0.9656377526069584,216455.0,31.0
140,2230.0,59.0,0.9704155094049084,214410.0,31.0
141,3505.0,5.0,0.9931833866442642,214412.0,31.0
142,3643.0,7.0,0.9812312450935695,214413.0,31.0
143,3453.0,4.0,0.959022725333323,214415.0,31.0
144,4068.0,16.0,0.9921335010665668,214417.0,31.0
145,3644.0,7.0,0.9630387879797647,214419.0,31.0
146,3667.0,24.0,0.9780317878873986,214424.0,31.0
147,3679.0,26.0,0.9645935673122636,214425.0,31.0
148,3595.0,8.0,0.9528240057250636,214426.0,31.0
149,3526.0,45.0,0.9701226408330698,214427.0,31.0
150,3647.0,34.0,0.9925919474450311,216475.0,31.0
151,3308.0,1.0,0.9604585754289212,214429.0,31.0
152,3343.0,37.0,0.974091371198948,214430.0,31.0
153,3816.0,9.0,0.9790839463600084,214431.0,31.0
154,3455.0,4.0,0.9841509985538689,214432.0,31.0
155,3615.0,39.0,0.9859936796895132,216476.0,31.0
156,3742.0,28.0,0.9848374960394131,216482.0,31.0
157,3816.0,31.0,0.9861998292326218,216483.0,31.0
158,4069.0,16.0,0.9964796675672699,214436.0,31.0
159,3552.0,3.0,0.951674202265084,216487.0,31.0
160,3344.0,37.0,0.9657254599481718,214441.0,31.0
161,3743.0,28.0,0.9896397464823754,216490.0,31.0
162,3417.0,36.0,0.9761514517345834,214443.0,31.0
163,4115.0,17.0,0.9870630507291531,214444.0,31.0
164,3456.0,4.0,0.9813283132257029,214445.0,31.0
165,3619.0,34.0,0.9701669667182446,214447.0,31.0
166,3481.0,36.0,0.9734910822973583,216497.0,31.0
167,3549.0,46.0,0.9857362819464296,214450.0,31.0
168,3545.0,54.0,0.9865683101100504,216501.0,31.0
169,3419.0,36.0,0.9947132100628319,214454.0,31.0
170,3778.0,31.0,0.9873182803300902,214455.0,31.0
171,3364.0,56.0,0.9725312466827493,216504.0,31.0
172,3645.0,50.0,0.9555642211099625,214457.0,31.0
173,2234.0,59.0,0.9855712075109719,214458.0,31.0
174,3818.0,9.0,0.9779451547919963,214459.0,31.0
175,3365.0,38.0,0.9853560178496036,216505.0,31.0
176,3646.0,7.0,0.9791729616951231,214461.0,31.0
177,3779.0,31.0,0.9908634684015643,214462.0,31.0
178,3729.0,47.0,0.9831674999774113,216507.0,31.0
179,4070.0,16.0,0.9629332168973981,214464.0,31.0
180,4025.0,15.0,0.9726823550958958,214465.0,31.0
181,4118.0,17.0,0.991229909607555,214466.0,31.0
182,3689.0,47.0,0.983327258803748,214467.0,31.0
183,3553.0,3.0,0.9841289714750691,216508.0,31.0
184,3326.0,2.0,0.9908256564206006,216512.0,31.0
185,3820.0,10.0,0.9893096449596318,214470.0,31.0
186,3534.0,41.0,0.9869714578322095,216513.0,31.0
187,3711.0,24.0,0.9592456595048383,216517.0,31.0
188,3507.0,5.0,0.9857407054794289,214473.0,31.0
189,3309.0,1.0,0.9655650029841106,214475.0,31.0
190,3457.0,4.0,0.9781915114568477,214477.0,31.0
191,3886.0,11.0,0.9732554413492616,214478.0,31.0
192,3694.0,7.0,0.9928321992526571,216529.0,31.0
193,3556.0,23.0,0.9576024124738363,214483.0,31.0
194,3614.0,35.0,0.986385598773075,214484.0,31.0
195,3615.0,32.0,0.9858596972893793,216532.0,31.0
196,3568.0,45.0,0.9639264478611403,216533.0,31.0
197,3694.0,6.0,0.9722139360908598,216534.0,31.0
198,3819.0,9.0,0.9525091441616625,214488.0,31.0
199,3551.0,46.0,0.9791601016294047,214490.0,31.0
200,3651.0,27.0,0.9925506321085533,216538.0,31.0
201,3460.0,4.0,0.9617488648376387,214494.0,31.0
202,3481.0,18.0,0.9733208296078656,214495.0,31.0
203,3668.0,24.0,0.973063239608259,214499.0,31.0
204,2237.0,59.0,0.9979365531963396,214500.0,31.0
205,3554.0,40.0,0.9893548342879717,216550.0,31.0
206,3677.0,12.0,0.9899223895516185,214503.0,31.0
207,3719.0,26.0,0.9916842022612763,216553.0,31.0
208,3607.0,14.0,0.9786694284671402,214506.0,31.0
209,4059.0,15.0,0.977077940632351,216555.0,31.0
210,3528.0,45.0,0.980077850967556,214508.0,31.0
211,3617.0,39.0,0.9771975723302917,216556.0,31.0
212,3345.0,37.0,0.9746068235679328,214510.0,31.0
213,3818.0,31.0,0.992500867745846,216557.0,31.0
214,3570.0,45.0,0.98485439020479,216558.0,31.0
215,3548.0,54.0,0.9895132827060035,216559.0,31.0
216,3831.0,10.0,0.9808022108481925,216560.0,31.0
217,3725.0,29.0,0.987415829963001,214515.0,31.0
218,3790.0,43.0,0.9817247321088565,216562.0,31.0
219,3606.0,46.0,0.9772834573458096,216563.0,31.0
220,3726.0,29.0,0.9905805009045033,214519.0,31.0
221,3747.0,43.0,0.9844625320355526,214520.0,31.0
222,3781.0,31.0,0.9792971333221836,214522.0,31.0
223,3780.0,31.0,0.9870454768692531,214523.0,31.0
224,3887.0,11.0,0.9828813910600588,214524.0,31.0
225,3753.0,25.0,0.9699462049648913,216572.0,31.0
226,2242.0,59.0,0.9888840888486112,214529.0,31.0
227,3772.0,30.0,0.9506946216329145,216578.0,31.0
228,3754.0,25.0,0.9841513352307145,216580.0,31.0
229,3735.0,42.0,0.9659579826330652,214536.0,31.0
230,3463.0,4.0,0.9681666226718507,214538.0,31.0
231,2244.0,59.0,0.996653608938426,214539.0,31.0
232,3647.0,7.0,0.965606609186562,214543.0,31.0
233,3736.0,42.0,0.9717524452645266,214544.0,31.0
234,3327.0,2.0,0.9740374578899185,216591.0,31.0
235,3680.0,26.0,0.9783395703074157,214546.0,31.0
236,3596.0,8.0,0.9756108225343929,214547.0,31.0
237,3781.0,42.0,0.9952151195023508,216595.0,31.0
238,3597.0,8.0,0.9606204384789425,214550.0,31.0
239,3270.0,0.0,0.9600780580079868,216599.0,31.0
240,3669.0,24.0,0.9583754882393526,214552.0,31.0
241,3670.0,24.0,0.9759304451444757,214553.0,31.0
242,3483.0,51.0,0.9712449351477824,214556.0,31.0
243,3523.0,22.0,1.0,214557.0,31.0
244,3549.0,22.0,0.9698017145603175,216604.0,31.0
245,3550.0,22.0,0.9742229745932306,216606.0,31.0
246,3820.0,9.0,0.9557250355986544,214561.0,31.0
247,3560.0,21.0,0.9813406047714839,214564.0,31.0
248,3597.0,44.0,0.9587970501172909,214566.0,31.0
249,3555.0,53.0,0.9871691141721478,216614.0,31.0
250,3552.0,46.0,0.9808365498760926,214573.0,31.0
251,3561.0,21.0,0.9717012734649648,214574.0,31.0
252,3610.0,14.0,0.9979145360792138,214575.0,31.0
253,3655.0,50.0,0.9684043447651376,216624.0,31.0
254,3378.0,55.0,0.9518016501982369,216626.0,31.0
255,3553.0,46.0,0.9682790580526742,214580.0,31.0
256,3658.0,49.0,0.9926272633916489,214581.0,31.0
257,3889.0,11.0,0.9911895655782942,214582.0,31.0
258,3367.0,1.0,0.975548682140079,216629.0,31.0
259,3504.0,41.0,0.9832957333814248,214584.0,31.0
260,3423.0,36.0,0.9789100861043141,214587.0,31.0
261,3821.0,9.0,0.9950775615313204,214588.0,31.0
262,3598.0,44.0,0.958454383002681,214593.0,31.0
263,3529.0,3.0,0.9645731844399749,214600.0,31.0
264,3515.0,52.0,0.990031905185516,216651.0,31.0
265,3586.0,32.0,0.9869359294616961,214608.0,31.0
266,3749.0,43.0,0.9781522537612823,214609.0,31.0
267,3822.0,9.0,0.9633553950226477,214612.0,31.0
268,3468.0,4.0,0.9616820606461453,214614.0,31.0
269,3550.0,18.0,0.9843332187313696,216663.0,31.0
270,3555.0,3.0,0.9618092357175884,216666.0,31.0
271,3426.0,36.0,0.9789696948688451,214619.0,31.0
272,3652.0,34.0,0.9812840543896731,216669.0,31.0
273,3551.0,54.0,0.9582443674248319,216671.0,31.0
274,3519.0,53.0,0.9802182091086956,214624.0,31.0
275,3389.0,37.0,0.9880759604482728,216672.0,31.0
276,3660.0,49.0,0.9659635656145715,214626.0,31.0
277,3529.0,45.0,1.0,214629.0,31.0
278,3557.0,23.0,0.9895290107858402,214637.0,31.0
279,3759.0,30.0,0.9787938573426387,214638.0,31.0
280,3370.0,38.0,0.9686082048466482,216686.0,31.0
281,3329.0,2.0,0.9737238534247893,216690.0,31.0
282,3370.0,1.0,0.9511801465718254,216691.0,31.0
283,3488.0,18.0,0.9830415297050393,214646.0,31.0
284,4074.0,16.0,0.9771268012800935,214648.0,31.0
285,3653.0,7.0,0.9845056884634975,214650.0,31.0
286,3672.0,6.0,0.9843799316788381,214651.0,31.0
287,3623.0,8.0,0.977079324212303,216698.0,31.0
288,3618.0,32.0,0.9773112778107378,216701.0,31.0
289,3619.0,32.0,0.9883794250675133,216702.0,31.0
290,3739.0,42.0,0.9564946608069836,214662.0,31.0
291,3557.0,46.0,0.9903512877504995,214665.0,31.0
292,3523.0,51.0,0.9648856085063112,216718.0,31.0
293,2251.0,59.0,0.9935268972782565,214673.0,31.0
294,3372.0,38.0,0.9797758560158871,216721.0,31.0
295,3823.0,31.0,0.9597437630120668,216722.0,31.0
296,3720.0,48.0,0.9913013242712485,214676.0,31.0
297,3474.0,19.0,0.9852156946182932,216725.0,31.0
298,3546.0,57.0,1.0,214679.0,31.0
299,3760.0,30.0,0.9502583718289972,214680.0,31.0
300,3366.0,56.0,0.9567049867885239,216727.0,31.0
301,3646.0,50.0,0.9678072527700999,214685.0,31.0
302,3613.0,14.0,0.9747402363734202,214686.0,31.0
303,3693.0,47.0,0.9735160250439646,214690.0,31.0
304,3694.0,47.0,0.9883349522276562,214691.0,31.0
305,3553.0,54.0,0.9838653341168851,216743.0,31.0
306,3652.0,14.0,0.9853104373824217,216746.0,31.0
307,3625.0,34.0,0.9943659578306557,214702.0,31.0
308,3492.0,18.0,0.9965227200973792,214703.0,31.0
309,3549.0,5.0,0.9650491594718558,216751.0,31.0
310,3731.0,47.0,0.9830502362830488,216757.0,31.0
311,3653.0,14.0,0.9566351970348446,216758.0,31.0
312,3603.0,44.0,0.9863368671081396,214711.0,31.0
313,3526.0,40.0,0.9897564528615663,214713.0,31.0
314,3784.0,31.0,0.9788553076441822,214721.0,31.0
315,3610.0,46.0,0.9900614660432868,216770.0,31.0
316,3570.0,39.0,0.9593687929737311,214724.0,31.0
317,2252.0,59.0,0.9915015639467862,214725.0,31.0
318,3655.0,44.0,0.9911829662058849,216772.0,31.0
319,3429.0,36.0,0.9658754657951595,214727.0,31.0
320,3475.0,19.0,0.9959922859201382,216774.0,31.0
321,3721.0,48.0,0.9897759230242775,214729.0,31.0
322,3717.0,49.0,1.0,216775.0,31.0
323,3825.0,31.0,0.963136824284394,216777.0,31.0
324,3568.0,57.0,0.9507479218458086,216779.0,31.0
325,3494.0,18.0,0.9928031364287023,214734.0,31.0
326,3348.0,37.0,0.9716146136860874,214735.0,31.0
327,3459.0,58.0,0.9625363106240954,216783.0,31.0
328,3696.0,6.0,0.9885175768851786,216786.0,31.0
329,3622.0,35.0,0.995327138969039,214740.0,31.0
330,3765.0,29.0,0.9796536763912838,216790.0,31.0
331,3751.0,43.0,0.9782189973817521,214744.0,31.0
332,3476.0,4.0,0.9794630152799699,214745.0,31.0
333,3752.0,43.0,0.9878107755022236,214748.0,31.0
334,3665.0,49.0,0.995457905309414,214750.0,31.0
335,3827.0,9.0,0.9865805998559272,214752.0,31.0
336,3890.0,11.0,0.987932589897619,214753.0,31.0
337,3653.0,34.0,0.9897320879760129,216801.0,31.0
338,3481.0,52.0,0.9685173880056359,214756.0,31.0
339,3496.0,18.0,0.988878598751188,214757.0,31.0
340,3559.0,23.0,0.985909909359219,214759.0,31.0
341,3547.0,57.0,0.9569775586940626,214761.0,31.0
342,3532.0,33.0,0.9805986127247361,214766.0,31.0
343,3753.0,43.0,0.9907779104015783,214767.0,31.0
344,3460.0,58.0,0.9606502401508148,216814.0,31.0
345,3482.0,52.0,0.9885956159665493,214771.0,31.0
346,3742.0,42.0,0.9838747238042291,214774.0,31.0
347,3666.0,49.0,0.956902101419883,214780.0,31.0
348,3786.0,31.0,0.9569935316299641,214783.0,31.0
349,3458.0,19.0,0.9876571738464917,214786.0,31.0
350,3622.0,32.0,0.9707962377702336,216834.0,31.0
351,3627.0,27.0,0.9910719610170052,214788.0,31.0
352,3766.0,29.0,0.9648558885818629,216839.0,31.0
353,3680.0,12.0,0.9770357048187611,214792.0,31.0
354,3755.0,43.0,0.9933046373914339,214793.0,31.0
355,3717.0,24.0,0.9834792757027482,216843.0,31.0
356,3673.0,24.0,0.9801087757952321,214796.0,31.0
357,3603.0,21.0,0.9805462012656435,216845.0,31.0
358,3623.0,35.0,0.9945346710706998,214799.0,31.0
359,3499.0,18.0,0.9713959524944269,214800.0,31.0
360,3506.0,41.0,0.9694157517404152,214801.0,31.0
361,3834.0,10.0,0.9743777775169259,216850.0,31.0
362,3562.0,21.0,0.9589144324054211,214803.0,31.0
363,3374.0,38.0,0.9914019370344768,216852.0,31.0
364,3563.0,46.0,0.966204057889218,214807.0,31.0
365,3526.0,22.0,0.9633077418318252,214809.0,31.0
366,3599.0,8.0,0.980110493222681,214812.0,31.0
367,3501.0,18.0,0.9907624781410834,214813.0,31.0
368,3667.0,49.0,0.9625889067413541,214815.0,31.0
369,3604.0,21.0,0.9898082706137018,216864.0,31.0
370,3684.0,26.0,0.9741783651230319,214818.0,31.0
371,3922.0,11.0,0.9776493075117405,216866.0,31.0
372,3701.0,7.0,0.993757597005663,216867.0,31.0
373,3543.0,41.0,0.9834646535076328,216873.0,31.0
374,3738.0,25.0,0.9855012078375882,214829.0,31.0
375,3557.0,3.0,0.9771780291845313,216877.0,31.0
376,2254.0,59.0,0.9963992506194396,214831.0,31.0
377,3342.0,38.0,0.977744802456236,214832.0,31.0
378,3552.0,18.0,0.9857028519019595,216879.0,31.0
379,4172.0,17.0,0.9735130743451526,216881.0,31.0
380,3480.0,4.0,0.9589958067707575,214835.0,31.0
381,3871.0,9.0,0.9845304248887268,216883.0,31.0
382,3776.0,25.0,0.9847992812327021,218412.0,31.0
383,3723.0,48.0,0.9688182575730211,214839.0,31.0
384,3481.0,4.0,0.9678826804224843,214840.0,31.0
385,3758.0,48.0,0.9905254386272863,216887.0,31.0
386,3768.0,29.0,0.988449235928837,216888.0,31.0
387,3924.0,11.0,0.9884504307194363,216889.0,31.0
388,3625.0,32.0,0.987195744191225,216893.0,31.0
389,3755.0,25.0,0.9846963691206726,216894.0,31.0
390,3698.0,6.0,0.985417979770881,216895.0,31.0
391,3277.0,0.0,0.9661751684231241,216896.0,31.0
392,3349.0,37.0,0.9762548233415702,214855.0,31.0
393,3278.0,0.0,0.9584273953758246,216904.0,31.0
394,3656.0,44.0,0.9905930082246421,216907.0,31.0
395,3821.0,10.0,0.9900600766710717,214861.0,31.0
396,3589.0,32.0,0.9542300427849066,214862.0,31.0
397,3715.0,28.0,0.9957355553989998,214863.0,31.0
398,3891.0,11.0,0.9900635234477828,214864.0,31.0
399,3532.0,51.0,0.9900985323975954,216909.0,31.0
400,3558.0,54.0,0.9844670984898941,216913.0,31.0
401,4138.0,17.0,0.9791842251698692,214867.0,31.0
402,3634.0,13.0,0.9862751011248726,216914.0,31.0
403,3683.0,12.0,0.9570901772087358,214870.0,31.0
404,3480.0,19.0,0.9677235442363363,216923.0,31.0
405,3746.0,42.0,0.9827011696875368,214877.0,31.0
406,3549.0,57.0,0.9883274940886482,214878.0,31.0
407,3521.0,52.0,0.9612374442862274,216929.0,31.0
408,3350.0,37.0,0.9582633387557331,214883.0,31.0
409,3481.0,19.0,0.9890866258303623,216931.0,31.0
410,3674.0,35.0,0.9749162922071238,216934.0,31.0
411,3781.0,30.0,0.9636540231208889,216935.0,31.0
412,3622.0,46.0,0.9835068424049799,218423.0,31.0
413,3754.0,28.0,0.99390996835405,216938.0,31.0
414,3696.0,50.0,0.991293457137163,218424.0,31.0
415,3674.0,6.0,0.9872117040046207,214893.0,31.0
416,3523.0,53.0,0.9677759663946669,214894.0,31.0
417,3533.0,40.0,0.9688363489239434,214895.0,31.0
418,3486.0,52.0,0.9744202391405214,214896.0,31.0
419,3731.0,29.0,0.980953073713509,214898.0,31.0
420,3656.0,14.0,0.9715215188622011,216949.0,31.0
421,3676.0,24.0,0.9629541769651612,214902.0,31.0
422,3533.0,45.0,0.9647690708974306,214905.0,31.0
423,3524.0,53.0,0.9635332716406235,214906.0,31.0
424,3628.0,32.0,0.9963376630105762,216953.0,31.0
425,3341.0,56.0,0.9883798573547724,214913.0,31.0
426,3615.0,14.0,0.9833747676057033,214914.0,31.0
427,3586.0,33.0,0.969255558596594,216963.0,31.0
428,3732.0,29.0,0.9782539746909592,214916.0,31.0
429,3565.0,46.0,0.9886899362193767,214919.0,31.0
430,3435.0,36.0,0.965797085176839,214920.0,31.0
431,3628.0,35.0,0.9901939922309293,214921.0,31.0
432,3483.0,4.0,0.9804129180969209,214922.0,31.0
433,3727.0,26.0,0.9626644956417247,216967.0,31.0
434,3576.0,45.0,0.9935257138644508,216971.0,31.0
435,3534.0,40.0,0.9935285802368337,214926.0,31.0
436,3352.0,37.0,0.9759085042531279,214929.0,31.0
437,3319.0,1.0,0.9802796757278169,214933.0,31.0
438,3631.0,32.0,0.992815022689318,216982.0,31.0
439,3514.0,5.0,0.992691813417424,214936.0,31.0
440,3601.0,8.0,0.9884911010816925,214937.0,31.0
441,3760.0,48.0,0.9942755975264954,216984.0,31.0
442,3658.0,14.0,0.9797825693997073,216986.0,31.0
443,3514.0,54.0,0.9828812915441937,214945.0,31.0
444,3525.0,53.0,0.9635428340275705,214946.0,31.0
445,3382.0,55.0,0.9679344101131029,216993.0,31.0
446,3562.0,54.0,0.9854976948443077,216996.0,31.0
447,3515.0,5.0,0.9733793566588193,214949.0,31.0
448,3630.0,8.0,0.9836646898735094,216997.0,31.0
449,3610.0,21.0,0.9661027300272301,217009.0,31.0
450,3507.0,41.0,0.9890461693664035,214962.0,31.0
451,3484.0,19.0,0.9703875021939915,217010.0,31.0
452,3737.0,47.0,0.978824486740539,217020.0,31.0
453,3756.0,25.0,0.9861465756206035,217022.0,31.0
454,3384.0,55.0,0.9625349765718793,217029.0,31.0
455,3835.0,10.0,0.9596873204416977,217030.0,31.0
456,3485.0,19.0,0.9812242996111002,217036.0,31.0
457,3533.0,51.0,0.9681765603515037,217037.0,31.0
458,3677.0,35.0,0.9683750204705829,217038.0,31.0
459,3563.0,21.0,0.9808057441230783,214992.0,31.0
460,3672.0,49.0,0.9856762650560636,214994.0,31.0
461,3440.0,36.0,0.9654444408100481,214995.0,31.0
462,3607.0,44.0,0.980726305823075,214997.0,31.0
463,3660.0,50.0,0.9600329998630711,217049.0,31.0
464,3574.0,57.0,0.9938511792832575,217052.0,31.0
465,3716.0,28.0,0.9756771081453709,215005.0,31.0
466,3590.0,32.0,0.9690926833808018,215007.0,31.0
467,3560.0,3.0,0.9618237823181383,217055.0,31.0
468,3580.0,45.0,0.9868366671845187,217056.0,31.0
469,3488.0,52.0,0.9686812644145579,215010.0,31.0
470,3565.0,53.0,0.9850686035371274,217057.0,31.0
471,3476.0,20.0,0.9890411534115267,217060.0,31.0
472,3874.0,9.0,0.9811683605149143,217061.0,31.0
473,3760.0,43.0,0.967779865033941,215014.0,31.0
474,3674.0,49.0,0.9835308491427182,215015.0,31.0
475,3509.0,41.0,0.9911052927986205,215016.0,31.0
476,3338.0,2.0,0.9928930358712411,217064.0,31.0
477,3627.0,39.0,0.9713255771607178,217066.0,31.0
478,3892.0,11.0,0.9691924262460283,215019.0,31.0
479,3749.0,42.0,0.9757227256689744,215022.0,31.0
480,3566.0,53.0,0.9615002447926018,217073.0,31.0
481,4143.0,17.0,0.9876766347947189,215032.0,31.0
482,3342.0,2.0,0.9720657291389558,217080.0,31.0
483,3528.0,53.0,0.9789951017067912,215038.0,31.0
484,3488.0,19.0,0.9926158910084638,217086.0,31.0
485,3520.0,5.0,0.97408719477061,215040.0,31.0
486,3625.0,13.0,0.965850462612111,215041.0,31.0
487,3628.0,39.0,0.9786255600329331,217087.0,31.0
488,3516.0,54.0,0.9806253102806448,215043.0,31.0
489,3564.0,54.0,0.9883466873923412,217095.0,31.0
490,3728.0,26.0,0.965982083732004,217096.0,31.0
491,3376.0,38.0,0.9654047871051961,217099.0,31.0
492,3556.0,5.0,0.9859453107841706,217101.0,31.0
493,3632.0,32.0,0.9831297007514062,217103.0,31.0
494,3629.0,39.0,0.972664932588403,217106.0,31.0
495,3535.0,45.0,0.9816189285789826,215060.0,31.0
496,3720.0,49.0,0.9817645891433774,217109.0,31.0
497,3325.0,1.0,0.9791572046991317,215062.0,31.0
498,3680.0,24.0,0.9864542761516162,215065.0,31.0
499,3659.0,27.0,0.970571079109505,217117.0,31.0
500,3326.0,1.0,0.9855965377766802,215072.0,31.0
501,3538.0,33.0,0.9718518179110723,215075.0,31.0
502,3836.0,10.0,0.9747646838633157,217123.0,31.0
503,3610.0,44.0,0.9524441174380665,215078.0,31.0
504,3751.0,42.0,0.9743572320154141,215080.0,31.0
505,3377.0,38.0,0.9783878661659091,217128.0,31.0
506,3569.0,46.0,0.9775508453726988,215082.0,31.0
507,3566.0,40.0,0.9844261814272774,217130.0,31.0
508,3619.0,14.0,0.9838866879522955,215088.0,31.0
509,3490.0,4.0,0.951701949770622,215093.0,31.0
510,3522.0,5.0,0.9839533075092542,215096.0,31.0
511,3567.0,40.0,0.9882156304807398,217149.0,31.0
512,3661.0,27.0,0.9842886322813312,217151.0,31.0
513,3577.0,39.0,0.9887010608396685,215109.0,31.0
514,3727.0,48.0,0.9628275990336415,215110.0,31.0
515,3376.0,1.0,0.9619178714922481,217157.0,31.0
516,3462.0,58.0,0.9941382428363238,217158.0,31.0
517,3839.0,10.0,0.9718777219141058,217167.0,31.0
518,3589.0,33.0,0.9860264807827253,217168.0,31.0
519,3568.0,40.0,0.9948907263013639,217169.0,31.0
520,3790.0,42.0,0.9884771421410857,217170.0,31.0
521,3529.0,22.0,0.9812867060992463,215124.0,31.0
522,3489.0,52.0,0.9789037987552066,215129.0,31.0
523,3834.0,9.0,0.979858660956387,215137.0,31.0
524,3284.0,0.0,0.9806798749087897,217187.0,31.0
525,3582.0,45.0,0.989868011490281,217188.0,31.0
526,3676.0,6.0,0.9739346484723314,215143.0,31.0
527,3490.0,52.0,0.9726837650605293,215146.0,31.0
528,3722.0,49.0,0.9905905679159238,217194.0,31.0
529,3577.0,23.0,0.9745042725213127,217197.0,31.0
530,3893.0,11.0,0.9580336602972267,215151.0,31.0
531,3542.0,33.0,0.9749483685927706,215152.0,31.0
532,3580.0,39.0,0.9843889613184337,215154.0,31.0
533,3583.0,45.0,0.9886602474073848,217203.0,31.0
534,3658.0,44.0,0.990457012120346,217204.0,31.0
535,3375.0,56.0,0.9822111149076951,217206.0,31.0
536,3305.0,2.0,0.9586753829477006,215160.0,31.0
537,3490.0,19.0,0.9759212534423986,217210.0,31.0
538,3621.0,14.0,0.9842975013052716,215163.0,31.0
539,3732.0,26.0,0.9613626920333883,217215.0,31.0
540,3704.0,47.0,0.9659418571097205,215169.0,31.0
541,3657.0,7.0,0.9590561717165437,215173.0,31.0
542,3664.0,50.0,0.9569723329211277,217222.0,31.0
543,3760.0,28.0,0.9757392204501322,217224.0,31.0
544,3613.0,44.0,0.9589848148068825,215177.0,31.0
545,3791.0,42.0,0.9910762996666183,217230.0,31.0
546,3689.0,26.0,0.9749411599094392,215187.0,31.0
547,3566.0,21.0,0.9926786385040823,215189.0,31.0
548,3460.0,19.0,0.9920371726245608,215194.0,31.0
549,3714.0,12.0,0.9642327048208463,217251.0,31.0
550,4152.0,17.0,0.9828839901092329,215204.0,31.0
551,3686.0,12.0,0.9831454938275103,215205.0,31.0
552,3739.0,25.0,0.9817680050421783,215206.0,31.0
553,3724.0,49.0,0.9951222775583722,217258.0,31.0
554,3578.0,23.0,0.9851230510972776,217261.0,31.0
555,3762.0,30.0,0.9547250087896736,215219.0,31.0
556,3574.0,40.0,0.9921469204496924,217270.0,31.0
557,3540.0,51.0,0.9798781962779245,217272.0,31.0
558,3765.0,43.0,0.9729846230426761,215226.0,31.0
559,3530.0,53.0,0.9902320444758256,215227.0,31.0
560,3356.0,55.0,0.983395701923351,215231.0,31.0
561,3463.0,58.0,0.9697671006289034,217279.0,31.0
562,3755.0,42.0,0.9865294583677281,215237.0,31.0
563,3572.0,53.0,0.9813521079992209,217285.0,31.0
564,3287.0,0.0,0.9636683307405922,217286.0,31.0
565,3494.0,51.0,0.977984565851558,215242.0,31.0
566,3743.0,47.0,0.9689028133830572,217293.0,31.0
567,3520.0,18.0,0.9950005614991548,215248.0,31.0
568,3795.0,31.0,0.9871130394360219,215250.0,31.0
569,3552.0,57.0,0.9930647732679844,215256.0,31.0
570,3570.0,22.0,0.9788262049971419,217305.0,31.0
571,3761.0,28.0,0.9636945245545085,217308.0,31.0
572,3616.0,21.0,0.9946171338325979,217309.0,31.0
573,3492.0,52.0,0.9795758801975761,215262.0,31.0
574,3528.0,5.0,0.9657909667339881,215263.0,31.0
575,3581.0,23.0,0.9899263354497597,217314.0,31.0
576,3603.0,8.0,0.9857962876733576,215268.0,31.0
577,3665.0,34.0,0.9830955871678582,217316.0,31.0
578,3648.0,50.0,0.9874193748722824,215276.0,31.0
579,3346.0,2.0,0.9657611823440002,217324.0,31.0
580,3560.0,5.0,0.9673526007318258,217330.0,31.0
581,3494.0,52.0,0.9651073416908083,215287.0,31.0
582,3586.0,45.0,0.9932194724691508,217337.0,31.0
583,3642.0,13.0,0.9929614687401462,217341.0,31.0
584,3840.0,10.0,0.9768350532624185,217343.0,31.0
585,3660.0,44.0,0.9729013130732067,217347.0,31.0
586,3633.0,34.0,0.9984843156704848,215304.0,31.0
587,3797.0,31.0,0.9957782907297252,215311.0,31.0
588,3789.0,30.0,0.990059409051101,217362.0,31.0
589,3520.0,54.0,0.9942111161534074,215315.0,31.0
590,3631.0,27.0,0.9789397126690513,215316.0,31.0
591,3637.0,32.0,0.9709199855748566,217364.0,31.0
592,3496.0,51.0,0.9752257817828123,215318.0,31.0
593,3664.0,7.0,0.9941892549982876,215319.0,31.0
594,3633.0,39.0,0.9877962908378147,217366.0,31.0
595,3708.0,6.0,0.9901027712826134,217368.0,31.0
596,3636.0,8.0,0.9792933448069412,217369.0,31.0
597,3671.0,50.0,0.9761786286418852,217376.0,31.0
598,3582.0,57.0,0.9597118088446178,217380.0,31.0
599,3335.0,1.0,0.9735807477450258,215345.0,31.0
600,3396.0,37.0,0.9872268970443033,217394.0,31.0
601,3578.0,46.0,0.9808563909432122,215349.0,31.0
602,3726.0,49.0,0.9878254647424869,217399.0,31.0
603,3694.0,26.0,0.9654247073822622,215358.0,31.0
604,3391.0,55.0,0.9622820670394756,217406.0,31.0
605,3734.0,26.0,0.9660754596891511,217415.0,31.0
606,3499.0,51.0,0.9848265193149234,215368.0,31.0
607,3638.0,8.0,0.9676571284087212,217416.0,31.0
608,3337.0,1.0,0.9713068070259686,215372.0,31.0
609,3661.0,44.0,0.9681247638045396,217422.0,31.0
610,3521.0,54.0,0.9891848207270787,215380.0,31.0
611,3798.0,43.0,0.9674749113329919,217430.0,31.0
612,3767.0,43.0,0.9576168446842771,215383.0,31.0
613,3619.0,21.0,0.9901272775679649,217431.0,31.0
614,3579.0,46.0,0.9739953282611464,215385.0,31.0
615,3729.0,24.0,0.9800240287558983,217435.0,31.0
616,3464.0,20.0,0.9879636020148567,215393.0,31.0
617,3718.0,12.0,0.9739607373422644,217441.0,31.0
618,3634.0,39.0,0.9885739913036368,217443.0,31.0
619,3454.0,36.0,0.9708499873397645,215396.0,31.0
620,3551.0,33.0,0.9640648227302732,215399.0,31.0
621,3340.0,1.0,0.9614088840567043,215402.0,31.0
622,3532.0,53.0,0.9519373847428239,215403.0,31.0
623,3578.0,40.0,0.9817803365470382,217450.0,31.0
624,3345.0,56.0,0.988027987240774,215405.0,31.0
625,3556.0,18.0,0.9694693989543498,217452.0,31.0
626,3641.0,32.0,0.9829442486697478,217453.0,31.0
627,3554.0,57.0,0.9534651211570243,215416.0,31.0
628,3379.0,56.0,0.9866631936139628,217469.0,31.0
629,3727.0,49.0,0.9897214760037327,217470.0,31.0
630,3791.0,30.0,0.9838535405481629,217471.0,31.0
631,3538.0,40.0,0.995717263003683,215424.0,31.0
632,4156.0,17.0,0.9765647546393177,215425.0,31.0
633,3769.0,43.0,0.9873398587371366,215426.0,31.0
634,3766.0,28.0,0.9838101218872234,217472.0,31.0
635,3552.0,33.0,0.9904999044069613,215428.0,31.0
636,3763.0,30.0,0.9713420722724794,215429.0,31.0
637,3756.0,42.0,0.962331328863779,215430.0,31.0
638,3709.0,47.0,0.9823766302406207,215431.0,31.0
639,3392.0,55.0,0.9521989602996973,217477.0,31.0
640,3764.0,30.0,0.9858354894916624,215438.0,31.0
641,3667.0,34.0,0.971347375540563,217486.0,31.0
642,3768.0,28.0,0.9801195576498929,217488.0,31.0
643,3799.0,43.0,0.9701834223577097,217489.0,31.0
644,3531.0,52.0,0.9837785121186712,217492.0,31.0
645,3740.0,29.0,0.9753639371944891,215447.0,31.0
646,3577.0,53.0,0.9840223808462536,217495.0,31.0
647,3380.0,1.0,0.9876327723441172,217497.0,31.0
648,3348.0,56.0,0.967324642750994,215450.0,31.0
649,3400.0,37.0,0.9840698486968077,217498.0,31.0
650,3393.0,55.0,0.9728249370110633,217499.0,31.0
651,3628.0,14.0,0.9667363469740984,215456.0,31.0
652,3456.0,36.0,0.9791022826024968,215458.0,31.0
653,3523.0,54.0,0.9891506854307051,215461.0,31.0
654,3291.0,0.0,0.9793407671101955,217511.0,31.0
655,3696.0,26.0,0.9777189373053196,215465.0,31.0
656,3466.0,58.0,0.954311735929183,217514.0,31.0
657,3534.0,22.0,0.9823501186551489,215469.0,31.0
658,3544.0,51.0,0.9632347866956638,217518.0,31.0
659,3724.0,12.0,0.9855000938569326,217524.0,31.0
660,3721.0,28.0,0.9931301607094539,215482.0,31.0
661,3515.0,41.0,0.984469509065401,215483.0,31.0
662,3580.0,40.0,0.9686485591476222,217531.0,31.0
663,3458.0,36.0,0.9985348749995476,215488.0,31.0
664,3597.0,32.0,0.9841872595186907,215491.0,31.0
665,3578.0,53.0,0.9888633037745436,217539.0,31.0
666,3343.0,1.0,0.9800695086106641,215497.0,31.0
667,3745.0,47.0,0.980918773037628,217545.0,31.0
668,3710.0,47.0,0.9690684696449635,215499.0,31.0
669,3575.0,22.0,0.9683441198068793,217548.0,31.0
670,3295.0,0.0,0.9849344452827447,217559.0,31.0
671,3461.0,19.0,0.9947437792765633,215512.0,31.0
672,3260.0,0.0,0.959918564920406,215514.0,31.0
673,3732.0,24.0,0.970068400597757,217566.0,31.0
674,3542.0,45.0,0.9769916341223772,215519.0,31.0
675,3707.0,7.0,0.9858830824442919,217568.0,31.0
676,3627.0,13.0,0.972264511609274,215521.0,31.0
677,3524.0,18.0,0.9744732196846094,215523.0,31.0
678,3345.0,1.0,0.9659073223854031,215524.0,31.0
679,3741.0,25.0,0.9685158967392921,215525.0,31.0
680,3625.0,21.0,0.9841821079459029,217576.0,31.0
681,3738.0,26.0,0.9896891592529891,217580.0,31.0
682,3608.0,8.0,0.9871796313792405,215536.0,31.0
683,3649.0,35.0,0.983864281205139,215539.0,31.0
684,3503.0,51.0,0.955310201038686,215544.0,31.0
685,3532.0,5.0,0.9877395379524064,215548.0,31.0
686,3882.0,9.0,0.9684967752363333,217603.0,31.0
687,3723.0,28.0,0.9645307554026398,215556.0,31.0
688,3501.0,19.0,0.995076039101469,217605.0,31.0
689,3382.0,38.0,0.9717386452486751,217607.0,31.0
690,3581.0,40.0,0.9924887964672616,217610.0,31.0
691,3671.0,27.0,0.971182104776067,217611.0,31.0
692,3771.0,28.0,0.9713062818950102,217618.0,31.0
693,3899.0,11.0,0.9869332546866134,215572.0,31.0
694,3766.0,30.0,0.9747306022953661,215573.0,31.0
695,3506.0,51.0,0.9819128130142277,215576.0,31.0
696,3553.0,41.0,0.9891689957257513,217625.0,31.0
697,3713.0,47.0,0.9760021213529732,215579.0,31.0
698,3714.0,47.0,0.9963299071618076,215580.0,31.0
699,3470.0,58.0,0.9784729755727551,217628.0,31.0
700,3516.0,41.0,0.9889064746179649,215582.0,31.0
701,3653.0,35.0,0.9893621940788232,215589.0,31.0
702,3637.0,39.0,0.9896606424439158,217637.0,31.0
703,3349.0,56.0,0.957660618445899,215594.0,31.0
704,3697.0,26.0,0.9764046090987016,215595.0,31.0
705,3383.0,1.0,0.9743368459435243,217645.0,31.0
706,3503.0,19.0,0.9793043050168393,217654.0,31.0
707,3626.0,21.0,0.9949638424931113,217656.0,31.0
708,3584.0,40.0,0.9950402466305088,217661.0,31.0
709,3672.0,34.0,0.9873485484773874,217667.0,31.0
710,3588.0,23.0,0.9832411782066774,217674.0,31.0
711,3733.0,48.0,0.9687416023793627,215627.0,31.0
712,3645.0,8.0,0.9616155504241937,217679.0,31.0
713,3473.0,58.0,0.9538314865696915,217681.0,31.0
714,3507.0,51.0,0.9776732303227881,215639.0,31.0
715,3804.0,31.0,0.9906021931852185,215640.0,31.0
716,3609.0,8.0,0.9695178017329805,215647.0,31.0
717,3654.0,35.0,0.967825674730381,215650.0,31.0
718,3676.0,7.0,0.9984640035423415,215653.0,31.0
719,3508.0,51.0,0.9616943337658996,215654.0,31.0
720,3575.0,21.0,0.9767388797016435,215659.0,31.0
721,3546.0,45.0,0.9928044229219923,215660.0,31.0
722,3356.0,2.0,0.9917451831807734,217707.0,31.0
723,3656.0,35.0,0.9832301428725412,215662.0,31.0
724,3555.0,57.0,0.9799255506355289,215663.0,31.0
725,3665.0,44.0,0.9947348114704917,217709.0,31.0
726,3666.0,44.0,0.9886531106678158,217715.0,31.0
727,3570.0,3.0,0.978819960378929,217722.0,31.0
728,3632.0,14.0,0.9857573365910729,215676.0,31.0
729,3677.0,7.0,0.9907085162860209,215677.0,31.0
730,3735.0,48.0,0.9915669070739814,215678.0,31.0
731,3774.0,43.0,0.9831442155120192,215679.0,31.0
732,3635.0,27.0,0.9789665592360525,215681.0,31.0
733,3365.0,37.0,0.9912089119896963,215684.0,31.0
734,3805.0,31.0,0.9810772952558378,215685.0,31.0
735,3744.0,25.0,0.9745731518309461,215689.0,31.0
736,3802.0,43.0,0.9858500488742044,217738.0,31.0
737,3667.0,44.0,0.9942903436173975,217739.0,31.0
738,4072.0,15.0,0.9596956849140118,217740.0,31.0
739,4071.0,15.0,0.9667473404765249,217741.0,31.0
740,3362.0,55.0,0.9919548352941799,215694.0,31.0
741,3844.0,10.0,0.988379679498783,217742.0,31.0
742,3528.0,18.0,0.961748959930935,215696.0,31.0
743,3592.0,33.0,0.9822680501245955,217743.0,31.0
744,2259.0,59.0,0.9826388858662604,215702.0,31.0
745,3451.0,58.0,0.9832855454741701,215703.0,31.0
746,3674.0,27.0,0.9592700221299384,217762.0,31.0
747,3584.0,22.0,0.9527540131355844,217765.0,31.0
748,3737.0,48.0,0.9743583662824428,215720.0,31.0
749,3490.0,36.0,0.9835881256643356,217770.0,31.0
750,3301.0,0.0,0.9706314577877343,217771.0,31.0
751,3261.0,0.0,0.9589783782572704,215724.0,31.0
752,3533.0,54.0,0.9659318549188058,215737.0,31.0
753,3310.0,2.0,0.9501165299364349,215738.0,31.0
754,3717.0,47.0,0.9844913551331678,215739.0,31.0
755,3695.0,12.0,0.9631367156569782,215740.0,31.0
756,3550.0,45.0,0.9676987968313612,215741.0,31.0
757,3543.0,40.0,0.9834833374939035,215742.0,31.0
758,3669.0,14.0,0.9702232964664924,217785.0,31.0
759,3934.0,11.0,0.9644503003465064,217792.0,31.0
760,3387.0,38.0,0.9808529210625712,217796.0,31.0
761,3591.0,23.0,0.9754890825958471,217797.0,31.0
762,3675.0,34.0,0.9892817347517302,217798.0,31.0
763,3262.0,0.0,0.9824622216129353,215751.0,31.0
764,3719.0,47.0,0.9728271324083737,215753.0,31.0
765,3610.0,8.0,0.9836678742166252,215754.0,31.0
766,3401.0,55.0,0.9523516841208483,217801.0,31.0
767,3696.0,12.0,0.9832066043836756,215756.0,31.0
768,3488.0,20.0,0.9847359121670318,217802.0,31.0
769,3579.0,21.0,0.9889402358319819,215760.0,31.0
770,3678.0,7.0,0.9928047655734443,215763.0,31.0
771,3476.0,58.0,0.9519083841290961,217811.0,31.0
772,3405.0,37.0,0.9918677070082685,217813.0,31.0
773,3389.0,38.0,0.9852830699100743,217821.0,31.0
774,3557.0,57.0,0.993626023154373,215776.0,31.0
775,3679.0,50.0,0.9807405895372973,217824.0,31.0
776,3696.0,49.0,0.9808995588300071,215778.0,31.0
777,3797.0,30.0,0.96752022247017,217825.0,31.0
778,3903.0,11.0,0.9757677708371332,215780.0,31.0
779,3560.0,33.0,0.9691367042674768,215781.0,31.0
780,3492.0,20.0,0.9955446917107512,217830.0,31.0
781,3588.0,40.0,0.9876444378052124,217832.0,31.0
782,3677.0,34.0,0.9770949242522068,217834.0,31.0
783,3659.0,35.0,0.9738552024483466,215788.0,31.0
784,3678.0,34.0,0.9874984087585785,217841.0,31.0
785,3763.0,42.0,0.9835750806225109,215796.0,31.0
786,3660.0,35.0,0.9916925142784927,215798.0,31.0
787,3502.0,52.0,0.9800158890632624,215802.0,31.0
788,3746.0,25.0,0.9788519499726331,215806.0,31.0
789,3699.0,49.0,0.9861520661637914,215809.0,31.0
790,3465.0,36.0,0.9640602135374067,215810.0,31.0
791,3695.0,24.0,0.9609984146545296,215811.0,31.0
792,3559.0,41.0,0.9772192562885088,217860.0,31.0
793,3532.0,18.0,0.9801265832608221,215814.0,31.0
794,3701.0,49.0,0.987924430656773,215819.0,31.0
795,3680.0,34.0,0.9809419857478433,217874.0,31.0
796,3312.0,2.0,0.9636667256941304,215827.0,31.0
797,3534.0,18.0,0.9823762109683603,215834.0,31.0
798,3586.0,22.0,0.9604425135487563,217882.0,31.0
799,3631.0,44.0,0.9950017052310094,215837.0,31.0
800,3567.0,23.0,0.9681193906548305,215849.0,31.0
801,3783.0,29.0,0.9911344015571693,217899.0,31.0
802,3541.0,22.0,0.9718813000653169,215852.0,31.0
803,3573.0,3.0,0.9760935636164937,217902.0,31.0
804,3306.0,0.0,0.9562790447700873,217906.0,31.0
805,3637.0,27.0,0.9885035459072389,215861.0,31.0
806,3594.0,33.0,0.9908931937895089,217909.0,31.0
807,3477.0,58.0,0.9668036259011881,217915.0,31.0
808,3503.0,52.0,0.9914105275793997,215869.0,31.0
809,3587.0,46.0,0.97745463164261,215873.0,31.0
810,3744.0,26.0,0.9572417808096382,217925.0,31.0
811,3405.0,55.0,0.9835889448244516,217929.0,31.0
812,3386.0,56.0,0.9716037162208044,217931.0,31.0
813,3558.0,57.0,0.9852175398864671,215886.0,31.0
814,3729.0,12.0,0.9562057608839746,217936.0,31.0
815,3699.0,24.0,0.9919904242924604,215891.0,31.0
816,3563.0,33.0,0.9787527054381703,215900.0,31.0
817,3350.0,1.0,0.973745846227402,215904.0,31.0
818,3523.0,41.0,0.9981904789715655,215906.0,31.0
819,3683.0,50.0,0.9618749167072588,217956.0,31.0
820,3466.0,19.0,0.973575534763024,215909.0,31.0
821,3585.0,53.0,0.9854422534140178,217959.0,31.0
822,3595.0,33.0,0.9831469912963845,217960.0,31.0
823,3727.0,28.0,0.9684908262993885,215918.0,31.0
824,3452.0,58.0,0.9613171043469114,215926.0,31.0
825,3583.0,21.0,0.9814456046415425,215927.0,31.0
826,3542.0,52.0,0.9770906718232562,217978.0,31.0
827,3700.0,12.0,0.9856626992632724,215931.0,31.0
828,3599.0,23.0,0.9750454510546701,217984.0,31.0
829,3749.0,29.0,0.9824111660609376,215937.0,31.0
830,3598.0,45.0,0.9949899527378704,217991.0,31.0
831,3365.0,55.0,0.9693900916707042,215946.0,31.0
832,3559.0,57.0,0.9876035351843651,215947.0,31.0
833,3702.0,49.0,0.9757397664776627,215948.0,31.0
834,3406.0,55.0,0.9600241432664901,217994.0,31.0
835,3723.0,47.0,0.9751485437648788,215951.0,31.0
836,3768.0,42.0,0.9903568183144783,215952.0,31.0
837,3634.0,44.0,0.9628331004664304,215953.0,31.0
838,3577.0,3.0,0.9566928031994472,218002.0,31.0
839,3596.0,33.0,0.9798717623642651,218003.0,31.0
840,3525.0,41.0,0.9665255696992955,215958.0,31.0
841,3366.0,55.0,0.9894103224642657,215960.0,31.0
842,3263.0,0.0,0.9846422676506594,215964.0,31.0
843,3885.0,9.0,0.9902565158288035,218015.0,31.0
844,4076.0,15.0,0.9840677291820242,218016.0,31.0
845,3729.0,28.0,0.9889185341329118,215969.0,31.0
846,3563.0,41.0,0.9755703066020566,218017.0,31.0
847,3735.0,24.0,0.9515001645531955,218020.0,31.0
848,3355.0,56.0,0.9870523307144056,215975.0,31.0
849,3784.0,29.0,0.9955356437186108,218027.0,31.0
850,3601.0,23.0,0.9755415526571478,218029.0,31.0
851,3724.0,47.0,0.99393989012952,215985.0,31.0
852,3750.0,29.0,0.9828228462259069,215988.0,31.0
853,3748.0,25.0,0.9747839896077113,215991.0,31.0
854,3701.0,12.0,0.9967617430045481,215992.0,31.0
855,3742.0,48.0,0.9795343857543388,215993.0,31.0
856,3540.0,3.0,0.9782821020058565,215995.0,31.0
857,3389.0,56.0,0.9754534391699599,218043.0,31.0
858,3568.0,23.0,0.975411001104493,216006.0,31.0
859,3373.0,37.0,0.9957119344954585,216007.0,31.0
860,3367.0,55.0,0.9912432579258271,216011.0,31.0
861,3751.0,29.0,0.9829124738168424,216012.0,31.0
862,3471.0,36.0,0.9981281565014144,216035.0,31.0
863,3526.0,41.0,0.9736257088416034,216036.0,31.0
864,3768.0,25.0,0.9657572040234081,218083.0,31.0
865,3311.0,0.0,0.9907112652905927,218089.0,31.0
866,3397.0,38.0,0.9660943879626935,218091.0,31.0
867,3601.0,39.0,0.9898076285255072,216049.0,31.0
868,3734.0,28.0,0.9565844459616143,216053.0,31.0
869,3686.0,50.0,0.9627527272947389,218104.0,31.0
870,3641.0,39.0,0.9636200430283995,218106.0,31.0
871,3598.0,57.0,0.9519329408702698,218108.0,31.0
872,3589.0,53.0,0.9661019392538209,218114.0,31.0
873,3545.0,52.0,0.9884820908779564,218119.0,31.0
874,3700.0,24.0,0.9706896612735729,216079.0,31.0
875,3732.0,12.0,0.9787273442548954,218128.0,31.0
876,3539.0,18.0,0.9875253553664038,216083.0,31.0
877,3604.0,23.0,0.9660449999081138,218131.0,31.0
878,3784.0,48.0,0.9903552183985698,218135.0,31.0
879,3356.0,1.0,0.9806579230438557,216088.0,31.0
880,3642.0,27.0,0.9854656048457311,216090.0,31.0
881,3398.0,38.0,0.9775332747252223,218139.0,31.0
882,3474.0,36.0,0.979518118338584,216093.0,31.0
883,3543.0,22.0,0.9697822616696719,216098.0,31.0
884,3544.0,53.0,0.984939774745897,216099.0,31.0
885,3561.0,57.0,0.976616117590463,216100.0,31.0
886,3376.0,37.0,0.9725469388476474,216104.0,31.0
887,3605.0,39.0,0.9705611091317466,216108.0,31.0
888,3518.0,51.0,0.9851099570217794,216113.0,31.0
889,3546.0,52.0,0.9887541058677601,218161.0,31.0
890,3562.0,57.0,0.9656372425340561,216116.0,31.0
891,3662.0,13.0,0.9630943005948965,218170.0,31.0
892,3537.0,5.0,0.9826781597981267,216127.0,31.0
893,3502.0,20.0,0.9897791070753119,218176.0,31.0
894,3684.0,7.0,0.9930684682592843,216132.0,31.0
895,3826.0,10.0,0.9705842124261163,216136.0,31.0
896,3617.0,8.0,0.9689626449987644,216137.0,31.0
897,3357.0,38.0,0.9767190625859427,216144.0,31.0
898,3315.0,0.0,0.9845931786305404,218194.0,31.0
899,4176.0,17.0,0.9804700190600381,218201.0,31.0
900,3539.0,5.0,0.9756605432805128,216154.0,31.0
901,3685.0,7.0,0.9947677029404579,216155.0,31.0
902,3476.0,36.0,0.9812560357926444,216160.0,31.0
903,3368.0,2.0,0.9812080007758991,218208.0,31.0
904,3783.0,43.0,0.9868553152328887,216163.0,31.0
905,3745.0,48.0,0.9651328142658393,216166.0,31.0
906,3395.0,56.0,0.9577326679675237,218215.0,31.0
907,3592.0,40.0,0.9898684161133814,218219.0,31.0
908,3709.0,26.0,0.967609682917071,216186.0,31.0
909,3399.0,38.0,0.9827415945382011,218242.0,31.0
910,3887.0,9.0,0.9649810499994519,218244.0,31.0
911,3483.0,58.0,0.9717089043785373,218249.0,31.0
912,3787.0,48.0,0.9772537808056165,218252.0,31.0
913,3584.0,3.0,0.9890447123803799,218264.0,31.0
914,3542.0,3.0,0.9941321249117397,216222.0,31.0
915,3566.0,57.0,0.9866154985132,216224.0,31.0
916,3748.0,48.0,0.9666886458513083,216231.0,31.0
917,3774.0,25.0,0.9785005636410397,218281.0,31.0
918,3540.0,5.0,0.9604599110316121,216236.0,31.0
919,3689.0,50.0,0.9855629946908846,218284.0,31.0
920,3541.0,5.0,0.9548426176591108,216238.0,31.0
921,3319.0,2.0,0.9805809421962641,216241.0,31.0
922,3858.0,9.0,0.968286891780969,216246.0,31.0
923,3652.0,32.0,0.9719512450282898,218294.0,31.0
924,3545.0,3.0,0.96527382109504,216248.0,31.0
925,3399.0,56.0,0.9608967385674598,218297.0,31.0
926,3860.0,9.0,0.9957722035166361,216250.0,31.0
927,4056.0,15.0,0.9919841439758876,216251.0,31.0
928,4055.0,15.0,0.9927663542137951,216252.0,31.0
929,3910.0,11.0,0.9927459264458391,216253.0,31.0
930,3543.0,18.0,0.9774028475750658,216254.0,31.0
931,3754.0,29.0,0.9928661467047636,216256.0,31.0
932,3596.0,22.0,0.9661553855427552,218304.0,31.0
933,3369.0,2.0,0.9895443203030806,218308.0,31.0
934,3633.0,21.0,0.9575886975836432,218309.0,31.0
935,3570.0,23.0,0.9672572492470647,216265.0,31.0
936,3749.0,48.0,0.9782604269020365,216267.0,31.0
937,3660.0,32.0,0.9717621858916873,218836.0,31.0
938,3495.0,18.0,0.9891790623529212,214742.0,31.0
939,3597.0,53.0,0.9827364363356317,218846.0,31.0
940,3530.0,20.0,0.9895506872864754,218852.0,31.0
941,3884.0,10.0,0.9890467274018313,218869.0,31.0
942,3958.0,11.0,0.9874482407387666,218870.0,31.0
943,3478.0,51.0,0.9552303456817673,214282.0,31.0
944,3337.0,37.0,0.9642487437798853,214284.0,31.0
945,3609.0,35.0,0.9586103019331446,214290.0,31.0
946,3525.0,45.0,0.9797372218541709,214293.0,31.0
947,3694.0,34.0,0.9873601172331185,218912.0,31.0
948,3678.0,26.0,0.9800353659045917,214306.0,31.0
949,3433.0,36.0,0.9535691478723889,214822.0,31.0
950,3567.0,39.0,0.971256039374419,214314.0,31.0
951,3535.0,20.0,0.9702064569412722,218930.0,31.0
952,3746.0,6.0,0.9789723961748402,218941.0,31.0
953,3696.0,13.0,0.9688355537419693,218949.0,31.0
954,3697.0,13.0,0.9602846552280411,218953.0,31.0
955,3605.0,3.0,0.994633658822043,218955.0,31.0
956,3699.0,13.0,0.9653019878325958,218961.0,31.0
957,3324.0,0.0,0.9584744471466878,218453.0,31.0
958,3626.0,35.0,0.9728062321120864,214875.0,31.0
959,3693.0,27.0,0.9735026363286841,218462.0,31.0
960,3807.0,25.0,0.981418742578655,218977.0,31.0
961,3681.0,14.0,0.9710013098226964,218471.0,31.0
962,3750.0,12.0,0.9671794869675745,218988.0,31.0
963,3637.0,23.0,0.9568884131002755,218993.0,31.0
964,3702.0,50.0,0.9648912658559293,218484.0,31.0
965,3423.0,38.0,0.9564546553586967,219005.0,31.0
966,3734.0,49.0,0.9731319687085471,219009.0,31.0
967,3748.0,6.0,1.0,219015.0,31.0
968,3562.0,41.0,0.9690196286068805,217992.0,31.0
969,3894.0,10.0,0.9849596027754689,219018.0,31.0
970,3822.0,43.0,0.982181994871411,219021.0,31.0
971,3388.0,1.0,0.9589045879034594,218517.0,31.0
972,3603.0,33.0,0.9769124781098889,219031.0,31.0
973,3544.0,20.0,0.9923475691368449,219032.0,31.0
974,3750.0,6.0,0.9683551997609087,219035.0,31.0
975,3960.0,11.0,0.9926516237802152,219040.0,31.0
976,3579.0,5.0,0.9622332366078327,218529.0,31.0
977,3616.0,23.0,0.9620173591652569,218530.0,31.0
978,3673.0,13.0,0.9789503749353534,218533.0,31.0
979,3689.0,35.0,0.9547521081111434,219046.0,31.0
980,3684.0,14.0,0.978530463877392,219047.0,31.0
981,3962.0,11.0,0.9922829940795875,219052.0,31.0
982,3733.0,6.0,0.9810138556008033,218542.0,31.0
983,3528.0,58.0,0.9611499282295158,219054.0,31.0
984,3698.0,34.0,0.9674963980472624,219058.0,31.0
985,3702.0,13.0,0.9744104434428762,219059.0,31.0
986,3895.0,10.0,0.9977349919935885,219060.0,31.0
987,3418.0,36.0,0.983477033480629,214453.0,31.0
988,3799.0,48.0,0.9689732659786435,219061.0,31.0
989,3407.0,38.0,0.9838663605004871,218565.0,31.0
990,3495.0,58.0,0.965132581916204,218566.0,31.0
991,3704.0,50.0,0.9676952334347699,218573.0,31.0
992,3805.0,42.0,0.9868814016615163,218577.0,31.0
993,3765.0,47.0,0.9904718764154979,218578.0,31.0
994,3515.0,20.0,0.9763717825486385,218584.0,31.0
995,3450.0,19.0,0.9576804076472148,214498.0,31.0
996,3602.0,33.0,0.9847122834167793,218596.0,31.0
997,3597.0,22.0,0.9691042527952376,218604.0,31.0
998,3477.0,52.0,0.9674865975712463,214509.0,31.0
999,3339.0,2.0,0.9945523627222467,217069.0,31.0
1000,3573.0,41.0,0.9898206460033981,218605.0,31.0
1001,3794.0,29.0,0.9856524778027448,218630.0,31.0
1002,3737.0,6.0,0.9830340758968216,218631.0,31.0
1003,3796.0,48.0,0.9757425805097226,218633.0,31.0
1004,3518.0,20.0,0.9963197001945473,218636.0,31.0
1005,3738.0,6.0,0.9675934037565705,218638.0,31.0
1006,3624.0,23.0,0.9666917705512944,218643.0,31.0
1007,3677.0,13.0,0.9839671347032197,218651.0,31.0
1008,3634.0,34.0,0.9739950201402848,215584.0,31.0
1009,3696.0,27.0,0.9834514986237075,218662.0,31.0
1010,3520.0,20.0,0.9912609526648353,218670.0,31.0
1011,3782.0,31.0,0.9560278429186125,214579.0,31.0
1012,3673.0,44.0,0.9579090145960837,218677.0,31.0
1013,3739.0,47.0,0.9603173569432236,217153.0,31.0
1014,3521.0,20.0,0.9736128608578949,218692.0,31.0
1015,3602.0,40.0,0.9883412367206393,218695.0,31.0
1016,3784.0,25.0,0.9938690409088174,218697.0,31.0
1017,3310.0,1.0,0.9537737789450115,214604.0,31.0
1018,3892.0,9.0,0.9876576137298892,218702.0,31.0
1019,4090.0,15.0,0.9964755754237327,218703.0,31.0
1020,3873.0,10.0,0.9834270151234701,218709.0,31.0
1021,3853.0,31.0,0.9825412421202466,218712.0,31.0
1022,3335.0,0.0,0.9627486774436667,218721.0,31.0
1023,3598.0,22.0,0.9654433412215977,218724.0,31.0
1024,3785.0,25.0,0.9717796395752788,218725.0,31.0
1025,3527.0,19.0,0.9957048659539988,218727.0,31.0
1026,3524.0,20.0,0.9821850847940061,218728.0,31.0
1027,3412.0,38.0,0.993432957792413,218742.0,31.0
1028,3505.0,20.0,0.9659321947781033,218234.0,31.0
1029,3412.0,56.0,0.9566524208923766,218748.0,31.0
1030,3682.0,13.0,0.9589340979827174,218752.0,31.0
1031,3597.0,33.0,0.9785323020128123,218247.0,31.0
1032,3571.0,3.0,0.9902525427619615,217757.0,31.0
1033,3519.0,18.0,0.9637241910254063,215198.0,31.0
1034,3272.0,0.0,0.9720085346755665,216735.0,31.0
1035,3718.0,50.0,0.9893957214308657,218790.0,31.0
1036,3606.0,45.0,0.9856961483324768,218792.0,31.0
1037,3455.0,19.0,0.9509602355061916,214705.0,31.0
1038,3842.0,31.0,0.9531243411498892,217779.0,31.0
1039,4178.0,17.0,0.9688233240101792,218807.0,31.0
1040,3687.0,13.0,0.9728010028228931,218821.0,31.0
1041,3792.0,25.0,0.963448716100897,218824.0,31.0
1042,3800.0,29.0,0.9659181591534808,218826.0,31.0
1043,3581.0,41.0,0.9916015336073094,219020.0,31.0
1044,3685.0,13.0,0.9891041093370865,218803.0,31.0
1045,3896.0,10.0,0.9893381221184995,219062.0,31.0
1046,3613.0,23.0,0.9854620807488361,218458.0,31.0
1047,3325.0,0.0,0.9718556197635418,218459.0,31.0
1048,3751.0,6.0,0.9875065800121888,219042.0,31.0
1049,3609.0,32.0,0.9770547185346987,216269.0,31.0
1050,3594.0,21.0,0.9849615254654562,216270.0,31.0
1051,3595.0,21.0,0.9876264280512126,216271.0,31.0
1052,3576.0,33.0,0.9786641082530734,216277.0,31.0
1053,3710.0,26.0,0.9908396599579966,216280.0,31.0
1054,3530.0,41.0,0.9761142879014286,216283.0,31.0
1055,3692.0,50.0,0.9831809459153446,218332.0,31.0
1056,3550.0,40.0,0.978570014268707,216290.0,31.0
1057,3691.0,27.0,0.9919147088742172,218352.0,31.0
1058,3515.0,19.0,0.9904500929275152,218353.0,31.0
1059,3684.0,35.0,0.9734581053259675,218355.0,31.0
1060,3508.0,20.0,0.9903518109312761,218360.0,31.0
1061,3607.0,57.0,0.9874524328171708,218361.0,31.0
1062,3790.0,29.0,0.9648603994455307,218364.0,31.0
1063,3321.0,2.0,0.9782809396792883,216332.0,31.0
1064,3322.0,0.0,0.9780898139613667,218390.0,31.0
1065,3599.0,33.0,0.9814693183984765,218391.0,31.0
1066,3669.0,35.0,0.9820551675558635,216348.0,31.0
1067,3688.0,6.0,0.9773401635498717,216352.0,31.0
1068,3689.0,6.0,0.9898976832452281,216361.0,31.0
1069,3596.0,21.0,0.9813993974375315,216369.0,31.0
1070,3669.0,13.0,0.9949861918532146,218418.0,31.0
1071,3687.0,34.0,0.9839708751686936,218311.0,31.0
1072,3548.0,3.0,0.9912695541853492,216378.0,31.0
1073,3362.0,38.0,0.9841676284991125,216380.0,31.0
1074,3685.0,35.0,0.987603324584294,218431.0,31.0
1075,3577.0,33.0,0.9767462445788871,216387.0,31.0
1076,3654.0,49.0,0.9615489084714822,214341.0,31.0
1077,3594.0,44.0,0.9585791527857042,214342.0,31.0
1078,3600.0,46.0,0.9915347134162755,216392.0,31.0
1079,3511.0,20.0,0.990607541844851,218441.0,31.0
1080,3741.0,24.0,0.9936414887269308,218445.0,31.0
1081,4108.0,17.0,0.9664840707022614,214351.0,31.0
1082,3612.0,23.0,0.9749964986000784,218447.0,31.0
1083,3644.0,50.0,0.983426787194417,214353.0,31.0
1084,3603.0,45.0,0.9941537211419222,218449.0,31.0
1085,3520.0,19.0,0.9839038166077758,218450.0,31.0
1086,3623.0,46.0,0.9831398368742571,218452.0,31.0
1087,3648.0,27.0,0.9559790851933536,216406.0,31.0
1088,3757.0,29.0,0.984080507033218,216411.0,31.0
1089,3688.0,47.0,0.9938977720021043,214365.0,31.0
1090,2222.0,59.0,0.9869020817601519,214369.0,31.0
1091,3612.0,32.0,0.9677290196547753,216423.0,31.0
1092,3653.0,50.0,0.980529555501384,216426.0,31.0
1093,3776.0,42.0,0.9812604632826609,216427.0,31.0
1094,3648.0,44.0,0.9838795142081032,216429.0,31.0
1095,3493.0,58.0,0.9554518999600027,218477.0,31.0
1096,3777.0,31.0,0.9946757634841917,214383.0,31.0
1097,3549.0,52.0,0.9940456139002822,218480.0,31.0
1098,3605.0,14.0,0.9638815501990986,214386.0,31.0
1099,3656.0,32.0,0.9734660133719276,218482.0,31.0
1100,3585.0,32.0,0.981297124406808,214391.0,31.0
1101,3364.0,1.0,0.9651576970454078,216440.0,31.0
1102,3511.0,52.0,0.9933412073831414,216441.0,31.0
1103,3588.0,3.0,0.9630863266157341,218488.0,31.0
1104,3644.0,39.0,0.9880079992266889,218490.0,31.0
1105,3708.0,28.0,0.9680465107496529,214400.0,31.0
1106,3672.0,13.0,0.9959495032938604,218502.0,31.0
1107,2231.0,59.0,0.9555867963244523,214411.0,31.0
1108,3572.0,41.0,0.9884599902191477,218508.0,31.0
1109,3614.0,39.0,0.9671862381974199,216466.0,31.0
1110,3744.0,24.0,0.9627000120113491,218514.0,31.0
1111,3550.0,52.0,0.9969826753344557,218516.0,31.0
1112,3454.0,4.0,0.9912949991257217,214423.0,31.0
1113,3363.0,56.0,0.9899215851451608,216477.0,31.0
1114,3585.0,54.0,0.9869596802893766,218526.0,31.0
1115,3709.0,28.0,0.9821345199944846,214434.0,31.0
1116,3657.0,32.0,0.9865398419798315,218531.0,31.0
1117,3613.0,32.0,0.9617568223684966,216484.0,31.0
1118,3553.0,40.0,0.9946350231838947,216486.0,31.0
1119,3731.0,6.0,0.9850960512439957,218536.0,31.0
1120,3544.0,54.0,0.9905926602487598,216492.0,31.0
1121,3598.0,21.0,0.9889233305940985,216499.0,31.0
1122,3364.0,38.0,0.9864519416933738,216502.0,31.0
1123,3778.0,25.0,0.9577818924684347,218552.0,31.0
1124,3771.0,30.0,0.9599599884746098,216506.0,31.0
1125,3527.0,45.0,0.986886562610107,214463.0,31.0
1126,3514.0,20.0,0.9777839574665714,218560.0,31.0
1127,4119.0,17.0,0.9808114541437513,214468.0,31.0
1128,3885.0,11.0,0.963201945341729,214469.0,31.0
1129,3676.0,12.0,0.97369140029232,214474.0,31.0
1130,3600.0,21.0,0.9854039455772979,216530.0,31.0
1131,3783.0,28.0,0.9901336189269722,218581.0,31.0
1132,3758.0,30.0,0.994951983318303,214493.0,31.0
1133,3718.0,26.0,0.9868336376046631,216541.0,31.0
1134,3569.0,45.0,0.9906684306735132,216543.0,31.0
1135,3686.0,35.0,0.9864482142340287,218593.0,31.0
1136,3269.0,0.0,0.9699152744899487,216549.0,31.0
1137,3687.0,35.0,0.9852556365432628,218606.0,31.0
1138,3594.0,53.0,0.9882368636840273,218607.0,31.0
1139,2239.0,59.0,0.9597327936075084,214512.0,31.0
1140,4112.0,16.0,0.9869591804172684,216561.0,31.0
1141,3420.0,36.0,0.9869028199236464,214514.0,31.0
1142,3331.0,0.0,0.9862718446523422,218610.0,31.0
1143,2240.0,59.0,0.987659100051995,214516.0,31.0
1144,2241.0,59.0,0.9774998843104888,214517.0,31.0
1145,3387.0,37.0,0.9882681417977447,216565.0,31.0
1146,3416.0,37.0,0.9872881209842361,218618.0,31.0
1147,3748.0,43.0,0.9783041878324776,214531.0,31.0
1148,3649.0,14.0,0.996449228603809,216583.0,31.0
1149,3554.0,53.0,0.9775364153730253,216585.0,31.0
1150,3745.0,28.0,0.981702820262833,216587.0,31.0
1151,3552.0,52.0,1.0,218639.0,31.0
1152,3519.0,20.0,0.9894287941527247,218640.0,31.0
1153,4126.0,17.0,0.9777003098773883,214548.0,31.0
1154,3710.0,28.0,0.9727223299733591,214549.0,31.0
1155,3549.0,54.0,0.9923676062057335,216596.0,31.0
1156,3761.0,29.0,0.9876691578876244,216598.0,31.0
1157,3624.0,27.0,0.9569539629790829,214559.0,31.0
1158,3595.0,3.0,0.9655959619186691,218655.0,31.0
1159,3709.0,12.0,0.9704146685874495,216610.0,31.0
1160,3755.0,48.0,0.9848110735745894,216612.0,31.0
1161,3367.0,38.0,0.9869454763228916,216613.0,31.0
1162,3719.0,48.0,0.9650397240916944,214568.0,31.0
1163,3556.0,53.0,0.9948745691879478,216618.0,31.0
1164,3679.0,13.0,0.9739437192143267,218673.0,31.0
1165,3611.0,14.0,0.9834692450038408,214583.0,31.0
1166,3553.0,52.0,0.9617393151741198,218679.0,31.0
1167,3737.0,42.0,0.9895067959419658,214585.0,31.0
1168,3536.0,41.0,0.9869484941450001,216635.0,31.0
1169,3502.0,58.0,0.9795337657878366,218683.0,31.0
1170,3473.0,19.0,0.9818265314898791,216642.0,31.0
1171,3503.0,58.0,0.9782469673525539,218694.0,31.0
1172,3599.0,44.0,0.993422850030941,214599.0,31.0
1173,3823.0,30.0,0.9651053572601823,218698.0,31.0
1174,3424.0,36.0,0.9722344659288367,214603.0,31.0
1175,4026.0,15.0,0.9631647961641584,214616.0,31.0
1176,3526.0,19.0,0.9882307264902267,218716.0,31.0
1177,3427.0,36.0,0.9802937231728919,214621.0,31.0
1178,3651.0,7.0,0.9874772887263161,214623.0,31.0
1179,3712.0,50.0,0.9873398818013344,218722.0,31.0
1180,3379.0,55.0,0.9856093359099222,216676.0,31.0
1181,3470.0,4.0,0.9904936339681083,214630.0,31.0
1182,3487.0,18.0,0.9768415730391609,214631.0,31.0
1183,3558.0,40.0,0.9883015515642228,216680.0,31.0
1184,3774.0,30.0,0.9767674840085223,216681.0,31.0
1185,3875.0,10.0,0.9668073256910328,218731.0,31.0
1186,3682.0,26.0,0.9852818717233708,214636.0,31.0
1187,3876.0,10.0,0.9869673127467564,218732.0,31.0
1188,3650.0,14.0,0.9924000527629773,216688.0,31.0
1189,3713.0,50.0,0.9684609547936684,218736.0,31.0
1190,3662.0,49.0,0.9678291584707173,214643.0,31.0
1191,3559.0,40.0,0.9888853123984707,216693.0,31.0
1192,4130.0,17.0,0.9800040539520487,214647.0,31.0
1193,3539.0,41.0,0.9934287029773652,216695.0,31.0
1194,2248.0,59.0,0.980883236732655,214653.0,31.0
1195,3428.0,36.0,0.9793921643641439,214654.0,31.0
1196,3738.0,42.0,0.9837387673250786,214655.0,31.0
1197,3617.0,35.0,0.9943042316353702,214656.0,31.0
1198,3654.0,27.0,0.9788199865108651,216703.0,31.0
1199,3471.0,4.0,0.9841984719927147,214660.0,31.0
1200,3956.0,11.0,0.9884057719408842,218756.0,31.0
1201,3375.0,2.0,0.9894790757784991,218759.0,31.0
1202,3551.0,22.0,0.9655972288699292,216716.0,31.0
1203,3625.0,46.0,0.9909166445438526,218764.0,31.0
1204,3371.0,38.0,0.983485242760738,216720.0,31.0
1205,4116.0,16.0,0.992288990396407,216733.0,31.0
1206,3799.0,29.0,0.9644056166335986,218781.0,31.0
1207,3789.0,25.0,0.992567968526594,218782.0,31.0
1208,3273.0,0.0,0.9812072716878071,216737.0,31.0
1209,3827.0,30.0,0.9938255746178171,218786.0,31.0
1210,3710.0,12.0,0.965266336080565,216744.0,31.0
1211,3376.0,2.0,0.9843682572652789,218799.0,31.0
1212,3493.0,18.0,0.9793739002471382,214706.0,31.0
1213,3790.0,25.0,0.9956192560160829,218806.0,31.0
1214,3696.0,47.0,0.9596516154885687,214712.0,31.0
1215,3528.0,20.0,0.9625009381218456,218810.0,31.0
1216,3825.0,9.0,0.9788801455067098,214715.0,31.0
1217,3740.0,42.0,0.9832626087228867,214716.0,31.0
1218,3373.0,1.0,0.9720635952031951,216763.0,31.0
1219,3654.0,14.0,0.9906398888398662,216768.0,31.0
1220,3732.0,47.0,0.9908675137636488,216771.0,31.0
1221,3374.0,1.0,0.9866457529778649,216773.0,31.0
1222,3475.0,4.0,0.9771836838150146,214739.0,31.0
1223,4076.0,16.0,0.9880936635139901,214743.0,31.0
1224,3508.0,58.0,0.9844716812403277,218844.0,31.0
1225,3828.0,9.0,0.9679631586582682,214749.0,31.0
1226,3791.0,43.0,0.9953220035501388,216798.0,31.0
1227,3826.0,9.0,0.9849615567342852,214751.0,31.0
1228,3476.0,19.0,0.9884586937341028,216800.0,31.0
1229,3880.0,10.0,0.9812223727354991,218845.0,31.0
1230,3698.0,7.0,0.9905854896510885,216804.0,31.0
1231,3598.0,8.0,0.9873603878294195,214760.0,31.0
1232,3313.0,1.0,0.994670246740833,214762.0,31.0
1233,3531.0,20.0,0.9622963515899898,218863.0,31.0
1234,3521.0,4.0,0.9784504904983805,216816.0,31.0
1235,3561.0,40.0,0.9845142300356639,216817.0,31.0
1236,3557.0,54.0,0.9924174153745117,216819.0,31.0
1237,4130.0,16.0,0.9783469151516232,218868.0,31.0
1238,3418.0,37.0,0.9883106948061332,218871.0,31.0
1239,3744.0,6.0,0.9855249787434837,218872.0,31.0
1240,3754.0,43.0,0.9865541687515068,214778.0,31.0
1241,3724.0,26.0,0.9873164516868876,216828.0,31.0
1242,3572.0,39.0,0.9610563884812168,214781.0,31.0
1243,3826.0,31.0,0.9853934105901389,216829.0,31.0
1244,3368.0,56.0,0.9570573419301073,216831.0,31.0
1245,3478.0,19.0,0.9739963297527875,216832.0,31.0
1246,3510.0,58.0,0.9915579048491895,218878.0,31.0
1247,3679.0,12.0,0.9700300230685427,214787.0,31.0
1248,3511.0,58.0,0.9862609017672157,218883.0,31.0
1249,3607.0,45.0,0.9728749790273222,218884.0,31.0
1250,3828.0,31.0,0.9735524311292055,216848.0,31.0
1251,3332.0,2.0,0.9797264521431565,216849.0,31.0
1252,3561.0,53.0,0.9838288300077578,216856.0,31.0
1253,3551.0,5.0,0.9721931022464502,216858.0,31.0
1254,3681.0,12.0,0.9572828350421502,214811.0,31.0
1255,3694.0,13.0,0.9768024707748054,218913.0,31.0
1256,3502.0,18.0,0.9846437878259026,214821.0,31.0
1257,3515.0,58.0,0.9882360699048134,218918.0,31.0
1258,3695.0,13.0,0.9839619833183398,218929.0,31.0
1259,2255.0,59.0,0.9957618511702778,214836.0,31.0
1260,4062.0,15.0,0.9820375115712163,216884.0,31.0
1261,3923.0,11.0,0.9729572845653809,216885.0,31.0
1262,3513.0,54.0,0.9837368783721121,214843.0,31.0
1263,3624.0,35.0,0.9635135541775226,214845.0,31.0
1264,3483.0,36.0,0.9942856120340634,216899.0,31.0
1265,3803.0,25.0,0.9775633086830314,218948.0,31.0
1266,3656.0,34.0,0.9899705033254103,216903.0,31.0
1267,3505.0,18.0,0.9947554554892505,214859.0,31.0
1268,3698.0,13.0,0.9786486863483989,218956.0,31.0
1269,4029.0,15.0,0.985343019119411,214865.0,31.0
1270,3747.0,6.0,0.98861292024948,218963.0,31.0
1271,3712.0,12.0,0.9723109013963452,216921.0,31.0
1272,3507.0,18.0,0.9698000933015508,214874.0,31.0
1273,3612.0,46.0,0.988691788842261,216922.0,31.0
1274,3522.0,52.0,0.9951952026558205,216937.0,31.0
1275,3675.0,24.0,0.9708651887148116,214890.0,31.0
1276,3545.0,41.0,0.9862278920566605,216943.0,31.0
1277,4141.0,17.0,0.9786648941759457,214897.0,31.0
1278,3558.0,22.0,0.976694702467118,216952.0,31.0
1279,3608.0,21.0,0.969618243588836,216956.0,31.0
1280,3574.0,39.0,0.956431915425729,214911.0,31.0
1281,3381.0,55.0,0.9833794774664455,216962.0,31.0
1282,3659.0,50.0,0.9855017330564481,216970.0,31.0
1283,3655.0,7.0,0.9885637584132078,214925.0,31.0
1284,3375.0,38.0,0.9874571299038655,216974.0,31.0
1285,3770.0,29.0,0.9703403253865923,216975.0,31.0
1286,3484.0,4.0,0.9747503917904352,214934.0,31.0
1287,2257.0,59.0,0.9747427345446816,214938.0,31.0
1288,3485.0,4.0,0.9631615254521352,214939.0,31.0
1289,3755.0,28.0,0.9913549263941106,217000.0,31.0
1290,3336.0,2.0,0.980112656785122,217001.0,31.0
1291,4081.0,16.0,0.9778601654408539,214955.0,31.0
1292,3602.0,8.0,0.9794307762999813,214958.0,31.0
1293,4032.0,15.0,0.9798634386247361,214959.0,31.0
1294,3829.0,9.0,0.9888631358028086,214964.0,31.0
1295,3437.0,36.0,0.9741426358654026,214968.0,31.0
1296,3577.0,45.0,0.9737939415772745,217019.0,31.0
1297,3536.0,40.0,0.9870325249757393,214972.0,31.0
1298,3757.0,25.0,0.9882632759474149,217028.0,31.0
1299,3685.0,26.0,0.9710252430851125,214982.0,31.0
1300,3573.0,57.0,0.9842123531435807,217032.0,31.0
1301,3519.0,5.0,0.977036813127239,214987.0,31.0
1302,3671.0,49.0,0.9757767970846596,214990.0,31.0
1303,3762.0,48.0,0.9880044669136882,217040.0,31.0
1304,3561.0,22.0,0.9857711851450107,217041.0,31.0
1305,3555.0,5.0,0.966275352743531,217046.0,31.0
1306,3536.0,33.0,0.9773123182874466,215000.0,31.0
1307,3371.0,56.0,0.9726259105689098,217063.0,31.0
1308,3633.0,35.0,0.9880903609702218,215017.0,31.0
1309,3340.0,2.0,0.9707153994110028,217071.0,31.0
1310,3675.0,49.0,0.9764899515701168,215026.0,31.0
1311,3575.0,57.0,0.9926588904710606,217078.0,31.0
1312,3761.0,43.0,0.9859312560018956,215039.0,31.0
1313,3661.0,34.0,0.9806344204290616,217089.0,31.0
1314,3687.0,26.0,0.9808843336330566,215046.0,31.0
1315,3536.0,51.0,0.9702044749840607,217097.0,31.0
1316,3631.0,8.0,0.9914522774348962,217098.0,31.0
1317,3568.0,46.0,0.992364195213003,215057.0,31.0
1318,3794.0,43.0,0.9880694819281304,217110.0,31.0
1319,3763.0,48.0,0.9888633122034907,217112.0,31.0
1320,3635.0,35.0,0.9893425756133816,215071.0,31.0
1321,3662.0,50.0,0.9910400662389534,217120.0,31.0
1322,3614.0,21.0,0.9963613110780197,217127.0,31.0
1323,3527.0,52.0,0.9866283396514424,217131.0,31.0
1324,3629.0,34.0,0.9758240545435217,215085.0,31.0
1325,3634.0,32.0,0.9781956850520043,217142.0,31.0
1326,3282.0,0.0,0.9905956097228905,217148.0,31.0
1327,3345.0,38.0,0.9714521240803762,215103.0,31.0
1328,3662.0,27.0,0.9688755505442201,217155.0,31.0
1329,3793.0,31.0,0.9766123511889092,215108.0,31.0
1330,3565.0,22.0,0.9769667101783142,217159.0,31.0
1331,3386.0,55.0,0.9831002768605057,217164.0,31.0
1332,3838.0,10.0,0.9882054827625724,217173.0,31.0
1333,4036.0,15.0,0.9887064110890725,215132.0,31.0
1334,3328.0,1.0,0.9944129861967702,215138.0,31.0
1335,3523.0,5.0,0.9869433490060024,215139.0,31.0
1336,3393.0,37.0,0.9668139022346572,217193.0,31.0
1337,3579.0,39.0,0.9733967694440498,215148.0,31.0
1338,3286.0,0.0,0.980732594367652,217205.0,31.0
1339,3590.0,33.0,0.9726714362739836,217220.0,31.0
1340,3394.0,37.0,0.9670497423570686,217221.0,31.0
1341,3445.0,36.0,0.9570536092207838,215174.0,31.0
1342,3446.0,36.0,0.9750304577177099,215190.0,31.0
1343,3723.0,49.0,0.9906401645762628,217241.0,31.0
1344,3680.0,49.0,0.9913923167826879,215202.0,31.0
1345,3616.0,44.0,0.9934393382207476,215203.0,31.0
1346,3740.0,47.0,0.986090793312094,217255.0,31.0
1347,3658.0,7.0,0.9898910428366514,215208.0,31.0
1348,3754.0,42.0,0.9834060251588577,215209.0,31.0
1349,3559.0,5.0,0.9651836914121801,217256.0,31.0
1350,3794.0,31.0,0.9874355209960097,215211.0,31.0
1351,3566.0,22.0,0.9881653955086752,217260.0,31.0
1352,3741.0,47.0,0.9733402199128872,217265.0,31.0
1353,4037.0,15.0,0.9814250208064543,215220.0,31.0
1354,3527.0,5.0,0.971446904991987,215222.0,31.0
1355,3690.0,26.0,0.9869207991615011,215234.0,31.0
1356,3582.0,39.0,0.9657785769471601,215235.0,31.0
1357,3724.0,24.0,0.977761790408381,217284.0,31.0
1358,3685.0,24.0,0.9851795555405962,215255.0,31.0
1359,3730.0,48.0,0.9723850941370225,215281.0,31.0
1360,3731.0,48.0,0.9852207321183332,215282.0,31.0
1361,3541.0,51.0,0.9702863066737296,217333.0,31.0
1362,4089.0,16.0,0.9779872474911541,215288.0,31.0
1363,3604.0,8.0,0.9908990664003892,215291.0,31.0
1364,3464.0,58.0,0.9568868068484168,217339.0,31.0
1365,3389.0,55.0,0.9941577572197129,217344.0,31.0
1366,3334.0,1.0,0.9638976983780574,215297.0,31.0
1367,3894.0,11.0,0.9690829512632202,215298.0,31.0
1368,3659.0,44.0,0.9960005588718184,217345.0,31.0
1369,3377.0,56.0,0.9549190148074785,217350.0,31.0
1370,3619.0,46.0,0.988767805945037,217352.0,31.0
1371,3588.0,45.0,0.977055121691214,217356.0,31.0
1372,3564.0,3.0,0.9632303825989299,217363.0,31.0
1373,3523.0,18.0,0.9609082063740396,215325.0,31.0
1374,3561.0,5.0,0.9722207302794833,217373.0,31.0
1375,3575.0,53.0,0.9871003394757093,217378.0,31.0
1376,3542.0,51.0,0.9860138168748632,217381.0,31.0
1377,3451.0,36.0,0.9860801434670843,215335.0,31.0
1378,3390.0,55.0,0.9574470507803214,217383.0,31.0
1379,3571.0,22.0,0.9844811768068343,217388.0,31.0
1380,3666.0,7.0,0.9593613709719866,215342.0,31.0
1381,3358.0,55.0,0.9614781187662731,215347.0,31.0
1382,3643.0,13.0,0.9651991979760173,217395.0,31.0
1383,3348.0,38.0,0.9890788021620794,215350.0,31.0
1384,3625.0,14.0,0.9881290291163398,215354.0,31.0
1385,3553.0,57.0,0.9811383773830302,215355.0,31.0
1386,3567.0,54.0,0.9900219246785742,217403.0,31.0
1387,3591.0,33.0,0.9828817372820637,217412.0,31.0
1388,3740.0,25.0,0.9955286959513039,215369.0,31.0
1389,3627.0,14.0,0.9809483279663336,215370.0,31.0
1390,3667.0,7.0,0.9517911328892977,215371.0,31.0
1391,3565.0,3.0,0.9740691685793714,217421.0,31.0
1392,3566.0,3.0,0.994349857108008,217424.0,31.0
1393,3561.0,23.0,0.979337792385063,215381.0,31.0
1394,3606.0,8.0,0.9827388122271392,215386.0,31.0
1395,3790.0,30.0,0.9826588054281788,217434.0,31.0
1396,3583.0,23.0,0.9626630040437668,217436.0,31.0
1397,3662.0,44.0,0.9924921769478008,217444.0,31.0
1398,3840.0,9.0,0.9829641147077941,215398.0,31.0
1399,3768.0,43.0,0.9614578147490264,215400.0,31.0
1400,3344.0,56.0,0.9843335882807712,215404.0,31.0
1401,3737.0,29.0,0.981622368941333,215415.0,31.0
1402,3346.0,56.0,0.972911955120514,215418.0,31.0
1403,3607.0,8.0,0.9545123298234917,215420.0,31.0
1404,3586.0,39.0,0.98744007330673,215422.0,31.0
1405,3670.0,7.0,0.9793338386766828,215423.0,31.0
1406,3792.0,30.0,0.9650828632055376,217480.0,31.0
1407,3501.0,4.0,0.9929751629674125,215434.0,31.0
1408,3744.0,47.0,0.9896957850012698,217490.0,31.0
1409,3381.0,1.0,0.9560859916958991,217500.0,31.0
1410,3841.0,9.0,0.9881935743201313,215454.0,31.0
1411,3585.0,23.0,0.9912660613383171,217508.0,31.0
1412,3621.0,44.0,0.9926330026238324,215462.0,31.0
1413,3668.0,27.0,0.9900286968619334,217510.0,31.0
1414,3765.0,30.0,0.9648883747436571,215464.0,31.0
1415,3554.0,33.0,0.9825744810475824,215467.0,31.0
1416,3671.0,7.0,0.9950946176000915,215477.0,31.0
1417,3769.0,28.0,0.9916884068901107,217534.0,31.0
1418,3342.0,1.0,0.9689649457227826,215490.0,31.0
1419,3838.0,31.0,0.9925988721412031,217544.0,31.0
1420,3770.0,43.0,0.9577487877892853,215501.0,31.0
1421,3776.0,29.0,0.9626893821113194,217551.0,31.0
1422,3843.0,9.0,0.9687125574163795,215507.0,31.0
1423,3576.0,22.0,0.9854178708147788,217557.0,31.0
1424,3551.0,41.0,0.9905836280775709,217558.0,31.0
1425,4094.0,16.0,0.9944638675099088,215518.0,31.0
1426,3714.0,6.0,0.9841534447520756,217567.0,31.0
1427,3593.0,45.0,0.9731828806227635,217575.0,31.0
1428,3689.0,24.0,0.9630719659343717,215533.0,31.0
1429,3545.0,51.0,0.9743028367666345,217584.0,31.0
1430,3822.0,10.0,0.9615916111151197,215537.0,31.0
1431,3484.0,20.0,0.9693935888207634,217590.0,31.0
1432,3468.0,58.0,0.9946095203472782,217592.0,31.0
1433,3552.0,41.0,0.99099652864209,217595.0,31.0
1434,3577.0,22.0,0.989976473311792,217596.0,31.0
1435,3403.0,37.0,0.9808227846888439,217600.0,31.0
1436,3527.0,54.0,0.984247602724996,215553.0,31.0
1437,3589.0,39.0,0.9664837921052691,215557.0,31.0
1438,3571.0,21.0,0.9822219724065573,215568.0,31.0
1439,4041.0,15.0,0.9804386164369829,215570.0,31.0
1440,3669.0,34.0,0.9906374577510477,217622.0,31.0
1441,3354.0,2.0,0.9750392263335209,217624.0,31.0
1442,3900.0,11.0,0.9866866545881307,215577.0,31.0
1443,3633.0,27.0,0.9827700290925822,215583.0,31.0
1444,3671.0,34.0,0.9678152096193424,217632.0,31.0
1445,3841.0,31.0,0.98456091579155,217633.0,31.0
1446,3554.0,41.0,0.9879148204800221,217647.0,31.0
1447,3644.0,8.0,0.9898643263539353,217650.0,31.0
1448,3664.0,44.0,0.9885976221268864,217651.0,31.0
1449,3691.0,49.0,0.9885219439373579,215604.0,31.0
1450,3297.0,0.0,0.9886854878377327,217653.0,31.0
1451,3586.0,57.0,0.9914929906034409,217655.0,31.0
1452,3773.0,43.0,0.9908715703184214,215611.0,31.0
1453,3803.0,31.0,0.9817989159510989,215612.0,31.0
1454,3591.0,39.0,0.9699421276346484,215631.0,31.0
1455,3528.0,54.0,0.9777993799247638,215636.0,31.0
1456,3672.0,27.0,0.9909627329841691,217685.0,31.0
1457,3505.0,19.0,0.9601788899675641,217702.0,31.0
1458,3547.0,51.0,0.9791373451560355,217703.0,31.0
1459,3557.0,41.0,0.9868414376495738,217704.0,31.0
1460,4162.0,17.0,0.9879305685344587,215657.0,31.0
1461,3649.0,50.0,0.9947239721573795,215658.0,31.0
1462,3579.0,53.0,0.9957731991414019,217711.0,31.0
1463,3509.0,51.0,0.9737346915412831,215682.0,31.0
1464,3716.0,6.0,0.9909081116018014,217731.0,31.0
1465,3564.0,23.0,0.9810669264919325,215690.0,31.0
1466,3529.0,54.0,0.9640572143725424,215693.0,31.0
1467,3358.0,2.0,0.9900717978092747,217747.0,31.0
1468,3651.0,13.0,0.9902488383803958,217752.0,31.0
1469,3694.0,12.0,0.9611103485873544,215708.0,31.0
1470,3775.0,43.0,0.9812901295984727,215710.0,31.0
1471,3595.0,45.0,0.9741993987055413,217761.0,31.0
1472,3738.0,48.0,0.9716186662246405,215721.0,31.0
1473,3400.0,55.0,0.9654894818818721,217772.0,31.0
1474,3556.0,57.0,0.9961835954491653,215725.0,31.0
1475,3474.0,58.0,0.9797949997640093,217790.0,31.0
1476,3845.0,10.0,0.9700918517593675,217795.0,31.0
1477,3761.0,42.0,0.9833153492507318,215748.0,31.0
1478,3676.0,34.0,0.9977328951673632,217800.0,31.0
1479,3544.0,40.0,0.9811406009856171,215757.0,31.0
1480,3682.0,6.0,0.9609495925887247,215758.0,31.0
1481,3775.0,28.0,0.9960795384877275,217806.0,31.0
1482,3652.0,13.0,0.982887320663396,217808.0,31.0
1483,3635.0,34.0,0.9898693435392447,215765.0,31.0
1484,3490.0,20.0,0.9888807002633354,217818.0,31.0
1485,3388.0,38.0,0.9699110683665262,217819.0,31.0
1486,3582.0,53.0,0.9904249490608799,217828.0,31.0
1487,3530.0,18.0,0.9686538339448156,215784.0,31.0
1488,3569.0,5.0,0.9602955881103337,217833.0,31.0
1489,3566.0,23.0,0.9660745877931957,215787.0,31.0
1490,3781.0,29.0,0.995240205609389,217845.0,31.0
1491,3650.0,50.0,0.9903716433792308,215803.0,31.0
1492,3539.0,52.0,0.9929267817839615,217858.0,31.0
1493,3765.0,42.0,0.9928777529901405,215816.0,31.0
1494,3702.0,26.0,0.9857831288500182,215818.0,31.0
1495,3538.0,3.0,0.9611569734035504,215823.0,31.0
1496,3679.0,7.0,0.9750644673993589,215824.0,31.0
1497,3593.0,57.0,0.9802421101007962,217872.0,31.0
1498,3628.0,21.0,0.958841171450422,217877.0,31.0
1499,3407.0,37.0,0.9932505000829182,217878.0,31.0
1500,3699.0,12.0,0.9639866183399475,215839.0,31.0
1501,3508.0,19.0,0.9929405720272454,217887.0,31.0
1502,3740.0,48.0,0.9867337263254776,215841.0,31.0
1503,3554.0,45.0,0.9972894897387782,215843.0,31.0
1504,3741.0,48.0,0.9840500768203662,215847.0,31.0
1505,3595.0,23.0,0.9753540580979998,217901.0,31.0
1506,3404.0,55.0,0.973747037801708,217911.0,31.0
1507,3847.0,31.0,0.9884316421956855,217912.0,31.0
1508,3698.0,24.0,0.9932606289637329,215865.0,31.0
1509,3748.0,29.0,0.974985050285062,215876.0,31.0
1510,3597.0,23.0,0.9651435048745596,217927.0,31.0
1511,3369.0,37.0,0.9940404726164136,215882.0,31.0
1512,3352.0,38.0,0.9898767062263434,215896.0,31.0
1513,3362.0,2.0,0.9981971613037691,217947.0,31.0
1514,3637.0,34.0,0.9894245958585131,215901.0,31.0
1515,3388.0,56.0,0.9777744469639637,217952.0,31.0
1516,3648.0,32.0,0.971685622076689,217954.0,31.0
1517,3539.0,3.0,0.9956551835248433,215912.0,31.0
1518,4166.0,17.0,0.9578548183412022,215917.0,31.0
1519,3721.0,47.0,0.9937230865260573,215922.0,31.0
1520,3722.0,47.0,0.9934972705378201,215925.0,31.0
1521,4104.0,16.0,0.9803677065102009,215932.0,31.0
1522,3506.0,4.0,0.9722460354870035,215934.0,31.0
1523,3535.0,54.0,0.9829378107898419,215936.0,31.0
1524,3586.0,53.0,0.9891677429845956,217990.0,31.0
1525,3613.0,8.0,0.9671505666620264,215943.0,31.0
1526,3511.0,19.0,0.973219494686008,218005.0,31.0
1527,3848.0,10.0,0.9552632066113511,218012.0,31.0
1528,3778.0,28.0,0.9902555296116505,218013.0,31.0
1529,3944.0,11.0,0.9821994291136628,218014.0,31.0
1530,3552.0,51.0,0.9789358256600673,218030.0,31.0
1531,3637.0,14.0,0.9645594484465118,215986.0,31.0
1532,3554.0,51.0,0.972483860228991,218042.0,31.0
1533,3497.0,20.0,0.9652279983776617,218048.0,31.0
1534,3905.0,11.0,0.9872857961235751,216003.0,31.0
1535,3596.0,57.0,0.9898107824414788,218051.0,31.0
1536,3593.0,46.0,0.9836287087369378,216005.0,31.0
1537,3544.0,52.0,0.9903133665157492,218055.0,31.0
1538,3636.0,44.0,0.9723982925292939,216010.0,31.0
1539,3352.0,1.0,0.986180869965699,216014.0,31.0
1540,3498.0,20.0,0.9859087331443995,218063.0,31.0
1541,3749.0,25.0,0.9801576933419104,216018.0,31.0
1542,3409.0,37.0,0.9789044988718785,218070.0,31.0
1543,3750.0,25.0,0.9941406630823748,216025.0,31.0
1544,3547.0,40.0,0.9924861033933055,216028.0,31.0
1545,3391.0,56.0,0.987132365422875,218079.0,31.0
1546,3392.0,56.0,0.970420054285549,218080.0,31.0
1547,3615.0,8.0,0.9772987181715638,216037.0,31.0
1548,3752.0,29.0,0.9811821723428074,216039.0,31.0
1549,3516.0,51.0,0.9783559316251693,216041.0,31.0
1550,3500.0,20.0,0.9638146489266921,218094.0,31.0
1551,3702.0,12.0,0.9819684571213062,216048.0,31.0
1552,3602.0,39.0,0.9830407696619796,216059.0,31.0
1553,3768.0,30.0,0.9656369596408727,216061.0,31.0
1554,4054.0,15.0,0.9907822231758069,216063.0,31.0
1555,3527.0,41.0,0.9726552937729122,216067.0,31.0
1556,3367.0,2.0,0.9851074244392977,218121.0,31.0
1557,3369.0,55.0,0.9834690614415182,216075.0,31.0
1558,3548.0,40.0,0.9789507377751984,216076.0,31.0
1559,3660.0,13.0,0.9871428218579236,218123.0,31.0
1560,3561.0,45.0,0.9726067105112631,216078.0,31.0
1561,3770.0,25.0,0.97144889708834,218127.0,31.0
1562,3542.0,22.0,0.9889370652467403,216082.0,31.0
1563,3536.0,5.0,0.9873071194018994,216095.0,31.0
1564,3313.0,0.0,0.9547346810375046,218152.0,31.0
1565,3480.0,58.0,0.9888099043421423,218153.0,31.0
1566,3595.0,46.0,0.9892654210625264,216110.0,31.0
1567,3706.0,26.0,0.9524648985794106,216115.0,31.0
1568,3581.0,3.0,0.980812702371526,218166.0,31.0
1569,3639.0,14.0,0.9807062667639689,216124.0,31.0
1570,3686.0,6.0,0.9928639970460431,216130.0,31.0
1571,3570.0,33.0,0.9698851609834108,216131.0,31.0
1572,3547.0,52.0,0.9960356519295759,218180.0,31.0
1573,3706.0,49.0,0.9699557929143092,216134.0,31.0
1574,3504.0,20.0,0.9695365108398725,218195.0,31.0
1575,3316.0,0.0,0.9738520427324053,218196.0,31.0
1576,3596.0,46.0,0.9907661484479436,216149.0,31.0
1577,3949.0,11.0,0.9545999419250771,218202.0,31.0
1578,3546.0,53.0,0.9758840635398478,216161.0,31.0
1579,3601.0,57.0,0.9602907017310294,218211.0,31.0
1580,3856.0,10.0,0.9681175536151093,218214.0,31.0
1581,3687.0,6.0,0.9853820399179131,216179.0,31.0
1582,3607.0,23.0,0.9540593641234435,218227.0,31.0
1583,3950.0,11.0,0.9750929451625914,218232.0,31.0
1584,3858.0,10.0,0.9659486688735249,218233.0,31.0
1585,4106.0,16.0,0.9775071188024799,216189.0,31.0
1586,3703.0,24.0,0.9619468079153356,216195.0,31.0
1587,3540.0,18.0,0.9648069693286102,216196.0,31.0
1588,3573.0,33.0,0.9655384937879552,216203.0,31.0
1589,3738.0,24.0,0.9727873790066498,218263.0,31.0
1590,3644.0,27.0,0.9856821145178689,216225.0,31.0
1591,3544.0,3.0,0.9945889735103374,216239.0,31.0
1592,3859.0,9.0,0.9848291305589417,216249.0,31.0
1593,3772.0,42.0,0.9912013014535749,216259.0,31.0
1594,3688.0,7.0,0.9844350959936019,216263.0,31.0
1595,3642.0,34.0,0.9622941776527519,216275.0,31.0
1596,3774.0,42.0,0.9633094003863466,216279.0,31.0
1597,3370.0,55.0,0.9768191887367473,216281.0,31.0
1598,3454.0,58.0,0.9778485491553383,216300.0,31.0
1599,3751.0,48.0,0.9905182433057653,216317.0,31.0
1600,3519.0,4.0,0.9948574365082266,216320.0,31.0
1601,3686.0,47.0,0.9876148293012125,214275.0,31.0
1602,3861.0,9.0,0.9744685704165337,216326.0,31.0
1603,4105.0,17.0,0.9685081812056239,214279.0,31.0
1604,3653.0,49.0,0.9657113541661534,214280.0,31.0
1605,3542.0,5.0,0.9931058225900533,216335.0,31.0
1606,3361.0,38.0,0.9897938940282998,216337.0,31.0
1607,2210.0,59.0,0.9688166208404028,214295.0,31.0
1608,3518.0,19.0,0.977963120229153,218392.0,31.0
1609,3543.0,5.0,0.9949943727262351,216345.0,31.0
1610,3810.0,30.0,0.9697985826929154,218395.0,31.0
1611,4020.0,15.0,0.965377985299988,214303.0,31.0
1612,3755.0,30.0,0.9935722296450309,214307.0,31.0
1613,2212.0,59.0,0.9589649461723592,214313.0,31.0
1614,2213.0,59.0,0.9698491576549889,214315.0,31.0
1615,3813.0,9.0,0.9723730153688497,214319.0,31.0
1616,3812.0,30.0,0.964419079699182,218419.0,31.0
1617,3951.0,11.0,0.9705266145681037,218421.0,31.0
1618,3751.0,25.0,0.9828533849519159,216375.0,31.0
1619,3670.0,13.0,0.9892375588355437,218426.0,31.0
1620,2217.0,59.0,0.9807010778379285,214337.0,31.0
1621,3884.0,11.0,0.9723844088546741,214338.0,31.0
1622,3587.0,3.0,0.9889832249557682,218439.0,31.0
1623,3510.0,20.0,0.962376530235082,218440.0,31.0
1624,3363.0,38.0,0.9941543883261648,216401.0,31.0
1625,4110.0,17.0,0.9606876736990072,214357.0,31.0
1626,3491.0,58.0,0.9882009562225342,218454.0,31.0
1627,2220.0,59.0,0.961830427541327,214361.0,31.0
1628,3550.0,3.0,0.9777488996847156,216412.0,31.0
1629,3363.0,1.0,0.9738924491639277,216413.0,31.0
1630,3701.0,50.0,0.9790280646268877,218466.0,31.0
1631,3578.0,33.0,0.9703224136330441,216419.0,31.0
1632,2225.0,59.0,0.9597087206562934,214378.0,31.0
1633,3671.0,13.0,0.9674234302722468,218479.0,31.0
1634,3762.0,47.0,0.9800802741291599,218483.0,31.0
1635,4113.0,17.0,0.974172286965105,214388.0,31.0
1636,3691.0,6.0,0.9685462054502025,216439.0,31.0
1637,3715.0,26.0,0.9520584103011311,216444.0,31.0
1638,3571.0,41.0,0.9672441801206078,218495.0,31.0
1639,3532.0,41.0,0.9689938036156309,216448.0,31.0
1640,3338.0,56.0,0.9896810472772674,214403.0,31.0
1641,3268.0,0.0,0.9595964675080265,216453.0,31.0
1642,4067.0,16.0,0.9889980472609943,214407.0,31.0
1643,3709.0,24.0,0.9809876292571048,216460.0,31.0
1644,3544.0,18.0,0.9711693893594724,216464.0,31.0
1645,3414.0,36.0,0.96747928426822,214418.0,31.0
1646,3325.0,2.0,0.9899316785730101,216467.0,31.0
1647,3351.0,55.0,0.9912932936848418,214422.0,31.0
1648,3551.0,52.0,0.9599629743373483,218520.0,31.0
1649,3567.0,45.0,0.9945040148906794,216480.0,31.0
1650,3590.0,3.0,0.9662828367779246,218534.0,31.0
1651,3733.0,42.0,0.9834142028336708,214440.0,31.0
1652,3651.0,44.0,0.9893741376150187,216488.0,31.0
1653,3655.0,49.0,0.957809757251938,214451.0,31.0
1654,3734.0,42.0,0.9703784123977821,214452.0,31.0
1655,3645.0,39.0,0.9901028686400024,218549.0,31.0
1656,3817.0,30.0,0.9608126033690383,218550.0,31.0
1657,3693.0,7.0,0.967470158255255,216503.0,31.0
1658,4116.0,17.0,0.985552651943609,214456.0,31.0
1659,4117.0,17.0,0.975551263897621,214460.0,31.0
1660,3624.0,46.0,0.9924888722034853,218556.0,31.0
1661,3604.0,46.0,0.9808501190717618,216511.0,31.0
1662,2235.0,59.0,0.970908726509354,214471.0,31.0
1663,3514.0,52.0,0.9571944103082376,216521.0,31.0
1664,3496.0,58.0,0.9760772556540227,218569.0,31.0
1665,3818.0,30.0,0.972833628271598,218570.0,31.0
1666,2236.0,59.0,0.9817884384406166,214476.0,31.0
1667,3648.0,34.0,0.9920137979226975,216524.0,31.0
1668,3375.0,55.0,0.9739950047738175,216525.0,31.0
1669,3705.0,50.0,0.9583141349319106,218574.0,31.0
1670,3693.0,6.0,0.9921784765868561,216531.0,31.0
1671,3620.0,34.0,0.9868913867802537,214485.0,31.0
1672,3817.0,31.0,0.9883902568621902,216535.0,31.0
1673,3780.0,42.0,0.978223268136583,216546.0,31.0
1674,3709.0,50.0,0.9949695925744768,218612.0,31.0
1675,3482.0,18.0,0.9900470078661129,214526.0,31.0
1676,3795.0,48.0,0.9772403046309935,218622.0,31.0
1677,3657.0,49.0,0.9601905606171259,214528.0,31.0
1678,3556.0,40.0,0.9917269708669209,216577.0,31.0
1679,3461.0,4.0,0.9803161594823423,214533.0,31.0
1680,3525.0,19.0,0.9869514076146135,218634.0,31.0
1681,3580.0,33.0,0.9578130253605576,216589.0,31.0
1682,3753.0,48.0,0.9913752720181778,216590.0,31.0
1683,3821.0,30.0,0.965867568512981,218637.0,31.0
1684,3819.0,31.0,0.9586079914119494,216592.0,31.0
1685,3817.0,43.0,0.9917194762510748,218644.0,31.0
1686,3547.0,5.0,0.9820744999427823,216601.0,31.0
1687,3464.0,4.0,0.9840064934890798,214569.0,31.0
1688,4127.0,17.0,0.9842962038797147,214570.0,31.0
1689,3622.0,34.0,0.9566285966956931,214572.0,31.0
1690,3916.0,11.0,0.9634783867643324,216628.0,31.0
1691,3617.0,32.0,0.9650582266829812,216631.0,31.0
1692,3865.0,9.0,0.9914329509998847,216636.0,31.0
1693,3711.0,50.0,0.9833342820982132,218688.0,31.0
1694,3649.0,7.0,0.9607687290025665,214601.0,31.0
1695,3714.0,24.0,0.9636462930276493,216659.0,31.0
1696,3486.0,18.0,0.975580100229042,214615.0,31.0
1697,3874.0,10.0,0.9640689894209067,218718.0,31.0
1698,3621.0,8.0,0.9603765092730284,216678.0,31.0
1699,3601.0,21.0,0.9680360944508373,216679.0,31.0
1700,3511.0,5.0,0.9879652189020561,214642.0,31.0
1701,3714.0,50.0,0.9859543058121464,218739.0,31.0
1702,3556.0,46.0,0.9941566403862215,214645.0,31.0
1703,3336.0,0.0,0.9715436703608104,218743.0,31.0
1704,3763.0,29.0,0.9511585563311686,216697.0,31.0
1705,3517.0,52.0,0.9807377699734707,216699.0,31.0
1706,3878.0,10.0,0.9870692606812104,218754.0,31.0
1707,3490.0,18.0,0.9558247304563267,214661.0,31.0
1708,3698.0,27.0,0.9817565169936452,218761.0,31.0
1709,4131.0,17.0,0.9739595830872917,214667.0,31.0
1710,3528.0,19.0,0.9835210909898381,218766.0,31.0
1711,3655.0,27.0,0.9876378029305731,216730.0,31.0
1712,3919.0,11.0,0.9649123197892844,216734.0,31.0
1713,4027.0,15.0,0.9916374007736012,214687.0,31.0
1714,3602.0,44.0,0.9917302734538991,214693.0,31.0
1715,3695.0,47.0,0.9806438817070042,214709.0,31.0
1716,3541.0,41.0,0.9875602955607823,216767.0,31.0
1717,3664.0,49.0,0.966606665950435,214722.0,31.0
1718,3471.0,20.0,0.9885403063718163,216776.0,31.0
1719,3571.0,39.0,0.9817318996165892,214733.0,31.0
1720,3558.0,23.0,0.9875070026790305,214737.0,31.0
1721,3627.0,8.0,0.9761017831543669,216787.0,31.0
1722,3728.0,29.0,0.9558167076578007,214758.0,31.0
1723,3559.0,53.0,0.9883502247047118,216810.0,31.0
1724,3713.0,28.0,0.9849920531460085,214765.0,31.0
1725,3548.0,57.0,0.9851947246486892,214773.0,31.0
1726,3555.0,22.0,0.9966258207551197,216823.0,31.0
1727,3561.0,46.0,0.9918909763365619,214777.0,31.0
1728,3827.0,31.0,0.9540683464581682,216836.0,31.0
1729,3484.0,51.0,0.967560528660356,214790.0,31.0
1730,3692.0,13.0,0.9840259613280827,218887.0,31.0
1731,3529.0,40.0,0.9887495904701672,214795.0,31.0
1732,3331.0,2.0,0.981144200663714,216844.0,31.0
1733,3655.0,34.0,0.9721005145020832,216854.0,31.0
1734,3302.0,2.0,0.9878549058966106,214810.0,31.0
1735,3626.0,34.0,0.9808350857385357,214816.0,31.0
1736,3334.0,2.0,0.988598976497846,216865.0,31.0
1737,3722.0,50.0,0.9922088087066224,218914.0,31.0
1738,3600.0,22.0,0.98128973089568,218919.0,31.0
1739,3419.0,38.0,0.9949942820921044,218920.0,31.0
1740,3522.0,53.0,0.9900891171965029,214826.0,31.0
1741,2253.0,59.0,0.9561084423961249,214827.0,31.0
1742,3587.0,54.0,0.9734252604108901,218923.0,31.0
1743,3602.0,3.0,0.9874401997769456,218931.0,31.0
1744,3530.0,40.0,0.9905986881577662,214842.0,31.0
1745,3276.0,0.0,0.9895296631920616,216890.0,31.0
1746,3474.0,20.0,0.9728128723701372,216891.0,31.0
1747,3744.0,42.0,0.9619203260382456,214850.0,31.0
1748,3531.0,51.0,0.9622025235788334,216898.0,31.0
1749,3531.0,40.0,0.9963279113100421,214852.0,31.0
1750,4028.0,15.0,0.9868279311785241,214854.0,31.0
1751,3805.0,25.0,0.9901628898694924,218951.0,31.0
1752,3588.0,32.0,0.9510163050892398,214856.0,31.0
1753,3378.0,2.0,0.9801276638557386,218952.0,31.0
1754,3674.0,24.0,0.9614295783562101,214860.0,31.0
1755,3369.0,56.0,0.9757879671912313,216915.0,31.0
1756,3606.0,21.0,0.9529689808088128,216917.0,31.0
1757,3555.0,52.0,0.9794913302713872,218965.0,31.0
1758,3527.0,22.0,0.979180539640037,214871.0,31.0
1759,3506.0,18.0,0.9518100415952254,214872.0,31.0
1760,3713.0,12.0,0.994051497060645,216924.0,31.0
1761,3340.0,56.0,0.9591509615242676,214879.0,31.0
1762,3508.0,18.0,0.9561168139535297,214880.0,31.0
1763,3872.0,9.0,0.9902630121990785,216939.0,31.0
1764,3629.0,8.0,0.9752022462751968,216948.0,31.0
1765,4030.0,15.0,0.9725221638005852,214901.0,31.0
1766,3344.0,38.0,0.9761418040668148,214904.0,31.0
1767,3726.0,26.0,0.967057622596134,216958.0,31.0
1768,3614.0,14.0,0.9932417650700652,214912.0,31.0
1769,3630.0,32.0,0.9691113433477258,216960.0,31.0
1770,3657.0,14.0,0.9865029197889101,216961.0,31.0
1771,3571.0,57.0,0.9908278346471387,216969.0,31.0
1772,3523.0,52.0,0.9818413757249176,216976.0,31.0
1773,3535.0,33.0,0.9745791030640383,214930.0,31.0
1774,3759.0,48.0,0.9911024472781446,216983.0,31.0
1775,3757.0,43.0,0.9904195066155644,214940.0,31.0
1776,3486.0,4.0,0.9914067991617261,214943.0,31.0
1777,3630.0,35.0,0.9822613706402722,214948.0,31.0
1778,3747.0,42.0,0.9828368349834286,214950.0,31.0
1779,3614.0,46.0,0.9856116586613407,217003.0,31.0
1780,3516.0,5.0,0.9924147823075663,214973.0,31.0
1781,3518.0,5.0,0.9887676232718886,214983.0,31.0
1782,3625.0,39.0,0.9505303462959325,217045.0,31.0
1783,3537.0,33.0,0.9906748895274483,215003.0,31.0
1784,3489.0,51.0,0.9520647799937061,215006.0,31.0
1785,3675.0,6.0,0.9832175086866318,215020.0,31.0
1786,3628.0,27.0,0.9874905548701916,215024.0,31.0
1787,3341.0,2.0,0.9812362681060863,217076.0,31.0
1788,3534.0,51.0,0.963386917637758,217077.0,31.0
1789,3512.0,18.0,0.9927415149579094,215030.0,31.0
1790,3637.0,13.0,0.9948720618946993,217079.0,31.0
1791,3575.0,23.0,0.9877645423672429,217083.0,31.0
1792,3771.0,29.0,0.9931659229290014,217092.0,31.0
1793,4145.0,17.0,0.9728370286001071,215045.0,31.0
1794,3354.0,55.0,0.9597340629820902,215048.0,31.0
1795,3510.0,41.0,0.9912315076762644,215053.0,31.0
1796,3729.0,26.0,0.9642806510862091,217102.0,31.0
1797,3532.0,3.0,0.9900317295682246,215058.0,31.0
1798,3576.0,57.0,0.9602964258327071,217107.0,31.0
1799,3831.0,9.0,0.992102271303983,215061.0,31.0
1800,4083.0,16.0,0.9981133105122658,215064.0,31.0
1801,4119.0,16.0,0.9847882412331389,217114.0,31.0
1802,3577.0,57.0,0.9572788569664857,217119.0,31.0
1803,3616.0,46.0,0.9855433433331802,217121.0,31.0
1804,4035.0,15.0,0.9815508220511124,215076.0,31.0
1805,3636.0,35.0,0.9890397505422087,215077.0,31.0
1806,3790.0,31.0,0.9719398700065958,215081.0,31.0
1807,3660.0,27.0,0.9913553919367964,217129.0,31.0
1808,3701.0,6.0,0.9879383976578197,217135.0,31.0
1809,3832.0,9.0,0.989321603646285,215089.0,31.0
1810,3639.0,13.0,0.9891712573529893,217143.0,31.0
1811,3788.0,42.0,0.9657787085872397,217144.0,31.0
1812,4085.0,16.0,0.9724014733289822,215104.0,31.0
1813,3564.0,22.0,0.9869356079407157,217152.0,31.0
1814,3327.0,1.0,0.9620857299362208,215114.0,31.0
1815,3731.0,26.0,0.953931295160648,217162.0,31.0
1816,3721.0,49.0,0.9591540528691049,217163.0,31.0
1817,3578.0,39.0,0.9673203025162278,215117.0,31.0
1818,3733.0,29.0,0.992264108749939,215121.0,31.0
1819,3638.0,35.0,0.9842091908294617,215123.0,31.0
1820,3767.0,48.0,0.9763747490910759,217172.0,31.0
1821,3728.0,48.0,0.990345583065332,215131.0,31.0
1822,3391.0,37.0,0.9939084034084681,217179.0,31.0
1823,3547.0,41.0,0.9630464299779192,217183.0,31.0
1824,3493.0,51.0,0.9635147548462643,215136.0,31.0
1825,3568.0,53.0,0.9879940184812326,217189.0,31.0
1826,3633.0,8.0,0.9611154748829077,217198.0,31.0
1827,3525.0,5.0,0.961371320239477,215161.0,31.0
1828,3615.0,21.0,0.9650881477995695,217209.0,31.0
1829,3683.0,24.0,0.9806336261345107,215165.0,31.0
1830,3685.0,12.0,0.9610451210383905,215166.0,31.0
1831,3571.0,46.0,0.9781905023363362,215167.0,31.0
1832,3584.0,45.0,0.997517708721758,217225.0,31.0
1833,3478.0,20.0,0.9777940685463633,217227.0,31.0
1834,3329.0,1.0,0.9775454514002636,215181.0,31.0
1835,3833.0,31.0,0.9695908613716918,217232.0,31.0
1836,3570.0,53.0,0.985891734033172,217240.0,31.0
1837,4087.0,16.0,0.965440044022024,215195.0,31.0
1838,3677.0,6.0,0.9921747762582559,215214.0,31.0
1839,3623.0,14.0,0.9833665989019122,215216.0,31.0
1840,3687.0,12.0,0.9876957401087691,215225.0,31.0
1841,3568.0,22.0,0.9851420614721672,217273.0,31.0
1842,3569.0,22.0,0.9860919683821529,217277.0,31.0
1843,3705.0,7.0,0.9745278340851976,217278.0,31.0
1844,3624.0,14.0,0.9837538075987793,215236.0,31.0
1845,3448.0,58.0,0.9897393398884119,215238.0,31.0
1846,3705.0,6.0,0.961323579226579,217287.0,31.0
1847,3448.0,36.0,0.9649821339458777,215243.0,31.0
1848,3495.0,51.0,0.9648181364677461,215247.0,31.0
1849,3617.0,44.0,0.9908261577107854,215249.0,31.0
1850,3343.0,56.0,0.9555082044579118,215252.0,31.0
1851,3357.0,55.0,0.9599353808427559,215253.0,31.0
1852,3395.0,37.0,0.9857662986658857,217301.0,31.0
1853,3529.0,52.0,0.9593265058166963,217303.0,31.0
1854,3666.0,50.0,0.9578774510178425,217307.0,31.0
1855,3644.0,35.0,0.9885369917610897,215260.0,31.0
1856,3759.0,25.0,0.9766354512712085,217319.0,31.0
1857,3760.0,25.0,0.9630256801152821,217325.0,31.0
1858,3718.0,28.0,0.9906533750398308,215278.0,31.0
1859,3537.0,40.0,0.9972293710758361,215279.0,31.0
1860,3563.0,3.0,0.9796970548366969,217335.0,31.0
1861,3495.0,4.0,0.9874656321225613,215289.0,31.0
1862,3686.0,24.0,0.974954395050487,215290.0,31.0
1863,3632.0,34.0,0.9733611967903856,215299.0,31.0
1864,3631.0,39.0,0.9504907782558848,217349.0,31.0
1865,3465.0,58.0,0.9864696363969065,217351.0,31.0
1866,3636.0,32.0,0.9794683000219009,217354.0,31.0
1867,3358.0,37.0,0.9980654851533141,215310.0,31.0
1868,3347.0,38.0,0.9848294640630518,215312.0,31.0
1869,3897.0,11.0,0.9674609378813143,215331.0,31.0
1870,3693.0,26.0,0.9618393719827155,215332.0,31.0
1871,3481.0,20.0,0.9735607002107484,217384.0,31.0
1872,3841.0,10.0,0.9869382823596068,217386.0,31.0
1873,3638.0,32.0,0.9725177464051037,217391.0,31.0
1874,3359.0,55.0,0.9743733579259929,215352.0,31.0
1875,3733.0,26.0,0.987236574411205,217402.0,31.0
1876,3626.0,14.0,0.9894552005716997,215356.0,31.0
1877,3349.0,2.0,0.9645558026968107,217408.0,31.0
1878,3838.0,9.0,0.9925192844238061,215361.0,31.0
1879,3336.0,1.0,0.9816922133266066,215364.0,31.0
1880,3550.0,33.0,0.9887570982367231,215366.0,31.0
1881,3766.0,43.0,0.996638105599233,215367.0,31.0
1882,3289.0,0.0,0.9744661030054452,217414.0,31.0
1883,3338.0,1.0,0.9717388408618324,215374.0,31.0
1884,4090.0,16.0,0.9789787821241829,215379.0,31.0
1885,3764.0,28.0,0.9816580908617487,217428.0,31.0
1886,3339.0,1.0,0.9529192682595025,215382.0,31.0
1887,3646.0,35.0,0.9645805657003985,215388.0,31.0
1888,3669.0,7.0,0.9536680004501357,215394.0,31.0
1889,3736.0,29.0,0.9620980745492912,215397.0,31.0
1890,3689.0,12.0,0.9592966204732469,215406.0,31.0
1891,3639.0,8.0,0.9736667087327341,217455.0,31.0
1892,3632.0,27.0,0.9940490601710839,215408.0,31.0
1893,3568.0,54.0,0.9890199698393588,217456.0,31.0
1894,3837.0,31.0,0.9544329483629221,217459.0,31.0
1895,3593.0,32.0,0.9653007765719646,215412.0,31.0
1896,3720.0,12.0,0.9928674959947258,217461.0,31.0
1897,3573.0,22.0,0.9913400248905231,217465.0,31.0
1898,3584.0,23.0,0.9606482030370224,217468.0,31.0
1899,3739.0,29.0,0.990045793136923,215436.0,31.0
1900,3562.0,23.0,0.9572935380208383,215437.0,31.0
1901,3663.0,14.0,0.9948486835217623,217485.0,31.0
1902,3455.0,36.0,0.9658012046168549,215439.0,31.0
1903,3457.0,36.0,0.9879249415143343,215460.0,31.0
1904,3622.0,21.0,0.9714737316711193,217512.0,31.0
1905,3584.0,57.0,0.9963143782178813,217523.0,31.0
1906,3541.0,45.0,0.9939631670905522,215485.0,31.0
1907,3583.0,46.0,0.985740072187417,215486.0,31.0
1908,3725.0,12.0,0.9960575412773428,217535.0,31.0
1909,3770.0,28.0,0.9826088151270552,217537.0,31.0
1910,3663.0,44.0,0.9907572145044615,217541.0,31.0
1911,3688.0,49.0,0.9626376296014464,215496.0,31.0
1912,3645.0,13.0,0.9770958678134076,217546.0,31.0
1913,3588.0,39.0,0.9631418902975748,215503.0,31.0
1914,3535.0,3.0,0.9895466016098187,215506.0,31.0
1915,3570.0,54.0,0.9920117620521786,217554.0,31.0
1916,3771.0,43.0,0.9945393015558758,215508.0,31.0
1917,4093.0,16.0,0.9869243957548034,215515.0,31.0
1918,3898.0,11.0,0.9501037129391487,215522.0,31.0
1919,3498.0,19.0,0.9578040176731795,217578.0,31.0
1920,3630.0,14.0,0.9816922255626002,215534.0,31.0
1921,3647.0,13.0,0.9841978519170731,217582.0,31.0
1922,3775.0,48.0,0.9710420207103432,217585.0,31.0
1923,3539.0,40.0,0.9895881549238972,215538.0,31.0
1924,3459.0,36.0,0.9682377280157326,215540.0,31.0
1925,3764.0,25.0,0.9775783889551141,217591.0,31.0
1926,3571.0,54.0,0.99291463958996,217597.0,31.0
1927,3585.0,57.0,0.9827248367242282,217604.0,31.0
1928,3772.0,43.0,0.9915918202180681,215558.0,31.0
1929,3712.0,47.0,0.9657536731524524,215562.0,31.0
1930,3502.0,19.0,0.9751381203262947,217615.0,31.0
1931,3460.0,36.0,0.9666479464737815,215571.0,31.0
1932,3746.0,47.0,0.9684813232501784,217619.0,31.0
1933,3652.0,35.0,0.9910556827800067,215574.0,31.0
1934,3689.0,49.0,0.9776012588739459,215575.0,31.0
1935,3670.0,34.0,0.9826472170967921,217627.0,31.0
1936,3471.0,58.0,0.9920997048063385,217631.0,31.0
1937,3801.0,31.0,0.9544571906221984,215587.0,31.0
1938,3296.0,0.0,0.960898482900452,217635.0,31.0
1939,3583.0,40.0,0.985577909906367,217646.0,31.0
1940,3674.0,7.0,0.9596057083086326,215608.0,31.0
1941,3503.0,4.0,0.9819493035130453,215613.0,31.0
1942,3693.0,12.0,0.9907858567613373,215620.0,31.0
1943,3541.0,40.0,0.9868934760327078,215621.0,31.0
1944,3517.0,41.0,0.9909693314798126,215622.0,31.0
1945,3587.0,57.0,0.982020334229579,217670.0,31.0
1946,3795.0,30.0,0.9547542394068437,217675.0,31.0
1947,3537.0,3.0,0.9847460620559249,215634.0,31.0
1948,3745.0,29.0,0.9793082243513037,215638.0,31.0
1949,3299.0,0.0,0.9956832690992514,217695.0,31.0
1950,3634.0,27.0,0.9796898852306096,215648.0,31.0
1951,3691.0,24.0,0.9694656599580814,215649.0,31.0
1952,3733.0,24.0,1.0,217701.0,31.0
1953,3646.0,8.0,0.9908112602774081,217705.0,31.0
1954,3750.0,47.0,0.9585386139718236,217706.0,31.0
1955,3650.0,13.0,0.9825405289456158,217712.0,31.0
1956,3350.0,56.0,0.9631060779272114,215665.0,31.0
1957,3673.0,27.0,0.9978806872124557,217714.0,31.0
1958,3743.0,25.0,0.9746048907852224,215671.0,31.0
1959,3580.0,53.0,0.9858911005789026,217728.0,31.0
1960,3574.0,54.0,0.9871344287111251,217733.0,31.0
1961,3507.0,19.0,0.960920965059533,217736.0,31.0
1962,3351.0,56.0,0.9532825052954145,215691.0,31.0
1963,3530.0,54.0,0.9909888220031372,215695.0,31.0
1964,3627.0,44.0,0.9924526474419708,215697.0,31.0
1965,3902.0,11.0,0.9772677526898391,215704.0,31.0
1966,3681.0,6.0,0.9796996267944457,215712.0,31.0
1967,3538.0,52.0,0.9856368377939553,217760.0,31.0
1968,3745.0,25.0,0.9555711243030869,215714.0,31.0
1969,3804.0,43.0,0.9931059360020195,217764.0,31.0
1970,3463.0,19.0,0.9733751298298474,215731.0,31.0
1971,3404.0,37.0,0.995758735512783,217780.0,31.0
1972,3602.0,32.0,0.9743975605664841,215735.0,31.0
1973,3740.0,26.0,0.9580621941502788,217788.0,31.0
1974,3718.0,47.0,0.9616855122967956,215750.0,31.0
1975,3935.0,11.0,0.9785299129124725,217799.0,31.0
1976,3475.0,58.0,0.9896062724298766,217804.0,31.0
1977,3581.0,53.0,0.973507293547023,217805.0,31.0
1978,3593.0,39.0,0.967514161272634,215759.0,31.0
1979,3489.0,20.0,0.9834383364956171,217815.0,31.0
1980,3529.0,18.0,0.9950183624347221,215771.0,31.0
1981,3647.0,8.0,0.9568828212932284,217823.0,31.0
1982,3595.0,39.0,0.9667783343959687,215783.0,31.0
1983,3694.0,24.0,0.9721072024428168,215786.0,31.0
1984,3534.0,5.0,0.9672171069485346,215789.0,31.0
1985,3552.0,45.0,0.975630933677147,215793.0,31.0
1986,3698.0,49.0,0.9879398089274554,215807.0,31.0
1987,3765.0,25.0,0.9556937694609351,217863.0,31.0
1988,3844.0,31.0,0.9809677927437479,217866.0,31.0
1989,3680.0,7.0,0.9857115602233014,215840.0,31.0
1990,3305.0,0.0,0.9566436987691538,217900.0,31.0
1991,3354.0,56.0,0.9617076295266551,215856.0,31.0
1992,3725.0,28.0,0.9831484310054236,215857.0,31.0
1993,3596.0,23.0,0.9788233334433909,217905.0,31.0
1994,3584.0,53.0,0.9893275643288928,217913.0,31.0
1995,3638.0,27.0,0.9827937937765745,215867.0,31.0
1996,3364.0,55.0,0.983277117891875,215872.0,31.0
1997,3629.0,21.0,0.9536157487777271,217921.0,31.0
1998,3522.0,41.0,0.9548281720475588,215874.0,31.0
1999,3630.0,21.0,0.957888012758352,217923.0,31.0
2000,3612.0,8.0,0.9704889999256328,215877.0,31.0
2001,3368.0,37.0,0.9790448766490503,215881.0,31.0
2002,3562.0,33.0,0.9828480223511712,215883.0,31.0
2003,3577.0,54.0,0.9775927259653302,217933.0,31.0
2004,3408.0,37.0,0.9699334252926186,217949.0,31.0
2005,3766.0,42.0,0.9688752429690559,215916.0,31.0
2006,3683.0,6.0,0.9873525181685076,215929.0,31.0
2007,4046.0,15.0,0.9928084521822124,215933.0,31.0
2008,3561.0,41.0,0.9868777657474176,217981.0,31.0
2009,3543.0,52.0,0.9562169840838457,217986.0,31.0
2010,3847.0,10.0,0.9935911086661988,217988.0,31.0
2011,3353.0,38.0,0.9870354535523849,215949.0,31.0
2012,3776.0,28.0,0.9942698235085375,218000.0,31.0
2013,4047.0,15.0,0.9766119580694549,215962.0,31.0
2014,3354.0,38.0,0.9902117281295816,215972.0,31.0
2015,3779.0,43.0,0.9943745894599265,215980.0,31.0
2016,3849.0,10.0,0.9881986341467287,218032.0,31.0
2017,3599.0,45.0,0.9834292338410682,218033.0,31.0
2018,3730.0,28.0,0.9797874800244186,215994.0,31.0
2019,3801.0,30.0,0.9751064638008149,218050.0,31.0
2020,3649.0,32.0,0.9863630654248524,218058.0,31.0
2021,3559.0,45.0,0.9718713372160408,216015.0,31.0
2022,3499.0,20.0,0.9897418357914339,218067.0,31.0
2023,3854.0,9.0,0.9940739007240238,216026.0,31.0
2024,4052.0,15.0,0.9823452161568597,216038.0,31.0
2025,3683.0,7.0,0.9516909036487613,216042.0,31.0
2026,3356.0,56.0,0.9661350132084415,216051.0,31.0
2027,3368.0,55.0,0.9795867458759477,216056.0,31.0
2028,4053.0,15.0,0.9887847893167699,216057.0,31.0
2029,3555.0,51.0,0.9677249006711324,218107.0,31.0
2030,3603.0,23.0,0.963716511565523,218125.0,31.0
2031,3687.0,50.0,0.9930711109357551,218134.0,31.0
2032,3705.0,49.0,0.9649158004317004,216091.0,31.0
2033,3587.0,21.0,0.9545462068662828,216094.0,31.0
2034,3753.0,29.0,0.9943935467242351,216097.0,31.0
2035,3592.0,22.0,0.9961502541951767,218150.0,31.0
2036,3725.0,47.0,0.9680890493681595,216105.0,31.0
2037,3638.0,14.0,0.9853294693440925,216106.0,31.0
2038,3357.0,1.0,0.9690559428228663,216107.0,31.0
2039,3735.0,12.0,0.9891205069083566,218154.0,31.0
2040,3781.0,43.0,0.991069606403667,216118.0,31.0
2041,3509.0,4.0,0.9548444110432842,216119.0,31.0
2042,3358.0,1.0,0.9595606104391713,216129.0,31.0
2043,3948.0,11.0,0.9575651345431965,218178.0,31.0
2044,3667.0,35.0,0.9938803361097475,216135.0,31.0
2045,3557.0,51.0,0.9666250890117195,218186.0,31.0
2046,3707.0,26.0,0.9861398417841929,216142.0,31.0
2047,3639.0,44.0,0.9798025341250799,216143.0,31.0
2048,3805.0,30.0,0.9590986232176003,218206.0,31.0
2049,3475.0,36.0,0.9699132321464096,216159.0,31.0
2050,3606.0,23.0,0.9845436627516493,218207.0,31.0
2051,3410.0,37.0,0.9545401774026194,218210.0,31.0
2052,3686.0,7.0,0.9718885121302989,216167.0,31.0
2053,3726.0,47.0,0.9750062265774205,216172.0,31.0
2054,3571.0,33.0,0.9740964820005157,216173.0,31.0
2055,3540.0,54.0,0.989844786336637,216177.0,31.0
2056,3642.0,44.0,0.9862282014195248,216178.0,31.0
2057,3569.0,23.0,0.9625969508608191,216184.0,31.0
2058,3859.0,10.0,0.9805168075175545,218238.0,31.0
2059,3377.0,37.0,0.9768019832638104,216191.0,31.0
2060,3590.0,21.0,0.9544617550515205,216192.0,31.0
2061,3602.0,45.0,0.9669362033630187,218248.0,31.0
2062,3513.0,4.0,0.9901873394390154,216204.0,31.0
2063,3266.0,0.0,0.9605662515766138,216208.0,31.0
2064,3484.0,58.0,0.9866060788654518,218260.0,31.0
2065,3747.0,48.0,0.9812771849118291,216213.0,31.0
2066,3668.0,35.0,0.9680737457118669,216229.0,31.0
2067,3857.0,9.0,0.9832478937005754,216234.0,31.0
2068,3828.0,10.0,0.9758942984159671,216235.0,31.0
2069,3514.0,19.0,0.961272145222177,218283.0,31.0
2070,3861.0,10.0,0.9919911493743322,218286.0,31.0
2071,3604.0,57.0,0.9584597146264081,218287.0,31.0
2072,3318.0,2.0,0.9855678250451484,216240.0,31.0
2073,3467.0,20.0,0.9772383139322499,216245.0,31.0
2074,3737.0,28.0,0.981935394360935,216247.0,31.0
2075,3400.0,38.0,0.9817689337345608,218312.0,31.0
2076,3608.0,32.0,0.9545335879025068,216268.0,31.0
2077,3789.0,48.0,0.9668093139422792,218325.0,31.0
2078,3645.0,27.0,0.9877892268893605,216287.0,31.0
2079,3610.0,39.0,0.9591011611094538,216293.0,31.0
2080,3726.0,6.0,0.9773213008897661,218345.0,31.0
2081,3371.0,55.0,0.9806891756256035,216301.0,31.0
2082,3518.0,4.0,0.9746714124865123,216314.0,31.0
2083,3320.0,2.0,0.9828737600749733,216315.0,31.0
2084,3489.0,58.0,0.9793625403513574,218370.0,31.0
2085,3862.0,10.0,0.9831710896014113,218376.0,31.0
2086,3563.0,45.0,0.983518934126205,216334.0,31.0
2087,3788.0,43.0,0.9700564492684605,216341.0,31.0
2088,3362.0,1.0,0.9866018955959683,216344.0,31.0
2089,3455.0,58.0,0.9820737164258774,216349.0,31.0
2090,3412.0,37.0,0.971462006820405,218400.0,31.0
2091,3611.0,23.0,0.96916910131131,218404.0,31.0
2092,3646.0,44.0,0.9905149855386451,216357.0,31.0
2093,4106.0,17.0,0.9547642847725827,214316.0,31.0
2094,3373.0,55.0,0.9793811364945132,216365.0,31.0
2095,3739.0,28.0,0.9625686912368052,216368.0,31.0
2096,3782.0,28.0,0.9637552527572905,218422.0,31.0
2097,4107.0,17.0,0.9619334989660225,214327.0,31.0
2098,2218.0,59.0,0.9762947628196438,214340.0,31.0
2099,3728.0,6.0,0.978007252733788,218442.0,31.0
2100,4022.0,15.0,0.9840571066003326,214354.0,31.0
2101,3705.0,12.0,0.963470400886952,216402.0,31.0
2102,4023.0,15.0,0.9751015745721833,214360.0,31.0
2103,3551.0,3.0,0.9816313682908713,216417.0,31.0
2104,3758.0,29.0,0.9660935800208554,216420.0,31.0
2105,2223.0,59.0,0.9858339115809215,214373.0,31.0
2106,2224.0,59.0,0.955839182063767,214376.0,31.0
2107,3492.0,58.0,0.9963646879942921,218472.0,31.0
2108,3815.0,31.0,0.963136696701039,216428.0,31.0
2109,4114.0,17.0,0.9653970705692279,214401.0,31.0
2110,3777.0,42.0,0.9614992223153873,216452.0,31.0
2111,3406.0,56.0,0.9839856328017212,218510.0,31.0
2112,3329.0,0.0,0.9642324228984183,218512.0,31.0
2113,3533.0,41.0,0.987047021205155,216471.0,31.0
2114,3890.0,9.0,0.9723367492100583,218523.0,31.0
2115,3478.0,18.0,0.9773675661463609,214435.0,31.0
2116,3645.0,7.0,0.9672104214520933,214438.0,31.0
2117,3601.0,33.0,0.9911173440988404,218541.0,31.0
2118,2233.0,59.0,0.9875817976504189,214446.0,31.0
2119,3710.0,24.0,0.9583304628051187,216514.0,31.0
2120,3366.0,38.0,0.9892391385658393,216526.0,31.0
2121,3550.0,46.0,0.9859730837516383,214479.0,31.0
2122,3520.0,4.0,0.9534922891920758,216528.0,31.0
2123,3508.0,5.0,0.9907954493308184,214481.0,31.0
2124,3621.0,23.0,0.9824963117545021,218586.0,31.0
2125,3549.0,18.0,0.9906854099289432,216539.0,31.0
2126,3459.0,4.0,0.9560554332578635,214492.0,31.0
2127,3606.0,14.0,0.9847500863971855,214497.0,31.0
2128,3649.0,34.0,0.9804080993217823,216551.0,31.0
2129,4123.0,17.0,0.9668841597075262,214504.0,31.0
2130,2238.0,59.0,0.9858897470644212,214505.0,31.0
2131,3708.0,50.0,0.9798784192981818,218602.0,31.0
2132,4071.0,16.0,0.9849237578301122,214511.0,31.0
2133,3569.0,39.0,0.9794043162602162,214518.0,31.0
2134,3782.0,25.0,0.9531384897872667,218616.0,31.0
2135,3456.0,58.0,0.9595797326761045,216569.0,31.0
2136,3546.0,5.0,0.9742156272994558,216574.0,31.0
2137,3608.0,14.0,0.9861998014082525,214527.0,31.0
2138,3548.0,22.0,0.9802534293441372,216582.0,31.0
2139,2243.0,59.0,0.9779323798085777,214535.0,31.0
2140,3572.0,45.0,0.9799701216196671,216584.0,31.0
2141,3710.0,50.0,0.9844179866129379,218632.0,31.0
2142,3559.0,21.0,0.9637770016069422,214541.0,31.0
2143,3509.0,5.0,0.9859195044490339,214545.0,31.0
2144,3377.0,55.0,0.9886845476009805,216593.0,31.0
2145,3573.0,45.0,0.9847985370457324,216597.0,31.0
2146,3783.0,25.0,0.9541944672253528,218648.0,31.0
2147,3421.0,36.0,0.9758905903502728,214555.0,31.0
2148,3888.0,11.0,0.9718743170083112,214567.0,31.0
2149,3550.0,54.0,0.9894467263736968,216620.0,31.0
2150,3711.0,28.0,0.9860504859780962,214576.0,31.0
2151,4072.0,16.0,0.9936730127585522,214578.0,31.0
2152,3467.0,4.0,0.9713509651369521,214589.0,31.0
2153,3651.0,34.0,0.9549329655533036,216637.0,31.0
2154,3529.0,33.0,0.9904824027172737,214591.0,31.0
2155,3369.0,38.0,0.9831996976637257,216641.0,31.0
2156,3554.0,52.0,0.9672437277937787,218690.0,31.0
2157,3454.0,19.0,0.9928224549831016,214596.0,31.0
2158,3648.0,7.0,0.9709250329325245,214597.0,31.0
2159,3872.0,10.0,0.9777505286973337,218696.0,31.0
2160,3425.0,36.0,0.9547426237139336,214605.0,31.0
2161,3762.0,29.0,0.9624275252624582,216654.0,31.0
2162,3626.0,23.0,0.9758271812042166,218701.0,31.0
2163,3820.0,31.0,0.9587071496563411,216657.0,31.0
2164,4129.0,17.0,0.9560552294125375,214610.0,31.0
2165,3748.0,28.0,0.9766358476145952,216658.0,31.0
2166,3739.0,6.0,0.9902764752016189,218705.0,31.0
2167,3623.0,34.0,0.9627190193429367,214613.0,31.0
2168,3917.0,11.0,0.9581290913169985,216661.0,31.0
2169,3538.0,41.0,0.9863627345016247,216662.0,31.0
2170,3825.0,30.0,0.9692328811813054,218710.0,31.0
2171,3650.0,7.0,0.9606098322675227,214617.0,31.0
2172,2245.0,59.0,0.9766499390477505,214618.0,31.0
2173,3854.0,31.0,0.9745216802975686,218717.0,31.0
2174,3469.0,4.0,0.9746473731953016,214622.0,31.0
2175,3581.0,33.0,0.9515392121066054,216670.0,31.0
2176,3832.0,10.0,0.987092561725535,216675.0,31.0
2177,3555.0,46.0,0.9847060561099544,214628.0,31.0
2178,3616.0,35.0,0.989209074209561,214632.0,31.0
2179,3365.0,56.0,0.9656046839486849,216682.0,31.0
2180,3652.0,7.0,0.9678831269151532,214635.0,31.0
2181,3622.0,8.0,0.974266633313397,216684.0,31.0
2182,3525.0,20.0,0.977176384352029,218733.0,31.0
2183,2247.0,59.0,0.956128381392367,214639.0,31.0
2184,3530.0,33.0,0.9890978135965924,214644.0,31.0
2185,3680.0,13.0,0.9706392453231284,218740.0,31.0
2186,3479.0,52.0,0.970692591717702,214652.0,31.0
2187,3625.0,27.0,0.9931234904782393,214657.0,31.0
2188,3692.0,47.0,0.9722997526130273,214658.0,31.0
2189,3489.0,18.0,0.9791455620220969,214659.0,31.0
2190,3531.0,33.0,0.9831939417073953,214663.0,31.0
2191,3552.0,54.0,0.9698643826231216,216713.0,31.0
2192,3632.0,13.0,0.9913105076608006,216714.0,31.0
2193,3372.0,1.0,0.9847791165186986,216715.0,31.0
2194,3512.0,5.0,0.9899262880791266,214675.0,31.0
2195,3663.0,49.0,0.9710023857236306,214678.0,31.0
2196,3833.0,10.0,0.9597303555825962,216728.0,31.0
2197,3621.0,32.0,0.965363867520388,216729.0,31.0
2198,3521.0,53.0,0.9807651607228112,214682.0,31.0
2199,3558.0,46.0,0.9901211510414419,214684.0,31.0
2200,3619.0,35.0,0.995417544814926,214688.0,31.0
2201,3505.0,41.0,0.9821365068955366,214689.0,31.0
2202,3750.0,28.0,0.9548575412231567,216739.0,31.0
2203,3626.0,8.0,0.9897641024820931,216740.0,31.0
2204,3559.0,46.0,0.980541398395979,214694.0,31.0
2205,4075.0,16.0,1.0,214695.0,31.0
2206,3524.0,51.0,0.9935954450359595,216745.0,31.0
2207,3654.0,7.0,0.9760412010923135,214699.0,31.0
2208,3347.0,37.0,0.9693177265739839,214700.0,31.0
2209,3869.0,9.0,0.9780582278293473,216748.0,31.0
2210,3630.0,23.0,0.9778512686837485,218796.0,31.0
2211,3620.0,35.0,0.9943272737580593,214704.0,31.0
2212,3330.0,2.0,0.9633674840360188,216753.0,31.0
2213,3678.0,12.0,0.973870269390435,214714.0,31.0
2214,3552.0,22.0,0.9708506595229824,216762.0,31.0
2215,3741.0,42.0,0.9716663444632988,214717.0,31.0
2216,3654.0,44.0,0.9820013714840647,216766.0,31.0
2217,3554.0,54.0,0.9851253273165914,216769.0,31.0
2218,3338.0,0.0,0.993771698897284,218818.0,31.0
2219,3527.0,40.0,0.984932584903836,214726.0,31.0
2220,3430.0,36.0,1.0,214728.0,31.0
2221,3555.0,54.0,0.9868382390506001,216778.0,31.0
2222,3750.0,43.0,0.9729879836850063,214731.0,31.0
2223,3556.0,3.0,0.9877546033095167,216784.0,31.0
2224,3553.0,22.0,0.9693026244793822,216792.0,31.0
2225,3620.0,39.0,0.9751912776232569,216793.0,31.0
2226,4077.0,16.0,0.9930906446243624,214746.0,31.0
2227,3477.0,4.0,0.9736139332256252,214754.0,31.0
2228,3274.0,0.0,0.9760462555621207,216803.0,31.0
2229,3478.0,4.0,0.9685285513894909,214763.0,31.0
2230,3626.0,27.0,0.9861865461496045,214764.0,31.0
2231,3367.0,56.0,0.9666724064567984,216815.0,31.0
2232,3315.0,1.0,0.9615628369647184,214769.0,31.0
2233,3723.0,26.0,0.9708616881356291,216818.0,31.0
2234,3722.0,48.0,0.9552882861003584,214776.0,31.0
2235,3633.0,13.0,0.9742955404143235,216825.0,31.0
2236,3528.0,40.0,0.9829065342731484,214779.0,31.0
2237,3457.0,19.0,0.9848288405976154,214782.0,31.0
2238,3829.0,30.0,0.9652274855207418,218882.0,31.0
2239,3743.0,42.0,0.955367115974236,214789.0,31.0
2240,3779.0,30.0,0.9641146171113354,216837.0,31.0
2241,4136.0,17.0,0.9585302366027779,214791.0,31.0
2242,3574.0,23.0,0.9944134533848178,216840.0,31.0
2243,3621.0,39.0,0.9597722814055786,216842.0,31.0
2244,3562.0,46.0,0.9831885339218066,214802.0,31.0
2245,3756.0,43.0,0.9551999020007927,214806.0,31.0
2246,3528.0,51.0,0.9881827640436922,216859.0,31.0
2247,3472.0,20.0,0.9824294569596306,216862.0,31.0
2248,3529.0,51.0,0.9834204701014412,216863.0,31.0
2249,3697.0,47.0,0.9790393351619203,214825.0,31.0
2250,3682.0,12.0,0.9804994305187777,214828.0,31.0
2251,3473.0,20.0,0.9873665820785423,216876.0,31.0
2252,3730.0,29.0,0.972350152038487,214830.0,31.0
2253,3587.0,32.0,0.9557303087307394,214847.0,31.0
2254,2256.0,59.0,0.968588008918549,214849.0,31.0
2255,3698.0,47.0,0.9787788909175057,214857.0,31.0
2256,3562.0,53.0,0.9870646901176727,216908.0,31.0
2257,3719.0,24.0,0.9660766063973001,216910.0,31.0
2258,3657.0,27.0,0.9861379115011069,216912.0,31.0
2259,3532.0,40.0,0.9974186834505493,214869.0,31.0
2260,3627.0,35.0,0.9821353637043065,214892.0,31.0
2261,3534.0,33.0,0.9844427877453868,214899.0,31.0
2262,3627.0,32.0,0.9620490493154042,216947.0,31.0
2263,3700.0,47.0,0.9536411587834469,214908.0,31.0
2264,3559.0,22.0,0.9779385050064304,216957.0,31.0
2265,4031.0,15.0,0.9817200026223385,214918.0,31.0
2266,3436.0,36.0,0.9603347707870363,214928.0,31.0
2267,3629.0,35.0,0.9891498074483899,214931.0,31.0
2268,3783.0,30.0,0.960622213687874,216980.0,31.0
2269,3342.0,56.0,0.982694897426381,214935.0,31.0
2270,3572.0,57.0,0.9672083695959167,216987.0,31.0
2271,3668.0,49.0,0.9885355554801419,214941.0,31.0
2272,3628.0,34.0,0.9521040527410684,214942.0,31.0
2273,3659.0,14.0,1.0,216991.0,31.0
2274,3531.0,3.0,0.9874655340603588,214944.0,31.0
2275,3701.0,47.0,0.9736359919674303,214947.0,31.0
2276,3575.0,39.0,0.959720654439739,214951.0,31.0
2277,3636.0,13.0,0.9877920402271012,216999.0,31.0
2278,3748.0,42.0,0.9750326652873031,214953.0,31.0
2279,3526.0,53.0,0.9905643383783412,214954.0,31.0
2280,3563.0,53.0,0.9821241765779423,217004.0,31.0
2281,3508.0,41.0,0.99125336001315,214963.0,31.0
2282,3303.0,2.0,0.9935498223709467,214966.0,31.0
2283,3702.0,47.0,0.9910271715461654,214971.0,31.0
2284,4033.0,15.0,0.9910977466814335,214976.0,31.0
2285,3383.0,55.0,0.9700148226920763,217024.0,31.0
2286,3631.0,35.0,0.9859555146816982,214981.0,31.0
2287,3656.0,7.0,0.9582795819227244,214986.0,31.0
2288,3758.0,43.0,0.9625410608178703,214988.0,31.0
2289,3510.0,18.0,0.9912084940162492,214989.0,31.0
2290,3439.0,36.0,0.972551482815922,214993.0,31.0
2291,3677.0,24.0,0.9613489342008883,214996.0,31.0
2292,3281.0,0.0,0.9921255614000519,217050.0,31.0
2293,3564.0,21.0,0.964303797903585,215004.0,31.0
2294,3632.0,35.0,0.9829072682721101,215009.0,31.0
2295,3511.0,18.0,0.9884728205684187,215023.0,31.0
2296,3684.0,12.0,0.9733249860084981,215025.0,31.0
2297,3634.0,35.0,0.9753506946511643,215031.0,31.0
2298,3609.0,44.0,0.9869155387459895,215035.0,31.0
2299,3717.0,28.0,0.9932000839592019,215036.0,31.0
2300,4144.0,17.0,0.985575090066089,215042.0,31.0
2301,3564.0,40.0,0.9857463857028801,217091.0,31.0
2302,3353.0,37.0,0.9618917933259233,215044.0,31.0
2303,3618.0,14.0,0.9774290812896762,215050.0,31.0
2304,3565.0,54.0,0.9817262758888765,217100.0,31.0
2305,3489.0,19.0,0.9902765411321556,217108.0,31.0
2306,3443.0,36.0,0.9945287474203112,215063.0,31.0
2307,3681.0,24.0,0.9605560014999022,215068.0,31.0
2308,3565.0,40.0,0.9815800978811537,217118.0,31.0
2309,4084.0,16.0,0.9709987423592777,215073.0,31.0
2310,3730.0,26.0,0.9536078502192803,217122.0,31.0
2311,3837.0,10.0,0.9618935220038813,217124.0,31.0
2312,3489.0,4.0,0.9613312081769065,215086.0,31.0
2313,3677.0,49.0,0.9705596013970169,215087.0,31.0
2314,3620.0,14.0,0.9626375938456263,215090.0,31.0
2315,3612.0,44.0,0.9853551059271404,215094.0,31.0
2316,3765.0,48.0,0.9624330675399146,217146.0,31.0
2317,3766.0,48.0,0.9701747410231112,217147.0,31.0
2318,3703.0,47.0,0.9827826588513006,215102.0,31.0
2319,3344.0,2.0,0.9884363354482164,217156.0,31.0
2320,3752.0,42.0,0.9558860117301263,215116.0,31.0
2321,3377.0,1.0,0.9900923687124024,217166.0,31.0
2322,3688.0,26.0,0.9691498892283966,215120.0,31.0
2323,3537.0,45.0,0.9846089658320442,215125.0,31.0
2324,3540.0,33.0,0.9877593497883651,215127.0,31.0
2325,3355.0,55.0,0.9909161607928144,215134.0,31.0
2326,3541.0,33.0,0.9727309251057369,215141.0,31.0
2327,3630.0,34.0,0.9862168302614935,215142.0,31.0
2328,3285.0,0.0,0.9631246994213608,217191.0,31.0
2329,3524.0,5.0,0.9844190215171388,215145.0,31.0
2330,3762.0,43.0,0.9820752277869733,215149.0,31.0
2331,3634.0,8.0,0.9891450667551757,217201.0,31.0
2332,3786.0,30.0,0.9661429282694097,217202.0,31.0
2333,3679.0,49.0,0.9616299375011744,215155.0,31.0
2334,3565.0,21.0,0.9670240688009606,215158.0,31.0
2335,3346.0,38.0,0.9888965205958626,215164.0,31.0
2336,3538.0,51.0,0.9822444380809737,217212.0,31.0
2337,4122.0,16.0,0.9872555603292769,217219.0,31.0
2338,3764.0,43.0,0.9600318650615883,215180.0,31.0
2339,3531.0,22.0,0.9790585401089306,215182.0,31.0
2340,3614.0,44.0,0.9931049012602972,215186.0,31.0
2341,3615.0,44.0,0.9915378513471189,215192.0,31.0
2342,3876.0,9.0,0.984641666012192,217242.0,31.0
2343,3376.0,56.0,0.9579789752678676,217243.0,31.0
2344,3526.0,5.0,0.9815707951929331,215201.0,31.0
2345,3622.0,14.0,0.9868997346241343,215213.0,31.0
2346,3734.0,29.0,0.9700924797469934,215217.0,31.0
2347,3641.0,35.0,0.9876671452344254,215218.0,31.0
2348,3659.0,7.0,0.9832418466132868,215224.0,31.0
2349,3378.0,38.0,0.9762206777369447,217276.0,31.0
2350,3447.0,36.0,0.9743969557977166,215229.0,31.0
2351,3684.0,24.0,0.9610990074660597,215230.0,31.0
2352,3742.0,47.0,0.9749300082617658,217283.0,31.0
2353,3592.0,32.0,0.9561389760496921,215239.0,31.0
2354,3579.0,23.0,0.9801357072667909,217294.0,31.0
2355,3758.0,25.0,0.957347349456497,217304.0,31.0
2356,3580.0,57.0,0.9773725034813955,217306.0,31.0
2357,3664.0,34.0,0.9585004755731337,217312.0,31.0
2358,3836.0,9.0,0.9897642426830378,215265.0,31.0
2359,3770.0,48.0,0.9665288495110492,217320.0,31.0
2360,3629.0,27.0,0.9823322460334749,215273.0,31.0
2361,3531.0,53.0,0.9904951798898876,215274.0,31.0
2362,3630.0,27.0,0.9505386889772057,215275.0,31.0
2363,3631.0,34.0,0.9719336783157739,215277.0,31.0
2364,3668.0,50.0,0.9905243353021393,217328.0,31.0
2365,3669.0,50.0,0.9828872593049964,217331.0,31.0
2366,3837.0,9.0,0.9886853858073171,215285.0,31.0
2367,3681.0,49.0,0.9876688227051512,215286.0,31.0
2368,3663.0,7.0,0.9724137214923477,215292.0,31.0
2369,3534.0,3.0,0.9707324948549949,215293.0,31.0
2370,3332.0,1.0,0.9887278095070281,215295.0,31.0
2371,3796.0,31.0,0.9801246798736669,215300.0,31.0
2372,3577.0,46.0,0.9671362519896293,215306.0,31.0
2373,3896.0,11.0,0.9803039775854467,215308.0,31.0
2374,3568.0,21.0,0.9817269356918844,215309.0,31.0
2375,3735.0,29.0,0.955091323586161,215320.0,31.0
2376,3480.0,20.0,0.9885577102692247,217370.0,31.0
2377,3762.0,25.0,0.9613093260064044,217371.0,31.0
2378,3379.0,38.0,0.9876824344403454,217372.0,31.0
2379,3495.0,52.0,0.9589796373283752,215328.0,31.0
2380,3688.0,12.0,0.9709048640379018,215329.0,31.0
2381,3450.0,36.0,0.9731678765877559,215333.0,31.0
2382,3582.0,23.0,0.9856559376806865,217385.0,31.0
2383,3498.0,51.0,0.981811657344581,215340.0,31.0
2384,3835.0,31.0,0.9581008941240433,217389.0,31.0
2385,3590.0,45.0,0.9767374243656052,217390.0,31.0
2386,3683.0,49.0,0.9593678358190524,215343.0,31.0
2387,3496.0,52.0,0.9559631666490651,215344.0,31.0
2388,3605.0,8.0,0.9629404689200762,215346.0,31.0
2389,3306.0,2.0,0.9852581930768103,215360.0,31.0
2390,3549.0,33.0,0.98936709196265,215362.0,31.0
2391,3930.0,11.0,1.0,217411.0,31.0
2392,3349.0,38.0,0.9881311622437706,215365.0,31.0
2393,3836.0,31.0,0.9566386827964013,217419.0,31.0
2394,3679.0,6.0,0.9891507852030501,215373.0,31.0
2395,3497.0,52.0,0.9727967449236108,215389.0,31.0
2396,4091.0,16.0,0.9974939131804711,215390.0,31.0
2397,3522.0,54.0,0.9604636782716268,215392.0,31.0
2398,3529.0,5.0,0.9926111939202699,215395.0,31.0
2399,3567.0,3.0,0.976720144453535,217446.0,31.0
2400,3540.0,45.0,0.9838746234728744,215401.0,31.0
2401,3687.0,24.0,0.9549813520392264,215409.0,31.0
2402,3735.0,26.0,0.9621444051600032,217458.0,31.0
2403,3360.0,55.0,0.9875577444516855,215413.0,31.0
2404,3666.0,34.0,0.9559341754444266,217462.0,31.0
2405,3620.0,21.0,0.9527667585439388,217463.0,31.0
2406,3347.0,56.0,0.9747891106979388,215421.0,31.0
2407,3399.0,37.0,0.9836478775819288,217482.0,31.0
2408,3579.0,40.0,0.9878801587966916,217487.0,31.0
2409,3690.0,12.0,0.984787710243324,215440.0,31.0
2410,3691.0,12.0,0.9744850085502527,215441.0,31.0
2411,3688.0,24.0,0.9618612496999582,215442.0,31.0
2412,3550.0,41.0,0.9823967454272554,217494.0,31.0
2413,3674.0,50.0,0.9852328415843478,217496.0,31.0
2414,3307.0,2.0,0.9908211264136721,215463.0,31.0
2415,3722.0,12.0,0.9954587095871474,217515.0,31.0
2416,3741.0,29.0,0.9725172655835665,215468.0,31.0
2417,3583.0,57.0,0.9706512305377686,217516.0,31.0
2418,3582.0,46.0,0.9862297662306844,215471.0,31.0
2419,3467.0,58.0,0.9829557528138575,217519.0,31.0
2420,3536.0,22.0,0.9921927475763537,215478.0,31.0
2421,3629.0,14.0,0.9883189298646461,215479.0,31.0
2422,3498.0,52.0,0.9702285477385294,215480.0,31.0
2423,4159.0,17.0,0.9735360910355167,215495.0,31.0
2424,3530.0,5.0,0.9762603698672057,215502.0,31.0
2425,3713.0,6.0,0.9865351691905963,217552.0,31.0
2426,3635.0,39.0,0.9929175632064007,217556.0,31.0
2427,3501.0,51.0,0.9791759232750309,215510.0,31.0
2428,3763.0,25.0,0.9633334441108629,217561.0,31.0
2429,3646.0,13.0,0.9750843121541881,217562.0,31.0
2430,3758.0,42.0,0.961911197060205,215520.0,31.0
2431,3483.0,20.0,0.9894955129603888,217570.0,31.0
2432,3586.0,23.0,0.9823719254445229,217572.0,31.0
2433,3722.0,28.0,0.9741405456336238,215528.0,31.0
2434,3711.0,47.0,0.9671355086619641,215535.0,31.0
2435,4040.0,15.0,0.9923801496886985,215541.0,31.0
2436,3449.0,58.0,0.9742236572498025,215546.0,31.0
2437,3623.0,44.0,0.9753624351473436,215549.0,31.0
2438,3485.0,20.0,0.962747518357432,217601.0,31.0
2439,3578.0,22.0,0.9715443850746711,217602.0,31.0
2440,3351.0,38.0,0.9744111785197517,215555.0,31.0
2441,3540.0,40.0,0.9847333629240543,215561.0,31.0
2442,3648.0,13.0,0.9891245806565886,217609.0,31.0
2443,3690.0,24.0,0.9586239258199059,215564.0,31.0
2444,3572.0,54.0,0.9779431596535226,217612.0,31.0
2445,4095.0,16.0,0.9802203183202817,215567.0,31.0
2446,3844.0,9.0,0.974664948217676,215569.0,31.0
2447,3636.0,39.0,0.9717603826199338,217617.0,31.0
2448,3594.0,45.0,0.981735927082937,217629.0,31.0
2449,4042.0,15.0,0.9832769810727727,215585.0,31.0
2450,3394.0,55.0,0.9784774460471879,217638.0,31.0
2451,3742.0,25.0,0.9634761977195375,215591.0,31.0
2452,3355.0,2.0,0.9850891932008741,217639.0,31.0
2453,3382.0,1.0,0.9850783876369567,217641.0,31.0
2454,3472.0,58.0,0.9889167456466871,217642.0,31.0
2455,3743.0,29.0,0.9595787318832933,215596.0,31.0
2456,3680.0,6.0,0.9754879398946656,215598.0,31.0
2457,3462.0,19.0,0.9908910271570551,215605.0,31.0
2458,3698.0,26.0,0.9610067934462869,215606.0,31.0
2459,3572.0,21.0,0.9669523331733706,215615.0,31.0
2460,3504.0,19.0,0.9924854663331948,217664.0,31.0
2461,3715.0,6.0,0.9937037954840765,217666.0,31.0
2462,3582.0,22.0,0.9948359700644084,217669.0,31.0
2463,3518.0,41.0,0.9933981260778834,215628.0,31.0
2464,3601.0,32.0,0.9682016216124973,215630.0,31.0
2465,3308.0,2.0,0.9919347013916108,215632.0,31.0
2466,3563.0,23.0,0.9867119977871281,215633.0,31.0
2467,3675.0,50.0,0.9889908234226659,217689.0,31.0
2468,3545.0,45.0,0.9659298628934866,215644.0,31.0
2469,3557.0,18.0,0.983706985962765,217694.0,31.0
2470,3364.0,37.0,0.9856769455040779,215652.0,31.0
2471,3693.0,49.0,0.9819961742428154,215661.0,31.0
2472,3901.0,11.0,0.9575813989083124,215669.0,31.0
2473,3694.0,49.0,0.9636077027610791,215670.0,31.0
2474,3537.0,52.0,0.9509081824462069,217717.0,31.0
2475,3506.0,19.0,0.9572696637899731,217720.0,31.0
2476,3734.0,48.0,0.9550741653845657,215673.0,31.0
2477,3399.0,55.0,0.994086348941813,217723.0,31.0
2478,3692.0,24.0,0.9530256026453762,215683.0,31.0
2479,3633.0,14.0,0.9913773444728169,215686.0,31.0
2480,3774.0,28.0,0.9575184588365293,217734.0,31.0
2481,3728.0,49.0,0.9518361698124539,217751.0,31.0
2482,3736.0,48.0,0.9585229523560229,215707.0,31.0
2483,3500.0,52.0,0.9603790120637488,215713.0,31.0
2484,3747.0,29.0,0.9685753814893385,215718.0,31.0
2485,3591.0,57.0,0.9668077907357329,217766.0,31.0
2486,3537.0,53.0,0.9909689141068702,215722.0,31.0
2487,3510.0,51.0,0.9918207247369755,215723.0,31.0
2488,3533.0,5.0,0.9776913372204687,215727.0,31.0
2489,3639.0,39.0,0.9689247672435315,217777.0,31.0
2490,3519.0,41.0,0.984861137458838,215736.0,31.0
2491,3383.0,56.0,0.9654897036144061,217786.0,31.0
2492,3678.0,50.0,0.9887901632681637,217787.0,31.0
2493,3464.0,19.0,0.9908913179848614,215743.0,31.0
2494,3846.0,9.0,0.9834993285630698,215745.0,31.0
2495,4164.0,17.0,0.9504440982393582,215747.0,31.0
2496,3824.0,10.0,0.9866439054963254,215749.0,31.0
2497,3534.0,54.0,0.9635706038894928,215767.0,31.0
2498,3762.0,42.0,0.9576395772463782,215768.0,31.0
2499,3520.0,41.0,0.9933637352492828,215772.0,31.0
2500,3697.0,12.0,0.959611792293526,215782.0,31.0
2501,3406.0,37.0,0.9730822572780182,217835.0,31.0
2502,3806.0,31.0,0.9674600433266943,215794.0,31.0
2503,3531.0,18.0,0.9767712835921714,215795.0,31.0
2504,3798.0,30.0,0.9592881089355869,217848.0,31.0
2505,3493.0,20.0,0.9947060186781731,217850.0,31.0
2506,3742.0,26.0,0.9874385955820913,217855.0,31.0
2507,3572.0,3.0,0.9877603742762345,217859.0,31.0
2508,3348.0,1.0,0.9847931669144147,215812.0,31.0
2509,3385.0,1.0,0.9728418633870841,217861.0,31.0
2510,3937.0,11.0,0.9602483389591688,217862.0,31.0
2511,4165.0,17.0,0.9703674396360458,215821.0,31.0
2512,3403.0,55.0,0.9861196101100496,217869.0,31.0
2513,3533.0,18.0,0.9854889378805005,215825.0,31.0
2514,3799.0,30.0,0.9500373530719246,217873.0,31.0
2515,3465.0,19.0,0.9905145552573089,215828.0,31.0
2516,3561.0,33.0,0.9564199316086855,215829.0,31.0
2517,3782.0,29.0,0.9775277496048665,217876.0,31.0
2518,3353.0,56.0,0.9596091043814102,215831.0,31.0
2519,3603.0,32.0,0.9554610295081735,215832.0,31.0
2520,3611.0,8.0,0.9871842489427359,215833.0,31.0
2521,4102.0,16.0,0.9947131711263281,215835.0,31.0
2522,3303.0,0.0,0.9841777084327553,217890.0,31.0
2523,3580.0,21.0,0.9665674780110785,215844.0,31.0
2524,3367.0,37.0,0.971478848943297,215845.0,31.0
2525,3778.0,48.0,0.9510925238557375,217893.0,31.0
2526,3849.0,9.0,0.9864577674324296,215848.0,31.0
2527,3668.0,44.0,0.9948287112232095,217904.0,31.0
2528,3466.0,36.0,0.9564787472506827,215858.0,31.0
2529,3846.0,31.0,0.9858566659995314,217907.0,31.0
2530,3747.0,25.0,0.9598691337256141,215862.0,31.0
2531,3852.0,9.0,0.9857913533012973,215875.0,31.0
2532,3512.0,51.0,0.9882518103908717,215879.0,31.0
2533,4045.0,15.0,0.991130002393347,215880.0,31.0
2534,4103.0,16.0,0.997165528925285,215890.0,31.0
2535,3551.0,51.0,0.9949930460647287,217938.0,31.0
2536,3940.0,11.0,0.9943748714439204,217941.0,31.0
2537,4074.0,15.0,0.9843925377322558,217942.0,31.0
2538,3636.0,34.0,0.950888339743428,215897.0,31.0
2539,3629.0,13.0,0.9896964018949623,215899.0,31.0
2540,3640.0,27.0,0.9879734121126957,215913.0,31.0
2541,3560.0,41.0,0.9841947636103678,217964.0,31.0
2542,3587.0,22.0,0.9836093682958773,217965.0,31.0
2543,3650.0,8.0,0.9804013516173689,217966.0,31.0
2544,3307.0,0.0,0.9912576694780202,217968.0,31.0
2545,3654.0,13.0,0.9794717425594914,217976.0,31.0
2546,3537.0,18.0,0.977621054709258,215940.0,31.0
2547,3704.0,26.0,0.9549244190561169,215942.0,31.0
2548,3495.0,20.0,0.955790727192601,217999.0,31.0
2549,3590.0,46.0,0.9934799511918414,215955.0,31.0
2550,3542.0,53.0,0.9924201242608468,215965.0,31.0
2551,3904.0,11.0,0.96745202338137,215967.0,31.0
2552,3587.0,53.0,0.9892630818963084,218021.0,31.0
2553,3614.0,8.0,0.9903339219194094,215981.0,31.0
2554,4048.0,15.0,0.9811755787607354,215987.0,31.0
2555,3396.0,38.0,0.9876025062864765,218044.0,31.0
2556,3541.0,3.0,0.9857228411097009,216004.0,31.0
2557,3386.0,1.0,0.9860212720288132,218054.0,31.0
2558,3723.0,6.0,0.9867587418561053,218057.0,31.0
2559,3586.0,21.0,0.9656453144377484,216019.0,31.0
2560,3767.0,30.0,0.9627742354092258,216020.0,31.0
2561,3453.0,58.0,0.9834647962391914,216023.0,31.0
2562,3767.0,25.0,0.9619438075254767,218074.0,31.0
2563,3580.0,54.0,0.9853554652423749,218076.0,31.0
2564,3682.0,7.0,0.9664003440644532,216029.0,31.0
2565,3802.0,30.0,0.954175629159316,218077.0,31.0
2566,3769.0,42.0,0.9606936634701847,216031.0,31.0
2567,3470.0,36.0,0.9799051119499821,216032.0,31.0
2568,3732.0,28.0,0.9841314215766049,216033.0,31.0
2569,3746.0,26.0,0.9544219963926099,218086.0,31.0
2570,3651.0,8.0,0.9684142153927205,218087.0,31.0
2571,3374.0,37.0,0.978874001531644,216044.0,31.0
2572,3906.0,11.0,0.9662662350402594,216047.0,31.0
2573,3769.0,25.0,0.9609012763879107,218101.0,31.0
2574,3616.0,8.0,0.9797747221742055,216064.0,31.0
2575,3560.0,57.0,0.9826426075432341,216065.0,31.0
2576,3782.0,48.0,0.9548228605253184,218115.0,31.0
2577,3685.0,6.0,0.9887086978266704,216068.0,31.0
2578,3468.0,19.0,0.9923973163787971,216069.0,31.0
2579,3852.0,10.0,0.9765410447613015,218117.0,31.0
2580,3466.0,20.0,0.9725606045941916,216071.0,31.0
2581,3605.0,32.0,0.9774434119540046,216081.0,31.0
2582,3356.0,38.0,0.9863489792990449,216087.0,31.0
2583,3643.0,27.0,0.9907716309983376,216096.0,31.0
2584,3661.0,13.0,0.9878343182204399,218144.0,31.0
2585,3682.0,27.0,0.976577914732607,218148.0,31.0
2586,3545.0,53.0,0.984653679807517,216103.0,31.0
2587,3825.0,10.0,0.9767445953750319,216111.0,31.0
2588,3637.0,44.0,0.9863558836085862,216112.0,31.0
2589,3600.0,45.0,0.986305048771544,218159.0,31.0
2590,3316.0,2.0,0.9819328846782064,216114.0,31.0
2591,3589.0,21.0,0.9558044665671273,216121.0,31.0
2592,3510.0,4.0,0.9854227594055704,216128.0,31.0
2593,3599.0,57.0,0.9658456178024017,218182.0,31.0
2594,3782.0,43.0,0.9896463375951429,216138.0,31.0
2595,3708.0,26.0,0.9704282827181318,216146.0,31.0
2596,3606.0,39.0,0.9762387645372785,216148.0,31.0
2597,3317.0,0.0,0.984425229452789,218198.0,31.0
2598,3549.0,40.0,0.9811491068310625,216151.0,31.0
2599,3640.0,14.0,0.9725384863475177,216157.0,31.0
2600,3591.0,40.0,0.9934323398023868,218209.0,31.0
2601,3481.0,58.0,0.9670948514806837,218220.0,31.0
2602,3688.0,50.0,0.9956523909163142,218222.0,31.0
2603,3265.0,0.0,0.9824260846891905,216180.0,31.0
2604,3784.0,43.0,0.9710765517490343,216187.0,31.0
2605,3563.0,57.0,0.9667692669284498,216188.0,31.0
2606,3583.0,3.0,0.9809566519779824,218236.0,31.0
2607,3860.0,10.0,0.9549041410579616,218239.0,31.0
2608,3785.0,43.0,0.9599340018112775,216194.0,31.0
2609,3812.0,31.0,0.9519863198883187,216197.0,31.0
2610,3770.0,42.0,0.9720984636445423,216198.0,31.0
2611,3564.0,57.0,0.9541911302119812,216199.0,31.0
2612,3606.0,32.0,0.9597004206534574,216205.0,31.0
2613,3507.0,52.0,0.9641234615601816,216212.0,31.0
2614,3565.0,57.0,0.9577131935927785,216216.0,31.0
2615,3591.0,53.0,0.9711075556570913,218266.0,31.0
2616,3543.0,3.0,0.9897943925876012,216232.0,31.0
2617,3598.0,46.0,0.9779237303221974,216233.0,31.0
2618,3398.0,56.0,0.9523072726953429,218285.0,31.0
2619,3691.0,50.0,0.9789487197136865,218300.0,31.0
2620,3379.0,37.0,0.9811473431934616,216257.0,31.0
2621,3312.0,1.0,0.9604426496285358,214736.0,31.0
2622,3733.0,47.0,0.9522331083592548,216788.0,31.0
2623,3411.0,37.0,0.9732809897993956,218328.0,31.0
2624,3311.0,2.0,0.9720161794132369,215770.0,31.0
2625,3533.0,3.0,0.9734293631524795,215261.0,31.0
2626,3545.0,40.0,0.9871857296494901,215773.0,31.0
2627,3594.0,39.0,1.0,215774.0,31.0
2628,3928.0,11.0,0.9514515556448998,217317.0,31.0
2629,3539.0,45.0,0.9674666459823527,215270.0,31.0
2630,3547.0,33.0,0.9879218367773037,215271.0,31.0
2631,3662.0,7.0,0.9617312420815872,215272.0,31.0
2632,3611.0,32.0,0.9683446382887471,216297.0,31.0
2633,3401.0,56.0,0.9607517696957023,218349.0,31.0
2634,3516.0,4.0,0.9592043262904602,216303.0,31.0
2635,3678.0,27.0,0.9586295272257097,217842.0,31.0
2636,3805.0,43.0,0.974799653638902,217843.0,31.0
2637,3487.0,58.0,0.9887276985685952,218359.0,31.0
2638,3764.0,42.0,0.9521391426878077,215801.0,31.0
2639,3359.0,38.0,0.9710179677078126,216319.0,31.0
2640,3661.0,35.0,0.9866114259444688,215808.0,31.0
2641,3573.0,23.0,0.9825421756400626,216835.0,31.0
2642,3548.0,33.0,0.9842552203521263,215301.0,31.0
2643,3662.0,35.0,0.9759768235169671,215815.0,31.0
2644,3761.0,25.0,0.9507114479898991,217358.0,31.0
2645,3863.0,10.0,0.9662551689430213,218389.0,31.0
2646,3483.0,52.0,0.969770336408477,214808.0,31.0
2647,3680.0,50.0,0.9639139383464499,217881.0,31.0
2648,3411.0,36.0,0.98021954781695,214301.0,31.0
2649,3535.0,5.0,0.984440883077524,215838.0,31.0
2650,3333.0,2.0,0.9786856488423308,216861.0,31.0
2651,3681.0,50.0,0.9822920198618781,217885.0,31.0
2652,3627.0,34.0,0.9605812677389793,214819.0,31.0
2653,3304.0,0.0,0.9608086133461974,217892.0,31.0
2654,3482.0,36.0,0.9658920465142892,216871.0,31.0
2655,2211.0,59.0,0.9798574632282359,214312.0,31.0
2656,3560.0,23.0,0.9778214076654234,215337.0,31.0
2657,3576.0,54.0,0.9692638004592073,217898.0,31.0
2658,3530.0,51.0,0.9844069265391688,216875.0,31.0
2659,3776.0,43.0,0.9733828769660856,215854.0,31.0
2660,3728.0,12.0,0.9630033399068276,217903.0,31.0
2661,3514.0,41.0,0.9796843001917706,215348.0,31.0
2662,3724.0,29.0,0.9722701793944697,214329.0,31.0
2663,3484.0,52.0,0.9592884810833756,214841.0,31.0
2664,3343.0,38.0,0.9547749055000453,214844.0,31.0
2665,3635.0,14.0,0.9718073216254937,215871.0,31.0
2666,3646.0,34.0,0.9595223684835744,216383.0,31.0
2667,3752.0,25.0,0.9508914999042343,216384.0,31.0
2668,3605.0,21.0,0.9527701784115808,216897.0,31.0
2669,3397.0,37.0,0.9879514725954361,217410.0,31.0
2670,3403.0,56.0,0.9529293446655318,218436.0,31.0
2671,3468.0,36.0,0.9865528764768752,215884.0,31.0
2672,4111.0,16.0,0.966602943482478,216397.0,31.0
2673,3490.0,58.0,0.9812199414547328,218444.0,31.0
2674,3544.0,41.0,0.9757566272477609,216911.0,31.0
2675,3842.0,10.0,0.9506387840983354,217423.0,31.0
2676,3726.0,28.0,0.9905047541139096,215889.0,31.0
2677,3532.0,45.0,1.0,214866.0,31.0
2678,3503.0,41.0,0.9515610639289084,214358.0,31.0
2679,3588.0,46.0,0.9518938292030864,215895.0,31.0
2680,3392.0,38.0,0.9819803094123519,217945.0,31.0
2681,3536.0,18.0,0.9761457111595375,215898.0,31.0
2682,3745.0,42.0,0.9563913200853462,214876.0,31.0
2683,3594.0,57.0,0.963738416346671,217950.0,31.0
2684,3649.0,8.0,0.9527559855105069,217951.0,31.0
2685,4112.0,17.0,0.9576356217892604,214368.0,31.0
2686,4024.0,15.0,0.9718950341092105,214371.0,31.0
2687,3351.0,37.0,0.9630373448601264,214885.0,31.0
2688,3353.0,55.0,0.9810039288006397,214886.0,31.0
2689,3690.0,6.0,0.9718007340799276,216424.0,31.0
2690,3769.0,29.0,0.9637389015794038,216941.0,31.0
2691,3565.0,45.0,0.9569128418409295,216430.0,31.0
2692,3700.0,13.0,0.9536887626550158,218991.0,31.0
2693,3691.0,7.0,0.9576425623961989,216432.0,31.0
2694,3767.0,42.0,0.9632786330664727,215921.0,31.0
2695,3692.0,7.0,0.9933611382233959,216433.0,31.0
2696,3607.0,21.0,0.9527611400166786,216946.0,31.0
2697,3363.0,2.0,0.9876755491593294,217971.0,31.0
2698,3578.0,54.0,0.9749393717168752,217973.0,31.0
2699,3614.0,23.0,0.9562328248571516,218481.0,31.0
2700,3326.0,0.0,0.9655739122571041,218487.0,31.0
2701,3738.0,29.0,0.9552732445544483,215417.0,31.0
2702,3513.0,5.0,0.9746122885971094,214910.0,31.0
2703,3550.0,53.0,0.9884137741033551,216446.0,31.0
2704,3380.0,56.0,0.9657152893486471,217473.0,31.0
2705,3550.0,57.0,0.95434613400875,214915.0,31.0
2706,3702.0,7.0,0.9730020738562994,216964.0,31.0
2707,3777.0,25.0,0.9717357955209672,218503.0,31.0
2708,3552.0,40.0,0.9531639672386543,216456.0,31.0
2709,2229.0,59.0,0.983381793622987,214409.0,31.0
2710,3706.0,12.0,0.9768047036687572,216457.0,31.0
2711,3379.0,1.0,0.9806727996960292,217484.0,31.0
2712,3622.0,39.0,0.9806543873186725,216973.0,31.0
2713,3649.0,44.0,0.9803797248553656,216463.0,31.0
2714,3594.0,32.0,0.953848756672145,215443.0,31.0
2715,3415.0,36.0,0.9506181351391385,214420.0,31.0
2716,3553.0,33.0,0.9810937812817798,215445.0,31.0
2717,3720.0,28.0,0.95363611788777,215446.0,31.0
2718,3873.0,9.0,0.980078739881117,216981.0,31.0
2719,3579.0,54.0,0.9518680674642022,218010.0,31.0
2720,3686.0,49.0,0.9576396238660428,215451.0,31.0
2721,3676.0,35.0,0.9849970694494088,216988.0,31.0
2722,3687.0,49.0,0.9726255124732667,215455.0,31.0
2723,3476.0,52.0,1.0,214433.0,31.0
2724,3736.0,26.0,0.9833889581413877,217509.0,31.0
2725,3789.0,43.0,0.9740315445368133,216489.0,31.0
2726,2232.0,59.0,0.9857183668531614,214442.0,31.0
2727,3534.0,53.0,0.9714804782718259,215466.0,31.0
2728,3364.0,2.0,0.9826352453757436,218025.0,31.0
2729,3724.0,48.0,0.9582602851230173,214957.0,31.0
2730,3810.0,31.0,0.9518298537259561,215982.0,31.0
2731,3732.0,6.0,0.9551938408656373,218539.0,31.0
2732,3330.0,0.0,0.9795001864233561,218540.0,31.0
2733,3389.0,1.0,0.9863460278118195,218546.0,31.0
2734,3592.0,53.0,0.9831900868120278,218547.0,31.0
2735,4049.0,15.0,0.9710661766067147,215990.0,31.0
2736,3734.0,6.0,0.9931467724578175,218553.0,31.0
2737,3494.0,58.0,0.978702406915372,218555.0,31.0
2738,3546.0,40.0,0.9879667965048802,215996.0,31.0
2739,3705.0,26.0,0.9719536373782987,215997.0,31.0
2740,3616.0,14.0,0.9859005225695064,214974.0,31.0
2741,3743.0,48.0,0.9512032211136751,215998.0,31.0
2742,3638.0,34.0,0.9539665668598823,215999.0,31.0
2743,3566.0,46.0,0.9611629375331752,214977.0,31.0
2744,3590.0,22.0,0.9671523047286944,218046.0,31.0
2745,3851.0,10.0,0.9642390462379549,218049.0,31.0
2746,3517.0,5.0,0.9659711660791765,214980.0,31.0
2747,3546.0,18.0,0.977397926886266,216518.0,31.0
2748,3650.0,27.0,0.9733756818493347,216520.0,31.0
2749,3567.0,46.0,0.9745736397265791,214985.0,31.0
2750,3560.0,22.0,0.9827276531313485,217035.0,31.0
2751,3731.0,24.0,0.9614760587334128,217550.0,31.0
2752,3548.0,18.0,0.9548176168149812,216527.0,31.0
2753,3578.0,45.0,0.9733698672108954,217039.0,31.0
2754,3558.0,21.0,0.9636565537884668,214482.0,31.0
2755,4120.0,17.0,0.9569216522185704,214486.0,31.0
2756,3608.0,44.0,0.9613058686043028,214998.0,31.0
2757,3502.0,4.0,0.9810388248799315,215511.0,31.0
2758,3742.0,29.0,0.975442362561817,215513.0,31.0
2759,3707.0,50.0,1.0,218585.0,31.0
2760,3864.0,9.0,0.9775151668358275,216542.0,31.0
2761,3686.0,26.0,0.9661082452270067,215008.0,31.0
2762,3616.0,39.0,0.9545872823931969,216544.0,31.0
2763,3451.0,19.0,0.9866696931245161,214501.0,31.0
2764,3624.0,21.0,0.9717252305313785,217573.0,31.0
2765,3592.0,45.0,0.9518341050797995,217574.0,31.0
2766,4082.0,16.0,0.96054935942124,215018.0,31.0
2767,3598.0,32.0,0.9560620580030228,215530.0,31.0
2768,3641.0,27.0,0.9674863450857509,216043.0,31.0
2769,3678.0,24.0,0.9554898935487697,215021.0,31.0
2770,3469.0,20.0,0.9501079093168399,216564.0,31.0
2771,3685.0,50.0,0.9580631296657368,218100.0,31.0
2772,3757.0,28.0,0.9512707267455673,217082.0,31.0
2773,3730.0,47.0,0.9670391477690421,216573.0,31.0
2774,3650.0,35.0,0.9818738068963011,215550.0,31.0
2775,3708.0,12.0,0.9681648969081162,216575.0,31.0
2776,3376.0,55.0,0.9882912562865713,216576.0,31.0
2777,3553.0,18.0,0.9774885663510328,217088.0,31.0
2778,3839.0,31.0,0.9645770753519081,217599.0,31.0
2779,3346.0,1.0,0.957941451445922,215559.0,31.0
2780,3508.0,4.0,0.9612312523586026,216074.0,31.0
2781,3619.0,8.0,0.9781751983724024,216586.0,31.0
2782,3750.0,42.0,0.9625293256193208,215054.0,31.0
2783,4034.0,15.0,0.9805676375025384,215056.0,31.0
2784,4066.0,15.0,0.9538195511955501,217105.0,31.0
2785,3724.0,6.0,0.9645435608470267,218132.0,31.0
2786,3681.0,26.0,0.9646034482540466,214551.0,31.0
2787,3357.0,56.0,0.9705520113178044,216089.0,31.0
2788,3725.0,48.0,0.955388841329256,215066.0,31.0
2789,3638.0,13.0,0.9742585837465525,217115.0,31.0
2790,3590.0,53.0,0.9603027833467908,218141.0,31.0
2791,3594.0,3.0,0.9906086646720478,218654.0,31.0
2792,4170.0,17.0,0.9835039410271741,216607.0,31.0
2793,3368.0,38.0,0.9619281911738122,216615.0,31.0
2794,3472.0,19.0,0.9585157036311818,216616.0,31.0
2795,3714.0,49.0,0.9583098718379054,216619.0,31.0
2796,3457.0,58.0,0.9966380222245131,216625.0,31.0
2797,3764.0,48.0,0.9755642823743707,217139.0,31.0
2798,3504.0,52.0,0.9677454428133965,216117.0,31.0
2799,3692.0,12.0,0.9809896158504173,215609.0,31.0
2800,3650.0,34.0,0.972645543118228,216634.0,31.0
2801,3528.0,41.0,0.9865188259768952,216125.0,31.0
2802,3452.0,19.0,0.9858359003914032,214590.0,31.0
2803,4073.0,16.0,0.9672710047010775,214595.0,31.0
2804,3691.0,47.0,0.9617845188311173,214598.0,31.0
2805,3548.0,5.0,0.9927147511326573,216647.0,31.0
2806,3396.0,55.0,0.9788192718035305,217673.0,31.0
2807,3465.0,20.0,0.9500818849512264,215626.0,31.0
2808,3671.0,24.0,0.9660244811022567,214602.0,31.0
2809,3682.0,24.0,0.9719468056884781,215115.0,31.0
2810,3572.0,23.0,0.9815224105282703,216653.0,31.0
2811,3780.0,28.0,0.9737616676240946,218191.0,31.0
2812,3557.0,40.0,0.9826584682629416,216656.0,31.0
2813,3568.0,3.0,0.9792839962008628,217680.0,31.0
2814,3804.0,30.0,0.9750786889210152,218193.0,31.0
2815,3827.0,10.0,0.9772222484817191,216147.0,31.0
2816,4121.0,16.0,0.9702077739290796,217176.0,31.0
2817,3520.0,51.0,0.9649802803689872,216153.0,31.0
2818,3283.0,0.0,0.9520190424357179,217177.0,31.0
2819,3641.0,14.0,0.9712503974587114,216158.0,31.0
2820,3585.0,46.0,0.9751271580185319,215655.0,31.0
2821,3644.0,32.0,0.9527147768590564,217708.0,31.0
2822,3772.0,25.0,0.9653577925850548,218221.0,31.0
2823,3763.0,43.0,0.9557298779487478,215150.0,31.0
2824,3626.0,44.0,0.9840688617547493,215672.0,31.0
2825,3601.0,44.0,1.0,214649.0,31.0
2826,3595.0,22.0,0.9684735243513602,218235.0,31.0
2827,3619.0,39.0,0.9783700925871286,216700.0,31.0
2828,3631.0,13.0,0.963601868970884,216707.0,31.0
2829,3356.0,37.0,0.9609450251769327,215172.0,31.0
2830,4150.0,17.0,0.9575457356085155,215179.0,31.0
2831,3927.0,11.0,0.9819920856329709,217228.0,31.0
2832,3875.0,9.0,0.9649391619847778,217229.0,31.0
2833,2249.0,59.0,0.9898700960022422,214670.0,31.0
2834,3521.0,51.0,0.9891010333999274,216206.0,31.0
2835,3624.0,8.0,0.9792411454038609,216719.0,31.0
2836,3589.0,57.0,0.9603763558213566,217746.0,31.0
2837,3852.0,31.0,1.0,218259.0,31.0
2838,3776.0,30.0,0.9664190552198971,216724.0,31.0
2839,3562.0,3.0,0.9861967859483897,217239.0,31.0
2840,3625.0,8.0,0.9751256668743825,216736.0,31.0
2841,3602.0,57.0,0.9640006148584159,218273.0,31.0
2842,3684.0,13.0,0.9783049106915385,218784.0,31.0
2843,3883.0,9.0,0.9895962506994913,217768.0,31.0
2844,3787.0,30.0,0.9512607312373177,217257.0,31.0
2845,3707.0,49.0,0.9713294529540908,216237.0,31.0
2846,3493.0,4.0,0.97966793745466,215215.0,31.0
2847,3920.0,11.0,0.9731380313097805,216754.0,31.0
2848,3777.0,30.0,0.9723235900480207,216755.0,31.0
2849,3363.0,55.0,0.9599361518825645,215732.0,31.0
2850,3494.0,19.0,0.9920923907497112,217268.0,31.0
2851,3630.0,44.0,0.9838218494040513,215734.0,31.0
2852,3705.0,47.0,0.9668710592741211,215223.0,31.0
2853,3921.0,11.0,0.9697989293133612,216759.0,31.0
2854,3479.0,20.0,0.9928912330105403,217269.0,31.0
2855,3548.0,51.0,0.9895258982340187,217781.0,31.0
2856,3582.0,54.0,0.9837367916457269,218298.0,31.0
2857,3599.0,22.0,0.9845166938461439,218808.0,31.0
2858,3529.0,20.0,0.9837426400085345,218812.0,31.0
2859,3783.0,31.0,1.0,214719.0,31.0
2860,4069.0,15.0,0.9883186176451214,217282.0,31.0
2861,3665.0,27.0,0.9554944934635737,217289.0,31.0
2862,3662.0,14.0,0.9825954861904805,217290.0,31.0
2863,3720.0,50.0,0.9575489260767807,218828.0,31.0
2864,3643.0,35.0,0.9694083138965038,215245.0,31.0
2865,3633.0,23.0,0.9644019488231904,218835.0,31.0
2866,3514.0,4.0,0.9751655938380693,216276.0,31.0
2867,3678.0,6.0,0.9823497524933901,215254.0,31.0
2868,3525.0,51.0,0.9565312475859122,216791.0,31.0
2869,3526.0,4.0,0.954317149258949,217816.0,31.0
2870,3693.0,24.0,0.9513061917479961,215769.0,31.0
2871,3757.0,48.0,0.9616249513726884,216794.0,31.0
2872,3726.0,12.0,0.958606016007304,217817.0,31.0
2873,3957.0,11.0,0.9801042630941987,218847.0,31.0
2874,3641.0,13.0,0.9740154551513112,217311.0,31.0
2875,3555.0,18.0,0.9874401269533379,217315.0,31.0
2876,3628.0,13.0,0.9828316421704734,215779.0,31.0
2877,3617.0,21.0,0.9708428545765573,217318.0,31.0
2878,3785.0,42.0,0.9523048197320477,216809.0,31.0
2879,3619.0,44.0,0.9603320981372315,215283.0,31.0
2880,3728.0,47.0,0.9555110715259262,216312.0,31.0
2881,3570.0,57.0,0.9623844810924654,216824.0,31.0
2882,3598.0,53.0,0.9511399629127181,218875.0,31.0
2883,3562.0,45.0,0.9597252571327426,216316.0,31.0
2884,3698.0,12.0,0.9563978031892277,215804.0,31.0
2885,3700.0,7.0,0.9559473351439605,216830.0,31.0
2886,3640.0,39.0,0.9580258782999098,217854.0,31.0
2887,3655.0,32.0,0.954725269524096,218369.0,31.0
2888,3829.0,10.0,0.9598204431524029,216322.0,31.0
2889,3530.0,52.0,0.9892046465702435,217348.0,31.0
2890,3560.0,53.0,0.952270531458488,216847.0,31.0
2891,3496.0,4.0,0.9699331266533057,215322.0,31.0
2892,4131.0,16.0,0.9846623571006368,218908.0,31.0
2893,3800.0,30.0,0.9721659653400089,217889.0,31.0
2894,3811.0,30.0,0.9790619015227051,218411.0,31.0
2895,3665.0,7.0,0.9698439749419177,215339.0,31.0
2896,3370.0,2.0,0.9504576331359049,218413.0,31.0
2897,3589.0,45.0,0.9524768839849993,217387.0,31.0
2898,3689.0,7.0,0.9665773789723869,216367.0,31.0
2899,3543.0,51.0,0.9842026059889925,217396.0,31.0
2900,3509.0,19.0,0.9721673437761231,217910.0,31.0
2901,3797.0,43.0,0.9746418739630095,217401.0,31.0
2902,3707.0,47.0,0.9738049593498889,215363.0,31.0
2903,3323.0,0.0,0.9695071054658966,218438.0,31.0
2904,3667.0,27.0,0.9814416997966338,217420.0,31.0
2905,3380.0,38.0,0.9740626354646885,217425.0,31.0
2906,3533.0,33.0,0.9757557109069122,214873.0,31.0
2907,3700.0,50.0,0.9636752664818302,218461.0,31.0
2908,3351.0,2.0,0.952365464711013,217437.0,31.0
2909,3605.0,44.0,0.9519206060062191,214881.0,31.0
2910,3778.0,43.0,0.9598097544939572,215905.0,31.0
2911,3765.0,28.0,0.965444416992719,217449.0,31.0
2912,3561.0,54.0,0.9555507427926111,216942.0,31.0
2913,3878.0,9.0,0.9619261118985253,217460.0,31.0
2914,3543.0,54.0,0.9743799175636989,216437.0,31.0
2915,3603.0,46.0,0.972325709197782,216442.0,31.0
2916,3694.0,27.0,0.9501060497853137,218491.0,31.0
2917,3846.0,10.0,0.9564470055310997,217985.0,31.0
2918,3576.0,3.0,0.9747437484592223,217987.0,31.0
2919,3584.0,21.0,0.9511900068702616,215941.0,31.0
2920,3793.0,43.0,0.9522354679235382,216972.0,31.0
2921,3328.0,0.0,0.9937983649760546,218509.0,31.0
2922,3526.0,58.0,0.9677943699270632,219024.0,31.0
2923,3850.0,31.0,0.9802889428000247,218007.0,31.0
2924,3414.0,37.0,0.9807621279000449,218521.0,31.0
2925,3580.0,46.0,0.9823235993110112,215449.0,31.0
2926,3554.0,5.0,0.9675234024062894,216989.0,31.0
2927,3700.0,6.0,0.9691137455103166,216995.0,31.0
2928,3581.0,46.0,0.9624195732426878,215459.0,31.0
2929,3600.0,23.0,0.9608844138315813,218019.0,31.0
2930,3513.0,20.0,0.9855853193070795,218537.0,31.0
2931,3279.0,0.0,0.9736516846591653,217002.0,31.0
2932,3641.0,8.0,0.9593657090283643,217513.0,31.0
2933,3809.0,31.0,0.9554460815196801,215977.0,31.0
2934,3467.0,19.0,0.9732352539026626,215979.0,31.0
2935,3478.0,58.0,0.9825704107417402,218028.0,31.0
2936,3634.0,21.0,0.9550530174403695,218543.0,31.0
2937,3925.0,11.0,0.9690664900277294,217012.0,31.0
2938,3553.0,51.0,0.9881833656025658,218038.0,31.0
2939,3617.0,23.0,0.9532184339219755,218554.0,31.0
2940,3596.0,32.0,0.9660834532042674,215484.0,31.0
2941,3350.0,38.0,0.9773677975365714,215489.0,31.0
2942,3534.0,52.0,0.9682653021950517,217538.0,31.0
2943,3719.0,49.0,0.9518597949481807,217027.0,31.0
2944,3438.0,36.0,0.9795969493936294,214979.0,31.0
2945,3732.0,48.0,0.9852002578437434,215493.0,31.0
2946,3597.0,57.0,0.9744683102908201,218056.0,31.0
2947,3390.0,37.0,0.9880805103277264,217034.0,31.0
2948,3390.0,56.0,0.9813625003686623,218059.0,31.0
2949,3525.0,54.0,0.9691375236256367,215504.0,31.0
2950,3604.0,32.0,0.9577146276270575,216016.0,31.0
2951,3643.0,8.0,0.9851130940475883,217555.0,31.0
2952,3766.0,25.0,0.9780043296863153,218071.0,31.0
2953,3554.0,3.0,0.9536891860211507,216536.0,31.0
2954,3779.0,42.0,0.9786512986405472,216537.0,31.0
2955,3441.0,36.0,0.9938671544014874,215001.0,31.0
2956,4070.0,15.0,0.9838967739931331,217563.0,31.0
2957,3387.0,1.0,0.9912426300321597,218078.0,31.0
2958,4123.0,16.0,0.9784696884540189,217581.0,31.0
2959,3886.0,9.0,0.9862993162217815,218096.0,31.0
2960,3832.0,31.0,0.9517200765898639,217075.0,31.0
2961,4142.0,17.0,0.9562887563297863,215029.0,31.0
2962,3666.0,8.0,0.9551771374832245,218614.0,31.0
2963,3707.0,12.0,0.98260858430977,216567.0,31.0
2964,3760.0,29.0,0.9596124126015813,216568.0,31.0
2965,3639.0,34.0,0.9500257793092151,216055.0,31.0
2966,3555.0,40.0,0.953754707380323,216571.0,31.0
2967,3531.0,5.0,0.9681930682099749,215547.0,31.0
2968,4065.0,15.0,0.9758381226205924,217090.0,31.0
2969,3354.0,1.0,0.985602184593422,216070.0,31.0
2970,3563.0,22.0,0.9624302800543,217104.0,31.0
2971,3535.0,41.0,0.9782835860647582,216594.0,31.0
2972,3746.0,28.0,0.9776959705960195,216605.0,31.0
2973,3754.0,48.0,0.9558463153257635,216608.0,31.0
2974,3955.0,11.0,0.9701215627196359,218658.0,31.0
2975,3682.0,14.0,0.9831563645287827,218659.0,31.0
2976,3361.0,55.0,0.9647659609775867,215592.0,31.0
2977,3713.0,49.0,0.9862022975310788,216617.0,31.0
2978,3715.0,47.0,0.9522328272714232,215593.0,31.0
2979,3678.0,13.0,0.9775614835369957,218667.0,31.0
2980,3374.0,56.0,0.9631897451044273,217133.0,31.0
2981,3510.0,5.0,0.9829513507088563,214577.0,31.0
2982,3576.0,41.0,0.9519037586242655,218678.0,31.0
2983,3631.0,14.0,0.9658856413839485,215607.0,31.0
2984,3803.0,30.0,0.9640228429927125,218168.0,31.0
2985,3381.0,56.0,0.9642623655740298,217658.0,31.0
2986,2258.0,59.0,0.9771557607498994,215100.0,31.0
2987,3417.0,37.0,0.9890543942281246,218685.0,31.0
2988,3462.0,36.0,0.9881681116065236,215618.0,31.0
2989,3536.0,3.0,0.9704699128711077,215619.0,31.0
2990,3512.0,41.0,0.9627111113429098,215111.0,31.0
2991,4099.0,16.0,0.9800427193669604,215623.0,31.0
2992,3387.0,55.0,0.9522881871764185,217165.0,31.0
2993,3678.0,49.0,0.9561480487807978,215122.0,31.0
2994,3530.0,22.0,0.9590004570620428,215126.0,31.0
2995,3715.0,24.0,0.9629947205646182,216667.0,31.0
2996,2246.0,59.0,0.9883988989471645,214625.0,31.0
2997,3578.0,57.0,0.9704439222699043,217186.0,31.0
2998,3640.0,44.0,0.9657344695428772,216162.0,31.0
2999,3639.0,35.0,0.9816401238375454,215144.0,31.0
3000,3786.0,25.0,0.9750459336689647,218730.0,31.0
3001,3304.0,2.0,0.9626108657610726,215147.0,31.0
3002,3758.0,28.0,0.9888120429678953,217196.0,31.0
3003,3867.0,9.0,0.9546188963566951,216685.0,31.0
3004,3505.0,52.0,0.9686714347155355,216170.0,31.0
3005,3624.0,34.0,0.9644668193654683,214640.0,31.0
3006,3358.0,38.0,0.9837201247490891,216176.0,31.0
3007,3773.0,25.0,0.9622896565577707,218224.0,31.0
3008,3857.0,10.0,0.9554162531355789,218231.0,31.0
3009,3517.0,18.0,0.9850244523945607,215162.0,31.0
3010,3638.0,39.0,0.9547455519674692,217727.0,31.0
3011,3596.0,53.0,0.9660919380247682,218753.0,31.0
3012,3572.0,33.0,0.9705780142046951,216193.0,31.0
3013,3371.0,1.0,0.9582553319814918,216710.0,31.0
3014,3716.0,24.0,0.9532872587473019,216712.0,31.0
3015,2250.0,59.0,0.9642459064506425,214671.0,31.0
3016,3678.0,14.0,0.9608513486228861,218262.0,31.0
3017,4151.0,17.0,0.983418248247022,215193.0,31.0
3018,3527.0,20.0,0.9754297730133599,218778.0,31.0
3019,3470.0,20.0,0.9742996954582095,216731.0,31.0
3020,3699.0,26.0,0.9898647676430774,215706.0,31.0
3021,3608.0,39.0,0.9500860543021883,216219.0,31.0
3022,3573.0,40.0,0.9820611069496193,217248.0,31.0
3023,3717.0,50.0,0.9735778407517623,218785.0,31.0
3024,3773.0,29.0,0.9815351873532706,217249.0,31.0
3025,3771.0,42.0,0.9575439870011649,216226.0,31.0
3026,3700.0,26.0,0.9858967458697174,215716.0,31.0
3027,4073.0,15.0,0.9824317583234169,217767.0,31.0
3028,3585.0,22.0,0.9649870820779602,217769.0,31.0
3029,3554.0,18.0,0.9574298456006374,217263.0,31.0
3030,3380.0,55.0,0.9593238809354995,216752.0,31.0
3031,3542.0,40.0,0.9523713573026041,215729.0,31.0
3032,3593.0,33.0,1.0,217778.0,31.0
3033,3727.0,29.0,0.9674379935868022,214708.0,31.0
3034,3689.0,27.0,0.9731290582736991,218293.0,31.0
3035,3582.0,33.0,0.9703419671234638,216760.0,31.0
3036,3674.0,34.0,0.9574248630665264,217789.0,31.0
3037,4134.0,17.0,0.9830587180336358,214718.0,31.0
3038,3506.0,58.0,0.9927258041576069,218815.0,31.0
3039,3621.0,35.0,0.987371105082159,214720.0,31.0
3040,3725.0,6.0,0.9595348184780822,218305.0,31.0
3041,3469.0,19.0,0.9607673083682057,216258.0,31.0
3042,3551.0,45.0,0.9592385238959205,215752.0,31.0
3043,3691.0,26.0,0.9700697079373078,215241.0,31.0
3044,3731.0,42.0,0.9835650902390669,214270.0,31.0
3045,3753.0,42.0,0.9823522654371528,215119.0,31.0
3046,3576.0,23.0,0.9757933492746086,217174.0,31.0
3047,3480.0,18.0,0.9681450949588104,214489.0,31.0
3048,4111.0,17.0,0.9606965402011889,214363.0,31.0
3049,3729.0,6.0,1.0,218460.0,31.0
3050,3761.0,30.0,0.9657727970730421,214747.0,31.0
3051,3636.0,23.0,0.9574527732540579,218976.0,31.0
3052,3475.0,20.0,0.9618326306840339,217059.0,31.0
3053,3390.0,1.0,0.9725350549305086,218980.0,31.0
3054,3647.0,44.0,0.9547741222395058,216421.0,31.0
3055,3690.0,47.0,0.9661955106473977,214502.0,31.0
3056,3556.0,52.0,1.0,218982.0,31.0
3057,3533.0,19.0,0.9789031630905439,218984.0,31.0
3058,3496.0,36.0,0.977987776263633,218216.0,31.0
3059,3653.0,44.0,0.9738325056155316,216554.0,31.0
3060,3822.0,31.0,0.9561804394251682,216683.0,31.0
3061,3487.0,19.0,0.9587482301509456,217068.0,31.0
3062,3422.0,38.0,0.9603172758843952,218990.0,31.0
3063,3464.0,36.0,0.952169304942829,215791.0,31.0
3064,3661.0,49.0,0.9687731617460205,214641.0,31.0
3065,3657.0,35.0,0.9697149621993519,215755.0,31.0
3066,3288.0,0.0,0.9705984275842445,217338.0,31.0
3067,3618.0,34.0,1.0,214399.0,31.0
3068,3482.0,58.0,0.9850900822002495,218240.0,31.0
3069,3413.0,37.0,0.9877385456723342,218498.0,31.0
3070,3643.0,34.0,0.9524992635213635,216323.0,31.0
3071,3695.0,34.0,0.9712076615779014,219010.0,31.0
3072,3374.0,2.0,0.9611751505949969,218757.0,31.0
3073,3767.0,47.0,0.954618668768339,219012.0,31.0
3074,3519.0,54.0,1.0,215302.0,31.0
3075,3307.0,1.0,0.9512556122968189,214408.0,31.0
3076,3687.0,27.0,0.9568023149725076,218245.0,31.0
3077,3548.0,46.0,0.9618361126314126,214414.0,31.0
3078,3413.0,36.0,0.953962713083502,214416.0,31.0
3079,3520.0,53.0,0.9599514483765442,214674.0,31.0
3080,3525.0,33.0,0.979698252721438,214292.0,31.0
3081,3555.0,23.0,0.9649128936516949,214421.0,31.0
3082,3883.0,11.0,0.975207004560315,214294.0,31.0
3083,3461.0,58.0,0.9674795326540346,217111.0,31.0
3084,3549.0,45.0,1.0,215701.0,31.0
3085,3638.0,23.0,0.9748978702441953,219033.0,31.0
3086,3528.0,33.0,0.9691538317996848,214554.0,31.0
3087,3584.0,32.0,0.9607734553733712,214299.0,31.0
3088,3705.0,28.0,0.9576096051716079,214302.0,31.0
3089,3615.0,35.0,0.9536227360635414,214560.0,31.0
3090,3422.0,36.0,0.9540224377153527,214562.0,31.0
3091,3752.0,6.0,0.981077543418577,219044.0,31.0
3092,3542.0,18.0,0.9576935298205572,216230.0,31.0
3093,3416.0,36.0,0.9615236667719887,214439.0,31.0
3094,3726.0,48.0,0.9802591852182693,215083.0,31.0
3095,3622.0,44.0,0.9738005636871067,215470.0,31.0
3096,3449.0,19.0,1.0,214448.0,31.0
3097,3817.0,9.0,0.9552621277911474,214449.0,31.0
3098,3683.0,14.0,0.9729555126029185,218802.0,31.0
3099,3697.0,6.0,0.9650175787372629,216882.0,31.0
3100,3637.0,8.0,0.9583571612342442,217397.0,31.0
3101,3575.0,45.0,0.9761278011829949,216886.0,31.0
3102,3355.0,38.0,0.9512905770092805,215989.0,31.0
3103,3340.0,37.0,0.954567572568721,214328.0,31.0
3104,3488.0,51.0,0.959860707889076,214969.0,31.0
3105,3551.0,57.0,0.9558843209139938,215101.0,31.0
3106,3775.0,31.0,0.9557529971645434,214334.0,31.0
3107,3612.0,14.0,0.9654630560142566,214594.0,31.0
3108,3471.0,19.0,0.9542533131378417,216516.0,31.0
3109,3476.0,18.0,0.9641027943840611,214343.0,31.0
3110,3450.0,58.0,0.9529185032115821,215624.0,31.0
3111,3368.0,1.0,0.9666681749571551,216649.0,31.0
3112,3573.0,53.0,0.9799577904620534,217291.0,31.0
3113,3558.0,18.0,0.9742812426412342,218189.0,31.0
3114,3506.0,5.0,0.9563514951706314,214437.0,31.0
3115,3342.0,37.0,0.9748907001958398,214389.0,31.0
3116,3744.0,12.0,0.9688014090248828,218775.0,31.0
3117,3565.0,23.0,0.9724609868946443,215746.0,31.0
3118,3609.0,14.0,0.9768437594272545,214565.0,31.0
3119,4087.0,15.0,1.0,218567.0,31.0
3120,3672.0,24.0,1.0,214634.0,31.0
3121,3739.0,24.0,0.9921252646275026,218321.0,31.0
3122,3659.0,8.0,0.9655832670299339,218322.0,31.0
3123,3558.0,51.0,1.0,218333.0,31.0
3124,4083.0,15.0,0.9597920301789837,218336.0,31.0
3125,3737.0,12.0,0.9802377904632932,218337.0,31.0
3126,3609.0,39.0,0.9941004625296025,216292.0,31.0
3127,3888.0,9.0,0.9822406314341162,218344.0,31.0
3128,3671.0,44.0,0.9807231020589192,218351.0,31.0
3129,3643.0,14.0,0.9917183021073014,216310.0,31.0
3130,3759.0,47.0,0.9982760650850224,218358.0,31.0
3131,3687.0,47.0,1.0,214289.0,31.0
3132,3509.0,20.0,0.9871764381570555,218386.0,31.0
3133,3792.0,29.0,0.9938268544616758,218387.0,31.0
3134,3705.0,24.0,0.9783079857241773,216340.0,31.0
3135,3692.0,27.0,0.9961197227168103,218397.0,31.0
3136,3596.0,40.0,0.987253642630316,218398.0,31.0
3137,4108.0,16.0,0.9900550623524726,216356.0,31.0
3138,3706.0,28.0,0.9766299843220105,214308.0,31.0
3139,3306.0,1.0,1.0,214326.0,31.0
3140,3912.0,11.0,0.9799491880325814,216376.0,31.0
3141,3697.0,50.0,0.9547515567049184,218425.0,31.0
3142,3803.0,42.0,0.9921999662840175,218432.0,31.0
3143,3571.0,23.0,0.9643946159509216,216388.0,31.0
3144,3599.0,46.0,0.9822441864979998,216390.0,31.0
3145,3512.0,20.0,0.9619065260215718,218443.0,31.0
3146,3479.0,36.0,0.9835721961449572,216399.0,31.0
3147,3742.0,24.0,0.9832451513549609,218448.0,31.0
3148,3663.0,8.0,0.9705330128502897,218464.0,31.0
3149,3776.0,31.0,0.9588668244190256,214375.0,31.0
3150,3600.0,40.0,0.9949638322899439,218473.0,31.0
3151,3743.0,24.0,0.981073479705871,218474.0,31.0
3152,3804.0,42.0,0.9932808598389194,218476.0,31.0
3153,3523.0,19.0,0.9861205459032717,218478.0,31.0
3154,3600.0,33.0,0.9671640780047179,218486.0,31.0
3155,3609.0,57.0,0.9952794304292765,218492.0,31.0
3156,3612.0,35.0,1.0,214397.0,31.0
3157,3764.0,47.0,0.9827242385136737,218497.0,31.0
3158,3604.0,45.0,0.9770801566009772,218499.0,31.0
3159,3665.0,8.0,0.9891344480725328,218500.0,31.0
3160,3613.0,39.0,0.9768064559180115,216462.0,31.0
3161,3584.0,54.0,0.9867930427365518,218513.0,31.0
3162,3650.0,44.0,0.9833096583620281,216468.0,31.0
3163,3339.0,56.0,0.9557192919701226,214428.0,31.0
3164,3672.0,44.0,0.9876582402759472,218524.0,31.0
3165,3671.0,35.0,0.9875238940046456,216493.0,31.0
3166,3366.0,1.0,0.9568411309660654,216495.0,31.0
3167,3545.0,18.0,0.9825836077389734,216498.0,31.0
3168,3652.0,44.0,0.9841989568348912,216509.0,31.0
3169,3674.0,13.0,0.9972140858248595,218558.0,31.0
3170,3497.0,36.0,0.9978635698324236,218561.0,31.0
3171,3546.0,54.0,0.9978516877589501,216522.0,31.0
3172,3599.0,21.0,0.9873436990717599,216523.0,31.0
3173,3593.0,53.0,0.9832155103955887,218572.0,31.0
3174,3706.0,50.0,0.9895126929694023,218579.0,31.0
3175,3735.0,6.0,0.9882614826915208,218588.0,31.0
3176,3784.0,28.0,0.9873404996922214,218589.0,31.0
3177,3794.0,48.0,0.9795010023421473,218591.0,31.0
3178,3622.0,23.0,0.9926301150939124,218594.0,31.0
3179,3408.0,38.0,0.9775007895412924,218595.0,31.0
3180,3691.0,34.0,0.9826352731625012,218597.0,31.0
3181,3752.0,26.0,0.9815329941931231,218598.0,31.0
3182,3675.0,13.0,0.9874143405053654,218601.0,31.0
3183,3568.0,39.0,0.9737982579851068,214507.0,31.0
3184,3656.0,49.0,0.9650140755091086,214513.0,31.0
3185,3415.0,37.0,0.9901557184093395,218611.0,31.0
3186,3736.0,6.0,0.9854923575274573,218613.0,31.0
3187,4124.0,17.0,0.9784741298042526,214521.0,31.0
3188,3593.0,3.0,0.9669068689054969,218620.0,31.0
3189,3478.0,52.0,0.9698589359699752,214525.0,31.0
3190,3527.0,33.0,0.958945666973263,214530.0,31.0
3191,3574.0,41.0,0.9887681972575554,218626.0,31.0
3192,3483.0,18.0,0.9680680325534846,214532.0,31.0
3193,3676.0,13.0,0.9670661280797611,218628.0,31.0
3194,3511.0,54.0,0.9724039322002449,214542.0,31.0
3195,3595.0,53.0,0.9661023390446782,218641.0,31.0
3196,3410.0,56.0,0.9757220153932482,218649.0,31.0
3197,3891.0,9.0,0.9774888328526931,218650.0,31.0
3198,3635.0,21.0,0.9747582828430851,218652.0,31.0
3199,3612.0,57.0,0.9879273821165669,218656.0,31.0
3200,3497.0,58.0,0.9817898933755547,218657.0,31.0
3201,3621.0,34.0,0.9520032769451499,214563.0,31.0
3202,3869.0,10.0,0.9792381539041989,218660.0,31.0
3203,3499.0,58.0,0.9914261065547717,218665.0,31.0
3204,3465.0,4.0,0.9821268798087187,214571.0,31.0
3205,3575.0,41.0,0.9831943290299267,218669.0,31.0
3206,3388.0,37.0,0.9878901690999065,216627.0,31.0
3207,4060.0,15.0,0.952897718528002,216630.0,31.0
3208,4115.0,16.0,0.9608198259830562,216632.0,31.0
3209,3658.0,32.0,0.9854916927316534,218686.0,31.0
3210,3659.0,32.0,0.9885925421086,218691.0,31.0
3211,3537.0,41.0,0.9687493769629173,216645.0,31.0
3212,3614.0,57.0,0.9849210465010795,218693.0,31.0
3213,3818.0,43.0,0.9919210931007308,218700.0,31.0
3214,3824.0,30.0,0.9840884183420701,218704.0,31.0
3215,3819.0,43.0,0.9850740555382015,218713.0,31.0
3216,3866.0,9.0,0.9666975122099842,216673.0,31.0
3217,3607.0,46.0,1.0,216674.0,31.0
3218,4061.0,15.0,0.9978364885845241,216677.0,31.0
3219,3352.0,55.0,0.9514744620793545,214633.0,31.0
3220,3754.0,26.0,0.9827626888851367,218729.0,31.0
3221,3806.0,42.0,0.9803153152217288,218734.0,31.0
3222,3720.0,26.0,0.9788992938454734,216687.0,31.0
3223,3551.0,18.0,0.9896286796756524,216689.0,31.0
3224,3749.0,28.0,0.9859844871031367,216692.0,31.0
3225,3716.0,49.0,0.9831524107146734,216694.0,31.0
3226,3540.0,41.0,0.9770995983340351,216696.0,31.0
3227,3697.0,27.0,0.9927378528414854,218744.0,31.0
3228,3681.0,13.0,0.9896863883771578,218751.0,31.0
3229,3557.0,53.0,0.9579813565855934,216705.0,31.0
3230,3715.0,50.0,0.9895397631380561,218758.0,31.0
3231,3797.0,29.0,0.9898527227995132,218762.0,31.0
3232,3669.0,8.0,0.9869344159107023,218763.0,31.0
3233,3346.0,37.0,0.9647639696335545,214668.0,31.0
3234,3787.0,25.0,0.9931858336458071,218768.0,31.0
3235,3721.0,26.0,0.9909221349511745,216723.0,31.0
3236,3473.0,4.0,0.9878682156727834,214677.0,31.0
3237,3683.0,26.0,0.9801466350544581,214683.0,31.0
3238,3519.0,52.0,0.9887528731510709,216732.0,31.0
3239,3618.0,57.0,0.9876908638813351,218779.0,31.0
3240,3337.0,0.0,0.9891033357187503,218791.0,31.0
3241,3301.0,2.0,0.9666333728699603,214698.0,31.0
3242,3311.0,1.0,0.957938152216901,214701.0,31.0
3243,3581.0,5.0,0.9828584425470358,218797.0,31.0
3244,3686.0,13.0,0.9745991228533653,218805.0,31.0
3245,3674.0,44.0,0.9980980181684131,218813.0,31.0
3246,3798.0,48.0,0.9926112506427792,218820.0,31.0
3247,3700.0,27.0,0.989060266882624,218823.0,31.0
3248,3458.0,58.0,0.9642070475708374,216780.0,31.0
3249,3632.0,23.0,0.9835610965007489,218829.0,31.0
3250,3556.0,54.0,0.9875682863211626,216782.0,31.0
3251,3689.0,13.0,0.9903481585928134,218832.0,31.0
3252,3801.0,29.0,0.9848158876271866,218834.0,31.0
3253,3530.0,3.0,0.9539555927266036,214741.0,31.0
3254,3636.0,21.0,0.980464354005941,218840.0,31.0
3255,3628.0,8.0,0.9789971724161726,216795.0,31.0
3256,3881.0,10.0,0.9529076280780362,218849.0,31.0
3257,3583.0,33.0,0.9586015440695335,216802.0,31.0
3258,3531.0,19.0,0.9856420364300189,218851.0,31.0
3259,3741.0,6.0,0.9852357549640736,218853.0,31.0
3260,3275.0,0.0,0.9840319901382012,216806.0,31.0
3261,3598.0,3.0,0.9921540012029956,218854.0,31.0
3262,3661.0,32.0,0.992102858518022,218856.0,31.0
3263,3692.0,34.0,0.9860928545656242,218857.0,31.0
3264,3882.0,10.0,0.9648432892137417,218861.0,31.0
3265,3743.0,6.0,0.9867048313185011,218867.0,31.0
3266,3554.0,22.0,0.9910755658575097,216822.0,31.0
3267,3828.0,30.0,0.9766786544748002,218876.0,31.0
3268,3870.0,9.0,0.9630880972936146,216833.0,31.0
3269,3721.0,50.0,0.9905638182884164,218881.0,31.0
3270,3417.0,38.0,0.9891273581144786,218886.0,31.0
3271,3688.0,35.0,0.9701163536541912,218888.0,31.0
3272,3623.0,32.0,0.9767303105435097,216841.0,31.0
3273,3418.0,38.0,0.9838463965551832,218890.0,31.0
3274,3855.0,31.0,0.9719382574555782,218893.0,31.0
3275,3586.0,54.0,0.9864605620240261,218894.0,31.0
3276,3620.0,57.0,0.9817663069428233,218895.0,31.0
3277,3720.0,7.0,0.9750964075115474,218896.0,31.0
3278,3745.0,6.0,0.9838034725224913,218899.0,31.0
3279,3500.0,18.0,0.9873925490093269,214804.0,31.0
3280,3601.0,3.0,0.9503110342385567,218900.0,31.0
3281,3621.0,57.0,0.9633077039095326,218902.0,31.0
3282,3422.0,55.0,0.9506023761960165,218903.0,31.0
3283,3624.0,32.0,0.9646255069598746,216857.0,31.0
3284,3533.0,20.0,0.9885956272297637,218905.0,31.0
3285,3801.0,25.0,0.9506024764407079,218916.0,31.0
3286,3425.0,55.0,0.9826506748562002,218924.0,31.0
3287,3559.0,51.0,0.9602769805827458,218927.0,31.0
3288,3605.0,40.0,0.9844236801931263,218932.0,31.0
3289,3434.0,36.0,0.9516382371906897,214838.0,31.0
3290,3959.0,11.0,0.9931237994279075,218934.0,31.0
3291,3420.0,38.0,0.9916512177892804,218935.0,31.0
3292,3887.0,10.0,0.9924133817730828,218940.0,31.0
3293,3647.0,50.0,0.9577918025616731,214846.0,31.0
3294,3426.0,55.0,0.9902816624033862,218942.0,31.0
3295,3747.0,12.0,0.9835571731028401,218943.0,31.0
3296,3604.0,3.0,0.9636438459994691,218945.0,31.0
3297,3459.0,19.0,0.9648797058094827,214851.0,31.0
3298,3751.0,28.0,0.9864068166064555,216901.0,31.0
3299,3804.0,25.0,0.9587145353853498,218950.0,31.0
3300,3482.0,4.0,0.987990471386429,214858.0,31.0
3301,3583.0,5.0,0.9920443723624364,218957.0,31.0
3302,3416.0,56.0,0.9874239088459908,218958.0,31.0
3303,3538.0,20.0,0.9671121715473288,218959.0,31.0
3304,4132.0,16.0,0.9880007987090179,218962.0,31.0
3305,3559.0,54.0,0.9874887919653613,216916.0,31.0
3306,3699.0,6.0,0.9515091785913512,216919.0,31.0
3307,3802.0,29.0,0.9875820987961446,218967.0,31.0
3308,3521.0,58.0,0.9815193827682392,218969.0,31.0
3309,3522.0,58.0,0.991284638040356,218970.0,31.0
3310,3540.0,20.0,0.9846882269267032,218971.0,31.0
3311,3379.0,2.0,0.988717336353951,218972.0,31.0
3312,3421.0,38.0,0.9806929177837845,218974.0,31.0
3313,3808.0,42.0,0.9914577032908815,218975.0,31.0
3314,3541.0,20.0,0.9873893407329086,218978.0,31.0
3315,3675.0,44.0,1.0,218979.0,31.0
3316,3600.0,8.0,0.9561563154398136,214884.0,31.0
3317,3749.0,12.0,0.976654232846496,218981.0,31.0
3318,4140.0,17.0,0.9702668266365561,214888.0,31.0
3319,3889.0,10.0,0.9895313652722137,218987.0,31.0
3320,3658.0,27.0,0.9974377469385036,216945.0,31.0
3321,4080.0,16.0,0.9922873961360391,214900.0,31.0
3322,3736.0,47.0,0.9814472820664014,216951.0,31.0
3323,3751.0,12.0,0.9815257739978082,218999.0,31.0
3324,3427.0,55.0,0.9874803852268267,219001.0,31.0
3325,4093.0,15.0,0.9828246514403353,219003.0,31.0
3326,3428.0,55.0,0.9890408436975472,219006.0,31.0
3327,3375.0,1.0,0.9717134478236797,216959.0,31.0
3328,3543.0,20.0,0.9869999598398514,219007.0,31.0
3329,3580.0,41.0,0.9745390063347251,219008.0,31.0
3330,3811.0,25.0,0.9916366092950437,219011.0,31.0
3331,3701.0,13.0,0.9608999976518857,219013.0,31.0
3332,3609.0,21.0,0.9734568006923487,216966.0,31.0
3333,3893.0,10.0,0.9927163021259414,219017.0,31.0
3334,3813.0,25.0,0.9878070639136055,219019.0,31.0
3335,3809.0,42.0,0.977751555396824,219022.0,31.0
3336,3787.0,31.0,0.9839890343079977,214927.0,31.0
3337,3525.0,58.0,0.9792054667750906,219023.0,31.0
3338,3749.0,6.0,0.9918849531771214,219025.0,31.0
3339,3675.0,35.0,0.9617961750198138,216978.0,31.0
3340,3557.0,52.0,0.9694539276532848,219027.0,31.0
3341,3814.0,25.0,0.96811831348404,219029.0,31.0
3342,3752.0,12.0,0.9884181150836716,219030.0,31.0
3343,4063.0,15.0,0.9763149144614375,216985.0,31.0
3344,3380.0,2.0,0.9868431751723692,219034.0,31.0
3345,3342.0,0.0,0.9636783634480821,219036.0,31.0
3346,3755.0,26.0,0.959225813749602,219037.0,31.0
3347,3424.0,38.0,0.9908946339539986,219038.0,31.0
3348,3961.0,11.0,0.9540886222818842,219041.0,31.0
3349,3815.0,25.0,0.9883004355472884,219045.0,31.0
3350,3527.0,58.0,0.9566561997286728,219048.0,31.0
3351,3832.0,30.0,0.9858946380153724,219050.0,31.0
3352,3604.0,33.0,0.9676169795919889,219051.0,31.0
3353,3623.0,39.0,0.9894456116308994,217005.0,31.0
3354,3833.0,30.0,0.9537224784999052,219053.0,31.0
3355,3745.0,24.0,0.9537789003149686,219055.0,31.0
3356,3823.0,43.0,0.9880004938931071,219056.0,31.0
3357,3697.0,34.0,0.9928744097351568,219057.0,31.0
3358,3534.0,45.0,0.9516697246786072,214967.0,31.0
3359,3761.0,48.0,1.0,217016.0,31.0
3360,3320.0,1.0,0.9853407167310403,214984.0,31.0
3361,3830.0,9.0,0.9613743077142156,214991.0,31.0
3362,3486.0,19.0,0.9910894525450866,217053.0,31.0
3363,3617.0,14.0,0.9508386911707395,215012.0,31.0
3364,3660.0,34.0,0.9539627684801533,217062.0,31.0
3365,3789.0,31.0,0.9919639664150031,215033.0,31.0
3366,3535.0,51.0,0.9842677703796539,217081.0,31.0
3367,3521.0,5.0,0.9603596985073937,215067.0,31.0
3368,3791.0,31.0,0.9784501579521843,215091.0,31.0
3369,3515.0,18.0,0.9932909232103615,215118.0,31.0
3370,4173.0,17.0,0.9830588181518916,217171.0,31.0
3371,3492.0,51.0,0.9857233187059766,215128.0,31.0
3372,3785.0,30.0,0.993064985113018,217180.0,31.0
3373,3581.0,45.0,0.9939594653984841,217181.0,31.0
3374,3617.0,46.0,0.9927396373111519,217192.0,31.0
3375,3523.0,4.0,0.9512231241683441,217195.0,31.0
3376,3769.0,48.0,0.9837890946626008,217231.0,31.0
3377,4154.0,17.0,0.9556454788270029,215207.0,31.0
3378,4153.0,17.0,0.9853204736743432,215210.0,31.0
3379,3493.0,19.0,0.9638928421569025,217266.0,31.0
3380,3566.0,54.0,0.984663201234208,217271.0,31.0
3381,3788.0,30.0,0.9768306175182239,217280.0,31.0
3382,3793.0,42.0,0.9723492726032633,217281.0,31.0
3383,3575.0,46.0,0.9914848642252765,215257.0,31.0
3384,3524.0,4.0,1.0,217310.0,31.0
3385,3661.0,7.0,0.9617034783018921,215264.0,31.0
3386,3618.0,44.0,0.9879723619709773,215266.0,31.0
3387,3331.0,1.0,0.9581750387176099,215267.0,31.0
3388,3618.0,46.0,0.9804379482141663,217322.0,31.0
3389,3347.0,2.0,0.9923920136388835,217332.0,31.0
3390,3725.0,24.0,0.9896252354706286,217334.0,31.0
3391,3727.0,24.0,0.973197733575735,217360.0,31.0
3392,3834.0,31.0,0.9718390435145016,217377.0,31.0
3393,3497.0,51.0,0.9868454457744101,215334.0,31.0
3394,3762.0,28.0,0.9737708632415133,217393.0,31.0
3395,3685.0,49.0,0.9755117721769648,215353.0,31.0
3396,4155.0,17.0,0.957322537115064,215359.0,31.0
3397,3350.0,2.0,0.9934242530821334,217417.0,31.0
3398,3572.0,22.0,0.9917995620283374,217418.0,31.0
3399,3381.0,38.0,0.9677267982525037,217433.0,31.0
3400,3495.0,19.0,0.9723539402091604,217439.0,31.0
3401,3931.0,11.0,0.9906216847019681,217467.0,31.0
3402,3640.0,8.0,0.976640220690277,217474.0,31.0
3403,4092.0,16.0,0.9840319178070022,215427.0,31.0
3404,3576.0,53.0,0.9857265221249075,217479.0,31.0
3405,4157.0,17.0,0.9614185251965204,215432.0,31.0
3406,3533.0,53.0,1.0,215433.0,31.0
3407,3532.0,52.0,0.9858330961393301,217493.0,31.0
3408,3730.0,24.0,0.9876485234543867,217503.0,31.0
3409,3800.0,43.0,0.9817670365019422,217504.0,31.0
3410,3591.0,45.0,0.9719491519542951,217520.0,31.0
3411,3533.0,52.0,0.9795226123213866,217521.0,31.0
3412,3574.0,22.0,0.9863022094817876,217527.0,31.0
3413,3344.0,1.0,0.9740170147915977,215505.0,31.0
3414,3488.0,36.0,0.9905337767695039,217553.0,31.0
3415,3673.0,7.0,0.9563623756880781,215517.0,31.0
3416,3543.0,45.0,0.9589612300336214,215526.0,31.0
3417,3587.0,23.0,0.9837477963383895,217577.0,31.0
3418,3557.0,33.0,0.9627089500470195,215532.0,31.0
3419,3563.0,5.0,0.9817305864411514,217583.0,31.0
3420,3499.0,19.0,0.9943917322622557,217587.0,31.0
3421,3489.0,36.0,0.9953742363616186,217588.0,31.0
3422,3526.0,18.0,0.9751812155640566,215563.0,31.0
3423,3708.0,7.0,0.9558635031401508,217613.0,31.0
3424,3579.0,22.0,0.9825829632485479,217616.0,31.0
3425,3582.0,40.0,0.9880183475516507,217620.0,31.0
3426,3580.0,22.0,0.9896285975796599,217621.0,31.0
3427,3564.0,5.0,0.9954339437573075,217648.0,31.0
3428,3778.0,29.0,0.985794804949753,217652.0,31.0
3429,3932.0,11.0,0.977319710883695,217657.0,31.0
3430,3362.0,37.0,0.9895372436853851,215614.0,31.0
3431,3665.0,14.0,0.9837540561078294,217662.0,31.0
3432,3797.0,42.0,0.9914063267975619,217663.0,31.0
3433,3581.0,22.0,0.9699480377697244,217668.0,31.0
3434,3779.0,29.0,0.9554120325387772,217672.0,31.0
3435,3504.0,4.0,0.9907498244126752,215625.0,31.0
3436,3384.0,1.0,0.9524057086014399,217676.0,31.0
3437,3676.0,50.0,0.9950379942239935,217696.0,31.0
3438,3666.0,14.0,0.9791650964684746,217699.0,31.0
3439,3547.0,45.0,0.9735849948435401,215664.0,31.0
3440,3752.0,47.0,0.9681176015961361,217713.0,31.0
3441,3588.0,57.0,0.981639541290213,217716.0,31.0
3442,3587.0,40.0,0.9783017535557306,217737.0,31.0
3443,3300.0,0.0,0.9535360786783964,217750.0,31.0
3444,3627.0,21.0,0.9747196351301916,217756.0,31.0
3445,3760.0,42.0,0.9911370106516783,215715.0,31.0
3446,3823.0,10.0,0.97069494726367,215719.0,31.0
3447,3559.0,33.0,0.9760057548002111,215726.0,31.0
3448,3729.0,49.0,0.9845001848221813,217775.0,31.0
3449,3592.0,23.0,0.982319101223474,217803.0,31.0
3450,3646.0,32.0,0.9663638552324153,217814.0,31.0
3451,3593.0,23.0,0.9935433633642415,217837.0,31.0
3452,3596.0,39.0,0.9860365892100728,215790.0,31.0
3453,3570.0,5.0,0.9913501005245277,217847.0,31.0
3454,3700.0,49.0,0.9833370106233447,215813.0,31.0
3455,3550.0,51.0,0.9897808421826305,217871.0,31.0
3456,3938.0,11.0,0.987233555067265,217891.0,31.0
3457,3681.0,34.0,0.9764557030968152,217894.0,31.0
3458,3491.0,36.0,0.9596827966516176,217896.0,31.0
3459,3384.0,56.0,0.9914706609657485,217908.0,31.0
3460,3467.0,36.0,0.9846780077547326,215863.0,31.0
3461,3851.0,9.0,0.9601274656932056,215868.0,31.0
3462,3756.0,47.0,0.9892718660611728,217917.0,31.0
3463,3680.0,35.0,0.9869557015307846,217926.0,31.0
3464,3597.0,45.0,0.986316929756281,217930.0,31.0
3465,3541.0,52.0,0.9838793295269601,217932.0,31.0
3466,3493.0,36.0,0.9808242942487359,217934.0,31.0
3467,3361.0,2.0,0.9875186318641699,217935.0,31.0
3468,3535.0,18.0,0.9622880874395351,215892.0,31.0
3469,3639.0,27.0,1.0,215893.0,31.0
3470,3682.0,50.0,0.988046125720192,217946.0,31.0
3471,3371.0,37.0,0.9923407048614629,215907.0,31.0
3472,3308.0,0.0,0.9902757464159058,217969.0,31.0
3473,3664.0,35.0,0.9832975666289356,215939.0,31.0
3474,3849.0,31.0,0.9906902164589093,217989.0,31.0
3475,3943.0,11.0,0.985135388973128,218004.0,31.0
3476,3777.0,28.0,0.9922444955586774,218006.0,31.0
3477,3372.0,37.0,0.9833623303110464,215961.0,31.0
3478,3591.0,46.0,0.9884133384972578,215971.0,31.0
3479,3514.0,51.0,0.9899230406210279,215973.0,31.0
3480,3676.0,14.0,0.9765102074465609,218024.0,31.0
3481,3600.0,39.0,0.9903404917332855,215984.0,31.0
3482,3681.0,35.0,0.962629178302358,218034.0,31.0
3483,3395.0,38.0,0.9776362299284806,218040.0,31.0
3484,3588.0,53.0,0.9981751153590647,218047.0,31.0
3485,3713.0,7.0,0.9878965169190271,218053.0,31.0
3486,3264.0,0.0,0.9712211071431633,216013.0,31.0
3487,3366.0,2.0,0.9865506737111688,218064.0,31.0
3488,3578.0,3.0,0.9783385152900351,218066.0,31.0
3489,3785.0,29.0,0.98951386188232,218072.0,31.0
3490,3602.0,23.0,0.9831073555066414,218073.0,31.0
3491,3681.0,7.0,0.9753087306347986,216027.0,31.0
3492,3730.0,49.0,0.9881297949784462,218081.0,31.0
3493,3579.0,3.0,0.9551022467394897,218084.0,31.0
3494,3393.0,56.0,0.9896068218698211,218085.0,31.0
3495,4080.0,15.0,0.9863579530979094,218090.0,31.0
3496,3730.0,12.0,0.9880187768607933,218097.0,31.0
3497,3375.0,37.0,0.9921859448267907,216050.0,31.0
3498,3806.0,43.0,0.9940585289322029,218098.0,31.0
3499,3507.0,4.0,0.9884541163015533,216058.0,31.0
3500,3568.0,33.0,0.9523746737841746,216062.0,31.0
3501,3781.0,48.0,0.9917021261691036,218112.0,31.0
3502,4175.0,17.0,0.9733234120966251,218113.0,31.0
3503,3757.0,47.0,0.9849499220931855,218116.0,31.0
3504,3604.0,39.0,0.9790395863455409,216072.0,31.0
3505,3394.0,56.0,0.9813068669718307,218130.0,31.0
3506,3734.0,12.0,0.9917656960677871,218133.0,31.0
3507,3779.0,28.0,0.9856142267524193,218137.0,31.0
3508,3590.0,40.0,0.996037781785491,218145.0,31.0
3509,3807.0,43.0,0.9868024447470675,218149.0,31.0
3510,3731.0,49.0,0.9869294240524864,218160.0,31.0
3511,3683.0,27.0,0.9822644959406117,218164.0,31.0
3512,3314.0,0.0,0.982088841778837,218175.0,31.0
3513,4105.0,16.0,0.9884181473593032,216133.0,31.0
3514,3621.0,46.0,0.9708664476571333,218188.0,31.0
3515,3529.0,41.0,0.9811678115994261,216141.0,31.0
3516,3686.0,27.0,0.990049991089643,218217.0,31.0
3517,3566.0,41.0,0.9905785835458816,218223.0,31.0
3518,3594.0,22.0,0.9609482013058784,218226.0,31.0
3519,3786.0,48.0,0.9864818524983144,218243.0,31.0
3520,3640.0,34.0,0.9592720203261991,216201.0,31.0
3521,3732.0,49.0,0.9624778393386945,218251.0,31.0
3522,4082.0,15.0,0.9616981352864915,218253.0,31.0
3523,3506.0,52.0,0.9794405963526951,216207.0,31.0
3524,3547.0,53.0,0.9755211497668203,216217.0,31.0
3525,3397.0,56.0,0.986234022918982,218267.0,31.0
3526,3687.0,7.0,0.9652836313389221,216220.0,31.0
3527,3591.0,21.0,0.9915302565786343,216221.0,31.0
3528,3788.0,48.0,0.9832821557897511,218270.0,31.0
3529,4127.0,16.0,0.989287498876553,218271.0,31.0
3530,3632.0,21.0,0.9767496936741155,218277.0,31.0
3531,3679.0,14.0,0.9816933524277661,218288.0,31.0
3532,3575.0,5.0,0.9933569361609748,218296.0,31.0
3533,3680.0,14.0,0.9856415884570655,218299.0,31.0
3534,3806.0,30.0,0.9900708931282909,218303.0,31.0
3535,3408.0,55.0,0.9843265314808963,218313.0,31.0
3536,3594.0,40.0,0.9648287938224845,218314.0,31.0
3537,3718.0,7.0,0.9833229479953536,218316.0,31.0
3538,3773.0,42.0,0.9908142207778171,216273.0,31.0
3539,3320.0,0.0,0.9937221353086307,218323.0,31.0
3540,3380.0,37.0,0.9863406520943235,216288.0,31.0
3541,3541.0,54.0,0.988948534625088,216289.0,31.0
3542,3740.0,24.0,0.9864454657545147,218341.0,31.0
3543,3683.0,35.0,0.989268742003345,218348.0,31.0
3544,3704.0,24.0,0.9781546215574101,216302.0,31.0
3545,3508.0,52.0,0.9790793987852565,216305.0,31.0
3546,3381.0,37.0,0.9821078493706135,216309.0,31.0
3547,3667.0,13.0,0.9938279131268989,218363.0,31.0
3548,3813.0,31.0,0.9896928872396161,216324.0,31.0
3549,3775.0,42.0,0.989028214213206,216325.0,31.0
3550,3412.0,55.0,0.9923367322237758,218374.0,31.0
3551,3760.0,47.0,0.99653974733172,218379.0,31.0
3552,3321.0,0.0,0.9831911225477976,218381.0,31.0
3553,4084.0,15.0,0.9973930544559336,218382.0,31.0
3554,4128.0,16.0,0.9844736290177409,218383.0,31.0
3555,3761.0,47.0,0.9692385094841809,218384.0,31.0
3556,3712.0,49.0,0.9850515577609762,216343.0,31.0
3557,3583.0,54.0,0.9899982065044761,218393.0,31.0
3558,3401.0,38.0,0.9884076431226958,218399.0,31.0
3559,3402.0,56.0,0.9901683039053457,218407.0,31.0
3560,3791.0,48.0,0.9917802851565216,218408.0,31.0
3561,3569.0,41.0,0.9732185436468122,218409.0,31.0
3562,3688.0,34.0,0.9569358094433217,218415.0,31.0
3563,3689.0,34.0,0.9655912443765423,218428.0,31.0
3564,3564.0,45.0,0.9815915307777943,216381.0,31.0
3565,3793.0,29.0,0.9747916774663711,218430.0,31.0
3566,3698.0,50.0,0.9917196901427275,218434.0,31.0
3567,3404.0,38.0,0.9882401809862167,218435.0,31.0
3568,3371.0,2.0,0.9581159508861631,218457.0,31.0
3569,3544.0,5.0,0.979559462608357,216410.0,31.0
3570,3599.0,40.0,0.9886683560950776,218463.0,31.0
3571,3522.0,19.0,0.9922336171266519,218465.0,31.0
3572,3792.0,48.0,0.9887391859394814,218467.0,31.0
3573,3372.0,2.0,0.9843590108305021,218475.0,31.0
3574,3566.0,45.0,0.977383496573613,216431.0,31.0
3575,3373.0,2.0,0.9819542831406654,218489.0,31.0
3576,3547.0,22.0,0.9864876097036032,216443.0,31.0
3577,3327.0,0.0,0.9892265254877662,218493.0,31.0
3578,3649.0,27.0,0.9724256508637849,216449.0,31.0
3579,3477.0,18.0,0.9770567619879222,214404.0,31.0
3580,3647.0,14.0,0.9942348365160064,216454.0,31.0
3581,3405.0,56.0,0.980203522408629,218506.0,31.0
3582,3579.0,33.0,0.9669975860296173,216461.0,31.0
3583,3589.0,3.0,0.9805421477471642,218522.0,31.0
3584,3816.0,43.0,0.9847260211345372,218532.0,31.0
3585,3730.0,6.0,0.9827035873187623,218535.0,31.0
3586,3413.0,55.0,0.9821247694691874,218538.0,31.0
3587,3816.0,30.0,0.9791764156361027,218544.0,31.0
3588,3914.0,11.0,0.9768114750235538,216500.0,31.0
3589,3610.0,57.0,0.9924578036071624,218548.0,31.0
3590,3793.0,48.0,0.9832505046457733,218551.0,31.0
3591,3619.0,23.0,0.992498909317661,218564.0,31.0
3592,3780.0,25.0,0.9628038183103123,218568.0,31.0
3593,3479.0,18.0,0.9902397696397389,214480.0,31.0
3594,3652.0,27.0,0.9802103835525259,216545.0,31.0
3595,3915.0,11.0,1.0,216547.0,31.0
3596,3867.0,10.0,0.9878238737164633,218603.0,31.0
3597,3868.0,10.0,0.970097657350685,218615.0,31.0
3598,4088.0,15.0,0.9868239508197192,218617.0,31.0
3599,3414.0,55.0,0.9864600463732899,218619.0,31.0
3600,3553.0,53.0,0.9532402661848838,216579.0,31.0
3601,3409.0,38.0,0.9844285203077553,218627.0,31.0
3602,3484.0,18.0,0.9645363788250227,214537.0,31.0
3603,3411.0,38.0,0.9781750851077459,218635.0,31.0
3604,4113.0,16.0,0.9874558772715415,216588.0,31.0
3605,3741.0,12.0,0.9913699491129709,218646.0,31.0
3606,3485.0,18.0,0.96940490965199,214558.0,31.0
3607,3773.0,30.0,0.9883927153315452,216609.0,31.0
3608,3332.0,0.0,0.9945268644214482,218661.0,31.0
3609,3500.0,58.0,0.9610079193740961,218672.0,31.0
3610,3577.0,41.0,0.9799041971374872,218680.0,31.0
3611,3782.0,42.0,0.9804231601534229,216633.0,31.0
3612,3870.0,10.0,0.9684421571843571,218681.0,31.0
3613,3417.0,55.0,0.9661497485544408,218682.0,31.0
3614,3618.0,39.0,0.9849854660750083,216644.0,31.0
3615,3743.0,12.0,0.9834460038640706,218699.0,31.0
3616,3715.0,49.0,0.9920940669212871,216652.0,31.0
3617,4128.0,17.0,0.9820425461222965,214606.0,31.0
3618,3796.0,29.0,0.982146401506914,218707.0,31.0
3619,3668.0,8.0,0.9706038063549571,218708.0,31.0
3620,3578.0,41.0,0.9946039270393414,218711.0,31.0
3621,3695.0,6.0,0.9727252588395912,216664.0,31.0
3622,3615.0,57.0,0.9827338454431876,218714.0,31.0
3623,3820.0,43.0,0.9768949534434173,218715.0,31.0
3624,3580.0,5.0,0.997263315379099,218723.0,31.0
3625,3753.0,26.0,0.9901132143103931,218726.0,31.0
3626,4091.0,15.0,0.9856902503301553,218741.0,31.0
3627,3656.0,50.0,0.9831429371380715,216704.0,31.0
3628,3775.0,30.0,0.9769069806805518,216706.0,31.0
3629,3683.0,13.0,0.9784072125029762,218755.0,31.0
3630,3505.0,58.0,0.9866561498294466,218767.0,31.0
3631,4132.0,17.0,0.9895505810721529,214672.0,31.0
3632,3788.0,25.0,0.96399506497521,218770.0,31.0
3633,3798.0,29.0,0.9795596119590971,218771.0,31.0
3634,3617.0,57.0,0.989197182586263,218773.0,31.0
3635,3745.0,12.0,0.9788615550959088,218776.0,31.0
3636,3415.0,38.0,0.9888370020455151,218780.0,31.0
3637,3868.0,9.0,0.9698165427162989,216738.0,31.0
3638,3414.0,56.0,0.9805093388539108,218787.0,31.0
3639,3560.0,46.0,0.9845770480225926,214697.0,31.0
3640,3416.0,38.0,0.9841557210255463,218794.0,31.0
3641,3766.0,47.0,0.9945315491275707,218795.0,31.0
3642,3719.0,50.0,0.973552423873876,218798.0,31.0
3643,3879.0,10.0,0.9855770553996348,218800.0,31.0
3644,3631.0,23.0,0.969360895968981,218801.0,31.0
3645,3418.0,55.0,0.9887010984600827,218804.0,31.0
3646,3824.0,9.0,0.9502383362807025,214710.0,31.0
3647,3609.0,46.0,0.9861468639294395,216761.0,31.0
3648,3582.0,5.0,0.9735243083949786,218809.0,31.0
3649,3579.0,41.0,0.9840157710794746,218811.0,31.0
3650,3824.0,31.0,0.9913294285248948,216764.0,31.0
3651,3558.0,53.0,0.9513769201897709,216765.0,31.0
3652,3791.0,25.0,0.9572165435861092,218814.0,31.0
3653,3415.0,56.0,0.9810970646674542,218819.0,31.0
3654,3419.0,55.0,0.9785175605711242,218825.0,31.0
3655,3530.0,19.0,0.9864738772196798,218830.0,31.0
3656,4135.0,17.0,0.9935159664507439,214738.0,31.0
3657,3656.0,27.0,0.9770428663874627,216789.0,31.0
3658,3740.0,6.0,0.98683617230811,218838.0,31.0
3659,3339.0,0.0,0.9739411192491936,218842.0,31.0
3660,3734.0,47.0,0.9813979161765723,216797.0,31.0
3661,4078.0,16.0,0.9904537989385136,214755.0,31.0
3662,3722.0,26.0,0.952918558466906,216805.0,31.0
3663,3746.0,12.0,0.9940633416630468,218860.0,31.0
3664,3778.0,30.0,0.9892281948935363,216813.0,31.0
3665,3377.0,2.0,0.9836836427481415,218864.0,31.0
3666,3532.0,20.0,0.9554512963314307,218865.0,31.0
3667,3670.0,8.0,0.9852834409850805,218874.0,31.0
3668,3699.0,7.0,0.9714737896314798,216827.0,31.0
3669,3714.0,28.0,0.9574379787023511,214785.0,31.0
3670,3693.0,34.0,0.9639802404057423,218885.0,31.0
3671,3600.0,3.0,0.9626796593657395,218891.0,31.0
3672,3514.0,58.0,0.9715959537000263,218901.0,31.0
3673,3611.0,46.0,0.9930712336130145,216860.0,31.0
3674,3800.0,25.0,0.967969589736533,218909.0,31.0
3675,3623.0,57.0,0.9966831809584356,218910.0,31.0
3676,3432.0,36.0,0.9920700643351035,214820.0,31.0
3677,3718.0,24.0,0.9848370999008996,216868.0,31.0
3678,3780.0,30.0,0.996523604761238,216870.0,31.0
3679,3479.0,4.0,0.9793753162440703,214823.0,31.0
3680,3829.0,31.0,0.9860007648192383,216872.0,31.0
3681,3534.0,20.0,1.0,218917.0,31.0
3682,3802.0,25.0,0.9536715164044823,218925.0,31.0
3683,3479.0,19.0,0.9884162618615112,216878.0,31.0
3684,3517.0,58.0,0.9689009825469734,218928.0,31.0
3685,3531.0,45.0,0.9718504404531727,214833.0,31.0
3686,3485.0,51.0,0.9841373259215106,214837.0,31.0
3687,3536.0,20.0,0.9871175790048102,218933.0,31.0
3688,3537.0,20.0,0.9558178112568705,218937.0,31.0
3689,3886.0,10.0,0.9792224987968314,218939.0,31.0
3690,3625.0,35.0,0.991721503405418,214848.0,31.0
3691,3888.0,10.0,1.0,218944.0,31.0
3692,3556.0,22.0,0.9670531477346354,216900.0,31.0
3693,3558.0,3.0,0.972930985782541,216902.0,31.0
3694,3673.0,35.0,0.9824239905316575,216905.0,31.0
3695,3752.0,28.0,0.9585604168902504,216906.0,31.0
3696,3519.0,58.0,0.9558540923029579,218954.0,31.0
3697,3806.0,25.0,0.9526666633480666,218960.0,31.0
3698,3718.0,49.0,0.9756153792824213,216918.0,31.0
3699,3539.0,20.0,0.9766905603876638,218968.0,31.0
3700,3787.0,42.0,0.9941105086909687,216926.0,31.0
3701,3557.0,22.0,0.979925915070367,216927.0,31.0
3702,3753.0,28.0,0.9641719628282293,216928.0,31.0
3703,3486.0,51.0,0.9896337660349912,214882.0,31.0
3704,4079.0,16.0,0.992370560762698,214889.0,31.0
3705,3606.0,3.0,0.9814261458248592,218985.0,31.0
3706,3523.0,58.0,0.9960502503755623,218986.0,31.0
3707,3892.0,10.0,0.9862259434041645,218995.0,31.0
3708,3524.0,58.0,0.9715498618607536,218997.0,31.0
3709,3542.0,20.0,0.9510674013518569,219004.0,31.0
3710,3553.0,5.0,0.9808433643059419,216965.0,31.0
3711,3812.0,25.0,0.9646778845998135,219014.0,31.0
3712,3607.0,3.0,0.9558196987851804,219016.0,31.0
3713,3696.0,34.0,0.9727626734442997,219026.0,31.0
3714,3429.0,55.0,0.9839497138190472,219028.0,31.0
3715,3753.0,12.0,0.9828089519904477,219039.0,31.0
3716,3483.0,19.0,0.9741690087019578,216992.0,31.0
3717,3545.0,20.0,0.9543983624892676,219043.0,31.0
3718,3624.0,39.0,0.9823287357609887,217006.0,31.0
3719,3756.0,28.0,0.9680377209321662,217007.0,31.0
3720,3524.0,52.0,0.9860050089060378,217008.0,31.0
3721,3370.0,56.0,0.9788863201306846,217013.0,31.0
3722,3562.0,40.0,0.9693969710412056,217015.0,31.0
3723,3612.0,21.0,0.9720417471971584,217033.0,31.0
3724,3831.0,31.0,0.9635302567183623,217043.0,31.0
3725,3563.0,40.0,0.9974793358939384,217048.0,31.0
3726,3759.0,43.0,0.9882956246186045,215002.0,31.0
3727,3721.0,24.0,0.9736907996673176,217058.0,31.0
3728,3661.0,14.0,0.9899465715920316,217074.0,31.0
3729,3563.0,54.0,0.9929767651555097,217094.0,31.0
3730,3490.0,51.0,0.9894852595371527,215049.0,31.0
3731,3324.0,1.0,0.9595780670481721,215059.0,31.0
3732,3784.0,30.0,0.9847109333384205,217113.0,31.0
3733,3722.0,24.0,0.9837764026706194,217125.0,31.0
3734,3526.0,52.0,0.9710838599803153,217126.0,31.0
3735,3611.0,44.0,0.9874795888835227,215079.0,31.0
3736,4120.0,16.0,0.9917814159260128,217137.0,31.0
3737,3795.0,43.0,0.9896112673945588,217138.0,31.0
3738,3539.0,33.0,0.9616402771714535,215092.0,31.0
3739,3570.0,46.0,0.9816531798588477,215097.0,31.0
3740,3637.0,35.0,0.9787006561529376,215098.0,31.0
3741,3632.0,8.0,0.9748384548565501,217160.0,31.0
3742,4086.0,16.0,0.9912710023038934,215113.0,31.0
3743,3569.0,53.0,0.9502898707623545,217200.0,31.0
3744,3543.0,33.0,0.9530537411054946,215153.0,31.0
3745,3378.0,1.0,0.9729441493181815,217214.0,31.0
3746,4148.0,17.0,0.9841181370490851,215168.0,31.0
3747,3768.0,48.0,0.985675550915321,217217.0,31.0
3748,3704.0,7.0,0.9530251557108773,217218.0,31.0
3749,3518.0,18.0,0.9851943604650922,215171.0,31.0
3750,3330.0,1.0,0.9710282006471596,215185.0,31.0
3751,3635.0,8.0,0.9796795420809349,217233.0,31.0
3752,3662.0,34.0,0.9544657169680814,217234.0,31.0
3753,3570.0,40.0,0.9748694640036817,217235.0,31.0
3754,3571.0,40.0,0.9801377905510955,217236.0,31.0
3755,3572.0,40.0,0.9807793963607045,217237.0,31.0
3756,3491.0,4.0,0.9921490631541544,215191.0,31.0
3757,3571.0,53.0,0.9741118090479536,217245.0,31.0
3758,3703.0,6.0,0.9898788402491833,217246.0,31.0
3759,3492.0,4.0,0.9889298353375261,215200.0,31.0
3760,3492.0,19.0,0.9541793464784935,217253.0,31.0
3761,3663.0,27.0,0.9864561281151736,217259.0,31.0
3762,3574.0,46.0,0.9657611375609232,215212.0,31.0
3763,3485.0,36.0,0.9840725542593594,217262.0,31.0
3764,3664.0,27.0,0.9852789427889438,217267.0,31.0
3765,3665.0,50.0,0.9813433699377415,217274.0,31.0
3766,3660.0,7.0,0.9598996467119921,215228.0,31.0
3767,4038.0,15.0,0.9903208029025312,215244.0,31.0
3768,3548.0,41.0,0.9809056067671705,217295.0,31.0
3769,3580.0,23.0,0.9838437868811061,217298.0,31.0
3770,3725.0,49.0,0.975382843264381,217299.0,31.0
3771,3666.0,27.0,0.991655341244184,217300.0,31.0
3772,3667.0,50.0,0.9753445695099685,217321.0,31.0
3773,3574.0,53.0,0.9541124356844431,217323.0,31.0
3774,3575.0,40.0,0.990626536578496,217327.0,31.0
3775,3493.0,52.0,0.9850015451777516,215280.0,31.0
3776,3630.0,39.0,0.9870057769330277,217342.0,31.0
3777,3587.0,45.0,0.9823335782217022,217346.0,31.0
3778,3357.0,37.0,0.9965388792397295,215305.0,31.0
3779,3632.0,39.0,0.9898025042492641,217353.0,31.0
3780,3895.0,11.0,0.9763755093372665,215307.0,31.0
3781,3378.0,56.0,0.978999313658649,217359.0,31.0
3782,3798.0,31.0,0.9934708209111082,215313.0,31.0
3783,3348.0,2.0,0.9564860212427794,217361.0,31.0
3784,3581.0,57.0,0.9825198640909829,217367.0,31.0
3785,3645.0,35.0,0.9825993627575078,215321.0,31.0
3786,3497.0,4.0,0.9755609073735997,215338.0,31.0
3787,3584.0,39.0,0.9802159845051778,215341.0,31.0
3788,3498.0,4.0,0.9847336543133719,215357.0,31.0
3789,3877.0,9.0,0.9702009812291299,217407.0,31.0
3790,3487.0,36.0,0.9806424468689141,217427.0,31.0
3791,3549.0,41.0,0.9867990947113043,217432.0,31.0
3792,3668.0,7.0,0.9656812336408594,215387.0,31.0
3793,3525.0,4.0,0.9780513320446044,217440.0,31.0
3794,3710.0,6.0,0.9803381569874297,217445.0,31.0
3795,3640.0,32.0,0.9646567518695494,217447.0,31.0
3796,3398.0,37.0,0.9781148018442999,217454.0,31.0
3797,3290.0,0.0,0.9841957315722257,217483.0,31.0
3798,3757.0,42.0,0.9871963746048684,215448.0,31.0
3799,3595.0,32.0,0.9783776889153523,215453.0,31.0
3800,3533.0,22.0,0.9793751956843543,215457.0,31.0
3801,3621.0,21.0,0.9841775333628544,217506.0,31.0
3802,3642.0,32.0,0.9766441858545143,217529.0,31.0
3803,3538.0,22.0,0.9741121586782391,215500.0,31.0
3804,3500.0,51.0,0.9770433376979513,215509.0,31.0
3805,3555.0,33.0,0.9568172785664382,215527.0,31.0
3806,3648.0,35.0,0.9815882663340051,215529.0,31.0
3807,3562.0,5.0,0.9902103884835529,217579.0,31.0
3808,3352.0,2.0,0.9828868382158954,217586.0,31.0
3809,3502.0,51.0,0.982631670250803,215543.0,31.0
3810,3739.0,26.0,0.9768270964253178,217594.0,31.0
3811,3504.0,51.0,0.9696824229323971,215554.0,31.0
3812,3620.0,46.0,0.9793352130581314,217614.0,31.0
3813,3772.0,28.0,0.984357551059817,217623.0,31.0
3814,3600.0,32.0,0.9935412874633129,215578.0,31.0
3815,3361.0,37.0,0.9862639512344195,215586.0,31.0
3816,3793.0,30.0,0.9780603955022388,217636.0,31.0
3817,4161.0,17.0,0.9873610979997203,215590.0,31.0
3818,3777.0,29.0,0.9889945489588624,217649.0,31.0
3819,3802.0,31.0,0.9762230159647649,215602.0,31.0
3820,3590.0,39.0,0.9941846080577915,215603.0,31.0
3821,3625.0,44.0,0.9755088539456797,215641.0,31.0
3822,3747.0,47.0,0.9791263276591459,217691.0,31.0
3823,3536.0,52.0,0.9765999480922448,217692.0,31.0
3824,3556.0,41.0,0.9895988449493183,217693.0,31.0
3825,3574.0,21.0,0.9901191281619202,215646.0,31.0
3826,3749.0,47.0,0.9801738200882438,217700.0,31.0
3827,3776.0,48.0,0.9818042547175095,217719.0,31.0
3828,3759.0,42.0,0.9755947347067075,215674.0,31.0
3829,3548.0,45.0,0.9966170781477943,215675.0,31.0
3830,4163.0,17.0,0.9914415115525221,215680.0,31.0
3831,3573.0,54.0,0.9850088078937907,217729.0,31.0
3832,3576.0,21.0,0.9825289298636344,215688.0,31.0
3833,3668.0,14.0,0.9772354592049085,217745.0,31.0
3834,3531.0,54.0,0.9844252774938272,215700.0,31.0
3835,3933.0,11.0,0.9730442715594975,217749.0,31.0
3836,3695.0,49.0,0.989816266883098,215705.0,31.0
3837,3590.0,23.0,0.9842726128038574,217773.0,31.0
3838,3645.0,32.0,0.9817917615703331,217774.0,31.0
3839,3734.0,24.0,0.9896313689657363,217776.0,31.0
3840,3629.0,44.0,0.9607656149367078,215728.0,31.0
3841,3366.0,37.0,0.9771646533051592,215730.0,31.0
3842,3501.0,52.0,0.9886817894866126,215733.0,31.0
3843,3677.0,50.0,0.993773577705164,217783.0,31.0
3844,3578.0,21.0,0.9905125252325055,215744.0,31.0
3845,3741.0,26.0,0.9898058933410869,217807.0,31.0
3846,3568.0,5.0,0.9963789330689601,217809.0,31.0
3847,3739.0,48.0,0.9882804335882989,215762.0,31.0
3848,3848.0,9.0,0.9643118856692443,215764.0,31.0
3849,3586.0,46.0,0.9882099217987582,215777.0,31.0
3850,3592.0,57.0,0.9969071745437209,217844.0,31.0
3851,3697.0,49.0,0.9722161355892,215797.0,31.0
3852,3540.0,52.0,0.9809458151469994,217864.0,31.0
3853,3352.0,56.0,0.9814668581844946,215817.0,31.0
3854,3575.0,54.0,0.9667234036751008,217879.0,31.0
3855,3743.0,26.0,0.9956856975690803,217884.0,31.0
3856,3647.0,32.0,0.9912959701127145,217886.0,31.0
3857,4126.0,16.0,0.9961417454158359,217895.0,31.0
3858,3703.0,26.0,0.9795217648445931,215851.0,31.0
3859,3574.0,3.0,0.962381368272408,217916.0,31.0
3860,3939.0,11.0,0.9837073843852789,217920.0,31.0
3861,3671.0,14.0,0.9941795105592386,217924.0,31.0
3862,3596.0,45.0,0.9796396290769177,217928.0,31.0
3863,3720.0,6.0,0.9924602702296983,217940.0,31.0
3864,3672.0,14.0,0.9937288265757809,217943.0,31.0
3865,3510.0,19.0,0.9937488495448709,217948.0,31.0
3866,3884.0,9.0,0.9639675797462361,217955.0,31.0
3867,3669.0,44.0,0.9554892006229434,217957.0,31.0
3868,3682.0,34.0,0.9625981645477439,217961.0,31.0
3869,3539.0,53.0,0.9550543103339911,215914.0,31.0
3870,3663.0,35.0,0.9897153041087037,215919.0,31.0
3871,3309.0,0.0,0.991787682525761,217970.0,31.0
3872,3848.0,31.0,0.9968275360791083,217972.0,31.0
3873,3589.0,22.0,0.9899305007813645,217975.0,31.0
3874,3633.0,44.0,0.9758280669540021,215928.0,31.0
3875,3556.0,45.0,0.9909761945487734,215930.0,31.0
3876,3721.0,6.0,0.9806919997302465,217979.0,31.0
3877,3469.0,36.0,0.9974651782619934,215938.0,31.0
3878,3711.0,7.0,0.9697286185846531,217996.0,31.0
3879,3655.0,13.0,0.9885375300315481,217997.0,31.0
3880,3942.0,11.0,0.9906162960711119,217998.0,31.0
3881,4167.0,17.0,0.9867339589742887,215954.0,31.0
3882,3540.0,53.0,0.9678901115639965,215956.0,31.0
3883,3675.0,14.0,0.9831289201473136,218009.0,31.0
3884,4168.0,17.0,0.9788430997525538,215963.0,31.0
3885,3853.0,9.0,0.9549024014404327,215966.0,31.0
3886,3599.0,39.0,0.99093533713753,215976.0,31.0
3887,3565.0,33.0,0.9784307645512786,215978.0,31.0
3888,3595.0,57.0,0.9735001899788388,218036.0,31.0
3889,4077.0,15.0,0.9908176275561563,218041.0,31.0
3890,3635.0,44.0,0.9608172923278505,216000.0,31.0
3891,4050.0,15.0,0.9894149666793733,216002.0,31.0
3892,3494.0,36.0,0.9848847495562589,218052.0,31.0
3893,3566.0,33.0,0.9524206397330669,216008.0,31.0
3894,3656.0,13.0,0.9900526110646781,218062.0,31.0
3895,3353.0,1.0,0.9761564848017379,216017.0,31.0
3896,3744.0,48.0,0.9814213730289929,216021.0,31.0
3897,4079.0,15.0,0.9787729466430983,218075.0,31.0
3898,3731.0,28.0,0.9853723723326948,216030.0,31.0
3899,3733.0,28.0,0.9617378717701275,216034.0,31.0
3900,3538.0,54.0,0.9889884119740655,216040.0,31.0
3901,3786.0,29.0,0.9870311163887554,218088.0,31.0
3902,3657.0,13.0,0.970180467445546,218093.0,31.0
3903,3472.0,36.0,0.9722208212777037,216052.0,31.0
3904,3538.0,18.0,0.9848669306005803,216054.0,31.0
3905,3787.0,29.0,0.9889072642974339,218109.0,31.0
3906,3704.0,49.0,0.9850889033989801,216073.0,31.0
3907,3946.0,11.0,0.9729068035794308,218122.0,31.0
3908,3517.0,51.0,0.9725638315986384,216080.0,31.0
3909,3315.0,2.0,0.9931877619261659,216084.0,31.0
3910,3355.0,1.0,0.9549095916124475,216086.0,31.0
3911,3655.0,8.0,0.9738998292450403,218136.0,31.0
3912,3631.0,21.0,0.9881578796976456,218142.0,31.0
3913,3681.0,27.0,0.9837438917350458,218146.0,31.0
3914,3737.0,24.0,0.983645933586932,218151.0,31.0
3915,3748.0,26.0,0.9793350603014015,218155.0,31.0
3916,3714.0,7.0,0.9708157006056654,218156.0,31.0
3917,3574.0,5.0,0.9781219801177857,218162.0,31.0
3918,3677.0,14.0,0.9643328490878146,218165.0,31.0
3919,3856.0,9.0,0.9648961086946688,216120.0,31.0
3920,3582.0,3.0,0.957243110102705,218181.0,31.0
3921,3638.0,44.0,0.9789468643358644,216140.0,31.0
3922,3788.0,29.0,0.9958563877016572,218190.0,31.0
3923,3651.0,50.0,0.9852851823028187,216145.0,31.0
3924,3513.0,19.0,0.9860876118655554,218197.0,31.0
3925,3605.0,23.0,0.9618615483083147,218199.0,31.0
3926,3593.0,22.0,0.9695256145414063,218203.0,31.0
3927,3618.0,8.0,0.9856407411824903,216156.0,31.0
3928,3736.0,12.0,0.9638841047591818,218204.0,31.0
3929,3808.0,43.0,0.9838354480966872,218230.0,31.0
3930,3608.0,23.0,0.9833974809548981,218246.0,31.0
3931,3512.0,4.0,0.9719541906355799,216202.0,31.0
3932,3810.0,43.0,0.9816385930361526,218257.0,31.0
3933,3658.0,8.0,0.9742658140466679,218258.0,31.0
3934,3609.0,23.0,0.9919776924310236,218268.0,31.0
3935,3360.0,1.0,0.9529393865000985,216223.0,31.0
3936,3651.0,32.0,0.987768892970385,218272.0,31.0
3937,3664.0,13.0,0.9785060386326048,218278.0,31.0
3938,3802.0,42.0,0.9791601993622462,218280.0,31.0
3939,3703.0,12.0,0.9857081563850565,216244.0,31.0
3940,3758.0,47.0,0.9813163117966979,218292.0,31.0
3941,3813.0,43.0,0.9943814028865491,218302.0,31.0
3942,3575.0,33.0,0.9682221870312787,216255.0,31.0
3943,3666.0,13.0,0.9880044354497581,218307.0,31.0
3944,3593.0,21.0,0.9836439871451855,216262.0,31.0
3945,3641.0,34.0,0.9623016024002305,216264.0,31.0
3946,3486.0,58.0,0.9781146420038669,218319.0,31.0
3947,3567.0,41.0,0.9727197694026988,218320.0,31.0
3948,3548.0,53.0,0.9579969722518604,216274.0,31.0
3949,3653.0,32.0,0.9836892010552839,218324.0,31.0
3950,3660.0,8.0,0.976835409547308,218327.0,31.0
3951,3576.0,5.0,0.9824947261682219,218330.0,31.0
3952,3400.0,56.0,0.9796955282085875,218331.0,31.0
3953,3546.0,3.0,0.9739317654026891,216284.0,31.0
3954,3515.0,4.0,0.9834746808600338,216285.0,31.0
3955,3727.0,47.0,0.9838951146597339,216286.0,31.0
3956,3577.0,5.0,0.9789448659094057,218334.0,31.0
3957,3709.0,49.0,0.9903575876380438,216291.0,31.0
3958,3719.0,7.0,0.9538978187783997,218339.0,31.0
3959,3645.0,44.0,0.9607466302306151,216295.0,31.0
3960,3654.0,32.0,0.9784612190148216,218343.0,31.0
3961,3611.0,39.0,0.9747231924549103,216298.0,31.0
3962,3814.0,43.0,0.9937629076726594,218346.0,31.0
3963,3409.0,55.0,0.9661958956861395,218347.0,31.0
3964,3808.0,30.0,0.977966319104165,218350.0,31.0
3965,3786.0,43.0,0.985547562965784,216304.0,31.0
3966,3755.0,29.0,0.9905238186336149,216306.0,31.0
3967,3586.0,3.0,0.9523411836834975,218362.0,31.0
3968,3781.0,28.0,0.9731020724371224,218366.0,31.0
3969,3711.0,26.0,0.987027963988971,216321.0,31.0
3970,3809.0,30.0,0.9693717138591484,218371.0,31.0
3971,3644.0,34.0,0.9823418225080278,216327.0,31.0
3972,3787.0,43.0,0.9847758751492467,216328.0,31.0
3973,3517.0,19.0,0.9746306742290518,218375.0,31.0
3974,3610.0,23.0,0.9874450270327116,218377.0,31.0
3975,3791.0,29.0,0.9849736171483259,218380.0,31.0
3976,3509.0,52.0,0.9947065826565653,216333.0,31.0
3977,3711.0,49.0,0.9604133382062253,216338.0,31.0
3978,3568.0,41.0,0.9877553758965386,218394.0,31.0
3979,3662.0,8.0,0.9776806792210255,218401.0,31.0
3980,3645.0,34.0,0.9576156837904239,216355.0,31.0
3981,3862.0,9.0,0.9661041564796732,216358.0,31.0
3982,3544.0,22.0,0.9766249804761024,216364.0,31.0
3983,4109.0,16.0,0.9864216394753978,216366.0,31.0
3984,3815.0,43.0,0.9970511024111112,218416.0,31.0
3985,3361.0,56.0,0.9759735334357053,216370.0,31.0
3986,3713.0,26.0,0.977513306238216,216372.0,31.0
3987,3707.0,24.0,0.9731054798848834,216377.0,31.0
3988,3403.0,38.0,0.984903580330401,218429.0,31.0
3989,3690.0,34.0,0.9554854924655167,218433.0,31.0
3990,3670.0,35.0,0.99375426430537,216389.0,31.0
3991,3608.0,57.0,0.9670129776176207,218437.0,31.0
3992,3756.0,29.0,0.9965196784369833,216394.0,31.0
3993,3814.0,31.0,0.9769816234679146,216396.0,31.0
3994,3699.0,50.0,0.9966624698538935,218446.0,31.0
3995,4085.0,15.0,0.9827088578823013,218451.0,31.0
3996,3384.0,37.0,0.9556614713964858,216407.0,31.0
3997,3570.0,41.0,0.9640242509457768,218455.0,31.0
3998,3521.0,19.0,0.9909265217022075,218456.0,31.0
3999,3864.0,10.0,0.981530772023082,218468.0,31.0
4000,3751.0,26.0,0.985961205470293,218470.0,31.0
4001,3913.0,11.0,0.9789444506720468,216435.0,31.0
4002,3646.0,14.0,0.9739407568771228,216436.0,31.0
4003,3601.0,40.0,0.9687303625252738,218485.0,31.0
4004,3595.0,44.0,0.9857243934278144,214390.0,31.0
4005,3763.0,47.0,0.9848211612637969,218494.0,31.0
4006,3531.0,41.0,0.9811676722666071,216447.0,31.0
4007,3814.0,30.0,0.975837168366505,218496.0,31.0
4008,3362.0,56.0,0.972358841782157,216450.0,31.0
4009,3404.0,56.0,0.9684537536112314,218501.0,31.0
4010,3405.0,38.0,0.9756180921525924,218505.0,31.0
4011,3512.0,52.0,0.9906026065193221,216459.0,31.0
4012,3815.0,30.0,0.9836978060484511,218507.0,31.0
4013,3615.0,23.0,0.9734612486848869,218511.0,31.0
4014,4058.0,15.0,0.9768035475367607,216465.0,31.0
4015,3551.0,53.0,0.9656455307609199,216469.0,31.0
4016,3552.0,53.0,0.9511424026505756,216470.0,31.0
4017,3578.0,5.0,0.9859831886240301,218518.0,31.0
4018,3385.0,37.0,0.9818075862986783,216472.0,31.0
4019,3752.0,48.0,0.982655242150852,216473.0,31.0
4020,3692.0,6.0,0.9660553835867224,216474.0,31.0
4021,3865.0,10.0,0.9692514826556635,218519.0,31.0
4022,3605.0,45.0,0.989010697257291,218525.0,31.0
4023,3365.0,1.0,0.9615646146589409,216478.0,31.0
4024,4169.0,17.0,0.9932345775706658,216479.0,31.0
4025,4086.0,15.0,0.9913032903362389,218527.0,31.0
4026,3513.0,52.0,0.9897452711346127,216481.0,31.0
4027,4129.0,16.0,0.992318468447721,218528.0,31.0
4028,3863.0,9.0,0.9634258683909559,216491.0,31.0
4029,3744.0,28.0,0.9928626802833623,216496.0,31.0
4030,3524.0,19.0,0.9862446238818223,218545.0,31.0
4031,3953.0,11.0,0.9759484293508065,218557.0,31.0
4032,3386.0,37.0,0.9846411480313237,216510.0,31.0
4033,3406.0,38.0,0.9891027718773829,218559.0,31.0
4034,3605.0,46.0,0.9829767193016375,216515.0,31.0
4035,3779.0,25.0,0.9639831837038961,218563.0,31.0
4036,3547.0,18.0,0.9880966977483608,216519.0,31.0
4037,3954.0,11.0,0.9697619632647718,218571.0,31.0
4038,3781.0,25.0,0.9622500637203296,218575.0,31.0
4039,3717.0,26.0,0.9630298401431352,216540.0,31.0
4040,3592.0,3.0,0.9795646706018188,218590.0,31.0
4041,4122.0,17.0,0.9860368917991973,214496.0,31.0
4042,3407.0,56.0,0.9822567807441839,218599.0,31.0
4043,3611.0,57.0,0.989461233159182,218600.0,31.0
4044,3739.0,12.0,1.0,218608.0,31.0
4045,3672.0,35.0,0.9861213750674968,216566.0,31.0
4046,3408.0,56.0,0.9740535093535677,218621.0,31.0
4047,3820.0,30.0,0.990712842881019,218623.0,31.0
4048,3409.0,56.0,0.97951681170312,218624.0,31.0
4049,3740.0,12.0,0.9781598686052629,218625.0,31.0
4050,3571.0,45.0,0.9779522504722938,216581.0,31.0
4051,3623.0,23.0,0.978876723919071,218642.0,31.0
4052,3667.0,8.0,0.9735698475711624,218647.0,31.0
4053,3654.0,50.0,0.9892913950351708,216602.0,31.0
4054,3695.0,7.0,0.975667298925281,216603.0,31.0
4055,3822.0,30.0,1.0,218663.0,31.0
4056,3498.0,58.0,0.9898305656040174,218664.0,31.0
4057,4089.0,15.0,0.9788539336509753,218666.0,31.0
4058,3333.0,0.0,0.9554251806472719,218668.0,31.0
4059,3653.0,27.0,0.9735511689578635,216621.0,31.0
4060,3712.0,24.0,0.9680612471860987,216622.0,31.0
4061,4114.0,16.0,0.9900593320301659,216623.0,31.0
4062,3416.0,55.0,0.9711753321340658,218671.0,31.0
4063,3742.0,12.0,0.9800319642713093,218674.0,31.0
4064,3613.0,57.0,0.9801784869668623,218675.0,31.0
4065,3501.0,58.0,0.9779473625502006,218676.0,31.0
4066,3466.0,4.0,0.9667035764223412,214586.0,31.0
4067,3625.0,23.0,0.9654577563188363,218684.0,31.0
4068,3567.0,57.0,0.9680306296168443,216638.0,31.0
4069,3713.0,24.0,0.9790177337612118,216639.0,31.0
4070,3696.0,7.0,0.964602726188498,216640.0,31.0
4071,3797.0,48.0,0.9785343320182563,218687.0,31.0
4072,3871.0,10.0,0.9919102117015356,218689.0,31.0
4073,3756.0,48.0,0.9831494531010736,216646.0,31.0
4074,3747.0,28.0,0.9760910565447863,216648.0,31.0
4075,3328.0,2.0,0.9956429003109235,216650.0,31.0
4076,3600.0,44.0,0.9747847319657436,214607.0,31.0
4077,3516.0,52.0,0.983384552252949,216655.0,31.0
4078,3522.0,20.0,0.9504003591479326,218706.0,31.0
4079,3620.0,8.0,0.9907454484549677,216665.0,31.0
4080,3659.0,49.0,0.9871763251201003,214620.0,31.0
4081,3334.0,0.0,0.9868630604377087,218719.0,31.0
4082,3523.0,20.0,0.9564373097415597,218720.0,31.0
4083,3554.0,46.0,0.9820876059567675,214627.0,31.0
4084,3826.0,30.0,0.9791432431934107,218737.0,31.0
4085,3504.0,58.0,0.9903702647472515,218738.0,31.0
4086,3627.0,23.0,0.9729617412728402,218745.0,31.0
4087,3413.0,38.0,0.9894072404329509,218746.0,31.0
4088,3414.0,38.0,1.0,218747.0,31.0
4089,3877.0,10.0,1.0,218749.0,31.0
4090,3807.0,42.0,0.9974528196188995,218750.0,31.0
4091,3518.0,52.0,0.9832882585442061,216708.0,31.0
4092,3918.0,11.0,0.9858533880665288,216709.0,31.0
4093,3620.0,32.0,0.976818589666884,216711.0,31.0
4094,3413.0,56.0,0.9839276840705482,218760.0,31.0
4095,3472.0,4.0,0.9852357697849454,214666.0,31.0
4096,3651.0,14.0,0.9811515668420788,216717.0,31.0
4097,3526.0,20.0,0.9807940772895581,218765.0,31.0
4098,3616.0,57.0,0.9609638645404318,218769.0,31.0
4099,3628.0,23.0,0.9863934510683369,218772.0,31.0
4100,3657.0,50.0,0.9866569275467592,216726.0,31.0
4101,3529.0,19.0,0.994334347103556,218774.0,31.0
4102,4133.0,17.0,0.987378682297655,214681.0,31.0
4103,3716.0,50.0,0.9775040274146791,218777.0,31.0
4104,3629.0,23.0,0.9903553709662087,218783.0,31.0
4105,3491.0,18.0,0.9844332907159246,214692.0,31.0
4106,3602.0,21.0,0.9759439988857088,216741.0,31.0
4107,3699.0,27.0,0.9679732819651504,218788.0,31.0
4108,3596.0,3.0,0.9515297907538368,218789.0,31.0
4109,3673.0,6.0,0.9680977712008789,214696.0,31.0
4110,4092.0,15.0,0.9885472234337476,218793.0,31.0
4111,3697.0,7.0,0.9573922920137976,216747.0,31.0
4112,3784.0,42.0,0.9895875815323214,216749.0,31.0
4113,4117.0,16.0,0.9864334110563986,216750.0,31.0
4114,3823.0,9.0,0.971229940690237,214707.0,31.0
4115,3764.0,29.0,0.9821363852074306,216756.0,31.0
4116,3597.0,3.0,0.9816843959300396,218816.0,31.0
4117,3507.0,58.0,0.9792005966116761,218817.0,31.0
4118,3785.0,31.0,0.9640855210591022,214723.0,31.0
4119,3603.0,40.0,0.9725969873212947,218822.0,31.0
4120,3474.0,4.0,0.9731690172978084,214730.0,31.0
4121,3619.0,57.0,0.9827833390210444,218827.0,31.0
4122,3480.0,52.0,0.9615214236687477,214732.0,31.0
4123,3550.0,5.0,0.9627406989818703,216781.0,31.0
4124,3688.0,13.0,0.9788065392818567,218831.0,31.0
4125,3569.0,57.0,0.9928795371162417,216785.0,31.0
4126,3793.0,25.0,0.950508610007053,218833.0,31.0
4127,3794.0,25.0,0.9577250074330331,218837.0,31.0
4128,3795.0,25.0,0.9840971901333405,218839.0,31.0
4129,3634.0,23.0,0.9710158852365572,218841.0,31.0
4130,3542.0,41.0,0.9719847624492826,216796.0,31.0
4131,3655.0,14.0,0.9905351555294272,216799.0,31.0
4132,3420.0,55.0,0.9810632686978158,218848.0,31.0
4133,3509.0,58.0,0.9890900428731539,218850.0,31.0
4134,3421.0,55.0,0.9834078341945578,218855.0,31.0
4135,3691.0,13.0,0.9901118706552557,218858.0,31.0
4136,3373.0,38.0,0.9843338038745251,216811.0,31.0
4137,3477.0,19.0,0.988568247517613,216812.0,31.0
4138,3883.0,10.0,0.9713931052348519,218862.0,31.0
4139,3314.0,1.0,0.9569926697151051,214768.0,31.0
4140,3796.0,25.0,0.9783082250221257,218866.0,31.0
4141,3497.0,18.0,0.9812381397503239,214772.0,31.0
4142,3654.0,34.0,0.9745473616473835,216820.0,31.0
4143,3735.0,47.0,0.9895523869080823,216821.0,31.0
4144,3797.0,25.0,0.9616399177136981,218873.0,31.0
4145,3798.0,25.0,0.9876376274781268,218879.0,31.0
4146,3599.0,3.0,0.9554633819725356,218880.0,31.0
4147,3527.0,51.0,0.9865723267612145,216838.0,31.0
4148,3799.0,25.0,0.9832594611026303,218889.0,31.0
4149,3431.0,36.0,0.9882895605003348,214794.0,31.0
4150,3584.0,33.0,0.9531843384524662,216846.0,31.0
4151,3513.0,58.0,0.9739778092094497,218897.0,31.0
4152,4171.0,17.0,0.9740617042986149,216851.0,31.0
4153,3525.0,22.0,0.9887122757945175,214805.0,31.0
4154,3725.0,26.0,0.9671453093556565,216853.0,31.0
4155,3520.0,52.0,0.9750192781913437,216855.0,31.0
4156,3635.0,23.0,0.9828869871809703,218904.0,31.0
4157,3423.0,55.0,0.9732144181740533,218907.0,31.0
4158,3693.0,13.0,0.979785568639979,218911.0,31.0
4159,3316.0,1.0,0.9668303521154421,214817.0,31.0
4160,3821.0,43.0,0.9758565270821291,218915.0,31.0
4161,3424.0,55.0,0.9638708032961779,218921.0,31.0
4162,3658.0,50.0,0.98295041768929,216874.0,31.0
4163,3516.0,58.0,0.9962306509481195,218922.0,31.0
4164,3552.0,5.0,0.9862391787409888,216880.0,31.0
4165,3504.0,18.0,0.9811905788993949,214834.0,31.0
4166,3603.0,3.0,0.9730047484759875,218936.0,31.0
4167,3885.0,10.0,0.9767048693838821,218938.0,31.0
4168,3711.0,12.0,0.9752372107513779,216892.0,31.0
4169,3341.0,0.0,0.9876504916968821,218946.0,31.0
4170,4137.0,17.0,0.9909796602762765,214853.0,31.0
4171,3520.0,58.0,0.9893081997259103,218966.0,31.0
4172,3335.0,2.0,0.9942268201402492,216925.0,31.0
4173,3532.0,19.0,0.994368265435436,218973.0,31.0
4174,3484.0,36.0,0.9855306084464812,216930.0,31.0
4175,3830.0,31.0,0.9904955445381843,216932.0,31.0
4176,3606.0,40.0,0.9850240652755654,218983.0,31.0
4177,3560.0,54.0,0.9762537376802356,216936.0,31.0
4178,3528.0,22.0,0.9880656708507459,214891.0,31.0
4179,3890.0,10.0,0.9759472886520394,218989.0,31.0
4180,3782.0,30.0,0.9809458940362898,216944.0,31.0
4181,3891.0,10.0,0.9799301976930491,218992.0,31.0
4182,3792.0,43.0,0.988503496038314,216950.0,31.0
4183,3699.0,47.0,0.9746135673518884,214903.0,31.0
4184,3831.0,30.0,0.9964384014852656,218998.0,31.0
4185,3809.0,25.0,0.9579469672992557,219000.0,31.0
4186,3585.0,33.0,0.9506890200022163,216954.0,31.0
4187,3629.0,32.0,0.9596665831072118,216955.0,31.0
4188,3810.0,25.0,0.9655877482210812,219002.0,31.0
4189,3573.0,39.0,0.9761502387694391,214909.0,31.0
4190,3657.0,34.0,0.9742824331777801,216968.0,31.0
4191,3635.0,13.0,0.9731442228072401,216977.0,31.0
4192,3482.0,19.0,0.9793631830419411,216979.0,31.0
4193,3318.0,1.0,0.9698710421372867,214932.0,31.0
4194,3657.0,44.0,0.9828459010545215,216998.0,31.0
4195,3515.0,54.0,0.9923334134998967,214956.0,31.0
4196,3509.0,18.0,0.9859488790298743,214960.0,31.0
4197,3669.0,49.0,0.9757887147705823,214961.0,31.0
4198,3280.0,0.0,0.9743588397721444,217014.0,31.0
4199,3588.0,33.0,0.9569564691932653,217017.0,31.0
4200,3611.0,21.0,0.9743147011032991,217018.0,31.0
4201,3660.0,14.0,0.9897837509089862,217021.0,31.0
4202,3606.0,44.0,0.9867262313204284,214975.0,31.0
4203,3658.0,34.0,0.9617593104426517,217023.0,31.0
4204,3659.0,34.0,0.955184983351854,217025.0,31.0
4205,3670.0,49.0,0.9893234549794385,214978.0,31.0
4206,3615.0,46.0,0.9867588135346151,217031.0,31.0
4207,4064.0,15.0,0.9744710493530583,217044.0,31.0
4208,3579.0,45.0,0.9829695212690396,217047.0,31.0
4209,3564.0,53.0,0.9838359022141467,217051.0,31.0
4210,3626.0,39.0,0.9809063367256586,217054.0,31.0
4211,3487.0,4.0,0.9852236191505321,215013.0,31.0
4212,3926.0,11.0,0.9714433268911256,217065.0,31.0
4213,3372.0,56.0,0.9812937047986515,217067.0,31.0
4214,3562.0,22.0,0.9750720997470134,217070.0,31.0
4215,3373.0,56.0,0.9860997928324993,217072.0,31.0
4216,3322.0,1.0,0.9612843030859682,215027.0,31.0
4217,3679.0,24.0,0.9918259240666788,215028.0,31.0
4218,3513.0,18.0,0.9847248135058904,215034.0,31.0
4219,3442.0,36.0,0.990618677201159,215037.0,31.0
4220,3525.0,52.0,0.9866037315651811,217085.0,31.0
4221,3343.0,2.0,0.9867746382317083,217093.0,31.0
4222,3514.0,18.0,0.981890858949272,215047.0,31.0
4223,3323.0,1.0,0.9686435670294722,215051.0,31.0
4224,3676.0,49.0,0.9708256518583752,215052.0,31.0
4225,3354.0,37.0,0.9773152594413935,215055.0,31.0
4226,3613.0,21.0,0.9907666672614437,217116.0,31.0
4227,3576.0,39.0,0.9773010793184235,215070.0,31.0
4228,3355.0,37.0,0.9807072060781156,215074.0,31.0
4229,3511.0,41.0,0.9763172448761035,215084.0,31.0
4230,3633.0,32.0,0.9763420929717825,217132.0,31.0
4231,3477.0,20.0,0.9801328622690166,217136.0,31.0
4232,3385.0,55.0,0.9614024739622972,217140.0,31.0
4233,3557.0,5.0,0.9853975335616982,217141.0,31.0
4234,3529.0,53.0,0.9624691908593983,215095.0,31.0
4235,3558.0,5.0,0.9826534570756026,217145.0,31.0
4236,4146.0,17.0,0.9883529096054504,215099.0,31.0
4237,3702.0,6.0,0.9823600258025195,217150.0,31.0
4238,3491.0,51.0,0.9970023938092104,215105.0,31.0
4239,3833.0,9.0,0.9590416850095643,215106.0,31.0
4240,3792.0,31.0,0.9843146323371808,215107.0,31.0
4241,3635.0,32.0,0.965926535585225,217154.0,31.0
4242,3536.0,45.0,0.979684181308215,215112.0,31.0
4243,3789.0,42.0,0.9884045034578507,217161.0,31.0
4244,3522.0,4.0,0.9632580353304282,217175.0,31.0
4245,3345.0,2.0,0.9798316446591855,217178.0,31.0
4246,3516.0,18.0,0.9894469401533614,215133.0,31.0
4247,3392.0,37.0,0.9798323354965026,217182.0,31.0
4248,3444.0,36.0,0.9878385664565579,215135.0,31.0
4249,3703.0,7.0,0.9574547188167735,217184.0,31.0
4250,3567.0,53.0,0.9807852339824633,217185.0,31.0
4251,3538.0,45.0,0.9892159444962697,215140.0,31.0
4252,3569.0,40.0,0.983224918865095,217190.0,31.0
4253,4174.0,17.0,0.979107169969992,217199.0,31.0
4254,4147.0,17.0,0.9861043658193369,215157.0,31.0
4255,3544.0,33.0,0.9856443827345857,215159.0,31.0
4256,4067.0,15.0,0.9813318211489578,217207.0,31.0
4257,3759.0,28.0,0.9511469026382074,217213.0,31.0
4258,4149.0,17.0,0.9898735287406203,215170.0,31.0
4259,3640.0,35.0,0.9673220972903055,215175.0,31.0
4260,3572.0,46.0,0.9861509873574031,215176.0,31.0
4261,3772.0,29.0,0.979184673486178,217223.0,31.0
4262,3545.0,33.0,0.9717379518005328,215178.0,31.0
4263,3491.0,52.0,0.9857066669164329,215183.0,31.0
4264,3573.0,46.0,0.9850577619937666,215184.0,31.0
4265,3532.0,22.0,0.9731505609375092,215188.0,31.0
4266,3561.0,3.0,0.9547670549800226,217238.0,31.0
4267,4088.0,16.0,0.9904470485173021,215196.0,31.0
4268,3591.0,32.0,0.9749377429347006,215199.0,31.0
4269,3539.0,51.0,0.9727608866489479,217247.0,31.0
4270,3491.0,19.0,0.9739469625032883,217250.0,31.0
4271,3704.0,6.0,0.984748250262929,217254.0,31.0
4272,3567.0,22.0,0.9723088705657693,217264.0,31.0
4273,3835.0,9.0,0.9690587233614918,215221.0,31.0
4274,3640.0,13.0,0.9881739177027097,217275.0,31.0
4275,3729.0,48.0,0.9803163782130377,215233.0,31.0
4276,3494.0,4.0,0.973505531130933,215240.0,31.0
4277,3663.0,34.0,0.9595090184503103,217288.0,31.0
4278,3794.0,42.0,0.9789421323950062,217292.0,31.0
4279,3518.0,54.0,0.9891352465287649,215246.0,31.0
4280,3706.0,6.0,0.9869820158334468,217296.0,31.0
4281,3528.0,52.0,0.9755835296644773,217297.0,31.0
4282,3567.0,21.0,0.9797781936679122,215258.0,31.0
4283,3576.0,46.0,0.9810083746738621,215269.0,31.0
4284,3585.0,45.0,0.9971945152949631,217329.0,31.0
4285,3521.0,18.0,0.9694628518987971,215284.0,31.0
4286,3670.0,50.0,0.9793428099698872,217340.0,31.0
4287,3726.0,24.0,0.9937533090533437,217355.0,31.0
4288,3795.0,42.0,0.9645925922261103,217357.0,31.0
4289,3682.0,49.0,0.9834332307507059,215314.0,31.0
4290,3513.0,41.0,0.982573305490172,215323.0,31.0
4291,4039.0,15.0,0.9969037284228688,215326.0,31.0
4292,3449.0,36.0,0.9803261147757477,215327.0,31.0
4293,3678.0,35.0,0.990811880192321,217374.0,31.0
4294,3618.0,21.0,0.9785670019337203,217375.0,31.0
4295,3570.0,21.0,0.9802439046549632,215330.0,31.0
4296,3728.0,24.0,0.9834092963837274,217382.0,31.0
4297,3672.0,50.0,0.9751821956962916,217392.0,31.0
4298,3929.0,11.0,0.9835740918058747,217398.0,31.0
4299,3576.0,40.0,0.9831904767180638,217400.0,31.0
4300,3639.0,32.0,0.9873188242584048,217405.0,31.0
4301,3577.0,40.0,0.9846206048916146,217409.0,31.0
4302,3763.0,28.0,0.9710841959911459,217413.0,31.0
4303,3708.0,47.0,0.9912228114419421,215375.0,31.0
4304,3719.0,28.0,0.9935647636536813,215376.0,31.0
4305,3452.0,36.0,0.9817373642338271,215378.0,31.0
4306,3644.0,13.0,0.9835621476799052,217429.0,31.0
4307,3695.0,26.0,0.9841525867474449,215384.0,31.0
4308,3717.0,12.0,0.9842633859146013,217438.0,31.0
4309,3453.0,36.0,0.9782898782822299,215391.0,31.0
4310,3774.0,29.0,0.9857904473619057,217442.0,31.0
4311,3711.0,6.0,0.9888256081008593,217448.0,31.0
4312,3719.0,12.0,0.9817210835409546,217451.0,31.0
4313,3799.0,31.0,0.9749302545878022,215407.0,31.0
4314,3673.0,50.0,0.9932401223447381,217457.0,31.0
4315,3499.0,4.0,0.9828182213477237,215410.0,31.0
4316,3800.0,31.0,0.9896594918293002,215414.0,31.0
4317,3771.0,48.0,0.9918793506628328,217464.0,31.0
4318,3775.0,29.0,0.9834870447273663,217466.0,31.0
4319,3721.0,12.0,0.9837558080149525,217475.0,31.0
4320,3767.0,28.0,0.9800066920952837,217476.0,31.0
4321,3879.0,9.0,0.9628109339257929,217478.0,31.0
4322,3587.0,39.0,0.9892407525661572,215435.0,31.0
4323,4158.0,17.0,0.9892744916740279,215444.0,31.0
4324,3359.0,37.0,0.9973389586875973,215452.0,31.0
4325,3401.0,37.0,0.9780531870115823,217501.0,31.0
4326,3569.0,54.0,0.9821041928070734,217505.0,31.0
4327,3843.0,10.0,0.9771510707219263,217507.0,31.0
4328,3723.0,12.0,0.975081609704224,217517.0,31.0
4329,3647.0,35.0,0.9676023841092256,215472.0,31.0
4330,3341.0,1.0,0.9742733825690902,215473.0,31.0
4331,3360.0,37.0,0.9820988386541311,215474.0,31.0
4332,3842.0,9.0,0.9823132727638815,215475.0,31.0
4333,3497.0,19.0,0.9972875118618065,217522.0,31.0
4334,3773.0,48.0,0.9909860039225341,217525.0,31.0
4335,3292.0,0.0,0.9814322592757313,217526.0,31.0
4336,3623.0,21.0,0.9825895907764656,217528.0,31.0
4337,3796.0,42.0,0.9745105782884882,217530.0,31.0
4338,3737.0,26.0,0.9754772236987626,217533.0,31.0
4339,3642.0,8.0,0.9823704827564227,217536.0,31.0
4340,3537.0,22.0,0.9891266317752585,215492.0,31.0
4341,3482.0,20.0,0.9933003914156834,217540.0,31.0
4342,3535.0,52.0,0.9846508414935538,217542.0,31.0
4343,3643.0,32.0,0.9868757171506399,217543.0,31.0
4344,3584.0,46.0,0.9820736781624586,215498.0,31.0
4345,3293.0,0.0,0.9967583394157186,217547.0,31.0
4346,3294.0,0.0,0.9912682793481328,217549.0,31.0
4347,3774.0,48.0,0.9838981753354473,217560.0,31.0
4348,3535.0,53.0,0.9510709488930426,215516.0,31.0
4349,3664.0,14.0,0.9909489694680121,217564.0,31.0
4350,3556.0,33.0,0.9521041017568809,215531.0,31.0
4351,3881.0,9.0,0.9522784197242332,217593.0,31.0
4352,3353.0,2.0,0.9762064040943201,217598.0,31.0
4353,3624.0,44.0,0.9665690698351725,215551.0,31.0
4354,3526.0,54.0,0.9966390374016681,215552.0,31.0
4355,3486.0,20.0,0.9762374237886586,217606.0,31.0
4356,3670.0,27.0,0.9911791428081455,217608.0,31.0
4357,4160.0,17.0,0.9863173218899334,215565.0,31.0
4358,3505.0,51.0,0.9653992258219483,215566.0,31.0
4359,3469.0,58.0,0.9806590393141232,217626.0,31.0
4360,4096.0,16.0,0.992254176589953,215581.0,31.0
4361,3794.0,30.0,0.9732740652015213,217640.0,31.0
4362,3395.0,55.0,0.982454992388789,217643.0,31.0
4363,4097.0,16.0,0.9830219056538391,215597.0,31.0
4364,4098.0,16.0,0.9917711886579738,215599.0,31.0
4365,3690.0,49.0,0.9859108517248588,215600.0,31.0
4366,3461.0,36.0,0.9893331286459962,215601.0,31.0
4367,3544.0,45.0,0.9860802941226914,215610.0,31.0
4368,3383.0,38.0,0.9741409905877354,217659.0,31.0
4369,3527.0,18.0,0.9753246715798398,215617.0,31.0
4370,3298.0,0.0,0.9857033097859907,217671.0,31.0
4371,3397.0,55.0,0.9778851236374569,217682.0,31.0
4372,3363.0,37.0,0.9864816966465619,215635.0,31.0
4373,3546.0,51.0,0.9749187718417076,217684.0,31.0
4374,3569.0,3.0,0.9543216421213756,217686.0,31.0
4375,3592.0,39.0,0.9756206585356615,215642.0,31.0
4376,3558.0,33.0,0.9528596379899951,215643.0,31.0
4377,3386.0,38.0,0.9832106623163415,217690.0,31.0
4378,3692.0,49.0,0.9884881441269805,215645.0,31.0
4379,3801.0,43.0,0.9527558061351097,217697.0,31.0
4380,3748.0,47.0,0.9903470653486022,217698.0,31.0
4381,3675.0,7.0,0.9851298430567238,215651.0,31.0
4382,3655.0,35.0,0.975403005798191,215656.0,31.0
4383,3751.0,47.0,0.9725513198017957,217710.0,31.0
4384,3845.0,9.0,0.953470999555718,215666.0,31.0
4385,3585.0,40.0,0.9650047501928412,217718.0,31.0
4386,3780.0,29.0,0.9831929202876278,217724.0,31.0
4387,3753.0,47.0,0.976591741874971,217725.0,31.0
4388,3558.0,41.0,0.9778185599202932,217726.0,31.0
4389,3773.0,28.0,0.9654214072348721,217730.0,31.0
4390,3586.0,40.0,0.9864893896261385,217732.0,31.0
4391,4100.0,16.0,0.9799490014257952,215687.0,31.0
4392,3667.0,14.0,0.9711948363153968,217735.0,31.0
4393,3347.0,1.0,0.9550547596256268,215692.0,31.0
4394,3357.0,2.0,0.9801948389768022,217744.0,31.0
4395,3636.0,27.0,0.9967440029696452,215698.0,31.0
4396,3746.0,29.0,0.9645566258732482,215699.0,31.0
4397,3777.0,48.0,0.9894597252902115,217748.0,31.0
4398,3803.0,43.0,0.9920396047860965,217753.0,31.0
4399,3583.0,22.0,0.9793997064721018,217754.0,31.0
4400,3382.0,56.0,0.9923980264081953,217759.0,31.0
4401,3532.0,54.0,0.9668988885655665,215717.0,31.0
4402,3717.0,6.0,0.9939306230896787,217784.0,31.0
4403,3754.0,47.0,0.9906735363107204,217793.0,31.0
4404,3670.0,14.0,0.9812338078259744,217794.0,31.0
4405,3847.0,9.0,0.962754935971896,215761.0,31.0
4406,3796.0,30.0,0.9795542512525355,217810.0,31.0
4407,3843.0,31.0,0.9904024802656191,217812.0,31.0
4408,3701.0,26.0,0.9851248291571978,215766.0,31.0
4409,3491.0,20.0,0.986935720970983,217822.0,31.0
4410,3724.0,28.0,0.9824101334365655,215775.0,31.0
4411,3676.0,27.0,0.9779275876057693,217826.0,31.0
4412,3648.0,8.0,0.9733199304806911,217827.0,31.0
4413,3677.0,27.0,0.9801329164946873,217831.0,31.0
4414,3658.0,35.0,0.9851450818281986,215785.0,31.0
4415,3390.0,38.0,0.9819228883984349,217836.0,31.0
4416,3402.0,55.0,0.9809452837983201,217838.0,31.0
4417,3549.0,51.0,0.9820594966479619,217839.0,31.0
4418,4101.0,16.0,0.9956393246793668,215792.0,31.0
4419,3718.0,6.0,0.9856040920569604,217840.0,31.0
4420,3798.0,42.0,0.9916349299157464,217846.0,31.0
4421,4043.0,15.0,0.9792506813046605,215800.0,31.0
4422,3359.0,2.0,0.9859187186743201,217849.0,31.0
4423,3583.0,53.0,0.9576387365327107,217851.0,31.0
4424,3494.0,20.0,0.9880710194296457,217852.0,31.0
4425,3571.0,5.0,0.9756918769911174,217853.0,31.0
4426,3755.0,47.0,0.9756019969377471,217865.0,31.0
4427,3709.0,7.0,0.9787249326026591,217867.0,31.0
4428,3807.0,31.0,0.9972890552287949,215820.0,31.0
4429,3589.0,40.0,0.9905540405186741,217868.0,31.0
4430,3696.0,24.0,0.9733832701358869,215822.0,31.0
4431,3845.0,31.0,0.9829971905478937,217870.0,31.0
4432,3719.0,6.0,0.9684069291557208,217875.0,31.0
4433,3302.0,0.0,0.9599165619131302,217880.0,31.0
4434,3349.0,1.0,0.9730279015855791,215836.0,31.0
4435,3727.0,12.0,0.9616172564466537,217888.0,31.0
4436,3720.0,47.0,0.9723862557101983,215846.0,31.0
4437,3799.0,42.0,0.9743127717832257,217897.0,31.0
4438,3808.0,31.0,0.98367701114803,215859.0,31.0
4439,3597.0,39.0,1.0,215864.0,31.0
4440,3538.0,53.0,0.9504664967799206,215866.0,31.0
4441,3360.0,2.0,0.9541108423793563,217914.0,31.0
4442,3314.0,2.0,0.9893020977352002,215870.0,31.0
4443,3391.0,38.0,0.9896973653643475,217918.0,31.0
4444,3492.0,36.0,0.9850317761116348,217922.0,31.0
4445,3511.0,51.0,0.9926295444836541,215878.0,31.0
4446,3581.0,21.0,0.9937903341441244,215885.0,31.0
4447,3370.0,37.0,0.9757394037954114,215887.0,31.0
4448,3632.0,44.0,0.9883461740475228,215888.0,31.0
4449,3572.0,5.0,0.9605229713802064,217937.0,31.0
4450,3505.0,4.0,0.9780208719902613,215894.0,31.0
4451,3710.0,7.0,0.9779313995988831,217944.0,31.0
4452,3777.0,43.0,0.9700988456612909,215902.0,31.0
4453,3589.0,46.0,0.983136047003139,215903.0,31.0
4454,3598.0,23.0,0.9874350038832991,217953.0,31.0
4455,3351.0,1.0,0.9626321007580803,215911.0,31.0
4456,3575.0,3.0,0.9670341296960447,217962.0,31.0
4457,3555.0,45.0,0.9791352792447636,215915.0,31.0
4458,3745.0,26.0,0.9720369289306297,217963.0,31.0
4459,3673.0,14.0,0.9783102574802144,217967.0,31.0
4460,3728.0,28.0,0.9805753301904947,215920.0,31.0
4461,3524.0,41.0,0.9763633252895612,215923.0,31.0
4462,3564.0,33.0,0.9621713658877746,215924.0,31.0
4463,3588.0,22.0,0.9748612471903033,217974.0,31.0
4464,3674.0,14.0,0.9800905218251348,217977.0,31.0
4465,3722.0,6.0,0.992312873017852,217982.0,31.0
4466,3557.0,45.0,0.9796211441019993,215935.0,31.0
4467,3684.0,6.0,0.9856507685691824,215944.0,31.0
4468,3513.0,51.0,0.9753773559351848,215945.0,31.0
4469,3679.0,27.0,0.984293577943647,217993.0,31.0
4470,3780.0,48.0,0.9862587330093352,217995.0,31.0
4471,3598.0,39.0,0.974684564964517,215950.0,31.0
4472,3684.0,50.0,0.9852072112304178,218001.0,31.0
4473,3536.0,54.0,0.9720705303969241,215957.0,31.0
4474,3541.0,53.0,0.9588430038322995,215959.0,31.0
4475,3393.0,38.0,0.9783485570407373,218008.0,31.0
4476,3800.0,42.0,0.9886150399037595,218011.0,31.0
4477,3585.0,21.0,0.9937682681879028,215970.0,31.0
4478,3512.0,19.0,0.9902349282699991,218018.0,31.0
4479,3592.0,46.0,0.9713742161712001,215974.0,31.0
4480,3683.0,34.0,0.9576342902844339,218022.0,31.0
4481,3712.0,7.0,0.9791463501381024,218026.0,31.0
4482,3515.0,51.0,0.9875121318473051,215983.0,31.0
4483,3496.0,20.0,0.9840774690959113,218031.0,31.0
4484,3573.0,5.0,0.9819800355557641,218035.0,31.0
4485,3850.0,10.0,0.9891544965056981,218039.0,31.0
4486,3365.0,2.0,0.9819065818884197,218045.0,31.0
4487,3537.0,54.0,0.9593521039197471,216001.0,31.0
4488,3567.0,33.0,0.9518134924034893,216009.0,31.0
4489,3680.0,27.0,0.96638216766364,218060.0,31.0
4490,3591.0,22.0,0.9742263623251086,218061.0,31.0
4491,3650.0,32.0,0.9968987872959706,218065.0,31.0
4492,4078.0,15.0,0.9828031719565257,218068.0,31.0
4493,3543.0,53.0,0.9651100379847336,216022.0,31.0
4494,3945.0,11.0,0.9840109372188873,218082.0,31.0
4495,3652.0,8.0,0.9902348439793898,218092.0,31.0
4496,3560.0,45.0,0.9742377037766555,216046.0,31.0
4497,3736.0,24.0,0.9640604966805112,218095.0,31.0
4498,3658.0,13.0,0.9876102183936405,218099.0,31.0
4499,3659.0,13.0,0.9666159660964172,218102.0,31.0
4500,3580.0,3.0,0.967612818032287,218103.0,31.0
4501,3603.0,39.0,0.9739022278450941,216060.0,31.0
4502,3654.0,8.0,0.9722337888143315,218111.0,31.0
4503,3783.0,48.0,0.9796499351833148,218118.0,31.0
4504,3684.0,34.0,0.9616773362552138,218120.0,31.0
4505,3473.0,36.0,0.9920749423925803,216077.0,31.0
4506,3733.0,12.0,0.9923438494710785,218129.0,31.0
4507,3855.0,9.0,0.9515343729081875,216085.0,31.0
4508,3594.0,46.0,0.9898948565066616,216092.0,31.0
4509,3312.0,0.0,0.9842840662135329,218140.0,31.0
4510,3747.0,26.0,0.9767889125444721,218143.0,31.0
4511,3853.0,10.0,0.9647906027175749,218147.0,31.0
4512,3588.0,21.0,0.9766895048596738,216101.0,31.0
4513,3539.0,54.0,0.9649821862088919,216102.0,31.0
4514,3569.0,33.0,0.9732129015522841,216109.0,31.0
4515,3564.0,41.0,0.9880106669871763,218158.0,31.0
4516,3947.0,11.0,0.9652656047045428,218163.0,31.0
4517,3749.0,26.0,0.9808809299433084,218167.0,31.0
4518,3656.0,8.0,0.9786228740233929,218169.0,31.0
4519,3519.0,51.0,0.9799139801749914,216122.0,31.0
4520,3665.0,35.0,0.9915097557989527,216123.0,31.0
4521,3501.0,20.0,0.977252742286451,218171.0,31.0
4522,3682.0,35.0,0.9852721679942866,218172.0,31.0
4523,3666.0,35.0,0.9763107333607475,216126.0,31.0
4524,4081.0,15.0,0.9812327056330601,218173.0,31.0
4525,3785.0,48.0,0.9865117865705082,218174.0,31.0
4526,3684.0,27.0,0.9859516664677788,218177.0,31.0
4527,3685.0,27.0,0.9834949183343717,218179.0,31.0
4528,3556.0,51.0,0.9765609888893886,218183.0,31.0
4529,3503.0,20.0,0.9639436486558264,218184.0,31.0
4530,3600.0,57.0,0.9604866979472513,218185.0,31.0
4531,3538.0,5.0,0.9857843784525324,216150.0,31.0
4532,3317.0,2.0,0.9800459889187266,216152.0,31.0
4533,3565.0,41.0,0.9764898117064837,218200.0,31.0
4534,3641.0,44.0,0.9867068373487644,216164.0,31.0
4535,3597.0,46.0,0.993750687124437,216165.0,31.0
4536,3716.0,7.0,0.9682551988234552,218212.0,31.0
4537,3663.0,13.0,0.9790490039987313,218213.0,31.0
4538,3642.0,14.0,0.9867065968857499,216168.0,31.0
4539,3701.0,24.0,0.9927866033084929,216169.0,31.0
4540,3642.0,39.0,0.9775338984182584,218218.0,31.0
4541,3607.0,39.0,0.9801925301033818,216171.0,31.0
4542,3908.0,11.0,0.9735868350450589,216174.0,31.0
4543,3657.0,8.0,0.9824557043064235,218225.0,31.0
4544,3686.0,34.0,0.9854893369742356,218228.0,31.0
4545,3811.0,31.0,0.9916733586506689,216181.0,31.0
4546,3511.0,4.0,0.9887381294216789,216182.0,31.0
4547,3702.0,24.0,0.9832376823032403,216183.0,31.0
4548,3601.0,45.0,0.9848744400582932,218237.0,31.0
4549,3736.0,28.0,0.9960965394841405,216190.0,31.0
4550,3593.0,40.0,0.9795200942871074,218241.0,31.0
4551,3909.0,11.0,0.9948400910598368,216200.0,31.0
4552,3318.0,0.0,0.9556281000477487,218254.0,31.0
4553,3809.0,43.0,0.9855234920773963,218255.0,31.0
4554,3801.0,42.0,0.9835857260038129,218256.0,31.0
4555,3541.0,18.0,0.9721309060624957,216209.0,31.0
4556,3574.0,33.0,0.9646743277241346,216210.0,31.0
4557,3643.0,44.0,0.9824471365499212,216211.0,31.0
4558,3359.0,1.0,0.9726346871387728,216214.0,31.0
4559,3644.0,44.0,0.9702145973081879,216215.0,31.0
4560,3407.0,55.0,0.9797238398015995,218265.0,31.0
4561,3607.0,32.0,0.9698789259505478,216218.0,31.0
4562,3811.0,43.0,0.9917660348828004,218269.0,31.0
4563,3603.0,57.0,0.9609250289911575,218274.0,31.0
4564,3592.0,21.0,0.9796987063577918,216228.0,31.0
4565,3581.0,54.0,0.9859518889706229,218276.0,31.0
4566,3789.0,29.0,0.9692951311907579,218282.0,31.0
4567,3665.0,13.0,0.9747245569357142,218289.0,31.0
4568,3477.0,36.0,0.9728384743775872,216242.0,31.0
4569,4107.0,16.0,0.978337152898161,216243.0,31.0
4570,3605.0,57.0,0.9607054304159899,218290.0,31.0
4571,3606.0,57.0,0.9648613700690479,218291.0,31.0
4572,3690.0,50.0,0.9839979578513411,218295.0,31.0
4573,3485.0,58.0,0.9755959969105822,218301.0,31.0
4574,3733.0,49.0,0.9874130298028722,218306.0,31.0
4575,3470.0,19.0,0.9871441240653885,216260.0,31.0
4576,3911.0,11.0,0.9866733244068149,216261.0,31.0
4577,3717.0,7.0,0.9707168607484805,218310.0,31.0
4578,3708.0,49.0,0.9806086375528763,216266.0,31.0
4579,3319.0,0.0,0.9822042874556165,218318.0,31.0
4580,3626.0,13.0,0.9874291368034527,215251.0,31.0
4581,3707.0,6.0,0.9848521894147425,217302.0,31.0
4582,3750.0,26.0,0.9817751471663311,218326.0,31.0
4583,3692.0,26.0,0.9851481682936885,215259.0,31.0
4584,3653.0,13.0,0.9736408987507184,217820.0,31.0
4585,3690.0,13.0,0.9669919186017997,218843.0,31.0
4586,3595.0,40.0,0.9767352324455392,218335.0,31.0
4587,3715.0,12.0,0.9545531280830136,217313.0,31.0
4588,3526.0,51.0,0.9888573275615109,216807.0,31.0
4589,3560.0,40.0,0.976717548351927,216808.0,31.0
4590,3742.0,6.0,0.9776129966823699,218859.0,31.0
4591,3512.0,54.0,0.9615584734169337,214770.0,31.0
4592,3889.0,9.0,0.9615404488858813,218357.0,31.0
4593,3388.0,55.0,0.9891651644376254,217336.0,31.0
4594,4118.0,16.0,0.973116673636476,216826.0,31.0
4595,3540.0,22.0,0.9700884529409584,215805.0,31.0
4596,3706.0,47.0,0.9841324525153821,215294.0,31.0
4597,3340.0,0.0,0.9921983473693281,218877.0,31.0
4598,3530.0,45.0,0.9957663242120026,214784.0,31.0
4599,3679.0,34.0,0.9860248692855191,217856.0,31.0
4600,3594.0,23.0,0.9778953675870475,217857.0,31.0
4601,3522.0,18.0,0.9756975042333376,215303.0,31.0
4602,3512.0,58.0,0.9883731271535663,218892.0,31.0
4603,3498.0,18.0,0.9859967736438443,214797.0,31.0
4604,3729.0,29.0,0.9727286939648061,214798.0,31.0
4605,3521.0,41.0,0.9858573649949616,215826.0,31.0
4606,3604.0,40.0,0.9704374873964703,218898.0,31.0
4607,3569.0,21.0,0.9700443314944959,215317.0,31.0
4608,3553.0,45.0,0.9939644311927233,215830.0,31.0
4609,4125.0,16.0,0.9830000798159364,217883.0,31.0
4610,3604.0,44.0,0.9769711934289889,214814.0,31.0
4611,3796.0,43.0,0.9767232124274496,217379.0,31.0
4612,3695.0,50.0,0.9830510922108047,218403.0,31.0
4613,3620.0,44.0,0.9966861263395396,215336.0,31.0
4614,3382.0,37.0,0.951611664586868,216360.0,31.0
4615,3706.0,24.0,0.981497397648486,216362.0,31.0
4616,3313.0,2.0,0.9833002444427339,215853.0,31.0
4617,3671.0,8.0,0.983958734944802,218926.0,31.0
4618,3697.0,24.0,0.9863534018497104,215855.0,31.0
4619,3850.0,9.0,0.9645870842360582,215860.0,31.0
4620,3740.0,28.0,0.9820095978695947,216373.0,31.0
4621,3684.0,49.0,0.9860450805872802,215351.0,31.0
4622,3706.0,7.0,0.965948586348279,217404.0,31.0
4623,3385.0,56.0,0.9736451230376191,217919.0,31.0
4624,3645.0,14.0,0.9812228224788456,216385.0,31.0
4625,3518.0,58.0,0.979846269899621,218947.0,31.0
4626,3839.0,9.0,0.9613535552125865,215377.0,31.0
4627,4109.0,17.0,0.9897688796893271,214355.0,31.0
4628,3387.0,56.0,0.9794049758289176,217939.0,31.0
4629,3748.0,12.0,0.9750984037611118,218964.0,31.0
4630,3786.0,42.0,0.9804840597055909,216920.0,31.0
4631,3480.0,36.0,0.9810679436308829,216409.0,31.0
4632,3636.0,14.0,0.9926321484514914,215908.0,31.0
4633,3626.0,32.0,0.9969912443571789,216933.0,31.0
4634,3582.0,21.0,0.9745481708051669,215910.0,31.0
4635,4075.0,15.0,0.9882274655076146,217958.0,31.0
4636,3664.0,8.0,0.9774716103006772,218469.0,31.0
4637,3522.0,51.0,0.9733457612924351,216425.0,31.0
4638,3559.0,3.0,0.9622789260578908,216940.0,31.0
4639,3808.0,25.0,0.9660627672268529,218994.0,31.0
4640,3500.0,4.0,0.9786883305185313,215411.0,31.0
4641,3830.0,30.0,0.9886379452636569,218996.0,31.0
4642,3585.0,39.0,0.9769516449802337,215419.0,31.0
4643,3779.0,48.0,0.9854140448535994,217980.0,31.0
4644,3941.0,11.0,0.9674355440625331,217983.0,31.0
4645,3487.0,52.0,0.9766452305618349,214917.0,31.0
4646,3952.0,11.0,0.987733139045089,218504.0,31.0
4647,3772.0,48.0,0.9854112937778204,217481.0,31.0
4648,3778.0,42.0,0.9637044711194075,216458.0,31.0
4649,3317.0,1.0,0.9794551440426185,214924.0,31.0
4650,3712.0,6.0,0.9868015088997022,217491.0,31.0
4651,3703.0,50.0,0.986514693483257,218515.0,31.0
4652,3613.0,46.0,0.9878321143413958,216990.0,31.0
4653,3496.0,19.0,0.9782821188832515,217502.0,31.0
4654,3558.0,45.0,0.9719665106512664,215968.0,31.0
4655,3587.0,33.0,0.9512807846537983,216994.0,31.0
4656,3614.0,32.0,0.9933939127612744,216485.0,31.0
4657,3394.0,38.0,0.986022854344279,218023.0,31.0
4658,3816.0,25.0,0.9872300710797315,219049.0,31.0
4659,3716.0,26.0,0.977559421193819,216494.0,31.0
4660,3720.0,24.0,0.9632488007618859,217011.0,31.0
4661,3535.0,22.0,0.9720966255505372,215476.0,31.0
4662,3788.0,31.0,0.9831210440285604,214965.0,31.0
4663,3524.0,54.0,0.9831814732606537,215481.0,31.0
4664,3527.0,53.0,0.9883047265850641,214970.0,31.0
4665,3669.0,27.0,0.9748578559755499,217532.0,31.0
4666,3499.0,52.0,0.9681017941974513,215487.0,31.0
4667,3738.0,47.0,0.9880378161732748,217026.0,31.0
4668,3618.0,23.0,0.9803710495002463,218562.0,31.0
4669,3337.0,2.0,0.9807838522835417,217042.0,31.0
4670,3695.0,27.0,0.9931215989447983,218580.0,31.0
4671,3851.0,31.0,0.9964519274320092,218069.0,31.0
4672,3819.0,30.0,0.9875338388055295,218582.0,31.0
4673,3458.0,4.0,0.9740596585746722,214487.0,31.0
4674,3321.0,1.0,0.9857262707942904,214999.0,31.0
4675,4051.0,15.0,0.9828354689259677,216024.0,31.0
4676,4121.0,17.0,0.9872439476623867,214491.0,31.0
4677,3591.0,3.0,0.9662255453151662,218587.0,31.0
4678,3402.0,37.0,0.9687001921240158,217565.0,31.0
4679,3516.0,20.0,1.0,218592.0,31.0
4680,3547.0,54.0,0.9815308387298965,216548.0,31.0
4681,3648.0,14.0,0.9811048816083395,216552.0,31.0
4682,3780.0,43.0,0.9718769120335342,216045.0,31.0
4683,3517.0,20.0,0.9908340711643431,218609.0,31.0
4684,3500.0,19.0,0.9639433369108732,217589.0,31.0
4685,3525.0,18.0,0.9509042070059763,215542.0,31.0
4686,3653.0,8.0,0.9741529879348009,218105.0,31.0
4687,3616.0,32.0,0.9864581304365131,216570.0,31.0
4688,3661.0,50.0,0.9719546924690443,217084.0,31.0
4689,3479.0,58.0,0.9887857615334419,218110.0,31.0
4690,3703.0,49.0,0.9966926344974105,216066.0,31.0
4691,3651.0,35.0,0.9859892068568062,215560.0,31.0
4692,4125.0,17.0,0.987964679751022,214540.0,31.0
4693,3685.0,34.0,0.9655373034987665,218124.0,31.0
4694,3731.0,12.0,0.9607674409766905,218126.0,31.0
4695,3795.0,29.0,0.9758637853843284,218645.0,31.0
4696,3271.0,0.0,0.9877884665732077,216600.0,31.0
4697,3495.0,36.0,0.9736709581409615,218138.0,31.0
4698,3488.0,4.0,0.980390759318283,215069.0,31.0
4699,3840.0,31.0,0.9686148667443211,217630.0,31.0
4700,3415.0,55.0,0.9846754017609085,218653.0,31.0
4701,4124.0,16.0,0.9921852409085666,217634.0,31.0
4702,3536.0,53.0,0.9739570779589741,215588.0,31.0
4703,3487.0,20.0,0.9788947889699564,217644.0,31.0
4704,3546.0,41.0,0.9755250566429334,217134.0,31.0
4705,3453.0,19.0,0.9790450272716638,214592.0,31.0
4706,3907.0,11.0,0.9804063078054784,216139.0,31.0
4707,3715.0,7.0,0.9840961650783173,218187.0,31.0
4708,3744.0,29.0,0.9901173924853487,215629.0,31.0
4709,3384.0,38.0,0.980488279622871,217677.0,31.0
4710,3565.0,5.0,0.9838035770915088,217678.0,31.0
4711,3854.0,10.0,0.9754781725798677,218192.0,31.0
4712,3712.0,28.0,0.9719369155819376,214611.0,31.0
4713,3369.0,1.0,0.9870804947378833,216660.0,31.0
4714,3679.0,35.0,0.9858158088006324,217683.0,31.0
4715,3385.0,38.0,0.9866137372124361,217687.0,31.0
4716,3398.0,55.0,0.9750215725654171,217688.0,31.0
4717,3855.0,10.0,0.9906272220767625,218205.0,31.0
4718,3463.0,36.0,0.9843232777566615,215667.0,31.0
4719,3581.0,39.0,0.9766946008965869,215156.0,31.0
4720,3670.0,44.0,0.9592949553176217,218229.0,31.0
4721,3537.0,51.0,0.996155156085821,217208.0,31.0
4722,3589.0,23.0,0.9725483072570792,217721.0,31.0
4723,3524.0,22.0,0.9787658387115044,214664.0,31.0
4724,4068.0,15.0,0.9878049162248933,217226.0,31.0
4725,3396.0,56.0,0.9833403230426688,218250.0,31.0
4726,3618.0,35.0,0.9719152220854623,214669.0,31.0
4727,3579.0,57.0,0.9616378606926912,217244.0,31.0
4728,3546.0,33.0,0.9669725649373246,215197.0,31.0
4729,3590.0,57.0,0.9617241051151154,217758.0,31.0
4730,3577.0,21.0,0.9857955350613663,215711.0,31.0
4731,3378.0,37.0,0.9734979971405536,216227.0,31.0
4732,3792.0,42.0,0.9733854463547302,217252.0,31.0
4733,3675.0,27.0,0.9807423720406692,217763.0,31.0
4734,3608.0,46.0,0.961304125431758,216742.0,31.0
4735,3812.0,43.0,0.9763498697697832,218279.0,31.0
4736,3673.0,34.0,0.9603949837434076,217782.0,31.0
4737,3567.0,5.0,0.9880595706834144,217791.0,31.0
4738,3620.0,23.0,0.97085233392494,218576.0,31.0
4739,3709.0,6.0,0.996859500595819,217426.0,31.0
4740,3485.0,52.0,0.972761011463985,214868.0,31.0
4741,3716.0,47.0,0.9756987023241164,215637.0,31.0
4742,3866.0,10.0,0.9866211442568401,218583.0,31.0
4743,3517.0,54.0,0.9744897393964289,215130.0,31.0
4744,3821.0,31.0,0.9912291386701524,216668.0,31.0
4745,3668.0,34.0,0.9704453586672176,217569.0,31.0
4746,3673.0,49.0,0.9705006079995112,215011.0,31.0
4747,3880.0,9.0,0.9628509225219565,217571.0,31.0
4748,3936.0,11.0,0.9877265356764517,217829.0,31.0
4749,4139.0,17.0,0.9854283437081001,214887.0,31.0
4750,3716.0,12.0,0.9790237599558398,217326.0,31.0
4751,3411.0,56.0,0.9928496427258665,218735.0,31.0
4752,3746.0,48.0,0.9804578399746049,216175.0,31.0
4753,3309.0,2.0,0.9545150233738431,215668.0,31.0
4754,3456.0,19.0,0.9781795268234897,214775.0,31.0
4755,3539.0,22.0,0.9780005318144341,215799.0,31.0
4756,3599.0,32.0,0.9808964406460546,215545.0,31.0
4757,3735.0,28.0,0.9830527902420797,216185.0,31.0
4758,3564.0,46.0,0.9671549930064505,214907.0,31.0
4759,3663.0,50.0,0.9696614076319252,217211.0,31.0
4760,3411.0,55.0,0.9799147210331856,218367.0,31.0
4761,3661.0,8.0,0.9828504402430629,218368.0,31.0
4762,3723.0,24.0,0.9702027079393649,217216.0,31.0
4763,3333.0,1.0,0.9833578421201454,215296.0,31.0
4764,3410.0,38.0,0.9926612428232187,218629.0,31.0
4765,3462.0,4.0,0.9937241125731607,214534.0,31.0
4766,3549.0,53.0,0.979923272711385,216329.0,31.0
4767,3487.0,51.0,0.9941884594409293,214923.0,31.0
4768,3486.0,36.0,0.9923674305306451,217365.0,31.0
4769,3712.0,26.0,0.9852392837148493,216342.0,31.0
4770,3688.0,27.0,0.9632441837237812,218261.0,31.0
4771,3622.0,57.0,1.0,218906.0,31.0
4772,3566.0,5.0,0.9845073449502668,217755.0,31.0
4773,3583.0,39.0,0.9890831440011395,215324.0,31.0
4774,3628.0,44.0,0.9892728463475396,215709.0,31.0
4775,4044.0,15.0,0.9901501791348858,215842.0,31.0
4776,3574.0,45.0,0.9833321195639454,216611.0,31.0
4777,3585.0,3.0,0.9868964166449339,218275.0,31.0
4778,3767.0,29.0,0.981948838379846,216869.0,31.0
4779,3503.0,18.0,0.9740607445420563,214824.0,31.0
4780,3535.0,40.0,0.9892493031863365,214952.0,31.0
4781,3634.0,14.0,0.9701126482028847,215850.0,31.0
4782,3771.0,25.0,0.9590489124640466,218157.0,31.0
4783,3310.0,0.0,0.990297077385202,218037.0,31.0
4784,4110.0,16.0,0.9866516769684399,216374.0,31.0
4785,3555.0,41.0,0.9880243544375532,217660.0,31.0
4786,3642.0,35.0,0.9744866600536387,215232.0,31.0
4787,3573.0,21.0,0.973574789113079,215616.0,31.0
4788,3383.0,37.0,0.9696891909364563,216386.0,31.0
4789,3783.0,42.0,0.9914856543370427,216643.0,31.0
4790,3649.0,13.0,0.9664418558832587,217665.0,31.0
4791,3672.0,7.0,0.9890911703655881,215494.0,31.0
4792,3526.0,33.0,0.9576355217948385,214472.0,31.0
4793,3807.0,30.0,0.9691099466473969,218315.0,31.0
4794,3474.0,18.0,0.9602234103777285,214278.0,31.0
