,ms2_id,Sample_id,explained_Int(%),SummMS2Table_id,Slice_id
0,3615.0,36.0,0.969822287647805,227809.0,35.0
1,3680.0,18.0,0.9501750278335491,227811.0,35.0
2,3429.0,0.0,0.9723376906693071,227889.0,35.0
3,3612.0,4.0,0.9788144104363613,227892.0,35.0
4,3779.0,32.0,0.9561458497924344,227829.0,35.0
5,2332.0,59.0,0.982185745939235,227895.0,35.0
6,3607.0,4.0,0.9804347803099897,227833.0,35.0
7,3904.0,26.0,0.971404317023947,227897.0,35.0
8,3839.0,14.0,0.9573679598590861,227771.0,35.0
9,3745.0,51.0,0.9820579170580279,227772.0,35.0
10,2308.0,59.0,0.9700581709394437,227796.0,35.0
11,3644.0,19.0,1.0,227774.0,35.0
12,3844.0,44.0,0.9779098587229292,227777.0,35.0
13,3679.0,18.0,0.9739523345799453,227778.0,35.0
14,2320.0,59.0,0.9928102525840162,227843.0,35.0
15,3927.0,29.0,0.9695684474681918,227905.0,35.0
16,3773.0,46.0,0.9644425407741275,227782.0,35.0
17,3608.0,4.0,0.9663816629605135,227849.0,35.0
18,3862.0,7.0,0.9609485748681452,227786.0,35.0
19,2306.0,59.0,0.9682788618458453,227787.0,35.0
20,2323.0,59.0,0.9698563989504674,227852.0,35.0
21,3540.0,37.0,0.9549392683776763,227915.0,35.0
22,2324.0,59.0,0.956532913590093,227854.0,35.0
23,3768.0,45.0,0.9867536440243683,227916.0,35.0
24,3605.0,4.0,0.953549647054057,227794.0,35.0
25,3538.0,37.0,0.9588267378017451,227860.0,35.0
26,3539.0,37.0,0.9904867226035372,227861.0,35.0
27,3772.0,23.0,0.9606686629781381,230751.0,35.0
28,3570.0,38.0,0.9701093935024823,229728.0,35.0
29,3788.0,53.0,1.0,228708.0,35.0
30,3432.0,0.0,0.9742022813194339,228713.0,35.0
31,3755.0,22.0,0.9645958231541178,230761.0,35.0
32,3512.0,56.0,0.9789299347643902,228715.0,35.0
33,3722.0,18.0,0.9598158323843314,228716.0,35.0
34,3708.0,22.0,0.9607264978084016,228719.0,35.0
35,3789.0,53.0,0.9910468740676283,228720.0,35.0
36,3808.0,51.0,0.9651858195506865,230769.0,35.0
37,3869.0,24.0,0.9778828772020727,228722.0,35.0
38,3808.0,46.0,0.9674234152229695,228724.0,35.0
39,3692.0,19.0,0.9553174118002692,230772.0,35.0
40,3515.0,55.0,0.9719773781038439,228729.0,35.0
41,3711.0,57.0,0.9783655960757223,229754.0,35.0
42,3473.0,0.0,0.9580416355638486,230784.0,35.0
43,3559.0,56.0,0.971484631859486,230785.0,35.0
44,3629.0,58.0,0.9928944958426009,230791.0,35.0
45,3535.0,1.0,0.9834237287633997,229769.0,35.0
46,3706.0,5.0,0.9651755008667804,229770.0,35.0
47,3882.0,50.0,0.956305244417478,230793.0,35.0
48,3707.0,5.0,0.9766383686765024,229776.0,35.0
49,3793.0,51.0,0.9682078209708744,229779.0,35.0
50,3831.0,13.0,1.0,228759.0,35.0
51,3759.0,40.0,0.9625647174873091,230816.0,35.0
52,3736.0,18.0,0.9706862672732502,229794.0,35.0
53,3630.0,58.0,0.9896556460974977,230819.0,35.0
54,3746.0,52.0,0.9697803470759164,228774.0,35.0
55,3694.0,57.0,0.9911616682879588,228775.0,35.0
56,3709.0,22.0,0.9733418117400037,228780.0,35.0
57,3665.0,20.0,0.9512943619946844,228783.0,35.0
58,3902.0,7.0,0.9669602836311292,229808.0,35.0
59,3672.0,20.0,0.9578046044897415,229820.0,35.0
60,3830.0,46.0,0.9880056151737682,229821.0,35.0
61,3921.0,35.0,0.9605989366719804,227779.0,35.0
62,3767.0,51.0,0.978479085587249,228801.0,35.0
63,3548.0,1.0,0.9880019517441782,230849.0,35.0
64,3791.0,53.0,0.9808502572828514,228803.0,35.0
65,3551.0,55.0,0.9545963031508662,230850.0,35.0
66,3727.0,3.0,0.9666573479463493,230854.0,35.0
67,3871.0,24.0,0.9728748546146523,228811.0,35.0
68,3698.0,19.0,0.990226745148379,230859.0,35.0
69,3975.0,29.0,0.9720414274479571,230863.0,35.0
70,3482.0,2.0,0.9859347245377337,228816.0,35.0
71,3480.0,0.0,0.9666332715596322,230864.0,35.0
72,3714.0,54.0,0.9587107347074593,229847.0,35.0
73,3913.0,34.0,0.9743067395399045,227800.0,35.0
74,3885.0,50.0,0.9675382767699335,230872.0,35.0
75,3572.0,38.0,0.9556853461889776,229850.0,35.0
76,3691.0,20.0,0.9616090686243333,230874.0,35.0
77,3903.0,7.0,0.9710381914674143,229854.0,35.0
78,3777.0,23.0,0.9735468167284062,230879.0,35.0
79,3689.0,3.0,0.9606044150698698,228832.0,35.0
80,3683.0,36.0,0.9503328533141799,230883.0,35.0
81,3654.0,4.0,0.9552715498751869,228837.0,35.0
82,3573.0,38.0,0.9593939368906014,229863.0,35.0
83,3810.0,39.0,0.9629658683152201,230890.0,35.0
84,3600.0,38.0,0.9521368168716187,230894.0,35.0
85,3515.0,56.0,0.977686308751341,228847.0,35.0
86,3727.0,5.0,0.9688272732052976,230898.0,35.0
87,3926.0,34.0,0.9643882050422254,228851.0,35.0
88,3811.0,39.0,0.9612018480008795,230900.0,35.0
89,3827.0,27.0,0.9662566770551944,228854.0,35.0
90,3540.0,1.0,0.9910653825472063,229879.0,35.0
91,3950.0,25.0,0.9743389625498514,227832.0,35.0
92,3676.0,36.0,0.9702403056498824,229880.0,35.0
93,3656.0,36.0,0.985393833112514,228860.0,35.0
94,3865.0,24.0,0.9651561559046035,227837.0,35.0
95,3672.0,19.0,0.9871123967076991,229890.0,35.0
96,3874.0,24.0,0.9738290354004215,228866.0,35.0
97,3728.0,3.0,0.9840263558720556,230918.0,35.0
98,3768.0,21.0,0.969104526284614,229895.0,35.0
99,3837.0,32.0,0.9630444116158416,230920.0,35.0
100,3738.0,18.0,0.9864901461553683,229901.0,35.0
101,3802.0,8.0,0.9607476532685835,228881.0,35.0
102,3745.0,40.0,0.9606123621208065,229906.0,35.0
103,3575.0,38.0,0.9661156621350626,229907.0,35.0
104,3534.0,55.0,0.970771735836585,229909.0,35.0
105,3677.0,36.0,0.9834954337621492,229911.0,35.0
106,3636.0,58.0,0.9766677601534907,230932.0,35.0
107,3838.0,32.0,0.9690487940886168,230934.0,35.0
108,3861.0,50.0,0.9809698930495818,229915.0,35.0
109,3616.0,36.0,0.9650445534602332,227869.0,35.0
110,3605.0,37.0,0.9662595654180077,230941.0,35.0
111,3729.0,3.0,0.9504143172321269,230942.0,35.0
112,3689.0,5.0,0.9746050000370987,228896.0,35.0
113,3903.0,26.0,0.9640404130697439,227873.0,35.0
114,3751.0,23.0,0.9776010001828814,229922.0,35.0
115,3795.0,32.0,0.9599165100655769,228899.0,35.0
116,3931.0,47.0,0.9906409091031589,227876.0,35.0
117,3576.0,38.0,0.9884114677229913,229926.0,35.0
118,3518.0,1.0,0.9892841070979678,228903.0,35.0
119,3529.0,2.0,0.9713076020887091,230953.0,35.0
120,3739.0,18.0,0.972423454510779,229934.0,35.0
121,3769.0,52.0,0.9607499288234214,229935.0,35.0
122,3732.0,22.0,0.9657592765202178,229939.0,35.0
123,3687.0,54.0,0.9882468346874406,228916.0,35.0
124,3761.0,22.0,0.9748911208836144,230975.0,35.0
125,3827.0,45.0,0.9635514151921494,230976.0,35.0
126,3719.0,54.0,0.9942726088485686,229957.0,35.0
127,3485.0,2.0,0.9681710830988732,228933.0,35.0
128,3952.0,25.0,0.9504181560188663,228937.0,35.0
129,3784.0,23.0,0.9604306405057323,230985.0,35.0
130,3557.0,55.0,0.9733446059766758,230986.0,35.0
131,3844.0,8.0,0.957139827100038,230988.0,35.0
132,3615.0,58.0,0.9586000660693853,229969.0,35.0
133,3982.0,47.0,0.9525671970394383,230994.0,35.0
134,3740.0,23.0,0.9695966445451315,228947.0,35.0
135,2334.0,59.0,0.9905496696660673,227924.0,35.0
136,3541.0,37.0,0.9669522491788436,227925.0,35.0
137,3619.0,36.0,0.9564345481694451,227926.0,35.0
138,3816.0,53.0,0.955011768294569,229972.0,35.0
139,3690.0,5.0,0.97140221455938,228948.0,35.0
140,3925.0,35.0,0.9681291949400852,227929.0,35.0
141,3517.0,56.0,0.9914510367971251,228949.0,35.0
142,3620.0,36.0,0.9656576217122604,227931.0,35.0
143,3691.0,5.0,0.9567195669009453,228951.0,35.0
144,3746.0,51.0,0.9727414923814999,227933.0,35.0
145,3851.0,13.0,0.9613156218929945,229981.0,35.0
146,3697.0,57.0,0.9799462018270316,228955.0,35.0
147,3434.0,0.0,0.9840198797281334,228958.0,35.0
148,3920.0,26.0,0.9560282600646509,228960.0,35.0
149,2335.0,59.0,0.975030330056077,227938.0,35.0
150,3845.0,8.0,0.9674319272838817,231014.0,35.0
151,3593.0,37.0,0.9559477565153904,229993.0,35.0
152,3926.0,35.0,0.9568363407858806,227946.0,35.0
153,3905.0,7.0,0.9799845801586003,229998.0,35.0
154,3798.0,39.0,0.9620053466358883,230000.0,35.0
155,3672.0,5.0,0.9741841047173392,227953.0,35.0
156,3699.0,22.0,0.9787116841168901,227955.0,35.0
157,2338.0,59.0,0.9541004641756973,227957.0,35.0
158,3912.0,12.0,0.9608577544831058,227958.0,35.0
159,3748.0,39.0,0.9871790975287754,227961.0,35.0
160,3792.0,21.0,0.955797598592269,231034.0,35.0
161,3615.0,4.0,0.9758977663625794,227963.0,35.0
162,3787.0,23.0,0.9744238906255879,231037.0,35.0
163,3769.0,45.0,0.9707171670014,227970.0,35.0
164,2340.0,59.0,0.972167357189211,227972.0,35.0
165,3673.0,5.0,0.9620761973964588,227973.0,35.0
166,3483.0,0.0,0.9527885590298788,231046.0,35.0
167,3720.0,54.0,0.9901483776014234,230025.0,35.0
168,3616.0,4.0,0.956655870665883,227981.0,35.0
169,3848.0,44.0,0.9529324723061333,227982.0,35.0
170,3734.0,3.0,0.9876757393491604,231055.0,35.0
171,3431.0,0.0,0.9782462568545404,227984.0,35.0
172,3693.0,5.0,0.9665835755164213,229011.0,35.0
173,3738.0,23.0,0.9810302249842726,227991.0,35.0
174,3781.0,32.0,0.9757678857494161,227993.0,35.0
175,3539.0,56.0,0.9614943559724634,230042.0,35.0
176,3961.0,29.0,0.9646985025689643,230043.0,35.0
177,3519.0,56.0,0.9814409485164743,229017.0,35.0
178,3897.0,14.0,0.9790590771974216,231068.0,35.0
179,3690.0,18.0,0.9579293926178822,227998.0,35.0
180,3691.0,18.0,0.9612943911488219,228005.0,35.0
181,3540.0,55.0,0.9608724927580132,230053.0,35.0
182,3737.0,3.0,0.9599263145115903,231079.0,35.0
183,3743.0,57.0,0.9727490030120747,231082.0,35.0
184,3799.0,32.0,0.9892325223532151,229035.0,35.0
185,3764.0,40.0,0.9525651878312753,231085.0,35.0
186,3908.0,7.0,0.9695415492172607,230063.0,35.0
187,3607.0,38.0,0.9746923167360524,231090.0,35.0
188,3816.0,8.0,0.9718369054246143,230068.0,35.0
189,3524.0,1.0,0.9770060068739578,229047.0,35.0
190,3449.0,0.0,0.9831481065395927,230076.0,35.0
191,3714.0,40.0,0.9644901206806656,228029.0,35.0
192,3744.0,57.0,0.9694189912624208,231102.0,35.0
193,2345.0,59.0,0.9719730856960307,228031.0,35.0
194,3878.0,13.0,0.9603167138944703,231104.0,35.0
195,3700.0,41.0,0.9744528359467027,229057.0,35.0
196,3830.0,27.0,0.9714142092657037,229059.0,35.0
197,2346.0,59.0,0.9802533979563379,228036.0,35.0
198,3966.0,28.0,0.9568007963808567,230086.0,35.0
199,3771.0,53.0,0.9767601245039551,228039.0,35.0
200,3836.0,53.0,0.9869393095782657,231111.0,35.0
201,3800.0,32.0,0.95791964768241,229065.0,35.0
202,3788.0,23.0,0.9620002985666836,231114.0,35.0
203,3850.0,8.0,0.9860771351543468,231117.0,35.0
204,3568.0,37.0,0.979228759234583,229070.0,35.0
205,3854.0,27.0,0.9653335696319243,230095.0,35.0
206,3672.0,54.0,0.9596178079127965,228050.0,35.0
207,3716.0,22.0,0.9506115757224214,229077.0,35.0
208,3820.0,53.0,0.961818367473991,230102.0,35.0
209,3895.0,44.0,0.9625410122009516,230103.0,35.0
210,3794.0,21.0,0.9575495967273414,231126.0,35.0
211,3518.0,55.0,0.9642083519351997,229084.0,35.0
212,3836.0,13.0,0.9635084362529983,229087.0,35.0
213,3565.0,55.0,0.9857090919076186,231136.0,35.0
214,3532.0,2.0,0.9559231225675499,231138.0,35.0
215,3778.0,46.0,0.978384437889711,228067.0,35.0
216,3565.0,56.0,0.9779945226130777,231139.0,35.0
217,3692.0,54.0,0.9782916607998972,229092.0,35.0
218,3746.0,57.0,0.9705088030766664,231141.0,35.0
219,2349.0,59.0,0.955773725575925,228077.0,35.0
220,3840.0,50.0,0.9682188227578681,228079.0,35.0
221,3732.0,21.0,0.9571615061010756,228080.0,35.0
222,3772.0,52.0,0.9651470002565231,230128.0,35.0
223,3675.0,5.0,0.988418994928558,228082.0,35.0
224,3721.0,41.0,0.9683914475516623,230130.0,35.0
225,3895.0,50.0,0.9526360702642847,231155.0,35.0
226,3800.0,39.0,0.9815395386570227,230133.0,35.0
227,3757.0,41.0,0.9738271787107007,231156.0,35.0
228,3705.0,20.0,0.9665944028469216,231159.0,35.0
229,3818.0,8.0,0.9671140258010187,230137.0,35.0
230,3915.0,6.0,0.9806348478406848,230138.0,35.0
231,3783.0,32.0,0.9751443816252625,228096.0,35.0
232,3751.0,52.0,0.9810156901277342,229120.0,35.0
233,3876.0,27.0,0.9707671429802199,231169.0,35.0
234,3722.0,41.0,1.0,230151.0,35.0
235,3623.0,4.0,0.9623821342778128,228104.0,35.0
236,3702.0,41.0,0.9617139778221431,229129.0,35.0
237,3705.0,19.0,0.9750651755325652,231178.0,35.0
238,3733.0,40.0,0.962597806964227,229133.0,35.0
239,3797.0,21.0,0.9654374056147711,231183.0,35.0
240,3868.0,7.0,0.9885967813613407,228116.0,35.0
241,3775.0,52.0,0.9923872185709972,230171.0,35.0
242,3794.0,45.0,0.9800869724926317,229148.0,35.0
243,3571.0,37.0,0.9567092852309007,229149.0,35.0
244,3611.0,38.0,0.9941417013820062,231196.0,35.0
245,3650.0,58.0,0.9661777128894196,231206.0,35.0
246,3777.0,21.0,0.9622645330790079,230184.0,35.0
247,3617.0,58.0,0.988192791849704,230185.0,35.0
248,3749.0,57.0,0.9775845987005363,231209.0,35.0
249,3731.0,18.0,0.9540511379645354,229165.0,35.0
250,3733.0,21.0,0.9919894710225081,228142.0,35.0
251,3792.0,23.0,0.9610292961279949,231213.0,35.0
252,3896.0,50.0,0.9621092855246981,231215.0,35.0
253,3489.0,2.0,0.9526115234285696,229172.0,35.0
254,3689.0,57.0,0.9782909559532704,228149.0,35.0
255,3690.0,57.0,0.9604512472875241,228152.0,35.0
256,3988.0,47.0,0.9610850136527357,231224.0,35.0
257,3754.0,39.0,0.969829660996551,228155.0,35.0
258,3738.0,54.0,0.9896450579107264,231228.0,35.0
259,3676.0,20.0,0.9684060998237436,230205.0,35.0
260,3718.0,57.0,0.9610330925335204,230207.0,35.0
261,3778.0,21.0,0.9665660725981585,230208.0,35.0
262,3854.0,8.0,0.9712533384619363,231231.0,35.0
263,3488.0,1.0,0.9686387342264898,228162.0,35.0
264,3679.0,19.0,0.9862975471192531,230210.0,35.0
265,3938.0,12.0,0.9551476531699937,230212.0,35.0
266,3961.0,26.0,0.9800840482441239,231233.0,35.0
267,3490.0,1.0,0.953328978187062,228170.0,35.0
268,3768.0,40.0,0.9705789090678335,231243.0,35.0
269,3724.0,41.0,0.9698893608719122,230220.0,35.0
270,3696.0,5.0,0.9871656275182744,229197.0,35.0
271,3537.0,2.0,0.9879863294311909,231256.0,35.0
272,3940.0,6.0,0.9533159450862546,231257.0,35.0
273,3582.0,38.0,0.9663974304598211,230234.0,35.0
274,3704.0,41.0,0.9879676843205899,229211.0,35.0
275,4009.0,30.0,0.9535923256787291,231259.0,35.0
276,3769.0,40.0,0.9905568738811539,231261.0,35.0
277,3709.0,20.0,0.9827274015021776,231265.0,35.0
278,3695.0,54.0,0.9640195519666546,229218.0,35.0
279,3849.0,14.0,0.9776787465145639,228197.0,35.0
280,3735.0,40.0,1.0,229221.0,35.0
281,3520.0,56.0,0.9710330004865751,229224.0,35.0
282,3620.0,58.0,0.9877030528804879,230252.0,35.0
283,3437.0,0.0,0.9874298813792427,229228.0,35.0
284,3770.0,40.0,0.9841137696157455,231277.0,35.0
285,3491.0,1.0,0.9561561029035205,228212.0,35.0
286,3732.0,18.0,0.9608018981245836,229236.0,35.0
287,3684.0,3.0,0.966226625271243,228215.0,35.0
288,3897.0,6.0,0.9617701448318866,229241.0,35.0
289,3492.0,1.0,0.9896711558611482,228222.0,35.0
290,3704.0,18.0,0.965514223055661,228223.0,35.0
291,3569.0,55.0,0.993353106283359,231295.0,35.0
292,3596.0,37.0,0.9700224905456744,230273.0,35.0
293,3506.0,55.0,0.9648464000604505,228227.0,35.0
294,3538.0,2.0,0.9609688415296995,231299.0,35.0
295,3621.0,58.0,0.9891381741461622,230280.0,35.0
296,3893.0,49.0,0.9603657098011057,228234.0,35.0
297,3622.0,58.0,0.9899681403139314,230282.0,35.0
298,3781.0,39.0,0.9811578777319282,229258.0,35.0
299,3694.0,3.0,0.9816802153055794,229259.0,35.0
300,3457.0,0.0,0.971687719037709,230287.0,35.0
301,3698.0,54.0,0.9846350982643433,229264.0,35.0
302,3539.0,2.0,0.9520665154545207,231314.0,35.0
303,3815.0,39.0,0.9729765895289749,231315.0,35.0
304,3777.0,52.0,0.959056751931107,230293.0,35.0
305,3712.0,20.0,0.9922270085797703,231318.0,35.0
306,3521.0,56.0,0.9756062812152803,229271.0,35.0
307,3794.0,52.0,0.9607902398654923,231320.0,35.0
308,3820.0,45.0,0.950987356860977,230298.0,35.0
309,3828.0,32.0,0.9642200674308582,230299.0,35.0
310,3438.0,0.0,0.9666169737021275,229274.0,35.0
311,3981.0,30.0,0.9656109163468509,230302.0,35.0
312,3834.0,46.0,0.9626402867797614,230304.0,35.0
313,3885.0,13.0,0.9587464681391411,231329.0,35.0
314,3731.0,52.0,0.9681910094483548,228260.0,35.0
315,3775.0,45.0,0.9687221652696535,228261.0,35.0
316,3744.0,22.0,0.9918372102960789,230308.0,35.0
317,3745.0,22.0,0.9924503100228227,230310.0,35.0
318,3597.0,37.0,0.9632891210142066,230312.0,35.0
319,3944.0,6.0,0.9791209734103624,231336.0,35.0
320,3939.0,35.0,0.9790199470850485,228266.0,35.0
321,2350.0,59.0,0.9597145678325902,228274.0,35.0
322,3681.0,19.0,0.955838384512922,230323.0,35.0
323,3752.0,51.0,0.9639656879807816,228276.0,35.0
324,3714.0,20.0,1.0,231354.0,35.0
325,3715.0,20.0,0.9686372683010662,231359.0,35.0
326,3776.0,40.0,0.9845530206225651,231360.0,35.0
327,3494.0,1.0,0.9590096784982255,228289.0,35.0
328,3708.0,19.0,0.9534716133856352,231361.0,35.0
329,3706.0,41.0,0.9743405014067114,229314.0,35.0
330,3628.0,4.0,0.9898045390419284,228293.0,35.0
331,3789.0,46.0,0.973793144501016,228296.0,35.0
332,3776.0,45.0,0.9690772479834447,228305.0,35.0
333,3979.0,28.0,0.979051883641891,231380.0,35.0
334,3635.0,36.0,0.9582508681640913,228311.0,35.0
335,3790.0,46.0,0.9790916222443854,228313.0,35.0
336,3600.0,58.0,0.9697616813966448,228314.0,35.0
337,3679.0,20.0,0.97276932143852,230367.0,35.0
338,3658.0,58.0,0.9754311803306301,231392.0,35.0
339,3580.0,37.0,0.9718769919688403,229350.0,35.0
340,3508.0,56.0,0.9740596522448248,228330.0,35.0
341,3523.0,55.0,0.9668993638050867,229354.0,35.0
342,3830.0,32.0,0.9544946421969347,230388.0,35.0
343,3730.0,54.0,0.986700966478181,230391.0,35.0
344,3703.0,54.0,0.9890718985024195,229368.0,35.0
345,3731.0,41.0,0.9710045199995035,230397.0,35.0
346,3783.0,51.0,0.9600349336498071,229373.0,35.0
347,3472.0,2.0,0.9633673860667937,228353.0,35.0
348,3512.0,2.0,0.9781850547834313,230402.0,35.0
349,3869.0,14.0,0.9742973337859325,229383.0,35.0
350,3632.0,4.0,0.9763248163927164,228360.0,35.0
351,3825.0,46.0,0.9821163913801761,229390.0,35.0
352,3803.0,51.0,0.9708244374601275,230416.0,35.0
353,3702.0,22.0,0.9636779038884262,228376.0,35.0
354,3587.0,38.0,0.9652265232942051,230425.0,35.0
355,3777.0,45.0,0.9503973810464805,228378.0,35.0
356,3699.0,3.0,0.9694760039187483,229402.0,35.0
357,3499.0,1.0,0.9627006713436669,228385.0,35.0
358,3887.0,14.0,0.9905246790043252,230433.0,35.0
359,3798.0,8.0,0.974738498273665,228387.0,35.0
360,3524.0,56.0,0.9536069176290953,229414.0,35.0
361,3794.0,46.0,0.9735047217688787,228393.0,35.0
362,3960.0,30.0,0.9668878180688784,228396.0,35.0
363,3917.0,12.0,0.9712856305404052,228401.0,35.0
364,3545.0,1.0,0.9779375658340884,230449.0,35.0
365,3826.0,53.0,0.9614957810899689,230450.0,35.0
366,3955.0,28.0,0.9718124139449151,229425.0,35.0
367,3684.0,19.0,0.9679419834512052,230453.0,35.0
368,3516.0,2.0,0.9572275717468717,230455.0,35.0
369,3804.0,39.0,0.9913086161478178,230456.0,35.0
370,3840.0,13.0,0.950594385552237,229432.0,35.0
371,3747.0,22.0,0.9621595657719828,230460.0,35.0
372,3598.0,37.0,0.9811822933078005,230477.0,35.0
373,3827.0,46.0,0.9591591724833751,229456.0,35.0
374,3858.0,44.0,0.9861312587864535,228433.0,35.0
375,3641.0,36.0,0.9798171564379401,228435.0,35.0
376,3553.0,38.0,0.9664235612710931,228444.0,35.0
377,3722.0,5.0,0.9878974306869797,230492.0,35.0
378,3683.0,20.0,0.9700426259056723,230498.0,35.0
379,3864.0,27.0,0.959450202414241,230499.0,35.0
380,3758.0,21.0,0.9505685380383135,229477.0,35.0
381,3806.0,39.0,0.979116273309504,230502.0,35.0
382,3785.0,21.0,0.9883396598053552,230505.0,35.0
383,3519.0,2.0,0.9601757289495795,230507.0,35.0
384,3723.0,57.0,0.993295313752721,230510.0,35.0
385,3942.0,34.0,0.9698843813662991,229488.0,35.0
386,3686.0,19.0,0.9875017908040765,230513.0,35.0
387,3703.0,57.0,0.9860485390631162,229491.0,35.0
388,3704.0,3.0,0.9625796555649003,229493.0,35.0
389,3721.0,3.0,0.9731497448218562,230518.0,35.0
390,3748.0,22.0,0.9666752714612056,230519.0,35.0
391,3801.0,46.0,0.9659460328560511,228472.0,35.0
392,3715.0,18.0,0.9657964853906268,228473.0,35.0
393,3736.0,41.0,0.9614589920213282,230526.0,35.0
394,3790.0,32.0,0.9670606905560918,228479.0,35.0
395,3700.0,5.0,0.9616427401649396,229504.0,35.0
396,3638.0,4.0,0.9650114105747567,228481.0,35.0
397,3786.0,51.0,0.9703365975029489,229506.0,35.0
398,3639.0,4.0,0.9858552329007558,228483.0,35.0
399,3651.0,19.0,0.9811405483366289,228489.0,35.0
400,3681.0,36.0,0.977308851095991,230539.0,35.0
401,3743.0,23.0,0.9512597373387051,229517.0,35.0
402,3843.0,13.0,0.9720499068970567,229519.0,35.0
403,3441.0,0.0,0.9698011494684041,229522.0,35.0
404,3476.0,2.0,0.9672862515761197,228501.0,35.0
405,3505.0,1.0,0.9661933591270946,228503.0,35.0
406,3896.0,24.0,0.9716090538839195,229533.0,35.0
407,3958.0,34.0,0.9699354501060727,230558.0,35.0
408,3553.0,56.0,0.9723457401446047,230559.0,35.0
409,3642.0,4.0,0.9581720528257464,228512.0,35.0
410,3675.0,4.0,0.962613586622734,230561.0,35.0
411,3552.0,37.0,0.9789502156329093,228519.0,35.0
412,3477.0,2.0,0.9782831309700161,228529.0,35.0
413,3763.0,23.0,0.9546673485778455,230579.0,35.0
414,3782.0,52.0,0.98105877077135,230584.0,35.0
415,3915.0,24.0,0.9509442795692198,230589.0,35.0
416,3716.0,18.0,0.9782737778080579,228542.0,35.0
417,3601.0,58.0,0.9946871103383016,228543.0,35.0
418,3786.0,21.0,0.9939889233949141,230591.0,35.0
419,3703.0,5.0,0.9893589658914442,229572.0,35.0
420,3738.0,41.0,0.9787961311405126,230597.0,35.0
421,3707.0,3.0,0.9803861842697417,229579.0,35.0
422,3843.0,50.0,0.9820640843054815,228556.0,35.0
423,3805.0,51.0,0.9715936798414038,230604.0,35.0
424,3821.0,27.0,0.9780305500852692,228564.0,35.0
425,3786.0,39.0,0.9812252754695848,229591.0,35.0
426,3707.0,57.0,0.9781671767706295,229593.0,35.0
427,3682.0,54.0,0.9765157073633061,228570.0,35.0
428,3762.0,21.0,0.9883656876748506,229597.0,35.0
429,3898.0,7.0,0.9811274515221673,229600.0,35.0
430,3890.0,44.0,0.95369681332026,229609.0,35.0
431,3663.0,20.0,0.9635035469421691,228590.0,35.0
432,3530.0,56.0,0.9919621232512017,229615.0,35.0
433,3511.0,55.0,0.9629130466931103,228594.0,35.0
434,3648.0,36.0,0.9851608581766604,228597.0,35.0
435,3442.0,0.0,0.9589924812898228,229622.0,35.0
436,3689.0,19.0,0.9817610990866693,230651.0,35.0
437,3707.0,22.0,0.9660994715310217,228604.0,35.0
438,3992.0,30.0,0.9735339893069318,230655.0,35.0
439,3709.0,57.0,0.9546216628084419,229632.0,35.0
440,3807.0,53.0,0.9585785251297656,229635.0,35.0
441,3915.0,26.0,0.9558320430157954,228614.0,35.0
442,3931.0,28.0,0.9559561206848495,228616.0,35.0
443,3739.0,21.0,0.9616973766829467,228617.0,35.0
444,3740.0,40.0,0.9635690346139947,229644.0,35.0
445,3555.0,56.0,0.9697152635435864,230670.0,35.0
446,3921.0,12.0,0.9703344033155044,228623.0,35.0
447,3466.0,0.0,0.9666986895745513,230672.0,35.0
448,3891.0,44.0,0.9613934711026387,229646.0,35.0
449,3611.0,58.0,0.9698144696508824,229655.0,35.0
450,3742.0,41.0,0.9628836904071325,230681.0,35.0
451,3810.0,45.0,0.9684211681893931,229657.0,35.0
452,3612.0,58.0,0.9524032274280079,229661.0,35.0
453,3730.0,40.0,0.960862778516406,228639.0,35.0
454,3672.0,36.0,0.9612077765213407,229666.0,35.0
455,3832.0,53.0,0.9543487123389179,230691.0,35.0
456,3935.0,29.0,0.9602080442814925,228646.0,35.0
457,3784.0,52.0,0.9707592698398163,230698.0,35.0
458,3790.0,51.0,0.961219072826279,229674.0,35.0
459,3745.0,23.0,0.9630383430194852,229676.0,35.0
460,3684.0,54.0,0.9536789095104748,228655.0,35.0
461,3529.0,55.0,0.9698681547254745,229679.0,35.0
462,3787.0,53.0,0.9680540096377287,228662.0,35.0
463,3555.0,37.0,0.9617114934238203,228664.0,35.0
464,3788.0,39.0,0.9674956608681557,229691.0,35.0
465,3557.0,38.0,0.9658356428922865,228669.0,35.0
466,3958.0,25.0,0.9587140358823878,229693.0,35.0
467,3748.0,18.0,0.9727620285550431,230719.0,35.0
468,3674.0,36.0,0.9903216368128117,229699.0,35.0
469,3917.0,26.0,0.9583498780625412,228682.0,35.0
470,3530.0,55.0,0.966066339284493,229709.0,35.0
471,3594.0,38.0,0.9711723334481889,230734.0,35.0
472,3531.0,55.0,0.9666580980345902,229712.0,35.0
473,3729.0,22.0,0.9712607955138121,229716.0,35.0
474,3509.0,1.0,0.9637611035445192,228698.0,35.0
475,3905.0,6.0,0.9956840614025455,229725.0,35.0
476,3845.0,50.0,0.9817124348496421,228702.0,35.0
477,3732.0,57.0,0.9824029771531306,230750.0,35.0
478,3947.0,48.0,0.9722607530745809,228192.0,35.0
479,3558.0,38.0,0.9816650646382054,228704.0,35.0
480,3970.0,35.0,0.9526931726994013,229730.0,35.0
481,3766.0,39.0,0.9754334909788659,228706.0,35.0
482,3773.0,23.0,0.9790210603747896,230755.0,35.0
483,3967.0,25.0,0.9596474386847075,230249.0,35.0
484,3756.0,22.0,0.978734126636615,230766.0,35.0
485,3859.0,27.0,0.9596485130968705,230262.0,35.0
486,3810.0,53.0,0.9764591857384681,229751.0,35.0
487,3865.0,14.0,0.9793989262421984,229239.0,35.0
488,3929.0,12.0,0.9728189302484266,229240.0,35.0
489,3743.0,22.0,0.9753869292504221,230268.0,35.0
490,3653.0,58.0,0.9681287105641425,231293.0,35.0
491,3589.0,37.0,0.9911551381288213,229760.0,35.0
492,3737.0,5.0,0.9681643800191133,231296.0,35.0
493,3705.0,5.0,0.9589779589602992,229718.0,35.0
494,3791.0,51.0,0.9781890078635973,229764.0,35.0
495,4033.0,42.0,0.9603930780364462,230276.0,35.0
496,3956.0,47.0,0.9756918513893815,229256.0,35.0
497,3826.0,32.0,0.9784673123726187,230283.0,35.0
498,3929.0,29.0,0.9576048286432169,228239.0,35.0
499,3716.0,5.0,0.9679498490543694,230289.0,35.0
500,3604.0,58.0,0.9501559950065769,229265.0,35.0
501,3898.0,6.0,1.0,229268.0,35.0
502,3576.0,37.0,0.9790229728324629,229270.0,35.0
503,3547.0,56.0,0.9584652586629724,230295.0,35.0
504,3764.0,52.0,0.9613444086548094,229784.0,35.0
505,3742.0,40.0,0.9623118005047587,229785.0,35.0
506,3831.0,45.0,0.9649276300318841,231321.0,35.0
507,3902.0,44.0,0.9599547066721869,231322.0,35.0
508,3857.0,14.0,0.9590937487212962,228764.0,35.0
509,3829.0,32.0,0.9565672788076426,230301.0,35.0
510,3775.0,23.0,0.9787264809640306,230815.0,35.0
511,3634.0,36.0,0.9690930757058499,228256.0,35.0
512,3532.0,55.0,0.9884525729770899,229796.0,35.0
513,3799.0,8.0,0.9735681106792505,228772.0,35.0
514,3695.0,19.0,0.997931214165656,230822.0,35.0
515,3984.0,25.0,0.9602734511112057,231252.0,35.0
516,3766.0,52.0,0.9805613055587736,229805.0,35.0
517,3742.0,21.0,0.952502218651184,228784.0,35.0
518,3478.0,0.0,0.9869277454576446,230833.0,35.0
519,3716.0,41.0,0.9598031385423064,229811.0,35.0
520,3725.0,5.0,0.9801519155740758,230838.0,35.0
521,3511.0,2.0,0.9884108635346153,230327.0,35.0
522,3882.0,13.0,0.9518068203318901,231255.0,35.0
523,3813.0,53.0,0.9667083419676056,229817.0,35.0
524,3835.0,46.0,0.9799559946849046,230331.0,35.0
525,3708.0,18.0,0.9528154215978153,228284.0,35.0
526,3528.0,2.0,0.9580059877194393,230844.0,35.0
527,3538.0,1.0,0.9848324195746486,229822.0,35.0
528,3676.0,54.0,0.9614916600866689,228286.0,35.0
529,3756.0,57.0,0.986914760160705,231355.0,35.0
530,3571.0,56.0,0.9817988209482688,231358.0,35.0
531,3717.0,3.0,0.974253732933776,230341.0,35.0
532,3495.0,1.0,0.9586850453995774,228294.0,35.0
533,3774.0,46.0,0.9696879494585278,227783.0,35.0
534,3445.0,0.0,0.9865639954823019,229831.0,35.0
535,3920.0,28.0,0.967561036234823,227785.0,35.0
536,4043.0,43.0,0.9697038273059615,228807.0,35.0
537,4013.0,30.0,0.9768596138433889,231369.0,35.0
538,3740.0,57.0,0.9925864337141442,230860.0,35.0
539,3522.0,56.0,0.9633142254661112,229327.0,35.0
540,3522.0,55.0,0.9853422763654122,229328.0,35.0
541,3713.0,57.0,0.9877992900325762,229844.0,35.0
542,3845.0,44.0,0.9545589847217416,227797.0,35.0
543,3800.0,8.0,0.9552800181896381,228823.0,35.0
544,3654.0,36.0,0.9588056533347197,228824.0,35.0
545,2311.0,59.0,0.9650073565348136,227802.0,35.0
546,3682.0,19.0,0.9576049862165008,230366.0,35.0
547,3940.0,47.0,0.9691106550604607,228320.0,35.0
548,3631.0,58.0,0.9686928783859583,230884.0,35.0
549,3561.0,37.0,0.9842575679989105,228838.0,35.0
550,3737.0,54.0,0.9738268514656925,230888.0,35.0
551,3718.0,20.0,0.9767801146781819,231400.0,35.0
552,3523.0,56.0,0.9629599189271087,229353.0,35.0
553,3891.0,24.0,0.9976424216078892,229355.0,35.0
554,3886.0,13.0,0.9518902859327378,231404.0,35.0
555,3943.0,35.0,0.991765980973386,228333.0,35.0
556,3823.0,53.0,0.9953162108048614,230382.0,35.0
557,3970.0,28.0,0.9619981362837022,230383.0,35.0
558,3544.0,55.0,0.9783472538069115,230384.0,35.0
559,3996.0,42.0,0.9778703991387622,227825.0,35.0
560,3913.0,49.0,0.9540234047376692,228849.0,35.0
561,3560.0,38.0,0.9829295936087395,228850.0,35.0
562,3682.0,18.0,0.9861690453509842,227828.0,35.0
563,3711.0,3.0,0.9634102974839444,229876.0,35.0
564,2318.0,59.0,0.9639288339384859,227830.0,35.0
565,3887.0,7.0,0.9836144630619853,228853.0,35.0
566,3788.0,52.0,0.9692613639293871,230899.0,35.0
567,3712.0,19.0,0.9765361491286502,231412.0,35.0
568,3841.0,14.0,0.9500643355894416,227834.0,35.0
569,3803.0,23.0,0.9899585677446312,231418.0,35.0
570,3802.0,51.0,0.9581003820662765,230396.0,35.0
571,3713.0,19.0,0.9778456329093861,231471.0,35.0
572,3497.0,1.0,0.9581963280729127,228350.0,35.0
573,3632.0,58.0,0.9736683241898962,230911.0,35.0
574,3756.0,21.0,0.9849153751734765,229376.0,35.0
575,3975.0,48.0,0.9643330069526703,229889.0,35.0
576,3794.0,8.0,0.9792342969002452,227842.0,35.0
577,3724.0,40.0,0.9677639823219845,228354.0,35.0
578,3888.0,13.0,0.9698982238864392,231428.0,35.0
579,3498.0,1.0,0.9689235143052236,228357.0,35.0
580,3889.0,13.0,0.9730246352327167,231431.0,35.0
581,3688.0,5.0,1.0,228872.0,35.0
582,3994.0,25.0,0.9645132050088836,231433.0,35.0
583,3955.0,34.0,0.9803332785893835,230413.0,35.0
584,2325.0,59.0,0.9557606198971312,227856.0,35.0
585,3807.0,32.0,0.9627466379163516,229393.0,35.0
586,3942.0,47.0,0.9757173986768308,228370.0,35.0
587,3700.0,19.0,0.9714614510650056,230930.0,35.0
588,3657.0,19.0,0.9579892499596852,228884.0,35.0
589,3826.0,46.0,0.9521821371727405,229394.0,35.0
590,3893.0,24.0,0.9758307588087476,229396.0,35.0
591,3914.0,34.0,0.9634219936944882,227863.0,35.0
592,3609.0,4.0,0.9531832767594302,227867.0,35.0
593,3581.0,37.0,0.9930872812835284,229404.0,35.0
594,3992.0,31.0,0.9617534625942027,228384.0,35.0
595,3862.0,13.0,0.9530450334346947,230432.0,35.0
596,3883.0,49.0,0.9711500231281859,227874.0,35.0
597,3761.0,39.0,0.9814960748762893,228386.0,35.0
598,3681.0,20.0,0.9905199049543726,230436.0,35.0
599,3729.0,5.0,0.9555444906641112,230946.0,35.0
600,3767.0,45.0,0.9792458533969213,227878.0,35.0
601,3780.0,40.0,0.9807467198983932,231459.0,35.0
602,3947.0,6.0,0.9626600458851609,231460.0,35.0
603,3876.0,24.0,0.9770241666823246,228905.0,35.0
604,3745.0,21.0,0.9519083168597674,228906.0,35.0
605,3685.0,18.0,0.9830902595529449,227883.0,35.0
606,3700.0,3.0,0.9906135413026502,229413.0,35.0
607,3967.0,12.0,0.9524783920356009,231462.0,35.0
608,3750.0,3.0,0.966607271241689,231464.0,35.0
609,3727.0,20.0,0.9804100661646779,231465.0,35.0
610,3832.0,45.0,0.9578394104024299,231468.0,35.0
611,3717.0,54.0,0.9550363296270852,229937.0,35.0
612,3606.0,37.0,0.9839438611612926,230962.0,35.0
613,3873.0,13.0,0.9773309307869591,230963.0,35.0
614,3769.0,21.0,0.9873110579839484,229940.0,35.0
615,2331.0,59.0,0.9647149419948069,227893.0,35.0
616,3692.0,20.0,0.96089693424879,230964.0,35.0
617,4000.0,30.0,0.9671653579704692,230965.0,35.0
618,3728.0,20.0,0.9678150502406572,231469.0,35.0
619,3617.0,38.0,0.9598052815555679,231472.0,35.0
620,3921.0,24.0,0.95799721270044,230970.0,35.0
621,3879.0,27.0,0.9750401375031638,231474.0,35.0
622,3850.0,50.0,0.9586401368915088,229427.0,35.0
623,3704.0,54.0,0.9720100293723846,229436.0,35.0
624,3747.0,21.0,0.9628834076420903,228926.0,35.0
625,3779.0,52.0,0.9835199547405946,230463.0,35.0
626,3752.0,3.0,0.9660128144896812,231485.0,35.0
627,3635.0,4.0,0.9591549025138623,228417.0,35.0
628,3985.0,31.0,0.9747794386693011,227907.0,35.0
629,3618.0,36.0,0.9897536048649186,227908.0,35.0
630,3747.0,18.0,0.9549631466639567,230473.0,35.0
631,3658.0,36.0,0.9547282171536412,228938.0,35.0
632,3747.0,39.0,0.9658624681318269,227918.0,35.0
633,3807.0,23.0,0.9797261054581914,231504.0,35.0
634,3640.0,58.0,0.9746116194124074,230993.0,35.0
635,3941.0,34.0,0.9744042816082418,229457.0,35.0
636,3950.0,29.0,0.9556150648855808,229459.0,35.0
637,3894.0,13.0,0.9748024308044622,231505.0,35.0
638,3642.0,36.0,0.9782204831753591,228437.0,35.0
639,3537.0,55.0,0.9910355591555896,229974.0,35.0
640,3752.0,40.0,0.9629238772612214,230487.0,35.0
641,3995.0,31.0,0.9512815245704843,228440.0,35.0
642,3903.0,50.0,0.9548729423556149,231507.0,35.0
643,3904.0,50.0,0.968002528256724,231510.0,35.0
644,3963.0,26.0,0.9642504050203112,231515.0,35.0
645,3985.0,29.0,0.960717202796204,231516.0,35.0
646,4066.0,43.0,0.9593289153970822,230494.0,35.0
647,3922.0,6.0,0.9833580893383477,230495.0,35.0
648,3588.0,38.0,0.9552658718657041,230496.0,35.0
649,3974.0,28.0,0.9618098063534588,230497.0,35.0
650,3974.0,35.0,0.9740858657428692,230500.0,35.0
651,3828.0,45.0,0.9953844701129312,231013.0,35.0
652,2336.0,59.0,0.9577373199875354,227945.0,35.0
653,3785.0,51.0,0.9501167958030284,229481.0,35.0
654,3697.0,20.0,0.9671544153416608,231020.0,35.0
655,3986.0,30.0,0.986364445399812,230515.0,35.0
656,3865.0,7.0,0.9704347515139743,227956.0,35.0
657,3805.0,8.0,0.9793487994968493,228980.0,35.0
658,3435.0,0.0,0.9876109534745882,228982.0,35.0
659,3709.0,41.0,0.9646296182548666,229496.0,35.0
660,3705.0,3.0,0.9668530375942266,229497.0,35.0
661,3537.0,56.0,0.9896855951732088,230011.0,35.0
662,4093.0,9.0,0.959823604347131,227964.0,35.0
663,3946.0,28.0,0.9667018534202035,228990.0,35.0
664,3736.0,22.0,0.9835703733488395,230021.0,35.0
665,3827.0,53.0,0.9625285750081329,230533.0,35.0
666,3640.0,4.0,0.9625588134767391,228486.0,35.0
667,3921.0,26.0,0.9558137123658952,229000.0,35.0
668,3920.0,12.0,0.9790255289097014,228490.0,35.0
669,3737.0,22.0,0.986793352471206,230028.0,35.0
670,3702.0,19.0,0.979001184106176,231053.0,35.0
671,3985.0,47.0,0.9563237723398265,231062.0,35.0
672,2343.0,59.0,0.9782985065925349,227995.0,35.0
673,3538.0,55.0,0.9894204964138502,230045.0,35.0
674,3881.0,44.0,0.9695246533649151,229022.0,35.0
675,3905.0,26.0,0.9757579969806414,227999.0,35.0
676,3749.0,39.0,0.9880441209625263,228002.0,35.0
677,3764.0,39.0,0.9882260381033018,228515.0,35.0
678,3448.0,0.0,0.9599195058453436,230052.0,35.0
679,3523.0,1.0,0.9702581173298654,229027.0,35.0
680,3871.0,14.0,0.9629502700457426,229538.0,35.0
681,3761.0,21.0,0.9555802700508728,229545.0,35.0
682,3924.0,24.0,0.9602401438622171,231083.0,35.0
683,3936.0,6.0,0.9864369444893472,231084.0,35.0
684,3818.0,53.0,0.9687138564996899,230062.0,35.0
685,3520.0,2.0,0.9680565343874494,230575.0,35.0
686,2344.0,59.0,0.9676096492690212,228019.0,35.0
687,3763.0,22.0,0.9939447299006612,231092.0,35.0
688,4024.0,42.0,0.9709726633476076,229556.0,35.0
689,3693.0,18.0,0.9610128346303933,228024.0,35.0
690,3765.0,39.0,0.9752480168121735,228536.0,35.0
691,3953.0,25.0,0.9593770878138572,229048.0,35.0
692,3817.0,46.0,0.9938744056581318,229050.0,35.0
693,3888.0,6.0,0.9656936932780507,228028.0,35.0
694,3773.0,51.0,0.9698685731261759,229053.0,35.0
695,3579.0,38.0,0.9918830956107725,230079.0,35.0
696,3964.0,25.0,0.9628316319846663,230080.0,35.0
697,3979.0,48.0,0.9916857536222293,230081.0,35.0
698,3645.0,58.0,0.9704992443401615,231107.0,35.0
699,3712.0,41.0,0.9586955502662123,229571.0,35.0
700,3700.0,20.0,0.9714648232493952,231112.0,35.0
701,3548.0,38.0,0.9600954174353821,228042.0,35.0
702,3626.0,36.0,0.9651413980035759,228043.0,35.0
703,3866.0,50.0,0.9611609769392405,230090.0,35.0
704,3510.0,55.0,0.9930712748893131,228561.0,35.0
705,3808.0,45.0,0.9845140083588989,229585.0,35.0
706,3774.0,51.0,0.9565990540886021,229075.0,35.0
707,3818.0,27.0,0.9752655669601904,228054.0,35.0
708,3865.0,13.0,0.9644283684533272,230614.0,35.0
709,3619.0,4.0,0.9784401557643891,228056.0,35.0
710,3709.0,54.0,0.9563174689322613,229594.0,35.0
711,3788.0,51.0,0.9629817633789012,229595.0,35.0
712,3968.0,30.0,0.9512760823347011,229598.0,35.0
713,3522.0,2.0,0.9900469862303891,230624.0,35.0
714,3866.0,44.0,0.9712432721407933,228579.0,35.0
715,3661.0,4.0,0.9509055975943629,229091.0,35.0
716,3695.0,18.0,0.970492459162774,228071.0,35.0
717,3878.0,7.0,0.9874727231110286,228584.0,35.0
718,3899.0,7.0,0.9657049274825504,229607.0,35.0
719,3758.0,52.0,0.9692222243635837,229614.0,35.0
720,3488.0,2.0,1.0,229103.0,35.0
721,3819.0,27.0,0.9536062406991632,228087.0,35.0
722,3946.0,33.0,0.9688911932362282,230140.0,35.0
723,3549.0,38.0,0.9587206679078585,228093.0,35.0
724,3710.0,57.0,0.9844482680053587,229634.0,35.0
725,3956.0,26.0,0.9708861003866299,230661.0,35.0
726,3993.0,30.0,0.9601835761447678,230662.0,35.0
727,3836.0,8.0,0.9783587367980243,230663.0,35.0
728,3759.0,41.0,0.9674997604652111,231175.0,35.0
729,3489.0,0.0,0.9766628758145601,231176.0,35.0
730,3955.0,29.0,0.9773958968006972,229643.0,35.0
731,3921.0,28.0,0.955634350124276,228109.0,35.0
732,3717.0,57.0,0.9840011578629744,230160.0,35.0
733,3841.0,50.0,0.9761292846377071,228113.0,35.0
734,3782.0,45.0,0.9820862795244615,228626.0,35.0
735,3833.0,27.0,0.9748476602492953,229139.0,35.0
736,3934.0,29.0,0.9522399613540573,228628.0,35.0
737,3890.0,49.0,0.9658192685875652,228117.0,35.0
738,3729.0,40.0,0.9782816271749762,228630.0,35.0
739,3527.0,1.0,0.9847663800533314,229140.0,35.0
740,3914.0,12.0,0.9741365317806678,228123.0,35.0
741,3791.0,23.0,0.9556311577841754,231195.0,35.0
742,3802.0,32.0,0.9567129210282925,229150.0,35.0
743,3686.0,3.0,0.9590788276900922,228640.0,35.0
744,3490.0,0.0,0.956545640834488,231204.0,35.0
745,3823.0,45.0,0.9505788045444127,230694.0,35.0
746,3785.0,32.0,0.9509966378997206,228136.0,35.0
747,3855.0,27.0,0.9656481088983561,230188.0,35.0
748,3840.0,46.0,0.9696249273239306,231212.0,35.0
749,3747.0,40.0,0.9519156736984296,230191.0,35.0
750,3908.0,49.0,0.9670019583183516,228657.0,35.0
751,3782.0,46.0,0.9504225717902859,228146.0,35.0
752,3934.0,12.0,0.9511036659481593,229681.0,35.0
753,3880.0,7.0,0.9899856978176343,228660.0,35.0
754,3536.0,2.0,0.9604006499953642,231220.0,35.0
755,3839.0,8.0,0.9731780350421112,230710.0,35.0
756,3649.0,4.0,0.9725982895403597,228663.0,35.0
757,3987.0,47.0,0.9725450345426571,231222.0,35.0
758,3734.0,54.0,0.982034049180503,230713.0,35.0
759,3726.0,3.0,0.9651734489583335,230714.0,35.0
760,4057.0,43.0,0.9511380549793794,229687.0,35.0
761,3690.0,19.0,0.986355921817954,230716.0,35.0
762,4048.0,43.0,0.9802334523949583,229181.0,35.0
763,3796.0,53.0,0.9562790379200256,229185.0,35.0
764,3607.0,37.0,0.9651338527506619,231236.0,35.0
765,3855.0,14.0,0.9586708818082669,228678.0,35.0
766,3753.0,22.0,0.9663345786757358,230730.0,35.0
767,3791.0,52.0,0.9656159390522584,231242.0,35.0
768,3663.0,4.0,0.9523514410213824,229196.0,35.0
769,3720.0,40.0,0.9566725247605042,228174.0,35.0
770,3726.0,41.0,0.9980647768293639,230223.0,35.0
771,3747.0,23.0,0.9893011651169165,229711.0,35.0
772,3901.0,44.0,0.9698737195241094,231249.0,35.0
773,3898.0,50.0,0.9608207443259229,231250.0,35.0
774,3708.0,20.0,0.9852507306501863,231251.0,35.0
775,3727.0,41.0,0.9773831761869848,230228.0,35.0
776,3546.0,56.0,0.9860360849817915,230230.0,35.0
777,3949.0,26.0,0.9513462432257516,230231.0,35.0
778,3771.0,23.0,0.9902542345898872,230744.0,35.0
779,3748.0,23.0,0.9975088851504369,229723.0,35.0
780,3947.0,34.0,0.9738340152384295,229724.0,35.0
781,3765.0,21.0,0.9839906107388505,229727.0,35.0
782,3713.0,41.0,0.9662798595513326,229736.0,35.0
783,3571.0,38.0,0.9638973205598284,229738.0,35.0
784,3809.0,53.0,0.991346877613572,229741.0,35.0
785,4017.0,31.0,0.9650019765497234,229755.0,35.0
786,3814.0,32.0,0.9746442163495554,229756.0,35.0
787,4112.0,10.0,0.9639413436377696,229758.0,35.0
788,3731.0,22.0,0.95524540745271,229759.0,35.0
789,3894.0,44.0,0.9714591537990811,229763.0,35.0
790,3949.0,34.0,0.9658347705428875,229774.0,35.0
791,3877.0,14.0,0.9570814667843739,229778.0,35.0
792,3750.0,23.0,0.9556970573274938,229782.0,35.0
793,3935.0,12.0,0.9867549868653872,229783.0,35.0
794,3501.0,2.0,0.9584405488106055,229786.0,35.0
795,3444.0,0.0,0.9820327067257414,229789.0,35.0
796,3708.0,5.0,0.9858700411352727,229790.0,35.0
797,3536.0,1.0,0.9585741479987149,229793.0,35.0
798,3958.0,29.0,0.9642399237546231,229799.0,35.0
799,3795.0,51.0,0.9583068289459389,229806.0,35.0
800,3901.0,24.0,0.9800506215308803,229807.0,35.0
801,3829.0,46.0,0.9747150064766079,229816.0,35.0
802,3717.0,41.0,0.9540351205462991,229825.0,35.0
803,3844.0,27.0,0.9602290288744739,229826.0,35.0
804,3963.0,47.0,0.975940287036074,229828.0,35.0
805,3669.0,19.0,0.9683184358056419,229832.0,35.0
806,3815.0,53.0,0.9726796989074039,229835.0,35.0
807,3960.0,25.0,0.9828147811566127,229838.0,35.0
808,2307.0,59.0,0.9756992070010276,227792.0,35.0
809,3847.0,13.0,0.969044936362155,229846.0,35.0
810,2310.0,59.0,0.9561885081646827,227799.0,35.0
811,4633.0,17.0,0.9706214065766127,227803.0,35.0
812,3715.0,54.0,0.9653409329357777,229855.0,35.0
813,3995.0,42.0,0.9934430517896421,227816.0,35.0
814,3502.0,56.0,0.9605254397671649,227817.0,35.0
815,2314.0,59.0,0.9694524964255145,227818.0,35.0
816,2315.0,59.0,0.9553791261143697,227819.0,35.0
817,2316.0,59.0,0.9631276894485934,227820.0,35.0
818,4200.0,11.0,0.9536374652860298,229865.0,35.0
819,3714.0,57.0,0.9927695346771144,229866.0,35.0
820,3606.0,4.0,0.9851266638486497,227823.0,35.0
821,3860.0,50.0,0.986274518902168,229868.0,35.0
822,3840.0,14.0,0.9870329677496434,227831.0,35.0
823,3863.0,7.0,0.9579246207505935,227836.0,35.0
824,3533.0,55.0,0.9862647530712406,229884.0,35.0
825,2322.0,59.0,0.96143523449562,227848.0,35.0
826,3613.0,58.0,1.0,229896.0,35.0
827,3930.0,47.0,0.9534581974980715,227851.0,35.0
828,3847.0,27.0,0.9614649310391794,229900.0,35.0
829,3864.0,7.0,1.0,227853.0,35.0
830,4027.0,43.0,0.9568669479880444,227855.0,35.0
831,2326.0,59.0,1.0,227858.0,35.0
832,4202.0,11.0,0.9835261401137134,229908.0,35.0
833,3911.0,12.0,0.9856905742831479,227862.0,35.0
834,3504.0,55.0,0.9908833514137775,227865.0,35.0
835,2329.0,59.0,0.983339499534317,227870.0,35.0
836,3842.0,14.0,0.9610280629138114,227871.0,35.0
837,3670.0,5.0,0.9771074402466274,227872.0,35.0
838,3907.0,6.0,0.9738364288061045,229924.0,35.0
839,4417.0,15.0,0.9736776955015206,227880.0,35.0
840,3936.0,12.0,0.9599000938291224,229928.0,35.0
841,3798.0,51.0,0.950425098415977,229929.0,35.0
842,3884.0,49.0,0.9734302282600605,227888.0,35.0
843,3866.0,24.0,0.9654712734407537,227894.0,35.0
844,3997.0,42.0,1.0,227898.0,35.0
845,3720.0,41.0,0.9541688436247511,229946.0,35.0
846,3821.0,32.0,0.973950114744895,229950.0,35.0
847,3613.0,4.0,0.9613203542566937,227909.0,35.0
848,2333.0,59.0,0.9784689074903106,227912.0,35.0
849,3776.0,46.0,0.9600741259413502,227914.0,35.0
850,3964.0,47.0,0.975128627758655,229964.0,35.0
851,3998.0,42.0,0.9855177196523538,227919.0,35.0
852,3795.0,8.0,0.9665184846550535,227920.0,35.0
853,3868.0,24.0,0.9686449742611575,227921.0,35.0
854,4116.0,10.0,0.9822963390106262,229971.0,35.0
855,3960.0,29.0,0.9545652662933102,229975.0,35.0
856,3503.0,56.0,0.9628539888455766,227928.0,35.0
857,3943.0,26.0,0.9615869831143072,229976.0,35.0
858,3713.0,40.0,0.9827299131720315,227930.0,35.0
859,3970.0,30.0,0.964553521182709,229977.0,35.0
860,3933.0,47.0,0.9780160967965297,227937.0,35.0
861,3675.0,19.0,0.9874829249561566,229985.0,35.0
862,4647.0,17.0,0.9722492115272218,227942.0,35.0
863,3671.0,5.0,1.0,227943.0,35.0
864,3614.0,4.0,0.9737521217787557,227947.0,35.0
865,3430.0,0.0,0.9615956028523602,227948.0,35.0
866,3621.0,36.0,0.9692537227329715,227950.0,35.0
867,4135.0,9.0,0.9737502463311031,229999.0,35.0
868,4021.0,31.0,0.9656033492684429,230002.0,35.0
869,3912.0,6.0,0.9531077600856986,230013.0,35.0
870,2339.0,59.0,0.9604795545069308,227967.0,35.0
871,3832.0,46.0,0.9649807741180214,230015.0,35.0
872,4204.0,11.0,0.9635337875812249,230016.0,35.0
873,3594.0,37.0,0.9655857158480436,230017.0,35.0
874,3905.0,24.0,0.9898479256210245,230027.0,35.0
875,3887.0,6.0,0.9615184935036624,227980.0,35.0
876,2342.0,59.0,0.9689400000223627,227983.0,35.0
877,3799.0,39.0,0.9736338506399533,230032.0,35.0
878,3886.0,49.0,0.9846874631228545,227985.0,35.0
879,3747.0,51.0,0.9714732777444045,227986.0,35.0
880,3674.0,5.0,0.9822207689753227,227987.0,35.0
881,3617.0,4.0,0.9652033254089779,227988.0,35.0
882,3671.0,54.0,0.9798769918514871,227989.0,35.0
883,3936.0,47.0,0.9743456923894805,227990.0,35.0
884,3738.0,22.0,0.986503804147029,230040.0,35.0
885,3853.0,27.0,0.9845178520003731,230044.0,35.0
886,3927.0,35.0,0.9574242402422009,228001.0,35.0
887,3915.0,34.0,0.9805895344215361,228003.0,35.0
888,4028.0,43.0,0.9524656514346195,228010.0,35.0
889,4029.0,43.0,0.9743494849173299,228014.0,35.0
890,3887.0,49.0,0.9583782872315322,228015.0,35.0
891,3971.0,30.0,0.9903348919357904,230065.0,35.0
892,3624.0,36.0,0.9556203446350892,228018.0,35.0
893,3843.0,14.0,0.965062422113658,228025.0,35.0
894,4000.0,42.0,0.9630963808366281,228026.0,35.0
895,3909.0,33.0,0.9746506307759795,228027.0,35.0
896,3963.0,25.0,0.9717746418815755,230075.0,35.0
897,3673.0,20.0,0.9668584349471541,230078.0,35.0
898,4545.0,16.0,0.9551519023892714,228034.0,35.0
899,3775.0,21.0,0.9746266284916848,230084.0,35.0
900,3694.0,18.0,0.9857677109476709,228038.0,35.0
901,3504.0,56.0,0.9665151477798288,228040.0,35.0
902,3541.0,56.0,0.9524966125654394,230091.0,35.0
903,3852.0,44.0,0.9614073331584706,228046.0,35.0
904,3854.0,13.0,0.980668529856379,230094.0,35.0
905,4176.0,11.0,0.950223174338665,228055.0,35.0
906,3823.0,32.0,0.9864923590068426,230104.0,35.0
907,3484.0,1.0,0.9724785741869486,228061.0,35.0
908,3888.0,49.0,0.9824438111047916,228062.0,35.0
909,3913.0,6.0,1.0,230112.0,35.0
910,3780.0,46.0,0.9761915513623963,228075.0,35.0
911,3716.0,40.0,0.9797507777185779,228076.0,35.0
912,3845.0,14.0,0.9862624643479183,228078.0,35.0
913,3581.0,38.0,0.9756871247984444,230127.0,35.0
914,3988.0,31.0,0.9594998850092626,228084.0,35.0
915,3929.0,35.0,0.953427473194218,228086.0,35.0
916,3453.0,0.0,0.9761311575239862,230134.0,35.0
917,3930.0,35.0,0.9623304114969117,228090.0,35.0
918,3907.0,24.0,0.9626221929080457,230141.0,35.0
919,4420.0,15.0,0.9738461410301102,228094.0,35.0
920,3675.0,20.0,0.9619282347829488,230142.0,35.0
921,4118.0,10.0,0.9755657312574051,230144.0,35.0
922,3717.0,40.0,0.9622778078411623,228097.0,35.0
923,3965.0,25.0,0.9713953018487675,230145.0,35.0
924,3928.0,29.0,0.9721930006541123,228099.0,35.0
925,3677.0,19.0,0.977796201026635,230148.0,35.0
926,3951.0,25.0,0.9718043418069479,228101.0,35.0
927,3746.0,40.0,0.9641263739094011,230152.0,35.0
928,3718.0,40.0,0.9852216095886994,228106.0,35.0
929,3624.0,4.0,0.9772344623136985,228108.0,35.0
930,3505.0,55.0,0.990628427626972,228111.0,35.0
931,4004.0,42.0,0.9858783621013888,228119.0,35.0
932,3784.0,32.0,0.983536935041715,228122.0,35.0
933,4031.0,42.0,0.9668141619045031,230170.0,35.0
934,3932.0,35.0,0.9513471918616272,228125.0,35.0
935,4024.0,31.0,0.9666033893294529,230174.0,35.0
936,4177.0,11.0,0.9612291531295571,228129.0,35.0
937,3487.0,1.0,0.9776449680354042,228134.0,35.0
938,3550.0,38.0,0.959436057261414,228141.0,35.0
939,3970.0,47.0,0.9688588676722193,230192.0,35.0
940,3753.0,39.0,0.9636247017825831,228145.0,35.0
941,3776.0,52.0,0.9620370225366605,230193.0,35.0
942,3965.0,29.0,0.9557174740499051,230199.0,35.0
943,3775.0,53.0,0.9634610424899303,228154.0,35.0
944,3976.0,30.0,0.9804179614108124,230203.0,35.0
945,3630.0,36.0,0.9708834282147378,228156.0,35.0
946,3551.0,38.0,0.9769691931800545,228157.0,35.0
947,4005.0,42.0,0.9522068958798977,228164.0,35.0
948,4064.0,43.0,0.9664296110230144,230213.0,35.0
949,3848.0,14.0,0.9513712802886314,228168.0,35.0
950,3618.0,58.0,0.9627232077183605,230216.0,35.0
951,3913.0,33.0,0.9729196216549342,228171.0,35.0
952,4546.0,16.0,0.9724030521738085,228173.0,35.0
953,3701.0,18.0,0.9844117005727199,228175.0,35.0
954,3935.0,35.0,0.9555915936700616,228178.0,35.0
955,3922.0,28.0,0.9569435242505298,228182.0,35.0
956,3505.0,56.0,0.9566956114370806,228183.0,35.0
957,4025.0,31.0,0.9789786038951619,230236.0,35.0
958,3703.0,18.0,0.95584814800804,228189.0,35.0
959,4031.0,43.0,0.9774426592913662,228190.0,35.0
960,3779.0,21.0,0.9711079322394689,230239.0,35.0
961,3937.0,35.0,0.9752096595022625,228194.0,35.0
962,3941.0,12.0,0.9664426257703059,230244.0,35.0
963,3506.0,56.0,0.9861053721365226,228198.0,35.0
964,3456.0,0.0,0.9927861247216915,230247.0,35.0
965,3626.0,4.0,0.9528264991594294,228200.0,35.0
966,3756.0,39.0,0.9820016465509186,228204.0,35.0
967,3819.0,45.0,0.9912332751647248,230255.0,35.0
968,3968.0,25.0,0.9880564605623945,230257.0,35.0
969,3859.0,13.0,0.9564620396858112,230260.0,35.0
970,4032.0,43.0,0.9839600374482161,228213.0,35.0
971,3758.0,23.0,0.9880420130502882,230265.0,35.0
972,3969.0,25.0,0.9871672195762392,230267.0,35.0
973,3924.0,28.0,0.9506608168472739,228220.0,35.0
974,4102.0,9.0,0.98412578928961,228230.0,35.0
975,3510.0,2.0,0.9952303233393862,230279.0,35.0
976,4121.0,10.0,0.9596257854669205,230284.0,35.0
977,3493.0,1.0,0.9773851966884765,228238.0,35.0
978,3895.0,49.0,0.9575520647754464,228240.0,35.0
979,3680.0,19.0,0.9864706420692824,230290.0,35.0
980,3507.0,55.0,0.9927511899057023,228244.0,35.0
981,3980.0,30.0,0.9884722151254146,230294.0,35.0
982,3676.0,5.0,0.9877260064249952,228247.0,35.0
983,3982.0,30.0,0.9613252155506176,230303.0,35.0
984,3787.0,32.0,0.9526769957695487,228264.0,35.0
985,3968.0,28.0,0.9755673660063349,230314.0,35.0
986,3940.0,35.0,0.9583072431086213,228271.0,35.0
987,3780.0,21.0,0.9526494139608215,230322.0,35.0
988,3733.0,52.0,0.9776150174608034,228280.0,35.0
989,3746.0,22.0,0.9526051966475234,230329.0,35.0
990,3662.0,20.0,0.9525254419243387,228282.0,35.0
991,3507.0,56.0,0.965036525389303,228283.0,35.0
992,3873.0,50.0,0.9571617185436697,230330.0,35.0
993,3852.0,14.0,0.9844208299024815,228288.0,35.0
994,3941.0,35.0,0.9691325571414454,228297.0,35.0
995,3855.0,44.0,0.9838383901216625,228299.0,35.0
996,3470.0,2.0,0.9711963540778852,228301.0,35.0
997,3629.0,4.0,0.9524664665777399,228304.0,35.0
998,3718.0,3.0,0.9739454990998384,230354.0,35.0
999,3797.0,8.0,0.9798354270103996,228318.0,35.0
1000,3630.0,4.0,0.9968406902959452,228321.0,35.0
1001,3791.0,46.0,0.9696110750887995,228323.0,35.0
1002,3899.0,49.0,0.9537693123072962,228325.0,35.0
1003,3948.0,48.0,0.953521288944704,228326.0,35.0
1004,3677.0,5.0,0.9596376756471398,228327.0,35.0
1005,3709.0,18.0,0.9724681231880916,228328.0,35.0
1006,3910.0,26.0,0.9789768478822355,228329.0,35.0
1007,3759.0,23.0,0.9757832857407757,230377.0,35.0
1008,3760.0,39.0,0.9869981842128845,228331.0,35.0
1009,3637.0,36.0,0.9575684489984483,228332.0,35.0
1010,3638.0,36.0,0.9785961905539963,228334.0,35.0
1011,4008.0,42.0,0.978096058699545,228335.0,35.0
1012,3941.0,47.0,0.9544379181151578,228336.0,35.0
1013,3913.0,7.0,0.9753868633142913,230385.0,35.0
1014,3861.0,13.0,0.9507446351171243,230386.0,35.0
1015,3544.0,1.0,0.9801449365765841,230389.0,35.0
1016,3701.0,22.0,0.9849622565625158,228352.0,35.0
1017,3838.0,46.0,0.9665238725501905,230401.0,35.0
1018,3899.0,44.0,0.9875544450481949,230408.0,35.0
1019,3932.0,29.0,0.9838587805330099,228363.0,35.0
1020,4106.0,9.0,0.9902105653555959,228364.0,35.0
1021,3712.0,18.0,0.975747416662351,228365.0,35.0
1022,3680.0,20.0,0.972676782492021,230411.0,35.0
1023,4551.0,16.0,0.9729548528554871,228371.0,35.0
1024,3719.0,5.0,0.9500020630115236,230427.0,35.0
1025,3474.0,2.0,0.9866179889772617,228381.0,35.0
1026,3649.0,19.0,0.9709487451518681,228383.0,35.0
1027,3548.0,37.0,0.975217853495722,228389.0,35.0
1028,3921.0,6.0,1.0,230439.0,35.0
1029,3778.0,45.0,0.9618396434079202,228404.0,35.0
1030,3853.0,14.0,0.9697301123173815,228406.0,35.0
1031,3985.0,30.0,0.9552474916034769,230457.0,35.0
1032,3756.0,51.0,0.9502016606453009,228414.0,35.0
1033,3890.0,6.0,0.9661575183068556,228419.0,35.0
1034,3502.0,1.0,0.9709509536601528,228422.0,35.0
1035,3952.0,26.0,0.9590747821113825,230470.0,35.0
1036,3731.0,54.0,0.9839213495818785,230472.0,35.0
1037,3679.0,54.0,0.9710712644016589,228429.0,35.0
1038,3518.0,2.0,0.9618283751314126,230484.0,35.0
1039,4009.0,42.0,0.9549087518895207,228439.0,35.0
1040,3460.0,0.0,0.9845153769820827,230489.0,35.0
1041,3820.0,27.0,0.9698118051130552,228445.0,35.0
1042,3875.0,7.0,1.0,228447.0,35.0
1043,3503.0,1.0,0.9816333849950482,228449.0,35.0
1044,3945.0,35.0,0.9652853570788192,228451.0,35.0
1045,3511.0,56.0,0.9786886185021432,228456.0,35.0
1046,3623.0,58.0,0.9574121588304623,230509.0,35.0
1047,4108.0,9.0,0.9878714889873006,228464.0,35.0
1048,3643.0,36.0,0.970676053663583,228468.0,35.0
1049,3921.0,34.0,0.9522339893022127,228470.0,35.0
1050,4109.0,9.0,0.9658243979935145,228471.0,35.0
1051,3831.0,8.0,0.9859976609210179,230521.0,35.0
1052,3802.0,46.0,0.956568314115998,228475.0,35.0
1053,4180.0,11.0,0.9780458088588888,228476.0,35.0
1054,3918.0,33.0,0.9684942305368541,228478.0,35.0
1055,3724.0,57.0,0.9818697915120739,230530.0,35.0
1056,3780.0,52.0,0.9507401991017784,230536.0,35.0
1057,3461.0,0.0,0.9735937022981624,230538.0,35.0
1058,3913.0,26.0,0.9523464835012263,228491.0,35.0
1059,4035.0,43.0,0.9628402764800861,228492.0,35.0
1060,3781.0,52.0,0.9875595859184766,230541.0,35.0
1061,3726.0,40.0,0.9700891844640563,228494.0,35.0
1062,3920.0,33.0,0.9721066054647401,228495.0,35.0
1063,4110.0,9.0,0.9500341434353459,228499.0,35.0
1064,3600.0,37.0,0.9701765981282857,230551.0,35.0
1065,3876.0,7.0,0.9736084660401361,228505.0,35.0
1066,3948.0,12.0,0.9632779964992303,230557.0,35.0
1067,3904.0,49.0,0.9790443613136921,228511.0,35.0
1068,3829.0,53.0,0.9884229222465823,230562.0,35.0
1069,3830.0,13.0,0.9579288568871773,228521.0,35.0
1070,3464.0,0.0,0.9893023001223523,230571.0,35.0
1071,3553.0,37.0,0.9842597764679741,228526.0,35.0
1072,3864.0,13.0,0.9637646600810316,230574.0,35.0
1073,3950.0,35.0,0.9771464375498997,228531.0,35.0
1074,3973.0,25.0,0.9752733057475973,230583.0,35.0
1075,4036.0,43.0,0.9711081634344096,228537.0,35.0
1076,3805.0,46.0,0.9737375389041174,228538.0,35.0
1077,3831.0,53.0,0.9890626341308132,230585.0,35.0
1078,3554.0,56.0,0.9865669054697687,230592.0,35.0
1079,3951.0,35.0,0.9833332332378845,228545.0,35.0
1080,3989.0,30.0,0.9895012480284683,230593.0,35.0
1081,3960.0,34.0,0.9945065564842461,230594.0,35.0
1082,3933.0,29.0,0.9573004022422462,228554.0,35.0
1083,4032.0,31.0,0.9504023591284271,230605.0,35.0
1084,3733.0,54.0,0.955964519187124,230611.0,35.0
1085,3868.0,27.0,0.983463896580412,230615.0,35.0
1086,3647.0,36.0,0.9584925344234497,228571.0,35.0
1087,3822.0,27.0,0.9603841039829132,228574.0,35.0
1088,4115.0,9.0,0.9826516091677246,228575.0,35.0
1089,3555.0,38.0,0.9671387914394718,228578.0,35.0
1090,3728.0,57.0,0.9814992917017669,230633.0,35.0
1091,3742.0,52.0,0.9653468091227924,228588.0,35.0
1092,3905.0,49.0,0.9651838165804265,228598.0,35.0
1093,3556.0,38.0,1.0,228599.0,35.0
1094,3783.0,53.0,0.9763569858068869,228605.0,35.0
1095,3835.0,8.0,0.9504990936120216,230656.0,35.0
1096,3684.0,20.0,0.9544101273875982,230658.0,35.0
1097,3743.0,52.0,0.9807832130194498,228611.0,35.0
1098,3728.0,40.0,0.9795729057553426,228615.0,35.0
1099,3686.0,20.0,0.9503374012993516,230664.0,35.0
1100,3837.0,8.0,0.9788875276335058,230666.0,35.0
1101,3724.0,3.0,0.9726994190181553,230667.0,35.0
1102,3739.0,23.0,0.9601982371100155,228620.0,35.0
1103,3922.0,12.0,0.9567104694013293,228627.0,35.0
1104,3625.0,58.0,0.9623243919339871,230677.0,35.0
1105,3947.0,33.0,0.9752065608506986,230682.0,35.0
1106,3880.0,50.0,0.96308252057137,230683.0,35.0
1107,3767.0,23.0,0.962477239648781,230686.0,35.0
1108,4130.0,10.0,0.9730287274535268,230688.0,35.0
1109,3869.0,44.0,0.9582047791043756,228645.0,35.0
1110,3743.0,41.0,0.9879718925780332,230695.0,35.0
1111,3923.0,34.0,0.9597431793054053,228649.0,35.0
1112,3929.0,6.0,0.9546215860684586,230699.0,35.0
1113,3879.0,7.0,0.9888726339199916,228653.0,35.0
1114,3683.0,5.0,0.97028850176749,228659.0,35.0
1115,4033.0,31.0,0.9807057880073032,230708.0,35.0
1116,3525.0,2.0,0.9909439979478691,230712.0,35.0
1117,3788.0,21.0,0.9539754289496578,230715.0,35.0
1118,3975.0,28.0,0.983036517019183,230718.0,35.0
1119,3480.0,2.0,0.9826072800308019,228671.0,35.0
1120,3513.0,55.0,0.9508280679174888,228676.0,35.0
1121,3924.0,33.0,0.96211763399218,228677.0,35.0
1122,3948.0,33.0,0.9582106739321848,230729.0,35.0
1123,3891.0,6.0,1.0,228687.0,35.0
1124,3687.0,20.0,0.9747154279747637,230735.0,35.0
1125,3975.0,25.0,0.9757273481516535,230738.0,35.0
1126,3626.0,58.0,0.9567026330211145,230740.0,35.0
1127,3844.0,50.0,0.9865970686421107,228696.0,35.0
1128,3949.0,48.0,0.9586584387548074,228701.0,35.0
1129,3627.0,58.0,0.9880650556829289,230754.0,35.0
1130,3651.0,36.0,0.9584692911990877,228711.0,35.0
1131,3693.0,57.0,0.9901468266317852,228712.0,35.0
1132,3688.0,3.0,0.9581220890500229,228714.0,35.0
1133,3823.0,27.0,0.9859770489414812,228717.0,35.0
1134,3472.0,0.0,0.9943320188629751,230767.0,35.0
1135,3809.0,39.0,0.9651653521374901,230768.0,35.0
1136,3976.0,28.0,0.9712196685413453,230770.0,35.0
1137,3881.0,7.0,0.9625015071135455,228727.0,35.0
1138,3934.0,28.0,0.9511817682300672,228733.0,35.0
1139,3723.0,18.0,0.9870110583369676,228735.0,35.0
1140,3964.0,34.0,0.9527587304784998,230786.0,35.0
1141,3834.0,53.0,0.9930870245570678,230796.0,35.0
1142,3824.0,45.0,0.952617840706105,230797.0,35.0
1143,4428.0,15.0,0.9621241440229262,228751.0,35.0
1144,3559.0,37.0,0.9747981053816202,228761.0,35.0
1145,3527.0,2.0,0.9683949942151654,230812.0,35.0
1146,3882.0,7.0,0.9825250433018519,228768.0,35.0
1147,3824.0,27.0,0.9674203152372739,228769.0,35.0
1148,4217.0,11.0,0.9695115139456604,230817.0,35.0
1149,3724.0,5.0,0.9658553650335583,230820.0,35.0
1150,3604.0,37.0,0.9528346769585079,230821.0,35.0
1151,3514.0,1.0,0.977186011419849,228777.0,35.0
1152,3924.0,34.0,0.96769456553251,228782.0,35.0
1153,3698.0,41.0,0.9542357680629237,228786.0,35.0
1154,3737.0,57.0,0.9719184528706061,230839.0,35.0
1155,3514.0,56.0,0.9773525241724595,228794.0,35.0
1156,3874.0,44.0,0.9739620795325519,228795.0,35.0
1157,3747.0,41.0,0.950270309815536,230843.0,35.0
1158,3925.0,12.0,0.953227272911487,228799.0,35.0
1159,3785.0,45.0,0.9737993362800426,228800.0,35.0
1160,3991.0,48.0,0.9827144552191535,230847.0,35.0
1161,3925.0,34.0,0.9770189790359779,228804.0,35.0
1162,3792.0,53.0,0.9841932456089296,228805.0,35.0
1163,3884.0,7.0,0.9506225891158209,228806.0,35.0
1164,3834.0,32.0,0.9565159531540767,230855.0,35.0
1165,3517.0,55.0,0.9680739582318603,228808.0,35.0
1166,3687.0,5.0,0.9657078719923085,228813.0,35.0
1167,3771.0,39.0,0.985082023506739,228814.0,35.0
1168,3653.0,4.0,0.9668868799081043,228818.0,35.0
1169,3947.0,47.0,0.9603906536042286,228819.0,35.0
1170,3747.0,52.0,0.9731119094609493,228820.0,35.0
1171,3872.0,24.0,0.9603279317535901,228828.0,35.0
1172,3871.0,13.0,0.9567044007261197,230885.0,35.0
1173,3919.0,24.0,0.9736433728457698,230887.0,35.0
1174,3725.0,18.0,0.9806372696482261,228852.0,35.0
1175,3841.0,8.0,0.9837072523811577,230901.0,35.0
1176,3516.0,1.0,0.967897432912734,228859.0,35.0
1177,3846.0,50.0,0.9699467707321517,228862.0,35.0
1178,3779.0,23.0,0.9780023972696095,230912.0,35.0
1179,3749.0,41.0,0.9729476349213072,230913.0,35.0
1180,3731.0,40.0,0.9574172106931035,228868.0,35.0
1181,4140.0,9.0,0.959480909311839,230917.0,35.0
1182,3728.0,18.0,0.9728792028526059,228873.0,35.0
1183,3832.0,13.0,0.9672448588079708,228874.0,35.0
1184,3919.0,26.0,0.9700855007669557,228875.0,35.0
1185,3695.0,57.0,0.9745041165387769,228876.0,35.0
1186,4018.0,42.0,1.0,228877.0,35.0
1187,3941.0,29.0,0.952080183806696,228879.0,35.0
1188,3655.0,4.0,0.953649546190488,228880.0,35.0
1189,3876.0,44.0,0.9523872355517854,228882.0,35.0
1190,3601.0,38.0,0.9526413735895909,230931.0,35.0
1191,3732.0,40.0,0.9717996192415906,228887.0,35.0
1192,4450.0,15.0,0.9732982683239818,230938.0,35.0
1193,3516.0,56.0,0.9670295062370525,228891.0,35.0
1194,3602.0,58.0,0.9808565133563042,228901.0,35.0
1195,3825.0,45.0,0.9706867729071859,230957.0,35.0
1196,3877.0,24.0,0.9549409917488929,228914.0,35.0
1197,3484.0,2.0,0.9969618073710584,228915.0,35.0
1198,3796.0,32.0,0.9796316813267331,228919.0,35.0
1199,3563.0,37.0,0.9656851492897558,228920.0,35.0
1200,3888.0,7.0,0.9832072399531722,228923.0,35.0
1201,3701.0,19.0,0.9567573118640793,230972.0,35.0
1202,3746.0,21.0,0.9732151282127565,228925.0,35.0
1203,3932.0,6.0,0.957986754085351,230974.0,35.0
1204,3564.0,37.0,0.9800361700917396,228927.0,35.0
1205,3657.0,36.0,0.9568910130054927,228929.0,35.0
1206,4123.0,9.0,0.9675581189042045,228931.0,35.0
1207,3889.0,50.0,0.9644392965543118,230979.0,35.0
1208,3694.0,20.0,0.9610366521677493,230981.0,35.0
1209,3804.0,8.0,0.9871641148938328,228934.0,35.0
1210,3712.0,22.0,0.9648672550802948,228939.0,35.0
1211,3713.0,22.0,0.9661836538579651,228942.0,35.0
1212,3828.0,27.0,0.958675837847256,228946.0,35.0
1213,3519.0,1.0,0.9530240967294616,228956.0,35.0
1214,3815.0,46.0,0.965166762980345,228957.0,35.0
1215,3829.0,27.0,0.9699333372686425,228964.0,35.0
1216,3789.0,52.0,0.9583927743289805,231012.0,35.0
1217,3942.0,28.0,0.9623203823466602,228967.0,35.0
1218,3732.0,3.0,0.9588628365237365,231015.0,35.0
1219,4001.0,31.0,0.9541366888050024,228975.0,35.0
1220,3944.0,28.0,0.9601704294002745,228976.0,35.0
1221,3752.0,41.0,0.9729831447169179,231024.0,35.0
1222,3788.0,45.0,0.9803420686670891,228983.0,35.0
1223,3956.0,12.0,0.9692853161997314,231032.0,35.0
1224,3953.0,47.0,0.9573923528523555,228987.0,35.0
1225,3881.0,24.0,0.9542502634999647,228996.0,35.0
1226,3922.0,26.0,0.9721646224538293,229001.0,35.0
1227,3933.0,33.0,0.9716054901705153,229006.0,35.0
1228,3928.0,34.0,0.9585127085804374,229013.0,35.0
1229,3776.0,39.0,0.973439535541611,229021.0,35.0
1230,3772.0,51.0,0.9575487133590643,229023.0,35.0
1231,3689.0,54.0,0.9728427658599244,229028.0,35.0
1232,3955.0,47.0,0.967720424124325,229030.0,35.0
1233,3749.0,21.0,0.9723851479435629,229032.0,35.0
1234,3765.0,40.0,0.9881891494214764,231087.0,35.0
1235,3807.0,8.0,0.9755659971882573,229043.0,35.0
1236,4003.0,31.0,0.9540048608659306,229045.0,35.0
1237,3793.0,21.0,0.9583830117795628,231094.0,35.0
1238,3923.0,26.0,0.9602151856529014,229054.0,35.0
1239,3699.0,20.0,0.9551626615815114,231106.0,35.0
1240,3525.0,1.0,0.9577879406045983,229061.0,35.0
1241,3691.0,54.0,0.9856438073724391,229064.0,35.0
1242,3730.0,18.0,0.9871067799124426,229066.0,35.0
1243,3949.0,28.0,0.954644682690174,229073.0,35.0
1244,3950.0,28.0,0.9767054971914606,229076.0,35.0
1245,3790.0,52.0,0.9501917611511812,231128.0,35.0
1246,4140.0,10.0,0.9616247784446518,231130.0,35.0
1247,3660.0,19.0,0.956769603208386,229083.0,35.0
1248,3775.0,51.0,0.9864962597477852,229097.0,35.0
1249,3924.0,26.0,0.961900219364906,229099.0,35.0
1250,3926.0,12.0,0.9591856616534724,229100.0,35.0
1251,3519.0,55.0,0.979522737365151,229107.0,35.0
1252,3701.0,41.0,0.9632559574408389,229108.0,35.0
1253,3848.0,50.0,0.9805954222822882,229109.0,35.0
1254,3691.0,3.0,0.9798439869676159,229110.0,35.0
1255,3704.0,20.0,0.9614251038859208,231158.0,35.0
1256,3561.0,38.0,1.0,229112.0,35.0
1257,3694.0,54.0,0.9635612160246521,229116.0,35.0
1258,3704.0,19.0,0.959788115045025,231168.0,35.0
1259,3692.0,3.0,0.9800533644835141,229125.0,35.0
1260,3890.0,7.0,0.9643479866372873,229126.0,35.0
1261,3852.0,8.0,0.9648977287635113,231177.0,35.0
1262,3885.0,24.0,0.9682920462048215,229132.0,35.0
1263,3832.0,27.0,0.9523578564406269,229134.0,35.0
1264,3569.0,37.0,0.981347004434551,229136.0,35.0
1265,3610.0,38.0,0.9725116911758332,231189.0,35.0
1266,3829.0,45.0,1.0,231190.0,35.0
1267,3707.0,20.0,0.9775492596945092,231191.0,35.0
1268,4107.0,10.0,0.9561088183607033,229147.0,35.0
1269,3777.0,51.0,0.9799535484249284,229157.0,35.0
1270,4125.0,9.0,0.9506831071042089,229162.0,35.0
1271,3778.0,51.0,0.9689982605205658,229166.0,35.0
1272,3520.0,55.0,0.9821654589634411,229171.0,35.0
1273,3864.0,14.0,0.9855375640261758,229175.0,35.0
1274,3797.0,45.0,0.9804618933636553,229177.0,35.0
1275,3491.0,0.0,0.9836134492913071,231226.0,35.0
1276,3928.0,12.0,0.9782491450302057,229179.0,35.0
1277,3703.0,41.0,0.9536410133193416,229183.0,35.0
1278,3693.0,3.0,0.9839463720654603,229184.0,35.0
1279,3954.0,25.0,0.9553958556115774,229187.0,35.0
1280,3959.0,48.0,0.9816628006968473,229200.0,35.0
1281,3808.0,8.0,0.989168981589232,229206.0,35.0
1282,3797.0,53.0,0.9882250257411307,229207.0,35.0
1283,3804.0,32.0,0.9729182917671589,229212.0,35.0
1284,3794.0,23.0,0.9722982046781286,231263.0,35.0
1285,3800.0,21.0,0.9746220541094921,231267.0,35.0
1286,3664.0,36.0,0.9693951559396242,229220.0,35.0
1287,3779.0,51.0,0.9509633435351668,229223.0,35.0
1288,3899.0,50.0,0.9651163871586802,231273.0,35.0
1289,3900.0,50.0,0.9728409361529846,231274.0,35.0
1290,3953.0,28.0,0.9704736249037461,229230.0,35.0
1291,3922.0,49.0,0.9697389949013152,229231.0,35.0
1292,3574.0,37.0,0.9738141793466635,229234.0,35.0
1293,3888.0,24.0,0.9536545472441209,229235.0,35.0
1294,3780.0,51.0,0.9530008038293002,229237.0,35.0
1295,4010.0,31.0,0.9532290048869237,229238.0,35.0
1296,3962.0,30.0,0.9522559299517003,229244.0,35.0
1297,3752.0,57.0,0.9956353136386713,231292.0,35.0
1298,3961.0,48.0,0.9593514947610908,229249.0,35.0
1299,3792.0,52.0,0.9914526868812757,231301.0,35.0
1300,3521.0,55.0,0.9902883427779043,229257.0,35.0
1301,3793.0,52.0,0.9743532878562693,231305.0,35.0
1302,3933.0,34.0,0.9585797036279129,229261.0,35.0
1303,3575.0,37.0,0.9704680989475793,229262.0,35.0
1304,3767.0,22.0,0.9657279240005429,231309.0,35.0
1305,4037.0,31.0,0.9509785233731763,231312.0,35.0
1306,3901.0,50.0,1.0,231316.0,35.0
1307,3884.0,44.0,0.9817189814944144,229279.0,35.0
1308,3963.0,30.0,0.9603300546302693,229280.0,35.0
1309,3699.0,54.0,0.9680469526785987,229284.0,35.0
1310,3768.0,22.0,0.9585858121369016,231332.0,35.0
1311,3662.0,19.0,0.9697711780275238,229286.0,35.0
1312,3821.0,46.0,0.9645106989612231,229291.0,35.0
1313,3939.0,33.0,0.9836932561015077,229293.0,35.0
1314,3899.0,6.0,0.9869810385024903,229294.0,35.0
1315,3868.0,14.0,0.9747541036221685,229302.0,35.0
1316,4022.0,42.0,0.9684282287521112,229306.0,35.0
1317,3810.0,8.0,1.0,229309.0,35.0
1318,3931.0,26.0,0.9948455839860543,229316.0,35.0
1319,3799.0,53.0,0.9632556374598074,229318.0,35.0
1320,4050.0,43.0,0.9597018713293718,229325.0,35.0
1321,3802.0,45.0,0.9527230078997501,229326.0,35.0
1322,3710.0,19.0,0.9827073120660718,231379.0,35.0
1323,3606.0,58.0,0.9745376353735028,229336.0,35.0
1324,3702.0,54.0,0.962365860305838,229337.0,35.0
1325,3701.0,57.0,0.9796195137162428,229338.0,35.0
1326,3667.0,4.0,0.9669653875171522,229342.0,35.0
1327,3965.0,30.0,0.9504557779556512,229343.0,35.0
1328,3805.0,32.0,0.9872185556313465,229344.0,35.0
1329,3491.0,2.0,0.9813458481960569,229345.0,35.0
1330,3663.0,19.0,0.9619718713515598,229349.0,35.0
1331,3947.0,29.0,0.960893094857401,229351.0,35.0
1332,3885.0,44.0,0.9686760624402393,229352.0,35.0
1333,3497.0,0.0,0.9600235527960823,231403.0,35.0
1334,4130.0,9.0,0.9876580888522705,229358.0,35.0
1335,3802.0,53.0,0.9739045098299416,229362.0,35.0
1336,3955.0,25.0,0.9727845996421998,229365.0,35.0
1337,4150.0,10.0,0.963443690844451,231422.0,35.0
1338,3498.0,0.0,0.9844049182785934,231429.0,35.0
1339,3697.0,3.0,0.9751279575085164,229386.0,35.0
1340,3698.0,3.0,0.9890074252915325,229389.0,35.0
1341,3607.0,58.0,0.9535538022129548,229392.0,35.0
1342,3707.0,41.0,0.9637809342259012,229397.0,35.0
1343,4052.0,43.0,0.9795318901498402,229398.0,35.0
1344,3948.0,29.0,0.9763860507937169,229399.0,35.0
1345,3924.0,49.0,0.9715525312864682,229401.0,35.0
1346,3733.0,18.0,0.9744041706720611,229407.0,35.0
1347,3957.0,47.0,0.9714259654122083,229415.0,35.0
1348,3964.0,48.0,0.9589911324557229,229417.0,35.0
1349,3870.0,14.0,0.9570606997575662,229423.0,35.0
1350,3808.0,32.0,0.9778162886296353,229426.0,35.0
1351,4458.0,15.0,0.9662348395004328,231475.0,35.0
1352,3742.0,23.0,0.9871633208662978,229429.0,35.0
1353,4153.0,10.0,0.9526381768861772,231479.0,35.0
1354,3927.0,49.0,0.9827600262739875,229433.0,35.0
1355,3565.0,38.0,0.9705043815537396,229434.0,35.0
1356,3841.0,13.0,0.973365682341743,229438.0,35.0
1357,3493.0,2.0,0.97199442751503,229441.0,35.0
1358,3668.0,58.0,0.9886351584014346,231490.0,35.0
1359,3842.0,13.0,0.9610515934390998,229446.0,35.0
1360,3706.0,54.0,0.9558583430060521,229449.0,35.0
1361,3893.0,13.0,0.9678875942990769,231499.0,35.0
1362,3524.0,55.0,0.9868643516218435,229452.0,35.0
1363,3739.0,40.0,0.9604807944090006,229453.0,35.0
1364,4193.0,11.0,0.9517325893502256,229478.0,35.0
1365,3608.0,58.0,0.9697136788274396,229480.0,35.0
1366,3703.0,3.0,0.9641812614759853,229485.0,35.0
1367,3952.0,29.0,0.9563572742599035,229487.0,35.0
1368,3810.0,32.0,0.9730648937272338,229494.0,35.0
1369,3734.0,18.0,0.9581710884154067,229498.0,35.0
1370,3721.0,22.0,0.9539166961355803,229499.0,35.0
1371,3852.0,50.0,0.9821183423343591,229505.0,35.0
1372,4194.0,11.0,0.9518568619323033,229509.0,35.0
1373,3966.0,48.0,0.9698052567687835,229515.0,35.0
1374,3701.0,5.0,0.9594532066881646,229525.0,35.0
1375,3784.0,39.0,0.9612679936560445,229528.0,35.0
1376,3744.0,23.0,0.9646236313353859,229529.0,35.0
1377,3967.0,30.0,0.9508810481603244,229531.0,35.0
1378,3704.0,57.0,0.9927000389539613,229532.0,35.0
1379,3526.0,55.0,0.9835743591112242,229536.0,35.0
1380,3705.0,57.0,0.9645815812138473,229537.0,35.0
1381,3968.0,48.0,0.9706273404977719,229539.0,35.0
1382,3760.0,21.0,0.9700739999514585,229540.0,35.0
1383,3706.0,57.0,0.9920353066601016,229549.0,35.0
1384,4110.0,10.0,0.9660128634288944,229551.0,35.0
1385,3957.0,25.0,0.9737352277285424,229558.0,35.0
1386,3936.0,26.0,0.9578268805138258,229566.0,35.0
1387,3828.0,46.0,0.958644354095833,229574.0,35.0
1388,3933.0,12.0,0.9827312386192775,229580.0,35.0
1389,3724.0,22.0,0.9506407285148619,229582.0,35.0
1390,3785.0,39.0,0.9881418398050676,229588.0,35.0
1391,3954.0,29.0,0.971800357038752,229606.0,35.0
1392,3809.0,45.0,0.9726356825299104,229619.0,35.0
1393,3670.0,36.0,0.954139494527409,229621.0,35.0
1394,3763.0,21.0,0.976933782413768,229625.0,35.0
1395,3789.0,51.0,0.9667176962771492,229638.0,35.0
1396,3904.0,6.0,0.9910935296607796,229645.0,35.0
1397,3787.0,39.0,0.9569780885887922,229647.0,35.0
1398,3892.0,44.0,0.9600782926911569,229649.0,35.0
1399,4054.0,43.0,0.9831614268025014,229650.0,35.0
1400,4197.0,11.0,0.9851990527620279,229663.0,35.0
1401,3969.0,48.0,0.9592731476713229,229669.0,35.0
1402,3727.0,22.0,0.9669981741699937,229677.0,35.0
1403,3746.0,23.0,0.9962666810390262,229678.0,35.0
1404,3567.0,38.0,0.956411329439987,229685.0,35.0
1405,3970.0,48.0,0.969235097772308,229688.0,35.0
1406,3812.0,45.0,0.9975546684240023,229689.0,35.0
1407,3971.0,48.0,0.9750611788584727,229692.0,35.0
1408,3709.0,3.0,0.9655086896262022,229719.0,35.0
1409,3790.0,39.0,0.9594088364277406,229722.0,35.0
1410,3834.0,27.0,0.9591231308022017,229202.0,35.0
1411,4120.0,10.0,0.9679124612498591,230240.0,35.0
1412,3531.0,56.0,0.9706218786520154,229733.0,35.0
1413,3734.0,21.0,0.9618181683639976,228199.0,35.0
1414,3927.0,26.0,0.9744758226377623,229227.0,35.0
1415,3938.0,47.0,0.9731268444969867,228206.0,35.0
1416,3871.0,7.0,0.9599608404596041,228207.0,35.0
1417,3490.0,2.0,0.9893402694855378,229232.0,35.0
1418,3721.0,40.0,0.9632339291616863,228210.0,35.0
1419,3950.0,26.0,1.0,230259.0,35.0
1420,4041.0,43.0,0.9744908532334691,228725.0,35.0
1421,3918.0,34.0,0.9703819553955744,228218.0,35.0
1422,4042.0,43.0,0.9700403748022708,228736.0,35.0
1423,3722.0,40.0,0.9745388756721496,228228.0,35.0
1424,4035.0,31.0,0.9765004234134786,230788.0,35.0
1425,3547.0,1.0,0.9736965692547953,230790.0,35.0
1426,3699.0,57.0,0.967154835122853,229252.0,35.0
1427,3559.0,38.0,0.9531019508196993,228753.0,35.0
1428,3919.0,34.0,0.9505134582174277,228243.0,35.0
1429,3836.0,27.0,0.9569509940323155,229267.0,35.0
1430,3856.0,14.0,0.9719864780908185,228763.0,35.0
1431,3787.0,46.0,1.0,228254.0,35.0
1432,3475.0,0.0,0.9741550555095512,230818.0,35.0
1433,3973.0,48.0,1.0,229797.0,35.0
1434,3560.0,56.0,0.9603584793502326,230823.0,35.0
1435,3950.0,48.0,0.9660825653746891,228776.0,35.0
1436,3965.0,35.0,0.971693631594895,229287.0,35.0
1437,3669.0,20.0,0.9663727620182488,229289.0,35.0
1438,3732.0,52.0,0.9669869369396683,228268.0,35.0
1439,3883.0,7.0,1.0,228781.0,35.0
1440,3777.0,53.0,0.9695713051365457,228272.0,35.0
1441,3736.0,57.0,0.9718300269225629,230832.0,35.0
1442,3564.0,38.0,0.9591340781402228,229299.0,35.0
1443,3737.0,18.0,0.9621574499597474,229812.0,35.0
1444,4184.0,11.0,1.0,228792.0,35.0
1445,3717.0,5.0,1.0,230333.0,35.0
1446,4623.0,17.0,0.9799321994790914,227776.0,35.0
1447,3605.0,58.0,0.96816100094779,229319.0,35.0
1448,3446.0,0.0,0.9807257959677353,229834.0,35.0
1449,3996.0,30.0,0.9784352267134407,230861.0,35.0
1450,4628.0,17.0,0.985674687073444,227791.0,35.0
1451,3675.0,36.0,1.0,229839.0,35.0
1452,3710.0,3.0,0.9662710108687388,229840.0,35.0
1453,3648.0,19.0,0.9716453158858994,228306.0,35.0
1454,3801.0,8.0,0.9606052416503039,228825.0,35.0
1455,2312.0,59.0,0.9691544551706783,227806.0,35.0
1456,3772.0,39.0,0.9673734195446512,228831.0,35.0
1457,2313.0,59.0,0.9795981725947968,227808.0,35.0
1458,3842.0,50.0,0.9737329694200624,228324.0,35.0
1459,3969.0,28.0,1.0,230373.0,35.0
1460,3585.0,38.0,0.9579679145475568,230380.0,35.0
1461,3814.0,8.0,0.9625115279304188,229869.0,35.0
1462,3656.0,19.0,0.9700956272571075,228844.0,35.0
1463,3938.0,28.0,0.972480268597126,228846.0,35.0
1464,3702.0,57.0,0.9753563730371382,229357.0,35.0
1465,3937.0,34.0,1.0,229361.0,35.0
1466,3856.0,44.0,0.9664575563139474,228345.0,35.0
1467,3992.0,25.0,0.9684478579377137,231420.0,35.0
1468,3686.0,54.0,0.9723421910296999,228864.0,35.0
1469,4531.0,16.0,0.9540063647254938,227841.0,35.0
1470,3873.0,24.0,0.9555034099168882,228865.0,35.0
1471,3930.0,29.0,0.972117077915792,228355.0,35.0
1472,3892.0,24.0,0.9793459379727616,229379.0,35.0
1473,3886.0,50.0,0.9630954245902197,230921.0,35.0
1474,3895.0,14.0,0.9741933256507949,230922.0,35.0
1475,3812.0,39.0,1.0,230925.0,35.0
1476,3553.0,55.0,0.9740192366050279,230926.0,35.0
1477,3779.0,53.0,0.9646776177672278,228374.0,35.0
1478,2328.0,59.0,0.9618695334114383,227868.0,35.0
1479,3961.0,25.0,0.9663517796994355,229917.0,35.0
1480,4560.0,16.0,0.9772945949027976,229412.0,35.0
1481,3993.0,31.0,0.9704698282078549,228392.0,35.0
1482,3932.0,47.0,0.9557304640346418,227882.0,35.0
1483,4092.0,9.0,0.9615584864077783,227885.0,35.0
1484,3617.0,36.0,1.0,227886.0,35.0
1485,3889.0,6.0,0.9691183595488291,228397.0,35.0
1486,3849.0,13.0,0.9656075656921198,229936.0,35.0
1487,3732.0,41.0,1.0,230446.0,35.0
1488,4645.0,17.0,0.9780769987359471,227890.0,35.0
1489,3923.0,35.0,0.9707031234195971,227891.0,35.0
1490,3603.0,58.0,0.952167678773132,228910.0,35.0
1491,3583.0,37.0,0.9756824519437624,229430.0,35.0
1492,4538.0,16.0,0.9570920109152969,227900.0,35.0
1493,3714.0,18.0,0.9573347642914767,228413.0,35.0
1494,4179.0,11.0,1.0,228415.0,35.0
1495,3708.0,41.0,0.9589856713657653,229442.0,35.0
1496,3796.0,39.0,0.9653713679348976,229955.0,35.0
1497,3636.0,4.0,0.9570847482241271,228420.0,35.0
1498,3885.0,49.0,0.9598555435433801,227911.0,35.0
1499,3734.0,22.0,0.9789802540728015,229959.0,35.0
1500,3775.0,46.0,0.9782874810474568,227913.0,35.0
1501,3918.0,12.0,0.9639074650112607,228424.0,35.0
1502,3878.0,24.0,0.9810300081362209,228936.0,35.0
1503,3951.0,29.0,0.9657683965956713,229461.0,35.0
1504,3850.0,13.0,0.9706465489717091,229978.0,35.0
1505,3695.0,20.0,1.0,231006.0,35.0
1506,3784.0,51.0,0.9619153304742146,229472.0,35.0
1507,3917.0,33.0,0.9699035869819894,228453.0,35.0
1508,3518.0,56.0,0.9577414932193473,228966.0,35.0
1509,3934.0,47.0,0.9727492243089785,227944.0,35.0
1510,3919.0,12.0,0.9681592052784633,228459.0,35.0
1511,3757.0,51.0,0.9680167875982028,228460.0,35.0
1512,3847.0,44.0,0.9918705883149651,227949.0,35.0
1513,3720.0,22.0,0.9811521641632559,229484.0,35.0
1514,3903.0,6.0,0.9837024333713024,229486.0,35.0
1515,3806.0,8.0,0.9711640488575218,228986.0,35.0
1516,3866.0,7.0,0.9689645588332677,227966.0,35.0
1517,3789.0,45.0,0.9753295418195462,228995.0,35.0
1518,3496.0,2.0,0.9669141210863477,229507.0,35.0
1519,3806.0,45.0,0.975948336560547,229513.0,35.0
1520,3891.0,50.0,1.0,231054.0,35.0
1521,3692.0,5.0,0.97322409283701,229008.0,35.0
1522,3641.0,4.0,0.9743604987042369,228498.0,35.0
1523,3707.0,54.0,0.9707997520306043,229523.0,35.0
1524,3804.0,51.0,0.9591879422482185,230549.0,35.0
1525,3817.0,53.0,0.9641157525249494,230039.0,35.0
1526,3484.0,0.0,0.9779127554468817,231065.0,35.0
1527,3623.0,36.0,0.9762225233221559,227994.0,35.0
1528,3551.0,37.0,0.9857479338083527,228510.0,35.0
1529,3986.0,31.0,0.9544679531793828,228004.0,35.0
1530,3762.0,23.0,0.9740755091089867,230565.0,35.0
1531,3945.0,33.0,0.956381282559223,230057.0,35.0
1532,3780.0,45.0,0.961704520967,228522.0,35.0
1533,3681.0,5.0,0.9709081376829118,228523.0,35.0
1534,3750.0,22.0,0.9514243884322969,230569.0,35.0
1535,3942.0,29.0,0.9742166344256304,229033.0,35.0
1536,3908.0,33.0,0.9693942282768474,228020.0,35.0
1537,3782.0,32.0,0.9736128741714274,228037.0,35.0
1538,3730.0,52.0,0.9634783442580002,228049.0,35.0
1539,3907.0,26.0,0.9907206513030071,228051.0,35.0
1540,4038.0,43.0,0.9590157460286043,228563.0,35.0
1541,3667.0,20.0,0.9739326636608846,229079.0,35.0
1542,3771.0,52.0,0.9710565251768746,230107.0,35.0
1543,3645.0,19.0,0.972784339465203,228060.0,35.0
1544,3841.0,32.0,0.9662895046673429,231134.0,35.0
1545,3533.0,1.0,0.9602068240435006,229601.0,35.0
1546,3991.0,30.0,0.9815418336469914,230626.0,35.0
1547,3840.0,27.0,0.9666426203962977,229603.0,35.0
1548,3779.0,46.0,0.9504704872196439,228070.0,35.0
1549,4106.0,10.0,0.9795562775642331,228582.0,35.0
1550,4014.0,42.0,0.9693220379331196,228583.0,35.0
1551,3610.0,58.0,0.9871336798372248,229608.0,35.0
1552,3946.0,48.0,0.9656291478839848,228074.0,35.0
1553,3741.0,41.0,1.0,230634.0,35.0
1554,3693.0,54.0,0.9701067976953851,229105.0,35.0
1555,3928.0,6.0,0.967849710581905,230642.0,35.0
1556,4133.0,9.0,0.9532008102672787,229618.0,35.0
1557,4002.0,42.0,0.9679781943902468,228085.0,35.0
1558,3795.0,21.0,0.9507378801034011,231160.0,35.0
1559,4419.0,15.0,0.9674488548441128,228089.0,35.0
1560,3697.0,18.0,0.95641369072833,228103.0,35.0
1561,4119.0,10.0,0.959160760499869,230157.0,35.0
1562,3755.0,23.0,0.9555018848447383,230161.0,35.0
1563,3756.0,40.0,0.9509039852454445,230674.0,35.0
1564,3975.0,30.0,0.9851399044858415,230166.0,35.0
1565,3479.0,2.0,0.9716174447991763,228632.0,35.0
1566,3868.0,44.0,0.9750864913866979,228635.0,35.0
1567,3715.0,3.0,0.979926184099897,230172.0,35.0
1568,3837.0,13.0,0.9768114552458492,229152.0,35.0
1569,3595.0,37.0,0.9702251827234517,230178.0,35.0
1570,3891.0,49.0,1.0,228131.0,35.0
1571,3708.0,3.0,0.9661260565285169,229673.0,35.0
1572,4097.0,9.0,0.9712262205366169,228138.0,35.0
1573,3927.0,12.0,0.9726978350267135,229164.0,35.0
1574,3740.0,21.0,1.0,228654.0,35.0
1575,3625.0,4.0,0.9701882280642372,228147.0,35.0
1576,4421.0,15.0,0.9517522368677714,228148.0,35.0
1577,3966.0,25.0,0.9585954275224865,230204.0,35.0
1578,3910.0,49.0,0.9671831771253522,228670.0,35.0
1579,3512.0,55.0,0.9780727553354169,228675.0,35.0
1580,4178.0,11.0,0.9793980103491708,228166.0,35.0
1581,4032.0,42.0,0.9940935111658358,230214.0,35.0
1582,3514.0,55.0,0.9751991008688996,228681.0,35.0
1583,3899.0,14.0,1.0,231241.0,35.0
1584,3792.0,32.0,0.9745537311865928,228685.0,35.0
1585,3934.0,35.0,0.9748734505787756,228177.0,35.0
1586,3932.0,28.0,0.9745017312533188,228689.0,35.0
1587,3528.0,1.0,0.983679765856171,229201.0,35.0
1588,3757.0,23.0,0.9566010720144779,230233.0,35.0
1589,3906.0,6.0,0.9778829127943875,229726.0,35.0
1590,3959.0,28.0,0.9774988762492338,229737.0,35.0
1591,3959.0,25.0,1.0,229749.0,35.0
1592,3712.0,57.0,0.9786966877577066,229762.0,35.0
1593,3941.0,26.0,0.9667761928309537,229765.0,35.0
1594,3956.0,29.0,0.9542534666191835,229767.0,35.0
1595,3792.0,51.0,0.9730953904050654,229768.0,35.0
1596,3957.0,29.0,1.0,229771.0,35.0
1597,3765.0,52.0,0.9655372908713906,229798.0,35.0
1598,3537.0,1.0,0.9665835651551151,229809.0,35.0
1599,3533.0,56.0,0.9699929888176433,229813.0,35.0
1600,3812.0,53.0,0.9717922892153544,229815.0,35.0
1601,3813.0,8.0,0.970037254621033,229829.0,35.0
1602,3505.0,2.0,0.9502427368289335,229830.0,35.0
1603,3846.0,13.0,0.9617732267208918,229833.0,35.0
1604,3447.0,0.0,0.9716718847340554,229836.0,35.0
1605,3845.0,27.0,0.9604465550056118,229837.0,35.0
1606,4627.0,17.0,0.9609168095310585,227790.0,35.0
1607,4629.0,17.0,0.9824804543713536,227793.0,35.0
1608,3794.0,39.0,1.0,229841.0,35.0
1609,3858.0,50.0,0.957095898855816,229845.0,35.0
1610,2309.0,59.0,0.9650475396247288,227798.0,35.0
1611,4529.0,16.0,0.9749955601024457,227807.0,35.0
1612,3880.0,14.0,1.0,229856.0,35.0
1613,3904.0,7.0,0.9745983674283719,229858.0,35.0
1614,4530.0,16.0,1.0,227815.0,35.0
1615,4113.0,10.0,0.9753250138480666,229867.0,35.0
1616,2317.0,59.0,0.9635683230936303,227822.0,35.0
1617,3539.0,1.0,0.9686595652632809,229870.0,35.0
1618,4563.0,16.0,1.0,229877.0,35.0
1619,2319.0,59.0,1.0,227835.0,35.0
1620,4641.0,17.0,0.9590916254793447,227840.0,35.0
1621,2321.0,59.0,0.9672194195496275,227844.0,35.0
1622,4416.0,15.0,0.970460797645628,227845.0,35.0
1623,3719.0,41.0,0.9520445728347993,229902.0,35.0
1624,3614.0,58.0,1.0,229904.0,35.0
1625,3922.0,35.0,0.9637320083868677,227859.0,35.0
1626,2327.0,59.0,0.975493914238992,227864.0,35.0
1627,3820.0,32.0,0.9708784757160178,229913.0,35.0
1628,4643.0,17.0,0.9672323189715298,227866.0,35.0
1629,3535.0,55.0,0.9558332862056325,229918.0,35.0
1630,3536.0,55.0,0.9659687057965682,229921.0,35.0
1631,3904.0,33.0,0.974050923325565,227881.0,35.0
1632,3908.0,6.0,1.0,229941.0,35.0
1633,4203.0,11.0,0.9713126946794932,229942.0,35.0
1634,3867.0,24.0,0.9650903620455346,227899.0,35.0
1635,3577.0,38.0,0.9524623719024112,229953.0,35.0
1636,3740.0,18.0,0.952058426479602,229954.0,35.0
1637,3780.0,32.0,0.976634446612124,227910.0,35.0
1638,3770.0,52.0,0.9639165603793185,229960.0,35.0
1639,4418.0,15.0,1.0,227917.0,35.0
1640,4115.0,10.0,0.9711523172290912,229965.0,35.0
1641,3712.0,3.0,1.0,229967.0,35.0
1642,3536.0,56.0,0.9693400380458976,229968.0,35.0
1643,3977.0,48.0,1.0,229970.0,35.0
1644,3674.0,19.0,0.9615604600291825,229979.0,35.0
1645,3850.0,27.0,1.0,229980.0,35.0
1646,3905.0,33.0,0.9530590740057323,227934.0,35.0
1647,4540.0,16.0,0.9717587990900862,227936.0,35.0
1648,3592.0,37.0,0.9655075468276508,229988.0,35.0
1649,3735.0,22.0,0.9502467758819255,229992.0,35.0
1650,3507.0,2.0,0.9749842224038178,229994.0,35.0
1651,3741.0,18.0,0.9656950052286014,229996.0,35.0
1652,3815.0,8.0,0.992333893109763,230001.0,35.0
1653,2337.0,59.0,1.0,227954.0,35.0
1654,3962.0,25.0,1.0,230004.0,35.0
1655,3622.0,36.0,0.9699549629370751,227962.0,35.0
1656,3935.0,47.0,0.9553783714292917,227968.0,35.0
1657,3907.0,33.0,0.9545423978845682,227969.0,35.0
1658,3777.0,46.0,0.973655051417773,227971.0,35.0
1659,3541.0,1.0,0.9737176970710683,230019.0,35.0
1660,3547.0,38.0,1.0,227974.0,35.0
1661,2341.0,59.0,1.0,227975.0,35.0
1662,3852.0,27.0,0.9721842800779993,230022.0,35.0
1663,4061.0,43.0,0.9741904193441606,230024.0,35.0
1664,3999.0,42.0,0.9688107156072083,227979.0,35.0
1665,4205.0,11.0,0.972811247330701,230031.0,35.0
1666,3853.0,13.0,0.9760621490493662,230035.0,35.0
1667,3742.0,18.0,0.9633475480897618,230041.0,35.0
1668,3850.0,44.0,0.9688816317539413,227997.0,35.0
1669,3743.0,18.0,1.0,230046.0,35.0
1670,3539.0,55.0,0.9520537459106693,230047.0,35.0
1671,3906.0,26.0,0.9522954716230796,228006.0,35.0
1672,3916.0,34.0,0.968927204917547,228011.0,35.0
1673,3715.0,57.0,0.9799354118500794,230059.0,35.0
1674,4652.0,17.0,0.960955362839288,228013.0,35.0
1675,4117.0,10.0,0.9741677098678446,230060.0,35.0
1676,3987.0,31.0,0.9671561647858883,228022.0,35.0
1677,3819.0,53.0,0.9740174526826334,230072.0,35.0
1678,3625.0,36.0,0.9612659351586517,228032.0,35.0
1679,3928.0,35.0,0.9811044001752839,228033.0,35.0
1680,3742.0,22.0,0.9754874058582481,230083.0,35.0
1681,3450.0,0.0,0.9599751562145811,230085.0,35.0
1682,2347.0,59.0,0.9809642881728953,228041.0,35.0
1683,3913.0,12.0,0.9735989190741531,228044.0,35.0
1684,4030.0,43.0,1.0,228047.0,35.0
1685,3772.0,53.0,0.9734059976052517,228048.0,35.0
1686,3752.0,23.0,0.962751368745634,230096.0,35.0
1687,3776.0,21.0,0.9740540240958739,230098.0,35.0
1688,3451.0,0.0,1.0,230099.0,35.0
1689,3716.0,57.0,0.987034452114275,230105.0,35.0
1690,2348.0,59.0,0.969505216178669,228058.0,35.0
1691,3627.0,36.0,0.9869021526466261,228059.0,35.0
1692,3616.0,58.0,1.0,230106.0,35.0
1693,3580.0,38.0,0.9524198350015727,230109.0,35.0
1694,3748.0,51.0,0.9749232643145671,228065.0,35.0
1695,3620.0,4.0,0.9777603867390764,228066.0,35.0
1696,3910.0,33.0,0.9721078438379499,228068.0,35.0
1697,4001.0,42.0,0.9716162218128895,228072.0,35.0
1698,3953.0,34.0,0.9516812512539243,230126.0,35.0
1699,3867.0,7.0,0.9802783269621252,228081.0,35.0
1700,3674.0,20.0,0.9655117518612795,230135.0,35.0
1701,4003.0,42.0,0.9504705814541282,228088.0,35.0
1702,3722.0,54.0,0.96305264132154,230139.0,35.0
1703,3889.0,49.0,0.9705972962747262,228095.0,35.0
1704,3751.0,39.0,0.9683686489815659,228098.0,35.0
1705,3622.0,4.0,0.966326526041168,228102.0,35.0
1706,4096.0,9.0,0.9748447593227202,228105.0,35.0
1707,3754.0,23.0,0.9727950968640232,230154.0,35.0
1708,3719.0,40.0,1.0,228114.0,35.0
1709,3974.0,30.0,0.9707414495449552,230162.0,35.0
1710,3774.0,52.0,0.968596059856564,230167.0,35.0
1711,3931.0,35.0,1.0,228124.0,35.0
1712,3822.0,53.0,0.97257607214905,230180.0,35.0
1713,3543.0,56.0,1.0,230181.0,35.0
1714,3846.0,14.0,0.9717735476409389,228135.0,35.0
1715,3847.0,14.0,0.9754692178919809,228137.0,35.0
1716,3756.0,23.0,1.0,230189.0,35.0
1717,3544.0,56.0,0.9686448133962118,230190.0,35.0
1718,3937.0,47.0,0.9510622759970992,228144.0,35.0
1719,3971.0,47.0,0.9503908659160935,230196.0,35.0
1720,3948.0,26.0,0.9657661584950673,230200.0,35.0
1721,3646.0,19.0,0.962560973775228,228153.0,35.0
1722,3933.0,35.0,0.9676934542192874,228158.0,35.0
1723,4422.0,15.0,0.9571396142216373,228159.0,35.0
1724,3784.0,46.0,0.9725057147352417,228160.0,35.0
1725,4655.0,17.0,0.9522059296555575,228167.0,35.0
1726,3725.0,41.0,0.9616074658848189,230222.0,35.0
1727,3821.0,8.0,0.9672584792199813,230226.0,35.0
1728,3619.0,58.0,0.9597298917588778,230229.0,35.0
1729,4100.0,9.0,0.9533897122910168,228184.0,35.0
1730,3936.0,35.0,1.0,228185.0,35.0
1731,3977.0,30.0,0.9595599576581911,230237.0,35.0
1732,3870.0,7.0,0.9503132942684779,228191.0,35.0
1733,4547.0,16.0,0.9823878559194514,228196.0,35.0
1734,3824.0,8.0,0.9586599209323077,230245.0,35.0
1735,3915.0,12.0,0.9739096305790877,228201.0,35.0
1736,3854.0,44.0,0.9718110229210494,228202.0,35.0
1737,3803.0,39.0,0.9545719830996758,230250.0,35.0
1738,3818.0,45.0,0.9625672059858228,230253.0,35.0
1739,3735.0,21.0,0.9716683635627006,228208.0,35.0
1740,3850.0,14.0,0.9539359087381719,228209.0,35.0
1741,3632.0,36.0,0.969655000563018,228214.0,35.0
1742,3851.0,14.0,0.9798114578895434,228216.0,35.0
1743,4026.0,31.0,0.958160616747118,230266.0,35.0
1744,4101.0,9.0,0.9554788296439729,228219.0,35.0
1745,3786.0,32.0,0.9667386931026838,228221.0,35.0
1746,3972.0,47.0,0.9672959862879729,230270.0,35.0
1747,3979.0,30.0,0.9648643674257303,230271.0,35.0
1748,3943.0,12.0,0.9723147283270034,230272.0,35.0
1749,3860.0,27.0,0.956773050044533,230275.0,35.0
1750,3705.0,18.0,0.9686724918121219,228233.0,35.0
1751,3552.0,38.0,0.9750872169615818,228236.0,35.0
1752,3939.0,47.0,1.0,228237.0,35.0
1753,3685.0,3.0,0.9624730977913694,228241.0,35.0
1754,3633.0,36.0,1.0,228245.0,35.0
1755,4103.0,9.0,0.9667387254101054,228251.0,35.0
1756,3916.0,33.0,1.0,228252.0,35.0
1757,3774.0,45.0,0.9736563448052884,228257.0,35.0
1758,3944.0,12.0,0.9615816463971114,230309.0,35.0
1759,4211.0,11.0,0.9605587062325074,230311.0,35.0
1760,3788.0,32.0,0.9513952699015306,228265.0,35.0
1761,3725.0,54.0,0.9567536657708167,230313.0,35.0
1762,4033.0,43.0,0.9671791572938897,228267.0,35.0
1763,4122.0,10.0,0.9628839631497214,230315.0,35.0
1764,3677.0,20.0,0.9666817512208903,230318.0,35.0
1765,3647.0,19.0,0.9682988968047599,228277.0,35.0
1766,3970.0,25.0,0.9587754900147989,230325.0,35.0
1767,3897.0,49.0,0.96474403096989,228281.0,35.0
1768,3916.0,12.0,0.9643924885782461,228287.0,35.0
1769,4034.0,43.0,0.9674355861802585,228290.0,35.0
1770,3919.0,6.0,0.9681514241494588,230339.0,35.0
1771,3873.0,7.0,0.9925508435183348,228292.0,35.0
1772,3971.0,25.0,0.9629221172578378,230342.0,35.0
1773,3727.0,54.0,0.9751875195017095,230343.0,35.0
1774,3728.0,54.0,0.9584743645977652,230344.0,35.0
1775,3734.0,52.0,0.9585175937926086,228298.0,35.0
1776,4006.0,42.0,0.968385032073417,228303.0,35.0
1777,3920.0,6.0,0.9796940270470863,230352.0,35.0
1778,4424.0,15.0,0.9565995351024424,228307.0,35.0
1779,3729.0,54.0,0.9671538915283207,230360.0,35.0
1780,4007.0,42.0,0.9524808013416003,228317.0,35.0
1781,3909.0,26.0,1.0,228322.0,35.0
1782,3983.0,48.0,0.962674759295384,230371.0,35.0
1783,3966.0,29.0,0.9728405720647524,230376.0,35.0
1784,3951.0,26.0,0.9652952763455032,230381.0,35.0
1785,3710.0,18.0,0.9632847142772317,228338.0,35.0
1786,4027.0,31.0,0.9684545438963332,230387.0,35.0
1787,3471.0,2.0,0.9509677337361238,228342.0,35.0
1788,3944.0,35.0,0.9595972317463133,228346.0,35.0
1789,3857.0,44.0,0.9655411391956832,228347.0,35.0
1790,3718.0,5.0,0.9715393830180943,230395.0,35.0
1791,3824.0,53.0,0.9655904466999443,230400.0,35.0
1792,3832.0,32.0,1.0,230403.0,35.0
1793,3927.0,28.0,0.9650653493413234,228359.0,35.0
1794,3931.0,29.0,0.9683574601773793,228362.0,35.0
1795,3827.0,8.0,0.9712174353491373,230410.0,35.0
1796,3545.0,55.0,0.9723040389028176,230415.0,35.0
1797,4137.0,9.0,0.9690715021187853,230421.0,35.0
1798,3633.0,4.0,0.9862422814121669,228375.0,35.0
1799,3828.0,8.0,1.0,230423.0,35.0
1800,3911.0,26.0,0.9652024347958134,228377.0,35.0
1801,3972.0,28.0,0.9621221073141598,230426.0,35.0
1802,3825.0,53.0,0.9717191741179624,230429.0,35.0
1803,3725.0,40.0,0.950174650394683,228382.0,35.0
1804,3515.0,2.0,1.0,230431.0,35.0
1805,3972.0,25.0,0.9803775496163516,230435.0,35.0
1806,4107.0,9.0,0.9673013288048133,228391.0,35.0
1807,3973.0,28.0,0.9706377557492954,230442.0,35.0
1808,3874.0,50.0,1.0,230447.0,35.0
1809,3510.0,56.0,0.967544883948046,228400.0,35.0
1810,3733.0,41.0,1.0,230452.0,35.0
1811,4425.0,15.0,1.0,228405.0,35.0
1812,3508.0,55.0,0.9642471171575279,228408.0,35.0
1813,3913.0,24.0,0.9699510940652276,230459.0,35.0
1814,3920.0,34.0,0.9645884191686583,228412.0,35.0
1815,3900.0,49.0,0.9583970491442952,228423.0,35.0
1816,3678.0,54.0,0.9521274840070127,228425.0,35.0
1817,3640.0,36.0,0.9716103087449458,228428.0,35.0
1818,3799.0,46.0,0.9651135492073178,228432.0,35.0
1819,3732.0,54.0,0.950447800034528,230481.0,35.0
1820,3805.0,39.0,0.9762380313749184,230482.0,35.0
1821,3859.0,44.0,0.9565903970778432,228438.0,35.0
1822,3554.0,38.0,0.9641199454016482,228448.0,35.0
1823,3902.0,49.0,0.959311646930295,228454.0,35.0
1824,4445.0,15.0,0.9588380807793138,230504.0,35.0
1825,3678.0,5.0,0.9606093062522347,228465.0,35.0
1826,3475.0,2.0,0.9614847581816792,228466.0,35.0
1827,4554.0,16.0,0.9561307809251456,228467.0,35.0
1828,3935.0,49.0,0.9500122256500818,230517.0,35.0
1829,3807.0,39.0,0.9526612196206814,230520.0,35.0
1830,3680.0,5.0,0.9500023713484816,228482.0,35.0
1831,3828.0,53.0,0.9603902493544203,230534.0,35.0
1832,3504.0,1.0,0.9760081779299706,228493.0,35.0
1833,3644.0,36.0,0.9755622728336762,228496.0,35.0
1834,3863.0,44.0,1.0,228497.0,35.0
1835,3749.0,22.0,0.965980396640179,230544.0,35.0
1836,4446.0,15.0,0.9547979536563225,230548.0,35.0
1837,3988.0,48.0,0.955030849257554,230550.0,35.0
1838,4011.0,42.0,0.9724797107954722,228504.0,35.0
1839,3877.0,7.0,0.9505126060038889,228513.0,35.0
1840,4111.0,9.0,0.9714445278810263,228516.0,35.0
1841,3547.0,55.0,0.9730277121887143,230564.0,35.0
1842,3943.0,47.0,0.966304008065979,228520.0,35.0
1843,3737.0,41.0,1.0,230568.0,35.0
1844,3554.0,37.0,1.0,228533.0,35.0
1845,3652.0,19.0,0.9698914445652255,228535.0,35.0
1846,4012.0,42.0,0.9544662383959845,228539.0,35.0
1847,3645.0,36.0,0.9658412211183915,228541.0,35.0
1848,3988.0,30.0,1.0,230590.0,35.0
1849,3653.0,19.0,0.9597463707683473,228548.0,35.0
1850,3509.0,55.0,0.9578649178854982,228549.0,35.0
1851,3697.0,41.0,1.0,228552.0,35.0
1852,3930.0,28.0,0.9644330563995218,228557.0,35.0
1853,3507.0,1.0,0.9651131490424522,228558.0,35.0
1854,3787.0,21.0,0.9561576987397566,230606.0,35.0
1855,4038.0,42.0,1.0,230609.0,35.0
1856,3806.0,46.0,0.97279999055793,228562.0,35.0
1857,3692.0,57.0,0.9656558555355201,228565.0,35.0
1858,3601.0,37.0,1.0,230616.0,35.0
1859,3922.0,34.0,0.961633103383729,228577.0,35.0
1860,3760.0,51.0,0.9596256393693833,228585.0,35.0
1861,3688.0,19.0,0.9651776077276714,230638.0,35.0
1862,3869.0,27.0,1.0,230639.0,35.0
1863,3791.0,32.0,1.0,228592.0,35.0
1864,3727.0,40.0,0.9722805800708895,228593.0,35.0
1865,3989.0,48.0,0.9686286572360567,230643.0,35.0
1866,4181.0,11.0,0.9773765955870688,228596.0,35.0
1867,3602.0,37.0,0.9516517396441334,230648.0,35.0
1868,3921.0,33.0,0.9585409740023008,228601.0,35.0
1869,3807.0,51.0,0.9617435430946042,230653.0,35.0
1870,4119.0,9.0,0.9752754771031206,228607.0,35.0
1871,3870.0,27.0,0.9657690884661906,230659.0,35.0
1872,3907.0,49.0,0.9748711669190836,228621.0,35.0
1873,3654.0,19.0,1.0,228625.0,35.0
1874,3752.0,22.0,0.9691003430185847,230684.0,35.0
1875,3687.0,3.0,1.0,228641.0,35.0
1876,3923.0,12.0,0.970362724992281,228642.0,35.0
1877,3954.0,35.0,0.9813084988431433,228644.0,35.0
1878,3783.0,52.0,0.964194601240498,230693.0,35.0
1879,3785.0,52.0,0.9631211940830954,230706.0,35.0
1880,3757.0,40.0,0.9790632034990109,230707.0,35.0
1881,3768.0,23.0,0.9670055403447081,230711.0,35.0
1882,3650.0,4.0,0.9652939156712486,228667.0,35.0
1883,3684.0,5.0,0.9660357565958492,228679.0,35.0
1884,3916.0,26.0,0.9685152388530167,228680.0,35.0
1885,3741.0,21.0,1.0,228683.0,35.0
1886,3916.0,24.0,0.9623090490127371,230731.0,35.0
1887,3758.0,40.0,1.0,230737.0,35.0
1888,3924.0,12.0,0.9705163647769364,228690.0,35.0
1889,3937.0,29.0,0.9528743385805527,228694.0,35.0
1890,3468.0,0.0,1.0,230742.0,35.0
1891,4016.0,42.0,0.9565148069579783,228697.0,35.0
1892,3652.0,4.0,0.9707555411375645,228700.0,35.0
1893,3754.0,22.0,0.9585428746891249,230753.0,35.0
1894,3955.0,35.0,0.9757842702999071,228709.0,35.0
1895,3685.0,5.0,0.9645907462487487,228721.0,35.0
1896,4133.0,10.0,0.9731967968711738,230776.0,35.0
1897,3749.0,18.0,0.957332025054499,230777.0,35.0
1898,3946.0,47.0,1.0,228731.0,35.0
1899,3833.0,53.0,0.9804470220141563,230780.0,35.0
1900,3840.0,8.0,1.0,230782.0,35.0
1901,3809.0,46.0,0.9579711717277364,228739.0,35.0
1902,3927.0,33.0,0.9569134947508311,228741.0,35.0
1903,3516.0,55.0,0.9741274296122399,228744.0,35.0
1904,3512.0,1.0,0.9790975025456129,228745.0,35.0
1905,3918.0,26.0,0.9772476001620466,228746.0,35.0
1906,3596.0,38.0,0.9704849235827534,230795.0,35.0
1907,3685.0,54.0,0.9655274882136862,228748.0,35.0
1908,3938.0,29.0,0.9586941685527155,228749.0,35.0
1909,4429.0,15.0,0.9518682701039398,228752.0,35.0
1910,3474.0,0.0,0.9580605359827702,230811.0,35.0
1911,3767.0,39.0,1.0,228767.0,35.0
1912,3811.0,46.0,0.9701756825090445,228771.0,35.0
1913,3477.0,0.0,0.9647944499793266,230828.0,35.0
1914,3760.0,40.0,0.9715181650086905,230830.0,35.0
1915,3686.0,5.0,0.9596816480816162,228787.0,35.0
1916,3481.0,2.0,0.9712130518229567,228788.0,35.0
1917,4135.0,10.0,0.9827974301018099,230836.0,35.0
1918,3770.0,39.0,0.9550124756130843,228798.0,35.0
1919,3758.0,22.0,0.9551580604904278,230848.0,35.0
1920,3776.0,23.0,0.9504506115476496,230853.0,35.0
1921,3885.0,7.0,0.9687814471894254,228810.0,35.0
1922,3743.0,21.0,0.9657145823300665,228812.0,35.0
1923,3937.0,28.0,0.9646731791176055,228817.0,35.0
1924,3884.0,50.0,0.9638510403193912,230865.0,35.0
1925,3690.0,20.0,1.0,230868.0,35.0
1926,3875.0,44.0,0.9671435889927875,228822.0,35.0
1927,3655.0,36.0,0.988649960051878,228826.0,35.0
1928,3793.0,53.0,0.9723794187064886,228827.0,35.0
1929,3886.0,7.0,0.9598390245141981,228829.0,35.0
1930,3976.0,25.0,0.9745813071244869,230877.0,35.0
1931,3562.0,56.0,1.0,230878.0,35.0
1932,3699.0,41.0,0.9699445207129739,228833.0,35.0
1933,3773.0,39.0,0.9581074441101093,228834.0,35.0
1934,3724.0,18.0,0.952321841298375,228835.0,35.0
1935,3870.0,13.0,0.9713259550199439,230881.0,35.0
1936,3599.0,38.0,0.9633225257157739,230891.0,35.0
1937,3999.0,31.0,1.0,228845.0,35.0
1938,3951.0,48.0,0.9657897112445112,228848.0,35.0
1939,3949.0,47.0,0.9539354931303174,228857.0,35.0
1940,3998.0,30.0,0.9748676739590748,230914.0,35.0
1941,3858.0,14.0,0.9606597860507498,228867.0,35.0
1942,3950.0,47.0,1.0,228870.0,35.0
1943,3914.0,49.0,0.9686729245147186,228883.0,35.0
1944,4044.0,43.0,0.9592394991570052,228889.0,35.0
1945,3780.0,23.0,0.9602324505543363,230940.0,35.0
1946,3812.0,46.0,0.9674034655140885,228895.0,35.0
1947,3833.0,13.0,0.9575835092883734,228897.0,35.0
1948,4046.0,43.0,0.9563873811883449,228900.0,35.0
1949,3978.0,25.0,0.9695829341050182,230948.0,35.0
1950,3748.0,52.0,1.0,228907.0,35.0
1951,3803.0,8.0,0.9686812821857586,228917.0,35.0
1952,3859.0,14.0,0.9648042777147244,228935.0,35.0
1953,3638.0,58.0,0.952223714198478,230983.0,35.0
1954,3696.0,57.0,0.9705302955589443,228950.0,35.0
1955,3878.0,44.0,0.9545613717646427,228954.0,35.0
1956,4136.0,10.0,0.972111101175749,231003.0,35.0
1957,3641.0,58.0,0.9564215764624617,231004.0,35.0
1958,3642.0,58.0,0.9745003772248592,231005.0,35.0
1959,3934.0,6.0,0.9586617371555289,231007.0,35.0
1960,4000.0,31.0,1.0,228963.0,35.0
1961,3943.0,28.0,0.9622741363018337,228969.0,35.0
1962,3834.0,13.0,0.9585566234823961,228970.0,35.0
1963,3481.0,0.0,0.9662940065318585,231022.0,35.0
1964,3486.0,2.0,1.0,228979.0,35.0
1965,3978.0,28.0,1.0,231030.0,35.0
1966,3770.0,51.0,1.0,228984.0,35.0
1967,3565.0,37.0,0.9660512495680458,228985.0,35.0
1968,3741.0,57.0,0.9559884036315784,231035.0,35.0
1969,3798.0,32.0,0.9689348422234382,228992.0,35.0
1970,3835.0,13.0,0.9713323371341125,228997.0,35.0
1971,3932.0,33.0,0.9812490853408051,228999.0,35.0
1972,3890.0,50.0,0.9815666284281295,231048.0,35.0
1973,3771.0,51.0,0.9561359226862162,229003.0,35.0
1974,3690.0,3.0,1.0,229005.0,35.0
1975,3694.0,5.0,0.97781961707494,229019.0,35.0
1976,3644.0,58.0,0.9674332955110262,231070.0,35.0
1977,3947.0,28.0,0.97312484512915,229038.0,35.0
1978,3698.0,57.0,0.9606636187549752,229039.0,35.0
1979,3530.0,2.0,0.971646264029656,231091.0,35.0
1980,4005.0,31.0,0.9656440828415791,229056.0,35.0
1981,3943.0,29.0,0.952920139812794,229058.0,35.0
1982,3883.0,24.0,0.9735801276549547,229062.0,35.0
1983,3879.0,13.0,0.9863850854924544,231115.0,35.0
1984,3659.0,19.0,0.9626982261641603,229080.0,35.0
1985,4007.0,31.0,1.0,229081.0,35.0
1986,3750.0,21.0,0.9673274754730925,229082.0,35.0
1987,3646.0,58.0,1.0,231129.0,35.0
1988,3981.0,25.0,0.9566752023488989,231135.0,35.0
1989,3659.0,4.0,0.9742647816546033,229088.0,35.0
1990,3487.0,0.0,1.0,231137.0,35.0
1991,3660.0,4.0,0.9644257559677487,229090.0,35.0
1992,3944.0,29.0,0.9666446426055204,229094.0,35.0
1993,3884.0,24.0,0.965082065571046,229095.0,35.0
1994,3861.0,14.0,0.9628325481345508,229102.0,35.0
1995,3847.0,50.0,1.0,229104.0,35.0
1996,3895.0,6.0,1.0,229117.0,35.0
1997,3863.0,14.0,0.9530200866963934,229122.0,35.0
1998,4453.0,15.0,0.9648556634334321,231170.0,35.0
1999,3766.0,22.0,0.9539624422364072,231174.0,35.0
2000,3831.0,27.0,0.9706876141522521,229127.0,35.0
2001,3930.0,34.0,1.0,229130.0,35.0
2002,3931.0,34.0,1.0,229131.0,35.0
2003,3570.0,37.0,0.9710688705610772,229141.0,35.0
2004,3778.0,39.0,0.9695632264984504,229142.0,35.0
2005,3776.0,51.0,0.979178963198612,229144.0,35.0
2006,3956.0,48.0,0.9612231473604096,229145.0,35.0
2007,4008.0,31.0,0.9676497154599163,229146.0,35.0
2008,3572.0,37.0,1.0,229151.0,35.0
2009,3819.0,46.0,0.9693307480542771,229153.0,35.0
2010,3937.0,33.0,0.9705658650703126,229160.0,35.0
2011,3957.0,48.0,0.9731614745628427,229163.0,35.0
2012,4223.0,11.0,0.9760379735492598,231211.0,35.0
2013,3796.0,45.0,0.9800557665752903,229167.0,35.0
2014,3939.0,6.0,0.9625217009723765,231219.0,35.0
2015,3798.0,21.0,0.9561771640781307,231221.0,35.0
2016,4007.0,30.0,0.9572777475652452,231232.0,35.0
2017,4188.0,11.0,0.9518218089827182,229186.0,35.0
2018,3983.0,25.0,0.9688486544016409,231248.0,35.0
2019,3896.0,6.0,0.9678854808793762,229204.0,35.0
2020,3798.0,45.0,0.9733570286057727,229205.0,35.0
2021,3563.0,38.0,0.9624291792232549,229213.0,35.0
2022,3664.0,4.0,0.9834158302199737,229216.0,35.0
2023,3529.0,1.0,1.0,229222.0,35.0
2024,3711.0,20.0,0.9649308618926465,231272.0,35.0
2025,3795.0,23.0,1.0,231280.0,35.0
2026,3750.0,57.0,1.0,231286.0,35.0
2027,4189.0,11.0,0.9640406834058128,229245.0,35.0
2028,3696.0,54.0,0.9732844835189898,229254.0,35.0
2029,3761.0,41.0,1.0,231311.0,35.0
2030,3928.0,26.0,1.0,229275.0,35.0
2031,3493.0,0.0,0.9500405881138914,231324.0,35.0
2032,3655.0,58.0,1.0,231325.0,35.0
2033,3665.0,4.0,0.9621956995694575,229281.0,35.0
2034,3668.0,20.0,0.9593878794194545,229285.0,35.0
2035,3746.0,3.0,1.0,231341.0,35.0
2036,3755.0,21.0,0.9839804389950959,229303.0,35.0
2037,3736.0,40.0,0.9661171177909027,229304.0,35.0
2038,3837.0,27.0,0.9510902325647713,229308.0,35.0
2039,3946.0,29.0,0.9506139242261641,229312.0,35.0
2040,3889.0,24.0,0.9551849530640306,229320.0,35.0
2041,3930.0,12.0,0.9732080165487932,229321.0,35.0
2042,3964.0,30.0,0.9725706562016413,229322.0,35.0
2043,3695.0,3.0,1.0,229323.0,35.0
2044,3936.0,34.0,0.9728737796682485,229324.0,35.0
2045,3716.0,20.0,0.9698821698024317,231373.0,35.0
2046,3578.0,37.0,0.966897907165176,229329.0,35.0
2047,3890.0,24.0,0.957354597457234,229341.0,35.0
2048,3902.0,50.0,1.0,231390.0,35.0
2049,3824.0,46.0,0.9511476942165926,229346.0,35.0
2050,3741.0,23.0,1.0,229348.0,35.0
2051,4129.0,9.0,0.9500928492353654,229356.0,35.0
2052,3803.0,45.0,0.9660282371174992,229359.0,35.0
2053,3938.0,34.0,1.0,229364.0,35.0
2054,3782.0,51.0,0.9594737534687492,229366.0,35.0
2055,4051.0,43.0,1.0,229367.0,35.0
2056,3849.0,50.0,1.0,229369.0,35.0
2057,3811.0,8.0,0.95325650062204,229371.0,35.0
2058,3806.0,32.0,1.0,229374.0,35.0
2059,3719.0,22.0,0.9619542043704812,229375.0,35.0
2060,3804.0,23.0,0.9502199840417079,231425.0,35.0
2061,3696.0,3.0,0.9852130039236563,229380.0,35.0
2062,3962.0,48.0,0.9651078298513938,229381.0,35.0
2063,3940.0,34.0,0.9654747814765661,229382.0,35.0
2064,3492.0,2.0,0.9504338172025243,229384.0,35.0
2065,3886.0,44.0,0.9518659728897292,229391.0,35.0
2066,3725.0,20.0,0.9744480417710689,231442.0,35.0
2067,3757.0,21.0,0.9621662276793395,229395.0,35.0
2068,3738.0,40.0,0.9648597247341782,229406.0,35.0
2069,3966.0,35.0,0.9771439794486387,229409.0,35.0
2070,3926.0,49.0,0.9705883983351963,229410.0,35.0
2071,4109.0,10.0,0.9553345415120493,229419.0,35.0
2072,3582.0,37.0,0.966229779352553,229422.0,35.0
2073,3701.0,3.0,1.0,229424.0,35.0
2074,4154.0,10.0,0.9780023122044728,231482.0,35.0
2075,3894.0,7.0,0.969020815042768,229440.0,35.0
2076,4661.0,17.0,0.9693757112931126,229448.0,35.0
2077,3892.0,13.0,0.9522266062130339,231496.0,35.0
2078,3931.0,12.0,0.9627642439691301,229450.0,35.0
2079,3804.0,45.0,0.9606527341375349,229451.0,35.0
2080,4012.0,31.0,0.9598250809325475,229455.0,35.0
2081,3525.0,56.0,0.9610917893806589,229462.0,35.0
2082,3894.0,24.0,0.9535315653579557,229465.0,35.0
2083,3928.0,49.0,0.9635782721063277,229469.0,35.0
2084,3902.0,6.0,0.9660405193417588,229470.0,35.0
2085,3699.0,5.0,0.9638431452233747,229476.0,35.0
2086,3838.0,27.0,0.9853076875948551,229490.0,35.0
2087,3710.0,41.0,0.9753167508030198,229503.0,35.0
2088,3811.0,32.0,0.9632418429467446,229511.0,35.0
2089,3756.0,52.0,0.9804787578173957,229512.0,35.0
2090,3967.0,48.0,0.9696671296224328,229516.0,35.0
2091,3525.0,55.0,0.9750180613074002,229524.0,35.0
2092,3706.0,3.0,0.97805509202566,229530.0,35.0
2093,3711.0,41.0,0.963180377114674,229548.0,35.0
2094,3787.0,51.0,0.9744433620339497,229553.0,35.0
2095,3807.0,45.0,0.9586142870633377,229554.0,35.0
2096,3897.0,7.0,0.965840415901922,229560.0,35.0
2097,3853.0,50.0,0.9662421050438388,229568.0,35.0
2098,4053.0,43.0,0.9640911496382922,229570.0,35.0
2099,3531.0,1.0,0.9928497670255845,229577.0,35.0
2100,3529.0,56.0,0.9609466290218502,229578.0,35.0
2101,4195.0,11.0,0.9789708013096073,229581.0,35.0
2102,3670.0,20.0,0.9537585572986226,229610.0,35.0
2103,3708.0,57.0,0.9616979090908968,229613.0,35.0
2104,3667.0,19.0,1.0,229616.0,35.0
2105,3759.0,52.0,0.9750543882200184,229624.0,35.0
2106,3856.0,50.0,1.0,229639.0,35.0
2107,3566.0,38.0,0.9660278518171382,229652.0,35.0
2108,3811.0,45.0,0.961894563441547,229658.0,35.0
2109,3969.0,30.0,0.9586370572313845,229660.0,35.0
2110,3534.0,1.0,0.9589585339261766,229667.0,35.0
2111,3741.0,40.0,0.9569529358756752,229675.0,35.0
2112,4056.0,43.0,1.0,229680.0,35.0
2113,3735.0,18.0,0.9731956035518704,229686.0,35.0
2114,3671.0,20.0,0.955248377779267,229690.0,35.0
2115,3845.0,13.0,0.9744074139080268,229696.0,35.0
2116,3899.0,24.0,0.9642530897922478,229697.0,35.0
2117,3728.0,22.0,0.9646088094246285,229702.0,35.0
2118,3704.0,5.0,0.9521195129205074,229714.0,35.0
2119,3858.0,27.0,0.969067395532945,230235.0,35.0
2120,3917.0,34.0,0.9666868358151017,228188.0,35.0
2121,3944.0,47.0,0.9616050061313488,228572.0,35.0
2122,3781.0,51.0,1.0,229339.0,35.0
2123,3702.0,3.0,0.9715959559194288,229471.0,35.0
2124,3636.0,36.0,0.9713720596234324,228312.0,35.0
2125,3809.0,32.0,0.9567137731063529,229473.0,35.0
2126,3772.0,45.0,0.9682040286193074,228203.0,35.0
2127,3894.0,14.0,0.9724836973783723,230893.0,35.0
2128,3766.0,21.0,0.9652051672201044,229871.0,35.0
2129,3977.0,25.0,1.0,230896.0,35.0
2130,3880.0,24.0,0.9714570077867026,228978.0,35.0
2131,3671.0,4.0,1.0,229620.0,35.0
2132,4658.0,17.0,0.9680106195131072,228341.0,35.0
2133,3679.0,5.0,0.9519308208237304,228480.0,35.0
2134,4022.0,31.0,0.9740073911109144,230020.0,35.0
2135,3717.0,18.0,0.9587726219075473,228612.0,35.0
2136,3723.0,40.0,0.9812485940871093,228232.0,35.0
2137,3542.0,55.0,0.9630116837815,230281.0,35.0
2138,3761.0,23.0,0.9699314584488524,230537.0,35.0
2139,3878.0,50.0,0.9710264402907489,230668.0,35.0
2140,4034.0,42.0,0.9667311447215244,230286.0,35.0
2141,3624.0,58.0,0.9616311737280798,230543.0,35.0
2142,3522.0,1.0,0.9652433334700496,229014.0,35.0
2143,3849.0,44.0,0.9712299592196437,227992.0,35.0
2144,3816.0,46.0,0.9580595295079402,229018.0,35.0
2145,3443.0,0.0,0.9645829713192038,229664.0,35.0
2146,3760.0,22.0,0.9710057334132891,230945.0,35.0
2147,3723.0,41.0,0.95137686134109,230179.0,35.0
2148,4213.0,11.0,0.9521892271567531,230437.0,35.0
2149,3912.0,26.0,0.9633666953557586,228390.0,35.0
2150,3872.0,7.0,0.9730920608643747,228263.0,35.0
2151,3700.0,54.0,0.964505321306046,229288.0,35.0
2152,3830.0,53.0,0.9674172305994009,230570.0,35.0
2153,2330.0,59.0,0.9673124936614725,227884.0,35.0
2154,3867.0,13.0,0.9757330626718855,230701.0,35.0
2155,4550.0,16.0,0.9530946008625268,228270.0,35.0
2156,3961.0,30.0,0.9565545196682677,228656.0,35.0
2157,3896.0,49.0,0.9740508912032338,228273.0,35.0
2158,3535.0,2.0,0.95963643647642,231217.0,35.0
2159,3809.0,8.0,0.9633859484291787,229296.0,35.0
2160,3666.0,20.0,0.9680555974982912,229044.0,35.0
2161,3545.0,56.0,0.9690624576669304,230198.0,35.0
2162,4439.0,15.0,1.0,229431.0,35.0
2163,4134.0,9.0,0.9617039902699954,229945.0,35.0
2164,3658.0,19.0,0.9918614904213038,228924.0,35.0
2165,4059.0,43.0,0.9735859400279777,229949.0,35.0
2166,3568.0,38.0,0.9744687089906625,229698.0,35.0
2167,3759.0,39.0,0.9625534336015896,228291.0,35.0
2168,3691.0,57.0,0.9643603465293307,228553.0,35.0
2169,3925.0,6.0,0.9639528442141581,230601.0,35.0
2170,3778.0,52.0,0.9749278764113578,230348.0,35.0
2171,3942.0,35.0,0.9762048660247509,228302.0,35.0
2172,4111.0,10.0,0.969227943293053,229584.0,35.0
2173,3587.0,37.0,0.9710781647828992,229713.0,35.0
2174,3939.0,29.0,0.9723247358845805,228821.0,35.0
2175,3940.0,12.0,0.9652388886710443,230232.0,35.0
2176,3953.0,48.0,0.9717199708429605,228953.0,35.0
2177,3952.0,28.0,0.9552221373665171,229210.0,35.0
