,ms2_id,Sample_id,explained_Int(%),SummMS2Table_id,Slice_id
0,4607.0,16.0,0.9657500436236085,232155.0,35.0
1,4496.0,15.0,0.9742835628371123,232126.0,35.0
2,4109.0,43.0,0.9879351363258136,232159.0,35.0
3,3917.0,14.0,0.9902658029216446,232148.0,35.0
4,4602.0,16.0,0.9723629666505187,232102.0,35.0
5,4603.0,16.0,0.970048494723741,232103.0,35.0
6,4604.0,16.0,0.9715784342508914,232105.0,35.0
7,2354.0,59.0,0.9870780671977528,232138.0,35.0
8,4606.0,16.0,0.9682877108254206,232140.0,35.0
9,2355.0,59.0,0.9823415698607352,232141.0,35.0
10,4495.0,15.0,0.9835406338817235,232112.0,35.0
11,3916.0,14.0,0.9903327128530227,232146.0,35.0
12,4605.0,16.0,0.9934166884212987,232115.0,35.0
13,3977.0,26.0,0.9900797237910001,232116.0,35.0
14,3831.0,18.0,0.989807551427738,235867.0,35.0
15,4074.0,30.0,0.9862842640122598,235868.0,35.0
16,4062.0,28.0,0.9924530133161046,235871.0,35.0
17,3811.0,57.0,0.9891386844798677,235874.0,35.0
18,3838.0,40.0,0.9846295621514075,235881.0,35.0
19,3808.0,5.0,0.973405755673586,235885.0,35.0
20,3839.0,40.0,0.9847310821361157,235889.0,35.0
21,3706.0,58.0,0.9846472074191771,235892.0,35.0
22,3868.0,52.0,0.9890359831507501,235893.0,35.0
23,3944.0,13.0,0.9708659220934404,235897.0,35.0
24,4075.0,30.0,0.9797619554542873,235901.0,35.0
25,3768.0,19.0,0.9891942069173838,235903.0,35.0
26,3707.0,58.0,0.9874971735699757,235904.0,35.0
27,3535.0,0.0,0.9844141512324686,235905.0,35.0
28,3840.0,40.0,0.9827423888189173,235906.0,35.0
29,3839.0,22.0,0.9802537865885672,235909.0,35.0
30,3840.0,22.0,0.9895873833380593,235911.0,35.0
31,3536.0,0.0,0.9708269225162328,235920.0,35.0
32,3628.0,55.0,0.9810317176252725,235931.0,35.0
33,3876.0,21.0,0.9891671734037858,235933.0,35.0
34,4018.0,6.0,0.9792524024770911,235936.0,35.0
35,3843.0,23.0,0.9750443493164089,235940.0,35.0
36,3640.0,56.0,0.9905070542426178,235941.0,35.0
37,3877.0,21.0,0.9862168148426657,235943.0,35.0
38,4309.0,11.0,0.9897831435962489,235946.0,35.0
39,3963.0,50.0,0.992320230959794,235949.0,35.0
40,4039.0,12.0,0.9819813208732654,235956.0,35.0
41,3680.0,37.0,0.9970026712264657,235964.0,35.0
42,4078.0,35.0,0.9901667528724806,235967.0,35.0
43,4078.0,30.0,0.9835099784908445,235974.0,35.0
44,3844.0,23.0,0.9902380700783185,235975.0,35.0
45,4040.0,12.0,0.9763680941707337,235985.0,35.0
46,3816.0,57.0,0.9656807857715197,235986.0,35.0
47,3911.0,45.0,0.9616434335730202,235987.0,35.0
48,3681.0,37.0,0.9917295927703986,235988.0,35.0
49,3711.0,58.0,0.9891722362057596,235991.0,35.0
50,3953.0,27.0,0.9782088596201673,235997.0,35.0
51,4220.0,10.0,0.9843032396716072,235999.0,35.0
52,4041.0,12.0,0.9963878163331735,236003.0,35.0
53,3629.0,55.0,0.9900715507210429,236008.0,35.0
54,4221.0,10.0,0.9878601406409621,236009.0,35.0
55,3903.0,51.0,0.9885671725823694,236011.0,35.0
56,3912.0,45.0,0.993074060582925,236017.0,35.0
57,4050.0,25.0,0.9886202142595413,236023.0,35.0
58,3804.0,3.0,0.9937165650873767,236029.0,35.0
59,4079.0,48.0,0.9870112594388545,236034.0,35.0
60,3821.0,41.0,0.995509992372508,236039.0,35.0
61,3713.0,58.0,0.9899402169127577,236045.0,35.0
62,4079.0,35.0,0.9822505431476739,236046.0,35.0
63,3761.0,20.0,0.9932937716022963,236050.0,35.0
64,4081.0,30.0,0.9762647235559426,236060.0,35.0
65,3879.0,21.0,0.9869592558499128,236063.0,35.0
66,3956.0,27.0,0.9930268138815509,236065.0,35.0
67,3715.0,58.0,0.9717782136032076,236071.0,35.0
68,3945.0,13.0,0.985645689840295,236078.0,35.0
69,3911.0,53.0,0.9795336716808601,236079.0,35.0
70,4057.0,29.0,0.9777220893153518,236081.0,35.0
71,3822.0,41.0,0.9890219692234378,236084.0,35.0
72,3773.0,19.0,0.9794886281317908,236088.0,35.0
73,3681.0,38.0,0.9817794486624426,236094.0,35.0
74,3957.0,27.0,0.9760076174548759,236095.0,35.0
75,4084.0,30.0,0.9887813846923224,236115.0,35.0
76,3825.0,41.0,0.9958756171183664,236116.0,35.0
77,3683.0,37.0,0.9807210923304003,236119.0,35.0
78,3912.0,53.0,0.9764211242464695,236128.0,35.0
79,3827.0,41.0,0.9719239853277207,236132.0,35.0
80,3809.0,3.0,0.9747833789189815,236134.0,35.0
81,4085.0,30.0,0.9838229156869625,236137.0,35.0
82,3633.0,55.0,0.9905463994630955,236142.0,35.0
83,3717.0,58.0,0.9860830598533105,236145.0,35.0
84,3846.0,40.0,0.9952084976525873,236155.0,35.0
85,3764.0,20.0,0.9793391954998268,236157.0,35.0
86,3913.0,53.0,0.9956664000847191,236165.0,35.0
87,3871.0,52.0,0.9833944019829391,236170.0,35.0
88,3914.0,53.0,0.9820939123633747,236173.0,35.0
89,3872.0,52.0,0.9854220046794389,236175.0,35.0
90,4228.0,10.0,0.9749328878145075,236181.0,35.0
91,3810.0,3.0,0.9747275917847052,236182.0,35.0
92,3775.0,19.0,0.9591083034947498,236183.0,35.0
93,3907.0,51.0,0.987869478857286,236190.0,35.0
94,3847.0,22.0,0.9756375221703436,236192.0,35.0
95,4074.0,47.0,0.9945985452454977,236201.0,35.0
96,3685.0,38.0,0.9906789957237764,236204.0,35.0
97,3851.0,23.0,0.9802966233978798,236207.0,35.0
98,4054.0,25.0,0.9835619728599535,236211.0,35.0
99,3831.0,41.0,0.9819270599737799,236212.0,35.0
100,3966.0,50.0,0.9779477351349478,236214.0,35.0
101,3914.0,45.0,0.9765044024239734,236215.0,35.0
102,3848.0,22.0,0.9834252361252498,236219.0,35.0
103,3908.0,51.0,0.9807926758536719,236225.0,35.0
104,3770.0,36.0,0.975395769330147,236237.0,35.0
105,3719.0,58.0,0.9819197548648723,236240.0,35.0
106,3892.0,39.0,0.9875512793679889,236245.0,35.0
107,4699.0,17.0,0.9743583751314202,232160.0,35.0
108,3848.0,40.0,0.9762788351666424,236258.0,35.0
109,3920.0,44.0,0.982059427560221,232162.0,35.0
110,4110.0,43.0,0.9788079466039977,232163.0,35.0
111,4700.0,17.0,0.9803694617423039,232165.0,35.0
112,4672.0,16.0,0.9858338603616732,236262.0,35.0
113,4059.0,25.0,0.9857365701802009,236263.0,35.0
114,4080.0,35.0,0.9874086121191616,236265.0,35.0
115,3854.0,23.0,0.9902759034521623,236266.0,35.0
116,4608.0,16.0,0.9806723965912967,232170.0,35.0
117,3767.0,20.0,0.9885165552154747,236269.0,35.0
118,2360.0,59.0,0.987195767819261,232173.0,35.0
119,3544.0,0.0,0.9833844074523117,236271.0,35.0
120,4016.0,25.0,0.9740623300882402,232178.0,35.0
121,4703.0,17.0,0.9835918843185572,232180.0,35.0
122,3923.0,32.0,0.9759078885587492,236278.0,35.0
123,4024.0,6.0,0.9912927720702976,236281.0,35.0
124,4163.0,9.0,0.9854429998327292,232186.0,35.0
125,4086.0,48.0,0.982882471481155,236285.0,35.0
126,2361.0,59.0,0.9796139674612813,232189.0,35.0
127,3605.0,2.0,0.9905407050236407,236288.0,35.0
128,4705.0,17.0,0.9746691312957867,232195.0,35.0
129,4025.0,6.0,0.9712785788728555,236293.0,35.0
130,2365.0,59.0,0.9912430518419835,232197.0,35.0
131,3645.0,56.0,0.9880537616641024,236297.0,35.0
132,2366.0,59.0,0.9861147468363225,232201.0,35.0
133,3683.0,4.0,0.9898848945162394,232205.0,35.0
134,3916.0,53.0,0.9810248835497108,236303.0,35.0
135,4060.0,25.0,0.983774518419426,236304.0,35.0
136,4067.0,42.0,0.9759800617027412,232207.0,35.0
137,4062.0,29.0,0.9905474325161304,236306.0,35.0
138,4111.0,43.0,0.9703465317677392,232208.0,35.0
139,4068.0,42.0,0.9778634295277223,232210.0,35.0
140,2370.0,59.0,0.979715110482903,232213.0,35.0
141,3874.0,52.0,0.9762803546784883,236310.0,35.0
142,4070.0,34.0,0.9882531732481574,236311.0,35.0
143,4706.0,17.0,0.9756484261651315,232215.0,35.0
144,3607.0,2.0,0.9868022401592601,236313.0,35.0
145,3917.0,53.0,0.9612639439088293,236315.0,35.0
146,3858.0,23.0,0.9870902906359229,236316.0,35.0
147,3924.0,32.0,0.9841571292502791,236317.0,35.0
148,3631.0,1.0,0.9936088076829336,236318.0,35.0
149,2371.0,59.0,0.9873081466941737,232221.0,35.0
150,4499.0,15.0,0.989116131780385,232222.0,35.0
151,4500.0,15.0,0.9854346175684778,232223.0,35.0
152,4013.0,48.0,0.9829753609150886,232224.0,35.0
153,2372.0,59.0,0.9657063662392391,232226.0,35.0
154,3685.0,37.0,0.9846527460983361,236326.0,35.0
155,3608.0,2.0,0.9836856498519403,236327.0,35.0
156,3684.0,4.0,0.9858502132034294,232230.0,35.0
157,2374.0,59.0,0.98432627234631,232234.0,35.0
158,4071.0,34.0,0.9752927168217523,236331.0,35.0
159,4610.0,16.0,0.973404777110567,232236.0,35.0
160,3833.0,41.0,0.9778589267168948,236334.0,35.0
161,4248.0,11.0,0.9736684488992472,232239.0,35.0
162,3999.0,47.0,0.9882714654546204,232242.0,35.0
163,3979.0,33.0,0.9884330723250958,232243.0,35.0
164,3689.0,38.0,0.9831029868684203,236340.0,35.0
165,3919.0,14.0,0.9967165976567829,232244.0,35.0
166,4709.0,17.0,0.9847963576847983,232246.0,35.0
167,4501.0,15.0,0.9802362719622334,232247.0,35.0
168,3859.0,23.0,0.9618135503080731,236344.0,35.0
169,2376.0,59.0,0.9908945650102489,232252.0,35.0
170,4165.0,9.0,0.9886515999481007,232253.0,35.0
171,3835.0,41.0,0.9767284677872374,236351.0,35.0
172,4014.0,48.0,0.990411477830862,232257.0,35.0
173,4069.0,42.0,0.975121937203506,232259.0,35.0
174,3918.0,53.0,0.9694531015732466,236356.0,35.0
175,4112.0,43.0,0.9806729704531321,232262.0,35.0
176,3979.0,26.0,0.9699664551129364,232264.0,35.0
177,3951.0,13.0,0.980977507841301,236361.0,35.0
178,4611.0,16.0,0.9816121928174151,232265.0,35.0
179,4233.0,10.0,0.9908952633497026,236363.0,35.0
180,4001.0,35.0,0.9909703924559488,232266.0,35.0
181,3953.0,13.0,0.9866509273736284,236366.0,35.0
182,3721.0,58.0,0.9849062540652463,236367.0,35.0
183,4711.0,17.0,0.9635404958496591,232270.0,35.0
184,2379.0,59.0,0.9921210168173358,232272.0,35.0
185,4612.0,16.0,0.9623648989863187,232274.0,35.0
186,3993.0,34.0,0.9585418538355779,232277.0,35.0
187,3971.0,50.0,0.9831068920170667,236376.0,35.0
188,3972.0,50.0,0.9771408861855624,236378.0,35.0
189,3549.0,0.0,0.9791522659223979,236379.0,35.0
190,3771.0,20.0,0.9906965785623123,236380.0,35.0
191,4502.0,15.0,0.9880527184354286,232283.0,35.0
192,3869.0,8.0,0.9779944372469422,232284.0,35.0
193,2380.0,59.0,0.9923790143671065,232287.0,35.0
194,3851.0,40.0,0.9711373490696305,236385.0,35.0
195,3781.0,19.0,0.9607656955728628,236386.0,35.0
196,3688.0,37.0,0.9860754205880616,236387.0,35.0
197,3983.0,33.0,0.988285447916136,232290.0,35.0
198,4070.0,42.0,0.9732602960802677,232291.0,35.0
199,3989.0,28.0,0.9935937613071244,232293.0,35.0
200,4029.0,6.0,0.9965411294308678,236391.0,35.0
201,2381.0,59.0,0.9855383726775617,232299.0,35.0
202,3920.0,14.0,0.9862459977972332,232300.0,35.0
203,3861.0,23.0,0.9848814862387762,236397.0,35.0
204,4166.0,9.0,0.9931221890728739,232303.0,35.0
205,3772.0,20.0,0.9765007159249722,236402.0,35.0
206,3982.0,12.0,0.9938423731540835,232306.0,35.0
207,4011.0,24.0,0.9894737076179609,236405.0,35.0
208,3773.0,20.0,0.9813070472617409,236407.0,35.0
209,4167.0,9.0,0.9725820844521472,232313.0,35.0
210,4073.0,34.0,0.9856286265171976,236410.0,35.0
211,4715.0,17.0,0.9818049407251945,232316.0,35.0
212,4064.0,25.0,0.9863576277415322,236416.0,35.0
213,3828.0,57.0,0.9862960578389491,236417.0,35.0
214,4168.0,9.0,0.9880210849051813,232322.0,35.0
215,3759.0,18.0,0.984091812562892,232323.0,35.0
216,2384.0,59.0,0.9908759930987155,232326.0,35.0
217,3638.0,55.0,0.98854237423696,236423.0,35.0
218,3688.0,4.0,0.98059987462648,232327.0,35.0
219,2385.0,59.0,0.9811144237916287,232328.0,35.0
220,4073.0,42.0,0.9873117519401957,232334.0,35.0
221,4065.0,25.0,0.9836065089548622,236431.0,35.0
222,3618.0,37.0,0.9879175770023371,232336.0,35.0
223,3695.0,36.0,0.9882751037953359,232339.0,35.0
224,3689.0,4.0,0.9906928711043786,232340.0,35.0
225,3553.0,0.0,0.9861053009158873,236438.0,35.0
226,3777.0,20.0,0.9855587981759739,236439.0,35.0
227,4615.0,16.0,0.9751539808233441,232342.0,35.0
228,4716.0,17.0,0.9784065988508818,232345.0,35.0
229,3849.0,22.0,0.9832644113322115,236443.0,35.0
230,3611.0,2.0,0.9863288085691103,236444.0,35.0
231,3779.0,20.0,0.9844646652736543,236447.0,35.0
232,3814.0,3.0,0.972539226256948,236451.0,35.0
233,3691.0,4.0,0.9887314392551433,232356.0,35.0
234,3876.0,52.0,0.9884406944875356,236454.0,35.0
235,4718.0,17.0,0.9871847748248826,232362.0,35.0
236,3957.0,49.0,0.9798282994243411,232363.0,35.0
237,3976.0,50.0,0.9862405083155792,236462.0,35.0
238,4067.0,25.0,0.988272917361929,236464.0,35.0
239,4096.0,30.0,0.9753812646165557,236466.0,35.0
240,3915.0,50.0,0.983593633089595,232370.0,35.0
241,4169.0,9.0,0.9723608449399717,232371.0,35.0
242,3991.0,28.0,0.9782580417101608,232374.0,35.0
243,4001.0,47.0,0.983515430301068,232375.0,35.0
244,4075.0,34.0,0.9739392548292387,236478.0,35.0
245,4097.0,30.0,0.985546525251879,236479.0,35.0
246,3694.0,4.0,0.9798295396959046,232386.0,35.0
247,3697.0,36.0,0.9875988056428652,232388.0,35.0
248,4098.0,30.0,0.9961404891303052,236485.0,35.0
249,4116.0,43.0,0.9796152413516702,232391.0,35.0
250,4051.0,31.0,0.9878871989857163,232397.0,35.0
251,4017.0,25.0,0.9794052484407487,232399.0,35.0
252,3697.0,4.0,0.9865365883443745,232400.0,35.0
253,4236.0,10.0,0.9849323781930576,236500.0,35.0
254,3856.0,46.0,0.9910616416581076,232404.0,35.0
255,3870.0,8.0,0.9812322596081968,232406.0,35.0
256,3761.0,18.0,0.9746449796594453,232409.0,35.0
257,3867.0,23.0,0.9823053104928052,236507.0,35.0
258,4505.0,15.0,0.9922333379478335,232411.0,35.0
259,3960.0,49.0,0.9931361841564076,232414.0,35.0
260,3961.0,49.0,0.9920029599978218,232416.0,35.0
261,4171.0,9.0,0.9895925593059629,232418.0,35.0
262,3613.0,2.0,0.9853346098274058,236516.0,35.0
263,3977.0,50.0,0.9906901661493466,236519.0,35.0
264,3783.0,19.0,0.9815889572099852,236521.0,35.0
265,2393.0,59.0,0.9925480269977125,232427.0,35.0
266,3698.0,36.0,0.9792113570687816,232431.0,35.0
267,3868.0,23.0,0.9872777597131929,236529.0,35.0
268,3871.0,8.0,0.9858397836437638,232433.0,35.0
269,4053.0,31.0,0.9843873235165476,232435.0,35.0
270,4324.0,11.0,0.971288766813011,236533.0,35.0
271,3851.0,22.0,0.9748174387243442,236534.0,35.0
272,3992.0,14.0,0.9871289280484568,236537.0,35.0
273,4004.0,47.0,0.9892821860496118,232444.0,35.0
274,3784.0,19.0,0.9798863028518817,236541.0,35.0
275,3983.0,12.0,0.9964652740968419,232446.0,35.0
276,3785.0,19.0,0.9836506354619122,236543.0,35.0
277,4033.0,6.0,0.9776218721963563,236544.0,35.0
278,4179.0,10.0,0.9716790483021819,232447.0,35.0
279,4617.0,16.0,0.9636178020671703,232452.0,35.0
280,3963.0,13.0,0.9885919462805017,236549.0,35.0
281,3652.0,56.0,0.9891158744371541,236550.0,35.0
282,3877.0,52.0,0.9875310497613788,236551.0,35.0
283,3987.0,33.0,0.9824313299904425,232453.0,35.0
284,4118.0,43.0,0.9896488110809167,232457.0,35.0
285,3854.0,40.0,0.9858668750956497,236555.0,35.0
286,2394.0,59.0,0.9834810043984406,232459.0,35.0
287,3790.0,40.0,0.9873554650553795,232460.0,35.0
288,4074.0,42.0,0.9563225208042092,232461.0,35.0
289,3745.0,54.0,0.9847501486431576,232462.0,35.0
290,4172.0,9.0,0.9577317401094722,232463.0,35.0
291,3786.0,19.0,0.9744056827730837,236561.0,35.0
292,3979.0,50.0,0.9882575474176984,236565.0,35.0
293,3781.0,20.0,0.9706662917637959,236567.0,35.0
294,3927.0,14.0,0.9502956127474231,232473.0,35.0
295,3993.0,14.0,0.9659031862012772,236570.0,35.0
296,4119.0,43.0,0.9863905206564154,232476.0,35.0
297,3981.0,50.0,0.9814252619542281,236573.0,35.0
298,3964.0,13.0,0.9765583945820304,236574.0,35.0
299,4035.0,6.0,0.9849506597953059,236575.0,35.0
300,3990.0,33.0,0.9862363939360407,232483.0,35.0
301,3887.0,27.0,0.9733063509309132,232484.0,35.0
302,4036.0,6.0,0.9675541115095652,236583.0,35.0
303,4120.0,43.0,0.9770027652345636,232487.0,35.0
304,3701.0,4.0,0.9848392272946245,232488.0,35.0
305,4621.0,16.0,0.9721090569559347,232490.0,35.0
306,3696.0,38.0,0.9878950993471385,236588.0,35.0
307,3697.0,38.0,0.979720904991013,236592.0,35.0
308,3729.0,58.0,0.986403523462493,236594.0,35.0
309,3930.0,46.0,0.9917993341665267,236596.0,35.0
310,3993.0,28.0,0.982021172772634,232501.0,35.0
311,4075.0,42.0,0.9864718031831866,232502.0,35.0
312,4241.0,10.0,0.9879465115341508,236599.0,35.0
313,3783.0,20.0,0.9941301361580424,236600.0,35.0
314,2397.0,59.0,0.9830069656861943,232504.0,35.0
315,3701.0,36.0,0.9918732813181029,232505.0,35.0
316,3993.0,33.0,0.9860857149338267,232509.0,35.0
317,2399.0,59.0,0.9946586924066994,232511.0,35.0
318,4622.0,16.0,0.9915574613918479,232512.0,35.0
319,3616.0,2.0,0.9795544411537992,236611.0,35.0
320,3785.0,20.0,0.9818064258676177,236615.0,35.0
321,3925.0,44.0,0.9745782295438928,232520.0,35.0
322,4017.0,48.0,0.9708603337044197,232524.0,35.0
323,3704.0,4.0,0.9776010505644512,232525.0,35.0
324,3835.0,57.0,0.9526456554010422,236622.0,35.0
325,3786.0,20.0,0.9794629409725844,236627.0,35.0
326,4509.0,15.0,0.9861703904028236,232537.0,35.0
327,3872.0,23.0,0.9815939242847628,236634.0,35.0
328,3730.0,58.0,0.9929513870129983,236635.0,35.0
329,3747.0,54.0,0.9915007465562605,232538.0,35.0
330,3791.0,40.0,0.9835643390550683,232540.0,35.0
331,2400.0,59.0,0.9860040128449067,232543.0,35.0
332,4726.0,17.0,0.9616903026099741,232544.0,35.0
333,4132.0,31.0,0.9609283446564186,236643.0,35.0
334,3562.0,0.0,0.9698887779295994,236644.0,35.0
335,3761.0,57.0,0.9925188975307669,232547.0,35.0
336,3880.0,52.0,0.9839360713743883,236646.0,35.0
337,4253.0,11.0,0.980573809753894,232548.0,35.0
338,4728.0,17.0,0.9809834110245594,232550.0,35.0
339,3858.0,40.0,0.9744862316967285,236649.0,35.0
340,4069.0,29.0,0.9635925292211491,236650.0,35.0
341,3816.0,3.0,0.9865398140802346,236656.0,35.0
342,3764.0,18.0,0.9558364307609827,232560.0,35.0
343,3564.0,0.0,0.9813638763138244,236662.0,35.0
344,3855.0,32.0,0.9656138358126962,232568.0,35.0
345,4122.0,43.0,0.991988464884209,232569.0,35.0
346,3882.0,52.0,0.9701554598423031,236669.0,35.0
347,4089.0,48.0,0.9867408489468584,236672.0,35.0
348,3941.0,7.0,0.9854247249971416,232578.0,35.0
349,3858.0,46.0,0.9917337418553306,232579.0,35.0
350,3846.0,45.0,0.9710473703929167,232592.0,35.0
351,3984.0,50.0,0.9740756834711725,236692.0,35.0
352,2402.0,59.0,0.9812042354029934,232597.0,35.0
353,3703.0,36.0,0.9557637240471099,232601.0,35.0
354,3844.0,41.0,0.9899111659341464,236701.0,35.0
355,4123.0,43.0,0.9904618726676729,232606.0,35.0
356,4015.0,35.0,0.9858519303707608,232607.0,35.0
357,3789.0,20.0,0.9831295512191546,236704.0,35.0
358,4079.0,42.0,0.9842723089014733,232608.0,35.0
359,3693.0,37.0,0.9855034789624512,236706.0,35.0
360,3766.0,18.0,0.9883504984734737,232609.0,35.0
361,3998.0,34.0,0.984882575474115,232611.0,35.0
362,3819.0,3.0,0.9618324733506077,236712.0,35.0
363,4255.0,11.0,0.9694007892126978,232620.0,35.0
364,3974.0,13.0,0.9839237518580553,236717.0,35.0
365,3943.0,7.0,0.98229427741516,232621.0,35.0
366,3975.0,13.0,0.9838100482993507,236722.0,35.0
367,4732.0,17.0,0.9865663392110497,232635.0,35.0
368,3986.0,50.0,0.9854755683702402,236735.0,35.0
369,3970.0,49.0,0.9891913976791943,232641.0,35.0
370,3501.0,0.0,0.9883939900304383,232642.0,35.0
371,4256.0,11.0,0.9876107591395462,232643.0,35.0
372,4733.0,17.0,0.9774490312455544,232644.0,35.0
373,3976.0,13.0,0.984806860719361,236745.0,35.0
374,3888.0,21.0,0.9817484104096696,236746.0,35.0
375,4249.0,10.0,0.9824549486624945,236748.0,35.0
376,3748.0,54.0,0.988536576135026,232652.0,35.0
377,3694.0,37.0,0.9862703024462501,236751.0,35.0
378,3634.0,38.0,0.9867250952052097,232657.0,35.0
379,3571.0,0.0,0.9900394975054653,236755.0,35.0
380,3930.0,44.0,0.9906527856675059,232662.0,35.0
381,3987.0,12.0,0.9822204585310812,232664.0,35.0
382,3938.0,24.0,0.973826844845203,232666.0,35.0
383,3572.0,0.0,0.9797496245247936,236764.0,35.0
384,3708.0,4.0,0.9743246557660887,232668.0,35.0
385,3856.0,22.0,0.9880545073849921,236767.0,35.0
386,3918.0,45.0,0.9836589101351422,236769.0,35.0
387,3750.0,5.0,0.9889142235909993,232674.0,35.0
388,3562.0,1.0,0.9894445208433488,232675.0,35.0
389,4017.0,35.0,0.9646550424672306,232678.0,35.0
390,4328.0,11.0,0.9905345225258083,236777.0,35.0
391,4081.0,42.0,0.9832304686374613,232681.0,35.0
392,3792.0,20.0,0.9855049521110437,236779.0,35.0
393,3792.0,40.0,0.9788784603652496,232682.0,35.0
394,3930.0,14.0,0.9786809647007964,232688.0,35.0
395,3789.0,19.0,0.9692405662194883,236786.0,35.0
396,4177.0,9.0,0.966114022887265,232692.0,35.0
397,3846.0,41.0,0.9686556458300122,236791.0,35.0
398,3999.0,34.0,0.9906165459176545,232696.0,35.0
399,3696.0,37.0,0.9775161358427207,236797.0,35.0
400,2405.0,59.0,0.982167742179057,232701.0,35.0
401,3702.0,38.0,0.9759089586004914,236801.0,35.0
402,3578.0,56.0,0.9856559205217952,232705.0,35.0
403,3710.0,4.0,0.9886670700505864,232709.0,35.0
404,3795.0,20.0,0.974463445160945,236809.0,35.0
405,3941.0,24.0,0.9922418629141707,232713.0,35.0
406,3796.0,20.0,0.9884274833300375,236812.0,35.0
407,3980.0,13.0,0.9781044889317954,236814.0,35.0
408,4083.0,42.0,0.9858173867795991,232718.0,35.0
409,4040.0,6.0,0.9885941042931287,236816.0,35.0
410,4012.0,47.0,0.9948286504215494,232722.0,35.0
411,3998.0,33.0,0.9786772075889751,232727.0,35.0
412,3965.0,6.0,0.9550342243395402,232734.0,35.0
413,4736.0,17.0,0.9809584064294342,232736.0,35.0
414,3810.0,52.0,0.9870588286693565,232738.0,35.0
415,4020.0,48.0,0.9908627378776492,232748.0,35.0
416,3873.0,8.0,0.9815135483874312,232756.0,35.0
417,4179.0,9.0,0.9611538217212919,232761.0,35.0
418,4085.0,42.0,0.986568348190284,232763.0,35.0
419,3931.0,14.0,0.9887852080368502,232765.0,35.0
420,3769.0,18.0,0.9886309026024994,232767.0,35.0
421,4127.0,43.0,0.9819913638366718,232768.0,35.0
422,3935.0,44.0,0.9840393837529717,232769.0,35.0
423,3579.0,56.0,0.9816458763103536,232771.0,35.0
424,3932.0,14.0,0.9916788069893897,232782.0,35.0
425,3565.0,1.0,0.9866715120738446,232783.0,35.0
426,4086.0,42.0,0.991510503260986,232784.0,35.0
427,3875.0,8.0,0.9769714553217189,232788.0,35.0
428,3936.0,44.0,0.9860539460698033,232794.0,35.0
429,4002.0,34.0,0.9776837967810532,232797.0,35.0
430,3867.0,46.0,0.9909149322937453,232803.0,35.0
431,3759.0,3.0,0.9630454707244597,232804.0,35.0
432,4022.0,48.0,0.9781502611070113,232806.0,35.0
433,4000.0,33.0,0.9853840106304546,232807.0,35.0
434,3933.0,14.0,0.9797731959098008,232809.0,35.0
435,3972.0,49.0,0.9905447019981392,232813.0,35.0
436,4023.0,48.0,0.9703892747233754,232814.0,35.0
437,3989.0,12.0,0.9962365552890742,232817.0,35.0
438,3710.0,36.0,0.9774913319835015,232821.0,35.0
439,4630.0,16.0,0.9930281663153442,232826.0,35.0
440,4020.0,35.0,0.9770960749313046,232830.0,35.0
441,4013.0,47.0,0.9847233204610175,232837.0,35.0
442,4000.0,29.0,0.9894655252526885,232844.0,35.0
443,3713.0,4.0,0.9837151332980174,232845.0,35.0
444,3943.0,24.0,0.981909472676433,232846.0,35.0
445,3852.0,53.0,0.985443252803836,232850.0,35.0
446,4631.0,16.0,0.9791108658509862,232859.0,35.0
447,3839.0,51.0,0.9837074436075692,232860.0,35.0
448,4513.0,15.0,0.9903866282814218,232861.0,35.0
449,3770.0,41.0,0.9823666777717652,232864.0,35.0
450,3773.0,18.0,0.9842169850477988,232866.0,35.0
451,4021.0,35.0,0.9905931541911013,232867.0,35.0
452,3974.0,49.0,0.9903422218169394,232868.0,35.0
453,3876.0,8.0,0.9803385164906552,232870.0,35.0
454,3936.0,14.0,0.9665763422001336,232872.0,35.0
455,3774.0,18.0,0.9942619670314232,232873.0,35.0
456,3853.0,45.0,0.9914959774758073,232874.0,35.0
457,4023.0,35.0,0.9852099826063653,232876.0,35.0
458,3975.0,49.0,0.9870752688563588,232881.0,35.0
459,4001.0,29.0,0.9693753759014387,232888.0,35.0
460,3716.0,4.0,0.9901677949290556,232893.0,35.0
461,4024.0,35.0,0.9599249225350152,232900.0,35.0
462,3754.0,54.0,0.9920805438905318,232903.0,35.0
463,3816.0,21.0,0.9849622745174716,232907.0,35.0
464,3937.0,14.0,0.9755085693028346,232919.0,35.0
465,3579.0,55.0,0.9906114453460015,232924.0,35.0
466,4026.0,35.0,0.9857720380209312,232928.0,35.0
467,4514.0,15.0,0.9744138363346992,232930.0,35.0
468,3755.0,54.0,0.9862062437887258,232933.0,35.0
469,3825.0,39.0,0.9855782041882574,232934.0,35.0
470,3842.0,51.0,0.9822685100935947,232936.0,35.0
471,4027.0,35.0,0.9839390115403032,232938.0,35.0
472,3717.0,4.0,0.9895315049320378,232943.0,35.0
473,3992.0,12.0,0.9832633810185366,232948.0,35.0
474,4633.0,16.0,0.9739264344820434,232949.0,35.0
475,3718.0,4.0,0.9952163692378404,232950.0,35.0
476,3873.0,46.0,0.9851551813401749,232969.0,35.0
477,4746.0,17.0,0.9741242410007668,232971.0,35.0
478,4257.0,11.0,0.9872848980318946,232979.0,35.0
479,3940.0,44.0,0.9879131317686592,232982.0,35.0
480,4515.0,15.0,0.9736925957710414,232985.0,35.0
481,3859.0,32.0,0.990614500879803,232986.0,35.0
482,3781.0,18.0,0.9694572759764396,232987.0,35.0
483,3755.0,5.0,0.9868411878223804,232992.0,35.0
484,4182.0,9.0,0.9884063720186675,232996.0,35.0
485,4025.0,48.0,0.9798862931466523,233000.0,35.0
486,4059.0,31.0,0.9801057841656962,233003.0,35.0
487,3979.0,49.0,0.984158240731732,233004.0,35.0
488,3581.0,55.0,0.9926380360897711,233005.0,35.0
489,3874.0,46.0,0.9869935885463588,233006.0,35.0
490,3814.0,23.0,0.9756583698767926,233009.0,35.0
491,3953.0,7.0,0.9679507301031158,233022.0,35.0
492,3941.0,14.0,0.9964217148807023,233023.0,35.0
493,3722.0,4.0,0.9735550781853151,233031.0,35.0
494,3954.0,7.0,0.959556974609312,233040.0,35.0
495,4516.0,15.0,0.9823627059701113,233041.0,35.0
496,3638.0,38.0,0.9865084357385984,233043.0,35.0
497,4007.0,33.0,0.9882738179326715,233044.0,35.0
498,3982.0,49.0,0.9934676726289988,233047.0,35.0
499,3993.0,12.0,0.9782190815857426,233057.0,35.0
500,3955.0,7.0,0.9891797090627112,233060.0,35.0
501,4184.0,9.0,0.9682611496812421,233061.0,35.0
502,3942.0,14.0,0.9773441002494008,233063.0,35.0
503,3569.0,1.0,0.9956748697641737,233066.0,35.0
504,3876.0,46.0,0.9910623950083484,233068.0,35.0
505,3756.0,5.0,0.9920071347942909,233070.0,35.0
506,4185.0,9.0,0.9827832512588636,233074.0,35.0
507,3877.0,46.0,0.9793339771298907,233077.0,35.0
508,4027.0,48.0,0.9887562112886706,233080.0,35.0
509,4031.0,35.0,0.9840621896616608,233081.0,35.0
510,3828.0,39.0,0.9696457701562042,233083.0,35.0
511,3757.0,5.0,0.9924198458015624,233084.0,35.0
512,3944.0,44.0,0.9791766052678674,233099.0,35.0
513,3945.0,44.0,0.9837139207809558,233104.0,35.0
514,3897.0,27.0,0.984284671186061,233107.0,35.0
515,4135.0,43.0,0.9635214594145606,233108.0,35.0
516,4001.0,28.0,0.9880791813822771,233109.0,35.0
517,4028.0,48.0,0.9600248933949006,233113.0,35.0
518,4188.0,9.0,0.9586822978545638,233114.0,35.0
519,3994.0,12.0,0.9728734105337313,233120.0,35.0
520,3853.0,53.0,0.970346716683068,233121.0,35.0
521,4019.0,47.0,0.9861888335892783,233125.0,35.0
522,4035.0,35.0,0.9887544188513134,233127.0,35.0
523,3785.0,18.0,0.9950538159968038,233129.0,35.0
524,3759.0,5.0,0.979926981351739,233130.0,35.0
525,3717.0,36.0,0.9905361318053294,233133.0,35.0
526,4136.0,43.0,0.9559151433949716,233134.0,35.0
527,4036.0,35.0,0.9897926030407358,233141.0,35.0
528,3949.0,24.0,0.9904769838259542,233145.0,35.0
529,3946.0,44.0,0.9901389199398525,233155.0,35.0
530,3727.0,4.0,0.9937819401440116,233156.0,35.0
531,4137.0,43.0,0.9714554400655021,233166.0,35.0
532,4029.0,48.0,0.9784855419333226,233170.0,35.0
533,4091.0,42.0,0.9917088500721202,233185.0,35.0
534,3574.0,1.0,0.9872588526789133,233186.0,35.0
535,4518.0,15.0,0.9646087560589748,233187.0,35.0
536,4064.0,31.0,0.9852705918947043,233189.0,35.0
537,3957.0,7.0,0.9832724274214268,233192.0,35.0
538,4138.0,43.0,0.9914989852157595,233194.0,35.0
539,3822.0,52.0,0.9826224835920894,233195.0,35.0
540,3583.0,55.0,0.9828734578045825,233200.0,35.0
541,3951.0,24.0,0.9837500251780348,233201.0,35.0
542,3996.0,12.0,0.9859039365818617,233202.0,35.0
543,4038.0,35.0,0.9963477186871137,233203.0,35.0
544,3918.0,50.0,0.9795578764251822,233204.0,35.0
545,3865.0,32.0,0.9876980233865926,233205.0,35.0
546,4021.0,47.0,0.9869827702875593,233207.0,35.0
547,3584.0,55.0,0.9623178798011386,233216.0,35.0
548,3880.0,8.0,0.9884550506273093,233224.0,35.0
549,4092.0,42.0,0.9893357994374412,233226.0,35.0
550,3766.0,57.0,0.9880157339876214,233228.0,35.0
551,3724.0,19.0,0.9866693475631639,233229.0,35.0
552,3989.0,49.0,0.9818461547027093,233231.0,35.0
553,3586.0,55.0,0.9863316215412593,233232.0,35.0
554,3847.0,51.0,0.9809316825985845,233237.0,35.0
555,4093.0,42.0,0.9853939983822135,233239.0,35.0
556,4260.0,11.0,0.9835659744392189,233240.0,35.0
557,3990.0,49.0,0.9945369923960548,233243.0,35.0
558,3959.0,7.0,0.9840123239163506,233249.0,35.0
559,4139.0,43.0,0.9729944991919488,233251.0,35.0
560,4181.0,10.0,0.984695609758248,233253.0,35.0
561,4040.0,35.0,0.9847274844345709,233255.0,35.0
562,3883.0,46.0,0.9880583315213861,233258.0,35.0
563,3723.0,36.0,0.98981597301634,233274.0,35.0
564,4094.0,42.0,0.975736631218757,233276.0,35.0
565,3762.0,5.0,0.9890535504686581,233277.0,35.0
566,3855.0,53.0,0.9835676449391274,233282.0,35.0
567,3949.0,44.0,0.9941869922292025,233285.0,35.0
568,3579.0,1.0,0.986031251668342,233291.0,35.0
569,3882.0,8.0,0.9683588867028136,233293.0,35.0
570,4641.0,16.0,0.9857284007902744,233299.0,35.0
571,3973.0,6.0,0.9776988581079306,233303.0,35.0
572,3850.0,51.0,0.9840823411557391,233304.0,35.0
573,3836.0,39.0,0.9826560760575987,233305.0,35.0
574,4194.0,9.0,0.9714717274624017,233309.0,35.0
575,4140.0,43.0,0.9834274073400259,233312.0,35.0
576,3581.0,1.0,0.9789143893215311,233313.0,35.0
577,3585.0,56.0,0.98754093259591,233317.0,35.0
578,4002.0,28.0,0.9861363087337465,233318.0,35.0
579,3837.0,39.0,0.9898161953345814,233320.0,35.0
580,4013.0,33.0,0.9921943106503571,233323.0,35.0
581,3801.0,40.0,0.9806704582951,233328.0,35.0
582,3726.0,36.0,0.9894494772952028,233332.0,35.0
583,3768.0,57.0,0.9944810994096573,233334.0,35.0
584,4264.0,11.0,0.9724297353130126,233336.0,35.0
585,3961.0,7.0,0.9914013936011573,233337.0,35.0
586,3633.0,37.0,0.9840589475586369,233339.0,35.0
587,4266.0,11.0,0.9937316463376922,233342.0,35.0
588,3865.0,45.0,0.9913296699722266,233345.0,35.0
589,3884.0,8.0,0.99139897382831,233358.0,35.0
590,4000.0,12.0,0.9757424881100639,233376.0,35.0
591,3792.0,18.0,0.9839176342699814,233379.0,35.0
592,3763.0,5.0,0.9686524678746404,233384.0,35.0
593,3582.0,1.0,0.9563848131082279,233385.0,35.0
594,3888.0,46.0,0.9738380942651585,233387.0,35.0
595,3587.0,56.0,0.9871252032280988,233392.0,35.0
596,4023.0,47.0,0.9733159143306623,233393.0,35.0
597,3997.0,49.0,0.9781711960658784,233395.0,35.0
598,3642.0,38.0,0.9932313404456252,233400.0,35.0
599,3950.0,14.0,0.9711658581260376,233407.0,35.0
600,4071.0,31.0,0.9746603735638183,233408.0,35.0
601,3815.0,23.0,0.988551853920638,233418.0,35.0
602,3991.0,26.0,0.9849847193778319,233422.0,35.0
603,4072.0,31.0,0.9769598810278863,233423.0,35.0
604,4097.0,42.0,0.9755371809833451,233427.0,35.0
605,3769.0,57.0,0.983475945983187,233428.0,35.0
606,4002.0,12.0,0.9878721963314786,233434.0,35.0
607,3952.0,44.0,0.9864722472735094,233436.0,35.0
608,3855.0,51.0,0.9887548177165361,233443.0,35.0
609,4025.0,47.0,0.9801901386665949,233445.0,35.0
610,3992.0,26.0,0.9930135398520181,233447.0,35.0
611,3870.0,32.0,0.9854464088035428,233448.0,35.0
612,3951.0,14.0,0.9929003719160912,233451.0,35.0
613,3802.0,40.0,0.9785598580978292,233458.0,35.0
614,4199.0,9.0,0.9797964004674599,233459.0,35.0
615,3803.0,40.0,0.9936208924979621,233461.0,35.0
616,3828.0,52.0,0.9741273817373809,233466.0,35.0
617,3967.0,7.0,0.9840039840073845,233469.0,35.0
618,4522.0,15.0,0.9895999182641284,233471.0,35.0
619,3822.0,21.0,0.9922665467703721,233475.0,35.0
620,4026.0,47.0,0.9976013123396353,233479.0,35.0
621,4009.0,29.0,0.9873005520767871,233480.0,35.0
622,3796.0,18.0,0.990044891083045,233481.0,35.0
623,4046.0,35.0,0.9795804677537928,233482.0,35.0
624,4098.0,42.0,0.9840808449138378,233487.0,35.0
625,3886.0,8.0,0.9925820121115937,233490.0,35.0
626,4027.0,47.0,0.9717588805467209,233491.0,35.0
627,3736.0,4.0,0.9869730908568576,233507.0,35.0
628,4010.0,34.0,0.9847495418070927,233509.0,35.0
629,4047.0,35.0,0.9556212027566807,233517.0,35.0
630,3644.0,38.0,0.9848322773990724,233518.0,35.0
631,3956.0,44.0,0.9744807799366703,233520.0,35.0
632,3797.0,18.0,0.9775419075760802,233523.0,35.0
633,3589.0,56.0,0.9848928259748622,233526.0,35.0
634,3994.0,26.0,0.9911280915418579,233532.0,35.0
635,4012.0,29.0,0.9539391606776313,233534.0,35.0
636,3761.0,3.0,0.9550982421757531,233536.0,35.0
637,3969.0,7.0,0.9870874016726066,233540.0,35.0
638,3590.0,56.0,0.9771520841458387,233543.0,35.0
639,4001.0,49.0,0.9976201986630006,233545.0,35.0
640,3976.0,6.0,0.9892369369127207,233551.0,35.0
641,4013.0,29.0,0.9823494603346248,233552.0,35.0
642,3955.0,24.0,0.984619812525292,233555.0,35.0
643,3800.0,18.0,0.9906184345346665,233559.0,35.0
644,4011.0,34.0,0.9836575031233776,233560.0,35.0
645,4049.0,35.0,0.9789095122977599,233570.0,35.0
646,4099.0,42.0,0.9803258868077017,233571.0,35.0
647,4143.0,43.0,0.9735399141773535,233575.0,35.0
648,3591.0,56.0,0.9828489150676083,233578.0,35.0
649,4524.0,15.0,0.978290017741741,233581.0,35.0
650,3805.0,40.0,0.9934435753448528,233584.0,35.0
651,3637.0,37.0,0.9887090240864725,233585.0,35.0
652,4002.0,49.0,0.9898717867437435,233589.0,35.0
653,4005.0,12.0,0.9837117408103709,233590.0,35.0
654,4029.0,47.0,0.9846940582012009,233591.0,35.0
655,3995.0,26.0,0.9791789889584194,233592.0,35.0
656,3996.0,26.0,0.9782655484060083,233595.0,35.0
657,4079.0,31.0,0.9773767550166729,233597.0,35.0
658,4033.0,30.0,0.9927232197643105,233600.0,35.0
659,3728.0,36.0,0.9756131952373185,233602.0,35.0
660,3646.0,38.0,0.9827045902106315,233605.0,35.0
661,3775.0,41.0,0.9822640481628324,233620.0,35.0
662,3638.0,37.0,0.9917596342163484,233622.0,35.0
663,3874.0,45.0,0.9808667269916028,233624.0,35.0
664,3970.0,7.0,0.9874478633008115,233627.0,35.0
665,4103.0,42.0,0.9854857421449423,233628.0,35.0
666,4003.0,49.0,0.9835099940887235,233636.0,35.0
667,3806.0,40.0,0.9501837561067399,233637.0,35.0
668,3954.0,14.0,0.9838390168890936,233642.0,35.0
669,4204.0,9.0,0.9822810336481289,233643.0,35.0
670,3772.0,57.0,0.9760701999895947,233649.0,35.0
671,3904.0,27.0,0.9948733154501259,233658.0,35.0
672,3956.0,14.0,0.9785506192878268,233661.0,35.0
673,3769.0,54.0,0.9911345284747888,233665.0,35.0
674,3873.0,32.0,0.9833268482471209,233668.0,35.0
675,4013.0,34.0,0.9836174887026202,233669.0,35.0
676,3729.0,36.0,0.9879730451191362,233670.0,35.0
677,3999.0,26.0,0.9895480726857006,233677.0,35.0
678,4034.0,30.0,0.985463857790558,233682.0,35.0
679,4000.0,26.0,0.9865421118171527,233683.0,35.0
680,3896.0,46.0,0.9839338028852996,233686.0,35.0
681,3730.0,36.0,0.9795382488401847,233692.0,35.0
682,3731.0,36.0,0.9755399159358764,233694.0,35.0
683,3957.0,24.0,0.9590414350578217,233699.0,35.0
684,3640.0,37.0,0.9886573986835,233703.0,35.0
685,4183.0,10.0,0.9830403101419615,233704.0,35.0
686,3905.0,27.0,0.9980163172497816,233710.0,35.0
687,4184.0,10.0,0.9646623057853544,233715.0,35.0
688,3842.0,39.0,0.9827977195031615,233723.0,35.0
689,3593.0,56.0,0.9882900730158258,233726.0,35.0
690,4016.0,29.0,0.9891287854684125,233731.0,35.0
691,4023.0,33.0,0.9860003231709591,233732.0,35.0
692,4646.0,16.0,0.9649174502221517,233736.0,35.0
693,4017.0,29.0,0.9850143045202607,233741.0,35.0
694,3959.0,44.0,0.9858535763034902,233744.0,35.0
695,4081.0,31.0,0.9818643492986214,233751.0,35.0
696,3843.0,39.0,0.9791499724467888,233754.0,35.0
697,4147.0,43.0,0.9873103605865139,233765.0,35.0
698,4056.0,35.0,0.9822508448778469,233772.0,35.0
699,3858.0,51.0,0.9809505829122144,233780.0,35.0
700,4185.0,10.0,0.9715045619761896,233782.0,35.0
701,4186.0,10.0,0.9742661131776179,233784.0,35.0
702,4002.0,26.0,0.9849627506211128,233790.0,35.0
703,3880.0,45.0,0.9847348506467475,233796.0,35.0
704,3973.0,7.0,0.9858420439063454,233798.0,35.0
705,3590.0,1.0,0.9875045787578788,233805.0,35.0
706,3831.0,21.0,0.9731765510453785,233808.0,35.0
707,3906.0,27.0,0.9915076955287474,233809.0,35.0
708,3907.0,27.0,0.9849267249492768,233811.0,35.0
709,4015.0,34.0,0.9767333215975404,233817.0,35.0
710,4034.0,47.0,0.9843814899685456,233819.0,35.0
711,3961.0,24.0,0.9750690147327093,233821.0,35.0
712,3962.0,44.0,0.9856506306079226,233824.0,35.0
713,4527.0,15.0,0.9668513058986369,233826.0,35.0
714,4009.0,49.0,0.9904849112191693,233827.0,35.0
715,4011.0,28.0,0.9848732001005062,233830.0,35.0
716,3734.0,36.0,0.986610836415865,233831.0,35.0
717,4020.0,25.0,0.9840867603363914,233833.0,35.0
718,3650.0,38.0,0.9877087940733469,233834.0,35.0
719,4035.0,30.0,0.9872052044767835,233836.0,35.0
720,3875.0,32.0,0.9902235752174183,233839.0,35.0
721,4012.0,28.0,0.982292284765572,233840.0,35.0
722,3862.0,53.0,0.9873488101716031,233843.0,35.0
723,4083.0,31.0,0.9927615686174516,233849.0,35.0
724,3591.0,1.0,0.9890150208603107,233850.0,35.0
725,4013.0,28.0,0.9797003950115163,233851.0,35.0
726,4021.0,25.0,0.9787287028943374,233852.0,35.0
727,3844.0,39.0,0.9854241605604356,233853.0,35.0
728,3979.0,6.0,0.9785830039263259,233854.0,35.0
729,3962.0,24.0,0.9938092956295422,233861.0,35.0
730,4058.0,35.0,0.997017444448465,233868.0,35.0
731,4210.0,9.0,0.9862314415778058,233870.0,35.0
732,4108.0,42.0,0.9881261777111159,233876.0,35.0
733,3976.0,7.0,0.974341071040191,233880.0,35.0
734,4272.0,11.0,0.9930013551393152,233884.0,35.0
735,3908.0,27.0,0.9852337785483382,233889.0,35.0
736,4273.0,11.0,0.9729018332679874,233892.0,35.0
737,3790.0,22.0,0.9898536923495234,233894.0,35.0
738,4019.0,29.0,0.9905741697118007,233895.0,35.0
739,3809.0,40.0,0.9849232993932004,233900.0,35.0
740,3591.0,55.0,0.9793724262212641,233901.0,35.0
741,3864.0,53.0,0.9868953528071626,233905.0,35.0
742,3741.0,4.0,0.9849074877944456,233907.0,35.0
743,3846.0,39.0,0.986179380705888,233909.0,35.0
744,3965.0,44.0,0.9624023727364731,233912.0,35.0
745,4037.0,47.0,0.9910965754699614,233915.0,35.0
746,3966.0,44.0,0.977214881710681,233917.0,35.0
747,3738.0,36.0,0.9890357646499042,233918.0,35.0
748,3978.0,7.0,0.9865235406587388,233920.0,35.0
749,3865.0,53.0,0.986685098953792,233921.0,35.0
750,3881.0,45.0,0.977439053653762,233923.0,35.0
751,4038.0,47.0,0.9718868653844706,233925.0,35.0
752,4037.0,30.0,0.9845311185665734,233928.0,35.0
753,3805.0,18.0,0.9827338613772605,233929.0,35.0
754,3876.0,32.0,0.9788904546710571,233930.0,35.0
755,3877.0,32.0,0.9849257889082487,233935.0,35.0
756,3594.0,1.0,0.9872981515291217,233936.0,35.0
757,4028.0,33.0,0.9817773845275868,233940.0,35.0
758,3923.0,50.0,0.967914709993493,233943.0,35.0
759,3969.0,44.0,0.9778892509747923,233944.0,35.0
760,4039.0,47.0,0.9835302262343005,233945.0,35.0
761,3775.0,54.0,0.990589989727869,233946.0,35.0
762,4014.0,28.0,0.9869133915518602,233948.0,35.0
763,4011.0,49.0,0.9945489599601428,233951.0,35.0
764,3776.0,54.0,0.9825319863240373,233956.0,35.0
765,3979.0,7.0,0.978524843558883,233957.0,35.0
766,3924.0,50.0,0.9834805531942452,233958.0,35.0
767,4042.0,48.0,0.9866423657437292,233961.0,35.0
768,3962.0,14.0,0.9888038426757814,233962.0,35.0
769,3905.0,46.0,0.9721726877565378,233965.0,35.0
770,3817.0,23.0,0.9938340205768291,233969.0,35.0
771,3592.0,55.0,0.9889209618872745,233972.0,35.0
772,3818.0,23.0,0.9930590402520894,233973.0,35.0
773,4212.0,9.0,0.9657195693078674,233976.0,35.0
774,3864.0,51.0,0.9811638984779701,233977.0,35.0
775,3914.0,13.0,0.9836703665277544,233981.0,35.0
776,3878.0,32.0,0.9834563613377394,233982.0,35.0
777,3980.0,7.0,0.993680053497228,233984.0,35.0
778,3777.0,54.0,0.9795266135538541,233987.0,35.0
779,3834.0,21.0,0.990470283830077,233988.0,35.0
780,3780.0,41.0,0.9979998146827087,233991.0,35.0
781,3741.0,36.0,0.9883291285701856,234002.0,35.0
782,4030.0,33.0,0.990352759634773,234011.0,35.0
783,3906.0,46.0,0.981778044128647,234016.0,35.0
784,3781.0,54.0,0.9887343634482716,234019.0,35.0
785,4016.0,28.0,0.9828099832302322,234023.0,35.0
786,3907.0,46.0,0.9597507254027599,234025.0,35.0
787,4014.0,49.0,0.970921814313218,234026.0,35.0
788,3865.0,51.0,0.9836876078949903,234028.0,35.0
789,3598.0,56.0,0.9938651228488885,234029.0,35.0
790,3782.0,54.0,0.9718715318956829,234030.0,35.0
791,3770.0,5.0,0.9936953041326395,234034.0,35.0
792,4214.0,9.0,0.9853946928762073,234036.0,35.0
793,4017.0,28.0,0.9784028840820443,234037.0,35.0
794,3981.0,7.0,0.984370905391529,234039.0,35.0
795,4020.0,29.0,0.9937760183883676,234040.0,35.0
796,4652.0,16.0,0.9852920568660128,234041.0,35.0
797,3745.0,4.0,0.9920805068685633,234042.0,35.0
798,3892.0,8.0,0.9869056530661233,234048.0,35.0
799,4006.0,26.0,0.9722001154565061,234064.0,35.0
800,3783.0,54.0,0.9878426227423959,234066.0,35.0
801,3796.0,22.0,0.993710064006636,234068.0,35.0
802,3972.0,44.0,0.983823859100724,234074.0,35.0
803,3982.0,6.0,0.9838897753161049,234078.0,35.0
804,3835.0,21.0,0.981017374587952,234084.0,35.0
805,4013.0,12.0,0.9596259275340786,234085.0,35.0
806,4112.0,42.0,0.9612883993779019,234086.0,35.0
807,4007.0,26.0,0.9843288531978095,234087.0,35.0
808,4034.0,33.0,0.9798077395041082,234102.0,35.0
809,3797.0,22.0,0.9851888238339482,234103.0,35.0
810,3909.0,46.0,0.9780077045155238,234109.0,35.0
811,4218.0,9.0,0.9845494831956608,234113.0,35.0
812,3849.0,39.0,0.9855473823532106,234121.0,35.0
813,3910.0,46.0,0.9898893850025479,234123.0,35.0
814,3926.0,50.0,0.9871321912034974,234124.0,35.0
815,4035.0,33.0,0.9712077410130745,234127.0,35.0
816,4113.0,42.0,0.9888008442277249,234128.0,35.0
817,4016.0,49.0,0.9883363839066843,234129.0,35.0
818,3594.0,55.0,0.984814179631039,234131.0,35.0
819,3844.0,52.0,0.9935409866756681,234134.0,35.0
820,3983.0,7.0,0.9884770288379243,234138.0,35.0
821,3560.0,2.0,0.9942715963784707,234140.0,35.0
822,4039.0,30.0,0.9809825338881579,234142.0,35.0
823,3893.0,8.0,0.9758940136431341,234143.0,35.0
824,4047.0,48.0,0.9810631730525572,234148.0,35.0
825,3786.0,54.0,0.9851118868843789,234150.0,35.0
826,3867.0,53.0,0.964103338725822,234161.0,35.0
827,4188.0,10.0,0.986171744056034,234162.0,35.0
828,3912.0,46.0,0.9662027069977424,234167.0,35.0
829,3787.0,54.0,0.9864203202271636,234168.0,35.0
830,3967.0,24.0,0.9591744642297163,234170.0,35.0
831,3676.0,58.0,0.9898228026698034,234171.0,35.0
832,3744.0,36.0,0.9892836046179264,234172.0,35.0
833,4014.0,12.0,0.9647612378699133,234182.0,35.0
834,3653.0,38.0,0.968819402702803,234183.0,35.0
835,3869.0,53.0,0.9858410333288635,234184.0,35.0
836,3851.0,39.0,0.9837187569320177,234185.0,35.0
837,3750.0,4.0,0.9871850125173428,234186.0,35.0
838,3764.0,3.0,0.9837646110385785,234187.0,35.0
839,4037.0,33.0,0.9883038149009431,234195.0,35.0
840,3731.0,19.0,0.9873101018091912,234196.0,35.0
841,3811.0,18.0,0.9814911074453412,234206.0,35.0
842,3966.0,14.0,0.9821243876229524,234209.0,35.0
843,3776.0,5.0,0.973120639919201,234215.0,35.0
844,4018.0,49.0,0.9827145380717804,234216.0,35.0
845,3812.0,18.0,0.9875364703324656,234217.0,35.0
846,3777.0,5.0,0.9805213946957099,234221.0,35.0
847,4278.0,11.0,0.9868186329894545,234224.0,35.0
848,4023.0,29.0,0.9606268842025113,234226.0,35.0
849,3599.0,1.0,0.99071194814822,234228.0,35.0
850,3596.0,55.0,0.9947379160578104,234231.0,35.0
851,3913.0,46.0,0.9701001970057299,234237.0,35.0
852,3649.0,37.0,0.9876600383117711,234238.0,35.0
853,3837.0,21.0,0.9761777283946094,234244.0,35.0
854,3599.0,56.0,0.9622856078467317,234249.0,35.0
855,3678.0,58.0,0.9835585923820955,234250.0,35.0
856,3650.0,37.0,0.9922623633054866,234255.0,35.0
857,3895.0,8.0,0.9836969706499953,234257.0,35.0
858,4279.0,11.0,0.9958015713369582,234259.0,35.0
859,3732.0,19.0,0.9835413296767022,234261.0,35.0
860,4155.0,43.0,0.9622440604371556,234264.0,35.0
861,3778.0,5.0,0.9926164696255046,234268.0,35.0
862,3766.0,3.0,0.9900083662710119,234271.0,35.0
863,4280.0,11.0,0.9823995486016045,234283.0,35.0
864,4045.0,47.0,0.9796004268289379,234285.0,35.0
865,3886.0,45.0,0.96783761226623,234292.0,35.0
866,3801.0,22.0,0.9885100075656024,234296.0,35.0
867,3869.0,51.0,0.9919438957546788,234298.0,35.0
868,3509.0,0.0,0.982430000781378,234300.0,35.0
869,4764.0,17.0,0.9840789608305518,234303.0,35.0
870,4281.0,11.0,0.9921121628434578,234304.0,35.0
871,3780.0,57.0,0.9549200024655934,234313.0,35.0
872,3855.0,39.0,0.9812151501505849,234316.0,35.0
873,3779.0,5.0,0.9826736606177827,234317.0,35.0
874,4190.0,10.0,0.9786754576645814,234318.0,35.0
875,3856.0,39.0,0.9798549960545965,234322.0,35.0
876,3603.0,1.0,0.9785469049281788,234325.0,35.0
877,3857.0,39.0,0.9950098245407785,234332.0,35.0
878,4220.0,9.0,0.9812209952355395,234334.0,35.0
879,4013.0,26.0,0.9916661222025681,234336.0,35.0
880,3781.0,5.0,0.9786206548461212,234338.0,35.0
881,3927.0,50.0,0.9856603595442878,234345.0,35.0
882,3782.0,5.0,0.9907099393485135,234346.0,35.0
883,4024.0,25.0,0.9826833074629263,234350.0,35.0
884,3912.0,27.0,0.9860999758033394,234351.0,35.0
885,3913.0,27.0,0.9945592121521051,234358.0,35.0
886,3822.0,23.0,0.9732509679205815,234360.0,35.0
887,3984.0,6.0,0.9695354713416761,234363.0,35.0
888,3841.0,21.0,0.9696049908024407,234367.0,35.0
889,3598.0,55.0,0.9867292058934912,234371.0,35.0
890,3563.0,2.0,0.9904456051558594,234372.0,35.0
891,3652.0,37.0,0.9947993906882615,234379.0,35.0
892,3914.0,46.0,0.9825930620116593,234380.0,35.0
893,3653.0,37.0,0.9766284848766824,234384.0,35.0
894,4014.0,26.0,0.9918894535961006,234387.0,35.0
895,3769.0,3.0,0.9883100372119951,234388.0,35.0
896,3782.0,57.0,0.9814010139649543,234398.0,35.0
897,3844.0,21.0,0.9810957459609433,234401.0,35.0
898,3918.0,13.0,0.9658434359090922,234402.0,35.0
899,4039.0,33.0,0.9658589471647268,234413.0,35.0
900,4015.0,26.0,0.9895548331522271,234414.0,35.0
901,4533.0,15.0,0.9705672491137469,234417.0,35.0
902,3890.0,32.0,0.9931858710962643,234418.0,35.0
903,3803.0,22.0,0.9581646587819522,234420.0,35.0
904,3986.0,6.0,0.983509498287468,234426.0,35.0
905,4016.0,26.0,0.9784115696106526,234428.0,35.0
906,4017.0,12.0,0.9827825856151403,234439.0,35.0
907,3772.0,3.0,0.9743994939245811,234441.0,35.0
908,3892.0,32.0,0.9918605978024198,234442.0,35.0
909,3603.0,56.0,0.9852861894684696,234443.0,35.0
910,4283.0,11.0,0.9857329426185664,234446.0,35.0
911,3804.0,22.0,0.9880842951243082,234448.0,35.0
912,4284.0,11.0,0.9847860635292446,234449.0,35.0
913,4096.0,31.0,0.9852863834729333,234452.0,35.0
914,4040.0,33.0,0.9662063117799513,234458.0,35.0
915,3680.0,58.0,0.9751036266605028,234462.0,35.0
916,3893.0,32.0,0.99373103710487,234465.0,35.0
917,4192.0,10.0,0.9860445455461945,234466.0,35.0
918,3974.0,24.0,0.9868966088422768,234467.0,35.0
919,3818.0,18.0,0.9893197632582987,234469.0,35.0
920,3873.0,51.0,0.9755950444636707,234473.0,35.0
921,3893.0,45.0,0.9862585596512042,234475.0,35.0
922,4041.0,33.0,0.9864442202935303,234477.0,35.0
923,4027.0,28.0,0.9736846279067394,234479.0,35.0
924,3915.0,46.0,0.9867776579958196,234481.0,35.0
925,3848.0,21.0,0.9834031953881023,234485.0,35.0
926,4028.0,28.0,0.9968663968431869,234489.0,35.0
927,3806.0,22.0,0.9867498079441204,234490.0,35.0
928,3785.0,5.0,0.961374792963169,234492.0,35.0
929,3682.0,58.0,0.9815538932396637,234493.0,35.0
930,3988.0,6.0,0.9643994490933511,234504.0,35.0
931,3606.0,1.0,0.9741111624764779,234505.0,35.0
932,3875.0,51.0,0.9816213931711172,234510.0,35.0
933,3656.0,38.0,0.9792381249724075,234511.0,35.0
934,4027.0,29.0,0.9948203858547159,234512.0,35.0
935,3916.0,46.0,0.9847065555900698,234514.0,35.0
936,3773.0,3.0,0.9697027401542692,234515.0,35.0
937,3774.0,3.0,0.9583845786919177,234516.0,35.0
938,3919.0,13.0,0.9858129930005907,234518.0,35.0
939,4286.0,11.0,0.981287431921391,234530.0,35.0
940,3880.0,53.0,0.9901672132316843,234531.0,35.0
941,3749.0,36.0,0.9852146684851208,234533.0,35.0
942,3787.0,41.0,0.9832111376610329,234534.0,35.0
943,3968.0,14.0,0.9898086331661818,234548.0,35.0
944,4052.0,48.0,0.9631895406169286,234557.0,35.0
945,3975.0,24.0,0.99130925620134,234559.0,35.0
946,3823.0,23.0,0.979612982085788,234562.0,35.0
947,3655.0,37.0,0.987691500155182,234563.0,35.0
948,4193.0,10.0,0.9855839137546458,234566.0,35.0
949,3976.0,24.0,0.9717950960273588,234576.0,35.0
950,3607.0,56.0,0.9699748488320009,234585.0,35.0
951,3882.0,53.0,0.9934645587390619,234593.0,35.0
952,3608.0,56.0,0.9672573074237597,234601.0,35.0
953,4049.0,47.0,0.9934981377078382,234606.0,35.0
954,3512.0,0.0,0.9768287447823423,234609.0,35.0
955,3849.0,52.0,0.9799369795677917,234610.0,35.0
956,3861.0,39.0,0.9798936686860511,234611.0,35.0
957,3884.0,53.0,0.985508524256773,234614.0,35.0
958,3789.0,41.0,0.9803910999500607,234617.0,35.0
959,4225.0,9.0,0.9920625634184,234618.0,35.0
960,4054.0,48.0,0.9795688969076546,234623.0,35.0
961,3903.0,8.0,0.9900541925314097,234625.0,35.0
962,4031.0,29.0,0.9827005926323386,234626.0,35.0
963,3895.0,32.0,0.984407853470754,234629.0,35.0
964,3990.0,6.0,0.9833081942203127,234631.0,35.0
965,3750.0,36.0,0.994074076621594,234632.0,35.0
966,4033.0,29.0,0.9787256610412335,234636.0,35.0
967,3808.0,22.0,0.9855824108666892,234638.0,35.0
968,3684.0,58.0,0.9760620624418118,234641.0,35.0
969,3791.0,41.0,0.9711542895366196,234648.0,35.0
970,3785.0,57.0,0.9932382592500052,234649.0,35.0
971,4022.0,26.0,0.9946453786809986,234650.0,35.0
972,3567.0,2.0,0.9673400440306766,234656.0,35.0
973,3917.0,46.0,0.9733690144163695,234660.0,35.0
974,3792.0,41.0,0.9849678405210657,234663.0,35.0
975,4025.0,49.0,0.9755738357348218,234670.0,35.0
976,4047.0,30.0,0.9893874599851669,234671.0,35.0
977,4027.0,25.0,0.9907411279182887,234673.0,35.0
978,4036.0,28.0,0.9958813112113006,234676.0,35.0
979,4038.0,28.0,0.9880014520398719,234681.0,35.0
980,3786.0,57.0,0.9725119679578847,234684.0,35.0
981,3758.0,4.0,0.978404772188746,234685.0,35.0
982,3820.0,40.0,0.9832378679766952,234686.0,35.0
983,4048.0,30.0,0.9688009049074988,234687.0,35.0
984,3796.0,54.0,0.9901937872201839,234688.0,35.0
985,3932.0,50.0,0.9826966762375157,234691.0,35.0
986,3610.0,1.0,0.9827492996261178,234697.0,35.0
987,4049.0,30.0,0.9814149780923154,234699.0,35.0
988,3894.0,45.0,0.985827339425978,234705.0,35.0
989,3686.0,58.0,0.9917629817333652,234707.0,35.0
990,3982.0,44.0,0.9861871350465107,234709.0,35.0
991,4035.0,34.0,0.9892340037163624,234711.0,35.0
992,3923.0,13.0,0.9694868300899941,234712.0,35.0
993,3862.0,39.0,0.9775612790416691,234713.0,35.0
994,3611.0,1.0,0.9877527441141777,234715.0,35.0
995,3797.0,54.0,0.9826156415004639,234718.0,35.0
996,3787.0,5.0,0.9927335977600352,234720.0,35.0
997,3821.0,18.0,0.9796009388792692,234728.0,35.0
998,4022.0,12.0,0.9760585823462856,234733.0,35.0
999,3612.0,1.0,0.976802509517181,234734.0,35.0
1000,3934.0,50.0,0.9759111168990484,234735.0,35.0
1001,3811.0,22.0,0.9954559119617667,234736.0,35.0
1002,3794.0,41.0,0.9817552477787426,234737.0,35.0
1003,3865.0,39.0,0.9610273984719714,234745.0,35.0
1004,3882.0,51.0,0.9907485166736569,234746.0,35.0
1005,3994.0,7.0,0.9710209468525146,234753.0,35.0
1006,3822.0,18.0,0.9806873736426418,234767.0,35.0
1007,4040.0,28.0,0.9797755634866971,234772.0,35.0
1008,3788.0,5.0,0.9844786830923534,234774.0,35.0
1009,3659.0,38.0,0.9876199049861011,234777.0,35.0
1010,4290.0,11.0,0.9774996921461836,234778.0,35.0
1011,3899.0,32.0,0.9789905741347137,234781.0,35.0
1012,3992.0,6.0,0.9853774206758655,234782.0,35.0
1013,4036.0,34.0,0.9725108753644593,234786.0,35.0
1014,3605.0,55.0,0.9898388042482122,234787.0,35.0
1015,3883.0,51.0,0.9888729044762261,234795.0,35.0
1016,3781.0,3.0,0.9950902655234211,234797.0,35.0
1017,4048.0,33.0,0.9867530792928708,234799.0,35.0
1018,3801.0,54.0,0.9830368430575591,234800.0,35.0
1019,3900.0,32.0,0.9676001092735488,234803.0,35.0
1020,3663.0,37.0,0.9847669044624452,234804.0,35.0
1021,3569.0,2.0,0.9862389849644795,234813.0,35.0
1022,3923.0,27.0,0.9776393190431557,234814.0,35.0
1023,3996.0,7.0,0.981622600017463,234816.0,35.0
1024,4039.0,34.0,0.9880034143235139,234818.0,35.0
1025,4659.0,16.0,0.9776497469159028,234824.0,35.0
1026,3813.0,22.0,0.9919805546406865,234826.0,35.0
1027,3980.0,24.0,0.9918323457788321,234828.0,35.0
1028,3796.0,41.0,0.9885310852830635,234830.0,35.0
1029,3827.0,23.0,0.9893109744350825,234838.0,35.0
1030,3790.0,5.0,0.9746991095397486,234844.0,35.0
1031,4057.0,48.0,0.9840561377573018,234846.0,35.0
1032,3889.0,53.0,0.9856119441621934,234850.0,35.0
1033,3782.0,3.0,0.993830704844598,234852.0,35.0
1034,3824.0,18.0,0.9869373749039553,234853.0,35.0
1035,4053.0,30.0,0.9819185969776831,234855.0,35.0
1036,3935.0,50.0,0.9932592244858908,234858.0,35.0
1037,3814.0,22.0,0.9904105210265784,234863.0,35.0
1038,4036.0,29.0,0.975917836943907,234868.0,35.0
1039,3855.0,21.0,0.995360170401827,234869.0,35.0
1040,3815.0,22.0,0.9977595847867978,234871.0,35.0
1041,3868.0,39.0,0.9860695801328264,234874.0,35.0
1042,3994.0,6.0,0.9833341778691242,234882.0,35.0
1043,3904.0,8.0,0.9871708272971553,234883.0,35.0
1044,3802.0,54.0,0.9793513960324765,234884.0,35.0
1045,3851.0,52.0,0.982997586974215,234887.0,35.0
1046,4105.0,31.0,0.9609745351408564,234892.0,35.0
1047,3982.0,24.0,0.9908180905171857,234896.0,35.0
1048,3895.0,45.0,0.9909300060516708,234898.0,35.0
1049,3826.0,18.0,0.9896239619444884,234902.0,35.0
1050,3822.0,40.0,0.9912270044072526,234913.0,35.0
1051,4043.0,34.0,0.9842050755731078,234916.0,35.0
1052,3887.0,51.0,0.9862279231888125,234919.0,35.0
1053,3783.0,3.0,0.9871527998582209,234927.0,35.0
1054,3926.0,13.0,0.9895011324165134,234930.0,35.0
1055,4027.0,49.0,0.9892710157577967,234935.0,35.0
1056,3785.0,3.0,0.9764020938800928,234937.0,35.0
1057,4026.0,26.0,0.9812883756802442,234939.0,35.0
1058,3798.0,41.0,0.9789078641302182,234942.0,35.0
1059,4106.0,31.0,0.9899662636662357,234948.0,35.0
1060,3902.0,32.0,0.990088687668348,234949.0,35.0
1061,3661.0,38.0,0.9804304786934033,234951.0,35.0
1062,3616.0,1.0,0.9924791169986211,234954.0,35.0
1063,3907.0,8.0,0.9685845858855165,234964.0,35.0
1064,3743.0,19.0,0.9875919883417197,234972.0,35.0
1065,3817.0,22.0,0.9771766936280716,234976.0,35.0
1066,3856.0,21.0,0.9803745593650834,234977.0,35.0
1067,3926.0,27.0,0.9866015467664685,234979.0,35.0
1068,4045.0,34.0,0.9831144915176798,234982.0,35.0
1069,3793.0,5.0,0.9824575021587516,234983.0,35.0
1070,3790.0,57.0,0.9632593968448886,234985.0,35.0
1071,3803.0,54.0,0.9868348981201653,234987.0,35.0
1072,3794.0,5.0,0.9787485847773386,234989.0,35.0
1073,3908.0,8.0,0.9799781745900171,234996.0,35.0
1074,4045.0,28.0,0.9745849091152632,234997.0,35.0
1075,3938.0,50.0,0.9848989956464149,234998.0,35.0
1076,4023.0,12.0,0.9950464241161401,235002.0,35.0
1077,3987.0,44.0,0.9757678189291682,235003.0,35.0
1078,3791.0,57.0,0.9869078599103066,235009.0,35.0
1079,4047.0,34.0,0.9935399754023412,235010.0,35.0
1080,3787.0,3.0,0.9635274098706516,235015.0,35.0
1081,4030.0,25.0,0.9859808050761557,235017.0,35.0
1082,3905.0,32.0,0.981873540206693,235018.0,35.0
1083,3999.0,7.0,0.9818359360271445,235020.0,35.0
1084,3823.0,40.0,0.9799334042539862,235024.0,35.0
1085,3906.0,32.0,0.9902278748609087,235025.0,35.0
1086,3893.0,53.0,0.982425769016527,235029.0,35.0
1087,3801.0,41.0,0.9811978759763972,235030.0,35.0
1088,3744.0,19.0,0.9736964365124899,235032.0,35.0
1089,3909.0,8.0,0.9872753970009357,235036.0,35.0
1090,4109.0,31.0,0.9926552288433547,235038.0,35.0
1091,3618.0,1.0,0.9791846145098869,235041.0,35.0
1092,4061.0,48.0,0.991561944636097,235045.0,35.0
1093,4196.0,10.0,0.9909360660117598,235047.0,35.0
1094,4047.0,28.0,0.9832246966013296,235048.0,35.0
1095,3662.0,38.0,0.9937028260489575,235050.0,35.0
1096,4032.0,25.0,0.9802268843380731,235057.0,35.0
1097,3910.0,8.0,0.9847267549787111,235058.0,35.0
1098,4048.0,28.0,0.9842619637746987,235059.0,35.0
1099,3619.0,1.0,0.9878633939219099,235061.0,35.0
1100,4056.0,30.0,0.9783955707198762,235063.0,35.0
1101,4063.0,48.0,0.997303572319707,235064.0,35.0
1102,3616.0,56.0,0.9824301623272754,235071.0,35.0
1103,3664.0,37.0,0.9910687303741591,235072.0,35.0
1104,3858.0,21.0,0.9829038565444507,235073.0,35.0
1105,3664.0,38.0,0.9886107705568903,235084.0,35.0
1106,4167.0,43.0,0.9916317748988042,235088.0,35.0
1107,3859.0,21.0,0.9858964863956657,235092.0,35.0
1108,3516.0,0.0,0.9677042869108886,235094.0,35.0
1109,3621.0,1.0,0.9913589423979422,235098.0,35.0
1110,3911.0,8.0,0.9881672899741457,235099.0,35.0
1111,4000.0,7.0,0.990682485415987,235100.0,35.0
1112,3574.0,2.0,0.9674681113027873,235101.0,35.0
1113,4198.0,10.0,0.996808397696356,235104.0,35.0
1114,3822.0,22.0,0.9729056301472727,235107.0,35.0
1115,3854.0,52.0,0.9863305831355479,235110.0,35.0
1116,3826.0,40.0,0.9828782865798132,235113.0,35.0
1117,4064.0,48.0,0.9741645706169104,235125.0,35.0
1118,3890.0,51.0,0.9870634207949468,235128.0,35.0
1119,4768.0,17.0,0.9793928320074943,235137.0,35.0
1120,4032.0,26.0,0.9885370297243317,235145.0,35.0
1121,3900.0,45.0,0.9874688623335311,235153.0,35.0
1122,3830.0,23.0,0.992298084865631,235159.0,35.0
1123,3614.0,55.0,0.9887508458794543,235160.0,35.0
1124,3901.0,45.0,0.9852091538159176,235161.0,35.0
1125,4111.0,31.0,0.9904321689579807,235165.0,35.0
1126,3619.0,56.0,0.9919805426041002,235171.0,35.0
1127,3792.0,57.0,0.9732340036658398,235172.0,35.0
1128,3928.0,13.0,0.991346736629873,235174.0,35.0
1129,3856.0,52.0,0.985142458315679,235177.0,35.0
1130,4032.0,49.0,0.985463160430667,235182.0,35.0
1131,3665.0,38.0,0.9860384620451792,235185.0,35.0
1132,3747.0,20.0,0.9967254016892745,235189.0,35.0
1133,4068.0,48.0,0.9901029790561554,235191.0,35.0
1134,3861.0,21.0,0.9882378953223747,235192.0,35.0
1135,4025.0,12.0,0.9753708069510613,235193.0,35.0
1136,4035.0,26.0,0.9870255440052064,235195.0,35.0
1137,3908.0,32.0,0.9976448964306726,235196.0,35.0
1138,3876.0,39.0,0.9956812214058276,235201.0,35.0
1139,3794.0,57.0,0.9580755401857416,235203.0,35.0
1140,3988.0,24.0,0.9577167233562195,235206.0,35.0
1141,3909.0,32.0,0.9706542722829791,235208.0,35.0
1142,3989.0,24.0,0.9857203485079492,235211.0,35.0
1143,4050.0,28.0,0.9883864610163607,235215.0,35.0
1144,3929.0,27.0,0.9863784549388492,235222.0,35.0
1145,4058.0,47.0,0.9882034707861284,235223.0,35.0
1146,4114.0,31.0,0.9860946935909434,235224.0,35.0
1147,3518.0,0.0,0.9918941196973937,235226.0,35.0
1148,3576.0,2.0,0.9826560279061465,235231.0,35.0
1149,4116.0,31.0,0.9845528440882118,235242.0,35.0
1150,3914.0,8.0,0.9940482782503192,235244.0,35.0
1151,3892.0,51.0,0.9770350677712152,235245.0,35.0
1152,4027.0,12.0,0.9867065005684961,235249.0,35.0
1153,3797.0,5.0,0.9895293033289474,235250.0,35.0
1154,3945.0,50.0,0.9862494378485465,235252.0,35.0
1155,3696.0,58.0,0.980523372841875,235259.0,35.0
1156,3759.0,36.0,0.9894060528430524,235265.0,35.0
1157,3904.0,45.0,0.9816344947498562,235266.0,35.0
1158,3827.0,18.0,0.9883838266313497,235273.0,35.0
1159,3760.0,36.0,0.9885461781453168,235274.0,35.0
1160,3797.0,57.0,0.994967489013237,235277.0,35.0
1161,3761.0,36.0,0.9871674095646132,235278.0,35.0
1162,4039.0,29.0,0.9813841011672417,235279.0,35.0
1163,3991.0,24.0,0.9809529845838502,235280.0,35.0
1164,3697.0,58.0,0.9852150374596756,235284.0,35.0
1165,3788.0,3.0,0.9652726939494966,235286.0,35.0
1166,4003.0,7.0,0.9819104309755512,235288.0,35.0
1167,4117.0,31.0,0.9796647264262983,235292.0,35.0
1168,4062.0,30.0,0.991841679999224,235293.0,35.0
1169,4170.0,43.0,0.9867473495382691,235295.0,35.0
1170,4051.0,34.0,0.9874809786083399,235297.0,35.0
1171,4037.0,26.0,0.9858211295149971,235300.0,35.0
1172,3624.0,1.0,0.9762242123158406,235304.0,35.0
1173,3808.0,54.0,0.9818606900568183,235305.0,35.0
1174,3894.0,51.0,0.9826605566681386,235306.0,35.0
1175,4034.0,25.0,0.9839793017427565,235308.0,35.0
1176,4038.0,26.0,0.9647334451619167,235311.0,35.0
1177,3878.0,39.0,0.9878568800775228,235312.0,35.0
1178,3580.0,2.0,0.9780820398460041,235313.0,35.0
1179,4060.0,47.0,0.9759796752596539,235315.0,35.0
1180,4052.0,34.0,0.9667625631790945,235322.0,35.0
1181,3520.0,0.0,0.9912799996559296,235325.0,35.0
1182,3895.0,51.0,0.9956322450058825,235326.0,35.0
1183,3618.0,55.0,0.9916789227901381,235332.0,35.0
1184,3522.0,0.0,0.9619308498603604,235342.0,35.0
1185,3668.0,37.0,0.9852194482913063,235346.0,35.0
1186,3809.0,54.0,0.9726226851490736,235356.0,35.0
1187,3623.0,56.0,0.9799960765153042,235366.0,35.0
1188,4040.0,26.0,0.9640897644160779,235370.0,35.0
1189,3810.0,54.0,0.9932595051892589,235371.0,35.0
1190,3619.0,55.0,0.9789514663982009,235373.0,35.0
1191,4120.0,31.0,0.9742959197449464,235375.0,35.0
1192,3620.0,55.0,0.9917440718588896,235376.0,35.0
1193,4053.0,33.0,0.990122824279303,235377.0,35.0
1194,3992.0,24.0,1.0,235379.0,35.0
1195,4036.0,25.0,0.9600781255849546,235382.0,35.0
1196,3932.0,27.0,0.9917961068094356,235389.0,35.0
1197,3670.0,37.0,0.987533372008536,235392.0,35.0
1198,4042.0,29.0,0.9881452258019157,235394.0,35.0
1199,3625.0,56.0,0.9843126569514044,235398.0,35.0
1200,3749.0,19.0,0.9693115116703936,235406.0,35.0
1201,3905.0,45.0,0.9809001635854351,235409.0,35.0
1202,4205.0,10.0,0.9565246811253211,235411.0,35.0
1203,3864.0,21.0,0.9856299931021694,235417.0,35.0
1204,3700.0,58.0,0.9876455450382153,235419.0,35.0
1205,3828.0,22.0,0.9814845537561778,235423.0,35.0
1206,4073.0,35.0,0.9723517344648891,235427.0,35.0
1207,4030.0,12.0,0.9849542739264531,235429.0,35.0
1208,3936.0,27.0,0.9910825197155338,235438.0,35.0
1209,3937.0,27.0,0.9562552706748527,235439.0,35.0
1210,3791.0,3.0,0.9586615303867333,235441.0,35.0
1211,3938.0,27.0,0.9878901076554009,235450.0,35.0
1212,3861.0,52.0,0.9790308356598877,235452.0,35.0
1213,3994.0,44.0,0.9781100508577562,235453.0,35.0
1214,3524.0,0.0,0.9873729745024558,235457.0,35.0
1215,3953.0,50.0,0.9795846913856141,235458.0,35.0
1216,3920.0,8.0,0.9881623987821321,235465.0,35.0
1217,3748.0,20.0,0.9639506726458381,235470.0,35.0
1218,3935.0,13.0,0.9833659386724237,235473.0,35.0
1219,3900.0,53.0,0.9739823935804418,235479.0,35.0
1220,4045.0,29.0,0.9847968766092846,235481.0,35.0
1221,3998.0,24.0,0.9680844739863238,235495.0,35.0
1222,3803.0,5.0,0.9910855957124987,235497.0,35.0
1223,3673.0,37.0,0.9889509819204793,235499.0,35.0
1224,3830.0,40.0,0.982830845248251,235502.0,35.0
1225,4054.0,34.0,0.9914467573083376,235506.0,35.0
1226,3799.0,57.0,0.984707539701344,235525.0,35.0
1227,3897.0,51.0,0.9824525771720409,235531.0,35.0
1228,3801.0,57.0,0.9842490330581928,235534.0,35.0
1229,3811.0,41.0,0.9827682585207148,235535.0,35.0
1230,4041.0,25.0,0.9806472604900474,235536.0,35.0
1231,4122.0,31.0,0.9679406161172197,235538.0,35.0
1232,3588.0,2.0,0.986045433248442,235546.0,35.0
1233,4000.0,24.0,0.9880727465884057,235551.0,35.0
1234,3882.0,39.0,0.9895305487660179,235552.0,35.0
1235,3939.0,13.0,0.9871741388234052,235554.0,35.0
1236,3589.0,2.0,1.0,235555.0,35.0
1237,4055.0,33.0,0.991401506750055,235557.0,35.0
1238,3942.0,27.0,0.9859675238493414,235562.0,35.0
1239,3672.0,38.0,0.987318341263353,235566.0,35.0
1240,3902.0,53.0,0.9883577771495654,235567.0,35.0
1241,3590.0,2.0,0.9890740283222067,235568.0,35.0
1242,4001.0,24.0,0.9672832025463136,235569.0,35.0
1243,3862.0,52.0,0.9898978497976266,235574.0,35.0
1244,3868.0,21.0,0.9920157504492019,235577.0,35.0
1245,4056.0,34.0,0.9930705672370017,235583.0,35.0
1246,3834.0,23.0,0.9854629347269611,235589.0,35.0
1247,3996.0,44.0,0.9902192431689643,235593.0,35.0
1248,3751.0,20.0,0.9917785512768457,235594.0,35.0
1249,3863.0,52.0,0.9870821456421148,235599.0,35.0
1250,3674.0,38.0,0.9857824631135415,235600.0,35.0
1251,3756.0,19.0,0.9769170002698903,235605.0,35.0
1252,3525.0,0.0,0.9777815840776984,235610.0,35.0
1253,3812.0,41.0,0.9929458875098197,235612.0,35.0
1254,3899.0,51.0,0.9890546500495876,235615.0,35.0
1255,4208.0,10.0,0.9824428470415187,235617.0,35.0
1256,4056.0,33.0,0.9834326623356463,235619.0,35.0
1257,4043.0,25.0,0.9782977019106767,235623.0,35.0
1258,3915.0,32.0,0.9932634923797111,235625.0,35.0
1259,3702.0,58.0,0.992077279151201,235626.0,35.0
1260,3944.0,27.0,0.955278194223239,235628.0,35.0
1261,4066.0,30.0,0.9872811284821708,235630.0,35.0
1262,3761.0,4.0,0.9918943197699761,235632.0,35.0
1263,3624.0,55.0,0.9914431804682368,235636.0,35.0
1264,3591.0,2.0,0.9881036228267324,235640.0,35.0
1265,4047.0,29.0,0.9954930857277674,235641.0,35.0
1266,3631.0,56.0,0.9843936082882163,235643.0,35.0
1267,3758.0,19.0,0.9910857435408343,235644.0,35.0
1268,3997.0,44.0,0.9827805588160196,235645.0,35.0
1269,3625.0,55.0,0.984282979940572,235651.0,35.0
1270,3904.0,53.0,0.9919400751016912,235654.0,35.0
1271,4049.0,29.0,0.9809462565430076,235663.0,35.0
1272,3982.0,14.0,0.9866956921778146,235668.0,35.0
1273,3836.0,22.0,0.9737666397648411,235672.0,35.0
1274,3908.0,45.0,0.9908251663210995,235675.0,35.0
1275,3945.0,27.0,0.9850633585196753,235678.0,35.0
1276,3870.0,21.0,0.9824244016666203,235679.0,35.0
1277,4059.0,28.0,0.996150649193332,235681.0,35.0
1278,3924.0,46.0,0.9867378639967886,235683.0,35.0
1279,3632.0,56.0,0.9663072130360103,235688.0,35.0
1280,3804.0,57.0,0.9911700593256094,235689.0,35.0
1281,3909.0,45.0,0.9846027290937156,235692.0,35.0
1282,3926.0,8.0,0.9853882727007356,235695.0,35.0
1283,3592.0,2.0,0.9897524592261405,235697.0,35.0
1284,3593.0,2.0,0.9755854230042842,235698.0,35.0
1285,3527.0,0.0,0.9916066099756078,235699.0,35.0
1286,4045.0,25.0,0.990874062358942,235712.0,35.0
1287,4553.0,15.0,0.9712690838736535,235714.0,35.0
1288,3833.0,40.0,0.977565758540765,235716.0,35.0
1289,4057.0,33.0,0.9821099048657842,235718.0,35.0
1290,3864.0,52.0,0.9827848290174254,235719.0,35.0
1291,4011.0,6.0,0.9886668002736513,235721.0,35.0
1292,4124.0,31.0,0.9882410500837442,235723.0,35.0
1293,4176.0,43.0,0.9897569482402729,235724.0,35.0
1294,3628.0,1.0,0.9913605555084094,235727.0,35.0
1295,3947.0,27.0,0.9900291329205361,235740.0,35.0
1296,4210.0,10.0,0.9848033548972787,235744.0,35.0
1297,4211.0,10.0,0.9953352124730294,235746.0,35.0
1298,4305.0,11.0,0.982199548557498,235748.0,35.0
1299,3528.0,0.0,0.9961643898388678,235764.0,35.0
1300,3529.0,0.0,0.9793119748059165,235767.0,35.0
1301,3883.0,39.0,0.9859467956591131,235771.0,35.0
1302,3627.0,55.0,0.9805722290908012,235772.0,35.0
1303,4069.0,30.0,0.9867934492005191,235778.0,35.0
1304,3798.0,3.0,0.9838897600828043,235784.0,35.0
1305,4769.0,17.0,0.9685176571160314,235786.0,35.0
1306,3705.0,58.0,0.9954793801552871,235790.0,35.0
1307,3873.0,21.0,0.9806778499393702,235792.0,35.0
1308,4126.0,31.0,0.9627355780728399,235796.0,35.0
1309,3530.0,0.0,0.9715707682261905,235797.0,35.0
1310,3817.0,54.0,0.9877108059420474,235799.0,35.0
1311,3866.0,52.0,0.9883161723056805,235802.0,35.0
1312,4060.0,28.0,0.9878490402438322,235806.0,35.0
1313,3764.0,19.0,0.9824123329296478,235807.0,35.0
1314,3595.0,2.0,0.9861326659325265,235808.0,35.0
1315,4556.0,15.0,0.9772947911276413,235811.0,35.0
1316,3765.0,19.0,0.9774324433170424,235821.0,35.0
1317,3766.0,19.0,0.9638939712571086,235822.0,35.0
1318,3596.0,2.0,0.9847138673791321,235826.0,35.0
1319,3807.0,57.0,0.9520932108996223,235827.0,35.0
1320,3801.0,3.0,0.9862389207403812,235836.0,35.0
1321,4127.0,31.0,0.9873452908830599,235838.0,35.0
1322,3867.0,52.0,0.9874508448058704,235843.0,35.0
1323,3808.0,57.0,0.9806059666105357,235845.0,35.0
1324,4052.0,29.0,0.9744107248804817,235853.0,35.0
1325,4308.0,11.0,0.9909469976465878,235858.0,35.0
1326,3841.0,23.0,0.9856019911985096,235860.0,35.0
1327,4061.0,34.0,0.9875924550560365,235862.0,35.0
1328,3637.0,56.0,0.9845615160676815,235865.0,35.0
1329,3775.0,57.0,0.9624796277134017,233822.0,35.0
1330,4271.0,11.0,0.9895759290641059,233842.0,35.0
1331,3708.0,58.0,0.9925795016488692,235913.0,35.0
1332,4016.0,34.0,0.9832369793113823,233865.0,35.0
1333,3862.0,51.0,0.9722611828984404,233872.0,35.0
1334,4004.0,26.0,0.962642520897039,233873.0,35.0
1335,3755.0,20.0,0.9764124450860313,235924.0,35.0
1336,4216.0,10.0,0.9852159436273483,235937.0,35.0
1337,3920.0,32.0,0.9674967393838643,235951.0,35.0
1338,4072.0,47.0,0.9968827485910555,235965.0,35.0
1339,3810.0,5.0,0.9820348786281735,235973.0,35.0
1340,3651.0,38.0,0.976245130986027,233975.0,35.0
1341,3779.0,41.0,0.9850064765893487,233980.0,35.0
1342,3805.0,3.0,0.9593893525266168,236032.0,35.0
1343,4040.0,47.0,0.9835628909298434,233992.0,35.0
1344,3556.0,2.0,0.9665254932221458,233993.0,35.0
1345,4059.0,35.0,0.9661351602883834,234004.0,35.0
1346,3557.0,2.0,0.9702896584797452,234018.0,35.0
1347,3507.0,0.0,0.9893775011269693,234035.0,35.0
1348,4010.0,12.0,0.9806943174466493,234050.0,35.0
1349,4011.0,12.0,0.9605291929155876,234051.0,35.0
1350,4053.0,25.0,0.9787656269400691,236108.0,35.0
1351,3890.0,39.0,0.9893083179094454,236111.0,35.0
1352,3819.0,23.0,0.9701350660499619,234081.0,35.0
1353,3843.0,52.0,0.9550536641881361,234092.0,35.0
1354,3593.0,55.0,0.9846126324567507,234095.0,35.0
1355,3737.0,20.0,0.9867028180859913,234101.0,35.0
1356,3925.0,50.0,0.9667461001539907,234105.0,35.0
1357,3774.0,5.0,0.967082003667725,234126.0,35.0
1358,3808.0,18.0,0.987974647990531,234136.0,35.0
1359,4023.0,28.0,0.9791114195573514,234146.0,35.0
1360,4022.0,29.0,0.9749955115898513,234157.0,35.0
1361,4055.0,25.0,0.9803740793580998,236218.0,35.0
1362,2352.0,59.0,0.9860397275842203,232125.0,35.0
1363,3852.0,23.0,0.9859190668239832,236223.0,35.0
1364,3894.0,8.0,0.9763170220759051,234177.0,35.0
1365,4065.0,28.0,0.9704128725208628,236226.0,35.0
1366,4247.0,11.0,0.9750273114582352,232132.0,35.0
1367,3772.0,22.0,0.9856511489244543,232134.0,35.0
1368,3614.0,37.0,0.9877892302040958,232143.0,35.0
1369,3615.0,37.0,0.9807464365145985,232167.0,35.0
1370,3681.0,4.0,0.9918386282407785,232171.0,35.0
1371,3616.0,37.0,0.9817819951785283,232172.0,35.0
1372,3740.0,54.0,0.9816672322410823,232176.0,35.0
1373,3854.0,32.0,0.9769165644878498,232177.0,35.0
1374,4230.0,10.0,0.9854787554435396,236283.0,35.0
1375,3918.0,14.0,0.9874319889518322,232188.0,35.0
1376,3828.0,51.0,0.9868629917126528,232196.0,35.0
1377,4320.0,11.0,0.9823350905873757,236294.0,35.0
1378,3849.0,40.0,0.9865404513178849,236296.0,35.0
1379,2367.0,59.0,0.9914881412795881,232202.0,35.0
1380,3849.0,46.0,0.9683968413913943,232203.0,35.0
1381,3756.0,18.0,0.9560643245933607,232225.0,35.0
1382,3691.0,36.0,0.9923352116697464,232229.0,35.0
1383,4024.0,29.0,0.9816179790368488,234282.0,35.0
1384,2375.0,59.0,0.9967236181450725,232237.0,35.0
1385,3685.0,4.0,0.9850528546780419,232249.0,35.0
1386,4164.0,9.0,0.9780509895822026,232251.0,35.0
1387,2377.0,59.0,0.9894411511645561,232254.0,35.0
1388,3601.0,56.0,0.9851656636591701,234309.0,35.0
1389,4025.0,34.0,0.9889646849649387,234310.0,35.0
1390,3687.0,4.0,0.9863401984349897,232263.0,35.0
1391,2378.0,59.0,0.9851636917174481,232267.0,35.0
1392,4613.0,16.0,0.9744078219660431,232278.0,35.0
1393,4116.0,42.0,0.9903861598992979,234327.0,35.0
1394,3894.0,39.0,0.9945512608702091,236375.0,35.0
1395,4028.0,30.0,0.9892019973231317,232281.0,35.0
1396,3934.0,24.0,0.9783302234941559,232292.0,35.0
1397,3602.0,56.0,0.9722681798346067,234348.0,35.0
1398,3921.0,14.0,0.9901895772310547,232302.0,35.0
1399,4042.0,30.0,0.9840390839118474,234353.0,35.0
1400,3781.0,57.0,0.9844775407707339,234355.0,35.0
1401,4614.0,16.0,0.9736444230011227,232310.0,35.0
1402,3954.0,13.0,0.9807405681395363,236408.0,35.0
1403,3994.0,34.0,0.9892261569297971,232312.0,35.0
1404,4043.0,30.0,0.9827751620027165,234364.0,35.0
1405,3617.0,37.0,0.9841699388834698,232317.0,35.0
1406,3807.0,21.0,0.983036519103878,232318.0,35.0
1407,3812.0,23.0,0.9790934025264133,232319.0,35.0
1408,3691.0,38.0,0.9919799548048492,236420.0,35.0
1409,4249.0,11.0,0.979908667333502,232325.0,35.0
1410,3551.0,0.0,0.9801630678184939,236427.0,35.0
1411,3839.0,45.0,0.9731609444338614,232332.0,35.0
1412,3975.0,50.0,0.988513511486535,236435.0,35.0
1413,3984.0,33.0,0.9894054483454756,232341.0,35.0
1414,4114.0,43.0,0.9796076730455997,232343.0,35.0
1415,2387.0,59.0,0.9828899183374363,232346.0,35.0
1416,3510.0,0.0,0.9710552965056594,234394.0,35.0
1417,3830.0,51.0,0.989191494147302,232349.0,35.0
1418,3978.0,44.0,0.9834739841429508,234397.0,35.0
1419,3696.0,36.0,0.9930219149442493,232352.0,35.0
1420,3692.0,38.0,0.9854149230961399,236453.0,35.0
1421,3929.0,50.0,0.9852888988920884,234408.0,35.0
1422,3726.0,58.0,0.9891387078631453,236457.0,35.0
1423,4029.0,30.0,0.9896908332783108,232361.0,35.0
1424,4115.0,43.0,0.9738240062725646,232367.0,35.0
1425,3979.0,44.0,0.9827549705720023,234421.0,35.0
1426,4120.0,42.0,0.9825100495273905,234424.0,35.0
1427,3692.0,4.0,0.9882874056227182,232377.0,35.0
1428,3958.0,49.0,0.9920887426477728,232379.0,35.0
1429,3843.0,53.0,0.987244609861688,232382.0,35.0
1430,4534.0,15.0,0.9874817310155704,234432.0,35.0
1431,3655.0,38.0,0.9893538913350326,234433.0,35.0
1432,3902.0,8.0,0.9906361846179739,234434.0,35.0
1433,3755.0,3.0,0.9962633710840478,232393.0,35.0
1434,3773.0,22.0,0.9946487902442878,232396.0,35.0
1435,3696.0,4.0,0.9882530905915431,232398.0,35.0
1436,4235.0,10.0,0.980391449865144,236495.0,35.0
1437,3916.0,27.0,0.9879208320949985,234451.0,35.0
1438,3857.0,46.0,0.9849861608140046,232407.0,35.0
1439,3805.0,22.0,0.9843037908064382,234460.0,35.0
1440,3699.0,4.0,0.9801982331294372,232421.0,35.0
1441,3981.0,26.0,0.9748389992845446,232422.0,35.0
1442,3962.0,49.0,0.9893198534330991,232424.0,35.0
1443,4507.0,15.0,0.9890639635513278,232425.0,35.0
1444,3846.0,52.0,0.9865416815064388,234478.0,35.0
1445,3847.0,21.0,0.9934491349722495,234480.0,35.0
1446,3986.0,33.0,0.984919459462616,232443.0,35.0
1447,3699.0,36.0,0.9762549681942362,232451.0,35.0
1448,3817.0,40.0,0.9876724807188284,234500.0,35.0
1449,3992.0,28.0,0.9710948114573253,232454.0,35.0
1450,3964.0,49.0,0.9845977827583551,232466.0,35.0
1451,3988.0,33.0,0.9773299422354637,232468.0,35.0
1452,4173.0,9.0,0.9828338032382343,232472.0,35.0
1453,3986.0,12.0,0.9700893293578807,232480.0,35.0
1454,3608.0,1.0,0.9904959324885002,234528.0,35.0
1455,4031.0,34.0,0.9817163231656586,234532.0,35.0
1456,3784.0,57.0,0.9804489898301214,234538.0,35.0
1457,3540.0,2.0,0.9661880542007132,232496.0,35.0
1458,3654.0,56.0,0.9693501092965678,236593.0,35.0
1459,4251.0,11.0,0.9681696920255894,232497.0,35.0
1460,3991.0,33.0,0.9807723336640667,232498.0,35.0
1461,3782.0,20.0,0.9823397607712703,236598.0,35.0
1462,4028.0,29.0,0.9912642135335432,234551.0,35.0
1463,3928.0,14.0,0.9844673580002706,232508.0,35.0
1464,3966.0,49.0,0.9852587516405746,232526.0,35.0
1465,3606.0,56.0,0.9830909320296243,234574.0,35.0
1466,3929.0,14.0,0.9778187875459876,232534.0,35.0
1467,4252.0,11.0,0.9756110300782643,232545.0,35.0
1468,3820.0,18.0,0.9914929562537871,234598.0,35.0
1469,3762.0,57.0,0.9821495141615455,232551.0,35.0
1470,3888.0,27.0,0.9796686319908922,232553.0,35.0
1471,3737.0,19.0,0.9938117224475649,234605.0,35.0
1472,3556.0,1.0,0.9831291113586632,232559.0,35.0
1473,3833.0,51.0,0.9880694043905103,232561.0,35.0
1474,4011.0,35.0,0.9685947886990847,232566.0,35.0
1475,3745.0,5.0,0.9745923237328424,232570.0,35.0
1476,3917.0,45.0,0.9809396299410587,236679.0,35.0
1477,3757.0,3.0,0.975200284968549,232586.0,35.0
1478,3787.0,20.0,0.9878459831127556,236683.0,35.0
1479,4535.0,15.0,0.9747647646904462,234640.0,35.0
1480,3921.0,13.0,0.973007047430574,234642.0,35.0
1481,3982.0,26.0,0.9657090191373451,232600.0,35.0
1482,3765.0,18.0,0.9748122106617807,232602.0,35.0
1483,3980.0,44.0,0.9699402957958732,234658.0,35.0
1484,3795.0,54.0,0.9901965100932401,234659.0,35.0
1485,3845.0,53.0,0.9728367091636838,232616.0,35.0
1486,4034.0,34.0,0.9679700877047456,234666.0,35.0
1487,3937.0,24.0,0.987684336804341,232627.0,35.0
1488,3624.0,37.0,0.9906841795156616,232631.0,35.0
1489,3859.0,46.0,0.9888716281658693,232636.0,35.0
1490,4188.0,43.0,0.9756769425202676,236734.0,35.0
1491,3969.0,49.0,0.990522620433366,232638.0,35.0
1492,3872.0,8.0,0.9805162467020249,232639.0,35.0
1493,4175.0,9.0,0.9589029296150717,232640.0,35.0
1494,3776.0,3.0,0.9685216765868224,234692.0,35.0
1495,3749.0,5.0,0.9858108659462081,232645.0,35.0
1496,3929.0,44.0,0.9569571819467619,232646.0,35.0
1497,3791.0,20.0,0.9769717479596391,236743.0,35.0
1498,3851.0,45.0,0.9872883995073747,232659.0,35.0
1499,4055.0,31.0,0.9718314911914624,232661.0,35.0
1500,3749.0,54.0,0.9744445647665115,232667.0,35.0
1501,3847.0,53.0,0.9855134098700277,232671.0,35.0
1502,3778.0,3.0,0.9738141992411302,234722.0,35.0
1503,4011.0,47.0,0.9806925273060636,232676.0,35.0
1504,4180.0,10.0,0.9864352857901213,232677.0,35.0
1505,3848.0,53.0,0.9770917356415009,232683.0,35.0
1506,3568.0,2.0,0.9844488123489608,234732.0,35.0
1507,3625.0,37.0,0.9852430079234091,232687.0,35.0
1508,3978.0,13.0,0.9864357907361463,236785.0,35.0
1509,4034.0,29.0,0.9730081708697991,234740.0,35.0
1510,3939.0,24.0,0.9797899016064746,232698.0,35.0
1511,3750.0,54.0,0.9847977546677611,232699.0,35.0
1512,3795.0,41.0,0.986273011831355,234749.0,35.0
1513,3898.0,32.0,0.9682619682475376,234757.0,35.0
1514,3823.0,39.0,0.970818597996401,232712.0,35.0
1515,3945.0,7.0,0.9514940330569727,232714.0,35.0
1516,3851.0,21.0,0.9858878020317954,234765.0,35.0
1517,4066.0,35.0,0.985703588707634,234768.0,35.0
1518,3836.0,51.0,0.9865447122337336,232721.0,35.0
1519,3704.0,38.0,0.9783216862768289,236819.0,35.0
1520,3751.0,5.0,0.9929987366965978,232724.0,35.0
1521,3564.0,1.0,0.9647507022055678,232725.0,35.0
1522,3611.0,56.0,0.9975064785018486,234775.0,35.0
1523,3882.0,23.0,0.9823193495123057,236830.0,35.0
1524,4511.0,15.0,0.9885455218965207,232735.0,35.0
1525,4019.0,48.0,0.9921592667882524,232737.0,35.0
1526,3908.0,13.0,0.9568162669652923,232739.0,35.0
1527,4083.0,25.0,0.9886868068997112,236848.0,35.0
1528,3919.0,45.0,0.9835666661833112,236850.0,35.0
1529,3707.0,38.0,0.9805083480949293,236852.0,35.0
1530,4569.0,15.0,0.9747178168661711,236854.0,35.0
1531,3826.0,23.0,0.9869688606996643,234806.0,35.0
1532,3575.0,0.0,0.9666863414412917,236856.0,35.0
1533,3689.0,58.0,0.9903836360134121,234811.0,35.0
1534,3620.0,2.0,0.9609234152505283,236862.0,35.0
1535,4029.0,25.0,0.9806924653343283,234819.0,35.0
1536,4056.0,48.0,0.9609592890749348,234821.0,35.0
1537,3874.0,8.0,0.9758198708447409,232776.0,35.0
1538,4019.0,35.0,0.994811529927698,232777.0,35.0
1539,3947.0,7.0,0.9861854838521196,232778.0,35.0
1540,3999.0,33.0,0.9665582326669849,232779.0,35.0
1541,3889.0,23.0,1.0,236876.0,35.0
1542,4078.0,47.0,0.9842070282400568,236878.0,35.0
1543,3847.0,41.0,0.9777866735769999,236881.0,35.0
1544,3981.0,13.0,0.9897543802329054,236883.0,35.0
1545,3865.0,46.0,0.9857873356083364,232789.0,35.0
1546,4056.0,31.0,0.9814980108228053,232795.0,35.0
1547,3743.0,58.0,0.9837073350060721,236894.0,35.0
1548,4043.0,6.0,0.9869514801859385,236895.0,35.0
1549,4057.0,31.0,0.9689332460903393,232798.0,35.0
1550,3988.0,12.0,0.979886186860378,232801.0,35.0
1551,3770.0,18.0,0.983821446588817,232802.0,35.0
1552,4073.0,29.0,0.9836090403158891,236899.0,35.0
1553,3576.0,55.0,0.9849975145228149,232808.0,35.0
1554,4253.0,10.0,0.9705496285681723,236907.0,35.0
1555,3739.0,19.0,0.9879611784643603,234859.0,35.0
1556,3812.0,21.0,0.981802670512221,232829.0,35.0
1557,3935.0,14.0,0.9814523439711856,232832.0,35.0
1558,3852.0,45.0,0.9941982303974303,232836.0,35.0
1559,3806.0,20.0,0.9907079398601286,236934.0,35.0
1560,4057.0,12.0,0.9852326006110405,236936.0,35.0
1561,3920.0,45.0,0.9856548489431423,236938.0,35.0
1562,4195.0,10.0,0.9810529950024603,234891.0,35.0
1563,3921.0,45.0,0.9947079939632016,236945.0,35.0
1564,3997.0,7.0,0.9814962613224255,234900.0,35.0
1565,4045.0,6.0,0.9862429961523296,236949.0,35.0
1566,3869.0,39.0,0.976340040240296,234901.0,35.0
1567,3807.0,20.0,0.9974394692824127,236951.0,35.0
1568,3924.0,27.0,0.9791713498655014,234907.0,35.0
1569,4770.0,17.0,0.982860341568119,236957.0,35.0
1570,3812.0,52.0,0.9800805995072345,232863.0,35.0
1571,3610.0,55.0,0.9818860512175409,234911.0,35.0
1572,4089.0,25.0,0.9811523821476591,236963.0,35.0
1573,3791.0,5.0,0.9844342375750742,234915.0,35.0
1574,3840.0,51.0,0.9867912330099781,232878.0,35.0
1575,3984.0,13.0,0.9814972544661298,236975.0,35.0
1576,3985.0,13.0,0.9803494433675685,236976.0,35.0
1577,4054.0,30.0,0.9724410195982588,234926.0,35.0
1578,3984.0,26.0,0.9643626581403452,232883.0,35.0
1579,3985.0,26.0,0.976525117186642,232892.0,35.0
1580,3890.0,27.0,0.962690822724366,232897.0,35.0
1581,3796.0,19.0,0.9957365789073209,236994.0,35.0
1582,4091.0,25.0,0.9914730123508508,236997.0,35.0
1583,3711.0,36.0,0.9806588000412855,232901.0,35.0
1584,3950.0,7.0,0.9702903367918586,232902.0,35.0
1585,4093.0,48.0,0.9936745349193532,237001.0,35.0
1586,3742.0,19.0,0.9703508213216382,234957.0,35.0
1587,3812.0,20.0,0.9770753364443258,237006.0,35.0
1588,3988.0,13.0,0.983638796992224,237007.0,35.0
1589,3966.0,6.0,0.9786156033638121,232912.0,35.0
1590,4032.0,30.0,0.9910548074879829,232914.0,35.0
1591,3692.0,58.0,0.9686900899497035,234963.0,35.0
1592,3753.0,36.0,0.991038491724505,234967.0,35.0
1593,4132.0,43.0,0.9641094892872634,232921.0,35.0
1594,3872.0,39.0,0.966583998203844,234970.0,35.0
1595,3815.0,20.0,0.979046351522433,237022.0,35.0
1596,3797.0,19.0,0.9826876358328432,237024.0,35.0
1597,3871.0,46.0,0.9860614390598523,232929.0,35.0
1598,3937.0,50.0,0.9672755316904009,234978.0,35.0
1599,4016.0,47.0,0.9650362864803321,232932.0,35.0
1600,3895.0,23.0,0.9813643124456478,237033.0,35.0
1601,3892.0,53.0,0.9732822390735145,234986.0,35.0
1602,4047.0,6.0,0.978912232673179,237035.0,35.0
1603,4088.0,42.0,0.9617700518052031,232940.0,35.0
1604,3904.0,32.0,0.9956573845551487,234992.0,35.0
1605,3951.0,7.0,0.9827943832201631,232946.0,35.0
1606,3628.0,37.0,0.9891284017788635,232947.0,35.0
1607,3819.0,20.0,0.9855386944666168,237049.0,35.0
1608,3795.0,40.0,0.9738888241602278,232955.0,35.0
1609,4003.0,33.0,0.968453166718667,232962.0,35.0
1610,3818.0,21.0,0.9910852977811448,232965.0,35.0
1611,3571.0,2.0,0.9545668729425894,235014.0,35.0
1612,3713.0,36.0,0.9813407980952772,232974.0,35.0
1613,3580.0,55.0,0.9732875292831425,232975.0,35.0
1614,3796.0,40.0,0.9828226844927985,232977.0,35.0
1615,3967.0,6.0,0.9859289500308328,232991.0,35.0
1616,4572.0,15.0,0.9837997178687349,237088.0,35.0
1617,3858.0,45.0,0.9852380803674674,232993.0,35.0
1618,3777.0,22.0,0.9827184297740637,232994.0,35.0
1619,3548.0,2.0,0.9838468902985397,233002.0,35.0
1620,4062.0,48.0,0.977728304096342,235051.0,35.0
1621,3997.0,28.0,0.9656994476893431,233018.0,35.0
1622,3927.0,27.0,0.9925906960243315,235066.0,35.0
1623,3515.0,0.0,0.9801245375594403,235068.0,35.0
1624,3757.0,54.0,0.9876763919176387,233024.0,35.0
1625,3878.0,8.0,0.9749231582809991,233032.0,35.0
1626,3946.0,24.0,0.9622707859825547,233033.0,35.0
1627,3582.0,56.0,0.9844016192150039,233045.0,35.0
1628,4018.0,47.0,0.9925588447771225,233053.0,35.0
1629,4183.0,9.0,0.9808087581213519,233055.0,35.0
1630,4026.0,48.0,0.9825214576276925,233064.0,35.0
1631,3803.0,41.0,0.9874695503077507,235114.0,35.0
1632,3998.0,28.0,0.988376428750853,233069.0,35.0
1633,4000.0,28.0,0.9907623903459325,233085.0,35.0
1634,3816.0,52.0,0.9952650061992743,233088.0,35.0
1635,3862.0,32.0,0.9707165571720197,233105.0,35.0
1636,4034.0,26.0,0.9806801234911167,235164.0,35.0
1637,3804.0,41.0,0.9787046001369393,235167.0,35.0
1638,3572.0,1.0,0.9867574508206804,233151.0,35.0
1639,3505.0,0.0,0.9804054955270736,233167.0,35.0
1640,3995.0,12.0,0.9724868182791254,233168.0,35.0
1641,3987.0,49.0,0.9735044226134079,233175.0,35.0
1642,3970.0,6.0,0.9719216220182351,233176.0,35.0
1643,3945.0,14.0,0.9871246789481152,233180.0,35.0
1644,3616.0,55.0,0.9884319736260813,235229.0,35.0
1645,4030.0,48.0,0.9801339381552852,233190.0,35.0
1646,4059.0,47.0,0.9758656070259641,235240.0,35.0
1647,3947.0,44.0,0.977195153165345,233199.0,35.0
1648,3879.0,8.0,0.9860736716363646,233206.0,35.0
1649,4005.0,29.0,0.9834799103336078,233212.0,35.0
1650,4038.0,29.0,0.9829563026996531,235263.0,35.0
1651,3831.0,39.0,0.9597908308962115,233218.0,35.0
1652,4060.0,30.0,0.9831145685370097,235269.0,35.0
1653,3798.0,40.0,0.9859152343902162,233230.0,35.0
1654,3789.0,18.0,0.9775491769249086,233245.0,35.0
1655,3898.0,27.0,0.986044613413728,233247.0,35.0
1656,3577.0,1.0,0.9868243585806088,233259.0,35.0
1657,4011.0,33.0,0.9773460831445387,233265.0,35.0
1658,3617.0,55.0,0.9870301672924053,235314.0,35.0
1659,4067.0,31.0,0.9874943317973824,233267.0,35.0
1660,3972.0,6.0,0.9736169168834509,233270.0,35.0
1661,3881.0,8.0,0.9907577014984285,233271.0,35.0
1662,3866.0,32.0,0.9902647331725698,233283.0,35.0
1663,3997.0,12.0,0.9786096193994548,233287.0,35.0
1664,3580.0,1.0,0.9842885036747064,233296.0,35.0
1665,3992.0,49.0,0.9781030445120423,233298.0,35.0
1666,4072.0,35.0,0.9873944147222417,235355.0,35.0
1667,4004.0,6.0,0.9890668682117191,235369.0,35.0
1668,3767.0,57.0,0.9807536105964594,233329.0,35.0
1669,4037.0,25.0,0.9920564365080508,235388.0,35.0
1670,4095.0,42.0,0.9751095672185964,233344.0,35.0
1671,3963.0,7.0,0.9899715678925309,233351.0,35.0
1672,3780.0,22.0,0.9896245447686881,233353.0,35.0
1673,3952.0,50.0,0.9756146567261161,235403.0,35.0
1674,3910.0,32.0,0.9857914511001598,235424.0,35.0
1675,3995.0,24.0,0.9862295768195682,235440.0,35.0
1676,4173.0,43.0,0.9678482794069192,235443.0,35.0
1677,4009.0,34.0,0.98878034188561,233396.0,35.0
1678,3762.0,54.0,0.9807920711068163,233401.0,35.0
1679,3781.0,22.0,0.9866191918060463,233404.0,35.0
1680,3725.0,19.0,0.9877000417308546,233411.0,35.0
1681,4121.0,31.0,0.9836743517252543,235460.0,35.0
1682,3829.0,40.0,0.9885684617386992,235464.0,35.0
1683,3899.0,53.0,0.9819349878338776,235474.0,35.0
1684,4044.0,35.0,0.9832092258599615,233438.0,35.0
1685,4046.0,29.0,0.9544923614241904,235530.0,35.0
1686,3955.0,44.0,0.9893496958625417,233493.0,35.0
1687,3727.0,19.0,0.9534780870863969,233494.0,35.0
1688,3623.0,55.0,0.9854115358670962,235543.0,35.0
1689,3588.0,56.0,0.9899684250217289,233497.0,35.0
1690,3890.0,46.0,0.9852338166136853,233499.0,35.0
1691,3816.0,23.0,0.9847527427778492,233501.0,35.0
1692,4034.0,48.0,0.9756059332982541,233502.0,35.0
1693,3701.0,58.0,0.9849486325995662,235565.0,35.0
1694,3910.0,13.0,0.9809531852275324,233521.0,35.0
1695,3754.0,19.0,0.9943793986821539,235579.0,35.0
1696,3920.0,50.0,0.9841947234738384,233533.0,35.0
1697,4004.0,24.0,0.9862207231569686,235597.0,35.0
1698,3977.0,6.0,0.9825615066296705,233557.0,35.0
1699,4042.0,25.0,0.9849801614160024,235607.0,35.0
1700,4078.0,31.0,0.9848021195058623,233572.0,35.0
1701,4100.0,42.0,0.9554646315454817,233574.0,35.0
1702,4203.0,9.0,0.9665182296653383,233579.0,35.0
1703,3771.0,57.0,0.9835177839415166,233587.0,35.0
1704,3676.0,38.0,0.9833772237476894,235642.0,35.0
1705,3802.0,18.0,0.9595386477921328,233596.0,35.0
1706,3873.0,45.0,0.9724196008580305,233611.0,35.0
1707,4031.0,47.0,0.9723036729297793,233612.0,35.0
1708,4044.0,25.0,0.9885200454325098,235667.0,35.0
1709,3869.0,21.0,0.9772798437078464,235674.0,35.0
1710,4104.0,42.0,0.9761896207208168,233630.0,35.0
1711,3841.0,39.0,0.9684064140231189,233638.0,35.0
1712,3836.0,23.0,0.9845447961946324,235686.0,35.0
1713,3776.0,41.0,0.9889977945998815,233644.0,35.0
1714,3760.0,19.0,0.9873940741676074,235700.0,35.0
1715,4052.0,35.0,0.9875899884198577,233657.0,35.0
1716,4205.0,9.0,0.9912616291111106,233663.0,35.0
1717,3832.0,52.0,0.9626121232123552,233679.0,35.0
1718,3753.0,20.0,0.9923322354612669,235731.0,35.0
1719,3762.0,3.0,0.9604879042872946,233691.0,35.0
1720,3878.0,45.0,0.9925481641997321,233733.0,35.0
1721,3674.0,58.0,0.9898743424615455,233739.0,35.0
1722,3778.0,41.0,0.9669241762878453,233743.0,35.0
1723,3830.0,21.0,0.9908947847403995,233745.0,35.0
1724,4007.0,49.0,0.9794165922301707,233748.0,35.0
1725,4148.0,43.0,0.9768592635132034,233776.0,35.0
1726,3942.0,13.0,0.9878533503382827,235832.0,35.0
1727,3835.0,52.0,0.9901095798133457,233791.0,35.0
1728,3534.0,0.0,0.984278072006777,235861.0,35.0
1729,3649.0,38.0,0.9550154050610511,233825.0,35.0
1730,3899.0,27.0,0.9577725213435889,233316.0,35.0
1731,4003.0,35.0,0.9711098211955824,232294.0,35.0
1732,3899.0,8.0,0.970185519566751,234342.0,35.0
1733,3990.0,28.0,0.9668928970736929,232296.0,35.0
1734,4071.0,42.0,0.9796383821378778,232298.0,35.0
1735,3551.0,1.0,0.9730293023960888,232301.0,35.0
1736,4092.0,30.0,0.9750209850504854,236400.0,35.0
1737,4041.0,34.0,0.9579212468871501,234865.0,35.0
1738,3627.0,37.0,0.9854020843823132,232819.0,35.0
1739,4528.0,15.0,0.9517684809643374,233847.0,35.0
1740,3763.0,57.0,0.9788130672234434,232823.0,35.0
1741,3693.0,36.0,0.9629442573033724,232314.0,35.0
1742,2383.0,59.0,0.9902303237164757,232315.0,35.0
1743,3883.0,8.0,0.9721471880216337,233343.0,35.0
1744,4004.0,35.0,0.9732427208272499,232321.0,35.0
1745,3755.0,4.0,0.9652836550546473,234370.0,35.0
1746,3948.0,7.0,0.9725084615772299,232833.0,35.0
1747,3996.0,49.0,0.9571116526079537,233347.0,35.0
1748,3775.0,22.0,0.9950737423538797,232847.0,35.0
1749,3886.0,27.0,0.9745778344468987,232337.0,35.0
1750,3934.0,27.0,0.9630647268712524,235420.0,35.0
1751,4038.0,49.0,0.9791661567644416,236455.0,35.0
1752,2389.0,59.0,0.9923711956009984,232360.0,35.0
1753,3766.0,5.0,0.9637081469407927,233899.0,35.0
1754,4018.0,25.0,0.975953758221083,232880.0,35.0
1755,4055.0,30.0,0.9706312719145105,234931.0,35.0
1756,4211.0,9.0,0.9767062401782642,233908.0,35.0
1757,3819.0,39.0,0.9654335135695511,232373.0,35.0
1758,4521.0,15.0,0.974085912139678,233397.0,35.0
1759,3922.0,44.0,0.9530891793196895,232376.0,35.0
1760,3693.0,38.0,0.970423189082898,236473.0,35.0
1761,3814.0,21.0,0.9857380647371633,232889.0,35.0
1762,3503.0,0.0,0.9845724215903946,232890.0,35.0
1763,3840.0,45.0,0.97178327941271,232383.0,35.0
1764,4079.0,34.0,0.9641123686013202,236993.0,35.0
1765,4234.0,10.0,0.9823577247277866,236487.0,35.0
1766,4015.0,48.0,0.9634712894131416,232392.0,35.0
1767,3864.0,23.0,0.9593527500567136,236491.0,35.0
1768,4080.0,34.0,0.9531345986557257,237009.0,35.0
1769,4117.0,43.0,0.958869080293351,232402.0,35.0
1770,3884.0,52.0,0.9805768352986676,237019.0,35.0
1771,3995.0,44.0,0.9562547766373831,235486.0,35.0
1772,4016.0,48.0,0.9667577533616367,232419.0,35.0
1773,3765.0,57.0,0.9572635479246487,232931.0,35.0
1774,3833.0,3.0,0.9564706480707411,237030.0,35.0
1775,4077.0,29.0,0.9571271753028993,237032.0,35.0
1776,3917.0,50.0,0.9805282158997473,232937.0,35.0
1777,3622.0,2.0,0.9576569513621371,237034.0,35.0
1778,3675.0,58.0,0.987554294979412,233964.0,35.0
1779,4003.0,29.0,0.9841091153760543,232941.0,35.0
1780,3776.0,22.0,0.9596938341602969,232942.0,35.0
1781,3680.0,38.0,0.9645700587135351,236015.0,35.0
1782,3907.0,13.0,0.9776883187879902,232438.0,35.0
1783,4075.0,31.0,0.9916560068060349,233464.0,35.0
1784,3817.0,21.0,0.9720855875600202,232953.0,35.0
1785,3925.0,14.0,0.9924567711501233,232445.0,35.0
1786,4222.0,10.0,0.969234847257984,236033.0,35.0
1787,4011.0,7.0,0.9795823546546143,236040.0,35.0
1788,3837.0,3.0,0.9504065800412218,237071.0,35.0
1789,3856.0,45.0,0.9558960626048417,232976.0,35.0
1790,3984.0,12.0,0.9664174366754089,232465.0,35.0
1791,3985.0,12.0,0.9704809352808139,232467.0,35.0
1792,3937.0,13.0,0.9750914158120654,235540.0,35.0
1793,3938.0,13.0,0.9885405496913373,235541.0,35.0
1794,4068.0,28.0,0.9599661258091133,237080.0,35.0
1795,3964.0,6.0,0.9659967386056456,232478.0,35.0
1796,3700.0,36.0,0.9678076689649412,232479.0,35.0
1797,3839.0,3.0,0.9524336688617756,237089.0,35.0
1798,3935.0,24.0,0.9568564449735212,232482.0,35.0
1799,3823.0,21.0,0.9739566798617164,233505.0,35.0
1800,3781.0,41.0,0.9853026410209221,234020.0,35.0
1801,3877.0,8.0,0.9834716420922439,232997.0,35.0
1802,3763.0,3.0,0.9835659956160775,234027.0,35.0
1803,3847.0,52.0,0.9673174060251386,234540.0,35.0
1804,4033.0,12.0,0.964523259065844,235563.0,35.0
1805,3504.0,0.0,0.9643114473415988,233012.0,35.0
1806,2398.0,59.0,0.9656425347875817,232510.0,35.0
1807,3833.0,22.0,0.9811894878106611,235586.0,35.0
1808,3577.0,56.0,0.9730708759888794,232515.0,35.0
1809,3844.0,22.0,0.9846271254502547,236103.0,35.0
1810,4048.0,47.0,0.9611479174381035,234567.0,35.0
1811,3927.0,46.0,0.9527609183166896,236106.0,35.0
1812,3832.0,51.0,0.97845544998131,232522.0,35.0
1813,4038.0,6.0,0.9784187426889182,236620.0,35.0
1814,3672.0,58.0,0.9771446816688265,233035.0,35.0
1815,4223.0,9.0,0.9713992145570335,234577.0,35.0
1816,3802.0,41.0,0.9601458483563916,235097.0,35.0
1817,4036.0,48.0,0.9857051384022694,233567.0,35.0
1818,3765.0,54.0,0.9638499196753935,233573.0,35.0
1819,3843.0,51.0,0.9821285888170607,233062.0,35.0
1820,4020.0,28.0,0.960454523427996,234093.0,35.0
1821,3767.0,54.0,0.9596342406103255,233583.0,35.0
1822,4056.0,47.0,0.9637980453576908,235123.0,35.0
1823,3715.0,36.0,0.9817140958692624,233076.0,35.0
1824,3731.0,58.0,0.9660186896973009,236665.0,35.0
1825,3844.0,53.0,0.9758544462611645,232572.0,35.0
1826,3997.0,29.0,0.9793127279118726,232577.0,35.0
1827,3773.0,5.0,0.9795919335446562,234115.0,35.0
1828,3618.0,56.0,0.9519416173814954,235142.0,35.0
1829,4013.0,35.0,0.9653957969700081,232589.0,35.0
1830,4019.0,33.0,0.9691327528214431,233618.0,35.0
1831,3615.0,55.0,0.9748240974215725,235162.0,35.0
1832,3875.0,45.0,0.9552147466903921,233626.0,35.0
1833,4288.0,11.0,0.9649812648676359,234657.0,35.0
1834,3622.0,37.0,0.955533606210309,232610.0,35.0
1835,4749.0,17.0,0.9767531614385392,233123.0,35.0
1836,3733.0,58.0,0.9634816883654898,236709.0,35.0
1837,4060.0,29.0,0.9604946832610259,236198.0,35.0
1838,3739.0,4.0,0.9625394481188247,233639.0,35.0
1839,3747.0,5.0,0.985181156401436,232617.0,35.0
1840,3850.0,39.0,0.9848238140585582,234156.0,35.0
1841,3752.0,18.0,0.9760743731153855,232109.0,35.0
1842,3904.0,13.0,0.9600819277970987,232111.0,35.0
1843,3928.0,44.0,0.9517280554628093,232624.0,35.0
1844,3912.0,13.0,0.9875541217608528,233648.0,35.0
1845,3623.0,37.0,0.9784247065603594,232626.0,35.0
1846,3906.0,13.0,0.9560347864643023,232120.0,35.0
1847,3735.0,20.0,0.9575977908593114,233656.0,35.0
1848,3736.0,20.0,0.9598820116276625,233660.0,35.0
1849,4124.0,43.0,0.9849176913620734,232637.0,35.0
1850,3679.0,4.0,0.9938514321325874,232129.0,35.0
1851,3753.0,18.0,0.9618299915289749,232135.0,35.0
1852,3542.0,2.0,0.9694322814329468,232647.0,35.0
1853,4142.0,42.0,0.9576939561266209,236233.0,35.0
1854,3873.0,52.0,0.9764787528429768,236239.0,35.0
1855,3962.0,6.0,0.9522378336042764,232144.0,35.0
1856,3965.0,14.0,0.9867538144235839,234191.0,35.0
1857,3968.0,24.0,0.9578760606331483,234194.0,35.0
1858,3705.0,36.0,0.9703478789609403,232658.0,35.0
1859,3978.0,33.0,0.9536369344365491,232149.0,35.0
1860,3847.0,46.0,0.9896485846519526,232150.0,35.0
1861,3981.0,12.0,0.9579878752600204,232151.0,35.0
1862,4007.0,34.0,0.9616382215982509,233178.0,35.0
1863,3826.0,51.0,0.9563967911466618,232156.0,35.0
1864,3827.0,51.0,0.9719060240753254,232161.0,35.0
1865,3827.0,40.0,0.9622167012924273,235236.0,35.0
1866,3778.0,19.0,0.9689733058538784,236261.0,35.0
1867,4087.0,30.0,0.9837439217049883,236274.0,35.0
1868,3635.0,38.0,0.9789205551499315,232691.0,35.0
1869,3921.0,44.0,0.9664984505150259,232181.0,35.0
1870,4066.0,42.0,0.9622988410863792,232182.0,35.0
1871,3996.0,29.0,0.9568014564737816,232183.0,35.0
1872,3755.0,18.0,0.9619009431197829,232184.0,35.0
1873,3988.0,28.0,0.9871723284885501,232185.0,35.0
1874,3739.0,20.0,0.9611435414600615,234234.0,35.0
1875,2404.0,59.0,0.9867713427839596,232695.0,35.0
1876,3741.0,54.0,0.9647061167731403,232193.0,35.0
1877,3944.0,7.0,0.9630573768368301,232707.0,35.0
1878,3872.0,53.0,0.9791772988941808,234245.0,35.0
1879,3741.0,5.0,0.9692938147022467,232198.0,35.0
1880,3502.0,0.0,0.9876753132460685,232710.0,35.0
1881,3682.0,4.0,0.9839308128964724,232200.0,35.0
1882,4040.0,48.0,0.9594467962816411,233735.0,35.0
1883,3808.0,40.0,0.9637375636515595,233738.0,35.0
1884,3946.0,14.0,0.9644355300125559,233227.0,35.0
1885,3717.0,19.0,0.9647581928136306,232204.0,35.0
1886,3788.0,40.0,0.9562948381268773,232206.0,35.0
1887,3812.0,40.0,0.9707410555459611,234256.0,35.0
1888,4028.0,25.0,0.9857054299637614,234770.0,35.0
1889,4000.0,34.0,0.9819771952993381,232723.0,35.0
1890,3921.0,50.0,0.9623620962265605,233746.0,35.0
1891,3576.0,1.0,0.9734073322769775,233241.0,35.0
1892,3721.0,19.0,0.9670838126326008,232732.0,35.0
1893,4204.0,10.0,0.9764939338363922,235299.0,35.0
1894,4031.0,30.0,0.9504605418665234,232740.0,35.0
1895,4261.0,11.0,0.9648917672072199,233254.0,35.0
1896,3590.0,55.0,0.9908321379438116,233767.0,35.0
1897,4049.0,31.0,0.9616693400277279,232232.0,35.0
1898,3821.0,23.0,0.9642126709403623,234281.0,35.0
1899,4133.0,31.0,0.9600144524267274,236840.0,35.0
1900,3544.0,2.0,0.9753002848917272,232751.0,35.0
1901,4050.0,31.0,0.9569036774998393,232240.0,35.0
1902,3909.0,53.0,0.9733736915614346,235824.0,35.0
1903,3885.0,23.0,0.9569386622102415,236853.0,35.0
1904,3983.0,26.0,0.967285416442246,232759.0,35.0
1905,4648.0,16.0,0.9798073518571766,233783.0,35.0
1906,3851.0,46.0,0.9729155275448778,232250.0,35.0
1907,3901.0,32.0,0.9796659859148094,234810.0,35.0
1908,4307.0,11.0,0.9597002785394209,235837.0,35.0
1909,3827.0,57.0,0.9599456083305605,236350.0,35.0
1910,3947.0,14.0,0.9629694144553543,233284.0,35.0
1911,4737.0,17.0,0.9860340648484135,232774.0,35.0
1912,3800.0,20.0,0.983212419578731,236872.0,35.0
1913,3594.0,56.0,0.9717833381313482,233801.0,35.0
1914,3838.0,51.0,0.9942210465224223,232786.0,35.0
1915,3789.0,40.0,0.9527338070363611,232285.0,35.0
1916,3933.0,24.0,0.9803875797136518,232288.0,35.0
1917,3827.0,3.0,0.9549948885534905,236913.0,35.0
1918,3637.0,55.0,0.9577123804783824,236404.0,35.0
1919,3991.0,14.0,0.9644517264744998,236406.0,35.0
1920,3774.0,20.0,0.9624547716086311,236413.0,35.0
1921,4012.0,24.0,0.9603357001048282,236415.0,35.0
1922,3813.0,21.0,0.9513177119148659,232831.0,35.0
1923,4044.0,6.0,0.9612951999051218,236932.0,35.0
1924,3841.0,57.0,0.9597852267338736,236940.0,35.0
1925,3500.0,0.0,0.955806680420565,232333.0,35.0
1926,3806.0,52.0,0.9610939317156696,232338.0,35.0
1927,3853.0,46.0,0.9569402509236867,232344.0,35.0
1928,4018.0,7.0,0.956781179530974,236952.0,35.0
1929,3630.0,38.0,0.9520141201895831,232347.0,35.0
1930,3915.0,27.0,0.966873884736321,234399.0,35.0
1931,3868.0,40.0,0.9636705519333532,236959.0,35.0
1932,4042.0,34.0,0.9554786048026124,234914.0,35.0
1933,3813.0,23.0,0.976050630721011,232869.0,35.0
1934,2388.0,59.0,0.9518862568558849,232359.0,35.0
1935,4258.0,10.0,0.9507139385923407,236967.0,35.0
1936,3593.0,1.0,0.9550342013541306,233906.0,35.0
1937,4331.0,11.0,0.9581952707151706,236983.0,35.0
1938,4010.0,7.0,0.9724408279108882,235962.0,35.0
1939,3815.0,57.0,0.9530864991261015,235963.0,35.0
1940,3739.0,36.0,0.966523554716079,233924.0,35.0
1941,3815.0,21.0,0.9587064871811748,232904.0,35.0
1942,4107.0,31.0,0.9616755233598716,234952.0,35.0
1943,4073.0,31.0,0.9625260599994451,233425.0,35.0
1944,4024.0,47.0,0.975838243687201,233426.0,35.0
1945,3585.0,2.0,0.9573173767570434,235475.0,35.0
1946,4015.0,24.0,0.9725478132981084,237018.0,35.0
1947,3792.0,5.0,0.9697443665823844,234974.0,35.0
1948,3816.0,20.0,0.9515661623099932,237023.0,35.0
1949,3657.0,55.0,0.9750284126874343,237025.0,35.0
1950,3929.0,46.0,0.9755777335372803,236514.0,35.0
1951,3631.0,38.0,0.9676416313822825,232423.0,35.0
1952,3846.0,21.0,0.9650496224500293,234471.0,35.0
1953,3623.0,2.0,0.9584431063339736,237036.0,35.0
1954,3985.0,33.0,0.9594649733983454,232439.0,35.0
1955,3851.0,41.0,0.9652986745717096,237047.0,35.0
1956,4020.0,34.0,0.9851293304188193,233979.0,35.0
1957,3546.0,2.0,0.9520555554625173,232956.0,35.0
1958,3774.0,36.0,0.9815655100105376,237053.0,35.0
1959,3764.0,54.0,0.9627216326260298,233467.0,35.0
1960,3923.0,44.0,0.9579635246673718,232448.0,35.0
1961,4285.0,11.0,0.9826614392316109,234499.0,35.0
1962,4564.0,15.0,0.9677864890736455,236547.0,35.0
1963,4001.0,14.0,0.9575373336172287,237062.0,35.0
1964,4080.0,30.0,0.9555601376819827,236049.0,35.0
1965,3920.0,53.0,0.9657224166949128,236562.0,35.0
1966,4164.0,43.0,0.9536147346253802,235026.0,35.0
1967,4082.0,34.0,0.9574163413688678,237076.0,35.0
1968,3926.0,14.0,0.9624322290781678,232470.0,35.0
1969,3846.0,23.0,0.9534295728552145,236056.0,35.0
1970,4005.0,34.0,0.9541237864596723,232984.0,35.0
1971,3772.0,19.0,0.9560040973002848,236058.0,35.0
1972,3844.0,57.0,0.9583480328788745,237082.0,35.0
1973,3759.0,58.0,0.9617324737034693,237084.0,35.0
1974,3833.0,23.0,0.9559881861492818,235549.0,35.0
1975,3760.0,58.0,0.9571293379374701,237086.0,35.0
1976,3798.0,19.0,0.9670696501641115,237087.0,35.0
1977,3632.0,38.0,0.9641055633564226,232481.0,35.0
1978,4025.0,25.0,0.9585624141911308,234542.0,35.0
1979,3625.0,1.0,0.9608628235482786,235585.0,35.0
1980,4010.0,35.0,0.95445317175316,232514.0,35.0
1981,3770.0,57.0,0.95808660529749,233539.0,35.0
1982,4090.0,31.0,0.9531394672221271,234055.0,35.0
1983,4030.0,30.0,0.958883156563518,232521.0,35.0
1984,3756.0,36.0,0.9677667075651191,235082.0,35.0
1985,3824.0,21.0,0.9575907824328245,233548.0,35.0
1986,3756.0,3.0,0.9610057684172425,232533.0,35.0
1987,3758.0,54.0,0.9704622016720864,233049.0,35.0
1988,4303.0,11.0,0.9578024286630477,235629.0,35.0
1989,3989.0,6.0,0.9784728512725327,234616.0,35.0
1990,3881.0,52.0,0.9571900177752114,236666.0,35.0
1991,3928.0,27.0,0.9639563602994426,235130.0,35.0
1992,4182.0,10.0,0.9567762744377132,233594.0,35.0
1993,3829.0,41.0,0.9567800870524255,236158.0,35.0
1994,3972.0,13.0,0.9745932742165871,236670.0,35.0
1995,3758.0,5.0,0.966908974095025,233089.0,35.0
1996,4158.0,43.0,0.9512186505009356,234633.0,35.0
1997,3995.0,33.0,0.959832514682896,232591.0,35.0
1998,4077.0,42.0,0.9651934292050595,232594.0,35.0
1999,3718.0,58.0,0.9570156114931545,236178.0,35.0
2000,4268.0,11.0,0.9605571717112784,233619.0,35.0
2001,3692.0,37.0,0.963548921457404,236697.0,35.0
2002,4190.0,9.0,0.9557505649872543,233124.0,35.0
2003,4674.0,16.0,0.9687733666704266,236713.0,35.0
2004,3629.0,38.0,0.9624855340150277,232108.0,35.0
2005,3613.0,37.0,0.9526104227888947,232110.0,35.0
2006,3905.0,13.0,0.9780380018695877,232117.0,35.0
2007,3978.0,6.0,0.9625353684315968,233653.0,35.0
2008,3817.0,39.0,0.9825566829133107,232119.0,35.0
2009,3550.0,1.0,1.0,232121.0,35.0
2010,3936.0,7.0,0.9723615278978615,232123.0,35.0
2011,3915.0,14.0,0.9692103368423136,232131.0,35.0
2012,3824.0,5.0,0.9744134202733086,236740.0,35.0
2013,3666.0,37.0,0.9614978633223012,235205.0,35.0
2014,3742.0,20.0,0.9687956532388629,234696.0,35.0
2015,3804.0,52.0,0.9638618292917758,232139.0,35.0
2016,3850.0,45.0,0.9586065084713331,232654.0,35.0
2017,3846.0,53.0,0.9742609591948589,232655.0,35.0
2018,3854.0,22.0,0.9551645196585121,236753.0,35.0
2019,3677.0,58.0,0.9506995075195362,234198.0,35.0
2020,4057.0,25.0,1.0,236248.0,35.0
2021,2358.0,59.0,0.9532474209699922,232158.0,35.0
2022,4048.0,31.0,0.9609879376256323,232168.0,35.0
2023,4040.0,30.0,0.9544988111888721,234222.0,35.0
2024,3739.0,54.0,0.9570951949421594,232175.0,35.0
2025,3811.0,21.0,0.9637360277249005,232686.0,35.0
2026,3652.0,55.0,0.9591277065156533,236784.0,35.0
2027,4005.0,49.0,0.9614029042042502,233717.0,35.0
2028,4153.0,43.0,0.9622258360417856,234230.0,35.0
2029,4076.0,25.0,0.9589537619827498,236790.0,35.0
2030,3805.0,41.0,0.9723901428452753,235258.0,35.0
2031,3978.0,26.0,0.9576665081894408,232191.0,35.0
2032,3687.0,58.0,0.9570131740642718,234756.0,35.0
2033,3971.0,6.0,0.9745358635805432,233234.0,35.0
2034,3998.0,35.0,0.9501540010910653,232211.0,35.0
2035,3597.0,55.0,0.9662491887620185,234260.0,35.0
2036,3811.0,23.0,0.9590084387163051,232214.0,35.0
2037,3998.0,47.0,0.9628463930139379,232218.0,35.0
2038,4708.0,17.0,1.0,232219.0,35.0
2039,4763.0,17.0,0.9591833706659035,234266.0,35.0
2040,3709.0,36.0,0.9603344245197737,232730.0,35.0
2041,3765.0,5.0,0.9545197068114729,233758.0,35.0
2042,3678.0,38.0,0.9652420530884815,235810.0,35.0
2043,3829.0,51.0,0.9791845312792778,232227.0,35.0
2044,3992.0,34.0,0.9650467891298019,232228.0,35.0
2045,3925.0,32.0,0.973623402109156,236323.0,35.0
2046,3740.0,58.0,0.9557259442405196,236835.0,35.0
2047,3774.0,22.0,0.95386040194063,232743.0,35.0
2048,3916.0,50.0,0.9594924749713575,232745.0,35.0
2049,3798.0,20.0,0.9554015332462776,236845.0,35.0
2050,3742.0,54.0,0.9670627955626984,232238.0,35.0
2051,3757.0,18.0,0.9569924137323819,232241.0,35.0
2052,3889.0,8.0,0.9600483189437883,233777.0,35.0
2053,3770.0,20.0,0.9677372736680521,236345.0,35.0
2054,3686.0,4.0,0.9503244397621925,232256.0,35.0
2055,3928.0,32.0,0.9652701871446325,236353.0,35.0
2056,4072.0,29.0,0.9787527715589894,236864.0,35.0
2057,3580.0,56.0,0.9514457029022411,232772.0,35.0
2058,4243.0,9.0,0.9637329989697355,236871.0,35.0
2059,3576.0,56.0,0.9658584911110774,232271.0,35.0
2060,4113.0,43.0,0.958696221593983,232280.0,35.0
2061,3913.0,50.0,0.9529100360288962,232282.0,35.0
2062,3951.0,8.0,0.9708114297678327,237021.0,35.0
2063,3767.0,3.0,0.9672586687769626,234337.0,35.0
2064,4054.0,26.0,0.9617607668463116,236770.0,35.0
2065,3657.0,56.0,0.9699563215978756,236897.0,35.0
2066,3895.0,27.0,0.9596372654344417,233058.0,35.0
2067,3812.0,57.0,0.9632633399921628,235882.0,35.0
2068,3874.0,23.0,0.9509810814896346,236651.0,35.0
2069,2382.0,59.0,0.9633182837861312,232307.0,35.0
2070,3806.0,21.0,0.9795642460829566,232311.0,35.0
2071,4136.0,42.0,0.974702827201528,235648.0,35.0
2072,3886.0,32.0,0.9721016311471619,234243.0,35.0
2073,3793.0,22.0,0.975443903246845,233989.0,35.0
2074,4064.0,34.0,0.9569515646914267,235914.0,35.0
2075,3913.0,45.0,0.9720932037402586,236044.0,35.0
2076,3986.0,14.0,0.9553933749464281,235917.0,35.0
2077,3683.0,58.0,0.9674869035311562,234524.0,35.0
2078,3816.0,39.0,0.9537960666426304,232104.0,35.0
2079,3549.0,1.0,0.9565293435117834,232106.0,35.0
2080,4037.0,6.0,0.9604837431113679,236590.0,35.0
2081,3549.0,2.0,0.970988723732323,233264.0,35.0
2082,4065.0,42.0,0.9546387275221959,232114.0,35.0
2083,3746.0,54.0,0.9732896243745526,232500.0,35.0
2084,3977.0,44.0,0.9576932914403902,234295.0,35.0
2085,3893.0,23.0,0.9500355136695406,236985.0,35.0
2086,2351.0,59.0,0.9617738860561114,232124.0,35.0
2087,4162.0,9.0,1.0,232128.0,35.0
2088,3838.0,45.0,0.9522781464119857,232133.0,35.0
2089,3813.0,40.0,0.9757549406607189,234447.0,35.0
2090,3680.0,4.0,0.950280473433176,232145.0,35.0
2091,4008.0,34.0,1.0,233301.0,35.0
2092,3874.0,21.0,0.9535875442088985,235873.0,35.0
2093,3961.0,50.0,0.9726988873978649,235878.0,35.0
2094,3919.0,32.0,0.9932674011520329,235886.0,35.0
2095,4063.0,34.0,0.9845149892286197,235890.0,35.0
2096,4057.0,35.0,0.9858223760793156,233844.0,35.0
2097,4026.0,33.0,0.9593112200733134,233846.0,35.0
2098,3886.0,39.0,0.9858956111466977,235896.0,35.0
2099,4557.0,15.0,1.0,235900.0,35.0
2100,4037.0,49.0,0.9577295125030048,235908.0,35.0
2101,3887.0,39.0,0.9802447333180674,235922.0,35.0
2102,4065.0,34.0,1.0,235942.0,35.0
2103,4063.0,28.0,0.9939936768365255,235945.0,35.0
2104,4238.0,9.0,0.9667968207685732,235947.0,35.0
2105,3597.0,2.0,0.9935435949777135,235948.0,35.0
2106,4310.0,11.0,0.9797756971165132,235959.0,35.0
2107,3598.0,2.0,0.9882435252347973,235979.0,35.0
2108,3806.0,18.0,0.9883722263297886,233932.0,35.0
2109,4038.0,30.0,0.9821802586732776,233937.0,35.0
2110,3792.0,22.0,0.974842593519973,233955.0,35.0
2111,3869.0,52.0,0.978110329200029,236004.0,35.0
2112,3902.0,51.0,0.9845591724682947,236010.0,35.0
2113,3768.0,5.0,0.9929270827073563,233978.0,35.0
2114,3682.0,37.0,0.9875748363833927,236036.0,35.0
2115,4080.0,48.0,0.9882427907360729,236038.0,35.0
2116,3955.0,27.0,0.9599581785842618,236051.0,35.0
2117,4015.0,28.0,0.989820926960229,234008.0,35.0
2118,3843.0,22.0,0.9667422859242086,236057.0,35.0
2119,4179.0,43.0,0.9805332879899802,236068.0,35.0
2120,4314.0,11.0,0.9774300361357552,236074.0,35.0
2121,3908.0,46.0,0.9791487420650377,234031.0,35.0
2122,3539.0,0.0,0.9802629651728383,236086.0,35.0
2123,3906.0,51.0,0.9941245418364673,236104.0,35.0
2124,3845.0,22.0,0.9635535940215716,236107.0,35.0
2125,4150.0,43.0,1.0,234061.0,35.0
2126,3846.0,22.0,0.9750639715039502,236110.0,35.0
2127,3982.0,7.0,0.9791677245382163,234069.0,35.0
2128,4013.0,7.0,0.993862949571367,236144.0,35.0
2129,4084.0,48.0,0.9959065598444492,236149.0,35.0
2130,4217.0,9.0,0.9724622139037133,234104.0,35.0
2131,4560.0,15.0,0.9576971281112109,236152.0,35.0
2132,3684.0,38.0,0.9665505151939617,236154.0,35.0
2133,4226.0,10.0,1.0,236159.0,35.0
2134,4067.0,34.0,0.9572779649538826,236162.0,35.0
2135,4317.0,11.0,0.976472619064582,236169.0,35.0
2136,3822.0,57.0,0.9847690474822841,236171.0,35.0
2137,4762.0,17.0,0.9846169131444368,234125.0,35.0
2138,4045.0,12.0,0.9888006661027405,236177.0,35.0
2139,3990.0,14.0,0.9521933077331501,236210.0,35.0
2140,4000.0,44.0,0.9569187152035085,236220.0,35.0
2141,3636.0,55.0,0.9723334237262585,236224.0,35.0
2142,3868.0,53.0,0.9771593568884732,234178.0,35.0
2143,4022.0,34.0,0.9898834783704952,234180.0,35.0
2144,3915.0,53.0,0.9895878532359136,236234.0,35.0
2145,4143.0,42.0,1.0,236246.0,35.0
2146,3789.0,54.0,0.9832391339334614,234199.0,35.0
2147,4069.0,34.0,0.9847524172630546,236249.0,35.0
2148,3752.0,4.0,0.961272728522131,234207.0,35.0
2149,3984.0,7.0,0.991142674371962,234220.0,35.0
2150,3882.0,21.0,0.9597372237800765,236268.0,35.0
2151,3867.0,51.0,0.9880560231986981,234242.0,35.0
2152,4020.0,49.0,0.9641681615703328,234248.0,35.0
2153,4088.0,30.0,0.9902183031468362,236301.0,35.0
2154,3771.0,36.0,0.9869168586302167,236305.0,35.0
2155,4562.0,15.0,0.989500127226062,236308.0,35.0
2156,3740.0,20.0,0.965797423641042,234272.0,35.0
2157,4062.0,25.0,0.9685398820847196,236322.0,35.0
2158,3574.0,56.0,1.0,232231.0,35.0
2159,3780.0,19.0,0.9829395374363586,236329.0,35.0
2160,4000.0,47.0,1.0,232245.0,35.0
2161,4001.0,44.0,0.9637616876090925,236357.0,35.0
2162,4240.0,9.0,0.9785684572321508,236358.0,35.0
2163,3836.0,41.0,0.9891810297016244,236368.0,35.0
2164,3963.0,6.0,0.964216587538539,232276.0,35.0
2165,4064.0,29.0,0.9914529903167976,236373.0,35.0
2166,3818.0,5.0,0.9832873055972341,236382.0,35.0
2167,3679.0,58.0,1.0,234340.0,35.0
2168,3973.0,50.0,0.9660922134920302,236392.0,35.0
2169,4058.0,33.0,0.9903093658189158,236395.0,35.0
2170,3648.0,56.0,0.9849372562188355,236399.0,35.0
2171,4017.0,7.0,0.9861715364930462,236409.0,35.0
2172,3974.0,50.0,0.9908777369674928,236411.0,35.0
2173,3862.0,23.0,0.9591580568022261,236412.0,35.0
2174,3837.0,41.0,0.9845619713136152,236421.0,35.0
2175,4221.0,9.0,0.9528045156605647,234374.0,35.0
2176,3742.0,5.0,0.9534524052420714,232331.0,35.0
2177,3775.0,20.0,0.9538319470309493,236428.0,35.0
2178,4144.0,42.0,0.9867609965576296,236436.0,35.0
2179,3884.0,21.0,0.9531868520767143,236440.0,35.0
2180,4026.0,28.0,0.9864209510392032,234393.0,35.0
2181,4038.0,33.0,0.9879454308515695,234410.0,35.0
2182,3914.0,50.0,0.9534371575962294,232364.0,35.0
2183,3877.0,53.0,0.9800101531944783,234412.0,35.0
2184,3552.0,1.0,0.9578439735494108,232372.0,35.0
2185,4050.0,26.0,0.9787572620919848,236476.0,35.0
2186,4765.0,17.0,0.9911787250923094,234429.0,35.0
2187,4066.0,29.0,0.9874612146784627,236477.0,35.0
2188,4052.0,26.0,0.9921575060350285,236489.0,35.0
2189,3556.0,0.0,0.9729327859319605,236492.0,35.0
2190,3931.0,32.0,0.9903155541496245,236494.0,35.0
2191,3915.0,45.0,0.9806581838393329,236499.0,35.0
2192,3960.0,13.0,0.9818604277981023,236503.0,35.0
2193,4052.0,31.0,0.9740622821252192,232410.0,35.0
2194,4237.0,10.0,0.9928693651628423,236506.0,35.0
2195,3782.0,19.0,0.9562736940536579,236508.0,35.0
2196,4053.0,26.0,0.9838162469501089,236513.0,35.0
2197,3885.0,21.0,0.9772291784195902,236517.0,35.0
2198,4100.0,30.0,0.9912475688418977,236520.0,35.0
2199,4130.0,31.0,0.977314866937159,236527.0,35.0
2200,3651.0,56.0,0.9862489103634499,236528.0,35.0
2201,4067.0,29.0,0.9691692626626126,236532.0,35.0
2202,3840.0,41.0,0.9883728439016379,236540.0,35.0
2203,3639.0,55.0,0.9948305591519833,236545.0,35.0
2204,3963.0,49.0,0.9711655546595832,232455.0,35.0
2205,3841.0,41.0,0.9913292490292116,236559.0,35.0
2206,4034.0,6.0,0.9594342076105664,236568.0,35.0
2207,4047.0,47.0,0.9851570898797807,234523.0,35.0
2208,4325.0,11.0,0.9885667197898492,236586.0,35.0
2209,4185.0,43.0,0.9905700581463699,236589.0,35.0
2210,3916.0,45.0,0.9539039016040854,236595.0,35.0
2211,3603.0,55.0,0.9568613016459554,234552.0,35.0
2212,3932.0,32.0,0.982470778806356,236602.0,35.0
2213,3966.0,13.0,0.9906649058394942,236603.0,35.0
2214,3833.0,57.0,0.976706221966323,236604.0,35.0
2215,3619.0,37.0,0.9785150713012875,232513.0,35.0
2216,3933.0,32.0,0.9801227953449255,236614.0,35.0
2217,3909.0,51.0,1.0,236617.0,35.0
2218,3834.0,57.0,0.9916102907873677,236618.0,35.0
2219,4024.0,49.0,0.9563899647669252,234573.0,35.0
2220,3855.0,40.0,0.9851906933447773,236624.0,35.0
2221,3879.0,52.0,0.9956400545479505,236632.0,35.0
2222,3856.0,40.0,0.9820259776821966,236637.0,35.0
2223,3763.0,18.0,0.9542508963262831,232542.0,35.0
2224,3656.0,37.0,0.9805578744487116,234596.0,35.0
2225,3843.0,45.0,0.9742077537952519,232549.0,35.0
2226,4673.0,16.0,0.9765749197162924,236654.0,35.0
2227,4088.0,48.0,0.97851214749013,236659.0,35.0
2228,4224.0,9.0,0.9895482282428499,234613.0,35.0
2229,3983.0,50.0,0.9570663918723115,236675.0,35.0
2230,3807.0,22.0,0.9679171979593574,234628.0,35.0
2231,3823.0,5.0,0.991021887233865,236676.0,35.0
2232,4254.0,11.0,0.9745638996712239,232582.0,35.0
2233,3944.0,8.0,0.9916377324659706,236681.0,35.0
2234,3822.0,39.0,0.9897959603382362,232588.0,35.0
2235,3853.0,22.0,0.9742724056201032,236693.0,35.0
2236,3558.0,1.0,0.985641100808642,232598.0,35.0
2237,3837.0,57.0,0.9806877327729161,236695.0,35.0
2238,4067.0,28.0,0.9848539807199082,236723.0,35.0
2239,3617.0,2.0,0.9866283467486,236724.0,35.0
2240,4073.0,25.0,0.9813231078503175,236730.0,35.0
2241,4026.0,49.0,0.9631129172335843,234683.0,35.0
2242,3651.0,55.0,0.9852994329451569,236736.0,35.0
2243,3967.0,27.0,0.9951367028406257,236738.0,35.0
2244,3918.0,46.0,0.9907093000332203,234700.0,35.0
2245,4077.0,34.0,0.9744984955008584,236754.0,35.0
2246,3786.0,5.0,0.9771533893916349,234708.0,35.0
2247,3701.0,38.0,0.9764142385455492,236757.0,35.0
2248,3735.0,58.0,0.9936401138789204,236761.0,35.0
2249,3561.0,1.0,0.9870132777343077,232669.0,35.0
2250,3810.0,22.0,0.9815022091596463,234721.0,35.0
2251,3863.0,40.0,0.9883234956736126,236775.0,35.0
2252,3988.0,50.0,0.9877570580260269,236778.0,35.0
2253,3618.0,2.0,1.0,236787.0,35.0
2254,4065.0,35.0,0.9822079984430865,234755.0,35.0
2255,3866.0,39.0,0.9818010429823034,234758.0,35.0
2256,4626.0,16.0,0.9889265863806288,232711.0,35.0
2257,4078.0,25.0,0.9863612533008929,236813.0,35.0
2258,3946.0,8.0,0.9743151780135223,236828.0,35.0
2259,4146.0,42.0,0.9877223711054731,236829.0,35.0
2260,4054.0,12.0,0.9715405606815171,236831.0,35.0
2261,4041.0,6.0,0.965289236202505,236836.0,35.0
2262,3823.0,54.0,0.9915940581268433,236837.0,35.0
2263,4568.0,15.0,0.9804316391715522,236841.0,35.0
2264,4091.0,48.0,1.0,236842.0,35.0
2265,3947.0,8.0,0.9905001863187658,236846.0,35.0
2266,3656.0,56.0,0.9880176139384177,236849.0,35.0
2267,3886.0,23.0,0.9880947307277539,236855.0,35.0
2268,3653.0,55.0,0.987559214478066,236858.0,35.0
2269,3887.0,23.0,0.9691105563983473,236860.0,35.0
2270,4147.0,42.0,0.9802499812585915,236874.0,35.0
2271,3890.0,23.0,0.9765349718766838,236882.0,35.0
2272,3948.0,8.0,0.9918765496219619,236885.0,35.0
2273,3790.0,19.0,0.9843524805526577,236886.0,35.0
2274,4042.0,6.0,0.9585252497126935,236887.0,35.0
2275,3578.0,0.0,0.9746682312474597,236888.0,35.0
2276,3825.0,3.0,0.9825616068116413,236892.0,35.0
2277,3742.0,58.0,0.9731341267825435,236893.0,35.0
2278,3824.0,54.0,0.9651316377191677,236902.0,35.0
2279,3854.0,21.0,0.9725979757188495,234856.0,35.0
2280,3891.0,23.0,0.9732670595166458,236904.0,35.0
2281,3804.0,20.0,0.9815295463013917,236914.0,35.0
2282,3615.0,1.0,0.9936756110346654,234867.0,35.0
2283,3621.0,2.0,0.9620564161247884,236915.0,35.0
2284,3793.0,19.0,0.9834428448680549,236917.0,35.0
2285,4190.0,43.0,0.9843080265075463,236918.0,35.0
2286,3998.0,14.0,0.9881250283374373,236919.0,35.0
2287,4075.0,29.0,0.964407285805062,236920.0,35.0
2288,4110.0,30.0,0.9755322063116783,236921.0,35.0
2289,3794.0,19.0,0.9881954283153929,236926.0,35.0
2290,3805.0,20.0,0.9905183720781595,236928.0,35.0
2291,3923.0,53.0,0.9694381643043828,236929.0,35.0
2292,3722.0,19.0,0.9662915409291455,232835.0,35.0
2293,3867.0,40.0,0.9868030881678788,236935.0,35.0
2294,3968.0,27.0,0.9917439432662232,236937.0,35.0
2295,3745.0,58.0,0.9859006239455456,236939.0,35.0
2296,3752.0,36.0,0.978552237028871,234894.0,35.0
2297,3981.0,24.0,0.9841850355714602,234895.0,35.0
2298,3983.0,13.0,0.9927997893746848,236943.0,35.0
2299,4255.0,10.0,0.987479942646912,236947.0,35.0
2300,4092.0,48.0,0.9980896169673118,236950.0,35.0
2301,4256.0,10.0,0.997116485917746,236955.0,35.0
2302,3848.0,41.0,0.9765862936436235,236960.0,35.0
2303,3712.0,38.0,0.9920611134488753,236962.0,35.0
2304,3808.0,20.0,0.9831580947584107,236965.0,35.0
2305,3656.0,55.0,0.995869262257152,236971.0,35.0
2306,3849.0,41.0,0.9815785500322567,236972.0,35.0
2307,4059.0,12.0,0.985120724424909,236974.0,35.0
2308,4111.0,30.0,0.9846822028263876,236977.0,35.0
2309,3935.0,32.0,0.9859870002542144,236979.0,35.0
2310,4330.0,11.0,0.9871279859609902,236982.0,35.0
2311,3843.0,57.0,0.971609358851688,236984.0,35.0
2312,3870.0,40.0,0.9915947136655793,236987.0,35.0
2313,3986.0,13.0,0.972607296340341,236989.0,35.0
2314,3973.0,14.0,0.9846693304774723,234943.0,35.0
2315,3897.0,45.0,0.9830208786392529,234946.0,35.0
2316,3891.0,21.0,0.9723888269270161,236995.0,35.0
2317,3750.0,58.0,0.9820305943453675,236998.0,35.0
2318,4046.0,6.0,0.9884526405512767,237000.0,35.0
2319,3987.0,13.0,0.9907627246302196,237002.0,35.0
2320,3888.0,51.0,0.9921207525501065,234955.0,35.0
2321,4743.0,17.0,0.9683960913098616,232910.0,35.0
2322,3713.0,38.0,0.9788579372648802,237012.0,35.0
2323,3832.0,3.0,0.9826741943345096,237026.0,35.0
2324,3714.0,38.0,0.9770468665012689,237027.0,35.0
2325,3753.0,58.0,0.9707155310375759,237029.0,35.0
2326,4076.0,29.0,0.9907358865430714,237031.0,35.0
2327,3755.0,58.0,0.9937098834304753,237039.0,35.0
2328,4061.0,12.0,0.9530288663510315,237040.0,35.0
2329,4028.0,49.0,0.9871016106885105,234994.0,35.0
2330,4000.0,14.0,0.9681185044655508,237044.0,35.0
2331,4094.0,25.0,0.9950308710099394,237046.0,35.0
2332,4634.0,16.0,0.9510763764313614,232951.0,35.0
2333,4002.0,44.0,0.9586158375939645,237048.0,35.0
2334,3885.0,52.0,0.973795816233455,237054.0,35.0
2335,3835.0,3.0,0.9957395657256158,237055.0,35.0
2336,4261.0,10.0,0.9885402255957941,237057.0,35.0
2337,3952.0,7.0,0.9670728306254065,232964.0,35.0
2338,3715.0,38.0,0.9856956427554096,237060.0,35.0
2339,4062.0,12.0,0.9733015555284624,237061.0,35.0
2340,4095.0,25.0,0.9863467527229083,237063.0,35.0
2341,3836.0,3.0,0.9887845805346991,237064.0,35.0
2342,4097.0,25.0,0.9937041646077472,237066.0,35.0
2343,3969.0,27.0,1.0,237067.0,35.0
2344,3659.0,55.0,0.9622869175676193,237068.0,35.0
2345,4078.0,29.0,0.9782112024654308,237069.0,35.0
2346,3838.0,3.0,0.9589629486485546,237072.0,35.0
2347,4059.0,33.0,0.9829480789337962,237073.0,35.0
2348,3822.0,20.0,0.9820932214523125,237074.0,35.0
2349,3988.0,44.0,0.989620907834007,235027.0,35.0
2350,3892.0,21.0,0.9623257915808658,237075.0,35.0
2351,3857.0,45.0,0.9889553030431534,232981.0,35.0
2352,4191.0,43.0,0.9801972316990862,237077.0,35.0
2353,4060.0,48.0,0.9812913235857917,235031.0,35.0
2354,3858.0,22.0,0.962553411377264,237079.0,35.0
2355,3852.0,41.0,0.9719611833239298,237081.0,35.0
2356,4029.0,49.0,0.964840397690003,235034.0,35.0
2357,3716.0,38.0,0.9812105194666269,237083.0,35.0
2358,4112.0,30.0,1.0,237085.0,35.0
2359,3986.0,24.0,0.9681009132348013,235040.0,35.0
2360,4048.0,6.0,0.9739282293615521,237090.0,35.0
2361,4069.0,28.0,0.956080567968832,237091.0,35.0
2362,3624.0,2.0,0.9660923563928596,237092.0,35.0
2363,3975.0,14.0,0.9872337488031898,235049.0,35.0
2364,3892.0,27.0,1.0,233010.0,35.0
2365,4543.0,15.0,0.9521049453058084,235062.0,35.0
2366,3980.0,49.0,0.9543562741281825,233019.0,35.0
2367,3874.0,39.0,0.9757621610460404,235086.0,35.0
2368,3805.0,54.0,0.9781048842569632,235091.0,35.0
2369,4070.0,35.0,0.9918770041675581,235093.0,35.0
2370,3723.0,4.0,0.9741445925492632,233050.0,35.0
2371,4061.0,31.0,0.9874444644215666,233052.0,35.0
2372,3724.0,4.0,0.9536347558397589,233054.0,35.0
2373,4232.0,9.0,0.9542967031383568,235124.0,35.0
2374,3922.0,46.0,0.9838182019649494,235129.0,35.0
2375,3923.0,46.0,1.0,235133.0,35.0
2376,3617.0,56.0,0.987653434101107,235141.0,35.0
2377,4200.0,10.0,0.9723144233680842,235157.0,35.0
2378,3907.0,32.0,0.9667566276665179,235168.0,35.0
2379,4057.0,47.0,0.99345881755225,235170.0,35.0
2380,3831.0,23.0,0.9846880327236416,235176.0,35.0
2381,3863.0,32.0,1.0,233138.0,35.0
2382,3820.0,52.0,0.9766240563171213,233144.0,35.0
2383,3898.0,53.0,0.9968754084145703,235254.0,35.0
2384,3786.0,18.0,0.9904493783639204,233209.0,35.0
2385,3788.0,18.0,0.9953060971213372,233213.0,35.0
2386,3722.0,36.0,0.9727604556150345,233219.0,35.0
2387,4052.0,28.0,0.9801588047104173,235276.0,35.0
2388,4039.0,35.0,0.9607597863979555,233236.0,35.0
2389,3623.0,1.0,0.9856288232066432,235285.0,35.0
2390,3762.0,36.0,0.995945970210106,235294.0,35.0
2391,4639.0,16.0,0.9828165164303553,233252.0,35.0
2392,3729.0,4.0,0.97939231221251,233269.0,35.0
2393,3521.0,0.0,0.9875741434663194,235337.0,35.0
2394,3916.0,8.0,1.0,235344.0,35.0
2395,4753.0,17.0,0.9687967402025386,233297.0,35.0
2396,3980.0,14.0,0.9944368340878619,235345.0,35.0
2397,4119.0,31.0,0.9867978461476802,235348.0,35.0
2398,3790.0,18.0,0.9852001433577624,233311.0,35.0
2399,3864.0,45.0,0.9851936855066429,233340.0,35.0
2400,4754.0,17.0,0.9803199266101341,233348.0,35.0
2401,3671.0,38.0,0.9512528042335923,235408.0,35.0
2402,4070.0,31.0,0.9869409192403857,233368.0,35.0
2403,3933.0,13.0,0.9748892721069893,235421.0,35.0
2404,4014.0,33.0,0.9879967820327202,233383.0,35.0
2405,4054.0,33.0,0.9896839789248447,235442.0,35.0
2406,3628.0,56.0,0.9557510615452481,235447.0,35.0
2407,4006.0,6.0,0.958883728851343,235448.0,35.0
2408,3765.0,36.0,0.9843381740581832,235472.0,35.0
2409,3997.0,24.0,0.9596195019305711,235487.0,35.0
2410,3672.0,37.0,0.9905525324795174,235488.0,35.0
2411,3999.0,24.0,0.9804293380292637,235500.0,35.0
2412,3630.0,56.0,0.9983329280653981,235507.0,35.0
2413,4076.0,31.0,0.985611785143723,233472.0,35.0
2414,4057.0,28.0,0.9708523243051997,235542.0,35.0
2415,3981.0,14.0,0.9661533647000613,235561.0,35.0
2416,3506.0,0.0,0.9918494110022943,233514.0,35.0
2417,4002.0,24.0,0.971897586199307,235575.0,35.0
2418,4549.0,15.0,0.98193273659365,235576.0,35.0
2419,3903.0,53.0,0.988312973571079,235580.0,35.0
2420,4064.0,47.0,0.9887606469542524,235581.0,35.0
2421,4019.0,25.0,0.9505350751839633,233537.0,35.0
2422,3834.0,22.0,0.9870827600050545,235592.0,35.0
2423,3923.0,8.0,0.991824782152542,235616.0,35.0
2424,4667.0,16.0,0.975384423591245,235627.0,35.0
2425,4051.0,35.0,0.9952833420125723,233586.0,35.0
2426,4005.0,24.0,0.9922802796197058,235637.0,35.0
2427,4066.0,47.0,0.9831081688324332,235656.0,35.0
2428,4668.0,16.0,0.9839024773978089,235665.0,35.0
2429,3738.0,4.0,0.9809543677156164,233621.0,35.0
2430,4076.0,35.0,0.9879702155577521,235670.0,35.0
2431,3946.0,27.0,0.9624498496619714,235701.0,35.0
2432,3594.0,2.0,0.9784826330615728,235707.0,35.0
2433,3586.0,1.0,0.9963602371464709,233674.0,35.0
2434,3814.0,54.0,0.9670072858983773,235722.0,35.0
2435,3769.0,36.0,0.9769385170549478,235729.0,35.0
2436,3592.0,56.0,0.9523768057494016,233701.0,35.0
2437,3677.0,37.0,0.9796618349569538,235752.0,35.0
2438,3815.0,54.0,0.9897679631895115,235753.0,35.0
2439,3797.0,3.0,0.9560693712611255,235755.0,35.0
2440,4554.0,15.0,0.9811295374194987,235758.0,35.0
2441,3899.0,46.0,0.9508523046254269,233722.0,35.0
2442,3806.0,5.0,0.9661546110873493,235776.0,35.0
2443,4060.0,34.0,0.9939416739443276,235777.0,35.0
2444,3971.0,7.0,0.9846051652692742,233729.0,35.0
2445,4178.0,43.0,0.9636399569917754,235781.0,35.0
2446,3950.0,27.0,0.9562828720173278,235787.0,35.0
2447,3998.0,44.0,0.9809931865746595,235793.0,35.0
2448,3833.0,52.0,0.9770406504571715,233750.0,35.0
2449,4137.0,42.0,0.9848315710038735,235809.0,35.0
2450,3901.0,46.0,0.9760292692022702,233762.0,35.0
2451,3925.0,46.0,0.9660317775926139,235818.0,35.0
2452,4036.0,12.0,0.966499629344466,235825.0,35.0
2453,4045.0,26.0,0.9623125853726838,235835.0,35.0
2454,4033.0,47.0,0.9937738568981296,233792.0,35.0
2455,3837.0,40.0,0.9732767109881596,235844.0,35.0
2456,3641.0,37.0,0.9898932232157799,233797.0,35.0
2457,3860.0,51.0,0.9601786439661617,233802.0,35.0
2458,3860.0,53.0,0.9922240268309233,233823.0,35.0
2459,3638.0,56.0,0.9754257075800364,235872.0,35.0
2460,4214.0,10.0,0.978882591690881,235875.0,35.0
2461,4215.0,10.0,0.9807704173116947,235883.0,35.0
2462,3890.0,8.0,0.9891550857611656,233838.0,35.0
2463,4062.0,34.0,0.9840733097582286,235887.0,35.0
2464,3837.0,52.0,0.9784850206004984,233848.0,35.0
2465,4107.0,42.0,0.9849755424792945,233857.0,35.0
2466,3769.0,19.0,0.9757167393381878,235907.0,35.0
2467,3863.0,53.0,0.9838186353172836,233862.0,35.0
2468,4650.0,16.0,0.9803730021292733,233869.0,35.0
2469,3863.0,51.0,0.9807621745651409,233877.0,35.0
2470,3964.0,44.0,0.9831227073985852,233881.0,35.0
2471,3845.0,39.0,0.989933465866616,233882.0,35.0
2472,4529.0,15.0,0.9861632194532889,233883.0,35.0
2473,3819.0,41.0,0.9947182636419598,235932.0,35.0
2474,4007.0,24.0,0.9760245090132788,235944.0,35.0
2475,4088.0,31.0,0.9760333979915226,233904.0,35.0
2476,3987.0,14.0,0.9796987205372998,235955.0,35.0
2477,3933.0,8.0,0.9816118754259106,235958.0,35.0
2478,3921.0,32.0,0.9920006794356863,235969.0,35.0
2479,4239.0,9.0,0.9567647556209932,235970.0,35.0
2480,3967.0,44.0,0.9837735461405246,233931.0,35.0
2481,3811.0,5.0,0.970106261409491,235983.0,35.0
2482,4558.0,15.0,0.9738911088419083,235990.0,35.0
2483,4055.0,29.0,0.9841535804401701,235992.0,35.0
2484,4312.0,11.0,0.9707199182898621,235994.0,35.0
2485,4089.0,31.0,0.9669382787806057,233952.0,35.0
2486,3820.0,41.0,0.9927501887719121,236005.0,35.0
2487,4012.0,49.0,0.9744712185433992,233959.0,35.0
2488,4275.0,11.0,0.9886221621448233,233960.0,35.0
2489,3954.0,27.0,0.9646055410345858,236007.0,35.0
2490,4079.0,30.0,0.977897891732277,236013.0,35.0
2491,3817.0,57.0,0.9915175958713488,236016.0,35.0
2492,3934.0,8.0,0.976959696356993,236019.0,35.0
2493,3926.0,46.0,0.9820993718236701,236021.0,35.0
2494,4020.0,6.0,0.9626894332934504,236028.0,35.0
2495,3904.0,51.0,0.9846725560581281,236031.0,35.0
2496,3743.0,4.0,0.9892112527662633,233985.0,35.0
2497,3970.0,44.0,0.9940000783589856,233994.0,35.0
2498,3630.0,55.0,0.9848365474911747,236043.0,35.0
2499,3740.0,36.0,0.9862567693335255,233996.0,35.0
2500,4213.0,9.0,0.9947798853405803,233999.0,35.0
2501,3714.0,58.0,0.986426658602258,236048.0,35.0
2502,3818.0,57.0,0.974314952548958,236052.0,35.0
2503,3780.0,54.0,0.9802790671795609,234005.0,35.0
2504,3882.0,45.0,0.9965839979529287,234006.0,35.0
2505,3845.0,23.0,0.9800212084379639,236053.0,35.0
2506,3641.0,56.0,0.9655405192601395,236055.0,35.0
2507,3843.0,40.0,0.9802483037075852,236059.0,35.0
2508,4021.0,34.0,0.9845264429982323,234015.0,35.0
2509,3558.0,2.0,0.976325628744451,234021.0,35.0
2510,4141.0,42.0,0.9829144545305657,236069.0,35.0
2511,3812.0,5.0,0.9563143589383002,236070.0,35.0
2512,4056.0,29.0,0.9871805447955676,236072.0,35.0
2513,4223.0,10.0,0.9705595643448686,236073.0,35.0
2514,4180.0,43.0,0.9506254566928581,236076.0,35.0
2515,3806.0,3.0,0.9674213068124661,236077.0,35.0
2516,3819.0,54.0,0.990122732759666,236080.0,35.0
2517,4315.0,11.0,0.9764243361487674,236083.0,35.0
2518,3819.0,57.0,0.9866598729105029,236085.0,35.0
2519,3795.0,22.0,0.9788280309842982,234044.0,35.0
2520,4058.0,29.0,0.9881597625918576,236093.0,35.0
2521,3958.0,27.0,0.9809236832975451,236100.0,35.0
2522,4031.0,33.0,0.9875387870869812,234053.0,35.0
2523,4019.0,28.0,0.9923528928964153,234057.0,35.0
2524,4215.0,9.0,0.9813822640964159,234058.0,35.0
2525,3959.0,27.0,0.9623096852414843,236105.0,35.0
2526,3841.0,52.0,0.9618287264177094,234060.0,35.0
2527,3989.0,14.0,0.9576511783750149,236109.0,35.0
2528,3826.0,41.0,0.9934793530674553,236123.0,35.0
2529,3842.0,52.0,0.979993733425851,234079.0,35.0
2530,4082.0,48.0,0.9781716509601011,236127.0,35.0
2531,3602.0,2.0,0.9839923799289603,236135.0,35.0
2532,3963.0,14.0,0.9839903333188916,234089.0,35.0
2533,4033.0,33.0,0.9765063271576443,234090.0,35.0
2534,4073.0,47.0,0.9908194512501576,236138.0,35.0
2535,4021.0,6.0,0.9580055932942423,236143.0,35.0
2536,4653.0,16.0,0.988052283874982,234097.0,35.0
2537,4671.0,16.0,0.9903784666221518,236146.0,35.0
2538,3848.0,23.0,0.9848150470955694,236153.0,35.0
2539,4654.0,16.0,0.9907800596881732,234106.0,35.0
2540,3785.0,54.0,0.985183236807662,234108.0,35.0
2541,4045.0,48.0,0.9704640483711778,234110.0,35.0
2542,3870.0,52.0,0.9604700395469693,236160.0,35.0
2543,3774.0,19.0,0.9858493508922465,236161.0,35.0
2544,3881.0,32.0,0.99200671584749,234117.0,35.0
2545,3643.0,56.0,0.9851061040924978,236166.0,35.0
2546,4021.0,28.0,0.9945886779451628,234119.0,35.0
2547,4182.0,43.0,0.9667379333564233,236168.0,35.0
2548,4318.0,11.0,0.9880103426400033,236172.0,35.0
2549,4010.0,24.0,0.983117363983181,236176.0,35.0
2550,4014.0,7.0,0.9885438291807247,236185.0,35.0
2551,3947.0,13.0,0.9846324928407026,236189.0,35.0
2552,4047.0,12.0,0.9678989988275313,236191.0,35.0
2553,3847.0,40.0,0.9800614459839928,236199.0,35.0
2554,3911.0,46.0,0.9803228834312511,234153.0,35.0
2555,4015.0,7.0,0.9870773839746431,236206.0,35.0
2556,3647.0,37.0,0.9875645576035409,234159.0,35.0
2557,4085.0,48.0,0.9930320313387878,236209.0,35.0
2558,3824.0,57.0,0.9909339444857554,236217.0,35.0
2559,3499.0,0.0,0.952120347712146,232122.0,35.0
2560,3686.0,38.0,0.9922609564676187,236221.0,35.0
2561,3809.0,18.0,0.9873600055813393,234174.0,35.0
2562,3760.0,57.0,0.9691088128724092,232127.0,35.0
2563,4068.0,34.0,0.9892368090671915,236228.0,35.0
2564,3716.0,19.0,0.9699928221200175,232142.0,35.0
2565,3684.0,37.0,0.9801277216822467,236241.0,35.0
2566,3543.0,0.0,0.9879905762854265,236244.0,35.0
2567,3810.0,18.0,0.9862226837624304,234197.0,35.0
2568,4048.0,12.0,0.992032222070848,236247.0,35.0
2569,3754.0,18.0,0.9598877777245868,232153.0,35.0
2570,4086.0,30.0,0.9853540163562069,236251.0,35.0
2571,4047.0,26.0,0.9714520109457736,236252.0,35.0
2572,4058.0,25.0,0.9946983548388291,236257.0,35.0
2573,3852.0,39.0,0.9725506299734256,234211.0,35.0
2574,3799.0,22.0,0.9764235156436839,234213.0,35.0
2575,3818.0,39.0,0.9612180163234574,232169.0,35.0
2576,3916.0,13.0,0.9792702995151835,234218.0,35.0
2577,3853.0,39.0,0.9843671870334676,234219.0,35.0
2578,3815.0,5.0,0.9643366063239588,236267.0,35.0
2579,3790.0,54.0,0.9816077786976797,234225.0,35.0
2580,3811.0,3.0,0.9812062194065337,236273.0,35.0
2581,3600.0,1.0,0.982422503160466,234229.0,35.0
2582,4048.0,26.0,0.9720050971886792,236277.0,35.0
2583,4704.0,17.0,0.9843539576043455,232187.0,35.0
2584,4023.0,34.0,0.9906925636713123,234236.0,35.0
2585,3601.0,1.0,0.9834203187410705,234240.0,35.0
2586,4561.0,15.0,0.9733084885337384,236292.0,35.0
2587,3893.0,39.0,0.9838344829197048,236295.0,35.0
2588,3600.0,56.0,0.97331279751836,234251.0,35.0
2589,4044.0,47.0,0.9968788593254779,234253.0,35.0
2590,3791.0,54.0,0.9826334031424483,234258.0,35.0
2591,3857.0,23.0,0.9940867558573206,236312.0,35.0
2592,4021.0,49.0,0.9505734781964013,234267.0,35.0
2593,4049.0,26.0,0.9862390205439134,236319.0,35.0
2594,3926.0,32.0,0.971977987646313,236324.0,35.0
2595,4063.0,29.0,0.9695054787380216,236330.0,35.0
2596,3816.0,5.0,0.9817450275366478,236333.0,35.0
2597,3970.0,24.0,0.9668139567432535,234286.0,35.0
2598,4321.0,11.0,0.9756911029362565,236335.0,35.0
2599,3562.0,2.0,0.9852807903231868,234288.0,35.0
2600,3546.0,0.0,0.9902582220913956,236336.0,35.0
2601,3646.0,56.0,0.9610881983889408,236337.0,35.0
2602,3887.0,32.0,0.9780071506814886,234291.0,35.0
2603,3547.0,0.0,0.9715301175641382,236338.0,35.0
2604,3834.0,41.0,0.9797976051962873,236339.0,35.0
2605,3860.0,23.0,0.9856525195476687,236347.0,35.0
2606,3850.0,40.0,0.9664431318824849,236352.0,35.0
2607,4093.0,31.0,0.9866508671944719,234305.0,35.0
2608,3887.0,45.0,0.9785168564951033,234306.0,35.0
2609,3875.0,53.0,0.9936485870566389,234307.0,35.0
2610,4063.0,25.0,0.9721186313502106,236354.0,35.0
2611,4090.0,30.0,0.9818173400314802,236360.0,35.0
2612,4026.0,6.0,0.9598809536158226,236362.0,35.0
2613,3952.0,13.0,0.9744989286762454,236364.0,35.0
2614,4072.0,34.0,0.9774158842769637,236372.0,35.0
2615,4041.0,30.0,0.9739334667889615,234326.0,35.0
2616,4117.0,42.0,0.9827469596449381,234331.0,35.0
2617,3690.0,38.0,0.9797233771773903,236383.0,35.0
2618,3895.0,39.0,0.9801185272712595,236389.0,35.0
2619,4028.0,6.0,0.968338226249598,236390.0,35.0
2620,3883.0,21.0,0.9746627548940403,236398.0,35.0
2621,4050.0,12.0,0.9770105100648989,236403.0,35.0
2622,3604.0,1.0,0.9948246652158361,234361.0,35.0
2623,3754.0,4.0,0.9808585213788121,234362.0,35.0
2624,3723.0,58.0,0.9782529306912103,236419.0,35.0
2625,4093.0,30.0,0.9799137244487898,236422.0,35.0
2626,4095.0,31.0,0.9717619996035173,234375.0,35.0
2627,3724.0,58.0,0.9736528485505683,236424.0,35.0
2628,4184.0,43.0,0.954023402644609,236425.0,35.0
2629,3955.0,13.0,0.9801751417434377,236430.0,35.0
2630,4157.0,43.0,0.9660755706480433,234383.0,35.0
2631,4065.0,29.0,0.9871576019822621,236441.0,35.0
2632,3872.0,51.0,0.9906463381029643,234396.0,35.0
2633,3940.0,8.0,0.983356307575789,236445.0,35.0
2634,3760.0,18.0,0.9884425307715824,232351.0,35.0
2635,3853.0,40.0,0.9841997526236088,236448.0,35.0
2636,4074.0,34.0,0.9863382136502943,236449.0,35.0
2637,3829.0,57.0,0.9641965454527228,236450.0,35.0
2638,4049.0,48.0,0.9921769843234756,234403.0,35.0
2639,3802.0,22.0,0.9736431822222448,234405.0,35.0
2640,4094.0,30.0,0.9765629773759394,236456.0,35.0
2641,3821.0,5.0,0.954264386316079,236461.0,35.0
2642,4051.0,12.0,0.9771990844049254,236465.0,35.0
2643,3929.0,32.0,0.9765362917637955,236468.0,35.0
2644,3956.0,13.0,0.9883530817583493,236470.0,35.0
2645,3793.0,54.0,0.9906751165797882,234430.0,35.0
2646,4025.0,29.0,0.9839559610381962,234431.0,35.0
2647,3612.0,2.0,0.9812774937126157,236480.0,35.0
2648,3695.0,4.0,0.9827286973400573,232389.0,35.0
2649,4719.0,17.0,0.9734902709375733,232390.0,35.0
2650,4051.0,26.0,0.9810072559154076,236486.0,35.0
2651,3564.0,2.0,0.9835887595022524,234444.0,35.0
2652,4013.0,24.0,0.9891996231938084,236493.0,35.0
2653,3865.0,23.0,0.9797321131594459,236496.0,35.0
2654,3850.0,22.0,0.9902763429358353,236501.0,35.0
2655,3967.0,14.0,0.9779885454620002,234455.0,35.0
2656,3959.0,49.0,0.9628903548216543,232413.0,35.0
2657,4097.0,31.0,0.9827399421533691,234461.0,35.0
2658,3772.0,36.0,0.9817021617510617,236512.0,35.0
2659,3744.0,54.0,0.989754662995216,232428.0,35.0
2660,3962.0,13.0,0.9833422207560045,236524.0,35.0
2661,4238.0,10.0,0.9933577966504719,236525.0,35.0
2662,3989.0,7.0,0.9843481704316799,234482.0,35.0
2663,4044.0,30.0,0.9921903248644376,234483.0,35.0
2664,4563.0,15.0,0.9524650087710809,236531.0,35.0
2665,3700.0,4.0,0.9919500870313359,232441.0,35.0
2666,4014.0,24.0,0.9885827555261517,236539.0,35.0
2667,3640.0,55.0,0.9876915626934382,236548.0,35.0
2668,3641.0,55.0,0.9895786406156555,236552.0,35.0
2669,3822.0,5.0,0.9632916727481148,236554.0,35.0
2670,3615.0,2.0,0.9850309461233622,236556.0,35.0
2671,4122.0,42.0,1.0,234513.0,35.0
2672,3642.0,55.0,0.9820781013473556,236566.0,35.0
2673,3931.0,50.0,0.98302496864589,234526.0,35.0
2674,3757.0,4.0,0.9745216654620522,234527.0,35.0
2675,4068.0,29.0,0.9786353898236013,236578.0,35.0
2676,3965.0,13.0,0.9700898460385805,236582.0,35.0
2677,3881.0,53.0,0.9892129422423884,234539.0,35.0
2678,3653.0,56.0,0.9794733973098472,236587.0,35.0
2679,3859.0,39.0,0.9870043283310118,234543.0,35.0
2680,4031.0,28.0,0.9884652891625647,234550.0,35.0
2681,4053.0,48.0,0.9811149195382803,234560.0,35.0
2682,3871.0,23.0,0.9849070952644868,236610.0,35.0
2683,3647.0,55.0,0.9925406356764984,236613.0,35.0
2684,4724.0,17.0,0.9501052330361134,232523.0,35.0
2685,3968.0,13.0,0.986661735257222,236623.0,35.0
2686,3926.0,44.0,0.9795472733414918,232531.0,35.0
2687,3815.0,3.0,0.9748750854820103,236630.0,35.0
2688,3788.0,41.0,0.985468595490937,234588.0,35.0
2689,3842.0,41.0,0.9732486737176199,236636.0,35.0
2690,3698.0,38.0,0.9794020307988961,236639.0,35.0
2691,4243.0,10.0,0.9723270151500508,236642.0,35.0
2692,4044.0,33.0,0.9923291806636496,234599.0,35.0
2693,4186.0,43.0,0.9668522041715618,236648.0,35.0
2694,4045.0,33.0,0.973861075669211,234602.0,35.0
2695,3852.0,22.0,0.9944489439575045,236652.0,35.0
2696,3563.0,0.0,0.9764566806214252,236655.0,35.0
2697,3658.0,38.0,0.9917692639362923,234615.0,35.0
2698,4242.0,9.0,0.9874006748847907,236663.0,35.0
2699,4245.0,10.0,0.9832883760356395,236668.0,35.0
2700,3992.0,7.0,0.9792791950432461,234621.0,35.0
2701,3620.0,37.0,0.9890682824756394,232575.0,35.0
2702,3886.0,21.0,0.9868790197143287,236674.0,35.0
2703,3885.0,53.0,0.9810631276261661,234635.0,35.0
2704,4071.0,29.0,0.9858268516650581,236684.0,35.0
2705,3994.0,14.0,0.995976375587538,236687.0,35.0
2706,3621.0,37.0,0.9844018679764952,232596.0,35.0
2707,4050.0,47.0,0.961561807203637,234645.0,35.0
2708,3787.0,19.0,0.9772109999871624,236694.0,35.0
2709,3860.0,40.0,0.9878675259634477,236696.0,35.0
2710,4247.0,10.0,0.9800476129218888,236698.0,35.0
2711,3838.0,57.0,0.9812442492526082,236703.0,35.0
2712,3973.0,13.0,0.9856748263091506,236707.0,35.0
2713,3649.0,55.0,0.9929437805601767,236708.0,35.0
2714,4023.0,26.0,0.9972529975346313,234661.0,35.0
2715,3767.0,18.0,0.9853048463581691,232614.0,35.0
2716,3995.0,14.0,0.9814143080943556,236710.0,35.0
2717,3660.0,37.0,0.9957092312397997,234664.0,35.0
2718,3699.0,38.0,0.9881189595266454,236711.0,35.0
2719,3968.0,49.0,0.98819114183417,232618.0,35.0
2720,3848.0,45.0,0.9832135434852967,232622.0,35.0
2721,4187.0,43.0,0.9608258429881278,236718.0,35.0
2722,4035.0,28.0,0.9828751439529689,234672.0,35.0
2723,3845.0,41.0,0.9851553243943247,236719.0,35.0
2724,4072.0,25.0,0.9946504238700071,236721.0,35.0
2725,4227.0,9.0,0.9894478676689904,234677.0,35.0
2726,3567.0,0.0,0.986632271259129,236725.0,35.0
2727,3650.0,55.0,0.9872588646190663,236727.0,35.0
2728,3734.0,58.0,0.9659764737575554,236729.0,35.0
2729,4039.0,6.0,0.9509956007339458,236732.0,35.0
2730,3887.0,21.0,0.9535665113860847,236733.0,35.0
2731,4566.0,15.0,0.9780294317101609,236737.0,35.0
2732,4064.0,35.0,0.988722115017414,234690.0,35.0
2733,4248.0,10.0,0.9899486363841082,236741.0,35.0
2734,4567.0,15.0,0.9801760024259442,236742.0,35.0
2735,3878.0,23.0,0.9924105723076687,236744.0,35.0
2736,3707.0,4.0,0.9701284784528509,232649.0,35.0
2737,3570.0,0.0,0.9793800091727219,236747.0,35.0
2738,3768.0,18.0,0.9905073253877816,232656.0,35.0
2739,4289.0,11.0,0.9617017256884036,234717.0,35.0
2740,4189.0,43.0,0.972449864196089,236765.0,35.0
2741,3862.0,40.0,0.9888521817270812,236768.0,35.0
2742,3573.0,0.0,0.9834585496568427,236772.0,35.0
2743,3919.0,27.0,0.9548780329534724,234731.0,35.0
2744,3880.0,23.0,0.9824144358757587,236780.0,35.0
2745,3934.0,32.0,0.9929297939824665,236781.0,35.0
2746,4053.0,12.0,0.9852734542692333,236783.0,35.0
2747,3983.0,44.0,0.9826025922278833,234744.0,35.0
2748,3890.0,21.0,0.9548391727001281,236792.0,35.0
2749,3773.0,36.0,0.9951586302529781,236795.0,35.0
2750,3574.0,0.0,0.9818792155259913,236798.0,35.0
2751,4047.0,33.0,0.978627974826837,234751.0,35.0
2752,4090.0,48.0,0.9780017572813785,236799.0,35.0
2753,3794.0,20.0,0.9797773626564849,236800.0,35.0
2754,3860.0,46.0,0.9797799452181416,232706.0,35.0
2755,3703.0,38.0,0.9714849123109934,236803.0,35.0
2756,3865.0,40.0,0.9924534049596211,236810.0,35.0
2757,3971.0,14.0,0.980742968292449,234763.0,35.0
2758,3920.0,27.0,0.9820470003934475,234764.0,35.0
2759,3821.0,3.0,0.990370645936554,236815.0,35.0
2760,3921.0,27.0,0.9883205649997888,234769.0,35.0
2761,3840.0,57.0,0.9908150726073026,236818.0,35.0
2762,3797.0,20.0,0.9823593593976787,236825.0,35.0
2763,4077.0,47.0,0.9869046750996858,236826.0,35.0
2764,4125.0,42.0,0.9593255137146977,234783.0,35.0
2765,3852.0,21.0,0.9748261437368465,234784.0,35.0
2766,4178.0,9.0,0.9836740562027411,232742.0,35.0
2767,3922.0,27.0,0.9916285130600822,234793.0,35.0
2768,4081.0,25.0,0.9877041024499684,236843.0,35.0
2769,3614.0,1.0,0.9858361246695075,234796.0,35.0
2770,4082.0,25.0,0.9908547648569352,236847.0,35.0
2771,4291.0,11.0,0.991102635176943,234801.0,35.0
2772,3741.0,58.0,0.9753861877395099,236857.0,35.0
2773,3996.0,28.0,0.9793461137004484,232764.0,35.0
2774,3837.0,51.0,0.9531293834717786,232766.0,35.0
2775,4038.0,34.0,0.9873592398326735,234815.0,35.0
2776,3708.0,38.0,0.987923640819973,236863.0,35.0
2777,3709.0,38.0,0.9894361575068612,236866.0,35.0
2778,4055.0,12.0,0.9874675370371762,236867.0,35.0
2779,4055.0,48.0,0.9905318746280379,234820.0,35.0
2780,4055.0,26.0,0.9756112050543478,236868.0,35.0
2781,3710.0,38.0,0.9920689790534443,236870.0,35.0
2782,3824.0,3.0,0.9877541521134902,236879.0,35.0
2783,4085.0,25.0,0.9734200745017032,236880.0,35.0
2784,4161.0,43.0,0.9650520828166491,234833.0,35.0
2785,4103.0,31.0,0.9888405265633862,234835.0,35.0
2786,3712.0,4.0,0.9848671188352816,232791.0,35.0
2787,4067.0,35.0,0.9878075056669957,234841.0,35.0
2788,3853.0,21.0,0.993112095298312,234842.0,35.0
2789,4086.0,25.0,0.98090396267922,236891.0,35.0
2790,4056.0,12.0,0.9762256515749016,236901.0,35.0
2791,4074.0,29.0,0.9878298097509025,236908.0,35.0
2792,4087.0,25.0,0.9878088629824178,236909.0,35.0
2793,3984.0,44.0,0.9857839253863048,234862.0,35.0
2794,3826.0,3.0,0.9820192463879179,236910.0,35.0
2795,4078.0,34.0,0.9889072639355417,236922.0,35.0
2796,3886.0,51.0,0.9880879559807068,234875.0,35.0
2797,3612.0,56.0,0.9738649888206575,234876.0,35.0
2798,3658.0,56.0,0.9783928683491339,236923.0,35.0
2799,4088.0,25.0,0.9591338238519687,236924.0,35.0
2800,4329.0,11.0,0.9929683625208761,236925.0,35.0
2801,3949.0,8.0,0.9842992985307526,236927.0,35.0
2802,3866.0,40.0,0.9879789326977919,236931.0,35.0
2803,4054.0,47.0,0.9870040686892932,234885.0,35.0
2804,3920.0,46.0,0.9771519998310438,234888.0,35.0
2805,3890.0,53.0,0.979886250048806,234889.0,35.0
2806,3655.0,55.0,0.9842477134678597,236941.0,35.0
2807,3892.0,23.0,0.9873341330787947,236944.0,35.0
2808,3714.0,4.0,0.984514257727142,232852.0,35.0
2809,3746.0,58.0,0.9715356135534755,236948.0,35.0
2810,3747.0,58.0,0.9792915208193188,236953.0,35.0
2811,3829.0,3.0,0.9799655238040624,236954.0,35.0
2812,3609.0,55.0,0.9852352322607812,234909.0,35.0
2813,4570.0,15.0,0.9748969333186491,236958.0,35.0
2814,3809.0,20.0,0.9784143524152512,236966.0,35.0
2815,4541.0,15.0,0.985531912405248,234921.0,35.0
2816,3579.0,0.0,0.9899500455259574,236969.0,35.0
2817,4127.0,42.0,0.985693450939178,234923.0,35.0
2818,4044.0,28.0,0.9822934784197194,234924.0,35.0
2819,3795.0,19.0,0.9830777950837217,236970.0,35.0
2820,3810.0,20.0,0.9887464000068682,236973.0,35.0
2821,4259.0,10.0,0.9694432584637769,236978.0,35.0
2822,3784.0,3.0,0.9850132876614486,234936.0,35.0
2823,3871.0,39.0,0.9844825167874582,234938.0,35.0
2824,3777.0,18.0,0.9859081907167195,232895.0,35.0
2825,3580.0,0.0,0.9946192688123218,236996.0,35.0
2826,3813.0,52.0,0.9917769737078156,232905.0,35.0
2827,3811.0,20.0,0.9780920401408538,237003.0,35.0
2828,3778.0,18.0,0.9826016209410061,232909.0,35.0
2829,3617.0,1.0,0.9885199820574019,234960.0,35.0
2830,4027.0,26.0,0.9833684713469091,234962.0,35.0
2831,3871.0,40.0,0.9923452103642613,237010.0,35.0
2832,4060.0,12.0,0.9822110144899749,237011.0,35.0
2833,3831.0,3.0,0.98119511755938,237013.0,35.0
2834,3813.0,20.0,0.9749872529172458,237015.0,35.0
2835,3752.0,58.0,0.9795245068654715,237016.0,35.0
2836,3925.0,27.0,0.9902828161947675,234971.0,35.0
2837,3814.0,20.0,0.9813992122511489,237020.0,35.0
2838,3818.0,22.0,0.9776101824064849,234980.0,35.0
2839,4767.0,17.0,0.9861120280205962,234981.0,35.0
2840,3872.0,40.0,0.9925461895727736,237028.0,35.0
2841,4108.0,31.0,0.9793099810592817,234990.0,35.0
2842,3817.0,20.0,0.9898834025002998,237038.0,35.0
2843,3799.0,41.0,0.9801550617843993,234993.0,35.0
2844,3658.0,55.0,0.987559265796298,237041.0,35.0
2845,3819.0,22.0,0.9924938067513158,234995.0,35.0
2846,3818.0,20.0,0.9821183183222052,237043.0,35.0
2847,3757.0,58.0,0.9861963761213945,237045.0,35.0
2848,3857.0,21.0,0.9939460127044483,234999.0,35.0
2849,3758.0,58.0,0.9904162875899418,237050.0,35.0
2850,3834.0,3.0,0.9922294764146035,237051.0,35.0
2851,4745.0,17.0,0.9522819380085472,232960.0,35.0
2852,4055.0,47.0,0.9768842079567158,235008.0,35.0
2853,3825.0,5.0,0.9692867631428328,237056.0,35.0
2854,4081.0,34.0,0.9757448219023683,237058.0,35.0
2855,3754.0,36.0,0.9859010752065145,235021.0,35.0
2856,4048.0,34.0,0.9686930534185231,235022.0,35.0
2857,3821.0,20.0,0.9869567701657068,237070.0,35.0
2858,3780.0,18.0,0.974721057087222,232980.0,35.0
2859,4098.0,25.0,0.9951385971187913,237078.0,35.0
2860,3985.0,24.0,0.971158094991611,235033.0,35.0
2861,4029.0,35.0,0.9651381522011461,232998.0,35.0
2862,4747.0,17.0,0.9569236313308319,233008.0,35.0
2863,4030.0,26.0,0.994007935651112,235065.0,35.0
2864,4031.0,49.0,0.9582684406538683,235070.0,35.0
2865,3894.0,53.0,0.9836792890027749,235074.0,35.0
2866,4635.0,16.0,0.9672292651017714,233029.0,35.0
2867,3889.0,51.0,0.9911842728663145,235077.0,35.0
2868,4231.0,9.0,0.9792870235997712,235080.0,35.0
2869,3804.0,54.0,0.9869796024796813,235081.0,35.0
2870,3568.0,1.0,0.9887814949512825,233034.0,35.0
2871,3665.0,37.0,0.9746687138666745,235085.0,35.0
2872,4006.0,33.0,0.9847721084854727,233042.0,35.0
2873,4008.0,33.0,0.9888127081210588,233048.0,35.0
2874,3827.0,39.0,0.9808821748997817,233051.0,35.0
2875,4131.0,42.0,0.9875444411163947,235106.0,35.0
2876,3757.0,36.0,0.9927592422200757,235109.0,35.0
2877,3896.0,53.0,0.99535641229628,235112.0,35.0
2878,4031.0,26.0,0.9756882327749692,235116.0,35.0
2879,4057.0,30.0,0.975341848664773,235119.0,35.0
2880,3630.0,37.0,0.982258854523733,233073.0,35.0
2881,4133.0,42.0,0.9707426574702177,235138.0,35.0
2882,4748.0,17.0,0.9500202794057442,233091.0,35.0
2883,4032.0,35.0,0.9848740851317228,233095.0,35.0
2884,4186.0,9.0,0.9706220680550752,233100.0,35.0
2885,3941.0,50.0,0.9765236725499215,235149.0,35.0
2886,3990.0,26.0,0.9866788125438706,233119.0,35.0
2887,4661.0,16.0,0.9882202333072876,235169.0,35.0
2888,4067.0,48.0,0.9845914690985904,235173.0,35.0
2889,3985.0,49.0,0.9532605263819096,233135.0,35.0
2890,4049.0,28.0,0.9915736234686443,235186.0,35.0
2891,3864.0,32.0,0.9818402987007769,233140.0,35.0
2892,3823.0,22.0,0.9562985394697286,235197.0,35.0
2893,3943.0,50.0,0.9765381604587354,235199.0,35.0
2894,3573.0,1.0,0.9892449126615316,233153.0,35.0
2895,4134.0,42.0,0.9862050175624772,235204.0,35.0
2896,3821.0,52.0,0.9794048084949776,233163.0,35.0
2897,3857.0,52.0,0.9667709929233422,235214.0,35.0
2898,4546.0,15.0,0.9806087796916749,235217.0,35.0
2899,3728.0,4.0,0.9861983972567238,233179.0,35.0
2900,4663.0,16.0,0.9885765482314844,235227.0,35.0
2901,4026.0,12.0,0.9833769579954778,235230.0,35.0
2902,3796.0,57.0,0.9742581658554329,235235.0,35.0
2903,3929.0,13.0,0.9758092980405896,235238.0,35.0
2904,4664.0,16.0,0.966008337458402,235243.0,35.0
2905,3846.0,51.0,0.9877693626509064,233197.0,35.0
2906,3667.0,37.0,0.9845958703252311,235248.0,35.0
2907,3978.0,14.0,0.9933988100214581,235251.0,35.0
2908,4000.0,6.0,0.9901314754912269,235253.0,35.0
2909,4135.0,42.0,0.9838755071102406,235255.0,35.0
2910,3903.0,45.0,0.9901710823995498,235256.0,35.0
2911,3948.0,44.0,0.9812557619557497,233210.0,35.0
2912,4071.0,35.0,0.9820120334077234,235261.0,35.0
2913,3862.0,45.0,0.9805454708234801,233214.0,35.0
2914,4637.0,16.0,0.9882537796598025,233217.0,35.0
2915,3946.0,50.0,0.9814004163930028,235267.0,35.0
2916,3990.0,24.0,0.9827717824179126,235268.0,35.0
2917,4066.0,31.0,0.9902925773567681,233221.0,35.0
2918,3578.0,2.0,0.9706395962178831,235270.0,35.0
2919,3858.0,52.0,0.9956719054976082,235291.0,35.0
2920,3958.0,7.0,0.9827718221423145,233246.0,35.0
2921,4001.0,6.0,0.9518461411787815,235298.0,35.0
2922,4041.0,35.0,0.9859012230767686,233261.0,35.0
2923,4752.0,17.0,0.961426821396425,233266.0,35.0
2924,4053.0,28.0,0.9853903735984709,235316.0,35.0
2925,3947.0,50.0,0.9976804903402559,235317.0,35.0
2926,3826.0,22.0,0.9867680563073915,235324.0,35.0
2927,3724.0,36.0,0.9760895772360716,233279.0,35.0
2928,3730.0,4.0,0.9906124573235646,233280.0,35.0
2929,4064.0,30.0,0.9540908447300342,235328.0,35.0
2930,3949.0,50.0,0.9878709547547772,235331.0,35.0
2931,4004.0,7.0,0.9753548083403436,235333.0,35.0
2932,4068.0,31.0,0.9932315305451197,233288.0,35.0
2933,3581.0,2.0,0.9861716667565696,235336.0,35.0
2934,3979.0,14.0,0.9846113107744143,235340.0,35.0
2935,3951.0,50.0,0.9841109877302104,235341.0,35.0
2936,3835.0,39.0,0.9910236846074608,233295.0,35.0
2937,3960.0,7.0,0.9905551614885443,233315.0,35.0
2938,4003.0,6.0,0.955544904110098,235364.0,35.0
2939,3863.0,45.0,0.9688188772216122,233322.0,35.0
2940,4171.0,43.0,0.9522205828772425,235372.0,35.0
2941,3993.0,44.0,0.9781111053678815,235380.0,35.0
2942,3918.0,8.0,0.9915299427775085,235383.0,35.0
2943,3748.0,19.0,0.9830414125690865,235390.0,35.0
2944,3879.0,39.0,0.9733917194106684,235393.0,35.0
2945,3867.0,32.0,0.9893337329602769,233346.0,35.0
2946,4033.0,49.0,0.9567847738248667,235397.0,35.0
2947,3863.0,21.0,0.9605845672462222,235401.0,35.0
2948,3825.0,52.0,0.9831186227514104,233354.0,35.0
2949,3919.0,8.0,0.9823140929599034,235407.0,35.0
2950,3993.0,24.0,0.9730137104390646,235412.0,35.0
2951,3750.0,19.0,0.9844023651557869,235413.0,35.0
2952,3866.0,45.0,0.9663158173639861,233369.0,35.0
2953,3887.0,46.0,0.9841866142507346,233377.0,35.0
2954,3811.0,54.0,0.9556644322940275,235428.0,35.0
2955,3851.0,51.0,0.9889919791916614,233382.0,35.0
2956,3994.0,24.0,0.9899623279734522,235437.0,35.0
2957,4755.0,17.0,0.9518500358618709,233391.0,35.0
2958,3763.0,36.0,0.996889421576399,235445.0,35.0
2959,4015.0,33.0,0.9948607527703317,233398.0,35.0
2960,3867.0,45.0,0.9869225976729079,233399.0,35.0
2961,4756.0,17.0,0.9533432010891242,233403.0,35.0
2962,3802.0,5.0,0.9516819493111734,235455.0,35.0
2963,3808.0,41.0,0.9718215265411598,235456.0,35.0
2964,4016.0,33.0,0.9867765096541556,233409.0,35.0
2965,3671.0,37.0,0.9880992760533926,235463.0,35.0
2966,3810.0,41.0,0.9869558501417378,235467.0,35.0
2967,3584.0,2.0,0.9716702955964783,235468.0,35.0
2968,3853.0,51.0,0.9936224341907679,233424.0,35.0
2969,3954.0,50.0,0.9783193302692635,235480.0,35.0
2970,3629.0,56.0,0.9754902193966137,235484.0,35.0
2971,4074.0,35.0,0.9850032607233152,235485.0,35.0
2972,3854.0,51.0,0.9869638547679942,233441.0,35.0
2973,4065.0,30.0,0.9901445468841652,235492.0,35.0
2974,3940.0,27.0,0.985260399270286,235494.0,35.0
2975,3866.0,21.0,0.963460166128899,235501.0,35.0
2976,4302.0,11.0,0.9840185866241037,235509.0,35.0
2977,4061.0,47.0,0.978447010497048,235511.0,35.0
2978,3586.0,2.0,0.987785015870801,235512.0,35.0
2979,4200.0,9.0,0.9774675931820161,233465.0,35.0
2980,3907.0,45.0,0.9764694985372973,235513.0,35.0
2981,4056.0,28.0,0.9842904518386969,235514.0,35.0
2982,3941.0,27.0,0.9852624432828645,235515.0,35.0
2983,4072.0,48.0,0.9862883647773576,235518.0,35.0
2984,4006.0,7.0,0.9788489995376608,235521.0,35.0
2985,3954.0,44.0,0.9912860162618924,233478.0,35.0
2986,4063.0,47.0,0.97555120275907,235527.0,35.0
2987,3800.0,57.0,0.9707214851204566,235529.0,35.0
2988,3583.0,1.0,0.9744039933648795,233483.0,35.0
2989,4035.0,49.0,0.9544530196718136,235533.0,35.0
2990,3889.0,46.0,0.990244830616665,233486.0,35.0
2991,4036.0,49.0,0.9541819852398769,235547.0,35.0
2992,3635.0,37.0,0.9552979669769759,233511.0,35.0
2993,4236.0,9.0,0.994609381117018,235572.0,35.0
2994,3673.0,38.0,0.9923793244736411,235573.0,35.0
2995,4207.0,10.0,0.9644408248011157,235578.0,35.0
2996,4550.0,15.0,0.9869328291077156,235584.0,35.0
2997,3891.0,46.0,0.9817749467916983,233538.0,35.0
2998,4003.0,24.0,0.9862897293298288,235587.0,35.0
2999,4666.0,16.0,0.9885156934678959,235588.0,35.0
3000,3872.0,45.0,0.981724283214461,233541.0,35.0
3001,3755.0,19.0,0.9749315163827352,235595.0,35.0
3002,4035.0,48.0,0.9942905428667341,233553.0,35.0
3003,3799.0,18.0,0.9978387040494179,233556.0,35.0
3004,4077.0,31.0,0.9942735713957538,233561.0,35.0
3005,3766.0,36.0,0.9929815976425155,235609.0,35.0
3006,4048.0,35.0,0.9822150882148849,233568.0,35.0
3007,4065.0,47.0,0.9782257314779139,235618.0,35.0
3008,4058.0,28.0,0.9720356956390208,235620.0,35.0
3009,3812.0,54.0,0.9801283429607178,235631.0,35.0
3010,3757.0,19.0,0.988965186505614,235634.0,35.0
3011,3804.0,5.0,0.9525034419707263,235639.0,35.0
3012,4048.0,29.0,0.9787351533770575,235647.0,35.0
3013,3856.0,53.0,0.9876959400454502,233603.0,35.0
3014,4030.0,47.0,0.9804931971380063,233609.0,35.0
3015,4006.0,24.0,0.9716421096426627,235657.0,35.0
3016,3924.0,8.0,0.9593530756948577,235661.0,35.0
3017,4144.0,43.0,0.9631912855971118,233629.0,35.0
3018,3768.0,36.0,0.9858013071375823,235682.0,35.0
3019,3957.0,50.0,0.9813831336781372,235696.0,35.0
3020,4761.0,17.0,0.9581158418406284,233651.0,35.0
3021,3983.0,14.0,0.9902405528614033,235708.0,35.0
3022,3958.0,50.0,0.9943057397370915,235715.0,35.0
3023,3927.0,8.0,0.9862381112253598,235720.0,35.0
3024,3895.0,46.0,0.9893483653048268,233684.0,35.0
3025,3587.0,1.0,0.9773803167503473,233687.0,35.0
3026,4012.0,6.0,0.9569022832456076,235736.0,35.0
3027,3898.0,46.0,0.9603632212219807,233718.0,35.0
3028,4006.0,49.0,0.970432518832522,233720.0,35.0
3029,3872.0,21.0,0.9897168539650506,235770.0,35.0
3030,3732.0,36.0,0.9753045884465337,233725.0,35.0
3031,3804.0,18.0,0.9842765596957173,233730.0,35.0
3032,4054.0,35.0,0.9869032632929987,233734.0,35.0
3033,4035.0,12.0,0.9888985777856373,235788.0,35.0
3034,3588.0,1.0,0.9902038012376582,233742.0,35.0
3035,3636.0,56.0,0.9883943455996181,235794.0,35.0
3036,3763.0,19.0,0.9808411514607441,235795.0,35.0
3037,3807.0,5.0,0.9701786922331572,235804.0,35.0
3038,4008.0,7.0,0.9861511712525944,235814.0,35.0
3039,3917.0,32.0,0.9863265684974858,235815.0,35.0
3040,4306.0,11.0,0.9949195346028591,235820.0,35.0
3041,3961.0,44.0,0.984707261733655,233778.0,35.0
3042,3930.0,8.0,0.9799598201631716,235834.0,35.0
3043,3859.0,53.0,0.9810237767053399,233793.0,35.0
3044,4009.0,7.0,0.9690837514557258,235847.0,35.0
3045,4024.0,33.0,0.9891356928267411,233800.0,35.0
3046,4015.0,6.0,0.9717472836572899,235848.0,35.0
3047,3902.0,46.0,0.9871560873733881,233804.0,35.0
3048,3840.0,23.0,0.985071690862931,235854.0,35.0
3049,3788.0,22.0,0.9888964221797576,233807.0,35.0
3050,3809.0,57.0,0.9911591994377511,235855.0,35.0
3051,3918.0,32.0,0.9858062023497624,235856.0,35.0
3052,3836.0,52.0,0.9870511715767043,233810.0,35.0
3053,3767.0,19.0,0.9875182785570225,235859.0,35.0
3054,4038.0,12.0,0.9742383963976303,235876.0,35.0
3055,3861.0,53.0,0.9944450430380753,233828.0,35.0
3056,4010.0,28.0,0.9557411756147508,233829.0,35.0
3057,4076.0,48.0,0.9873903660319563,235880.0,35.0
3058,3963.0,44.0,0.9861360468727834,233837.0,35.0
3059,3903.0,46.0,0.991154585847524,233841.0,35.0
3060,3842.0,23.0,0.988956231752721,235895.0,35.0
3061,3809.0,5.0,0.9704551191200478,235902.0,35.0
3062,3813.0,57.0,0.9786923239875668,235916.0,35.0
3063,3642.0,37.0,0.986766488706093,233871.0,35.0
3064,3736.0,36.0,0.9826807708967974,233874.0,35.0
3065,4027.0,33.0,0.9948405065061374,233875.0,35.0
3066,4076.0,30.0,0.9809648782895709,235926.0,35.0
3067,4010.0,49.0,0.9747371834576379,233878.0,35.0
3068,3789.0,22.0,0.983404819948842,233879.0,35.0
3069,4053.0,29.0,0.9872659983199255,235929.0,35.0
3070,3818.0,41.0,0.9881928571311788,235930.0,35.0
3071,3841.0,22.0,0.979425267298501,235934.0,35.0
3072,4071.0,47.0,0.9873787434291644,235935.0,35.0
3073,3592.0,1.0,0.9853742338329421,233888.0,35.0
3074,3963.0,24.0,0.9572006234976933,233891.0,35.0
3075,4086.0,31.0,0.9702227345433759,233897.0,35.0
3076,3742.0,4.0,0.9900309192751819,233911.0,35.0
3077,4139.0,42.0,0.9921277057812329,235960.0,35.0
3078,3756.0,20.0,0.9812232612822004,235961.0,35.0
3079,3838.0,52.0,0.9948632152829527,233913.0,35.0
3080,3922.0,50.0,0.9907025831343818,233922.0,35.0
3081,4218.0,10.0,0.9803092767152232,235972.0,35.0
3082,3866.0,53.0,0.9880852343625398,233926.0,35.0
3083,3791.0,22.0,0.9879530108432799,233927.0,35.0
3084,3757.0,20.0,0.9973930057533797,235976.0,35.0
3085,4077.0,48.0,0.9752995772225015,235981.0,35.0
3086,3968.0,44.0,0.9775083103959185,233933.0,35.0
3087,4054.0,29.0,0.9928316526363742,235989.0,35.0
3088,3980.0,6.0,0.9939876642567105,233941.0,35.0
3089,4029.0,33.0,0.9781165777870857,233942.0,35.0
3090,3803.0,3.0,0.9803911947014617,235993.0,35.0
3091,3758.0,20.0,0.9784664160661639,235995.0,35.0
3092,3759.0,20.0,0.9823203773760036,235996.0,35.0
3093,4109.0,42.0,0.9713740792213275,233947.0,35.0
3094,3833.0,18.0,0.9834837031446829,236001.0,35.0
3095,3909.0,27.0,0.9969303227403516,233954.0,35.0
3096,3988.0,14.0,0.984042598623557,236006.0,35.0
3097,3832.0,21.0,0.9827605501918457,233966.0,35.0
3098,3833.0,21.0,0.9908441605954807,233967.0,35.0
3099,3935.0,8.0,0.984830601160151,236020.0,35.0
3100,3599.0,2.0,0.9726176630699841,236022.0,35.0
3101,3712.0,58.0,0.9880415348812173,236027.0,35.0
3102,4140.0,42.0,0.9738674478891516,236042.0,35.0
3103,3645.0,37.0,0.9836766462220452,233995.0,35.0
3104,3744.0,4.0,0.979957206839967,233998.0,35.0
3105,3879.0,32.0,0.9732857766929381,234003.0,35.0
3106,4043.0,48.0,0.9617618060553839,234007.0,35.0
3107,4559.0,15.0,0.9912415546748264,236067.0,35.0
3108,3823.0,41.0,0.970010174765039,236087.0,35.0
3109,3844.0,40.0,0.9912373721198461,236089.0,35.0
3110,3746.0,4.0,0.9851301724396079,234043.0,35.0
3111,3600.0,2.0,1.0,236096.0,35.0
3112,3824.0,41.0,0.9821005507370073,236098.0,35.0
3113,4012.0,7.0,0.9946897991485306,236101.0,35.0
3114,4066.0,34.0,0.9661135472787615,236102.0,35.0
3115,4032.0,33.0,0.9861591020609067,234056.0,35.0
3116,4061.0,28.0,0.9601944237396577,235864.0,35.0
3117,3884.0,45.0,0.978190607399791,234063.0,35.0
3118,3866.0,51.0,0.9879124855524922,234065.0,35.0
3119,3540.0,0.0,0.9827440745620066,236120.0,35.0
3120,3601.0,2.0,0.975036613012735,236121.0,35.0
3121,3632.0,55.0,0.975077664427061,236122.0,35.0
3122,4015.0,49.0,0.9789897896319565,234076.0,35.0
3123,3808.0,3.0,0.9847209540348735,236126.0,35.0
3124,3683.0,38.0,0.9834529014410823,236129.0,35.0
3125,4316.0,11.0,0.9819399240981023,236130.0,35.0
3126,4044.0,12.0,0.9857528593351297,236131.0,35.0
3127,4008.0,24.0,0.9845980113162582,236133.0,35.0
3128,3946.0,13.0,0.9908599816158091,236136.0,35.0
3129,3784.0,54.0,0.9799098979151141,234088.0,35.0
3130,4008.0,26.0,0.9736658201444353,234094.0,35.0
3131,3730.0,19.0,0.990077100591791,234098.0,35.0
3132,4083.0,48.0,0.9917778932472197,236147.0,35.0
3133,4009.0,24.0,0.9871417415878961,236148.0,35.0
3134,4181.0,43.0,0.9522815143847404,236150.0,35.0
3135,3597.0,1.0,0.9716448672797151,234114.0,35.0
3136,3634.0,55.0,0.9820323421390094,236163.0,35.0
3137,3813.0,5.0,0.9600623131714571,236164.0,35.0
3138,3964.0,14.0,0.9930124947708284,234116.0,35.0
3139,3821.0,57.0,0.9693114700872599,236167.0,35.0
3140,3798.0,22.0,0.9834618377540774,234120.0,35.0
3141,3965.0,50.0,0.9808620063912105,236174.0,35.0
3142,3775.0,5.0,0.956238450848403,234130.0,35.0
3143,4227.0,10.0,0.988398236918275,236180.0,35.0
3144,4046.0,12.0,0.98665156257048,236186.0,35.0
3145,3830.0,41.0,0.9860873550414652,236187.0,35.0
3146,4319.0,11.0,0.9753618964514645,236188.0,35.0
3147,3966.0,24.0,0.9684104496191189,234147.0,35.0
3148,3776.0,19.0,0.9833602405843749,236197.0,35.0
3149,4219.0,9.0,0.9722197005720304,234149.0,35.0
3150,3644.0,56.0,0.9812433500465966,236200.0,35.0
3151,3823.0,57.0,0.9801311634963631,236202.0,35.0
3152,3850.0,23.0,0.9725268145821726,236203.0,35.0
3153,3635.0,55.0,0.9811720149836456,236205.0,35.0
3154,4017.0,49.0,0.9705076035578818,234164.0,35.0
3155,3961.0,27.0,0.9762598811286654,236213.0,35.0
3156,3743.0,36.0,0.9829845278831366,234165.0,35.0
3157,4061.0,29.0,0.9756182810403872,236216.0,35.0
3158,3883.0,32.0,0.9840399725493715,234169.0,35.0
3159,4656.0,16.0,0.978227004741826,234173.0,35.0
3160,4075.0,47.0,0.984559678273322,236222.0,35.0
3161,4091.0,31.0,0.9940723917154479,234176.0,35.0
3162,3928.0,46.0,0.9835666051627683,236231.0,35.0
3163,3766.0,20.0,0.9899394479991684,236236.0,35.0
3164,3949.0,13.0,0.9801157386174397,236250.0,35.0
3165,4010.0,26.0,0.989770286154845,234204.0,35.0
3166,3814.0,5.0,0.963921777833455,236253.0,35.0
3167,3968.0,50.0,0.9767923871805315,236255.0,35.0
3168,3871.0,53.0,0.9817760805942017,234212.0,35.0
3169,3936.0,8.0,0.9837059683136337,236264.0,35.0
3170,4229.0,10.0,0.9942464779456679,236270.0,35.0
3171,3768.0,20.0,0.9827220243357173,236276.0,35.0
3172,4183.0,43.0,0.9925745892525022,236279.0,35.0
3173,3969.0,50.0,0.9818736037338024,236282.0,35.0
3174,4011.0,26.0,0.9820470763260335,234235.0,35.0
3175,3687.0,38.0,0.981321183803164,236284.0,35.0
3176,3885.0,45.0,0.9786531635942523,234239.0,35.0
3177,3688.0,38.0,0.983875555227658,236289.0,35.0
3178,4019.0,49.0,0.9873327164531089,234241.0,35.0
3179,3779.0,19.0,0.9817874095492232,236291.0,35.0
3180,3606.0,2.0,0.984710089270103,236298.0,35.0
3181,3938.0,8.0,0.9654932848510368,236300.0,35.0
3182,4049.0,12.0,0.9892027874761522,236302.0,35.0
3183,4658.0,16.0,0.9901160863540893,234254.0,35.0
3184,3769.0,20.0,0.987141659286084,236307.0,35.0
3185,3950.0,13.0,0.9797047612412483,236309.0,35.0
3186,4707.0,17.0,0.9512279356546268,232216.0,35.0
3187,3974.0,44.0,0.9732795582061111,234265.0,35.0
3188,3873.0,53.0,0.9784901782320425,234269.0,35.0
3189,4025.0,28.0,0.9818158614730365,234273.0,35.0
3190,3745.0,36.0,0.9916131753371925,234274.0,35.0
3191,3874.0,53.0,0.9692937781121348,234275.0,35.0
3192,3969.0,24.0,0.9888871294862329,234278.0,35.0
3193,3975.0,44.0,0.9863896119040502,234279.0,35.0
3194,3812.0,3.0,0.9959966365540971,236328.0,35.0
3195,4016.0,7.0,0.9834123982958405,236332.0,35.0
3196,3813.0,18.0,0.9698240256139063,234287.0,35.0
3197,4532.0,15.0,0.9854963507636455,234289.0,35.0
3198,3826.0,57.0,0.9906649922454733,236343.0,35.0
3199,3964.0,27.0,0.971672793122175,236346.0,35.0
3200,3896.0,8.0,0.9971770598126699,234299.0,35.0
3201,4024.0,34.0,0.9894873988296351,234301.0,35.0
3202,4156.0,43.0,0.9873601397506405,234302.0,35.0
3203,3870.0,51.0,0.9787079572429531,234308.0,35.0
3204,3875.0,52.0,0.9786096157372592,236369.0,35.0
3205,4712.0,17.0,0.9578363151402223,232275.0,35.0
3206,3780.0,5.0,0.9602376741728765,234329.0,35.0
3207,4012.0,26.0,0.9674727985846995,234335.0,35.0
3208,3939.0,8.0,0.9877509256198742,236384.0,35.0
3209,3917.0,13.0,0.9787279048688518,234339.0,35.0
3210,3722.0,58.0,0.9845297076469887,236388.0,35.0
3211,3651.0,37.0,0.9531514140395522,234341.0,35.0
3212,3814.0,18.0,0.9805301259830425,234343.0,35.0
3213,3888.0,45.0,0.9806261232793984,234344.0,35.0
3214,3852.0,40.0,0.9792956699259229,236396.0,35.0
3215,4118.0,42.0,0.9921971423795745,234352.0,35.0
3216,4322.0,11.0,0.9887206390206037,236401.0,35.0
3217,4094.0,31.0,0.9903273826713187,234354.0,35.0
3218,3842.0,53.0,0.9810514072548882,232308.0,35.0
3219,3888.0,32.0,0.9769900367113844,234359.0,35.0
3220,3871.0,51.0,0.9869682230351174,234365.0,35.0
3221,3889.0,32.0,0.982618917892221,234368.0,35.0
3222,3842.0,21.0,0.9734222550966337,234369.0,35.0
3223,3610.0,2.0,0.9768870020079375,236426.0,35.0
3224,3819.0,5.0,0.9635635451035515,236429.0,35.0
3225,3743.0,54.0,0.983870138351072,232335.0,35.0
3226,3734.0,19.0,0.983574764024832,234392.0,35.0
3227,3554.0,0.0,0.9792238884059119,236452.0,35.0
3228,3928.0,50.0,0.9917526724084783,234404.0,35.0
3229,3987.0,7.0,0.9940141333545953,234406.0,35.0
3230,3555.0,0.0,0.960649054904645,236458.0,35.0
3231,3820.0,5.0,0.952769015840495,236459.0,35.0
3232,3727.0,58.0,0.9777763259072677,236467.0,35.0
3233,3605.0,1.0,0.9760068229886347,234423.0,35.0
3234,3930.0,32.0,0.9708999608521774,236472.0,35.0
3235,4050.0,48.0,0.9811044969859697,234425.0,35.0
3236,3941.0,8.0,0.9907523036662509,236474.0,35.0
3237,4076.0,34.0,0.9854813074875595,236482.0,35.0
3238,3972.0,24.0,0.9756647884212275,234437.0,35.0
3239,3695.0,38.0,0.9803434660250064,236488.0,35.0
3240,4032.0,6.0,0.9607223436884919,236497.0,35.0
3241,3604.0,56.0,0.9909381867128001,234453.0,35.0
3242,3973.0,24.0,0.9940090018585297,234454.0,35.0
3243,3866.0,23.0,0.988666106747019,236505.0,35.0
3244,3845.0,21.0,0.9580460441798413,234457.0,35.0
3245,4323.0,11.0,0.9814984716499605,236509.0,35.0
3246,3839.0,41.0,0.9786497462297831,236511.0,35.0
3247,4099.0,30.0,0.9939743119074769,236515.0,35.0
3248,3762.0,18.0,0.9839801846774912,232420.0,35.0
3249,3830.0,57.0,0.9913092590917549,236518.0,35.0
3250,4121.0,42.0,0.9757881261157502,234470.0,35.0
3251,3748.0,36.0,0.9812614695427627,234472.0,35.0
3252,3961.0,13.0,0.9819014969730426,236522.0,35.0
3253,4061.0,35.0,0.9828118907320725,234474.0,35.0
3254,3988.0,7.0,0.9839698146431956,234476.0,35.0
3255,4145.0,42.0,0.9936797973974343,236526.0,35.0
3256,3820.0,39.0,0.9726174917606153,232434.0,35.0
3257,4007.0,35.0,0.9742011751662331,232437.0,35.0
3258,4239.0,10.0,0.9765302997367813,236535.0,35.0
3259,3942.0,8.0,0.9718956407638385,236542.0,35.0
3260,3783.0,57.0,0.9879532167489465,234495.0,35.0
3261,4030.0,28.0,0.9823560812751041,234503.0,35.0
3262,3614.0,2.0,0.9850886850688116,236553.0,35.0
3263,3874.0,51.0,0.9739345836934411,234509.0,35.0
3264,4240.0,10.0,0.9859676025496209,236560.0,35.0
3265,3849.0,21.0,0.9776375070425858,234517.0,35.0
3266,3643.0,55.0,0.9853217026945117,236569.0,35.0
3267,4620.0,16.0,0.9879254611152577,232475.0,35.0
3268,3831.0,57.0,0.9829882479565489,236572.0,35.0
3269,4052.0,12.0,0.9748298750096133,236576.0,35.0
3270,3832.0,57.0,0.981038794276971,236577.0,35.0
3271,3644.0,55.0,0.9877581462118332,236579.0,35.0
3272,4102.0,30.0,0.97455043893189,236580.0,35.0
3273,4062.0,35.0,0.9840227552972254,234535.0,35.0
3274,4018.0,26.0,0.9813864360294152,234536.0,35.0
3275,4070.0,25.0,0.976234836704219,236585.0,35.0
3276,3565.0,2.0,0.9778347028730898,234541.0,35.0
3277,4103.0,30.0,0.985608612396481,236591.0,35.0
3278,4019.0,26.0,0.9730200732419315,234544.0,35.0
3279,4063.0,35.0,0.9815213053158348,234545.0,35.0
3280,4023.0,49.0,0.9866141635838694,234553.0,35.0
3281,3775.0,3.0,0.9635220366263558,234554.0,35.0
3282,3609.0,1.0,0.9866022499580616,234555.0,35.0
3283,3645.0,55.0,0.9881177517968948,236607.0,35.0
3284,4242.0,10.0,0.9539353291091186,236609.0,35.0
3285,3848.0,52.0,0.9815057249057384,234561.0,35.0
3286,3646.0,55.0,1.0,236612.0,35.0
3287,3703.0,4.0,0.9851197698995917,232516.0,35.0
3288,4723.0,17.0,0.9857274858187394,232518.0,35.0
3289,4766.0,17.0,0.954749199487668,234565.0,35.0
3290,4565.0,15.0,0.9900387459210949,236616.0,35.0
3291,4104.0,30.0,0.9888864430698866,236625.0,35.0
3292,3969.0,13.0,0.9809061686632086,236626.0,35.0
3293,3705.0,4.0,0.9962285149402424,232529.0,35.0
3294,3970.0,13.0,0.9789705772653187,236628.0,35.0
3295,4032.0,28.0,0.9812775293848903,234580.0,35.0
3296,4029.0,29.0,0.9892165873145177,234583.0,35.0
3297,3982.0,50.0,0.9838106383492398,236633.0,35.0
3298,3860.0,39.0,0.9891669321757023,234587.0,35.0
3299,4032.0,34.0,0.9926513992578813,234589.0,35.0
3300,3566.0,2.0,0.9618406928197583,234590.0,35.0
3301,4098.0,31.0,0.9777174132196462,234591.0,35.0
3302,4018.0,12.0,0.9911071148132332,234594.0,35.0
3303,3991.0,7.0,0.9594375426096914,234595.0,35.0
3304,3857.0,40.0,0.9687029357478433,236645.0,35.0
3305,3554.0,1.0,0.9771774955830717,232555.0,35.0
3306,4071.0,25.0,0.982235293631444,236653.0,35.0
3307,3657.0,37.0,0.9848047502747038,234608.0,35.0
3308,4244.0,10.0,0.9798094062061343,236657.0,35.0
3309,4070.0,29.0,0.9761267470009406,236658.0,35.0
3310,3817.0,3.0,0.9825800818718743,236667.0,35.0
3311,3859.0,40.0,0.9967643881353284,236671.0,35.0
3312,3836.0,57.0,0.979944641727852,236673.0,35.0
3313,3557.0,1.0,0.9750239545242775,232584.0,35.0
3314,3945.0,8.0,0.9917130722306139,236682.0,35.0
3315,4012.0,35.0,0.976533344935539,232587.0,35.0
3316,3877.0,51.0,0.9882665596152399,234637.0,35.0
3317,3876.0,23.0,0.9821915971969959,236688.0,35.0
3318,3655.0,56.0,0.9809439116156446,236690.0,35.0
3319,3788.0,20.0,0.9815832176161561,236691.0,35.0
3320,3658.0,37.0,0.9651631847983131,234646.0,35.0
3321,3847.0,45.0,0.9816673027814127,232599.0,35.0
3322,4051.0,47.0,0.978530019863359,234651.0,35.0
3323,3978.0,24.0,0.9821605685280891,234652.0,35.0
3324,3856.0,32.0,0.9720194987447025,232605.0,35.0
3325,3879.0,51.0,0.9854591412486468,234655.0,35.0
3326,4731.0,17.0,0.9576633033433634,232615.0,35.0
3327,4033.0,34.0,0.9975682525646924,234665.0,35.0
3328,3820.0,3.0,0.9855386172740519,236715.0,35.0
3329,4046.0,30.0,0.9723287930763806,234668.0,35.0
3330,4124.0,42.0,0.9846924090258007,234669.0,35.0
3331,3922.0,13.0,0.9838744743858254,234674.0,35.0
3332,3559.0,1.0,0.9631626863634015,232628.0,35.0
3333,3568.0,0.0,0.9809217808002613,236728.0,35.0
3334,3560.0,1.0,1.0,232632.0,35.0
3335,4037.0,28.0,0.9831047157310602,234680.0,35.0
3336,3569.0,0.0,0.9877603147174137,236731.0,35.0
3337,4101.0,31.0,0.9841630297203693,234682.0,35.0
3338,4536.0,15.0,0.9926945461256967,234694.0,35.0
3339,3849.0,45.0,0.9837328522334123,232648.0,35.0
3340,3897.0,32.0,0.9769675683153002,234698.0,35.0
3341,4076.0,47.0,0.9885534046015654,236749.0,35.0
3342,3809.0,22.0,0.9820027839083999,234701.0,35.0
3343,3861.0,40.0,0.9890234159760913,236756.0,35.0
3344,4106.0,30.0,0.9735995587546075,236758.0,35.0
3345,4075.0,25.0,0.9843744937388811,236760.0,35.0
3346,3855.0,22.0,0.9773335412874286,236763.0,35.0
3347,3839.0,57.0,0.9794443160271175,236766.0,35.0
3348,4734.0,17.0,0.9643776900194332,232670.0,35.0
3349,4250.0,10.0,0.9890104491114856,236771.0,35.0
3350,3863.0,39.0,0.9771741805131078,234725.0,35.0
3351,3918.0,27.0,0.9799404462472769,234727.0,35.0
3352,3879.0,23.0,0.9908011726374814,236776.0,35.0
3353,3798.0,54.0,0.9639718340601323,234729.0,35.0
3354,3793.0,41.0,0.9848321788378614,234730.0,35.0
3355,3707.0,36.0,0.9820987218128527,232684.0,35.0
3356,3736.0,58.0,0.9871430165750845,236782.0,35.0
3357,3995.0,28.0,0.9935328963854568,232690.0,35.0
3358,4251.0,10.0,0.9882851716497297,236793.0,35.0
3359,3610.0,56.0,0.9859935011610524,234747.0,35.0
3360,4624.0,16.0,0.9723342810944269,232700.0,35.0
3361,3924.0,13.0,0.9679152574818715,234750.0,35.0
3362,3738.0,58.0,0.9856394451173848,236802.0,35.0
3363,3970.0,14.0,0.9864203652774467,234754.0,35.0
3364,3739.0,58.0,0.9801606754609822,236804.0,35.0
3365,4077.0,25.0,0.9867365064464357,236805.0,35.0
3366,3881.0,23.0,0.9880210676550072,236807.0,35.0
3367,4252.0,10.0,0.9771535150623347,236811.0,35.0
3368,3934.0,44.0,0.9637819910338227,232717.0,35.0
3369,3995.0,7.0,0.9942040744908781,234766.0,35.0
3370,4735.0,17.0,0.9807211085988616,232719.0,35.0
3371,3862.0,46.0,0.9778285513858289,232720.0,35.0
3372,4079.0,25.0,0.9673537226143551,236820.0,35.0
3373,3823.0,3.0,0.9812714296473214,236824.0,35.0
3374,3789.0,5.0,0.9684031355234847,234776.0,35.0
3375,4080.0,25.0,0.9759664632970566,236827.0,35.0
3376,3706.0,38.0,0.9824413949984869,236834.0,35.0
3377,3751.0,54.0,0.9852826848687246,232741.0,35.0
3378,3780.0,3.0,0.9718016855781278,234790.0,35.0
3379,3883.0,23.0,0.9815871979782317,236839.0,35.0
3380,3662.0,37.0,0.9850475719641119,234791.0,35.0
3381,3925.0,13.0,0.9891061136131496,234794.0,35.0
3382,3884.0,23.0,0.9847671715867958,236844.0,35.0
3383,4037.0,34.0,0.9822749099885755,234798.0,35.0
3384,3513.0,0.0,0.9932087192851532,234802.0,35.0
3385,3752.0,54.0,0.989699941092787,232757.0,35.0
3386,4292.0,11.0,0.9896206689390049,234809.0,35.0
3387,3576.0,0.0,0.9937437451530945,236859.0,35.0
3388,3812.0,22.0,0.9810811724903387,234812.0,35.0
3389,3888.0,23.0,0.9709013513764296,236861.0,35.0
3390,3759.0,4.0,0.976256628235578,234822.0,35.0
3391,3888.0,53.0,0.9892188681989814,234823.0,35.0
3392,4084.0,25.0,0.991970540395909,236873.0,35.0
3393,3801.0,20.0,0.994341595409457,236877.0,35.0
3394,4025.0,26.0,0.9909566443795756,234829.0,35.0
3395,4160.0,43.0,0.9612795555083845,234832.0,35.0
3396,4040.0,34.0,0.9889349183786261,234834.0,35.0
3397,3577.0,0.0,0.9803822642555361,236884.0,35.0
3398,4539.0,15.0,0.9644366325825797,234840.0,35.0
3399,3654.0,55.0,0.9832562631408466,236889.0,35.0
3400,3851.0,53.0,0.9622300604524598,232800.0,35.0
3401,3997.0,14.0,0.9734023332394283,236898.0,35.0
3402,3803.0,20.0,0.9635381949921142,236900.0,35.0
3403,3711.0,38.0,0.9881188583912806,236905.0,35.0
3404,3753.0,54.0,0.9799386889034609,232811.0,35.0
3405,3885.0,51.0,0.9871445958426522,234861.0,35.0
3406,3792.0,19.0,0.9640714763897864,236912.0,35.0
3407,3514.0,0.0,0.9734942327612393,234872.0,35.0
3408,4741.0,17.0,0.9549087756590182,232827.0,35.0
3409,3797.0,41.0,0.9822662727158192,234878.0,35.0
3410,3828.0,3.0,0.9749300176534663,236930.0,35.0
3411,3869.0,46.0,0.9812440116544876,232834.0,35.0
3412,3973.0,49.0,0.9715072616327546,232838.0,35.0
3413,4128.0,43.0,0.9581710616437698,232849.0,35.0
3414,3950.0,8.0,0.9835592035555544,236946.0,35.0
3415,4051.0,33.0,0.9871885830289469,234904.0,35.0
3416,3566.0,1.0,0.9909362400730273,232857.0,35.0
3417,3748.0,58.0,0.9968297680109488,236956.0,35.0
3418,4001.0,33.0,0.9744811805661324,232862.0,35.0
3419,4058.0,12.0,0.9682645662763736,236964.0,35.0
3420,3995.0,6.0,0.9591298525611363,234918.0,35.0
3421,3972.0,14.0,0.9895450501057683,234920.0,35.0
3422,3775.0,18.0,0.9973202221251524,232877.0,35.0
3423,3854.0,45.0,0.9820756061765619,232879.0,35.0
3424,3567.0,1.0,0.9849290476037698,232882.0,35.0
3425,3850.0,41.0,0.9590582132863817,236980.0,35.0
3426,3869.0,40.0,0.988891440053922,236981.0,35.0
3427,3776.0,18.0,0.971804041200811,232886.0,35.0
3428,3741.0,19.0,0.9777540155406536,234932.0,35.0
3429,3936.0,50.0,0.9819769555712948,234933.0,35.0
3430,4129.0,42.0,0.9764541487309966,234934.0,35.0
3431,3830.0,3.0,0.9670080820802163,236988.0,35.0
3432,3983.0,24.0,0.9956612198825371,234941.0,35.0
3433,4090.0,25.0,0.9815643359687914,236991.0,35.0
3434,3894.0,23.0,0.979847459440985,236992.0,35.0
3435,4260.0,10.0,0.9590542253426956,236999.0,35.0
3436,4294.0,11.0,0.9837480644548493,234953.0,35.0
3437,3984.0,24.0,0.9896126725367163,234956.0,35.0
3438,4571.0,15.0,0.9748519800391262,237005.0,35.0
3439,3985.0,44.0,0.9862140581230261,234958.0,35.0
3440,3852.0,52.0,0.9769797358094828,234959.0,35.0
3441,3891.0,27.0,0.9723246430345346,232916.0,35.0
3442,4093.0,25.0,0.9717752351935682,237014.0,35.0
3443,3999.0,14.0,0.9733290379053858,237017.0,35.0
3444,3998.0,7.0,0.977649564779935,234969.0,35.0
3445,3855.0,45.0,0.9732206405568844,232923.0,35.0
3446,3997.0,6.0,0.9588232558945339,234984.0,35.0
3447,4029.0,26.0,0.9878039197446191,234988.0,35.0
3448,3754.0,58.0,0.9826061721186927,237037.0,35.0
3449,3903.0,32.0,0.9787510557290905,234991.0,35.0
3450,3872.0,46.0,0.9746951894061102,232945.0,35.0
3451,3756.0,58.0,0.9901546116364284,237042.0,35.0
3452,3986.0,44.0,0.9560149518774209,235000.0,35.0
3453,3896.0,23.0,0.987502827906484,237052.0,35.0
3454,3719.0,4.0,0.9780679210989399,232957.0,35.0
3455,4089.0,42.0,0.9963969565175816,232958.0,35.0
3456,4130.0,42.0,0.9832110155013565,235007.0,35.0
3457,4052.0,33.0,0.9541499601194062,235011.0,35.0
3458,4163.0,43.0,0.9848849506909583,235012.0,35.0
3459,4660.0,16.0,0.9878822534579985,235013.0,35.0
3460,3939.0,14.0,0.9914871965318927,232967.0,35.0
3461,4096.0,25.0,0.976600156298825,237065.0,35.0
3462,3756.0,54.0,0.9807158662835813,232983.0,35.0
3463,4542.0,15.0,0.9805923485526074,235037.0,35.0
3464,3782.0,18.0,0.9938975808521598,232990.0,35.0
3465,4004.0,33.0,0.9909632411462002,232995.0,35.0
3466,3714.0,36.0,0.9756528756914987,232999.0,35.0
3467,3826.0,39.0,0.9777567515153922,233001.0,35.0
3468,3572.0,2.0,0.9600351975875187,235055.0,35.0
3469,4166.0,43.0,0.9720382690753059,235060.0,35.0
3470,3941.0,44.0,0.9670710453901021,233014.0,35.0
3471,4005.0,33.0,0.9823767410683234,233017.0,35.0
3472,4017.0,47.0,0.9824947802616126,233026.0,35.0
3473,3815.0,52.0,0.9882766303516914,233038.0,35.0
3474,4060.0,31.0,0.9840567888228869,233039.0,35.0
3475,4049.0,34.0,0.9565846483830793,235089.0,35.0
3476,3899.0,45.0,0.9882265098175157,235096.0,35.0
3477,3613.0,55.0,0.9842199305405936,235103.0,35.0
3478,3825.0,40.0,0.995158886136117,235105.0,35.0
3479,3983.0,49.0,0.981830000712671,233059.0,35.0
3480,3976.0,14.0,0.9889607207192483,235108.0,35.0
3481,4132.0,42.0,0.98948322604697,235111.0,35.0
3482,3806.0,54.0,0.9923390534179284,235118.0,35.0
3483,3758.0,36.0,0.9868953060550774,235122.0,35.0
3484,3921.0,46.0,0.9935581333390756,235126.0,35.0
3485,3878.0,46.0,0.9660682042615695,233079.0,35.0
3486,3879.0,46.0,0.9878465133753086,233087.0,35.0
3487,3913.0,8.0,0.9864284789562159,235136.0,35.0
3488,3716.0,36.0,0.989470289923813,233092.0,35.0
3489,3796.0,5.0,0.9663818957481026,235140.0,35.0
3490,3631.0,37.0,0.9711877421129401,233094.0,35.0
3491,3818.0,52.0,0.9690285086627609,233096.0,35.0
3492,4033.0,35.0,0.9912804736588366,233102.0,35.0
3493,4187.0,9.0,0.9832229287726034,233103.0,35.0
3494,4033.0,26.0,0.9875384801789632,235151.0,35.0
3495,3998.0,6.0,0.961531591095227,235152.0,35.0
3496,4545.0,15.0,0.9830522507681798,235155.0,35.0
3497,3968.0,6.0,0.959188536068979,233110.0,35.0
3498,4169.0,43.0,0.9611608595501375,235158.0,35.0
3499,3620.0,56.0,0.9836751322627927,235175.0,35.0
3500,3990.0,44.0,0.9814527470229945,235183.0,35.0
3501,4191.0,9.0,0.990900443964166,233139.0,35.0
3502,3986.0,49.0,0.9890009428826189,233143.0,35.0
3503,4750.0,17.0,0.9819923636110772,233146.0,35.0
3504,3861.0,45.0,0.9704482208902458,233152.0,35.0
3505,3632.0,37.0,0.9861344683019375,233158.0,35.0
3506,3720.0,36.0,0.977939576910482,233160.0,35.0
3507,3666.0,38.0,0.9735040000515051,235209.0,35.0
3508,3667.0,38.0,0.9903312612238585,235210.0,35.0
3509,4258.0,11.0,0.9908273287508881,233164.0,35.0
3510,4002.0,7.0,0.9850051932301014,235212.0,35.0
3511,3944.0,50.0,0.9888168899716056,235213.0,35.0
3512,4662.0,16.0,0.9868297746435781,235216.0,35.0
3513,4298.0,11.0,0.9788506402933402,235221.0,35.0
3514,3977.0,14.0,0.9608320908641526,235225.0,35.0
3515,3988.0,49.0,0.9670974002364102,233182.0,35.0
3516,4063.0,31.0,0.9824682710537763,233184.0,35.0
3517,4059.0,30.0,0.959930981707351,235237.0,35.0
3518,3830.0,39.0,0.979494037111355,233193.0,35.0
3519,3854.0,53.0,0.9815344566156126,233196.0,35.0
3520,3820.0,21.0,0.9886084052914932,233198.0,35.0
3521,3893.0,51.0,0.9877670797532166,235257.0,35.0
3522,3787.0,18.0,0.9800403751352476,233211.0,35.0
3523,3778.0,22.0,0.9896539383269157,233222.0,35.0
3524,3821.0,21.0,0.9759906560965242,233223.0,35.0
3525,4069.0,48.0,0.9934192032988872,235275.0,35.0
3526,3621.0,56.0,0.9894151819841664,235281.0,35.0
3527,4061.0,30.0,0.9770573717390009,235282.0,35.0
3528,4638.0,16.0,0.9904951083646285,233248.0,35.0
3529,3799.0,5.0,0.9701063955457454,235296.0,35.0
3530,3849.0,51.0,0.9809170351001343,233250.0,35.0
3531,3828.0,40.0,0.9853652093307586,235301.0,35.0
3532,3919.0,50.0,0.9821530151021599,233257.0,35.0
3533,3578.0,1.0,0.9749692728321735,233268.0,35.0
3534,4002.0,6.0,0.9527394620537927,235318.0,35.0
3535,3584.0,56.0,0.9882911195054297,233278.0,35.0
3536,3948.0,50.0,0.9777725866784915,235327.0,35.0
3537,3747.0,19.0,0.9939970595665276,235329.0,35.0
3538,4040.0,29.0,0.9729996474873651,235330.0,35.0
3539,3834.0,39.0,0.9943345020850549,233286.0,35.0
3540,4233.0,9.0,0.9760789623945954,235334.0,35.0
3541,3669.0,37.0,0.9753710776899304,235347.0,35.0
3542,3931.0,27.0,0.9774683802389746,235353.0,35.0
3543,4069.0,31.0,0.9749729237859457,233306.0,35.0
3544,4300.0,11.0,0.9922330762184604,235360.0,35.0
3545,3698.0,58.0,0.9869275096737816,235362.0,35.0
3546,4012.0,33.0,0.991934609889684,233319.0,35.0
3547,4041.0,29.0,0.9854556907785023,235374.0,35.0
3548,3886.0,46.0,0.9825352415566747,233327.0,35.0
3549,3670.0,38.0,0.9785199034890805,235378.0,35.0
3550,4022.0,47.0,0.9896489701267437,233335.0,35.0
3551,4005.0,6.0,0.9900174938127614,235384.0,35.0
3552,4172.0,43.0,0.9644410766350124,235385.0,35.0
3553,4028.0,12.0,0.9890754897665733,235386.0,35.0
3554,4005.0,7.0,0.9763870179464611,235391.0,35.0
3555,3624.0,56.0,0.985819760547305,235395.0,35.0
3556,3551.0,2.0,0.970757404607976,233352.0,35.0
3557,3621.0,55.0,0.987918709355807,235400.0,35.0
3558,3626.0,56.0,0.9861030791934368,235402.0,35.0
3559,3731.0,4.0,0.9794094554295687,233355.0,35.0
3560,3627.0,56.0,0.9744482101516341,235405.0,35.0
3561,4195.0,9.0,0.9574591852736822,233361.0,35.0
3562,3732.0,4.0,0.9828570529853806,233363.0,35.0
3563,4196.0,9.0,0.9910991150246647,233365.0,35.0
3564,3826.0,52.0,0.9754351835808958,233366.0,35.0
3565,4070.0,48.0,0.9894812438533445,235415.0,35.0
3566,3933.0,27.0,0.973389707400328,235418.0,35.0
3567,3622.0,55.0,0.9937135116574582,235426.0,35.0
3568,3752.0,19.0,0.9799144385819938,235433.0,35.0
3569,3965.0,7.0,0.9867348717675039,233386.0,35.0
3570,4071.0,48.0,0.984010105375578,235435.0,35.0
3571,3951.0,44.0,0.9839556609665637,233390.0,35.0
3572,4054.0,28.0,0.9912995184116132,235446.0,35.0
3573,4043.0,29.0,0.9729214898728803,235451.0,35.0
3574,3793.0,18.0,0.9915947856738137,233413.0,35.0
3575,3829.0,22.0,0.9700443505432054,235462.0,35.0
3576,4017.0,33.0,0.9740900466112162,233416.0,35.0
3577,4044.0,29.0,0.9771455441943834,235466.0,35.0
3578,4757.0,17.0,0.9829528169278205,233421.0,35.0
3579,4043.0,35.0,0.9731822186408464,233429.0,35.0
3580,4174.0,43.0,0.98289879346765,235478.0,35.0
3581,4074.0,31.0,0.984719524324371,233432.0,35.0
3582,4198.0,9.0,0.9788059060625898,233433.0,35.0
3583,3827.0,52.0,0.9891632906797161,233435.0,35.0
3584,3881.0,39.0,0.9726642234197709,235483.0,35.0
3585,4642.0,16.0,0.9702673728511978,233437.0,35.0
3586,4665.0,16.0,0.9773941410410417,235496.0,35.0
3587,3839.0,39.0,0.9844420121141236,233449.0,35.0
3588,4045.0,35.0,0.9808061162333033,233455.0,35.0
3589,4301.0,11.0,0.9727148957699308,235505.0,35.0
3590,3795.0,18.0,0.9875149757107755,233462.0,35.0
3591,4055.0,34.0,0.9588178481788113,235519.0,35.0
3592,3974.0,6.0,0.9846494548142348,233473.0,35.0
3593,4007.0,7.0,0.9653671457742261,235523.0,35.0
3594,4547.0,15.0,0.9875324692033206,235526.0,35.0
3595,3936.0,13.0,0.9774278744389431,235532.0,35.0
3596,3734.0,4.0,0.9813277737555629,233485.0,35.0
3597,3911.0,32.0,0.994218542223408,235544.0,35.0
3598,3784.0,22.0,0.9926687408666528,233500.0,35.0
3599,3832.0,22.0,0.9897161963866861,235553.0,35.0
3600,3953.0,14.0,0.9802898193017793,233508.0,35.0
3601,4032.0,12.0,0.9655191463696988,235558.0,35.0
3602,4548.0,15.0,0.9828967509126689,235559.0,35.0
3603,3943.0,27.0,0.9917483757713479,235570.0,35.0
3604,3867.0,21.0,0.9733606881834035,235571.0,35.0
3605,3870.0,45.0,0.970492674019633,233528.0,35.0
3606,3892.0,46.0,0.9928825032034642,233544.0,35.0
3607,3829.0,52.0,0.9683497198282982,233547.0,35.0
3608,3898.0,51.0,0.9943703247146762,235596.0,35.0
3609,3825.0,21.0,0.9913677021894297,233549.0,35.0
3610,4008.0,6.0,0.9819974214027429,235601.0,35.0
3611,3737.0,4.0,0.9873064373782319,233564.0,35.0
3612,3914.0,32.0,0.9680984203302626,235613.0,35.0
3613,4006.0,28.0,0.9764219540635904,233569.0,35.0
3614,4057.0,34.0,0.9903925466884635,235622.0,35.0
3615,4050.0,35.0,0.9800848344692886,233577.0,35.0
3616,3830.0,52.0,0.9721681104178204,233582.0,35.0
3617,3813.0,41.0,0.993513174100957,235633.0,35.0
3618,3814.0,41.0,0.9897180376452267,235635.0,35.0
3619,3767.0,36.0,0.9861403674044599,235638.0,35.0
3620,4075.0,35.0,0.9741716140463113,235646.0,35.0
3621,3831.0,52.0,0.984536554333508,233601.0,35.0
3622,3759.0,19.0,0.9847114667849518,235653.0,35.0
3623,3803.0,18.0,0.9880841971368975,233607.0,35.0
3624,4073.0,48.0,0.9907975019131021,235655.0,35.0
3625,3803.0,57.0,0.9873942722567692,235660.0,35.0
3626,3827.0,21.0,0.979689047353486,233615.0,35.0
3627,3998.0,26.0,0.9780848149554882,233623.0,35.0
3628,4552.0,15.0,0.9903594558405684,235671.0,35.0
3629,4042.0,26.0,0.9925757266895632,235673.0,35.0
3630,3805.0,5.0,0.96580653958404,235676.0,35.0
3631,4034.0,12.0,0.9606885660573482,235680.0,35.0
3632,3840.0,39.0,0.97932186531081,233633.0,35.0
3633,3905.0,53.0,0.9677238400980686,235687.0,35.0
3634,4067.0,47.0,0.9660878648189024,235693.0,35.0
3635,4760.0,17.0,0.9864163500311309,233647.0,35.0
3636,4038.0,48.0,0.9812299536647013,233650.0,35.0
3637,4145.0,43.0,0.9749031848118875,233654.0,35.0
3638,3752.0,20.0,0.9864515201023236,235703.0,35.0
3639,3832.0,40.0,0.9892098173956201,235704.0,35.0
3640,3676.0,37.0,0.9814561626539617,235706.0,35.0
3641,4058.0,34.0,0.9814784743579877,235709.0,35.0
3642,3816.0,41.0,0.9872697144241039,235710.0,35.0
3643,4645.0,16.0,0.9868254538712083,233666.0,35.0
3644,4206.0,9.0,0.9856304979271198,233667.0,35.0
3645,3770.0,54.0,0.985957066139475,233672.0,35.0
3646,3677.0,38.0,0.979652741375591,235726.0,35.0
3647,3857.0,51.0,0.9932958408409693,233680.0,35.0
3648,3634.0,56.0,0.9752668568399345,235732.0,35.0
3649,3761.0,19.0,0.9750183871683045,235733.0,35.0
3650,3834.0,40.0,0.9722138151073473,235735.0,35.0
3651,4068.0,30.0,0.9975454108317665,235737.0,35.0
3652,4207.0,9.0,0.9823679183118524,233690.0,35.0
3653,4008.0,28.0,0.980022766120894,233693.0,35.0
3654,3929.0,8.0,0.9851786070724416,235741.0,35.0
3655,4068.0,47.0,0.98444757100967,235742.0,35.0
3656,4015.0,29.0,0.9729598840591237,233698.0,35.0
3657,4125.0,31.0,0.9817155880605364,235747.0,35.0
3658,3771.0,54.0,0.9910153951745816,233700.0,35.0
3659,3639.0,37.0,0.9861278947613648,233702.0,35.0
3660,4237.0,9.0,0.983431708361055,235754.0,35.0
3661,4051.0,29.0,0.988570568557266,235756.0,35.0
3662,3906.0,53.0,0.9919861569238211,235757.0,35.0
3663,3835.0,40.0,0.9839158551521066,235763.0,35.0
3664,3910.0,45.0,0.9912757804381359,235765.0,35.0
3665,4208.0,9.0,0.9784915651966476,233719.0,35.0
3666,4069.0,47.0,0.9865995896554517,235769.0,35.0
3667,3829.0,21.0,0.963951048095333,233724.0,35.0
3668,4070.0,47.0,0.9927223727014707,235782.0,35.0
3669,3958.0,44.0,0.9867991140913409,233737.0,35.0
3670,4055.0,35.0,0.9860548134155906,233749.0,35.0
3671,4070.0,30.0,0.9873915799585985,235798.0,35.0
3672,3772.0,54.0,0.982416110437448,233752.0,35.0
3673,3531.0,0.0,0.9919938072338482,235800.0,35.0
3674,4013.0,6.0,0.9651706562388759,235803.0,35.0
3675,3900.0,46.0,0.9512060111561944,233757.0,35.0
3676,4647.0,16.0,0.972576507626412,233759.0,35.0
3677,3555.0,2.0,0.9827652551858768,233766.0,35.0
3678,4008.0,49.0,0.9759775991991155,233771.0,35.0
3679,4270.0,11.0,0.9841021412690562,233775.0,35.0
3680,3800.0,3.0,0.9800725374915632,235823.0,35.0
3681,4082.0,31.0,0.9679528072350781,233779.0,35.0
3682,4037.0,12.0,0.9936462855710263,235831.0,35.0
3683,3951.0,27.0,0.9709566448872755,235842.0,35.0
3684,3533.0,0.0,0.9774776020000658,235851.0,35.0
3685,3885.0,39.0,0.9969733078387317,235857.0,35.0
3686,4025.0,33.0,0.983392557659751,233812.0,35.0
3687,4009.0,28.0,0.9815017564516504,233816.0,35.0
3688,3952.0,27.0,0.9877917066162386,235866.0,35.0
3689,4035.0,47.0,0.9855613771565803,233832.0,35.0
3690,3669.0,38.0,0.9747432637634555,235368.0,35.0
3691,3744.0,58.0,0.9768046245830232,236906.0,35.0
3692,3679.0,37.0,0.9590554058955709,235884.0,35.0
3693,4254.0,10.0,0.9695997203838665,236911.0,35.0
3694,4739.0,17.0,0.9515481155752372,232818.0,35.0
3695,4234.0,9.0,0.9778620759722384,235381.0,35.0
3696,3740.0,19.0,0.9878438915565726,234870.0,35.0
3697,3868.0,46.0,0.9695952246126094,232824.0,35.0
3698,4048.0,48.0,0.978053505390268,234373.0,35.0
3699,3811.0,52.0,0.9856843690919318,232842.0,35.0
3700,3801.0,5.0,0.9571185511253503,235414.0,35.0
3701,3932.0,13.0,0.994201771185296,235416.0,35.0
3702,3905.0,8.0,0.9699209776193561,234905.0,35.0
3703,3890.0,45.0,0.9799613608185311,234400.0,35.0
3704,3552.0,2.0,0.982691902057231,233380.0,35.0
3705,3751.0,19.0,0.982989236448336,235431.0,35.0
3706,3842.0,57.0,0.9817348162894287,236968.0,35.0
3707,4126.0,42.0,0.987666965020299,234922.0,35.0
3708,4030.0,6.0,0.9870825693597679,236469.0,35.0
3709,4632.0,16.0,0.9853531961083282,232894.0,35.0
3710,3786.0,3.0,0.9858660350935731,234950.0,35.0
3711,3710.0,58.0,0.9669759618797581,235978.0,35.0
3712,4092.0,25.0,0.9828078865452134,237004.0,35.0
3713,3764.0,36.0,0.9693156513342447,235469.0,35.0
3714,3996.0,24.0,0.9712091600197956,235471.0,35.0
3715,3974.0,14.0,0.9895506864604715,234973.0,35.0
3716,3838.0,41.0,0.9725554361216551,236510.0,35.0
3717,4042.0,12.0,0.9781542287791704,236018.0,35.0
3718,3553.0,1.0,0.9831158503919304,232436.0,35.0
3719,3733.0,4.0,0.9746749540075951,233463.0,35.0
3720,4078.0,48.0,0.9938445120374372,236030.0,35.0
3721,3940.0,14.0,0.9817291376209174,232973.0,35.0
3722,4052.0,25.0,0.9819427692204461,236047.0,35.0
3723,4000.0,49.0,0.9785297032601737,233488.0,35.0
3724,3965.0,24.0,0.970143006295995,234014.0,35.0
3725,3940.0,50.0,0.9800815203394156,235039.0,35.0
3726,3602.0,55.0,0.9801335505527219,234529.0,35.0
3727,3968.0,7.0,0.9781202819028036,233512.0,35.0
3728,3913.0,32.0,0.991095420143136,235560.0,35.0
3729,4069.0,35.0,0.9847003264379799,235054.0,35.0
3730,3798.0,18.0,0.9876502616181049,233524.0,35.0
3731,4110.0,31.0,0.950588500896456,235067.0,35.0
3732,3561.0,0.0,0.9509879717949161,236606.0,35.0
3733,3971.0,44.0,0.9797184580918367,234049.0,35.0
3734,3965.0,27.0,0.9736449777225635,236621.0,35.0
3735,4142.0,43.0,0.98782235288636,233554.0,35.0
3736,3821.0,39.0,0.9681719529354226,232532.0,35.0
3737,4725.0,17.0,0.9890638741400903,232536.0,35.0
3738,3763.0,20.0,0.9840646014170568,236139.0,35.0
3739,3922.0,32.0,0.9972121018148155,236140.0,35.0
3740,3989.0,44.0,0.9814157248398376,235117.0,35.0
3741,3844.0,51.0,0.9664274789293017,233071.0,35.0
3742,3875.0,23.0,0.9865081771870059,236661.0,35.0
3743,3960.0,27.0,0.9685474227187327,236156.0,35.0
3744,4034.0,28.0,0.9631304976291806,234624.0,35.0
3745,3810.0,21.0,0.9791939695990959,232580.0,35.0
3746,3648.0,55.0,0.9784271418151216,236680.0,35.0
3747,4531.0,15.0,0.9859839249737838,234122.0,35.0
3748,4021.0,26.0,0.988004598857127,234647.0,35.0
3749,3829.0,39.0,0.9827780834198193,233115.0,35.0
3750,4043.0,47.0,0.9834240077242794,234145.0,35.0
3751,4059.0,29.0,0.9797257236254913,236196.0,35.0
3752,3751.0,36.0,0.9834268508475661,234667.0,35.0
3753,3570.0,1.0,0.9815013857581343,233136.0,35.0
3754,4024.0,12.0,0.9889392013702304,235190.0,35.0
3755,3633.0,56.0,0.9880864077633562,235702.0,35.0
3756,3700.0,38.0,0.9861337994035377,236750.0,35.0
3757,4304.0,11.0,0.9877069772937145,235734.0,35.0
3758,3870.0,53.0,0.9788235119395325,234200.0,35.0
3759,4059.0,34.0,0.9906205780070853,235743.0,35.0
3760,4077.0,35.0,0.9717349880148598,235750.0,35.0
3761,4004.0,49.0,0.9700488349636459,233714.0,35.0
3762,3864.0,40.0,0.9971197711890405,236788.0,35.0
3763,3989.0,50.0,0.982589908507196,236789.0,35.0
3764,3824.0,22.0,0.9692969392905938,235264.0,35.0
3765,4212.0,10.0,0.9723090507696207,235801.0,35.0
3766,3773.0,54.0,0.9710383828127207,233764.0,35.0
3767,4262.0,11.0,0.9881915601914791,233263.0,35.0
3768,3711.0,4.0,0.9761922103106003,232752.0,35.0
3769,3884.0,51.0,0.9764378997036761,234808.0,35.0
3770,4525.0,15.0,0.9784513793955529,233794.0,35.0
3771,4107.0,30.0,0.9764802581935409,236869.0,35.0
3772,3981.0,33.0,0.9895029323190375,232269.0,35.0
3773,3760.0,54.0,0.986287043861927,233300.0,35.0
3774,3550.0,0.0,0.9823800779547639,236381.0,35.0
3775,3883.0,45.0,0.983841332637285,234046.0,35.0
3776,4053.0,34.0,0.9877458726694521,235454.0,35.0
3777,3999.0,6.0,0.9840143005840645,235200.0,35.0
3778,3816.0,40.0,0.9889216756232454,234498.0,35.0
3779,3820.0,20.0,0.9759535333327563,237059.0,35.0
3780,4123.0,31.0,0.9903088536465955,235624.0,35.0
3781,3875.0,46.0,0.9823850254693193,233037.0,35.0
3782,4138.0,42.0,0.9822915238159207,235952.0,35.0
3783,3654.0,37.0,0.9873691103448475,234547.0,35.0
3784,4109.0,30.0,0.983522583976097,236916.0,35.0
3785,4039.0,26.0,0.9772921720871214,235349.0,35.0
3786,3822.0,3.0,0.9875868343447715,236822.0,35.0
3787,3801.0,18.0,0.9782124232984378,233593.0,35.0
3788,3678.0,4.0,0.9550298849093536,232118.0,35.0
3789,3803.0,52.0,0.9592881016053787,232113.0,35.0
3790,3976.0,26.0,1.0,232107.0,35.0
3791,3992.0,50.0,0.9789778311217108,236821.0,35.0
3792,3982.0,13.0,0.9876625899725564,236933.0,35.0
3793,3960.0,24.0,0.9947791825907922,233820.0,35.0
3794,4017.0,6.0,0.978098944985582,235894.0,35.0
3795,3838.0,22.0,0.980422982790023,235899.0,35.0
3796,3974.0,7.0,0.968288840125523,233859.0,35.0
3797,4036.0,47.0,0.9831451609838464,233860.0,35.0
3798,3959.0,14.0,0.9783848248274425,233863.0,35.0
3799,3841.0,40.0,0.9901286844294854,235912.0,35.0
3800,3735.0,36.0,0.9928892294585698,233864.0,35.0
3801,3842.0,40.0,0.9803055197752413,235915.0,35.0
3802,3875.0,21.0,0.9912705819950635,235918.0,35.0
3803,3679.0,38.0,0.9856624882611112,235921.0,35.0
3804,3962.0,50.0,0.9977130924999862,235928.0,35.0
3805,4077.0,30.0,0.9781783085390894,235939.0,35.0
3806,4651.0,16.0,0.9944747742706855,233893.0,35.0
3807,4046.0,26.0,0.9878961111714257,235950.0,35.0
3808,4036.0,30.0,0.9599451459770372,233902.0,35.0
3809,3770.0,19.0,0.9898960173918301,235954.0,35.0
3810,4217.0,10.0,0.9786128214281512,235957.0,35.0
3811,3596.0,56.0,0.9794510964413434,233910.0,35.0
3812,4018.0,34.0,0.9873040611709158,233919.0,35.0
3813,4049.0,25.0,0.9765950349183313,235968.0,35.0
3814,3771.0,19.0,0.9707015323296965,235977.0,35.0
3815,4311.0,11.0,0.9868772565809104,235984.0,35.0
3816,4019.0,34.0,0.9886429185861458,233949.0,35.0
3817,3891.0,8.0,0.9655939382825866,233950.0,35.0
3818,3888.0,39.0,0.9774691728671709,236000.0,35.0
3819,4670.0,16.0,0.9870919563483792,236014.0,35.0
3820,4044.0,48.0,0.9925378332618486,234012.0,35.0
3821,3847.0,23.0,0.9721500250455645,236061.0,35.0
3822,4009.0,12.0,0.9851063031493301,234017.0,35.0
3823,4313.0,11.0,0.9822650644651681,236066.0,35.0
3824,4530.0,15.0,0.9822977127201148,234022.0,35.0
3825,4023.0,25.0,0.9867449553629797,234024.0,35.0
3826,3762.0,20.0,0.9864363795137978,236082.0,35.0
3827,3596.0,1.0,0.9879272140587929,234038.0,35.0
3828,4018.0,28.0,0.9936463026789757,234045.0,35.0
3829,4012.0,12.0,0.9949192805742689,234052.0,35.0
3830,3981.0,6.0,0.9760050265472727,234059.0,35.0
3831,3652.0,38.0,0.9941685573067455,234062.0,35.0
3832,4083.0,30.0,0.9600237783536513,236112.0,35.0
3833,3716.0,58.0,0.9929259706781168,236114.0,35.0
3834,3747.0,4.0,0.9604208654935084,234070.0,35.0
3835,3742.0,36.0,0.9873375752500276,234071.0,35.0
3836,4042.0,47.0,0.9886322303428019,234073.0,35.0
3837,3782.0,41.0,0.9802988361104663,234080.0,35.0
3838,3973.0,44.0,0.9885717746826423,234083.0,35.0
3839,4216.0,9.0,0.987127808132269,234096.0,35.0
3840,3828.0,41.0,0.9861961931418315,236151.0,35.0
3841,3910.0,27.0,0.9870010355732631,234118.0,35.0
3842,3820.0,23.0,0.9774058717864462,234135.0,35.0
3843,3948.0,13.0,0.9861395751956978,236193.0,35.0
3844,3849.0,23.0,0.9868411666774531,236195.0,35.0
3845,4060.0,35.0,0.9844635030004215,234166.0,35.0
3846,3541.0,0.0,0.9852310067725922,236229.0,35.0
3847,3911.0,27.0,0.9852557553056392,234181.0,35.0
3848,3880.0,21.0,0.9672630846285023,236238.0,35.0
3849,3595.0,55.0,0.9752566935822587,234192.0,35.0
3850,3788.0,54.0,0.9760742261300545,234193.0,35.0
3851,3542.0,0.0,0.9855793557575222,236242.0,35.0
3852,3881.0,21.0,0.9851157317357232,236243.0,35.0
3853,2357.0,59.0,0.9855436073468464,232157.0,35.0
3854,3777.0,19.0,0.9756858587595131,236254.0,35.0
3855,3561.0,2.0,0.9609534538764842,234208.0,35.0
3856,3885.0,32.0,0.9921408289594424,234210.0,35.0
3857,3855.0,23.0,0.9687502576648158,236272.0,35.0
3858,4702.0,17.0,0.9927124215238772,232179.0,35.0
3859,3777.0,57.0,0.9794835341133049,234227.0,35.0
3860,4024.0,28.0,0.9816350442474877,234233.0,35.0
3861,2362.0,59.0,0.9890532600532712,232190.0,35.0
3862,3545.0,0.0,0.9888478151397744,236290.0,35.0
3863,2364.0,59.0,0.9865212400910297,232194.0,35.0
3864,3778.0,57.0,0.969961530291005,234246.0,35.0
3865,3848.0,46.0,0.9929413574277703,232199.0,35.0
3866,3800.0,22.0,0.9828083059650837,234263.0,35.0
3867,3970.0,50.0,0.9911241252845131,236321.0,35.0
3868,3733.0,19.0,0.9629223201906614,234276.0,35.0
3869,3839.0,21.0,0.9871544922233518,234277.0,35.0
3870,3976.0,44.0,0.9852204531143819,234280.0,35.0
3871,3686.0,37.0,0.9901830459195888,236348.0,35.0
3872,3575.0,56.0,0.9659871926770076,232255.0,35.0
3873,3548.0,0.0,0.9854994770827037,236355.0,35.0
3874,3692.0,36.0,0.9847516777801182,232261.0,35.0
3875,3817.0,5.0,0.9819640600145348,236359.0,35.0
3876,4026.0,34.0,0.9896292320553342,234312.0,35.0
3877,3983.0,6.0,0.9775645376670042,234315.0,35.0
3878,3687.0,37.0,0.991850537003312,236365.0,35.0
3879,3609.0,2.0,0.9744247531721696,236371.0,35.0
3880,3813.0,3.0,0.9905904837707542,236377.0,35.0
3881,4002.0,35.0,0.9594953283016966,232286.0,35.0
3882,4714.0,17.0,0.991149816188318,232295.0,35.0
3883,3955.0,49.0,0.9837421641643507,232297.0,35.0
3884,4091.0,30.0,0.9882784127649878,236394.0,35.0
3885,3575.0,55.0,0.9769572306937089,232304.0,35.0
3886,3937.0,7.0,0.9761303822991414,232305.0,35.0
3887,4119.0,42.0,0.9766480277160947,234356.0,35.0
3888,4072.0,42.0,0.983029787514417,232324.0,35.0
3889,3852.0,46.0,0.9790025215126349,232330.0,35.0
3890,3776.0,20.0,0.9853884550321539,236432.0,35.0
3891,3778.0,20.0,0.9858238111014119,236442.0,35.0
3892,4717.0,17.0,0.980424555840688,232350.0,35.0
3893,3854.0,46.0,0.9817520790504614,232353.0,35.0
3894,3690.0,4.0,0.9881369057562914,232354.0,35.0
3895,3956.0,49.0,0.9957552208944975,232357.0,35.0
3896,4016.0,12.0,0.9890499450870528,234411.0,35.0
3897,3743.0,5.0,0.9509252639398516,232365.0,35.0
3898,4095.0,30.0,0.9786684447670263,236463.0,35.0
3899,3770.0,3.0,0.991546242034905,234416.0,35.0
3900,3891.0,45.0,0.9795698519885822,234419.0,35.0
3901,3816.0,18.0,0.9503063883656372,234422.0,35.0
3902,3922.0,14.0,0.9828233641117223,232378.0,35.0
3903,3845.0,52.0,0.9660617496501541,234427.0,35.0
3904,4170.0,9.0,0.9927787918103274,232381.0,35.0
3905,4250.0,11.0,0.984612520108598,232384.0,35.0
3906,3958.0,13.0,0.9897135779673312,236481.0,35.0
3907,3891.0,32.0,0.9932363978496549,234435.0,35.0
3908,3771.0,3.0,0.9535234926742491,234436.0,35.0
3909,3878.0,53.0,0.9710033946594074,234438.0,35.0
3910,3924.0,14.0,0.9834381796317561,232395.0,35.0
3911,4282.0,11.0,0.9859083987631293,234445.0,35.0
3912,3841.0,45.0,0.9837703894268564,232401.0,35.0
3913,3780.0,20.0,0.9851872419463671,236498.0,35.0
3914,3814.0,40.0,0.9707425996028987,234456.0,35.0
3915,4506.0,15.0,0.9836766438019401,232412.0,35.0
3916,3698.0,4.0,0.9544622003662285,232415.0,35.0
3917,3681.0,58.0,0.9781146516343056,234464.0,35.0
3918,4721.0,17.0,0.9901318667408947,232426.0,35.0
3919,4068.0,25.0,0.9793872132898219,236523.0,35.0
3920,3995.0,34.0,0.9855438904061398,232429.0,35.0
3921,4003.0,47.0,0.9918483931889795,232432.0,35.0
3922,4026.0,29.0,0.9874254178237233,234486.0,35.0
3923,4087.0,48.0,0.9899506275656724,236538.0,35.0
3924,3744.0,5.0,0.9771646158215893,232449.0,35.0
3925,3735.0,19.0,0.9614531546871006,234507.0,35.0
3926,4101.0,30.0,0.991530116206248,236557.0,35.0
3927,3978.0,50.0,0.9976668835635039,236558.0,35.0
3928,3807.0,52.0,0.9567729332292195,232469.0,35.0
3929,3601.0,55.0,0.973764151838193,234519.0,35.0
3930,3990.0,7.0,0.9803796421644833,234520.0,35.0
3931,3786.0,41.0,0.9763992965586644,234521.0,35.0
3932,3879.0,53.0,0.9823662672984546,234522.0,35.0
3933,4008.0,35.0,0.9891065342651895,232486.0,35.0
3934,3997.0,34.0,0.9779863552477567,232494.0,35.0
3935,2396.0,59.0,0.9832772139239901,232495.0,35.0
3936,4006.0,47.0,0.9732515563075942,232499.0,35.0
3937,3992.0,33.0,0.9777747095459518,232503.0,35.0
3938,3831.0,51.0,0.987189425633074,232517.0,35.0
3939,4043.0,33.0,0.9924531182090507,234568.0,35.0
3940,4026.0,25.0,0.9683298032216483,234569.0,35.0
3941,3850.0,21.0,0.9806093417345673,234575.0,35.0
3942,4020.0,26.0,0.9809383071038168,234578.0,35.0
3943,4508.0,15.0,0.9801757745262467,232535.0,35.0
3944,4174.0,9.0,0.9923398352354185,232539.0,35.0
3945,3967.0,49.0,0.9806221825008639,232541.0,35.0
3946,4121.0,43.0,0.9663752370853792,232552.0,35.0
3947,4623.0,16.0,0.9911052507386306,232556.0,35.0
3948,4099.0,31.0,0.9894814597259226,234607.0,35.0
3949,3966.0,27.0,0.9931194718923615,236660.0,35.0
3950,3940.0,7.0,0.9919157001574113,232564.0,35.0
3951,4007.0,47.0,0.9880106051022163,232567.0,35.0
3952,4019.0,12.0,0.993309611107824,234619.0,35.0
3953,4100.0,31.0,0.9867570044971863,234620.0,35.0
3954,4008.0,47.0,0.9983090948303014,232574.0,35.0
3955,2401.0,59.0,0.9881730052141419,232576.0,35.0
3956,3821.0,54.0,0.9871156629039635,236678.0,35.0
3957,4018.0,48.0,0.9835156554722,232585.0,35.0
3958,3790.0,41.0,0.9867535341760546,234644.0,35.0
3959,4078.0,42.0,0.9703920116378627,232604.0,35.0
3960,3997.0,33.0,0.9835501149564766,232613.0,35.0
3961,3790.0,20.0,0.9777860125333241,236714.0,35.0
3962,3704.0,36.0,0.9888395170737471,232623.0,35.0
3963,3788.0,19.0,0.9829966997332952,236720.0,35.0
3964,3994.0,28.0,0.9977402311094629,232629.0,35.0
3965,3822.0,54.0,0.9804011584843517,236726.0,35.0
3966,4024.0,26.0,0.9872697428627495,234679.0,35.0
3967,2403.0,59.0,0.9796095943030227,232633.0,35.0
3968,3685.0,58.0,0.9874076066642511,234693.0,35.0
3969,3661.0,37.0,0.9843982222363749,234703.0,35.0
3970,3743.0,20.0,0.9910678010615102,234706.0,35.0
3971,3998.0,29.0,0.983431955999205,232660.0,35.0
3972,3777.0,3.0,0.9841295874362281,234716.0,35.0
3973,3709.0,4.0,0.9841983714516712,232673.0,35.0
3974,3987.0,50.0,0.9848715821208291,236774.0,35.0
3975,3979.0,24.0,0.9897200624977258,234738.0,35.0
3976,4228.0,9.0,0.9823389211078074,234743.0,35.0
3977,4039.0,28.0,0.9824146233189737,234752.0,35.0
3978,3940.0,24.0,0.9811903757514103,232708.0,35.0
3979,3979.0,13.0,0.9810182351118325,236808.0,35.0
3980,4102.0,31.0,0.976547633243115,234760.0,35.0
3981,3563.0,1.0,0.9920254839959272,232715.0,35.0
3982,3991.0,50.0,0.9822788933434415,236817.0,35.0
3983,3896.0,39.0,0.9844140001279001,236823.0,35.0
3984,3705.0,38.0,0.9729857755446588,236832.0,35.0
3985,3688.0,58.0,0.9845558428930375,234789.0,35.0
3986,3619.0,2.0,0.9881474124189794,236838.0,35.0
3987,3758.0,3.0,0.9731726261610075,232744.0,35.0
3988,3800.0,54.0,0.987326730061283,234792.0,35.0
3989,4001.0,34.0,0.9882635254694833,232747.0,35.0
3990,3849.0,53.0,0.9826805179333589,232749.0,35.0
3991,3850.0,52.0,0.9937950068450737,234805.0,35.0
3992,3626.0,37.0,0.9878233599075102,232760.0,35.0
3993,4627.0,16.0,0.9800914128275404,232762.0,35.0
3994,3919.0,46.0,0.990940529452885,234817.0,35.0
3995,3850.0,53.0,0.9840678918933013,232773.0,35.0
3996,3857.0,32.0,0.97131375987985,232780.0,35.0
3997,3858.0,32.0,0.9586221417931103,232781.0,35.0
3998,3993.0,6.0,0.986410132917456,234836.0,35.0
3999,4162.0,43.0,0.9850042911257841,234837.0,35.0
4000,3690.0,58.0,0.99737413854457,234839.0,35.0
4001,3889.0,27.0,0.9864526818949874,232792.0,35.0
4002,4108.0,30.0,0.9812247100151019,236890.0,35.0
4003,3545.0,2.0,0.962663464254322,232796.0,35.0
4004,3788.0,57.0,0.9923700575873599,234845.0,35.0
4005,3753.0,5.0,0.9607080273932189,232799.0,35.0
4006,4042.0,28.0,0.9776196127461911,234847.0,35.0
4007,3867.0,39.0,0.9876357780564492,234849.0,35.0
4008,3791.0,19.0,0.9940843083167065,236903.0,35.0
4009,4629.0,16.0,0.9832810601384696,232810.0,35.0
4010,3789.0,57.0,0.988215476958547,234860.0,35.0
4011,3771.0,18.0,0.9587994682769175,232816.0,35.0
4012,4050.0,33.0,0.9881994522404861,234873.0,35.0
4013,3772.0,18.0,0.9814486370682342,232828.0,35.0
4014,4540.0,15.0,0.9615319175396402,234879.0,35.0
4015,4229.0,9.0,0.9848924446993799,234881.0,35.0
4016,3821.0,40.0,0.9844132881318592,234886.0,35.0
4017,3581.0,56.0,0.9825966909452577,232839.0,35.0
4018,3942.0,24.0,0.9713838122687106,232843.0,35.0
4019,3883.0,52.0,0.9732608280977375,236942.0,35.0
4020,3578.0,55.0,0.977396062546326,232848.0,35.0
4021,3570.0,2.0,0.9649776115723717,234897.0,35.0
4022,4180.0,9.0,0.9894688530631622,232853.0,35.0
4023,3715.0,4.0,0.9787730935581046,232854.0,35.0
4024,4742.0,17.0,0.9857890894578404,232856.0,35.0
4025,4037.0,29.0,0.9945801783665855,234908.0,35.0
4026,3870.0,39.0,0.9947972691811441,234912.0,35.0
4027,4257.0,10.0,0.9911235397162329,236961.0,35.0
4028,4022.0,35.0,0.9850836315102384,232871.0,35.0
4029,3891.0,53.0,0.9920898587772775,234925.0,35.0
4030,4128.0,42.0,0.9811953739410452,234929.0,35.0
4031,4129.0,43.0,0.9851922667054615,232885.0,35.0
4032,3841.0,51.0,0.9755120001038137,232887.0,35.0
4033,3749.0,58.0,0.9888332192371769,236986.0,35.0
4034,3906.0,8.0,0.9772002120824773,234945.0,35.0
4035,3794.0,40.0,0.9883456261166176,232898.0,35.0
4036,3870.0,46.0,0.9701239837757271,232908.0,35.0
4037,4744.0,17.0,0.9603169069028111,232920.0,35.0
4038,4025.0,35.0,0.9835381822401613,232922.0,35.0
4039,3779.0,18.0,0.9828507446882223,232925.0,35.0
4040,3824.0,39.0,0.9845333247811517,232927.0,35.0
4041,3977.0,49.0,0.9900547405580955,232944.0,35.0
4042,4046.0,34.0,0.9900766373681971,235005.0,35.0
4043,4133.0,43.0,0.9854377838651647,232961.0,35.0
4044,3820.0,22.0,0.9925713328011987,235016.0,35.0
4045,4058.0,31.0,0.9834587226962649,232970.0,35.0
4046,3939.0,50.0,0.9803091648878413,235019.0,35.0
4047,3828.0,23.0,0.9884567545646119,235035.0,35.0
4048,4165.0,43.0,0.9924579209853819,235042.0,35.0
4049,4030.0,35.0,0.9895607549528074,233007.0,35.0
4050,3893.0,27.0,0.9891557847556612,233011.0,35.0
4051,3720.0,4.0,0.9888435311999759,233015.0,35.0
4052,3783.0,18.0,0.9920298046473706,233016.0,35.0
4053,3981.0,49.0,0.9815499984160152,233027.0,35.0
4054,4134.0,43.0,0.993416915068046,233028.0,35.0
4055,3721.0,4.0,0.9922065012108531,233030.0,35.0
4056,3620.0,1.0,0.9930129349283011,235078.0,35.0
4057,3898.0,45.0,0.9868260054575069,235079.0,35.0
4058,3894.0,27.0,0.9822842472608564,233056.0,35.0
4059,3943.0,14.0,0.9870830827460624,233067.0,35.0
4060,3860.0,21.0,0.983388533388445,235121.0,35.0
4061,3943.0,44.0,0.9910090981511133,233075.0,35.0
4062,3944.0,14.0,0.9907191291808664,233082.0,35.0
4063,3875.0,39.0,0.9862914384314023,235132.0,35.0
4064,3795.0,5.0,0.9599995231883532,235134.0,35.0
4065,4033.0,25.0,0.9848805476005772,235135.0,35.0
4066,4199.0,10.0,0.9773054015120862,235139.0,35.0
4067,3859.0,45.0,0.9898185389571889,233093.0,35.0
4068,3694.0,58.0,0.9864059751249354,235144.0,35.0
4069,3759.0,54.0,0.9833592098853543,233097.0,35.0
4070,3517.0,0.0,0.9914389113899005,235147.0,35.0
4071,3855.0,52.0,0.9804448095477284,235150.0,35.0
4072,3989.0,26.0,0.9911399586588927,233118.0,35.0
4073,4009.0,33.0,0.9822677357068906,233128.0,35.0
4074,4112.0,31.0,0.981822629596157,235178.0,35.0
4075,4202.0,10.0,0.9947925350015497,235194.0,35.0
4076,3571.0,1.0,0.9812890510107721,233149.0,35.0
4077,3718.0,36.0,0.9547612661642537,233154.0,35.0
4078,3880.0,46.0,0.9939635487205295,233159.0,35.0
4079,4517.0,15.0,0.9774340585266245,233165.0,35.0
4080,3795.0,57.0,0.9821248220107629,235218.0,35.0
4081,3575.0,2.0,0.9625311626503871,235228.0,35.0
4082,4062.0,31.0,0.9890685070702941,233181.0,35.0
4083,4203.0,10.0,0.9663210447470368,235239.0,35.0
4084,3915.0,8.0,0.9891916607736312,235246.0,35.0
4085,4065.0,31.0,0.9833659228491509,233208.0,35.0
4086,3806.0,41.0,0.9894842837437169,235260.0,35.0
4087,3761.0,5.0,0.9732576663443426,233215.0,35.0
4088,3930.0,13.0,0.997786798772318,235271.0,35.0
4089,3668.0,38.0,0.9848971351255148,235272.0,35.0
4090,3585.0,55.0,0.9748870441385183,233225.0,35.0
4091,3575.0,1.0,0.994099986088058,233233.0,35.0
4092,4036.0,26.0,0.9879444784283715,235283.0,35.0
4093,3583.0,56.0,0.9624344671038506,233238.0,35.0
4094,3991.0,44.0,0.9835340778294326,235289.0,35.0
4095,3848.0,51.0,0.9881036617600396,233242.0,35.0
4096,3579.0,2.0,0.9646018746604513,235290.0,35.0
4097,3779.0,22.0,0.9948814028472367,233244.0,35.0
4098,3519.0,0.0,0.9840365438871873,235310.0,35.0
4099,3833.0,39.0,0.9906717319317601,233272.0,35.0
4100,3859.0,52.0,0.9837805728751842,235323.0,35.0
4101,4640.0,16.0,0.9872237989411649,233290.0,35.0
4102,3550.0,2.0,0.9569086767268505,233292.0,35.0
4103,3823.0,52.0,0.9834553295040753,233294.0,35.0
4104,3992.0,44.0,0.9771638429073113,235357.0,35.0
4105,3994.0,49.0,0.9815133811220117,233310.0,35.0
4106,3948.0,14.0,0.9821116991829905,233314.0,35.0
4107,3586.0,56.0,0.9857574885771224,233321.0,35.0
4108,4263.0,11.0,0.9816042842576609,233324.0,35.0
4109,3791.0,18.0,0.9503473611414959,233333.0,35.0
4110,3962.0,7.0,0.9791697303710543,233338.0,35.0
4111,4265.0,11.0,0.9547868346238765,233341.0,35.0
4112,4096.0,42.0,0.9892833543831956,233357.0,35.0
4113,3952.0,24.0,0.9785175307921041,233360.0,35.0
4114,3640.0,38.0,0.9902492291711831,233362.0,35.0
4115,3953.0,24.0,0.9820093656175052,233371.0,35.0
4116,3771.0,41.0,0.9830445777500905,233372.0,35.0
4117,3964.0,7.0,0.9905757384044814,233373.0,35.0
4118,3999.0,12.0,0.9871002721024797,233375.0,35.0
4119,4039.0,25.0,0.9883465711522702,235430.0,35.0
4120,3935.0,27.0,0.9892587707952698,235434.0,35.0
4121,3934.0,13.0,0.9954055207862513,235444.0,35.0
4122,4032.0,48.0,0.9774542292922028,233402.0,35.0
4123,3885.0,8.0,0.9727364302776087,233406.0,35.0
4124,3673.0,58.0,0.9857562899830783,233412.0,35.0
4125,4042.0,35.0,0.992655354559626,233414.0,35.0
4126,4197.0,9.0,0.9783245696244387,233415.0,35.0
4127,4001.0,12.0,0.9808191468351641,233419.0,35.0
4128,3643.0,38.0,0.9841468334127814,233420.0,35.0
4129,3749.0,20.0,0.9874303688800228,235482.0,35.0
4130,4758.0,17.0,0.9649916490204963,233442.0,35.0
4131,4206.0,10.0,0.9890863526062939,235491.0,35.0
4132,3955.0,50.0,0.9911646546497878,235493.0,35.0
4133,4033.0,48.0,0.986969214129379,233452.0,35.0
4134,3871.0,32.0,0.9907255462155625,233454.0,35.0
4135,4031.0,12.0,0.9902543865599396,235508.0,35.0
4136,3953.0,44.0,0.9855074449809266,233468.0,35.0
4137,4062.0,47.0,0.9941367094557604,235516.0,35.0
4138,3831.0,40.0,0.9815645104036604,235520.0,35.0
4139,3783.0,22.0,0.9913795167030954,233474.0,35.0
4140,3999.0,49.0,0.9796342837223474,233484.0,35.0
4141,4007.0,6.0,0.9888220938624268,235539.0,35.0
4142,4010.0,29.0,0.989850503384511,233506.0,35.0
4143,3940.0,13.0,0.9798844073980226,235556.0,35.0
4144,4005.0,28.0,0.9950097043159265,233513.0,35.0
4145,4011.0,29.0,0.977574448462884,233515.0,35.0
4146,3802.0,57.0,0.9858909133826631,235564.0,35.0
4147,3727.0,36.0,0.9850260128261841,233531.0,35.0
4148,3774.0,41.0,0.987893249188743,233535.0,35.0
4149,3793.0,3.0,0.9902988502123016,235603.0,35.0
4150,3636.0,37.0,0.9814464093757782,233558.0,35.0
4151,3835.0,22.0,0.9877467340006125,235606.0,35.0
4152,3645.0,38.0,0.9817445229572239,233563.0,35.0
4153,3766.0,54.0,0.9866558288118784,233576.0,35.0
4154,4018.0,33.0,0.9814558447909896,233580.0,35.0
4155,3900.0,51.0,0.986128043668451,235652.0,35.0
4156,4037.0,48.0,0.9936421503329161,233610.0,35.0
4157,3857.0,53.0,0.9845384310835678,233614.0,35.0
4158,3901.0,51.0,0.9857470767447081,235664.0,35.0
4159,4102.0,42.0,0.9745741262580115,233617.0,35.0
4160,3925.0,8.0,0.9836639194961536,235669.0,35.0
4161,4050.0,29.0,0.9937425252358997,235677.0,35.0
4162,3768.0,54.0,0.9820813533096865,233632.0,35.0
4163,4007.0,28.0,0.9800922728008366,233634.0,35.0
4164,3584.0,1.0,0.9815210160153613,233641.0,35.0
4165,4043.0,26.0,0.9886634640463741,235691.0,35.0
4166,3764.0,5.0,0.9631073595941771,233646.0,35.0
4167,3941.0,13.0,0.976875305611948,235694.0,35.0
4168,3955.0,14.0,0.9852195303735083,233655.0,35.0
4169,3773.0,57.0,0.9870637858501439,233662.0,35.0
4170,3626.0,55.0,0.9816875952762358,235711.0,35.0
4171,3876.0,45.0,0.9937130192649728,233664.0,35.0
4172,3837.0,23.0,0.9930848322617669,235717.0,35.0
4173,4044.0,26.0,0.9884133757485062,235728.0,35.0
4174,3786.0,22.0,0.98966982169456,233681.0,35.0
4175,3928.0,8.0,0.9527222113978461,235730.0,35.0
4176,4209.0,10.0,0.9863532951298557,235739.0,35.0
4177,4039.0,48.0,0.9600210000624597,233696.0,35.0
4178,4105.0,42.0,0.99180446724993,233697.0,35.0
4179,4046.0,25.0,0.9936208831116673,235745.0,35.0
4180,3807.0,40.0,0.9843995521366908,233706.0,35.0
4181,3957.0,44.0,0.9812158376585403,233708.0,35.0
4182,3647.0,38.0,0.9801729474004055,233709.0,35.0
4183,3828.0,21.0,0.9819990692686038,233711.0,35.0
4184,3897.0,46.0,0.9876919769631656,233713.0,35.0
4185,3865.0,52.0,0.9878809124086271,235761.0,35.0
4186,3916.0,32.0,0.9848629035807062,235762.0,35.0
4187,4022.0,33.0,0.9733382187280734,233716.0,35.0
4188,3958.0,24.0,0.9892364635583265,233721.0,35.0
4189,3908.0,53.0,0.985309248367643,235774.0,35.0
4190,4177.0,43.0,0.9690729632490027,235775.0,35.0
4191,3879.0,45.0,0.9900685980589023,233747.0,35.0
4192,3589.0,55.0,0.9840459929152198,233753.0,35.0
4193,3589.0,1.0,0.9977739718404629,233755.0,35.0
4194,4014.0,6.0,0.9677397968580941,235805.0,35.0
4195,4269.0,11.0,0.9915492514552292,233760.0,35.0
4196,3733.0,36.0,0.9934107127674909,233761.0,35.0
4197,4555.0,15.0,0.964841592765758,235812.0,35.0
4198,3839.0,23.0,0.98679150711251,235813.0,35.0
4199,3799.0,3.0,0.9944966206517762,235816.0,35.0
4200,4649.0,16.0,0.9811931358270481,233785.0,35.0
4201,3678.0,37.0,0.9712407911022041,235833.0,35.0
4202,3859.0,51.0,0.9961120233979863,233789.0,35.0
4203,3931.0,8.0,0.9858631400348551,235839.0,35.0
4204,3972.0,7.0,0.9909747347486089,233795.0,35.0
4205,3532.0,0.0,0.9809602067359724,235846.0,35.0
4206,4016.0,6.0,0.9860847600482439,235849.0,35.0
4207,3595.0,56.0,0.9870154434958216,233803.0,35.0
4208,4526.0,15.0,0.9780713268941298,233806.0,35.0
4209,3861.0,51.0,0.9917637215275227,233814.0,35.0
4210,3810.0,57.0,0.9790213309341884,235870.0,35.0
4211,3943.0,13.0,0.9630623824829108,235877.0,35.0
4212,4128.0,31.0,0.9848711488777404,235879.0,35.0
4213,3958.0,14.0,0.9887226453874716,233835.0,35.0
4214,4209.0,9.0,0.9851086803449,233845.0,35.0
4215,4149.0,43.0,0.9774443605295636,233855.0,35.0
4216,4047.0,25.0,0.9876704572246523,235910.0,35.0
4217,3832.0,18.0,0.9540942499653969,235919.0,35.0
4218,3960.0,14.0,0.9954698765482299,233885.0,35.0
4219,4008.0,12.0,0.9888419769503464,233896.0,35.0
4220,4087.0,31.0,0.9845258838195394,233898.0,35.0
4221,4274.0,11.0,0.9738018983491884,233903.0,35.0
4222,3814.0,57.0,0.9790939510742215,235953.0,35.0
4223,3643.0,37.0,0.9860379157276031,233914.0,35.0
4224,4017.0,34.0,0.9853601634142278,233916.0,35.0
4225,3961.0,14.0,0.9906943216265706,233938.0,35.0
4226,3839.0,52.0,0.9901793805450804,233953.0,35.0
4227,4005.0,26.0,0.9888853557754382,233963.0,35.0
4228,3767.0,5.0,0.9579687539886217,233971.0,35.0
4229,4051.0,25.0,0.9825104187081458,236025.0,35.0
4230,4019.0,6.0,0.9799928979370978,236026.0,35.0
4231,3537.0,0.0,0.9850236011892607,236035.0,35.0
4232,3778.0,54.0,0.9845168134738901,233990.0,35.0
4233,3760.0,20.0,0.986065676417304,236041.0,35.0
4234,3779.0,54.0,0.9718225754002379,233997.0,35.0
4235,3847.0,39.0,0.9857960991859263,234000.0,35.0
4236,3631.0,55.0,0.981275884538201,236054.0,35.0
4237,3880.0,32.0,0.983239871257178,234009.0,35.0
4238,3595.0,1.0,0.9899814335274664,234010.0,35.0
4239,4022.0,25.0,0.9796872401936151,234013.0,35.0
4240,4081.0,48.0,0.9618535812761084,236075.0,35.0
4241,3642.0,56.0,0.9900498727540712,236090.0,35.0
4242,4224.0,10.0,0.9607303551352492,236099.0,35.0
4243,3646.0,37.0,0.9877550945719737,234054.0,35.0
4244,3837.0,22.0,0.9901785419667362,235863.0,35.0
4245,3776.0,57.0,0.9821031645974065,234072.0,35.0
4246,4111.0,42.0,0.9855625391880183,234075.0,35.0
4247,4151.0,43.0,0.9859746022957283,234077.0,35.0
4248,3559.0,2.0,0.9889984869647411,234082.0,35.0
4249,3836.0,21.0,0.9744016741188093,234091.0,35.0
4250,3772.0,5.0,0.9839238668510222,234100.0,35.0
4251,3807.0,18.0,0.9673274437785894,234111.0,35.0
4252,3915.0,13.0,0.9853661363804502,234137.0,35.0
4253,4022.0,28.0,0.9500325597014055,234144.0,35.0
4254,4187.0,10.0,0.9855262977463128,234151.0,35.0
4255,3882.0,32.0,0.9912544301749079,234152.0,35.0
4256,3748.0,4.0,0.986872874652401,234154.0,35.0
4257,4036.0,33.0,0.9841153504052971,234160.0,35.0
4258,3784.0,41.0,0.9892571468426015,234175.0,35.0
4259,2353.0,59.0,0.986871565041525,232130.0,35.0
4260,4114.0,42.0,0.9766759790929652,234179.0,35.0
4261,4497.0,15.0,0.9798581856983435,232136.0,35.0
4262,4698.0,17.0,0.982829835749056,232137.0,35.0
4263,4022.0,6.0,0.9845503710840632,236235.0,35.0
4264,3751.0,4.0,0.9686118715473009,234188.0,35.0
4265,3648.0,37.0,0.95792825306247,234190.0,35.0
4266,4277.0,11.0,0.9781897396956771,234201.0,35.0
4267,3765.0,3.0,0.9877677344619223,234202.0,35.0
4268,3853.0,23.0,0.9902010133064243,236260.0,35.0
4269,4701.0,17.0,0.9830131423654309,232166.0,35.0
4270,3937.0,8.0,0.9878047440948997,236275.0,35.0
4271,4154.0,43.0,0.9817624955527774,234232.0,35.0
4272,3832.0,41.0,0.9650700842613712,236287.0,35.0
4273,3838.0,21.0,0.9973533133787295,234247.0,35.0
4274,4066.0,28.0,0.9687475470008354,236299.0,35.0
4275,3779.0,57.0,0.9843995262052907,234252.0,35.0
4276,2368.0,59.0,0.9939455436680747,232209.0,35.0
4277,4092.0,31.0,0.9909882710320154,234262.0,35.0
4278,3850.0,46.0,0.9838950073335093,232217.0,35.0
4279,4498.0,15.0,0.9680784539223419,232220.0,35.0
4280,4232.0,10.0,0.9650466567141228,236325.0,35.0
4281,2373.0,59.0,0.9911533646191195,232233.0,35.0
4282,3999.0,35.0,0.984609122183358,232235.0,35.0
4283,3854.0,39.0,0.9912938455685549,234284.0,35.0
4284,3720.0,58.0,0.9841925470325381,236341.0,35.0
4285,3758.0,18.0,0.9670138948648341,232248.0,35.0
4286,4000.0,35.0,0.9918613774823426,232258.0,35.0
4287,3602.0,1.0,0.9899647788612034,234314.0,35.0
4288,3980.0,33.0,0.98302618990585,232268.0,35.0
4289,3746.0,36.0,0.9544587267297814,234320.0,35.0
4290,3898.0,8.0,0.9758781760143815,234321.0,35.0
4291,3647.0,56.0,0.9791215237427632,236370.0,35.0
4292,4027.0,34.0,0.9818625105750226,234328.0,35.0
4293,3901.0,8.0,0.9925501393955803,234357.0,35.0
4294,3889.0,45.0,0.969293984659249,234366.0,35.0
4295,3768.0,3.0,0.9584871712165437,234376.0,35.0
4296,2386.0,59.0,0.9761163144160002,232329.0,35.0
4297,3971.0,24.0,0.9968429009037013,234377.0,35.0
4298,3552.0,0.0,0.9839406339897597,236433.0,35.0
4299,3725.0,58.0,0.9807833557749034,236434.0,35.0
4300,3914.0,27.0,0.9538018331036466,234385.0,35.0
4301,3843.0,21.0,0.9823069291002541,234386.0,35.0
4302,3599.0,55.0,0.9828792061170527,234389.0,35.0
4303,3985.0,6.0,0.9857428072988879,234395.0,35.0
4304,4503.0,15.0,0.9889233163125802,232355.0,35.0
4305,3876.0,53.0,0.9972423181771768,234407.0,35.0
4306,4066.0,25.0,0.984193967142903,236460.0,35.0
4307,3855.0,46.0,0.9906960870705104,232366.0,35.0
4308,4029.0,34.0,0.9873598748808774,234415.0,35.0
4309,2390.0,59.0,0.9796419505769203,232368.0,35.0
4310,4616.0,16.0,0.986253004460415,232369.0,35.0
4311,3863.0,23.0,0.9914219036783445,236471.0,35.0
4312,3693.0,4.0,0.98770963807449,232385.0,35.0
4313,2392.0,59.0,0.9933872334375808,232387.0,35.0
4314,3817.0,18.0,0.9787770867654607,234440.0,35.0
4315,3557.0,0.0,1.0,236504.0,35.0
4316,3783.0,5.0,0.9536383589128656,234459.0,35.0
4317,4720.0,17.0,0.9799031336070564,232417.0,35.0
4318,4722.0,17.0,0.9814912953913297,232430.0,35.0
4319,3756.0,4.0,0.9872104180056948,234484.0,35.0
4320,4017.0,26.0,0.9926344108077103,234487.0,35.0
4321,3842.0,45.0,0.974995815166204,232440.0,35.0
4322,3930.0,50.0,0.9872747365162249,234488.0,35.0
4323,3938.0,7.0,0.9629048877502633,232442.0,35.0
4324,3815.0,40.0,0.9697830530306083,234491.0,35.0
4325,3894.0,32.0,0.9793513849718606,234494.0,35.0
4326,3987.0,6.0,0.9888795394178495,234501.0,35.0
4327,4029.0,28.0,0.9826826248932518,234502.0,35.0
4328,4618.0,16.0,0.978823435136432,232456.0,35.0
4329,4619.0,16.0,0.9581077569047892,232458.0,35.0
4330,3559.0,0.0,0.9729076233195569,236563.0,35.0
4331,3878.0,52.0,0.988052947456174,236564.0,35.0
4332,3989.0,33.0,0.9899433510033766,232471.0,35.0
4333,3809.0,21.0,0.9857151289979939,232474.0,35.0
4334,3980.0,50.0,0.988392335481403,236571.0,35.0
4335,3965.0,49.0,0.9854402192921381,232477.0,35.0
4336,4009.0,35.0,0.9876173340031282,232489.0,35.0
4337,2395.0,59.0,0.9795307204622435,232491.0,35.0
4338,3605.0,56.0,0.9782042948078081,234546.0,35.0
4339,4042.0,33.0,0.9620122459468782,234549.0,35.0
4340,3691.0,37.0,0.9713785673872287,236601.0,35.0
4341,3702.0,4.0,0.9902728009495645,232507.0,35.0
4342,3920.0,13.0,0.9869575127200986,234558.0,35.0
4343,3784.0,20.0,0.9910989302707869,236608.0,35.0
4344,3511.0,0.0,0.9759788462537774,234564.0,35.0
4345,4076.0,42.0,0.9845660505268816,232519.0,35.0
4346,3604.0,55.0,0.9792488613339752,234572.0,35.0
4347,3939.0,7.0,0.9954098523146583,232527.0,35.0
4348,3719.0,19.0,0.9686017954478824,232528.0,35.0
4349,3541.0,2.0,0.9807464628906452,232530.0,35.0
4350,4194.0,10.0,0.9915805001223911,234579.0,35.0
4351,4131.0,31.0,0.9745308653240545,236629.0,35.0
4352,4045.0,30.0,0.9745135732806027,234582.0,35.0
4353,4030.0,29.0,0.9864107223578985,234586.0,35.0
4354,3873.0,23.0,0.9834952419724285,236641.0,35.0
4355,3657.0,38.0,0.9560286047136649,234597.0,35.0
4356,3741.0,20.0,0.9910737443945613,234603.0,35.0
4357,3609.0,56.0,0.9780111946828351,234604.0,35.0
4358,4510.0,15.0,0.9876997159442356,232557.0,35.0
4359,3706.0,4.0,0.9737101815455264,232563.0,35.0
4360,3883.0,53.0,0.9814764545799209,234612.0,35.0
4361,3844.0,45.0,0.9898419307625053,232565.0,35.0
4362,3746.0,5.0,0.9521850420092689,232573.0,35.0
4363,3702.0,36.0,0.984955918730618,232581.0,35.0
4364,4730.0,17.0,0.9566321732872308,232583.0,35.0
4365,4246.0,10.0,0.9754635076990544,236685.0,35.0
4366,3942.0,7.0,0.9868433970929951,232593.0,35.0
4367,4105.0,30.0,0.9753753034597752,236700.0,35.0
4368,3659.0,37.0,0.9585515788262352,234654.0,35.0
4369,4009.0,47.0,0.9901617982719075,232619.0,35.0
4370,3748.0,5.0,0.9601006115688374,232625.0,35.0
4371,4010.0,47.0,0.9655009157414707,232630.0,35.0
4372,3981.0,44.0,0.9883896150528009,234678.0,35.0
4373,3896.0,32.0,0.9791839819685199,234689.0,35.0
4374,3880.0,51.0,0.9767804832249836,234695.0,35.0
4375,3887.0,53.0,0.9739134009390669,234702.0,35.0
4376,3824.0,23.0,0.9856664469823851,234704.0,35.0
4377,3933.0,50.0,0.9844259496553155,234710.0,35.0
4378,4125.0,43.0,0.9766366298756199,232672.0,35.0
4379,3864.0,39.0,0.9859945381780728,234726.0,35.0
4380,3971.0,49.0,0.9838098915063762,232685.0,35.0
4381,3708.0,36.0,0.9625786473642611,232689.0,35.0
4382,3881.0,51.0,0.9748226220507209,234739.0,35.0
4383,3834.0,51.0,0.9791169676746672,232693.0,35.0
4384,3932.0,44.0,0.9841456967749805,232694.0,35.0
4385,3933.0,44.0,0.9918308844993413,232697.0,35.0
4386,3737.0,58.0,0.9829494079928862,236794.0,35.0
4387,3793.0,20.0,1.0,236796.0,35.0
4388,3799.0,54.0,0.9715342813648927,234748.0,35.0
4389,3835.0,51.0,0.9572013135627881,232702.0,35.0
4390,4625.0,16.0,0.9736912013614457,232703.0,35.0
4391,4051.0,30.0,0.9829134769237197,234761.0,35.0
4392,3991.0,6.0,0.9834613399705755,234762.0,35.0
4393,4126.0,43.0,0.9904016191059397,232728.0,35.0
4394,3543.0,2.0,0.9876613162933292,232729.0,35.0
4395,3863.0,46.0,0.9889780879873703,232733.0,35.0
4396,3922.0,53.0,0.9766148023587001,236833.0,35.0
4397,4041.0,28.0,0.9858169550326715,234785.0,35.0
4398,3752.0,5.0,0.9664690760914693,232746.0,35.0
4399,4018.0,35.0,0.9924749244309253,232750.0,35.0
4400,4084.0,42.0,0.9851039089415194,232753.0,35.0
4401,3993.0,50.0,0.9947745683132636,236865.0,35.0
4402,3866.0,46.0,0.9791679372642587,232790.0,35.0
4403,3802.0,20.0,0.97905191990718,236896.0,35.0
4404,3793.0,40.0,0.9740092516907756,232805.0,35.0
4405,4087.0,42.0,0.9875786848354691,232815.0,35.0
4406,3608.0,55.0,0.9595335672318577,234864.0,35.0
4407,4053.0,47.0,0.9822033657378625,234866.0,35.0
4408,3934.0,14.0,0.9767826354239559,232822.0,35.0
4409,3723.0,19.0,0.978088878738845,232841.0,35.0
4410,3825.0,18.0,0.962249714970499,234890.0,35.0
4411,4058.0,48.0,0.9738652832212339,234893.0,35.0
4412,4014.0,47.0,0.9613282403784851,232851.0,35.0
4413,3990.0,12.0,0.9737812561390086,232855.0,35.0
4414,3613.0,56.0,0.9840759802946333,234910.0,35.0
4415,3637.0,38.0,0.9919585009680187,232865.0,35.0
4416,4002.0,33.0,0.9814370736956018,232875.0,35.0
4417,3938.0,44.0,0.9836081621073488,232884.0,35.0
4418,3949.0,7.0,0.9817845876334036,232891.0,35.0
4419,4130.0,43.0,0.982400784222751,232896.0,35.0
4420,4068.0,35.0,0.9831085350897734,234947.0,35.0
4421,4002.0,29.0,0.982890563079684,232906.0,35.0
4422,4059.0,48.0,0.9763648643183603,234961.0,35.0
4423,3939.0,44.0,0.9738028196298569,232915.0,35.0
4424,4015.0,47.0,0.9786124088965885,232917.0,35.0
4425,3991.0,12.0,0.9826837219845227,232918.0,35.0
4426,3712.0,36.0,0.9909860469323263,232926.0,35.0
4427,4028.0,26.0,0.9804370208084596,234975.0,35.0
4428,3814.0,52.0,0.9965990344280127,232935.0,35.0
4429,4003.0,34.0,0.9836300913968529,232952.0,35.0
4430,3612.0,55.0,0.9936849916526159,235001.0,35.0
4431,4028.0,35.0,0.9862658041231249,232954.0,35.0
4432,3938.0,14.0,0.9634764827843328,232959.0,35.0
4433,3978.0,49.0,0.9839594422435892,232972.0,35.0
4434,4295.0,11.0,0.9840031437418906,235023.0,35.0
4435,3986.0,26.0,0.9857401695543115,232978.0,35.0
4436,3860.0,32.0,0.9912074236919777,232988.0,35.0
4437,3927.0,13.0,0.9761421291119393,235053.0,35.0
4438,4197.0,10.0,0.9877286789561279,235056.0,35.0
4439,3821.0,22.0,0.9861906750443142,235069.0,35.0
4440,3663.0,38.0,0.9819552904078874,235076.0,35.0
4441,3895.0,53.0,0.9824896781098449,235083.0,35.0
4442,4006.0,34.0,0.9820543338346613,233046.0,35.0
4443,3745.0,19.0,0.9511451037975884,235102.0,35.0
4444,3947.0,24.0,0.9835021456505801,233065.0,35.0
4445,3999.0,28.0,0.9746708745819611,233078.0,35.0
4446,3948.0,24.0,0.9700299856336295,233086.0,35.0
4447,3817.0,52.0,0.97937908399253,233090.0,35.0
4448,3819.0,52.0,0.973912224988063,233098.0,35.0
4449,4065.0,48.0,0.9857612972664144,235146.0,35.0
4450,3896.0,27.0,0.9772804532408086,233106.0,35.0
4451,3984.0,49.0,0.9619743064904593,233116.0,35.0
4452,3784.0,18.0,0.9570782504620293,233117.0,35.0
4453,4189.0,9.0,0.9888794044723925,233122.0,35.0
4454,3797.0,40.0,0.9714327958210242,233132.0,35.0
4455,3695.0,58.0,0.9790125008551835,235184.0,35.0
4456,3942.0,50.0,0.9840931454185173,235187.0,35.0
4457,3891.0,51.0,0.9881730769605688,235188.0,35.0
4458,3950.0,24.0,0.9727656008110901,233147.0,35.0
4459,4636.0,16.0,0.9853339155570411,233148.0,35.0
4460,4192.0,9.0,0.9811906552118688,233150.0,35.0
4461,4050.0,34.0,0.9910907087222958,235202.0,35.0
4462,3956.0,7.0,0.9896432299590279,233162.0,35.0
4463,4004.0,29.0,0.9869607539360383,233172.0,35.0
4464,3845.0,51.0,0.9861185674801408,233173.0,35.0
4465,4058.0,30.0,0.991039332176678,235233.0,35.0
4466,4115.0,31.0,0.9835138149091792,235234.0,35.0
4467,3819.0,21.0,0.9701195002262485,233188.0,35.0
4468,3721.0,36.0,0.9504263446698907,233191.0,35.0
4469,3622.0,1.0,0.9788979688624333,235241.0,35.0
4470,3832.0,39.0,0.9784986087274923,233220.0,35.0
4471,4259.0,11.0,0.9825028226660943,233235.0,35.0
4472,3825.0,22.0,0.9826718781398862,235307.0,35.0
4473,4193.0,9.0,1.0,233260.0,35.0
4474,3884.0,46.0,0.9767708998519679,233262.0,35.0
4475,3885.0,46.0,0.975358096735249,233273.0,35.0
4476,3799.0,40.0,0.9722080375604093,233275.0,35.0
4477,3639.0,38.0,0.9504791461097996,233281.0,35.0
4478,3950.0,50.0,0.9816381385410496,235339.0,35.0
4479,3789.0,3.0,0.9864517115873208,235343.0,35.0
4480,3725.0,36.0,0.9793941260456099,233302.0,35.0
4481,4299.0,11.0,0.9575307261371014,235350.0,35.0
4482,3798.0,57.0,0.9767419209699587,235351.0,35.0
4483,3790.0,3.0,0.9622867994170592,235352.0,35.0
4484,4035.0,25.0,0.9828375258948189,235354.0,35.0
4485,3917.0,8.0,0.9845513836458425,235359.0,35.0
4486,3827.0,22.0,0.9748544680834274,235361.0,35.0
4487,3807.0,41.0,0.9940053219717407,235365.0,35.0
4488,3699.0,58.0,0.9810186778620085,235367.0,35.0
4489,3995.0,49.0,0.9857072123534225,233326.0,35.0
4490,3761.0,54.0,0.9780240557611902,233330.0,35.0
4491,3824.0,52.0,0.9749241365359215,233331.0,35.0
4492,4006.0,29.0,0.9860010001712404,233350.0,35.0
4493,3950.0,44.0,0.9813029241116105,233356.0,35.0
4494,4034.0,49.0,0.9734438901622359,235404.0,35.0
4495,3582.0,2.0,0.982907162532972,235410.0,35.0
4496,3998.0,12.0,0.986782355772778,233364.0,35.0
4497,4520.0,15.0,0.966101022894028,233367.0,35.0
4498,3949.0,14.0,0.9799933272578243,233374.0,35.0
4499,3880.0,39.0,0.9671209077407189,235422.0,35.0
4500,4038.0,25.0,0.9914917862917149,235425.0,35.0
4501,3900.0,27.0,0.9706385762291893,233381.0,35.0
4502,3832.0,23.0,0.9808146654364681,235432.0,35.0
4503,3641.0,38.0,0.9893057188408725,233389.0,35.0
4504,3901.0,27.0,0.9658532096273968,233394.0,35.0
4505,3809.0,41.0,0.9711578106973463,235459.0,35.0
4506,3909.0,13.0,0.9849611866422449,233417.0,35.0
4507,3906.0,45.0,0.9914340751005639,235476.0,35.0
4508,3587.0,55.0,0.9932091603014407,233439.0,35.0
4509,3966.0,7.0,0.97949005620097,233440.0,35.0
4510,4003.0,12.0,0.9823451378921463,233446.0,35.0
4511,4055.0,28.0,0.984099016032752,235498.0,35.0
4512,3993.0,26.0,0.9897499660612075,233456.0,35.0
4513,3726.0,19.0,0.9508965400531888,233470.0,35.0
4514,3830.0,22.0,0.9839180605968976,235522.0,35.0
4515,4008.0,29.0,0.9819492069175321,233476.0,35.0
4516,4523.0,15.0,0.9797518356927805,233477.0,35.0
4517,4759.0,17.0,0.9843220048844842,233489.0,35.0
4518,3587.0,2.0,0.967170607722871,235537.0,35.0
4519,4201.0,9.0,0.9868868892096082,233492.0,35.0
4520,3553.0,2.0,0.9882862332815007,233495.0,35.0
4521,3869.0,45.0,0.9862339673935799,233496.0,35.0
4522,3901.0,53.0,0.9857635056029181,235545.0,35.0
4523,3922.0,8.0,0.9850967649211667,235550.0,35.0
4524,3760.0,3.0,0.9930972797497944,233519.0,35.0
4525,4644.0,16.0,0.971590757006611,233522.0,35.0
4526,3804.0,40.0,0.966210301892164,233527.0,35.0
4527,3871.0,45.0,0.984289588490129,233529.0,35.0
4528,3975.0,6.0,0.9807035924722567,233542.0,35.0
4529,3626.0,1.0,0.9768926009466042,235590.0,35.0
4530,3954.0,24.0,0.9704634175265264,233546.0,35.0
4531,3675.0,37.0,0.9508482223516772,235598.0,35.0
4532,3627.0,1.0,0.9837350904502,235602.0,35.0
4533,3675.0,38.0,0.9842881796599336,235608.0,35.0
4534,4202.0,9.0,0.9843182885847025,233562.0,35.0
4535,4004.0,12.0,0.9874006257118306,233565.0,35.0
4536,4101.0,42.0,0.9890986703164185,233588.0,35.0
4537,3826.0,21.0,0.9870546863129391,233599.0,35.0
4538,4267.0,11.0,0.9856506292834211,233604.0,35.0
4539,3785.0,22.0,0.9917421527535223,233608.0,35.0
4540,3815.0,41.0,0.9863735753921211,235659.0,35.0
4541,3887.0,8.0,0.993402214429881,233616.0,35.0
4542,4074.0,48.0,0.985098174372068,235666.0,35.0
4543,4020.0,33.0,0.9812877325814117,233631.0,35.0
4544,3903.0,27.0,0.9890351552975575,233635.0,35.0
4545,3796.0,3.0,0.9791415508658234,235685.0,35.0
4546,3526.0,0.0,0.9871773147707705,235690.0,35.0
4547,3703.0,58.0,0.9770686401057089,235705.0,35.0
4548,3872.0,32.0,0.9761722933561526,233659.0,35.0
4549,3956.0,24.0,0.9882075319265605,233675.0,35.0
4550,4080.0,31.0,0.9627442564439039,233685.0,35.0
4551,3838.0,23.0,0.9622837756748476,235738.0,35.0
4552,3754.0,20.0,0.990861707484213,235749.0,35.0
4553,3774.0,57.0,0.9627775092605976,233707.0,35.0
4554,3816.0,54.0,0.9925020058035832,235760.0,35.0
4555,3777.0,41.0,0.9784270800720585,233727.0,35.0
4556,3884.0,39.0,0.993711996368411,235780.0,35.0
4557,3949.0,27.0,0.9816420689719989,235783.0,35.0
4558,3635.0,56.0,0.9866504424338134,235785.0,35.0
4559,4075.0,48.0,0.9916817470396976,235789.0,35.0
4560,3762.0,19.0,0.9723636156436034,235791.0,35.0
4561,3774.0,54.0,0.9903653281125439,233768.0,35.0
4562,4071.0,30.0,0.9797471455378867,235817.0,35.0
4563,4018.0,29.0,0.9854513588322432,233770.0,35.0
4564,4032.0,47.0,0.9740492155037114,233774.0,35.0
4565,4072.0,30.0,0.9912093464762749,235828.0,35.0
4566,3913.0,13.0,0.9874946328631167,233787.0,35.0
4567,3836.0,40.0,0.9860734776844342,235841.0,35.0
4568,3629.0,1.0,0.9884369377701813,235852.0,35.0
4569,4003.0,26.0,0.9873584332837841,233813.0,35.0
4570,3728.0,19.0,0.9644775871137922,233815.0,35.0
4571,4213.0,10.0,0.9914957038432196,235869.0,35.0
4572,3802.0,3.0,0.9914283422838724,235891.0,35.0
4573,3639.0,56.0,0.9689699826784186,235898.0,35.0
4574,4084.0,31.0,0.9840551592680077,233856.0,35.0
4575,3904.0,46.0,0.9766853924779757,233858.0,35.0
4576,3740.0,4.0,0.9850504492021626,233866.0,35.0
4577,3975.0,7.0,0.9680088606237361,233867.0,35.0
4578,3932.0,8.0,0.9787867583847629,235923.0,35.0
4579,3910.0,53.0,0.9856618230457634,235925.0,35.0
4580,4048.0,25.0,0.9807072188881792,235927.0,35.0
4581,4085.0,31.0,0.9886645224272496,233887.0,35.0
4582,3737.0,36.0,0.9518405010902783,233890.0,35.0
4583,4669.0,16.0,0.9688596012896054,235966.0,35.0
4584,3709.0,58.0,0.9817738520859057,235971.0,35.0
4585,3878.0,21.0,0.9791870884829549,235980.0,35.0
4586,4064.0,28.0,0.9617015497211727,235982.0,35.0
4587,3597.0,56.0,0.9762415541977858,233939.0,35.0
4588,3889.0,39.0,0.9778226258735585,236002.0,35.0
4589,3964.0,50.0,0.9637827170230777,236012.0,35.0
4590,3840.0,52.0,0.9777982561118265,233968.0,35.0
4591,3729.0,19.0,0.9589272092926853,233974.0,35.0
4592,3630.0,1.0,0.9794722026341508,236024.0,35.0
4593,3769.0,5.0,0.9627725407486152,233986.0,35.0
4594,3905.0,51.0,0.9828185576940072,236037.0,35.0
4595,4129.0,31.0,0.9792307358673797,236062.0,35.0
4596,3538.0,0.0,0.9696133742270951,236064.0,35.0
4597,3794.0,22.0,0.9500474033840252,234032.0,35.0
4598,3810.0,40.0,0.9837511696669691,234033.0,35.0
4599,3999.0,44.0,0.9929231601838526,236091.0,35.0
4600,3807.0,3.0,0.9866888968128875,236092.0,35.0
4601,4082.0,30.0,0.9792140972168948,236097.0,35.0
4602,3682.0,38.0,0.9696156261605633,236113.0,35.0
4603,3811.0,40.0,0.9866730636744133,234067.0,35.0
4604,3820.0,57.0,0.9515577195464199,236117.0,35.0
4605,4225.0,10.0,0.9765951350475266,236118.0,35.0
4606,3820.0,54.0,0.9805630413656462,236124.0,35.0
4607,3845.0,40.0,0.9806102643875382,236141.0,35.0
4608,3771.0,5.0,0.9871131030809822,234099.0,35.0
4609,3848.0,39.0,0.9825922758589373,234107.0,35.0
4610,3738.0,20.0,0.9587578340458058,234112.0,35.0
4611,3765.0,20.0,0.9788831312007134,236179.0,35.0
4612,4655.0,16.0,0.9842894904732745,234132.0,35.0
4613,3783.0,41.0,0.9928679676434844,234133.0,35.0
4614,3603.0,2.0,0.9524775307421804,236184.0,35.0
4615,3891.0,39.0,0.98390543968377,236194.0,35.0
4616,3749.0,4.0,0.9930603810603904,234155.0,35.0
4617,4152.0,43.0,0.9890202394234174,234158.0,35.0
4618,3604.0,2.0,0.9809228586155391,236208.0,35.0
4619,4056.0,25.0,0.9755373819859199,236227.0,35.0
4620,3825.0,57.0,0.9638407597365443,236230.0,35.0
4621,3967.0,50.0,0.9907462375518838,236232.0,35.0
4622,4276.0,11.0,0.9548468841231983,234189.0,35.0
4623,3995.0,29.0,0.9684772336633836,232147.0,35.0
4624,2356.0,59.0,0.9855309083437519,232152.0,35.0
4625,3690.0,36.0,0.985937693900945,232154.0,35.0
4626,3598.0,1.0,0.9526918968878554,234203.0,35.0
4627,3884.0,32.0,0.9766753437881983,234205.0,35.0
4628,3962.0,27.0,0.9789260514987426,236256.0,35.0
4629,3963.0,27.0,0.992328220250114,236259.0,35.0
4630,2359.0,59.0,0.9875410001072872,232164.0,35.0
4631,4115.0,42.0,0.9827686123528877,234214.0,35.0
4632,4609.0,16.0,0.9631421461695326,232174.0,35.0
4633,4657.0,16.0,0.9857022977769428,234223.0,35.0
4634,4023.0,6.0,0.9774895407892243,236280.0,35.0
4635,3856.0,23.0,0.9821798966833207,236286.0,35.0
4636,2363.0,59.0,0.9840152560371219,232192.0,35.0
4637,2369.0,59.0,0.9949832076021887,232212.0,35.0
4638,4061.0,25.0,0.9860576148406178,236314.0,35.0
4639,4231.0,10.0,0.984013185019698,236320.0,35.0
4640,3985.0,7.0,0.9798761621281484,234290.0,35.0
4641,4089.0,30.0,0.9613538644806024,236342.0,35.0
4642,4189.0,10.0,0.9717145555416051,234294.0,35.0
4643,3654.0,38.0,0.9770891569053101,234297.0,35.0
4644,4710.0,17.0,0.957478080526579,232260.0,35.0
4645,3753.0,4.0,0.9711701211088608,234311.0,35.0
4646,3897.0,8.0,0.9554870521341058,234319.0,35.0
4647,3982.0,33.0,0.9580195625378911,232273.0,35.0
4648,4022.0,49.0,0.9823456984384324,234323.0,35.0
4649,4015.0,12.0,0.9787706941133968,234324.0,35.0
4650,4027.0,6.0,0.9698988194154581,236374.0,35.0
4651,4713.0,17.0,0.9574313111213608,232279.0,35.0
4652,3840.0,21.0,0.9660749354175717,234330.0,35.0
4653,3747.0,36.0,0.962692508743111,234333.0,35.0
4654,3980.0,26.0,0.9708633166952959,232289.0,35.0
4655,3900.0,8.0,0.9865876451125111,234347.0,35.0
4656,3815.0,18.0,0.9735541965869994,234349.0,35.0
4657,3805.0,52.0,0.9583243819531376,232309.0,35.0
4658,3694.0,36.0,0.9868629765879313,232320.0,35.0
4659,3649.0,56.0,0.9865824599295913,236418.0,35.0
4660,4028.0,34.0,0.9792129947123046,234378.0,35.0
4661,3785.0,41.0,0.9716952432383887,234381.0,35.0
4662,3986.0,7.0,0.9675580831656182,234382.0,35.0
4663,3650.0,56.0,0.9946435377976636,236437.0,35.0
4664,4191.0,10.0,0.9739519006752316,234390.0,35.0
4665,3600.0,55.0,0.9796639553985754,234391.0,35.0
4666,3718.0,19.0,0.9553959004392687,232348.0,35.0
4667,3689.0,37.0,0.9650536558453601,236446.0,35.0
4668,4005.0,35.0,0.951813965487493,232358.0,35.0
4669,3792.0,54.0,0.9814588143980225,234409.0,35.0
4670,3957.0,13.0,0.990797709201007,236475.0,35.0
4671,3694.0,38.0,0.9890784914300048,236483.0,35.0
4672,4031.0,6.0,0.9567651689251904,236484.0,35.0
4673,3959.0,13.0,0.9911490915937943,236490.0,35.0
4674,3923.0,14.0,0.9710514304081757,232394.0,35.0
4675,4046.0,47.0,0.9828066482143621,234450.0,35.0
4676,4006.0,35.0,0.9719574451765441,232403.0,35.0
4677,4504.0,15.0,0.9774742135382645,232405.0,35.0
4678,3690.0,37.0,0.9649025803667751,236502.0,35.0
4679,4002.0,47.0,0.986011813684504,232408.0,35.0
4680,3784.0,5.0,0.9899418391857068,234463.0,35.0
4681,3892.0,45.0,0.9891272480049402,234468.0,35.0
4682,4069.0,25.0,0.9797445693364448,236530.0,35.0
4683,3728.0,58.0,0.9604126081307528,236536.0,35.0
4684,4030.0,34.0,0.9946565200819331,234496.0,35.0
4685,3558.0,0.0,0.982125375080609,236546.0,35.0
4686,3808.0,21.0,0.9772403787962423,232450.0,35.0
4687,3924.0,44.0,0.9835253691415492,232464.0,35.0
4688,4051.0,48.0,0.9615214353745183,234525.0,35.0
4689,3560.0,0.0,0.9572534058252191,236581.0,35.0
4690,3996.0,34.0,0.9785007198025533,232485.0,35.0
4691,3869.0,23.0,0.9847228844620464,236584.0,35.0
4692,4222.0,9.0,0.9853139854112778,234537.0,35.0
4693,4005.0,47.0,0.9754133870798837,232492.0,35.0
4694,3936.0,24.0,0.9811922600785334,232493.0,35.0
4695,3943.0,8.0,0.9796108773522205,236597.0,35.0
4696,4054.0,31.0,0.9839614554167971,232506.0,35.0
4697,3917.0,27.0,0.9857127482007569,234556.0,35.0
4698,3736.0,19.0,0.950395356324487,234570.0,35.0
4699,4287.0,11.0,0.9871357073588081,234571.0,35.0
4700,4123.0,42.0,0.9800763332956616,234581.0,35.0
4701,3971.0,13.0,0.982542326917698,236631.0,35.0
4702,3969.0,14.0,0.9912594898325133,234584.0,35.0
4703,4326.0,11.0,0.9850023861416104,236640.0,35.0
4704,4727.0,17.0,0.9882294825270618,232546.0,35.0
4705,3921.0,53.0,0.9635735470499425,236647.0,35.0
4706,4729.0,17.0,0.992520001196639,232554.0,35.0
4707,3555.0,1.0,0.9707866378016731,232558.0,35.0
4708,3927.0,44.0,0.9787939063147822,232562.0,35.0
4709,3565.0,0.0,0.9737578654301711,236664.0,35.0
4710,3845.0,45.0,0.953879132432309,232571.0,35.0
4711,3876.0,51.0,0.9866091613648892,234622.0,35.0
4712,4032.0,29.0,0.977798426552278,234627.0,35.0
4713,3818.0,3.0,0.9795769438936931,236677.0,35.0
4714,3818.0,40.0,0.9923173755249649,234630.0,35.0
4715,3977.0,24.0,0.9817527474528145,234634.0,35.0
4716,3994.0,33.0,0.9716883913131029,232590.0,35.0
4717,3878.0,51.0,0.9881790251687419,234639.0,35.0
4718,3732.0,58.0,0.9938674097343482,236689.0,35.0
4719,3996.0,33.0,0.9859217160195731,232595.0,35.0
4720,3877.0,23.0,0.9799980509461801,236699.0,35.0
4721,4014.0,35.0,0.9788474490377552,232603.0,35.0
4722,3886.0,53.0,0.9856533911514984,234653.0,35.0
4723,3632.0,1.0,0.9503472485802495,236702.0,35.0
4724,3985.0,50.0,0.9810063756651806,236705.0,35.0
4725,3808.0,52.0,0.9940999064852666,232612.0,35.0
4726,3819.0,40.0,0.9745635275873674,234662.0,35.0
4727,3566.0,0.0,0.9601370448045207,236716.0,35.0
4728,4226.0,9.0,0.9641925304530975,234675.0,35.0
4729,4016.0,35.0,0.9854904723699901,232634.0,35.0
4730,3996.0,14.0,0.9838782259458052,236739.0,35.0
4731,4176.0,9.0,0.9879811578804731,232650.0,35.0
4732,3633.0,38.0,0.9864366042596632,232651.0,35.0
4733,4080.0,42.0,0.9816193429375489,232653.0,35.0
4734,3889.0,21.0,0.9862933543602178,236752.0,35.0
4735,3931.0,44.0,0.9826810888824352,232663.0,35.0
4736,3809.0,52.0,0.9701348258286699,232665.0,35.0
4737,3977.0,13.0,0.9773745998232591,236762.0,35.0
4738,4020.0,12.0,0.9851384040812476,234719.0,35.0
4739,4050.0,30.0,0.9806867613340672,234723.0,35.0
4740,4021.0,12.0,0.9862071696711416,234724.0,35.0
4741,3695.0,37.0,0.9716453774066915,236773.0,35.0
4742,3720.0,19.0,0.957195136031001,232680.0,35.0
4743,4052.0,47.0,0.9912586498869351,234741.0,35.0
4744,3993.0,7.0,0.9829359149543827,234742.0,35.0
4745,4082.0,42.0,0.9803311817312597,232704.0,35.0
4746,3825.0,23.0,0.966770040253861,234759.0,35.0
4747,3861.0,46.0,0.9949166930430167,232716.0,35.0
4748,3613.0,1.0,0.9878321617893898,234771.0,35.0
4749,3779.0,3.0,0.9767905745917126,234773.0,35.0
4750,3999.0,29.0,0.9837486367301185,232731.0,35.0
4751,3823.0,18.0,0.9555717805041286,234779.0,35.0
4752,4159.0,43.0,0.9922616949430098,234780.0,35.0
4753,4052.0,30.0,0.9774999008494466,234788.0,35.0
4754,3946.0,7.0,0.9802071411635853,232754.0,35.0
4755,3799.0,20.0,0.9793397832310904,236851.0,35.0
4756,2406.0,59.0,0.951888463310383,232755.0,35.0
4757,4021.0,48.0,0.9805441348962685,232758.0,35.0
4758,4512.0,15.0,1.0,232770.0,35.0
4759,3864.0,46.0,0.9813677379241932,232775.0,35.0
4760,4035.0,29.0,0.9777926102117871,234825.0,35.0
4761,3857.0,22.0,0.9546139776005351,236875.0,35.0
4762,4538.0,15.0,0.9546922241909716,234827.0,35.0
4763,3660.0,38.0,0.9534125648072509,234831.0,35.0
4764,4738.0,17.0,0.9719635376051833,232785.0,35.0
4765,2407.0,59.0,0.9793117697854428,232793.0,35.0
4766,3606.0,55.0,0.9800683093438375,234843.0,35.0
4767,3738.0,19.0,0.9862983062962913,234848.0,35.0
4768,4049.0,33.0,0.9866920723917353,234854.0,35.0
4769,4104.0,31.0,0.9938656648908216,234857.0,35.0
4770,3577.0,55.0,0.9944152488420994,232812.0,35.0
4771,4740.0,17.0,0.9839957895712699,232820.0,35.0
4772,4024.0,48.0,0.9915395405517169,232825.0,35.0
4773,4293.0,11.0,0.9799731471641401,234877.0,35.0
4774,3691.0,58.0,0.9895024046327966,234880.0,35.0
4775,3896.0,45.0,0.9874579184646598,234899.0,35.0
4776,3744.0,20.0,0.9904376960988515,234903.0,35.0
4777,3764.0,57.0,0.9646759720678233,232858.0,35.0
4778,4043.0,28.0,0.9842889810299029,234906.0,35.0
4779,3611.0,55.0,0.9514293216081035,234917.0,35.0
4780,3745.0,20.0,0.972671812356978,234928.0,35.0
4781,3816.0,22.0,0.9893241773726889,234940.0,35.0
4782,4675.0,16.0,0.985186433785005,236990.0,35.0
4783,3996.0,6.0,0.960575545897625,234944.0,35.0
4784,3944.0,24.0,0.9844865568069839,232899.0,35.0
4785,4131.0,43.0,0.9845268494024133,232911.0,35.0
4786,3976.0,49.0,0.9813149590893925,232913.0,35.0
4787,3945.0,24.0,0.9876690188112905,232939.0,35.0
4788,3615.0,56.0,0.9800414729647373,235004.0,35.0
4789,3800.0,41.0,0.9938107451488553,235006.0,35.0
4790,3547.0,2.0,0.9771320967945949,232963.0,35.0
4791,3754.0,5.0,0.9825267798750026,232966.0,35.0
4792,4004.0,34.0,0.9804691925939364,232968.0,35.0
4793,4046.0,28.0,0.9823155635860393,235028.0,35.0
4794,4181.0,9.0,0.9855422933651055,232989.0,35.0
4795,4030.0,49.0,0.975378904835179,235043.0,35.0
4796,3755.0,36.0,0.9853280195622063,235044.0,35.0
4797,4031.0,25.0,0.9810833751701603,235046.0,35.0
4798,3873.0,39.0,0.9667464014234783,235052.0,35.0
4799,3987.0,26.0,0.979650988660261,233013.0,35.0
4800,3861.0,32.0,0.9669389567055554,233020.0,35.0
4801,3629.0,37.0,0.9827341832825673,233021.0,35.0
4802,3988.0,26.0,0.9759716108534177,233025.0,35.0
4803,4230.0,9.0,0.973000808135484,235075.0,35.0
4804,3942.0,44.0,0.9832310497314559,233036.0,35.0
4805,3573.0,2.0,0.9699037909623934,235087.0,35.0
4806,3829.0,23.0,0.9785365799275028,235090.0,35.0
4807,3824.0,40.0,0.9695015321283786,235095.0,35.0
4808,3987.0,24.0,0.9793310454971009,235115.0,35.0
4809,3725.0,4.0,0.9737510540438248,233072.0,35.0
4810,4001.0,7.0,0.9910599963453569,235127.0,35.0
4811,4544.0,15.0,0.9567039381856887,235131.0,35.0
4812,3693.0,58.0,0.9745615357102153,235143.0,35.0
4813,3860.0,45.0,0.9615926262672432,233101.0,35.0
4814,4296.0,11.0,0.9772996063849353,235154.0,35.0
4815,3726.0,4.0,0.9820376228150511,233111.0,35.0
4816,3582.0,55.0,0.9522141922242142,233112.0,35.0
4817,4297.0,11.0,0.9829357156048205,235163.0,35.0
4818,4066.0,48.0,0.9764062295083021,235166.0,35.0
4819,4034.0,35.0,0.9913507292073419,233126.0,35.0
4820,4010.0,33.0,0.9748198328497553,233131.0,35.0
4821,4201.0,10.0,0.9905417778506199,235179.0,35.0
4822,3793.0,57.0,0.9690205434463011,235181.0,35.0
4823,3760.0,5.0,0.9763387470676141,233137.0,35.0
4824,4020.0,47.0,0.9872213515850912,233142.0,35.0
4825,3897.0,53.0,0.9904150558949677,235198.0,35.0
4826,3719.0,36.0,0.9629488917656451,233157.0,35.0
4827,3881.0,46.0,0.9783841064385096,233161.0,35.0
4828,4090.0,42.0,0.9527640317395963,233171.0,35.0
4829,3807.0,54.0,0.9551172781032181,235219.0,35.0
4830,3902.0,45.0,0.9758470802595911,235220.0,35.0
4831,3882.0,46.0,0.9814402527098103,233174.0,35.0
4832,3930.0,27.0,0.9826476732478058,235247.0,35.0
4833,4051.0,28.0,0.9658830933329405,235262.0,35.0
4834,3798.0,5.0,0.9606094099606888,235287.0,35.0
4835,3877.0,39.0,0.970764909565373,235302.0,35.0
4836,4063.0,30.0,0.9933685176905037,235303.0,35.0
4837,3991.0,49.0,0.9546950965388337,233256.0,35.0
4838,3862.0,21.0,0.9875491502642572,235309.0,35.0
4839,3828.0,18.0,0.9778769456208635,235319.0,35.0
4840,4118.0,31.0,0.9599658827375575,235320.0,35.0
4841,3860.0,52.0,0.978161368099914,235335.0,35.0
4842,4519.0,15.0,1.0,233289.0,35.0
4843,3993.0,49.0,0.9853123699351245,233308.0,35.0
4844,3622.0,56.0,0.9882555774019247,235358.0,35.0
4845,3829.0,18.0,0.9750253963812616,235363.0,35.0
4846,3838.0,39.0,0.9905332476826895,233325.0,35.0
4847,3523.0,0.0,0.9942892700432,235387.0,35.0
4848,4029.0,12.0,0.9824600575660924,235396.0,35.0
4849,3634.0,37.0,0.9655105162838747,233349.0,35.0
4850,3931.0,13.0,0.9792145289214396,235399.0,35.0
4851,4031.0,48.0,0.989577183598856,233359.0,35.0
4852,3868.0,32.0,0.9699673938950878,233370.0,35.0
4853,3869.0,32.0,0.9830034808652907,233378.0,35.0
4854,3852.0,51.0,0.987440769913766,233388.0,35.0
4855,3865.0,21.0,0.9803527735893762,235436.0,35.0
4856,3583.0,2.0,0.9867658854680135,235449.0,35.0
4857,3763.0,54.0,0.9847899938225113,233405.0,35.0
4858,4003.0,28.0,0.9820686739407544,233410.0,35.0
4859,3792.0,3.0,0.9834973439023156,235477.0,35.0
4860,3772.0,41.0,0.9653934536825104,233430.0,35.0
4861,3998.0,49.0,0.9825249764650403,233431.0,35.0
4862,3896.0,51.0,0.9842149611060854,235489.0,35.0
4863,3921.0,8.0,0.9730155597196096,235490.0,35.0
4864,3794.0,18.0,0.9550334336160137,233444.0,35.0
4865,3588.0,55.0,0.9730202609650906,233450.0,35.0
4866,3782.0,22.0,0.991663727239065,233453.0,35.0
4867,4040.0,25.0,0.9770126582397972,235503.0,35.0
4868,4041.0,26.0,0.9830636311492749,235504.0,35.0
4869,3868.0,45.0,0.9950977444502073,233457.0,35.0
4870,4007.0,29.0,0.978719961060084,233460.0,35.0
4871,3830.0,18.0,0.9715961073984228,235510.0,35.0
4872,4235.0,9.0,0.9842092959384376,235517.0,35.0
4873,3753.0,19.0,0.9530404438611021,235524.0,35.0
4874,3831.0,22.0,0.9880464035601939,235528.0,35.0
4875,4643.0,16.0,0.9572702153002534,233498.0,35.0
4876,3912.0,32.0,0.9887873076670015,235548.0,35.0
4877,3735.0,4.0,0.9910906199845302,233503.0,35.0
4878,3952.0,14.0,0.9915303607545856,233504.0,35.0
4879,4004.0,28.0,0.9772564201244558,233510.0,35.0
4880,3773.0,41.0,0.9595985961801492,233516.0,35.0
4881,4141.0,43.0,0.9649531092020661,233525.0,35.0
4882,4028.0,47.0,0.9840149314203969,233530.0,35.0
4883,3750.0,20.0,0.9733155994328703,235582.0,35.0
4884,3674.0,37.0,0.9505507736386768,235591.0,35.0
4885,3893.0,46.0,0.9645545634613223,233550.0,35.0
4886,4551.0,15.0,0.9621508481108338,235604.0,35.0
4887,3956.0,50.0,0.9522262362615611,235611.0,35.0
4888,3554.0,2.0,0.9691708998205434,233566.0,35.0
4889,3835.0,23.0,0.9836889761155384,235621.0,35.0
4890,3997.0,26.0,0.9889391676069956,233598.0,35.0
4891,3795.0,3.0,0.9782267808071907,235649.0,35.0
4892,4009.0,6.0,0.9786423249682114,235650.0,35.0
4893,3902.0,27.0,0.9686867264238411,233606.0,35.0
4894,4010.0,6.0,0.9570931833461302,235658.0,35.0
4895,4012.0,34.0,0.9755453293432013,233613.0,35.0
4896,4014.0,29.0,0.9708645864817242,233625.0,35.0
4897,4175.0,43.0,0.9701013915164949,235684.0,35.0
4898,3856.0,51.0,0.9804665030177787,233640.0,35.0
4899,3911.0,13.0,0.9840820773563481,233645.0,35.0
4900,3585.0,1.0,0.9819068737460689,233652.0,35.0
4901,3813.0,54.0,0.9921023840317579,235713.0,35.0
4902,4053.0,35.0,0.9850368799570361,233673.0,35.0
4903,3957.0,14.0,0.9886618886504327,233676.0,35.0
4904,3805.0,57.0,0.985490852507916,235725.0,35.0
4905,4014.0,34.0,0.9970821874638481,233678.0,35.0
4906,4006.0,12.0,0.9749421847873205,233688.0,35.0
4907,4146.0,43.0,0.9917000916395537,233689.0,35.0
4908,4021.0,33.0,0.980103360221885,233695.0,35.0
4909,3948.0,27.0,0.9838684898846894,235751.0,35.0
4910,3874.0,32.0,0.9889836658239487,233705.0,35.0
4911,3704.0,58.0,0.9567118421175453,235766.0,35.0
4912,3907.0,53.0,0.9849671248860782,235768.0,35.0
4913,3959.0,50.0,0.9844950603500864,235773.0,35.0
4914,4001.0,26.0,0.9853399078438694,233728.0,35.0
4915,3806.0,57.0,0.9528621049386858,235779.0,35.0
4916,3858.0,53.0,0.9700361382339813,233740.0,35.0
4917,3834.0,52.0,0.9795875846494944,233756.0,35.0
4918,4007.0,12.0,0.9856505468725937,233763.0,35.0
4919,3888.0,8.0,0.984946598628103,233769.0,35.0
4920,3817.0,41.0,0.9708867063835033,235819.0,35.0
4921,3960.0,44.0,0.9817608780286754,233773.0,35.0
4922,3648.0,38.0,0.9753530194378389,233781.0,35.0
4923,3818.0,54.0,0.9768181567971967,235829.0,35.0
4924,3984.0,14.0,0.9941231891710569,235830.0,35.0
4925,4041.0,48.0,0.9809986144126862,233786.0,35.0
4926,3787.0,22.0,0.9871557480614855,233788.0,35.0
4927,3960.0,50.0,0.9779387023084677,235840.0,35.0
4928,4106.0,42.0,0.9789346137322156,233799.0,35.0
4929,4073.0,30.0,0.9873511212349866,235850.0,35.0
4930,3959.0,24.0,0.978010901857356,233818.0,35.0
4931,3800.0,40.0,0.983803954034769,233307.0,35.0
4932,4043.0,12.0,0.9781524022885093,236125.0,35.0
4933,4219.0,10.0,0.9622512229211572,235998.0,35.0
4934,3843.0,41.0,0.9505721085627586,236638.0,35.0
4935,3819.0,18.0,0.9668808861376693,234592.0,35.0
4936,4751.0,17.0,0.9506880765684708,233183.0,35.0
4937,3577.0,2.0,0.9895029840484373,235232.0,35.0
4938,3607.0,55.0,0.9765228478499329,234851.0,35.0
4939,3794.0,3.0,0.9759291219337061,235614.0,35.0
4940,3706.0,36.0,0.957181924618039,232679.0,35.0
4941,4033.0,28.0,0.9830080992506556,234600.0,35.0
4942,4241.0,9.0,0.9586640644318823,236393.0,35.0
4943,3871.0,21.0,0.9674887660496243,235759.0,35.0
4944,3985.0,14.0,0.9890928398136379,235888.0,35.0
4945,3912.0,8.0,0.9798890338454349,235120.0,35.0
4946,4013.0,49.0,0.9647966621130606,233970.0,35.0
4947,3877.0,45.0,0.9814387071949277,233712.0,35.0
4948,3919.0,53.0,0.9842193243051295,236414.0,35.0
4949,3644.0,37.0,0.95574881413825,233983.0,35.0
4950,3794.0,54.0,0.9581162593690337,234497.0,35.0
4951,3990.0,50.0,0.9783179084229927,236806.0,35.0
4952,3937.0,44.0,0.9886948142284744,232840.0,35.0
4953,3858.0,39.0,0.9877634243807077,234506.0,35.0
4954,3607.0,1.0,0.9590387688525804,234508.0,35.0
4955,3746.0,20.0,0.9684406148067977,235148.0,35.0
4956,4327.0,11.0,0.9843981120343213,236686.0,35.0
4957,4067.0,30.0,0.9748013134905725,235662.0,35.0
4958,4041.0,47.0,0.9773035349527123,234001.0,35.0
4959,4046.0,33.0,0.9807830856479629,234643.0,35.0
4960,4168.0,43.0,0.9811147813121242,235156.0,35.0
4961,3636.0,38.0,0.9535588240923976,232726.0,35.0
4962,4046.0,48.0,0.9674255839402095,234139.0,35.0
4963,4021.0,29.0,0.9769731576504883,234141.0,35.0
4964,3977.0,7.0,0.9560083739128672,233886.0,35.0
4965,3508.0,0.0,0.9546782797550897,234270.0,35.0
4966,3842.0,22.0,0.9663193252522344,235938.0,35.0
4967,4113.0,31.0,0.9548399168357969,235180.0,35.0
4968,4009.0,26.0,0.9541666464644742,234163.0,35.0
4969,3868.0,51.0,0.9677912880341898,234293.0,35.0
4970,4537.0,15.0,0.9619567959371506,234807.0,35.0
4971,3800.0,5.0,0.9513358738768924,235321.0,35.0
4972,2391.0,59.0,0.9546659370962045,232380.0,35.0
4973,3927.0,32.0,0.9765063982565262,236349.0,35.0
4974,3870.0,23.0,0.9849201550742452,236605.0,35.0
4975,4110.0,42.0,0.9589010515686076,234047.0,35.0
4976,3939.0,27.0,0.991439595651733,235461.0,35.0
4977,3746.0,19.0,0.9575562519975092,235207.0,35.0
4978,3894.0,46.0,0.9827605151891523,233671.0,35.0
4979,3760.0,4.0,0.9547675577022868,235338.0,35.0
4980,3967.0,13.0,0.9868885580119978,236619.0,35.0
4981,3964.0,24.0,0.9787742273468433,233934.0,35.0
4982,3751.0,58.0,0.9873694703416822,237008.0,35.0
4983,3969.0,6.0,0.9644740323505773,233169.0,35.0
4984,4628.0,16.0,0.961646588989506,232787.0,35.0
4985,4044.0,34.0,0.987709445972604,234965.0,35.0
4986,3614.0,56.0,0.98965240485766,234966.0,35.0
4987,4074.0,25.0,0.9606556502078216,236759.0,35.0
4988,3853.0,52.0,0.9579125783728349,234968.0,35.0
4989,4037.0,35.0,0.9632834415375839,233177.0,35.0
4990,3787.0,57.0,0.9778480452632712,234714.0,35.0
