,ms2_id,Sample_id,explained_Int(%),SummMS2Table_id,Slice_id
0,3910.0,39.0,1.0,239986.0,38.0
1,3848.0,54.0,1.0,239987.0,38.0
2,4073.0,7.0,0.9701511552676388,239988.0,38.0
3,3665.0,1.0,0.98526854385788,239989.0,38.0
4,3847.0,54.0,0.9739888038267276,239990.0,38.0
5,3893.0,40.0,1.0,239991.0,38.0
6,3808.0,36.0,0.959485818042522,239992.0,38.0
7,3865.0,18.0,0.9756006615778404,239993.0,38.0
8,3864.0,18.0,1.0,239994.0,38.0
9,3911.0,52.0,1.0,239995.0,38.0
10,3959.0,32.0,0.9566081727333646,239996.0,38.0
11,3655.0,2.0,1.0,239997.0,38.0
12,3788.0,4.0,0.961258996273368,239998.0,38.0
13,3809.0,36.0,0.9690414127844008,239999.0,38.0
14,4072.0,14.0,0.9714253741275628,240005.0,38.0
15,3839.0,5.0,0.9807779175727368,240006.0,38.0
16,4226.0,42.0,1.0,240008.0,38.0
17,2463.0,59.0,0.958036556751845,240011.0,38.0
18,3859.0,57.0,1.0,240018.0,38.0
19,3810.0,36.0,0.9598514867354649,240022.0,38.0
20,4298.0,43.0,0.9742751851435598,240029.0,38.0
21,3860.0,57.0,0.972597337563379,240031.0,38.0
22,4107.0,49.0,1.0,240035.0,38.0
23,2465.0,59.0,0.9603708646885953,240036.0,38.0
24,3937.0,51.0,0.9584517853359958,240039.0,38.0
25,4131.0,35.0,0.9695986969238723,240042.0,38.0
26,3656.0,2.0,0.9857907463432497,240043.0,38.0
27,3869.0,18.0,0.9548554300105654,240050.0,38.0
28,4043.0,24.0,0.9789974112376214,240053.0,38.0
29,4068.0,14.0,0.9705674021858456,239824.0,38.0
30,4350.0,10.0,0.9691137628286136,239825.0,38.0
31,4320.0,9.0,0.9659548291563091,239826.0,38.0
32,3661.0,1.0,0.959894283083542,239827.0,38.0
33,4295.0,43.0,0.9534526093810324,239829.0,38.0
34,4351.0,10.0,1.0,239830.0,38.0
35,3874.0,41.0,0.9533072267883208,239831.0,38.0
36,4147.0,30.0,0.9657588348033331,239833.0,38.0
37,2420.0,59.0,1.0,239834.0,38.0
38,3880.0,22.0,0.9702213229604891,239835.0,38.0
39,4179.0,31.0,0.9620943171396286,239837.0,38.0
40,3997.0,27.0,0.9595106687756652,239838.0,38.0
41,3728.0,37.0,0.9770654482268536,239840.0,38.0
42,3936.0,51.0,0.9622023737445659,239841.0,38.0
43,2423.0,59.0,0.963649045045958,239842.0,38.0
44,4321.0,9.0,1.0,239843.0,38.0
45,3781.0,4.0,0.9764978707097888,239844.0,38.0
46,3717.0,56.0,0.9613210325702435,239845.0,38.0
47,3915.0,23.0,1.0,239846.0,38.0
48,4111.0,12.0,0.9610063506689416,239847.0,38.0
49,3959.0,46.0,0.9634533399556402,239848.0,38.0
50,4180.0,31.0,1.0,239850.0,38.0
51,4123.0,47.0,0.9750270499834928,239851.0,38.0
52,3875.0,41.0,0.9682317586161928,239852.0,38.0
53,3908.0,52.0,1.0,239853.0,38.0
54,2425.0,59.0,0.9728994315514763,239854.0,38.0
55,2426.0,59.0,0.9785181277286741,239855.0,38.0
56,3960.0,46.0,0.95064979867465,239856.0,38.0
57,3909.0,52.0,1.0,239857.0,38.0
58,4148.0,30.0,0.9645017172495229,239858.0,38.0
59,3782.0,4.0,0.9624415736180679,239860.0,38.0
60,2428.0,59.0,0.9519355290444499,239862.0,38.0
61,4091.0,26.0,0.9596280843401855,239866.0,38.0
62,3835.0,5.0,0.9722094017240133,239867.0,38.0
63,3662.0,1.0,0.9849847036410745,239868.0,38.0
64,3823.0,19.0,0.9639940142104905,239869.0,38.0
65,2431.0,59.0,1.0,239870.0,38.0
66,2432.0,59.0,0.9703618826655197,239871.0,38.0
67,3654.0,2.0,1.0,239872.0,38.0
68,3805.0,36.0,1.0,239874.0,38.0
69,3943.0,53.0,0.9630434313710783,239879.0,38.0
70,3836.0,5.0,0.9733508957934599,239882.0,38.0
71,3604.0,0.0,0.9656188588439002,239883.0,38.0
72,3910.0,52.0,0.9636437214420163,239884.0,38.0
73,3860.0,18.0,1.0,239885.0,38.0
74,3859.0,18.0,1.0,239886.0,38.0
75,3729.0,37.0,0.9643329737143921,239887.0,38.0
76,4092.0,6.0,0.9553723963993295,239888.0,38.0
77,4127.0,35.0,1.0,239891.0,38.0
78,4069.0,14.0,0.9614984051173168,239895.0,38.0
79,2437.0,59.0,0.9854605647533782,239897.0,38.0
80,4105.0,49.0,0.963398231477455,239906.0,38.0
81,3952.0,45.0,0.9592592326280214,239907.0,38.0
82,3837.0,5.0,0.9744375718782785,239908.0,38.0
83,3605.0,0.0,0.9610648690533721,239909.0,38.0
84,3858.0,57.0,0.9842293793785641,239910.0,38.0
85,3911.0,21.0,0.9577215432527715,239911.0,38.0
86,4054.0,44.0,0.9612845925000608,239913.0,38.0
87,4149.0,30.0,0.9644148357185527,239915.0,38.0
88,3996.0,8.0,0.9706541799642987,239919.0,38.0
89,2445.0,59.0,0.9709237343724921,239920.0,38.0
90,2446.0,59.0,1.0,239922.0,38.0
91,3784.0,4.0,0.9646496083589753,239926.0,38.0
92,3944.0,53.0,0.9690457905842144,239929.0,38.0
93,3787.0,4.0,1.0,239940.0,38.0
94,3704.0,55.0,0.9627930908888016,239941.0,38.0
95,3862.0,18.0,0.9563876913543444,239942.0,38.0
96,4055.0,44.0,1.0,239943.0,38.0
97,3776.0,38.0,1.0,239944.0,38.0
98,3806.0,36.0,0.9683045036301687,239945.0,38.0
99,3912.0,21.0,1.0,239947.0,38.0
100,4114.0,28.0,0.9787898830994044,239948.0,38.0
101,4112.0,12.0,0.9501264481831632,239949.0,38.0
102,2455.0,59.0,0.9543044877207281,239951.0,38.0
103,4124.0,47.0,1.0,239955.0,38.0
104,4297.0,43.0,0.9639324654040947,239956.0,38.0
105,2458.0,59.0,0.9805329201318574,239961.0,38.0
106,4125.0,47.0,0.9565783278348692,239966.0,38.0
107,2461.0,59.0,0.9821045221626603,239972.0,38.0
108,4115.0,28.0,0.9576116021668831,239977.0,38.0
109,4145.0,49.0,0.9694121389948888,241008.0,38.0
110,4001.0,51.0,0.9776251635340564,243062.0,38.0
111,4241.0,31.0,0.9600028447469193,243076.0,38.0
112,3965.0,52.0,0.9501966522478561,243081.0,38.0
113,3833.0,19.0,0.9719084022209116,241042.0,38.0
114,4141.0,28.0,1.0,241046.0,38.0
115,3924.0,41.0,0.9727049302253763,243094.0,38.0
116,4147.0,47.0,0.9701793034621746,241048.0,38.0
117,3784.0,37.0,0.9724373220179189,243097.0,38.0
118,4169.0,49.0,0.9682900858969729,243099.0,38.0
119,3973.0,45.0,0.9549023709348498,241058.0,38.0
120,3897.0,3.0,0.9656468989283139,243106.0,38.0
121,3974.0,21.0,0.9628076131836442,243107.0,38.0
122,4147.0,49.0,0.9684130867979996,241061.0,38.0
123,4162.0,35.0,0.9756416156537505,241062.0,38.0
124,4159.0,29.0,0.9594610597480258,243112.0,38.0
125,3859.0,5.0,0.9666146725808524,241065.0,38.0
126,3730.0,56.0,1.0,241068.0,38.0
127,4160.0,29.0,0.9597881329085053,243118.0,38.0
128,4216.0,33.0,0.9749018625296941,241071.0,38.0
129,4131.0,14.0,0.9713045340199703,243123.0,38.0
130,3611.0,0.0,0.9624487810297467,241076.0,38.0
131,3951.0,23.0,0.9931596100200921,243124.0,38.0
132,4117.0,44.0,0.970352215206563,243128.0,38.0
133,3932.0,39.0,0.9723478238559502,241090.0,38.0
134,3933.0,39.0,0.9715708146865694,241093.0,38.0
135,3756.0,37.0,0.9587008265774198,241097.0,38.0
136,4051.0,8.0,1.0,243152.0,38.0
137,4165.0,25.0,1.0,243158.0,38.0
138,4038.0,50.0,1.0,241113.0,38.0
139,3648.0,0.0,1.0,243161.0,38.0
140,4162.0,29.0,0.9657006561844055,243163.0,38.0
141,3787.0,38.0,1.0,241120.0,38.0
142,3732.0,56.0,1.0,241121.0,38.0
143,3976.0,32.0,0.9690381287604287,241122.0,38.0
144,3781.0,56.0,0.9769020835852054,243168.0,38.0
145,4009.0,8.0,0.9722948189730787,241124.0,38.0
146,3873.0,57.0,0.984333243971172,241125.0,38.0
147,3919.0,23.0,0.9612106124041372,241126.0,38.0
148,3724.0,55.0,0.9872785584155558,241127.0,38.0
149,3897.0,5.0,0.9856518852802778,243050.0,38.0
150,3723.0,55.0,1.0,241129.0,38.0
151,3896.0,22.0,0.9645860781711901,241130.0,38.0
152,3792.0,58.0,0.9604754685192596,241131.0,38.0
153,3977.0,32.0,0.9749121821460022,241132.0,38.0
154,4051.0,13.0,1.0,243178.0,38.0
155,4002.0,46.0,1.0,241141.0,38.0
156,3875.0,19.0,0.9845454814356612,243192.0,38.0
157,3919.0,57.0,1.0,243193.0,38.0
158,3964.0,51.0,0.9743305068710594,241147.0,38.0
159,3936.0,52.0,1.0,241150.0,38.0
160,3712.0,2.0,0.9551926153849165,243199.0,38.0
161,4131.0,12.0,0.9747816709907247,241153.0,38.0
162,3899.0,3.0,0.9619826865023627,243205.0,38.0
163,4145.0,34.0,1.0,241162.0,38.0
164,4193.0,35.0,1.0,243210.0,38.0
165,3651.0,0.0,0.9741043394242179,243215.0,38.0
166,3968.0,53.0,0.97966526222209,241171.0,38.0
167,4010.0,8.0,1.0,241177.0,38.0
168,3930.0,21.0,0.9803544789898353,241190.0,38.0
169,3948.0,22.0,0.9882196665307014,243239.0,38.0
170,4105.0,24.0,0.9626626593824691,243245.0,38.0
171,3713.0,2.0,0.9598614552264048,243249.0,38.0
172,3859.0,3.0,0.960570767694275,241202.0,38.0
173,3940.0,52.0,0.9656977186697662,241203.0,38.0
174,4059.0,27.0,0.9533831640055235,243252.0,38.0
175,4055.0,13.0,0.969138003182814,243255.0,38.0
176,3734.0,56.0,0.9734577715094048,241218.0,38.0
177,3714.0,2.0,0.9648924746578513,243267.0,38.0
178,4057.0,13.0,0.9640923158828253,243268.0,38.0
179,3903.0,3.0,0.9628912256927828,243270.0,38.0
180,4208.0,48.0,0.9650560714588823,243273.0,38.0
181,3830.0,58.0,0.9685183012979156,243275.0,38.0
182,4121.0,44.0,0.9933349721173343,243284.0,38.0
183,3958.0,23.0,0.9755677303032395,243286.0,38.0
184,3716.0,2.0,0.9939811715398829,243287.0,38.0
185,3829.0,38.0,0.965496194917092,243299.0,38.0
186,3878.0,20.0,1.0,243300.0,38.0
187,4157.0,26.0,0.9550810360686685,243309.0,38.0
188,3833.0,58.0,0.9653630912546017,243316.0,38.0
189,3878.0,19.0,1.0,243318.0,38.0
190,4087.0,50.0,0.9557023874494615,243320.0,38.0
191,3978.0,21.0,0.9691905013310868,243329.0,38.0
192,3975.0,39.0,0.9624220664296756,243332.0,38.0
193,3918.0,54.0,0.9544740887524524,243334.0,38.0
194,4352.0,9.0,0.9651729746308313,241293.0,38.0
195,4005.0,46.0,0.9543283350037441,241307.0,38.0
196,4025.0,32.0,0.968819378892416,243356.0,38.0
197,4158.0,26.0,0.9654701868292466,243359.0,38.0
198,4003.0,51.0,0.9658748541493696,243360.0,38.0
199,4006.0,46.0,0.9701316906466533,241315.0,38.0
200,3875.0,57.0,0.9703893663716137,241318.0,38.0
201,3976.0,39.0,0.9699491361372271,243370.0,38.0
202,3951.0,40.0,1.0,243371.0,38.0
203,3880.0,20.0,0.9612155043933367,243373.0,38.0
204,4106.0,7.0,0.9708214321840408,241327.0,38.0
205,4107.0,7.0,1.0,241334.0,38.0
206,3791.0,37.0,1.0,243382.0,38.0
207,3939.0,39.0,0.9635863759142864,241337.0,38.0
208,3852.0,36.0,0.9674529070457487,241348.0,38.0
209,4186.0,34.0,1.0,243397.0,38.0
210,3964.0,23.0,0.9811804000351015,243398.0,38.0
211,4155.0,30.0,0.9507541949749941,241358.0,38.0
212,3909.0,18.0,0.9570331354717138,241360.0,38.0
213,4108.0,7.0,0.951253045574777,241361.0,38.0
214,4002.0,53.0,0.9567808699348189,243408.0,38.0
215,4170.0,25.0,0.9560779075743542,243409.0,38.0
216,4171.0,25.0,0.9863121449200698,243410.0,38.0
217,3951.0,22.0,0.9787896264389228,243413.0,38.0
218,3730.0,55.0,0.9674124300778455,241366.0,38.0
219,4260.0,42.0,0.9771172543962307,241367.0,38.0
220,3881.0,20.0,0.969374043097528,243416.0,38.0
221,3657.0,0.0,0.9681905254198501,243419.0,38.0
222,3984.0,32.0,0.960001776686968,241374.0,38.0
223,3882.0,20.0,0.9852848439227561,243427.0,38.0
224,3970.0,52.0,0.9735664420787977,243431.0,38.0
225,4136.0,29.0,0.9693396607585631,241386.0,38.0
226,4064.0,13.0,0.9685792089762193,243434.0,38.0
227,4202.0,30.0,0.962131229162704,243439.0,38.0
228,4066.0,13.0,0.9690036215960725,243440.0,38.0
229,4147.0,28.0,0.9630500271799858,241399.0,38.0
230,3866.0,5.0,0.9623339906466342,241404.0,38.0
231,4003.0,53.0,0.9813989008114713,243456.0,38.0
232,4167.0,35.0,0.9682565271052413,241414.0,38.0
233,4017.0,45.0,0.9650925689721754,243464.0,38.0
234,4011.0,8.0,1.0,241419.0,38.0
235,4109.0,7.0,1.0,241421.0,38.0
236,4459.0,11.0,0.9672470605896134,241423.0,38.0
237,3971.0,52.0,0.9608123556130844,243472.0,38.0
238,3981.0,45.0,0.9662551264444335,241425.0,38.0
239,4212.0,31.0,1.0,241426.0,38.0
240,3734.0,1.0,0.9797016598721066,243473.0,38.0
241,3767.0,55.0,0.9632937112720608,243474.0,38.0
242,4004.0,53.0,0.9740994825107557,243476.0,38.0
243,3955.0,40.0,0.97039985970691,243480.0,38.0
244,4005.0,53.0,1.0,243487.0,38.0
245,4150.0,28.0,0.9755390006003412,241444.0,38.0
246,3700.0,1.0,0.9787812659048661,241446.0,38.0
247,3941.0,39.0,0.9669835503591133,241448.0,38.0
248,3956.0,40.0,0.9597999912832477,243502.0,38.0
249,3902.0,22.0,0.9702551438540424,241455.0,38.0
250,3794.0,37.0,1.0,243508.0,38.0
251,3909.0,3.0,0.9810714187113514,243511.0,38.0
252,4217.0,48.0,0.9614916125788023,243514.0,38.0
253,4057.0,8.0,0.9642451284535698,243517.0,38.0
254,3868.0,5.0,0.9793938944611544,241470.0,38.0
255,3795.0,37.0,0.956243788878972,243520.0,38.0
256,3738.0,56.0,0.9681373527288382,241474.0,38.0
257,3731.0,55.0,0.9730747087219652,241475.0,38.0
258,3719.0,2.0,0.9709983162703754,243523.0,38.0
259,3857.0,36.0,0.9515043653476772,241477.0,38.0
260,4018.0,45.0,0.9609693878015966,243532.0,38.0
261,4210.0,30.0,1.0,243534.0,38.0
262,4074.0,24.0,0.96105804882132,241488.0,38.0
263,3978.0,39.0,1.0,243541.0,38.0
264,3886.0,54.0,0.9616461955772393,241494.0,38.0
265,3740.0,56.0,1.0,241495.0,38.0
266,4151.0,34.0,0.9790791450679411,241496.0,38.0
267,3870.0,5.0,0.9847554217460991,241497.0,38.0
268,3871.0,5.0,0.9656895606989722,241499.0,38.0
269,3739.0,56.0,0.9706343023194736,241500.0,38.0
270,3866.0,3.0,1.0,241501.0,38.0
271,4012.0,8.0,0.9593409513208854,241502.0,38.0
272,3942.0,39.0,0.9713993602423558,241503.0,38.0
273,3903.0,22.0,0.9642147699462014,241504.0,38.0
274,3795.0,58.0,0.9679146061445624,241505.0,38.0
275,3889.0,41.0,0.9592612964120631,241506.0,38.0
276,4008.0,53.0,0.9620858247452664,243549.0,38.0
277,3887.0,20.0,0.9911445750599054,243554.0,38.0
278,4142.0,25.0,0.9582352568196005,241517.0,38.0
279,4140.0,7.0,1.0,243569.0,38.0
280,3888.0,54.0,0.9637070730077781,241532.0,38.0
281,3977.0,53.0,1.0,241541.0,38.0
282,3676.0,2.0,0.9782818103818728,241551.0,38.0
283,3905.0,22.0,0.9748835112610594,241555.0,38.0
284,4147.0,6.0,1.0,243603.0,38.0
285,4141.0,7.0,0.984594445403903,243605.0,38.0
286,3669.0,0.0,0.9647539407536051,243608.0,38.0
287,3943.0,39.0,0.972321681837589,241561.0,38.0
288,4120.0,26.0,0.95681915268567,241562.0,38.0
289,4121.0,26.0,1.0,241563.0,38.0
290,3836.0,38.0,0.9644331173866717,243609.0,38.0
291,4137.0,12.0,1.0,241571.0,38.0
292,4017.0,27.0,0.9603420460054141,241572.0,38.0
293,3677.0,2.0,0.9567013226806043,241576.0,38.0
294,4155.0,47.0,1.0,241584.0,38.0
295,4096.0,50.0,0.9661956332275883,243634.0,38.0
296,4152.0,34.0,1.0,241592.0,38.0
297,3733.0,55.0,0.9820151215392746,241593.0,38.0
298,3797.0,37.0,0.9790382365702629,243640.0,38.0
299,4097.0,50.0,0.9678302102257186,243644.0,38.0
300,4011.0,53.0,0.983526272006784,243645.0,38.0
301,4149.0,6.0,1.0,243646.0,38.0
302,3906.0,5.0,0.9514737856781179,243648.0,38.0
303,4151.0,6.0,0.9814115030347839,243649.0,38.0
304,4150.0,6.0,0.9691449666026944,243650.0,38.0
305,4282.0,42.0,0.9575823387062098,243652.0,38.0
306,4098.0,50.0,0.9584580591685579,243653.0,38.0
307,3801.0,38.0,0.9536564326148886,241925.0,38.0
308,3893.0,41.0,0.9705747679412017,241926.0,38.0
309,3703.0,1.0,0.9783154287986336,241616.0,38.0
310,4226.0,33.0,0.9763781082100773,241927.0,38.0
311,4138.0,12.0,0.9732918340303917,241622.0,38.0
312,4116.0,7.0,0.9690722063149763,241630.0,38.0
313,4140.0,29.0,1.0,241633.0,38.0
314,4029.0,27.0,1.0,241930.0,38.0
315,3798.0,58.0,1.0,241637.0,38.0
316,3743.0,56.0,0.9666785443061408,241639.0,38.0
317,3799.0,37.0,0.9705842505098435,243688.0,38.0
318,3894.0,20.0,0.9597748188264411,243689.0,38.0
319,3941.0,41.0,0.9637339316877426,243692.0,38.0
320,3919.0,3.0,0.9583012302268231,243697.0,38.0
321,4171.0,29.0,1.0,243698.0,38.0
322,4066.0,27.0,0.9600810928634584,243699.0,38.0
323,3744.0,56.0,0.9602923359128083,241655.0,38.0
324,3848.0,58.0,0.9680341276233456,243705.0,38.0
325,3907.0,22.0,0.9889328196337137,241663.0,38.0
326,4243.0,31.0,0.9605677621507912,243715.0,38.0
327,3974.0,52.0,0.9653341191979006,243718.0,38.0
328,4194.0,35.0,0.95462463508795,243725.0,38.0
329,3879.0,57.0,1.0,241680.0,38.0
330,4158.0,28.0,1.0,241682.0,38.0
331,4185.0,25.0,0.9508596714808691,243732.0,38.0
332,3983.0,23.0,0.9784057233174833,243733.0,38.0
333,3800.0,58.0,0.96730777410264,241690.0,38.0
334,4194.0,34.0,1.0,243739.0,38.0
335,3674.0,0.0,0.9723944528080952,243745.0,38.0
336,3838.0,38.0,0.9665387491774394,243750.0,38.0
337,4021.0,27.0,0.9653049786231691,241703.0,38.0
338,4244.0,31.0,0.9615353690772558,243752.0,38.0
339,4155.0,6.0,0.9662083397476967,243762.0,38.0
340,3794.0,38.0,0.9549702706461057,241717.0,38.0
341,4013.0,53.0,0.9656549718731262,243767.0,38.0
342,4029.0,32.0,0.963219110950297,243768.0,38.0
343,3888.0,19.0,0.9668497675979527,243769.0,38.0
344,4156.0,6.0,1.0,243770.0,38.0
345,3801.0,37.0,0.9771163438508268,243773.0,38.0
346,3963.0,40.0,0.9571608008129344,243775.0,38.0
347,4067.0,27.0,0.9733792898738304,243778.0,38.0
348,3619.0,0.0,0.9852713702488428,241735.0,38.0
349,4189.0,25.0,1.0,243786.0,38.0
350,3894.0,54.0,0.9704590475408971,241739.0,38.0
351,3977.0,52.0,0.9868648983456613,243788.0,38.0
352,3870.0,3.0,0.9669410161735839,241741.0,38.0
353,3984.0,23.0,0.975824335610609,243789.0,38.0
354,4171.0,35.0,0.9620056750033559,241743.0,38.0
355,3916.0,18.0,0.9859503190768546,241750.0,38.0
356,4020.0,45.0,1.0,243799.0,38.0
357,4123.0,26.0,0.9675768109992965,241752.0,38.0
358,4177.0,12.0,0.9807252570605012,243801.0,38.0
359,4124.0,26.0,0.9730365920952756,241757.0,38.0
360,4082.0,13.0,1.0,243807.0,38.0
361,4284.0,42.0,0.9744141026910565,243809.0,38.0
362,3797.0,38.0,0.9683880930838179,241767.0,38.0
363,4159.0,26.0,0.9668320007864231,243819.0,38.0
364,3892.0,19.0,0.9667793764404007,243825.0,38.0
365,4085.0,13.0,1.0,243829.0,38.0
366,3978.0,51.0,1.0,241784.0,38.0
367,4158.0,6.0,0.9556557054720344,243836.0,38.0
368,4086.0,13.0,0.9726568623188109,243838.0,38.0
369,3873.0,3.0,0.9722779436332809,241791.0,38.0
370,3909.0,22.0,1.0,241796.0,38.0
371,4159.0,6.0,0.9503896557600012,243845.0,38.0
372,4100.0,14.0,1.0,241798.0,38.0
373,4285.0,42.0,1.0,243846.0,38.0
374,4102.0,50.0,0.9666130151930888,243848.0,38.0
375,4194.0,25.0,1.0,243849.0,38.0
376,3897.0,54.0,0.9726164471346456,241804.0,38.0
377,3953.0,22.0,0.9656100196790243,243852.0,38.0
378,4158.0,30.0,0.9612092055644713,241811.0,38.0
379,3874.0,3.0,1.0,241814.0,38.0
380,4219.0,31.0,0.9608680894966195,241816.0,38.0
381,4103.0,50.0,0.9641767238949852,243866.0,38.0
382,4198.0,25.0,0.9528539609079406,243867.0,38.0
383,3902.0,20.0,0.9831512145261299,243870.0,38.0
384,4104.0,50.0,1.0,243871.0,38.0
385,3750.0,56.0,0.9681091513018074,241825.0,38.0
386,3893.0,19.0,0.9729460772424383,243874.0,38.0
387,4160.0,6.0,1.0,243875.0,38.0
388,3845.0,38.0,0.9653663397802101,243876.0,38.0
389,4162.0,47.0,0.9583005264348959,241832.0,38.0
390,3725.0,2.0,0.9775715861888965,243880.0,38.0
391,4197.0,34.0,0.9581136601321927,243882.0,38.0
392,3905.0,20.0,0.9592235058652038,243883.0,38.0
393,4364.0,10.0,0.97275848400961,241836.0,38.0
394,4015.0,46.0,1.0,241838.0,38.0
395,3994.0,45.0,0.9690386045037342,241848.0,38.0
396,4175.0,35.0,0.9701920769384487,241862.0,38.0
397,4163.0,47.0,0.9733932426891909,241864.0,38.0
398,4141.0,29.0,0.9642480573049085,241865.0,38.0
399,3804.0,58.0,0.9502013249433606,241876.0,38.0
400,4104.0,49.0,1.0,239832.0,38.0
401,4030.0,13.0,0.9700481468306661,241884.0,38.0
402,3995.0,45.0,0.9786675075773305,241897.0,38.0
403,3994.0,32.0,0.9738540211445013,241905.0,38.0
404,3926.0,23.0,0.9775568911834469,241910.0,38.0
405,3920.0,40.0,0.9723474172285014,241913.0,38.0
406,3802.0,38.0,0.9784299767746865,241919.0,38.0
407,4085.0,24.0,1.0,241920.0,38.0
408,2434.0,59.0,0.9854245800532904,239876.0,38.0
409,4022.0,8.0,0.9592798155977694,241921.0,38.0
410,4028.0,27.0,0.9677938218626556,241922.0,38.0
411,3854.0,20.0,0.9561034478800363,241923.0,38.0
412,3805.0,58.0,0.971379620728768,241924.0,38.0
413,3950.0,39.0,0.9620419248373503,241928.0,38.0
414,3620.0,0.0,0.9622633997299609,241929.0,38.0
415,4143.0,29.0,0.9557335341707389,241931.0,38.0
416,3679.0,2.0,0.9631068630524827,241932.0,38.0
417,4030.0,27.0,0.9675047368033949,241947.0,38.0
418,3989.0,53.0,0.9634155809707906,241950.0,38.0
419,3950.0,21.0,0.9761291850488655,241959.0,38.0
420,3741.0,55.0,0.9782855484217052,241965.0,38.0
421,2447.0,59.0,0.9651793502589484,239927.0,38.0
422,4033.0,27.0,0.9668219082669937,241976.0,38.0
423,3927.0,23.0,1.0,241983.0,38.0
424,4031.0,13.0,0.971769857227758,241987.0,38.0
425,3912.0,22.0,0.9509399888228397,241993.0,38.0
426,3877.0,3.0,0.9669665784292906,241995.0,38.0
427,3951.0,52.0,0.968782469815255,242001.0,38.0
428,4143.0,12.0,0.968667049265853,242011.0,38.0
429,3804.0,38.0,0.9678650264381685,242030.0,38.0
430,3886.0,57.0,0.9723750136096263,242044.0,38.0
431,4057.0,44.0,0.9685664376891815,240012.0,38.0
432,3914.0,22.0,0.9720877866156801,242067.0,38.0
433,3887.0,57.0,0.9653240407842645,242072.0,38.0
434,3849.0,19.0,0.9703492181613643,242075.0,38.0
435,3953.0,21.0,0.9845546623411351,242077.0,38.0
436,3865.0,36.0,0.9632307932422794,242082.0,38.0
437,3993.0,53.0,0.9675532297764482,242085.0,38.0
438,3897.0,41.0,0.968500103418996,242093.0,38.0
439,4074.0,7.0,0.9802412380882574,240049.0,38.0
440,3850.0,54.0,0.968987526210465,240062.0,38.0
441,3840.0,5.0,0.9687918578972429,240063.0,38.0
442,4301.0,43.0,1.0,240064.0,38.0
443,4058.0,44.0,0.9526899587078752,240065.0,38.0
444,3852.0,3.0,1.0,240066.0,38.0
445,3786.0,58.0,0.9646804708752095,240067.0,38.0
446,3962.0,46.0,0.9596804666398044,240068.0,38.0
447,3705.0,55.0,0.9809626695446977,240069.0,38.0
448,3861.0,57.0,0.9618640189762627,240070.0,38.0
449,3730.0,37.0,0.9812680032222433,240071.0,38.0
450,4132.0,34.0,0.9682346654042927,240072.0,38.0
451,3870.0,18.0,0.9601844760100694,240073.0,38.0
452,3797.0,4.0,0.9719748551212507,240074.0,38.0
453,3851.0,3.0,0.9753072245989618,240075.0,38.0
454,3914.0,21.0,1.0,240076.0,38.0
455,4044.0,24.0,0.9635017960473002,240077.0,38.0
456,3851.0,54.0,0.9696476681628139,240078.0,38.0
457,4028.0,8.0,0.9939339044043097,242121.0,38.0
458,3798.0,4.0,1.0,240091.0,38.0
459,3863.0,57.0,0.9713688107064276,240093.0,38.0
460,4352.0,10.0,0.9691890705482894,240098.0,38.0
461,4126.0,47.0,0.9637191087979876,240099.0,38.0
462,4165.0,34.0,0.9605929552279371,242155.0,38.0
463,4106.0,14.0,0.9861809280759394,242034.0,38.0
464,4109.0,14.0,0.9711546895352104,242161.0,38.0
465,4075.0,7.0,0.9742705015463524,240114.0,38.0
466,4093.0,6.0,0.9701628525420734,240122.0,38.0
467,4060.0,44.0,0.9710029624405648,240124.0,38.0
468,3879.0,3.0,0.9705701856471302,242177.0,38.0
469,4061.0,44.0,0.9701993699663183,240133.0,38.0
470,4062.0,44.0,0.9641597452946556,240134.0,38.0
471,3964.0,46.0,1.0,240136.0,38.0
472,3938.0,51.0,1.0,240138.0,38.0
473,4002.0,32.0,0.9674182696020581,242188.0,38.0
474,4063.0,44.0,0.9627371619938906,240141.0,38.0
475,3668.0,1.0,0.9686247039265489,240142.0,38.0
476,4003.0,32.0,0.9938445868878638,242190.0,38.0
477,3930.0,23.0,0.9846586946446911,242197.0,38.0
478,4186.0,33.0,0.9731367102260597,240151.0,38.0
479,4046.0,24.0,1.0,240154.0,38.0
480,4144.0,12.0,0.9643872189377243,242202.0,38.0
481,3842.0,5.0,1.0,240157.0,38.0
482,3803.0,4.0,1.0,240159.0,38.0
483,4077.0,7.0,1.0,240161.0,38.0
484,3954.0,45.0,0.9701143852923032,240166.0,38.0
485,3606.0,0.0,1.0,240177.0,38.0
486,3670.0,1.0,0.9521417905589928,240178.0,38.0
487,3607.0,0.0,1.0,240179.0,38.0
488,3732.0,37.0,0.9650111653897093,240180.0,38.0
489,3915.0,21.0,1.0,240181.0,38.0
490,3966.0,46.0,0.9645433909457729,240182.0,38.0
491,3876.0,41.0,0.9703456159720019,240183.0,38.0
492,3931.0,23.0,0.9747847920130287,242231.0,38.0
493,3744.0,55.0,0.9638699811355921,242243.0,38.0
494,3924.0,18.0,0.9713184136128905,242246.0,38.0
495,4181.0,35.0,0.9608094803545769,242247.0,38.0
496,4076.0,14.0,0.9845480109046022,240208.0,38.0
497,4094.0,26.0,1.0,240209.0,38.0
498,3922.0,40.0,1.0,242264.0,38.0
499,4234.0,42.0,1.0,240219.0,38.0
500,4164.0,30.0,0.9592000588890939,242272.0,38.0
501,4164.0,49.0,0.9649691655450304,242277.0,38.0
502,3877.0,18.0,0.9848382631778987,240230.0,38.0
503,3853.0,54.0,0.9691301149928696,240240.0,38.0
504,3916.0,21.0,0.9799326561313542,240241.0,38.0
505,3771.0,37.0,0.95582212052073,242291.0,38.0
506,3761.0,56.0,0.9838298713971442,242295.0,38.0
507,3819.0,36.0,1.0,240249.0,38.0
508,3924.0,40.0,1.0,242305.0,38.0
509,3810.0,58.0,0.9847492941332219,242313.0,38.0
510,3879.0,18.0,0.965185196057473,240267.0,38.0
511,4139.0,25.0,0.9736173148781212,240268.0,38.0
512,3910.0,54.0,0.9681670338935747,242320.0,38.0
513,3720.0,1.0,1.0,242321.0,38.0
514,3999.0,27.0,0.9562766913055673,240274.0,38.0
515,4184.0,31.0,1.0,240275.0,38.0
516,3852.0,19.0,0.9669146338388446,242322.0,38.0
517,3933.0,23.0,0.9859078535771368,242323.0,38.0
518,3934.0,23.0,0.9696886532262291,242324.0,38.0
519,3959.0,39.0,0.9554550313991071,242325.0,38.0
520,4165.0,49.0,0.9658452063008166,242337.0,38.0
521,3737.0,37.0,0.9798657487988645,240293.0,38.0
522,4149.0,12.0,1.0,242341.0,38.0
523,4138.0,26.0,0.9505374160747059,242343.0,38.0
524,3886.0,5.0,0.9853861180949686,242344.0,38.0
525,4237.0,42.0,0.9605341123404771,240300.0,38.0
526,4124.0,49.0,1.0,240301.0,38.0
527,4169.0,47.0,0.9628553179081017,242350.0,38.0
528,3822.0,36.0,0.9712933998689779,240310.0,38.0
529,3691.0,2.0,0.9743812506065428,242360.0,38.0
530,4131.0,7.0,0.9717013222222847,242363.0,38.0
531,3858.0,54.0,0.9606874077978951,240317.0,38.0
532,3865.0,57.0,0.9614616030076053,240323.0,38.0
533,3859.0,54.0,0.973830189871348,240324.0,38.0
534,3846.0,20.0,1.0,240325.0,38.0
535,4049.0,24.0,0.9710329912830861,240326.0,38.0
536,4194.0,33.0,0.9706824846849543,240327.0,38.0
537,3739.0,37.0,0.9640211813044346,240328.0,38.0
538,3917.0,21.0,0.969866666406676,240329.0,38.0
539,3709.0,55.0,0.9553587029119196,240330.0,38.0
540,3853.0,3.0,0.9657456852609965,240331.0,38.0
541,3853.0,19.0,1.0,242373.0,38.0
542,4038.0,8.0,0.973409716334168,242376.0,38.0
543,4007.0,32.0,0.9865696154875265,242390.0,38.0
544,4122.0,6.0,0.9739283921699455,242393.0,38.0
545,3825.0,36.0,0.9704158387601999,240349.0,38.0
546,4125.0,49.0,0.9643393320681999,240350.0,38.0
547,3747.0,55.0,0.9687102609903345,242400.0,38.0
548,4172.0,34.0,1.0,242401.0,38.0
549,4110.0,44.0,0.9852617964898819,242406.0,38.0
550,3814.0,4.0,0.9624471610096352,240361.0,38.0
551,4150.0,12.0,0.9632578849381779,242411.0,38.0
552,3923.0,22.0,1.0,242417.0,38.0
553,4008.0,32.0,0.9680361677051642,242421.0,38.0
554,3844.0,5.0,0.9622408728654931,240375.0,38.0
555,3711.0,55.0,0.9613021592514196,240377.0,38.0
556,4238.0,42.0,0.9746700343979685,240380.0,38.0
557,3946.0,51.0,0.9738939203850149,240384.0,38.0
558,4059.0,50.0,0.9514335079445179,242436.0,38.0
559,3608.0,0.0,0.9642176049591104,240389.0,38.0
560,4039.0,8.0,1.0,242439.0,38.0
561,4085.0,7.0,0.9701413813347437,240393.0,38.0
562,4120.0,28.0,0.9731138204844281,240396.0,38.0
563,3959.0,21.0,0.9648312863463331,242446.0,38.0
564,3741.0,37.0,0.958905579563608,240399.0,38.0
565,3893.0,57.0,0.9686801665681855,242449.0,38.0
566,3672.0,1.0,0.9633434352761308,240402.0,38.0
567,4169.0,30.0,0.9583552134188844,242456.0,38.0
568,3695.0,2.0,0.9767066110636847,242460.0,38.0
569,4011.0,32.0,0.9569683892361034,242461.0,38.0
570,4332.0,9.0,1.0,240421.0,38.0
571,4022.0,46.0,0.9582201225893877,242471.0,38.0
572,3937.0,23.0,1.0,242475.0,38.0
573,3673.0,1.0,0.9732398263503391,240431.0,38.0
574,3810.0,38.0,0.9676129006493605,242485.0,38.0
575,4116.0,12.0,1.0,240438.0,38.0
576,4111.0,44.0,1.0,242487.0,38.0
577,4198.0,48.0,0.9740531088070858,242497.0,38.0
578,3999.0,8.0,0.9771006845411553,240450.0,38.0
579,3725.0,1.0,0.984333915731448,242498.0,38.0
580,3926.0,40.0,1.0,242500.0,38.0
581,3902.0,40.0,0.9523112767254568,240460.0,38.0
582,3674.0,1.0,0.9680788407309999,240461.0,38.0
583,3770.0,56.0,0.993033697803653,242511.0,38.0
584,3726.0,1.0,0.9771198075572131,242512.0,38.0
585,4113.0,29.0,1.0,240466.0,38.0
586,3927.0,40.0,0.97171490573591,242517.0,38.0
587,3962.0,52.0,1.0,242518.0,38.0
588,3854.0,19.0,0.9759599832390086,242520.0,38.0
589,3949.0,51.0,0.9591839561282836,240473.0,38.0
590,3962.0,39.0,0.9632787910424216,242523.0,38.0
591,3847.0,5.0,0.9737667197433184,240481.0,38.0
592,3727.0,1.0,0.9673506143701445,242534.0,38.0
593,4114.0,14.0,1.0,242542.0,38.0
594,4052.0,24.0,0.962582035827016,240499.0,38.0
595,4112.0,44.0,0.9580703152096961,242553.0,38.0
596,4189.0,35.0,0.9716045263724458,242556.0,38.0
597,3993.0,51.0,1.0,242559.0,38.0
598,4162.0,34.0,0.9674359358966541,242114.0,38.0
599,3788.0,58.0,0.9726916259857807,240517.0,38.0
600,3815.0,58.0,0.9685526105194785,242565.0,38.0
601,3827.0,4.0,0.9785718912019898,240523.0,38.0
602,4023.0,46.0,0.9575425885694918,242574.0,38.0
603,4084.0,14.0,0.958494897132082,240528.0,38.0
604,3878.0,41.0,1.0,240530.0,38.0
605,3781.0,38.0,0.9603126440036401,240531.0,38.0
606,3828.0,4.0,0.9684178787372371,240532.0,38.0
607,3661.0,2.0,0.9622194148689712,240533.0,38.0
608,3866.0,57.0,0.9569749404698022,240534.0,38.0
609,3722.0,56.0,0.9653611112336714,240535.0,38.0
610,3789.0,58.0,0.9550921301975638,240536.0,38.0
611,3975.0,46.0,1.0,240537.0,38.0
612,3829.0,36.0,0.9611327104505438,240538.0,38.0
613,3879.0,41.0,0.9743740691655195,240539.0,38.0
614,3940.0,23.0,0.9679621215077527,242579.0,38.0
615,3962.0,21.0,0.9637225680674393,242580.0,38.0
616,3750.0,55.0,0.9734199116405711,242582.0,38.0
617,4096.0,26.0,0.9712029148856354,240543.0,38.0
618,3908.0,41.0,0.9652654480923506,242583.0,38.0
619,4125.0,28.0,0.9696904765277917,240545.0,38.0
620,3861.0,54.0,1.0,240546.0,38.0
621,3829.0,4.0,0.9698650346998268,240550.0,38.0
622,4092.0,24.0,1.0,242599.0,38.0
623,3816.0,58.0,1.0,242600.0,38.0
624,4115.0,29.0,0.9691284192480365,240563.0,38.0
625,3916.0,39.0,0.95976300100603,240564.0,38.0
626,4014.0,32.0,1.0,242612.0,38.0
627,3963.0,21.0,0.9729876836075247,242618.0,38.0
628,3751.0,55.0,1.0,242621.0,38.0
629,4356.0,10.0,0.9752050238543369,240575.0,38.0
630,3916.0,23.0,0.9639528886764351,240576.0,38.0
631,3927.0,18.0,1.0,242624.0,38.0
632,3896.0,57.0,1.0,242627.0,38.0
633,3850.0,5.0,0.9872931443963717,240595.0,38.0
634,4054.0,24.0,1.0,240602.0,38.0
635,4311.0,43.0,0.9625106476582311,240604.0,38.0
636,4128.0,28.0,0.9639953691097058,240609.0,38.0
637,3752.0,55.0,0.9624808809573494,242664.0,38.0
638,3880.0,41.0,0.9598477329284619,240617.0,38.0
639,3881.0,41.0,1.0,240619.0,38.0
640,4006.0,45.0,1.0,242668.0,38.0
641,4150.0,35.0,0.9618542787951694,240621.0,38.0
642,3862.0,20.0,0.9622115612971667,242670.0,38.0
643,3702.0,2.0,0.9866875013352083,242674.0,38.0
644,4094.0,24.0,1.0,242675.0,38.0
645,3935.0,22.0,0.9736321446049837,242683.0,38.0
646,4231.0,33.0,0.9931038370180161,242684.0,38.0
647,4232.0,33.0,0.9861234288568393,242685.0,38.0
648,3930.0,40.0,0.9698299730807902,242688.0,38.0
649,4055.0,24.0,0.9667533563403473,240641.0,38.0
650,3929.0,40.0,0.9597199149815551,242689.0,38.0
651,3995.0,51.0,0.9517136304662984,242693.0,38.0
652,4127.0,6.0,0.959905381013143,242697.0,38.0
653,3910.0,41.0,1.0,242701.0,38.0
654,3911.0,41.0,0.9663210177665175,242703.0,38.0
655,3609.0,0.0,0.969394113768145,240662.0,38.0
656,3836.0,4.0,0.9750268332680077,240665.0,38.0
657,3819.0,58.0,0.9798308748302111,242721.0,38.0
658,3820.0,58.0,0.9702082505273341,242724.0,38.0
659,3773.0,56.0,0.9754319141228007,242731.0,38.0
660,4248.0,42.0,0.9854573691066554,240684.0,38.0
661,4004.0,27.0,0.9688568387556733,240685.0,38.0
662,4152.0,35.0,0.9761614361297567,240698.0,38.0
663,3887.0,3.0,0.9586072555620513,242747.0,38.0
664,3893.0,18.0,0.9706436361413057,240703.0,38.0
665,4056.0,24.0,0.97109734160245,240706.0,38.0
666,4008.0,45.0,0.9702674830408756,242754.0,38.0
667,3774.0,56.0,1.0,242757.0,38.0
668,3914.0,54.0,0.9776477287434335,242758.0,38.0
669,3867.0,57.0,0.987939140097296,240714.0,38.0
670,3872.0,36.0,0.9646436193673747,242764.0,38.0
671,4132.0,28.0,0.9512267638502905,240717.0,38.0
672,4156.0,25.0,0.9671606455269098,242765.0,38.0
673,4314.0,43.0,1.0,240724.0,38.0
674,3718.0,55.0,0.9655048526508783,240725.0,38.0
675,3937.0,22.0,0.9749396693300127,242773.0,38.0
676,3837.0,4.0,1.0,240735.0,38.0
677,4195.0,31.0,0.9749714736059459,240736.0,38.0
678,4048.0,27.0,0.959577703689525,242784.0,38.0
679,4140.0,25.0,0.9910976946515003,240738.0,38.0
680,4086.0,14.0,0.9564296181697416,240744.0,38.0
681,4178.0,30.0,0.9784044424931644,242793.0,38.0
682,4126.0,14.0,0.9758797858627745,242803.0,38.0
683,4099.0,6.0,0.9853840660683584,240756.0,38.0
684,4120.0,29.0,0.958896729350305,240768.0,38.0
685,4157.0,12.0,0.9700269254068774,242817.0,38.0
686,3997.0,51.0,0.9673165489384147,242827.0,38.0
687,3998.0,51.0,0.9514152118491253,242838.0,38.0
688,3840.0,4.0,0.9602849747381758,240794.0,38.0
689,4159.0,12.0,0.9650052786177221,242842.0,38.0
690,4069.0,50.0,0.9588813474183059,242843.0,38.0
691,4147.0,26.0,0.9700797990690143,242844.0,38.0
692,3829.0,19.0,0.9638836670812649,240808.0,38.0
693,4141.0,34.0,0.9648319736291852,240809.0,38.0
694,3725.0,56.0,1.0,240810.0,38.0
695,3959.0,53.0,0.958157548806176,240811.0,38.0
696,3890.0,22.0,0.9653507956303801,240812.0,38.0
697,3856.0,3.0,0.9942363298306646,240813.0,38.0
698,3837.0,36.0,0.9571650061358167,240814.0,38.0
699,3828.0,19.0,0.9524920241440814,240815.0,38.0
700,4127.0,12.0,1.0,240816.0,38.0
701,4020.0,32.0,1.0,242856.0,38.0
702,3897.0,18.0,1.0,240835.0,38.0
703,3838.0,36.0,0.9644502636330584,240837.0,38.0
704,3891.0,3.0,0.9702707442201502,242897.0,38.0
705,3915.0,41.0,1.0,242900.0,38.0
706,3992.0,46.0,0.981359799147817,240854.0,38.0
707,3639.0,0.0,0.9743881881788534,242903.0,38.0
708,3993.0,46.0,0.9697996609433285,240870.0,38.0
709,3940.0,40.0,0.9676053014919112,242918.0,38.0
710,4025.0,13.0,0.9577963648120175,240874.0,38.0
711,4127.0,14.0,1.0,242924.0,38.0
712,4178.0,47.0,1.0,242925.0,38.0
713,3817.0,38.0,1.0,242930.0,38.0
714,4012.0,45.0,0.9682849658632231,242934.0,38.0
715,4234.0,33.0,0.9721816641836052,242939.0,38.0
716,3927.0,39.0,0.9681090220064429,240893.0,38.0
717,3840.0,36.0,0.9529993043520885,240897.0,38.0
718,4028.0,46.0,0.9695734928633494,242945.0,38.0
719,3896.0,5.0,0.9683729029026108,242947.0,38.0
720,4205.0,48.0,1.0,242958.0,38.0
721,4088.0,14.0,0.9528956271216652,240918.0,38.0
722,4187.0,30.0,1.0,242966.0,38.0
723,3641.0,0.0,1.0,242972.0,38.0
724,4097.0,7.0,0.9748442506239068,240925.0,38.0
725,4138.0,28.0,1.0,240928.0,38.0
726,3842.0,4.0,0.9778125190789774,240929.0,38.0
727,3868.0,54.0,0.9721882954311672,240933.0,38.0
728,3930.0,18.0,0.9740498050745553,242987.0,38.0
729,3928.0,52.0,0.968560120800951,240942.0,38.0
730,4074.0,50.0,0.9558727427916197,242992.0,38.0
731,3944.0,22.0,0.9683483212842816,242993.0,38.0
732,4140.0,28.0,1.0,240946.0,38.0
733,3949.0,23.0,0.9585571721132194,242994.0,38.0
734,3942.0,40.0,0.9567743811830689,242995.0,38.0
735,3943.0,40.0,0.9737632896085966,242996.0,38.0
736,3867.0,20.0,0.9559489151039522,242997.0,38.0
737,3867.0,19.0,0.9556386133769512,242999.0,38.0
738,4063.0,24.0,0.968450884725075,240952.0,38.0
739,4198.0,31.0,1.0,240955.0,38.0
740,4075.0,50.0,0.9661026135492549,243003.0,38.0
741,3752.0,37.0,0.961812070762944,240964.0,38.0
742,3970.0,21.0,0.9697532421091088,243012.0,38.0
743,4157.0,29.0,0.9709867672846215,243016.0,38.0
744,3969.0,45.0,0.9575174889054998,240973.0,38.0
745,3926.0,21.0,0.9721156314081802,240976.0,38.0
746,3820.0,38.0,0.9706713414230143,243026.0,38.0
747,3823.0,38.0,0.9654196505126778,243036.0,38.0
748,3729.0,1.0,0.9700161560197246,243042.0,38.0
749,3869.0,54.0,0.9865342947078615,241002.0,38.0
750,4152.0,12.0,0.9603167016086885,242541.0,38.0
751,3890.0,5.0,0.9896363803521484,242545.0,38.0
752,4015.0,45.0,0.9699418761544752,243067.0,38.0
753,3915.0,57.0,0.9658858189453557,243068.0,38.0
754,3667.0,0.0,1.0,243589.0,38.0
755,3742.0,55.0,0.9862677228608007,242053.0,38.0
756,3777.0,38.0,0.9603930746610009,240010.0,38.0
757,4091.0,14.0,0.9646284385758177,241040.0,38.0
758,3867.0,18.0,0.9540449380558533,240024.0,38.0
759,3914.0,3.0,0.9812029045541586,243613.0,38.0
760,4387.0,10.0,0.9755113455188487,243103.0,38.0
761,4189.0,31.0,0.9538208463812571,240544.0,38.0
762,4139.0,47.0,0.9537116590793726,240547.0,38.0
763,4049.0,13.0,0.9570723779411712,243108.0,38.0
764,3976.0,23.0,0.9833357787231282,243620.0,38.0
765,4113.0,7.0,0.959422458343846,241574.0,38.0
766,3929.0,22.0,0.9835379001477496,242601.0,38.0
767,3940.0,21.0,0.9744754042075771,241585.0,38.0
768,3721.0,2.0,0.9874656486536838,243637.0,38.0
769,3918.0,39.0,0.9769899273553665,240568.0,38.0
770,3796.0,4.0,1.0,240057.0,38.0
771,3973.0,52.0,0.9852962953181571,243647.0,38.0
772,4155.0,26.0,0.9637684735228343,243139.0,38.0
773,4004.0,51.0,0.9640779441734288,243651.0,38.0
774,4127.0,7.0,0.9836941639092661,242118.0,38.0
775,3999.0,53.0,1.0,243150.0,38.0
776,4043.0,8.0,0.9686619522057879,242639.0,38.0
777,4030.0,46.0,0.9891789003439385,243155.0,38.0
778,3975.0,21.0,0.9779023920086946,243157.0,38.0
779,3893.0,20.0,1.0,243677.0,38.0
780,3798.0,37.0,0.9571201125778444,243679.0,38.0
781,3981.0,23.0,0.9774219851756588,243680.0,38.0
782,3966.0,53.0,0.9602290219625877,241123.0,38.0
783,3933.0,22.0,0.9850843671214929,242661.0,38.0
784,4173.0,48.0,0.985257198319467,241128.0,38.0
785,3961.0,45.0,0.9896054129997673,240622.0,38.0
786,4172.0,29.0,0.9700874725014622,243701.0,38.0
787,3904.0,40.0,0.9843926552999755,240636.0,38.0
788,4024.0,46.0,0.9834491784290045,242686.0,38.0
789,3965.0,21.0,0.9840168954983886,242687.0,38.0
790,4178.0,34.0,1.0,242690.0,38.0
791,4164.0,29.0,0.9805027560000976,243204.0,38.0
792,3782.0,56.0,0.9721681425579355,243216.0,38.0
793,4103.0,24.0,0.9758921181740088,243220.0,38.0
794,4354.0,10.0,0.9551399550759754,240148.0,38.0
795,3834.0,36.0,0.966794069328351,240664.0,38.0
796,3686.0,2.0,0.9681883826012634,242209.0,38.0
797,3791.0,58.0,0.9616165206328547,240688.0,38.0
798,4037.0,50.0,0.9721819081901311,240190.0,38.0
799,3968.0,52.0,1.0,243263.0,38.0
800,4100.0,50.0,0.9645654563434,243779.0,38.0
801,4278.0,42.0,0.9840066593668144,243269.0,38.0
802,4348.0,43.0,0.9661918241596614,243271.0,38.0
803,4023.0,32.0,0.9693848617108971,243272.0,38.0
804,4245.0,31.0,0.9737070955044573,243783.0,38.0
805,4109.0,44.0,0.9959974283658443,242253.0,38.0
806,3876.0,18.0,0.9760568008362749,240212.0,38.0
807,4083.0,50.0,1.0,243289.0,38.0
808,3891.0,19.0,0.974622839493313,243802.0,38.0
809,3727.0,55.0,0.9690078872984437,241257.0,38.0
810,3908.0,5.0,0.9678629683783885,243818.0,38.0
811,3864.0,57.0,0.9650389091664798,240242.0,38.0
812,3958.0,39.0,0.9900732807091228,242290.0,38.0
813,3978.0,52.0,0.9796190941484518,243830.0,38.0
814,3879.0,19.0,0.9861369140822487,243322.0,38.0
815,4041.0,27.0,1.0,242303.0,38.0
816,4121.0,49.0,0.9646965131345109,240265.0,38.0
817,3855.0,54.0,1.0,240277.0,38.0
818,4143.0,6.0,0.9828238465056933,243352.0,38.0
819,4197.0,25.0,0.9749465020715254,243865.0,38.0
820,4306.0,43.0,0.9623778407100079,240282.0,38.0
821,4196.0,34.0,0.9663595625069745,243869.0,38.0
822,3881.0,3.0,0.9751298894162931,242334.0,38.0
823,4160.0,30.0,0.9603228620985498,241834.0,38.0
824,3906.0,20.0,0.9707008817860656,243887.0,38.0
825,4113.0,24.0,0.9944111672507773,243889.0,38.0
826,3710.0,1.0,0.9618257047209398,241844.0,38.0
827,4087.0,13.0,1.0,243893.0,38.0
828,4006.0,32.0,0.9846420326892439,242357.0,38.0
829,4030.0,32.0,0.9812991768299704,243895.0,38.0
830,4222.0,48.0,0.97865192097657,243902.0,38.0
831,4246.0,31.0,0.9710745112104943,243903.0,38.0
832,4021.0,45.0,0.9708477835950295,243904.0,38.0
833,3930.0,41.0,0.9874741663830595,243392.0,38.0
834,3980.0,52.0,1.0,243905.0,38.0
835,4088.0,13.0,0.9635867613770368,243907.0,38.0
836,4103.0,26.0,0.9649508498193652,240830.0,38.0
837,4089.0,13.0,0.9602092853513627,243909.0,38.0
838,4161.0,6.0,1.0,243910.0,38.0
839,4160.0,26.0,0.9703776552877111,243914.0,38.0
840,4091.0,13.0,0.9649617019262821,243920.0,38.0
841,4223.0,48.0,0.9858239908508674,243922.0,38.0
842,4022.0,45.0,1.0,243923.0,38.0
843,3913.0,20.0,0.9745597454209262,243926.0,38.0
844,3894.0,19.0,0.9584068701863382,243928.0,38.0
845,3914.0,20.0,0.9617706135613571,243930.0,38.0
846,3892.0,41.0,0.98473122512903,241882.0,38.0
847,4006.0,51.0,0.9683907933644968,243932.0,38.0
848,3915.0,20.0,0.9812602485657697,243935.0,38.0
849,3790.0,38.0,0.9735733387924049,241379.0,38.0
850,3966.0,40.0,1.0,243940.0,38.0
851,4204.0,25.0,1.0,243942.0,38.0
852,4215.0,30.0,1.0,243943.0,38.0
853,4205.0,25.0,0.9694294748999871,243945.0,38.0
854,4065.0,8.0,1.0,243948.0,38.0
855,4247.0,31.0,0.9635041026004975,243952.0,38.0
856,3846.0,54.0,0.9785030405630452,239863.0,38.0
857,4177.0,35.0,0.9682700536370371,241911.0,38.0
858,3824.0,58.0,0.9845881433549677,242936.0,38.0
859,4053.0,44.0,0.9701515236215185,239873.0,38.0
860,4322.0,9.0,0.9743862716206579,239877.0,38.0
861,3683.0,1.0,0.9772381166430685,240905.0,38.0
862,4161.0,49.0,0.987691204023452,241935.0,38.0
863,3925.0,40.0,0.9904226696491135,242448.0,38.0
864,4164.0,28.0,0.9507234757798619,241941.0,38.0
865,4049.0,8.0,0.9885631262729397,242968.0,38.0
866,2438.0,59.0,1.0,239898.0,38.0
867,4207.0,30.0,0.9766138749370363,243484.0,38.0
868,3626.0,0.0,0.9816864037715431,242468.0,38.0
869,4128.0,14.0,0.9704433678194821,242985.0,38.0
870,4235.0,33.0,0.9815921501423257,242989.0,38.0
871,3781.0,37.0,0.9799457322433579,242998.0,38.0
872,4151.0,28.0,0.982634214640717,241463.0,38.0
873,3786.0,4.0,0.9752981483627469,239934.0,38.0
874,3828.0,36.0,0.9733038781907839,240446.0,38.0
875,4187.0,35.0,0.9665191786204294,242495.0,38.0
876,2453.0,59.0,0.9718089484013672,239938.0,38.0
877,4055.0,27.0,0.9623975438955585,243014.0,38.0
878,4150.0,30.0,0.9780032501506261,240457.0,38.0
879,4448.0,11.0,0.9625741975840849,239946.0,38.0
880,3778.0,56.0,0.9712010560942232,243017.0,38.0
881,3948.0,51.0,0.9873214314823856,240463.0,38.0
882,4154.0,47.0,0.9527517791131513,241498.0,38.0
883,3962.0,51.0,0.9676233551915568,241004.0,38.0
884,3782.0,37.0,0.9747353617936491,243052.0,38.0
885,4013.0,45.0,0.9642971542355525,243063.0,38.0
886,3931.0,39.0,0.9882363493242831,241017.0,38.0
887,4160.0,35.0,0.9632225265866817,241018.0,38.0
888,3963.0,51.0,0.9578486068069915,241023.0,38.0
889,3947.0,22.0,0.9665164715950942,243079.0,38.0
890,3872.0,57.0,1.0,241034.0,38.0
891,4007.0,8.0,0.9774381949530984,241037.0,38.0
892,4152.0,26.0,1.0,243092.0,38.0
893,3973.0,21.0,0.9619895358106972,243095.0,38.0
894,3873.0,20.0,1.0,243096.0,38.0
895,4215.0,33.0,1.0,241049.0,38.0
896,4153.0,26.0,0.9610989846520662,243105.0,38.0
897,4453.0,11.0,0.9662917663845346,241059.0,38.0
898,4158.0,29.0,0.9635901143198402,243109.0,38.0
899,4079.0,50.0,0.9569713472225375,243115.0,38.0
900,3825.0,38.0,1.0,243125.0,38.0
901,4162.0,25.0,1.0,243127.0,38.0
902,4490.0,11.0,1.0,243130.0,38.0
903,3998.0,53.0,0.96105024412542,243131.0,38.0
904,4217.0,33.0,0.9564060544468379,241089.0,38.0
905,4172.0,48.0,0.9743005609338459,241091.0,38.0
906,4202.0,31.0,0.9668932807167029,241094.0,38.0
907,3731.0,56.0,0.9656445460772872,241095.0,38.0
908,4757.0,15.0,1.0,243148.0,38.0
909,3874.0,19.0,0.9639559608773219,243153.0,38.0
910,4166.0,25.0,0.9672412593640576,243164.0,38.0
911,3975.0,32.0,0.9806202085030318,241118.0,38.0
912,3953.0,23.0,0.9607123320397813,243171.0,38.0
913,3875.0,20.0,0.9517557350228131,243173.0,38.0
914,3788.0,37.0,0.9706741946505099,243180.0,38.0
915,4143.0,34.0,0.9638911318662912,241135.0,38.0
916,3918.0,57.0,0.9694888916712381,243190.0,38.0
917,3612.0,0.0,0.9798274035036175,241151.0,38.0
918,4183.0,47.0,1.0,243206.0,38.0
919,4068.0,24.0,0.9582061157899782,241159.0,38.0
920,4081.0,50.0,0.9686208616941842,243209.0,38.0
921,3920.0,23.0,0.9786183948961273,241163.0,38.0
922,4002.0,51.0,0.9618281686359099,243229.0,38.0
923,3690.0,1.0,0.9851997260518426,241187.0,38.0
924,3848.0,36.0,0.9648970942835143,241188.0,38.0
925,3848.0,20.0,1.0,241189.0,38.0
926,4389.0,10.0,0.9828082757994978,243235.0,38.0
927,3911.0,40.0,0.9645856676362572,241195.0,38.0
928,4142.0,28.0,1.0,241196.0,38.0
929,3691.0,1.0,0.9835158677754469,241197.0,38.0
930,3858.0,3.0,0.969192635476069,241198.0,38.0
931,3613.0,0.0,0.9531565608436998,241201.0,38.0
932,4054.0,8.0,0.9628506487697478,243250.0,38.0
933,3956.0,23.0,0.9833801508113023,243256.0,38.0
934,3836.0,19.0,0.9835201518888441,241210.0,38.0
935,3913.0,40.0,0.9622777879294071,241211.0,38.0
936,3966.0,52.0,0.9838545743612888,243258.0,38.0
937,3967.0,52.0,0.9865654571377184,243261.0,38.0
938,3789.0,37.0,0.966131091612772,243264.0,38.0
939,4257.0,42.0,0.9661967873530213,241217.0,38.0
940,3928.0,41.0,1.0,243265.0,38.0
941,4009.0,27.0,0.9732025831375624,241222.0,38.0
942,3914.0,40.0,0.9524880178259366,241225.0,38.0
943,3862.0,5.0,0.9687671028792245,241226.0,38.0
944,3726.0,55.0,0.9654502394668137,241227.0,38.0
945,3860.0,3.0,1.0,241228.0,38.0
946,3790.0,37.0,1.0,243274.0,38.0
947,3969.0,53.0,0.9650995658109504,241232.0,38.0
948,4000.0,53.0,0.9699055960574362,243282.0,38.0
949,3978.0,45.0,0.9656745196412365,241240.0,38.0
950,3921.0,57.0,0.9908058135502755,243290.0,38.0
951,4039.0,50.0,0.9922648983131227,241243.0,38.0
952,3933.0,21.0,0.9640075769494004,241244.0,38.0
953,4153.0,30.0,0.9690389347868839,241245.0,38.0
954,3982.0,32.0,1.0,241248.0,38.0
955,4084.0,50.0,0.9691336025618108,243298.0,38.0
956,4041.0,50.0,0.9685055700364448,241254.0,38.0
957,4085.0,50.0,0.9660981935287276,243304.0,38.0
958,3959.0,23.0,0.9841471291840947,243306.0,38.0
959,4175.0,48.0,1.0,241259.0,38.0
960,3732.0,1.0,0.9647562073163497,243307.0,38.0
961,4091.0,44.0,1.0,241263.0,38.0
962,3832.0,58.0,0.9845208888658246,243315.0,38.0
963,4144.0,28.0,0.9749770092286634,241271.0,38.0
964,4147.0,34.0,1.0,241274.0,38.0
965,3834.0,58.0,0.9859231472380668,243323.0,38.0
966,3654.0,0.0,0.9756047250765394,243327.0,38.0
967,4198.0,30.0,0.9712464778971022,243331.0,38.0
968,4132.0,12.0,1.0,241285.0,38.0
969,4207.0,31.0,0.9711146748085606,241287.0,38.0
970,4133.0,12.0,0.9592571180481223,241294.0,38.0
971,4165.0,35.0,0.9728043576367277,241296.0,38.0
972,3656.0,0.0,0.9762454331263248,243347.0,38.0
973,4353.0,9.0,0.976225244985963,241304.0,38.0
974,3969.0,52.0,0.9593085980300593,243357.0,38.0
975,4062.0,13.0,1.0,243366.0,38.0
976,4060.0,27.0,0.9648440766380115,243367.0,38.0
977,4146.0,28.0,1.0,241321.0,38.0
978,4105.0,7.0,1.0,241322.0,38.0
979,4493.0,11.0,0.9670229821401499,243374.0,38.0
980,3938.0,39.0,1.0,241331.0,38.0
981,3695.0,1.0,0.973582358997821,241335.0,38.0
982,4011.0,27.0,0.9665342001412535,241336.0,38.0
983,3836.0,58.0,1.0,243384.0,38.0
984,3883.0,54.0,0.9710471469495032,241344.0,38.0
985,4177.0,48.0,0.9655386695637206,241347.0,38.0
986,4212.0,48.0,0.9698256265842186,243396.0,38.0
987,3863.0,3.0,1.0,241350.0,38.0
988,3900.0,5.0,0.9883616342164813,243399.0,38.0
989,4007.0,46.0,1.0,241352.0,38.0
990,4016.0,45.0,0.9596178573503263,243401.0,38.0
991,4094.0,14.0,0.9658339058712818,241354.0,38.0
992,3837.0,58.0,0.9674114843321002,243403.0,38.0
993,4063.0,27.0,0.9731238415371698,243415.0,38.0
994,4166.0,35.0,1.0,241370.0,38.0
995,3911.0,18.0,0.956254078212323,241384.0,38.0
996,3915.0,40.0,0.966238130455169,241393.0,38.0
997,3698.0,1.0,0.9819130807581822,241394.0,38.0
998,3864.0,3.0,0.9639418175592097,241396.0,38.0
999,3854.0,36.0,0.9920081559302681,241397.0,38.0
1000,3855.0,36.0,0.967828832706353,241400.0,38.0
1001,4189.0,47.0,0.9734526716293858,243448.0,38.0
1002,3883.0,20.0,1.0,243453.0,38.0
1003,4149.0,28.0,0.9840833023248604,241410.0,38.0
1004,3718.0,2.0,0.9624439056183425,243458.0,38.0
1005,3881.0,19.0,1.0,243463.0,38.0
1006,4173.0,25.0,0.9577994391479889,243468.0,38.0
1007,4096.0,44.0,1.0,241430.0,38.0
1008,4190.0,34.0,1.0,243481.0,38.0
1009,3867.0,5.0,0.9641623062857657,241438.0,38.0
1010,4356.0,9.0,1.0,241441.0,38.0
1011,4027.0,32.0,0.9656384324395165,243494.0,38.0
1012,4006.0,53.0,0.9723298586690637,243496.0,38.0
1013,4460.0,11.0,0.9511414377224048,241453.0,38.0
1014,3980.0,21.0,0.9659476953296608,243506.0,38.0
1015,4145.0,6.0,0.9684672474953242,243509.0,38.0
1016,4015.0,27.0,0.9650527448637005,241466.0,38.0
1017,4110.0,24.0,0.9716114170489872,243515.0,38.0
1018,3675.0,2.0,0.9794316586977794,241468.0,38.0
1019,4098.0,44.0,1.0,241469.0,38.0
1020,4169.0,35.0,0.9519984329750913,241473.0,38.0
1021,3858.0,36.0,0.9559985753068637,241483.0,38.0
1022,3883.0,19.0,0.9508879100842353,243536.0,38.0
1023,4150.0,34.0,0.9597442455427249,241490.0,38.0
1024,3760.0,37.0,0.9823282822513216,241491.0,38.0
1025,3983.0,45.0,0.9566596946014929,241492.0,38.0
1026,4065.0,27.0,0.9542870677616074,243542.0,38.0
1027,4175.0,25.0,0.9532363081153647,243546.0,38.0
1028,3923.0,23.0,0.9704606314400752,241507.0,38.0
1029,4179.0,48.0,0.9674089225472978,241508.0,38.0
1030,3614.0,0.0,0.966368083905409,241510.0,38.0
1031,3742.0,56.0,0.9770417849082351,241513.0,38.0
1032,4019.0,45.0,0.963313644788294,243563.0,38.0
1033,3888.0,20.0,0.9700933782246985,243570.0,38.0
1034,3887.0,54.0,1.0,241524.0,38.0
1035,3884.0,19.0,1.0,243572.0,38.0
1036,4069.0,13.0,0.9663068203936663,243575.0,38.0
1037,3972.0,52.0,0.9701896709008849,243581.0,38.0
1038,3889.0,20.0,1.0,243583.0,38.0
1039,3872.0,5.0,1.0,241536.0,38.0
1040,4155.0,49.0,1.0,241566.0,38.0
1041,3915.0,3.0,1.0,243614.0,38.0
1042,3975.0,23.0,0.981094592658134,243615.0,38.0
1043,4219.0,48.0,0.953640542466483,243619.0,38.0
1044,3797.0,58.0,0.9745851564059221,241573.0,38.0
1045,4181.0,28.0,0.9699471382118762,243622.0,38.0
1046,4496.0,11.0,0.9594864339933643,243624.0,38.0
1047,4399.0,10.0,1.0,243626.0,38.0
1048,4028.0,13.0,0.9650513503092599,241582.0,38.0
1049,4072.0,13.0,1.0,243631.0,38.0
1050,4111.0,24.0,0.9653341024236292,243632.0,38.0
1051,3906.0,22.0,0.9754519544105108,241588.0,38.0
1052,4012.0,46.0,1.0,241590.0,38.0
1053,3878.0,57.0,0.9655155627682946,241600.0,38.0
1054,3734.0,55.0,0.9641915970851641,241608.0,38.0
1055,3892.0,20.0,0.9637181651106321,243662.0,38.0
1056,3875.0,5.0,0.9580308753932597,241625.0,38.0
1057,3939.0,41.0,0.959115257767251,243674.0,38.0
1058,3892.0,54.0,1.0,241641.0,38.0
1059,4211.0,30.0,0.983885001919017,243691.0,38.0
1060,4156.0,47.0,0.9826019811986219,241644.0,38.0
1061,3800.0,37.0,0.9750978466079765,243693.0,38.0
1062,4223.0,33.0,1.0,241646.0,38.0
1063,3762.0,37.0,0.9841267944395042,241648.0,38.0
1064,4117.0,7.0,0.9541145066169359,241651.0,38.0
1065,4156.0,28.0,1.0,241657.0,38.0
1066,4216.0,31.0,0.9686472899747895,241658.0,38.0
1067,3890.0,41.0,1.0,241668.0,38.0
1068,4139.0,12.0,0.967683690187238,241675.0,38.0
1069,4140.0,12.0,0.9751961668120435,241681.0,38.0
1070,3869.0,3.0,0.9680074384179287,241683.0,38.0
1071,3748.0,56.0,0.9624472572229205,241685.0,38.0
1072,3975.0,52.0,0.9618476887867208,243734.0,38.0
1073,4159.0,28.0,0.9586422144713775,241687.0,38.0
1074,3914.0,18.0,0.9506683506330084,241689.0,38.0
1075,3617.0,0.0,0.9689134130189554,241694.0,38.0
1076,3708.0,1.0,0.9686689211164934,241696.0,38.0
1077,3919.0,40.0,0.9627037324076265,241697.0,38.0
1078,4080.0,24.0,0.959175636723906,241698.0,38.0
1079,4046.0,50.0,1.0,241699.0,38.0
1080,4220.0,48.0,1.0,243753.0,38.0
1081,3839.0,38.0,0.9583387531661874,243757.0,38.0
1082,3793.0,38.0,0.957962437014905,241711.0,38.0
1083,4063.0,8.0,0.956382220553984,243761.0,38.0
1084,4183.0,48.0,1.0,241720.0,38.0
1085,4047.0,50.0,0.9653169724615296,241722.0,38.0
1086,4360.0,9.0,0.9632670631325051,241723.0,38.0
1087,3889.0,19.0,0.9785253123871284,243771.0,38.0
1088,4118.0,7.0,0.9719540837166744,241725.0,38.0
1089,4217.0,31.0,0.9594808066465914,241729.0,38.0
1090,3976.0,52.0,0.9585555354297437,243777.0,38.0
1091,3877.0,5.0,0.9590123831057717,241742.0,38.0
1092,3862.0,36.0,0.9535616969881665,241754.0,38.0
1093,3898.0,20.0,0.9656476777273234,243813.0,38.0
1094,4084.0,13.0,0.9682260015981691,243816.0,38.0
1095,3949.0,39.0,0.9696635385370733,241777.0,38.0
1096,4195.0,34.0,0.957342060779053,243835.0,38.0
1097,4157.0,49.0,0.9568298366017778,241789.0,38.0
1098,4159.0,47.0,0.9714758041323812,241795.0,38.0
1099,4112.0,24.0,0.9779869136874181,243843.0,38.0
1100,4160.0,47.0,1.0,241815.0,38.0
1101,4029.0,13.0,0.9699714309335803,241817.0,38.0
1102,4328.0,43.0,0.9536262831261706,241818.0,38.0
1103,3875.0,3.0,0.9615500027206104,241821.0,38.0
1104,3749.0,56.0,0.9734262588649939,241822.0,38.0
1105,3709.0,1.0,0.9793754207109503,241827.0,38.0
1106,4111.0,6.0,1.0,241835.0,38.0
1107,4738.0,15.0,1.0,241842.0,38.0
1108,4502.0,11.0,1.0,243892.0,38.0
1109,3800.0,38.0,0.9592743432137454,241846.0,38.0
1110,4105.0,50.0,0.9663480228616508,243897.0,38.0
1111,3879.0,5.0,1.0,241853.0,38.0
1112,3984.0,53.0,1.0,241855.0,38.0
1113,4104.0,44.0,1.0,241856.0,38.0
1114,3898.0,54.0,0.9552069336939438,241858.0,38.0
1115,4101.0,14.0,0.9567093628716962,241863.0,38.0
1116,3992.0,32.0,0.9624457565049717,241866.0,38.0
1117,4105.0,44.0,0.9707413699379939,241874.0,38.0
1118,3949.0,21.0,0.9510144733562323,241889.0,38.0
1119,4365.0,10.0,0.9723374153993913,241892.0,38.0
1120,3852.0,20.0,1.0,241902.0,38.0
1121,4935.0,17.0,1.0,239859.0,38.0
1122,2427.0,59.0,0.9669935544814247,239861.0,38.0
1123,4094.0,13.0,0.9716568187882535,243959.0,38.0
1124,4224.0,48.0,0.9751647414722412,243960.0,38.0
1125,4190.0,47.0,0.9676072333336333,243961.0,38.0
1126,4287.0,42.0,1.0,243962.0,38.0
1127,2433.0,59.0,0.9731956565059486,239875.0,38.0
1128,3894.0,41.0,1.0,241936.0,38.0
1129,4364.0,9.0,0.9691934862838769,241938.0,38.0
1130,4323.0,9.0,0.9526500877358601,239892.0,38.0
1131,2436.0,59.0,0.9865290861040704,239894.0,38.0
1132,4142.0,12.0,0.9730257107424662,241946.0,38.0
1133,4164.0,47.0,1.0,241948.0,38.0
1134,2442.0,59.0,0.9666763628771655,239905.0,38.0
1135,3901.0,54.0,0.9651950195481747,241953.0,38.0
1136,4017.0,46.0,0.9744832481169812,241954.0,38.0
1137,2443.0,59.0,0.9546327896899527,239912.0,38.0
1138,3950.0,52.0,0.9799175641242026,241960.0,38.0
1139,4131.0,34.0,0.9606163187802483,239916.0,38.0
1140,4296.0,43.0,0.9572901728636356,239923.0,38.0
1141,4177.0,33.0,0.9609571571250827,239924.0,38.0
1142,2451.0,59.0,0.9746856572299366,239932.0,38.0
1143,4160.0,34.0,0.9528502283369367,241982.0,38.0
1144,4324.0,9.0,1.0,239935.0,38.0
1145,4178.0,33.0,0.9631637249859657,239937.0,38.0
1146,2454.0,59.0,0.9707987740786493,239939.0,38.0
1147,3982.0,51.0,0.9638710928906078,241991.0,38.0
1148,3990.0,53.0,0.9677209408947723,241996.0,38.0
1149,3884.0,57.0,0.9666805575246707,241997.0,38.0
1150,4092.0,26.0,1.0,239953.0,38.0
1151,4124.0,7.0,1.0,242009.0,38.0
1152,4846.0,16.0,0.9536756044255512,239962.0,38.0
1153,4221.0,31.0,0.9755360196588765,242010.0,38.0
1154,4070.0,14.0,0.9851527403703824,239964.0,38.0
1155,4224.0,42.0,1.0,239965.0,38.0
1156,3991.0,53.0,0.9729985074997833,242012.0,38.0
1157,4130.0,26.0,0.9586284912860406,242015.0,38.0
1158,3753.0,56.0,1.0,242018.0,38.0
1159,4941.0,17.0,0.9535932591901425,239971.0,38.0
1160,4330.0,43.0,1.0,242023.0,38.0
1161,4725.0,15.0,1.0,239980.0,38.0
1162,4161.0,34.0,0.9659352249571507,242036.0,38.0
1163,3806.0,58.0,0.9609523185285838,242039.0,38.0
1164,4107.0,44.0,0.9634802678113694,242043.0,38.0
1165,3682.0,2.0,0.9711325487099809,242046.0,38.0
1166,3952.0,21.0,0.9547843455348912,242051.0,38.0
1167,3847.0,19.0,0.9515951734278066,242055.0,38.0
1168,4056.0,44.0,1.0,240009.0,38.0
1169,2464.0,59.0,0.9796528124668317,240015.0,38.0
1170,4000.0,32.0,0.9676215833943572,242065.0,38.0
1171,3945.0,53.0,0.9515512924699246,240021.0,38.0
1172,4165.0,28.0,0.9529054087572439,242073.0,38.0
1173,4162.0,30.0,0.9928244439100824,242074.0,38.0
1174,3754.0,56.0,0.9777540913714502,242078.0,38.0
1175,3790.0,4.0,1.0,240032.0,38.0
1176,4166.0,47.0,1.0,242084.0,38.0
1177,4144.0,29.0,1.0,242086.0,38.0
1178,3904.0,54.0,1.0,242088.0,38.0
1179,3868.0,18.0,1.0,240041.0,38.0
1180,3922.0,18.0,1.0,242089.0,38.0
1181,4035.0,13.0,1.0,242090.0,38.0
1182,4188.0,48.0,0.9669107567347329,242092.0,38.0
1183,4227.0,42.0,0.9754400519272898,240047.0,38.0
1184,4228.0,42.0,0.9686585815897776,240052.0,38.0
1185,3795.0,4.0,0.9526441221060132,240055.0,38.0
1186,4107.0,14.0,0.9738832593784393,242104.0,38.0
1187,4018.0,46.0,0.9537762655872242,242105.0,38.0
1188,3928.0,23.0,1.0,242106.0,38.0
1189,4299.0,43.0,1.0,240059.0,38.0
1190,4300.0,43.0,0.9585683043336077,240060.0,38.0
1191,4229.0,42.0,0.9694327478572199,240061.0,38.0
1192,4369.0,10.0,0.9657606626586075,242112.0,38.0
1193,4035.0,27.0,1.0,242115.0,38.0
1194,3985.0,51.0,0.9664676113968685,242117.0,38.0
1195,4230.0,42.0,0.9642425597427654,240080.0,38.0
1196,3813.0,36.0,0.9931312966733188,240082.0,38.0
1197,4726.0,15.0,0.9622618525921128,240083.0,38.0
1198,4087.0,24.0,1.0,242132.0,38.0
1199,4231.0,42.0,0.96145823940483,240085.0,38.0
1200,3915.0,22.0,0.9606829371690901,242135.0,38.0
1201,4951.0,17.0,1.0,240092.0,38.0
1202,4743.0,15.0,0.9649409111619438,242141.0,38.0
1203,3807.0,38.0,0.9592075973498926,242147.0,38.0
1204,3997.0,8.0,0.9701257516219975,240101.0,38.0
1205,4115.0,6.0,0.9659047097591896,242150.0,38.0
1206,4110.0,49.0,0.9689392696170027,240109.0,38.0
1207,4111.0,49.0,0.9665529827065802,240113.0,38.0
1208,3623.0,0.0,0.9831059347037058,242162.0,38.0
1209,3998.0,27.0,0.9629239956243769,240116.0,38.0
1210,4146.0,29.0,0.9605190698941574,242168.0,38.0
1211,4353.0,10.0,1.0,240129.0,38.0
1212,4367.0,9.0,1.0,242180.0,38.0
1213,3801.0,4.0,0.9668330237733289,240140.0,38.0
1214,3872.0,18.0,1.0,240143.0,38.0
1215,4029.0,8.0,0.9665009274849911,242191.0,38.0
1216,4030.0,8.0,0.9708037194218517,242192.0,38.0
1217,4113.0,49.0,1.0,240150.0,38.0
1218,4064.0,44.0,1.0,240152.0,38.0
1219,4136.0,35.0,1.0,240153.0,38.0
1220,4228.0,33.0,0.9760718275593004,242200.0,38.0
1221,3684.0,2.0,0.9617188663178607,242201.0,38.0
1222,4148.0,25.0,1.0,242205.0,38.0
1223,4117.0,6.0,0.9556825537373059,242208.0,38.0
1224,3804.0,4.0,0.9838514031651706,240162.0,38.0
1225,3805.0,4.0,1.0,240163.0,38.0
1226,3905.0,54.0,0.96666515035617,242212.0,38.0
1227,4145.0,12.0,0.9654943030258011,242214.0,38.0
1228,4110.0,14.0,1.0,242215.0,38.0
1229,3688.0,2.0,0.9596188015391303,242218.0,38.0
1230,3955.0,52.0,0.9873613619820159,242221.0,38.0
1231,3743.0,55.0,0.960746158193506,242222.0,38.0
1232,4128.0,47.0,0.9823641755256691,240175.0,38.0
1233,3916.0,22.0,0.9586018753549588,242223.0,38.0
1234,3770.0,37.0,0.9745573665713221,242227.0,38.0
1235,3716.0,1.0,0.9851768960540882,242228.0,38.0
1236,4149.0,25.0,0.9581878764152493,242230.0,38.0
1237,3843.0,5.0,0.9897722661901905,240189.0,38.0
1238,3956.0,52.0,0.9732485405150489,242237.0,38.0
1239,4187.0,33.0,0.9640239885765849,240193.0,38.0
1240,3816.0,36.0,0.9524136331250435,240199.0,38.0
1241,3956.0,21.0,1.0,242249.0,38.0
1242,3896.0,40.0,1.0,240202.0,38.0
1243,4168.0,47.0,0.9585741425199509,242250.0,38.0
1244,4119.0,6.0,0.9700832567959077,242251.0,38.0
1245,3880.0,3.0,1.0,242252.0,38.0
1246,4166.0,34.0,0.9563274974226416,242255.0,38.0
1247,3957.0,39.0,0.9648871339882564,242256.0,38.0
1248,4305.0,43.0,0.9683568038442827,240210.0,38.0
1249,3719.0,56.0,0.9579790540063847,240211.0,38.0
1250,4094.0,6.0,0.9658781493806914,240213.0,38.0
1251,3706.0,55.0,0.9506579015482082,240216.0,38.0
1252,4355.0,10.0,0.968941869085699,240217.0,38.0
1253,4033.0,8.0,0.9835736614341052,242266.0,38.0
1254,4048.0,24.0,1.0,240224.0,38.0
1255,3897.0,40.0,0.9576913829093681,240235.0,38.0
1256,4330.0,9.0,1.0,240238.0,38.0
1257,4182.0,35.0,0.9751014902495654,242296.0,38.0
1258,4149.0,29.0,0.9754171476497199,242297.0,38.0
1259,3901.0,41.0,0.9695579384440313,242304.0,38.0
1260,4095.0,26.0,1.0,240257.0,38.0
1261,3920.0,22.0,1.0,242307.0,38.0
1262,3851.0,19.0,0.9595235350126642,242310.0,38.0
1263,3898.0,40.0,0.9920440807039476,240263.0,38.0
1264,4081.0,7.0,0.9749805545364271,240266.0,38.0
1265,4152.0,29.0,0.9623735032358275,242318.0,38.0
1266,4471.0,11.0,0.9668421390895824,242319.0,38.0
1267,4236.0,42.0,0.9692503027361237,240276.0,38.0
1268,4141.0,35.0,0.9623510710588306,240285.0,38.0
1269,3659.0,2.0,0.9651185323389392,240287.0,38.0
1270,4020.0,46.0,0.9773974151914687,242338.0,38.0
1271,4375.0,10.0,0.9702073356140766,242346.0,38.0
1272,4037.0,8.0,0.9651934943454428,242348.0,38.0
1273,3880.0,18.0,0.979612436344958,240303.0,38.0
1274,3821.0,36.0,0.9577869408713185,240306.0,38.0
1275,3957.0,21.0,0.9683689970867202,242356.0,38.0
1276,4079.0,14.0,0.9790556235599855,240315.0,38.0
1277,4193.0,33.0,0.961632147022386,240320.0,38.0
1278,3988.0,51.0,0.9859289341587784,242371.0,38.0
1279,3961.0,32.0,1.0,240333.0,38.0
1280,4139.0,26.0,1.0,242381.0,38.0
1281,3692.0,2.0,0.9564841149025523,242385.0,38.0
1282,3823.0,36.0,0.960744833319264,240338.0,38.0
1283,4269.0,42.0,0.9704097098344495,242388.0,38.0
1284,4089.0,24.0,0.9538490375505062,242389.0,38.0
1285,3778.0,38.0,0.9620277413814461,240342.0,38.0
1286,3693.0,2.0,0.9607873517064389,242392.0,38.0
1287,4166.0,30.0,0.9738685556299944,242396.0,38.0
1288,4151.0,25.0,1.0,242399.0,38.0
1289,4001.0,45.0,0.9642696173615007,242405.0,38.0
1290,4143.0,35.0,0.9646342242904182,240360.0,38.0
1291,3883.0,18.0,0.9571719629970957,240365.0,38.0
1292,4168.0,30.0,0.9612449902013369,242413.0,38.0
1293,3815.0,4.0,0.9791906799162114,240367.0,38.0
1294,4473.0,11.0,0.9802018425258945,242414.0,38.0
1295,3721.0,56.0,0.9647845401964604,240371.0,38.0
1296,4081.0,14.0,0.9513846970441884,240372.0,38.0
1297,3816.0,4.0,0.9686996559110509,240374.0,38.0
1298,4041.0,13.0,0.9574762328091027,242426.0,38.0
1299,4127.0,49.0,0.973038547232162,240379.0,38.0
1300,3813.0,58.0,1.0,242428.0,38.0
1301,4113.0,14.0,1.0,242434.0,38.0
1302,4009.0,32.0,0.9608907469667856,242438.0,38.0
1303,4151.0,12.0,0.9530986420351538,242445.0,38.0
1304,4230.0,31.0,1.0,242450.0,38.0
1305,4186.0,31.0,0.952730810387658,240407.0,38.0
1306,3901.0,40.0,0.976536924389787,240412.0,38.0
1307,4071.0,44.0,0.9750177917188145,240413.0,38.0
1308,3696.0,2.0,0.9674887760492179,242463.0,38.0
1309,3998.0,8.0,0.9654167720120391,240416.0,38.0
1310,4001.0,27.0,0.9683800988286084,240417.0,38.0
1311,4004.0,45.0,0.9553109146197838,242470.0,38.0
1312,4131.0,49.0,0.977542058736957,240425.0,38.0
1313,3960.0,21.0,0.9661795842496644,242473.0,38.0
1314,4086.0,7.0,0.952613515905495,240436.0,38.0
1315,3884.0,18.0,1.0,240437.0,38.0
1316,4123.0,28.0,0.9584442750910432,240440.0,38.0
1317,4152.0,25.0,0.9587140833107661,242488.0,38.0
1318,4170.0,30.0,0.9707834574731129,242489.0,38.0
1319,4123.0,6.0,1.0,242494.0,38.0
1320,3712.0,55.0,0.9637207801242582,240452.0,38.0
1321,3823.0,4.0,0.9767867009700224,240455.0,38.0
1322,4133.0,49.0,0.9555312464375644,240456.0,38.0
1323,3627.0,0.0,1.0,242504.0,38.0
1324,3713.0,55.0,0.9576839266175469,240458.0,38.0
1325,4119.0,12.0,1.0,240464.0,38.0
1326,4143.0,26.0,1.0,242516.0,38.0
1327,3742.0,37.0,1.0,240470.0,38.0
1328,3974.0,46.0,0.9697319120788038,240476.0,38.0
1329,3814.0,58.0,0.9784970086800682,242526.0,38.0
1330,4309.0,43.0,1.0,240482.0,38.0
1331,3914.0,39.0,0.983871675780267,240485.0,38.0
1332,3928.0,22.0,0.9760422063851393,242538.0,38.0
1333,3915.0,39.0,0.9659200205678988,240492.0,38.0
1334,4012.0,32.0,0.9730320834593942,242540.0,38.0
1335,4121.0,12.0,0.9636309452336594,240497.0,38.0
1336,3907.0,41.0,1.0,242546.0,38.0
1337,4148.0,35.0,1.0,240501.0,38.0
1338,3885.0,3.0,0.9706150468260875,242549.0,38.0
1339,4124.0,6.0,0.9623229256365511,242555.0,38.0
1340,4188.0,31.0,0.9592296080462548,240510.0,38.0
1341,4075.0,44.0,1.0,240515.0,38.0
1342,3811.0,38.0,0.9816190209855821,242566.0,38.0
1343,3890.0,18.0,1.0,240519.0,38.0
1344,3994.0,51.0,1.0,242581.0,38.0
1345,3895.0,57.0,0.9593673862932718,242586.0,38.0
1346,4124.0,28.0,1.0,240540.0,38.0
1347,4854.0,16.0,1.0,240548.0,38.0
1348,3951.0,53.0,0.9649022850691309,240557.0,38.0
1349,3831.0,4.0,0.9672163255153001,240558.0,38.0
1350,3817.0,58.0,0.9734427848374024,242610.0,38.0
1351,4044.0,13.0,0.9638567810007147,242614.0,38.0
1352,3917.0,39.0,0.9870195133556734,240567.0,38.0
1353,4136.0,49.0,0.9600765989856376,240569.0,38.0
1354,3830.0,36.0,1.0,240570.0,38.0
1355,4088.0,7.0,0.9541546090303374,240571.0,38.0
1356,3909.0,41.0,0.954945809211976,242633.0,38.0
1357,3913.0,54.0,0.9650871072256837,242638.0,38.0
1358,3833.0,4.0,1.0,240593.0,38.0
1359,4154.0,25.0,0.9739330338860647,242642.0,38.0
1360,4116.0,29.0,0.960319463067272,240599.0,38.0
1361,3676.0,1.0,0.9832247024152326,240600.0,38.0
1362,4154.0,29.0,0.9751363195008916,242649.0,38.0
1363,3944.0,23.0,0.9902503007757381,242655.0,38.0
1364,4378.0,10.0,0.9899353914720803,242657.0,38.0
1365,3851.0,5.0,0.9542482946039281,240624.0,38.0
1366,4235.0,31.0,0.9523937876472176,242673.0,38.0
1367,3703.0,2.0,0.9577343231191113,242676.0,38.0
1368,4000.0,8.0,0.9602035114955974,240629.0,38.0
1369,4202.0,33.0,1.0,240630.0,38.0
1370,3966.0,39.0,0.9572342760999709,242678.0,38.0
1371,4091.0,7.0,0.966818253596311,240633.0,38.0
1372,4191.0,35.0,1.0,242681.0,38.0
1373,4139.0,49.0,0.971354499856746,240640.0,38.0
1374,4119.0,14.0,0.9752872719689346,242691.0,38.0
1375,4117.0,29.0,1.0,240645.0,38.0
1376,3966.0,21.0,0.9676520527956659,242702.0,38.0
1377,3955.0,51.0,0.9735151177279969,240655.0,38.0
1378,4025.0,46.0,1.0,242704.0,38.0
1379,3912.0,41.0,0.9602195570886944,242709.0,38.0
1380,4176.0,30.0,0.9745418349204219,242710.0,38.0
1381,3924.0,52.0,0.9738875226734776,240666.0,38.0
1382,4099.0,26.0,1.0,240672.0,38.0
1383,3984.0,46.0,0.9777545372166948,240678.0,38.0
1384,4007.0,45.0,0.959967576753041,242728.0,38.0
1385,3723.0,56.0,0.9632373447680862,240682.0,38.0
1386,3892.0,5.0,1.0,242735.0,38.0
1387,4238.0,31.0,0.9616309647611906,242737.0,38.0
1388,4005.0,27.0,1.0,240693.0,38.0
1389,3821.0,58.0,0.9789321167691728,242744.0,38.0
1390,4175.0,47.0,0.9686776500660506,242751.0,38.0
1391,4093.0,7.0,0.9606956884956624,240708.0,38.0
1392,3853.0,5.0,0.9667701202043764,240710.0,38.0
1393,3753.0,55.0,0.9788984976041449,242770.0,38.0
1394,4315.0,43.0,0.9692044610378548,240728.0,38.0
1395,3719.0,55.0,0.9673932648651739,240732.0,38.0
1396,4094.0,7.0,0.9522230130515169,240733.0,38.0
1397,4026.0,46.0,0.9571885099862587,242788.0,38.0
1398,3782.0,38.0,0.9798018412188587,240742.0,38.0
1399,3864.0,54.0,1.0,240745.0,38.0
1400,3938.0,22.0,1.0,242795.0,38.0
1401,4316.0,43.0,0.9589171717360973,240750.0,38.0
1402,3636.0,0.0,1.0,242798.0,38.0
1403,4165.0,48.0,0.9535004541764355,240752.0,38.0
1404,3915.0,54.0,0.9681652197203169,242804.0,38.0
1405,4096.0,24.0,0.9567019206134898,242805.0,38.0
1406,3895.0,18.0,0.9656192807819393,240769.0,38.0
1407,3890.0,3.0,0.9600379594827269,242820.0,38.0
1408,4140.0,34.0,1.0,240781.0,38.0
1409,4122.0,29.0,1.0,240784.0,38.0
1410,3903.0,57.0,0.9657692228271985,242839.0,38.0
1411,4010.0,45.0,0.9632018834212164,242841.0,38.0
1412,3924.0,39.0,1.0,240798.0,38.0
1413,3941.0,22.0,0.9630729594950989,242852.0,38.0
1414,4097.0,24.0,1.0,242854.0,38.0
1415,4071.0,50.0,0.9593707877521516,242873.0,38.0
1416,3893.0,22.0,0.9756973915825493,240833.0,38.0
1417,3923.0,21.0,0.9706761431741815,240834.0,38.0
1418,4124.0,29.0,0.9851316153218062,240839.0,38.0
1419,3863.0,19.0,1.0,242889.0,38.0
1420,3960.0,51.0,0.9592629247068115,240849.0,38.0
1421,4375.0,9.0,1.0,242899.0,38.0
1422,3942.0,22.0,0.9697558644467714,242901.0,38.0
1423,3816.0,38.0,1.0,242902.0,38.0
1424,4158.0,25.0,0.9906262741237419,242904.0,38.0
1425,4087.0,14.0,0.9614362231622082,240857.0,38.0
1426,3960.0,53.0,0.9564280142688454,240859.0,38.0
1427,3947.0,23.0,0.972444048132806,242914.0,38.0
1428,3864.0,20.0,0.966325758715378,242916.0,38.0
1429,4105.0,26.0,0.9841623421711614,240872.0,38.0
1430,3757.0,55.0,0.9813280718698663,242923.0,38.0
1431,4101.0,6.0,0.9579985002293848,240878.0,38.0
1432,3907.0,57.0,0.976780845470177,242933.0,38.0
1433,3640.0,0.0,0.9711269920465619,242938.0,38.0
1434,3918.0,41.0,1.0,242948.0,38.0
1435,3967.0,45.0,0.9736692451605129,240901.0,38.0
1436,3919.0,41.0,0.9662366633547643,242956.0,38.0
1437,4252.0,42.0,0.9733912003759646,240911.0,38.0
1438,3911.0,57.0,0.9675236631311592,242960.0,38.0
1439,3780.0,37.0,0.9773631301970176,242961.0,38.0
1440,3941.0,40.0,0.9689146015521852,242964.0,38.0
1441,4385.0,10.0,0.9583669431463272,242970.0,38.0
1442,4054.0,27.0,0.9647369199202265,242975.0,38.0
1443,3948.0,23.0,0.956393656380217,242979.0,38.0
1444,3969.0,32.0,0.9714107213400048,240937.0,38.0
1445,3729.0,56.0,0.9777344186380849,240938.0,38.0
1446,3866.0,19.0,1.0,242986.0,38.0
1447,4970.0,17.0,0.9604195722112445,240943.0,38.0
1448,4102.0,6.0,0.9660735072936425,240944.0,38.0
1449,4151.0,30.0,0.9613567961825258,240948.0,38.0
1450,3994.0,46.0,0.970825818839388,240949.0,38.0
1451,4106.0,26.0,0.9693801919645764,240951.0,38.0
1452,3969.0,39.0,1.0,243000.0,38.0
1453,4212.0,33.0,0.9626320845706811,240954.0,38.0
1454,4347.0,9.0,0.9703813399229222,240960.0,38.0
1455,3685.0,1.0,0.9696534269942207,240965.0,38.0
1456,3784.0,38.0,1.0,240967.0,38.0
1457,4163.0,12.0,0.9673566524991661,243020.0,38.0
1458,4000.0,51.0,0.9769318539033756,243025.0,38.0
1459,4188.0,30.0,0.9527779994178278,243032.0,38.0
1460,4130.0,12.0,0.9642455585332476,240985.0,38.0
1461,3720.0,55.0,0.9872511394862921,240986.0,38.0
1462,3871.0,57.0,0.9562040245783037,240987.0,38.0
1463,3970.0,32.0,0.9829394959042217,240994.0,38.0
1464,4318.0,43.0,0.9667308012309092,240999.0,38.0
1465,3686.0,1.0,0.9835990985686941,241000.0,38.0
1466,3785.0,38.0,0.9770714724092328,241005.0,38.0
1467,4099.0,7.0,0.9718885688769481,241006.0,38.0
1468,3930.0,39.0,1.0,241007.0,38.0
1469,3870.0,54.0,1.0,241010.0,38.0
1470,3903.0,18.0,1.0,241011.0,38.0
1471,3970.0,45.0,1.0,241012.0,38.0
1472,3930.0,52.0,0.9697243907456871,241013.0,38.0
1473,3783.0,37.0,0.9762333026161496,243061.0,38.0
1474,4319.0,43.0,0.9636178990736657,241015.0,38.0
1475,3721.0,55.0,1.0,241016.0,38.0
1476,3998.0,46.0,1.0,241019.0,38.0
1477,4145.0,47.0,0.9893263429487208,241020.0,38.0
1478,3904.0,18.0,1.0,241021.0,38.0
1479,3999.0,46.0,0.9542931080851325,241027.0,38.0
1480,3928.0,21.0,1.0,241028.0,38.0
1481,4169.0,48.0,1.0,241030.0,38.0
1482,4065.0,24.0,1.0,241031.0,38.0
1483,4201.0,31.0,1.0,241032.0,38.0
1484,3971.0,32.0,1.0,241043.0,38.0
1485,4092.0,14.0,1.0,241044.0,38.0
1486,3858.0,5.0,1.0,241053.0,38.0
1487,4154.0,26.0,0.981409053295991,243111.0,38.0
1488,3846.0,36.0,0.9738186897517642,241066.0,38.0
1489,4112.0,26.0,1.0,241073.0,38.0
1490,3872.0,54.0,1.0,241075.0,38.0
1491,4732.0,15.0,1.0,241078.0,38.0
1492,4171.0,48.0,1.0,241080.0,38.0
1493,4349.0,9.0,0.9879012678850176,241082.0,38.0
1494,4454.0,11.0,1.0,241084.0,38.0
1495,3668.0,2.0,0.9783622346579908,241088.0,38.0
1496,3755.0,37.0,0.9549182042402821,241092.0,38.0
1497,4164.0,25.0,1.0,243145.0,38.0
1498,3646.0,0.0,1.0,243146.0,38.0
1499,3973.0,32.0,0.9726749171465002,241100.0,38.0
1500,3847.0,36.0,0.9620518873922251,241105.0,38.0
1501,4080.0,50.0,1.0,243154.0,38.0
1502,4066.0,24.0,1.0,241108.0,38.0
1503,3934.0,39.0,1.0,241109.0,38.0
1504,4455.0,11.0,1.0,241111.0,38.0
1505,3861.0,5.0,1.0,241114.0,38.0
1506,3873.0,54.0,1.0,241116.0,38.0
1507,3827.0,38.0,1.0,243167.0,38.0
1508,3731.0,1.0,1.0,243169.0,38.0
1509,4148.0,47.0,1.0,241138.0,38.0
1510,4100.0,7.0,0.9879984792915413,241139.0,38.0
1511,3926.0,41.0,1.0,243187.0,38.0
1512,3733.0,56.0,0.9609652279795132,241143.0,38.0
1513,3794.0,58.0,0.9718949107499091,241145.0,38.0
1514,4149.0,47.0,1.0,241146.0,38.0
1515,3650.0,0.0,1.0,243194.0,38.0
1516,4003.0,46.0,1.0,241155.0,38.0
1517,4087.0,44.0,1.0,241156.0,38.0
1518,3921.0,23.0,1.0,241165.0,38.0
1519,4733.0,15.0,0.9556723152356648,241168.0,38.0
1520,4082.0,50.0,1.0,243219.0,38.0
1521,3689.0,1.0,0.9603339859014925,241176.0,38.0
1522,3937.0,52.0,1.0,241178.0,38.0
1523,4148.0,49.0,0.9510415301976153,241179.0,38.0
1524,3935.0,39.0,0.9542568962753274,241182.0,38.0
1525,4734.0,15.0,1.0,241183.0,38.0
1526,4194.0,30.0,1.0,243233.0,38.0
1527,3828.0,58.0,1.0,243236.0,38.0
1528,3975.0,45.0,1.0,241194.0,38.0
1529,4146.0,34.0,0.953108209342026,241219.0,38.0
1530,4104.0,6.0,1.0,241221.0,38.0
1531,3850.0,36.0,1.0,241224.0,38.0
1532,3941.0,52.0,1.0,241230.0,38.0
1533,3932.0,21.0,1.0,241241.0,38.0
1534,4104.0,7.0,0.9809096807680142,241247.0,38.0
1535,3960.0,23.0,1.0,243308.0,38.0
1536,4209.0,48.0,1.0,243310.0,38.0
1537,4004.0,46.0,0.972398077861582,241266.0,38.0
1538,4206.0,31.0,1.0,241267.0,38.0
1539,3979.0,45.0,1.0,241268.0,38.0
1540,4359.0,10.0,0.9654865066846795,241273.0,38.0
1541,4092.0,44.0,1.0,241278.0,38.0
1542,3735.0,56.0,0.9850157738453716,241279.0,38.0
1543,4208.0,31.0,1.0,241290.0,38.0
1544,4168.0,25.0,1.0,243338.0,38.0
1545,4889.0,16.0,1.0,243341.0,38.0
1546,4060.0,13.0,1.0,243342.0,38.0
1547,4151.0,49.0,1.0,241295.0,38.0
1548,4115.0,26.0,0.9574944390630169,241298.0,38.0
1549,4010.0,27.0,0.9777608215928647,241300.0,38.0
1550,3922.0,23.0,1.0,241301.0,38.0
1551,4131.0,29.0,1.0,241302.0,38.0
1552,4001.0,53.0,1.0,243349.0,38.0
1553,3861.0,3.0,0.9589863404959533,241312.0,38.0
1554,4133.0,29.0,0.9676156587150528,241314.0,38.0
1555,4392.0,10.0,0.9602241104472173,243362.0,38.0
1556,3729.0,55.0,1.0,241317.0,38.0
1557,3897.0,22.0,0.9623106721407788,241324.0,38.0
1558,3862.0,3.0,0.9870913706692342,241325.0,38.0
1559,3694.0,1.0,0.9846735959834529,241326.0,38.0
1560,4393.0,10.0,0.9631532874709485,243383.0,38.0
1561,3837.0,19.0,1.0,241339.0,38.0
1562,4494.0,11.0,0.9621636076983378,243389.0,38.0
1563,4027.0,13.0,1.0,241346.0,38.0
1564,3792.0,37.0,0.9614663335003852,243405.0,38.0
1565,4148.0,34.0,0.9833019647813668,241359.0,38.0
1566,3931.0,41.0,1.0,243407.0,38.0
1567,3849.0,20.0,1.0,241362.0,38.0
1568,3935.0,21.0,1.0,241363.0,38.0
1569,4323.0,43.0,0.9549090182019939,241373.0,38.0
1570,3659.0,0.0,0.9754684675220611,243426.0,38.0
1571,4063.0,13.0,0.9569029338523446,243428.0,38.0
1572,4361.0,10.0,0.9770105571019616,241388.0,38.0
1573,4149.0,34.0,0.9610072063951876,241391.0,38.0
1574,4203.0,30.0,1.0,243441.0,38.0
1575,3972.0,53.0,0.9603538722783723,241398.0,38.0
1576,4261.0,42.0,0.9532378172267965,241403.0,38.0
1577,4205.0,30.0,0.9506586833555777,243451.0,38.0
1578,4134.0,12.0,1.0,241405.0,38.0
1579,3973.0,53.0,1.0,241407.0,38.0
1580,3885.0,41.0,1.0,241408.0,38.0
1581,4187.0,34.0,0.9743214725086702,243455.0,38.0
1582,3662.0,0.0,1.0,243460.0,38.0
1583,3977.0,39.0,0.9863656621782241,243467.0,38.0
1584,3886.0,41.0,1.0,241420.0,38.0
1585,3839.0,19.0,0.9816404078871102,241429.0,38.0
1586,4174.0,25.0,0.9784898788255133,243478.0,38.0
1587,4168.0,35.0,0.983532964707955,241433.0,38.0
1588,3940.0,39.0,1.0,241437.0,38.0
1589,4209.0,30.0,0.971850147175316,243500.0,38.0
1590,4461.0,11.0,1.0,241459.0,38.0
1591,4014.0,27.0,0.9517676941705586,241462.0,38.0
1592,3968.0,23.0,1.0,243510.0,38.0
1593,4262.0,42.0,0.9809336080351952,241471.0,38.0
1594,3865.0,3.0,1.0,241476.0,38.0
1595,3888.0,41.0,1.0,241484.0,38.0
1596,3904.0,22.0,0.9580509693764866,241512.0,38.0
1597,4013.0,8.0,1.0,241515.0,38.0
1598,3970.0,23.0,0.9889246193825663,243564.0,38.0
1599,4110.0,7.0,1.0,241520.0,38.0
1600,3761.0,37.0,0.9570804051317039,241525.0,38.0
1601,4094.0,50.0,1.0,243586.0,38.0
1602,3889.0,54.0,1.0,241539.0,38.0
1603,4324.0,43.0,0.9795403757466856,241544.0,38.0
1604,3791.0,38.0,1.0,241550.0,38.0
1605,4096.0,14.0,0.9894726620207948,241554.0,38.0
1606,3890.0,20.0,1.0,243604.0,38.0
1607,4181.0,48.0,1.0,241557.0,38.0
1608,3917.0,40.0,0.9565405802400534,241559.0,38.0
1609,4011.0,46.0,0.9682173689080711,241560.0,38.0
1610,4868.0,16.0,0.9804691121402302,241564.0,38.0
1611,4097.0,14.0,0.9612620075874281,241567.0,38.0
1612,3985.0,45.0,1.0,241568.0,38.0
1613,4045.0,50.0,1.0,241569.0,38.0
1614,4106.0,6.0,1.0,241578.0,38.0
1615,4172.0,12.0,0.9500100844199674,243629.0,38.0
1616,4107.0,6.0,1.0,241587.0,38.0
1617,3982.0,21.0,1.0,243636.0,38.0
1618,3941.0,21.0,1.0,241589.0,38.0
1619,4869.0,16.0,0.965272426780654,241594.0,38.0
1620,3986.0,32.0,1.0,241601.0,38.0
1621,3918.0,40.0,0.9685459775047812,241611.0,38.0
1622,4155.0,28.0,1.0,241613.0,38.0
1623,3887.0,19.0,0.9749895957576131,243664.0,38.0
1624,4153.0,34.0,1.0,241617.0,38.0
1625,4182.0,25.0,1.0,243665.0,38.0
1626,4325.0,43.0,0.9584343868108134,241623.0,38.0
1627,3976.0,51.0,1.0,241624.0,38.0
1628,3945.0,39.0,1.0,241635.0,38.0
1629,4156.0,30.0,0.9657843124020603,241642.0,38.0
1630,3944.0,21.0,0.972785858724772,241645.0,38.0
1631,3705.0,1.0,1.0,241654.0,38.0
1632,3977.0,51.0,0.9727464981421385,241667.0,38.0
1633,4014.0,46.0,0.9579612307460791,241670.0,38.0
1634,3616.0,0.0,0.9767825843590118,241673.0,38.0
1635,4157.0,28.0,1.0,241674.0,38.0
1636,4122.0,26.0,0.9776041364369251,241688.0,38.0
1637,3988.0,45.0,1.0,241701.0,38.0
1638,3618.0,0.0,0.9763625770738042,241702.0,38.0
1639,3989.0,32.0,0.9763007103536776,241704.0,38.0
1640,4144.0,25.0,1.0,241706.0,38.0
1641,4022.0,27.0,0.9700663632829111,241707.0,38.0
1642,3801.0,58.0,0.950433333668331,241708.0,38.0
1643,4099.0,50.0,0.9617355838898926,243760.0,38.0
1644,3947.0,39.0,0.9858047121157961,241713.0,38.0
1645,3989.0,45.0,1.0,241716.0,38.0
1646,3908.0,22.0,1.0,241721.0,38.0
1647,3795.0,38.0,1.0,241727.0,38.0
1648,4158.0,47.0,0.9770845340094881,241731.0,38.0
1649,4218.0,31.0,0.9711273782239611,241736.0,38.0
1650,4145.0,25.0,1.0,241737.0,38.0
1651,3842.0,19.0,1.0,241740.0,38.0
1652,3738.0,55.0,1.0,241748.0,38.0
1653,4108.0,6.0,0.9736158891647712,241751.0,38.0
1654,3895.0,54.0,1.0,241753.0,38.0
1655,4737.0,15.0,1.0,241761.0,38.0
1656,4017.0,8.0,1.0,241763.0,38.0
1657,3990.0,32.0,1.0,241768.0,38.0
1658,3871.0,3.0,0.9753757763908592,241769.0,38.0
1659,4161.0,28.0,1.0,241771.0,38.0
1660,4363.0,10.0,1.0,241773.0,38.0
1661,3896.0,54.0,1.0,241774.0,38.0
1662,4019.0,8.0,0.9770480098308444,241778.0,38.0
1663,3799.0,38.0,1.0,241780.0,38.0
1664,3872.0,3.0,0.9519652338415604,241781.0,38.0
1665,3802.0,58.0,1.0,241783.0,38.0
1666,3764.0,37.0,1.0,241786.0,38.0
1667,3880.0,57.0,0.9511980414905331,241787.0,38.0
1668,4049.0,50.0,1.0,241793.0,38.0
1669,3900.0,20.0,1.0,243844.0,38.0
1670,4195.0,25.0,1.0,243851.0,38.0
1671,3891.0,41.0,0.9696048173384103,241805.0,38.0
1672,4020.0,8.0,1.0,241809.0,38.0
1673,3993.0,45.0,1.0,241812.0,38.0
1674,4184.0,48.0,1.0,241813.0,38.0
1675,4025.0,27.0,0.9810655108788322,241820.0,38.0
1676,3803.0,58.0,0.9855584962970096,241823.0,38.0
1677,3843.0,19.0,1.0,241824.0,38.0
1678,4159.0,30.0,0.9756166173227521,241829.0,38.0
1679,4220.0,31.0,1.0,241839.0,38.0
1680,3739.0,55.0,1.0,241861.0,38.0
1681,4090.0,13.0,1.0,243911.0,38.0
1682,3986.0,53.0,1.0,241869.0,38.0
1683,3948.0,21.0,1.0,241873.0,38.0
1684,4163.0,28.0,0.9753051788994418,241875.0,38.0
1685,3925.0,23.0,1.0,241877.0,38.0
1686,3881.0,57.0,0.9571471436127549,241878.0,38.0
1687,3981.0,39.0,1.0,243931.0,38.0
1688,2421.0,59.0,0.9823543153141853,239836.0,38.0
1689,2422.0,59.0,0.9762788951285533,239839.0,38.0
1690,2424.0,59.0,0.9666166382143965,239849.0,38.0
1691,3851.0,20.0,0.9659813245384071,241901.0,38.0
1692,4021.0,8.0,0.9894199119858685,241906.0,38.0
1693,2430.0,59.0,1.0,239865.0,38.0
1694,4159.0,34.0,1.0,241916.0,38.0
1695,4936.0,17.0,1.0,239881.0,38.0
1696,3919.0,18.0,1.0,241933.0,38.0
1697,3765.0,37.0,0.9527495785552166,241934.0,38.0
1698,3900.0,54.0,1.0,241937.0,38.0
1699,3621.0,0.0,0.9630402710565259,241939.0,38.0
1700,4938.0,17.0,1.0,239893.0,38.0
1701,4845.0,16.0,1.0,239896.0,38.0
1702,2439.0,59.0,1.0,239899.0,38.0
1703,4176.0,33.0,0.9695572928653013,239900.0,38.0
1704,2440.0,59.0,0.9557839960094494,239902.0,38.0
1705,2441.0,59.0,1.0,239903.0,38.0
1706,3740.0,55.0,1.0,241956.0,38.0
1707,3752.0,56.0,0.9734448299069024,241964.0,38.0
1708,4106.0,49.0,1.0,239918.0,38.0
1709,3883.0,57.0,0.9784885159870287,241968.0,38.0
1710,3783.0,4.0,1.0,239925.0,38.0
1711,3920.0,18.0,1.0,241975.0,38.0
1712,2448.0,59.0,1.0,239928.0,38.0
1713,2449.0,59.0,1.0,239930.0,38.0
1714,2450.0,59.0,0.9846656429159121,239931.0,38.0
1715,3856.0,20.0,1.0,241979.0,38.0
1716,3785.0,4.0,0.9542191115383689,239933.0,38.0
1717,2452.0,59.0,1.0,239936.0,38.0
1718,3803.0,38.0,0.9732699587537419,241986.0,38.0
1719,4223.0,42.0,0.9814127371941557,239952.0,38.0
1720,4128.0,35.0,0.9737150698133261,239957.0,38.0
1721,2457.0,59.0,1.0,239958.0,38.0
1722,3885.0,57.0,0.9679885456010936,242008.0,38.0
1723,3878.0,3.0,1.0,242014.0,38.0
1724,2459.0,59.0,1.0,239967.0,38.0
1725,4723.0,15.0,1.0,239968.0,38.0
1726,4367.0,10.0,1.0,242016.0,38.0
1727,4724.0,15.0,1.0,239973.0,38.0
1728,4942.0,17.0,1.0,239974.0,38.0
1729,4071.0,14.0,1.0,239975.0,38.0
1730,3863.0,18.0,1.0,239976.0,38.0
1731,3807.0,36.0,0.9714329338924179,239979.0,38.0
1732,4943.0,17.0,0.9767085889259072,239981.0,38.0
1733,4129.0,35.0,0.9640395453886441,239982.0,38.0
1734,4032.0,13.0,1.0,242038.0,38.0
1735,4225.0,42.0,0.951730665073864,240000.0,38.0
1736,3838.0,5.0,0.959547113959107,240002.0,38.0
1737,3894.0,40.0,0.9589737284890928,240004.0,38.0
1738,3807.0,58.0,1.0,242066.0,38.0
1739,4948.0,17.0,0.9518289953674987,240020.0,38.0
1740,3711.0,1.0,0.9778767726956202,242068.0,38.0
1741,3952.0,52.0,0.9795550935754865,242069.0,38.0
1742,4949.0,17.0,1.0,240023.0,38.0
1743,3789.0,4.0,0.9824865090057106,240026.0,38.0
1744,3960.0,32.0,1.0,240028.0,38.0
1745,4034.0,13.0,1.0,242080.0,38.0
1746,4741.0,15.0,1.0,242087.0,38.0
1747,3793.0,4.0,1.0,240040.0,38.0
1748,4327.0,9.0,1.0,240046.0,38.0
1749,3812.0,36.0,0.9503386978820387,240048.0,38.0
1750,3805.0,38.0,1.0,242098.0,38.0
1751,4950.0,17.0,1.0,240051.0,38.0
1752,4073.0,14.0,1.0,240054.0,38.0
1753,3954.0,21.0,1.0,242103.0,38.0
1754,4055.0,50.0,1.0,242109.0,38.0
1755,3866.0,36.0,0.9537177815216876,242116.0,38.0
1756,3806.0,38.0,0.9842866624024887,242119.0,38.0
1757,3755.0,56.0,0.9617418993087085,242124.0,38.0
1758,4189.0,48.0,1.0,242126.0,38.0
1759,3862.0,57.0,0.9825076319605117,240079.0,38.0
1760,3657.0,2.0,1.0,240081.0,38.0
1761,4182.0,33.0,1.0,240084.0,38.0
1762,3814.0,36.0,1.0,240086.0,38.0
1763,3963.0,46.0,1.0,240087.0,38.0
1764,4109.0,49.0,1.0,240088.0,38.0
1765,4059.0,44.0,0.9720361261742186,240089.0,38.0
1766,3895.0,40.0,0.9737710874081223,240090.0,38.0
1767,3857.0,20.0,1.0,242139.0,38.0
1768,4847.0,16.0,1.0,240095.0,38.0
1769,3799.0,4.0,0.9667237002511538,240096.0,38.0
1770,4036.0,27.0,0.9745333059488769,242145.0,38.0
1771,3800.0,4.0,0.9695819658159156,240104.0,38.0
1772,4191.0,48.0,1.0,242152.0,38.0
1773,4955.0,17.0,1.0,240106.0,38.0
1774,4074.0,14.0,1.0,240108.0,38.0
1775,4302.0,43.0,0.971621696694604,240110.0,38.0
1776,4183.0,33.0,0.9618789424649299,240111.0,38.0
1777,4370.0,10.0,1.0,242160.0,38.0
1778,4133.0,35.0,1.0,240117.0,38.0
1779,3841.0,5.0,1.0,240119.0,38.0
1780,4127.0,47.0,1.0,240120.0,38.0
1781,3757.0,56.0,0.9578542701454683,242167.0,38.0
1782,4135.0,26.0,1.0,242172.0,38.0
1783,4303.0,43.0,0.9784954149765412,240125.0,38.0
1784,4112.0,49.0,0.9774402925493239,240126.0,38.0
1785,4036.0,13.0,1.0,242175.0,38.0
1786,4304.0,43.0,0.9799642810503578,240131.0,38.0
1787,4076.0,7.0,1.0,240132.0,38.0
1788,3718.0,56.0,0.9807580109085767,240135.0,38.0
1789,4146.0,25.0,1.0,242183.0,38.0
1790,4075.0,14.0,1.0,240137.0,38.0
1791,3769.0,37.0,1.0,242189.0,38.0
1792,4328.0,9.0,0.963957523149098,240149.0,38.0
1793,4225.0,31.0,0.9640475776669871,242203.0,38.0
1794,4114.0,12.0,1.0,240156.0,38.0
1795,3802.0,4.0,0.9829477030606434,240158.0,38.0
1796,4147.0,29.0,1.0,242206.0,38.0
1797,4727.0,15.0,1.0,240160.0,38.0
1798,4372.0,10.0,0.9525726681994475,242213.0,38.0
1799,4232.0,42.0,1.0,240168.0,38.0
1800,3825.0,19.0,1.0,240169.0,38.0
1801,3687.0,2.0,0.9747995436913722,242216.0,38.0
1802,3940.0,51.0,1.0,240171.0,38.0
1803,3923.0,18.0,1.0,242217.0,38.0
1804,4047.0,24.0,1.0,240174.0,38.0
1805,4233.0,42.0,0.9505069014228267,240176.0,38.0
1806,3994.0,53.0,0.9630023288295737,242226.0,38.0
1807,3807.0,4.0,1.0,240185.0,38.0
1808,3906.0,54.0,0.9672679150928191,242235.0,38.0
1809,3717.0,1.0,1.0,242241.0,38.0
1810,4079.0,7.0,1.0,240195.0,38.0
1811,3718.0,1.0,1.0,242245.0,38.0
1812,4107.0,29.0,1.0,240200.0,38.0
1813,4188.0,33.0,1.0,240201.0,38.0
1814,3932.0,23.0,0.9599531842906966,242248.0,38.0
1815,4329.0,9.0,1.0,240205.0,38.0
1816,3918.0,22.0,1.0,242258.0,38.0
1817,4108.0,29.0,1.0,240215.0,38.0
1818,3900.0,41.0,1.0,242263.0,38.0
1819,4138.0,35.0,1.0,240218.0,38.0
1820,4449.0,11.0,1.0,240225.0,38.0
1821,3859.0,20.0,1.0,242273.0,38.0
1822,4849.0,16.0,0.9671570051604014,240227.0,38.0
1823,4150.0,25.0,1.0,242274.0,38.0
1824,4065.0,44.0,1.0,240229.0,38.0
1825,4035.0,8.0,0.987527996761053,242283.0,38.0
1826,4119.0,49.0,1.0,240237.0,38.0
1827,4168.0,34.0,0.9772041736189485,242286.0,38.0
1828,4235.0,42.0,0.9553620968114988,240239.0,38.0
1829,3889.0,57.0,0.9758375348132337,242287.0,38.0
1830,4148.0,29.0,0.9591408201136511,242288.0,38.0
1831,4129.0,47.0,1.0,240244.0,38.0
1832,4130.0,47.0,1.0,240250.0,38.0
1833,3969.0,46.0,1.0,240251.0,38.0
1834,4168.0,28.0,1.0,242298.0,38.0
1835,4131.0,47.0,1.0,240253.0,38.0
1836,4134.0,34.0,1.0,240254.0,38.0
1837,4374.0,10.0,1.0,242302.0,38.0
1838,4139.0,35.0,0.9739362296522469,240256.0,38.0
1839,4039.0,13.0,1.0,242306.0,38.0
1840,4109.0,29.0,1.0,240259.0,38.0
1841,4080.0,7.0,1.0,240262.0,38.0
1842,3899.0,40.0,1.0,240270.0,38.0
1843,3811.0,58.0,1.0,242327.0,38.0
1844,4000.0,27.0,0.9725791049464733,240280.0,38.0
1845,3935.0,23.0,0.953458703942947,242330.0,38.0
1846,3820.0,36.0,0.9619323754275505,240283.0,38.0
1847,3658.0,2.0,1.0,240284.0,38.0
1848,4000.0,45.0,1.0,242335.0,38.0
1849,3720.0,56.0,0.950866953217862,240288.0,38.0
1850,3942.0,51.0,1.0,240289.0,38.0
1851,3660.0,2.0,0.9664065581179625,240290.0,38.0
1852,4123.0,49.0,0.9631944254484026,240291.0,38.0
1853,3765.0,56.0,0.9762788482132081,242336.0,38.0
1854,3812.0,58.0,1.0,242339.0,38.0
1855,4851.0,16.0,0.9803756627631397,240294.0,38.0
1856,4307.0,43.0,1.0,240295.0,38.0
1857,4183.0,35.0,0.9585671476587029,242342.0,38.0
1858,3943.0,51.0,1.0,240302.0,38.0
1859,3936.0,23.0,1.0,242353.0,38.0
1860,3707.0,55.0,0.9678318009225634,240307.0,38.0
1861,4134.0,47.0,1.0,240308.0,38.0
1862,4069.0,44.0,1.0,240318.0,38.0
1863,3773.0,37.0,1.0,242369.0,38.0
1864,3708.0,55.0,1.0,240322.0,38.0
1865,3946.0,53.0,0.9685441215482828,240332.0,38.0
1866,4050.0,24.0,1.0,240334.0,38.0
1867,3955.0,45.0,1.0,240335.0,38.0
1868,4080.0,14.0,1.0,240336.0,38.0
1869,3724.0,1.0,1.0,242383.0,38.0
1870,3989.0,51.0,1.0,242384.0,38.0
1871,3710.0,55.0,1.0,240340.0,38.0
1872,3824.0,36.0,1.0,240341.0,38.0
1873,3962.0,32.0,0.975235164274096,240343.0,38.0
1874,3813.0,4.0,1.0,240344.0,38.0
1875,3881.0,18.0,0.9667543875706109,240345.0,38.0
1876,4119.0,28.0,1.0,240354.0,38.0
1877,4126.0,49.0,1.0,240355.0,38.0
1878,4140.0,26.0,1.0,242402.0,38.0
1879,3900.0,40.0,1.0,240364.0,38.0
1880,3922.0,22.0,1.0,242412.0,38.0
1881,4141.0,26.0,1.0,242415.0,38.0
1882,3624.0,0.0,1.0,242419.0,38.0
1883,4196.0,33.0,1.0,240373.0,38.0
1884,3958.0,52.0,1.0,242422.0,38.0
1885,4040.0,13.0,1.0,242425.0,38.0
1886,4083.0,7.0,1.0,240381.0,38.0
1887,3845.0,5.0,0.9659462160504252,240382.0,38.0
1888,3882.0,3.0,1.0,242430.0,38.0
1889,3990.0,51.0,1.0,242431.0,38.0
1890,4051.0,24.0,1.0,240385.0,38.0
1891,4084.0,7.0,1.0,240386.0,38.0
1892,3959.0,52.0,1.0,242435.0,38.0
1893,4135.0,34.0,0.9537373630071999,240388.0,38.0
1894,4197.0,33.0,1.0,240391.0,38.0
1895,4111.0,29.0,1.0,240394.0,38.0
1896,3963.0,32.0,1.0,240400.0,38.0
1897,4960.0,17.0,1.0,240403.0,38.0
1898,3949.0,53.0,0.9562470206102538,240405.0,38.0
1899,4121.0,28.0,0.974177534514535,240406.0,38.0
1900,4240.0,42.0,0.9712233912211553,240410.0,38.0
1901,4129.0,49.0,0.9745758226702844,240411.0,38.0
1902,4010.0,32.0,0.982568681207276,242458.0,38.0
1903,4072.0,44.0,1.0,240415.0,38.0
1904,4852.0,16.0,1.0,240418.0,38.0
1905,4146.0,35.0,0.9814313996877487,240419.0,38.0
1906,4130.0,49.0,1.0,240423.0,38.0
1907,4122.0,28.0,1.0,240426.0,38.0
1908,4132.0,49.0,0.9702904831211718,240428.0,38.0
1909,4002.0,27.0,0.9613261660494912,240432.0,38.0
1910,4115.0,12.0,1.0,240433.0,38.0
1911,3826.0,19.0,1.0,240435.0,38.0
1912,3769.0,56.0,0.9591137552293583,242490.0,38.0
1913,3894.0,57.0,0.9621913498496931,242491.0,38.0
1914,4117.0,12.0,0.9740640245194822,240444.0,38.0
1915,4749.0,15.0,1.0,242492.0,38.0
1916,3787.0,58.0,0.9609680084415743,240453.0,38.0
1917,3822.0,4.0,1.0,240454.0,38.0
1918,3961.0,52.0,0.9699191609650439,242501.0,38.0
1919,3961.0,39.0,1.0,242502.0,38.0
1920,3886.0,18.0,1.0,240465.0,38.0
1921,3846.0,5.0,0.962098798488478,240467.0,38.0
1922,3779.0,38.0,1.0,240469.0,38.0
1923,3743.0,37.0,1.0,240472.0,38.0
1924,4308.0,43.0,0.951468917485606,240474.0,38.0
1925,4096.0,6.0,0.9883488428925342,240475.0,38.0
1926,4114.0,29.0,1.0,240477.0,38.0
1927,4005.0,45.0,1.0,242527.0,38.0
1928,3906.0,41.0,0.9565099957439135,242536.0,38.0
1929,4120.0,12.0,1.0,240489.0,38.0
1930,4073.0,44.0,1.0,240490.0,38.0
1931,4136.0,34.0,0.9822659129685118,240491.0,38.0
1932,4171.0,30.0,0.9608615674182114,242537.0,38.0
1933,4091.0,24.0,1.0,242543.0,38.0
1934,3884.0,3.0,1.0,242544.0,38.0
1935,4087.0,7.0,0.9606037910115078,240498.0,38.0
1936,4244.0,42.0,0.9777445661737604,240506.0,38.0
1937,4310.0,43.0,1.0,240508.0,38.0
1938,4074.0,44.0,1.0,240509.0,38.0
1939,4982.0,17.0,1.0,242560.0,38.0
1940,4335.0,9.0,1.0,240513.0,38.0
1941,3951.0,51.0,1.0,240518.0,38.0
1942,3780.0,38.0,1.0,240520.0,38.0
1943,4003.0,27.0,0.9774571442736765,240522.0,38.0
1944,4477.0,11.0,1.0,242570.0,38.0
1945,3714.0,55.0,1.0,240524.0,38.0
1946,4097.0,6.0,0.9607701297476271,240525.0,38.0
1947,4046.0,27.0,0.9751352263094424,242585.0,38.0
1948,4060.0,50.0,1.0,242593.0,38.0
1949,3917.0,52.0,0.9819864491341471,240549.0,38.0
1950,3964.0,39.0,1.0,242598.0,38.0
1951,4245.0,42.0,0.969477849845917,240551.0,38.0
1952,3629.0,0.0,1.0,242606.0,38.0
1953,3849.0,5.0,1.0,240559.0,38.0
1954,3977.0,46.0,1.0,240562.0,38.0
1955,4730.0,15.0,0.974535979748972,240566.0,38.0
1956,4190.0,31.0,0.9870536012218414,240572.0,38.0
1957,4191.0,31.0,0.9740219939502506,240577.0,38.0
1958,3716.0,55.0,0.9805715551706875,240583.0,38.0
1959,4201.0,33.0,1.0,240584.0,38.0
1960,4127.0,28.0,1.0,240585.0,38.0
1961,3832.0,36.0,1.0,240588.0,38.0
1962,3861.0,20.0,1.0,242636.0,38.0
1963,3919.0,52.0,0.9581620333692614,240592.0,38.0
1964,3954.0,51.0,0.9546910503338345,240594.0,38.0
1965,3662.0,2.0,0.9574920996881586,240597.0,38.0
1966,3920.0,52.0,1.0,240603.0,38.0
1967,3932.0,22.0,1.0,242652.0,38.0
1968,3677.0,1.0,0.9872087305191859,240608.0,38.0
1969,4141.0,47.0,1.0,240615.0,38.0
1970,4149.0,35.0,0.9595273861862693,240616.0,38.0
1971,4880.0,16.0,0.9754442862310285,242665.0,38.0
1972,4045.0,13.0,1.0,242666.0,38.0
1973,4126.0,6.0,0.9588176945800782,242667.0,38.0
1974,4137.0,34.0,0.9680189350135204,240620.0,38.0
1975,3934.0,22.0,0.9608983923311558,242671.0,38.0
1976,3945.0,23.0,1.0,242672.0,38.0
1977,4122.0,12.0,1.0,240626.0,38.0
1978,3862.0,54.0,1.0,240628.0,38.0
1979,4001.0,8.0,1.0,240631.0,38.0
1980,4230.0,33.0,1.0,242680.0,38.0
1981,3790.0,58.0,0.9731761551685989,240637.0,38.0
1982,4164.0,48.0,1.0,240642.0,38.0
1983,4123.0,12.0,1.0,240643.0,38.0
1984,3663.0,2.0,0.9738692414909395,240644.0,38.0
1985,3952.0,53.0,1.0,240647.0,38.0
1986,4125.0,12.0,0.9659605650845071,240649.0,38.0
1987,3717.0,55.0,1.0,240650.0,38.0
1988,3923.0,52.0,0.9871742230000166,240653.0,38.0
1989,3852.0,5.0,0.9782454809671548,240656.0,38.0
1990,4126.0,12.0,1.0,240657.0,38.0
1991,4079.0,44.0,1.0,240659.0,38.0
1992,3962.0,45.0,1.0,240663.0,38.0
1993,4095.0,24.0,1.0,242711.0,38.0
1994,3967.0,39.0,1.0,242716.0,38.0
1995,3835.0,36.0,1.0,240669.0,38.0
1996,4098.0,26.0,0.962291311461447,240670.0,38.0
1997,4002.0,8.0,1.0,240675.0,38.0
1998,4482.0,11.0,1.0,242723.0,38.0
1999,3863.0,54.0,1.0,240680.0,38.0
2000,4092.0,7.0,1.0,240683.0,38.0
2001,4122.0,14.0,0.9581639404253971,242733.0,38.0
2002,4451.0,11.0,1.0,240687.0,38.0
2003,3928.0,18.0,1.0,242736.0,38.0
2004,4203.0,33.0,0.9555613655287706,240690.0,38.0
2005,3704.0,2.0,0.9767819414758362,242738.0,38.0
2006,4129.0,6.0,0.9698690508071379,242741.0,38.0
2007,4374.0,9.0,1.0,242742.0,38.0
2008,3920.0,21.0,1.0,240695.0,38.0
2009,4114.0,44.0,1.0,242746.0,38.0
2010,4856.0,16.0,0.9596676808416443,240699.0,38.0
2011,4233.0,33.0,1.0,242748.0,38.0
2012,3906.0,40.0,1.0,240701.0,38.0
2013,4131.0,28.0,1.0,240702.0,38.0
2014,4062.0,50.0,0.955733691828418,242752.0,38.0
2015,4098.0,6.0,0.9706053327827605,240705.0,38.0
2016,3678.0,1.0,1.0,240709.0,38.0
2017,3917.0,23.0,0.9597318305994005,240713.0,38.0
2018,3859.0,19.0,1.0,242763.0,38.0
2019,4057.0,24.0,0.9751543050393588,240720.0,38.0
2020,3921.0,21.0,1.0,240722.0,38.0
2021,4339.0,9.0,1.0,240723.0,38.0
2022,3746.0,37.0,0.9692973057398919,240726.0,38.0
2023,4133.0,28.0,1.0,240731.0,38.0
2024,3966.0,32.0,0.9522548094631127,240734.0,38.0
2025,3988.0,46.0,0.9794877491061115,240737.0,38.0
2026,4145.0,26.0,0.9837772773044193,242785.0,38.0
2027,4141.0,25.0,1.0,240740.0,38.0
2028,3967.0,32.0,0.9573099153855626,240741.0,38.0
2029,3934.0,40.0,0.9853523091803682,242791.0,38.0
2030,4484.0,11.0,1.0,242792.0,38.0
2031,3894.0,18.0,1.0,240746.0,38.0
2032,3996.0,51.0,0.9699499008330773,242794.0,38.0
2033,4857.0,16.0,0.9526933116212872,240749.0,38.0
2034,4381.0,10.0,1.0,242797.0,38.0
2035,4058.0,24.0,0.9764633429349423,240751.0,38.0
2036,3775.0,56.0,0.965193275792079,242800.0,38.0
2037,4317.0,43.0,0.9686621476929088,240753.0,38.0
2038,4059.0,24.0,1.0,240759.0,38.0
2039,3749.0,37.0,1.0,240774.0,38.0
2040,4067.0,50.0,1.0,242825.0,38.0
2041,3839.0,4.0,1.0,240778.0,38.0
2042,3955.0,53.0,1.0,240782.0,38.0
2043,3940.0,22.0,1.0,242830.0,38.0
2044,4102.0,26.0,1.0,240785.0,38.0
2045,4081.0,44.0,1.0,240792.0,38.0
2046,4166.0,48.0,0.9861894518545021,240800.0,38.0
2047,3855.0,3.0,1.0,240801.0,38.0
2048,4197.0,31.0,0.9578056841566617,240803.0,38.0
2049,3958.0,53.0,1.0,240804.0,38.0
2050,3991.0,46.0,0.9504741747039809,240806.0,38.0
2051,4342.0,9.0,0.9757197871927445,240807.0,38.0
2052,4180.0,30.0,1.0,242860.0,38.0
2053,4135.0,6.0,0.9876683651473138,242864.0,38.0
2054,4143.0,47.0,1.0,240818.0,38.0
2055,4070.0,50.0,1.0,242867.0,38.0
2056,3922.0,21.0,0.9518420087385968,240824.0,38.0
2057,3892.0,22.0,1.0,240825.0,38.0
2058,3882.0,41.0,1.0,240827.0,38.0
2059,3907.0,40.0,0.9673029760067423,240828.0,38.0
2060,4048.0,8.0,0.9588537704136786,242877.0,38.0
2061,4249.0,42.0,0.9573830644818616,240832.0,38.0
2062,4239.0,31.0,1.0,242881.0,38.0
2063,3863.0,20.0,1.0,242882.0,38.0
2064,3868.0,57.0,1.0,240838.0,38.0
2065,3862.0,19.0,1.0,242888.0,38.0
2066,3854.0,5.0,1.0,240842.0,38.0
2067,4100.0,6.0,1.0,240843.0,38.0
2068,3894.0,22.0,1.0,240844.0,38.0
2069,4125.0,29.0,0.9634890489074651,240846.0,38.0
2070,3959.0,51.0,1.0,240847.0,38.0
2071,3906.0,57.0,1.0,242895.0,38.0
2072,4343.0,9.0,0.9584128036543427,240864.0,38.0
2073,4344.0,9.0,1.0,240865.0,38.0
2074,4104.0,26.0,0.9764635431941338,240868.0,38.0
2075,3707.0,2.0,0.9560705345452052,242917.0,38.0
2076,4384.0,10.0,1.0,242921.0,38.0
2077,4452.0,11.0,1.0,240876.0,38.0
2078,3783.0,38.0,0.9560270909586558,240880.0,38.0
2079,3943.0,22.0,1.0,242928.0,38.0
2080,4006.0,27.0,0.9764162991428893,240884.0,38.0
2081,3961.0,53.0,1.0,240889.0,38.0
2082,4155.0,35.0,1.0,240891.0,38.0
2083,3869.0,57.0,1.0,240892.0,38.0
2084,4185.0,30.0,1.0,242940.0,38.0
2085,4346.0,9.0,0.9749348609465944,240896.0,38.0
2086,3866.0,54.0,0.9794405039349959,240898.0,38.0
2087,3776.0,56.0,0.9619728105392842,242949.0,38.0
2088,4210.0,33.0,1.0,240902.0,38.0
2089,3908.0,40.0,1.0,240903.0,38.0
2090,3866.0,20.0,1.0,242951.0,38.0
2091,3901.0,18.0,1.0,240910.0,38.0
2092,4186.0,30.0,1.0,242962.0,38.0
2093,4007.0,27.0,0.9541524899762549,240916.0,38.0
2094,3831.0,19.0,1.0,240917.0,38.0
2095,4129.0,12.0,0.9616577859144445,240922.0,38.0
2096,4062.0,24.0,1.0,240926.0,38.0
2097,4240.0,31.0,0.9654955248460735,242974.0,38.0
2098,4167.0,48.0,1.0,240930.0,38.0
2099,3870.0,57.0,1.0,240932.0,38.0
2100,3666.0,2.0,0.954390863267561,240934.0,38.0
2101,3857.0,3.0,1.0,240936.0,38.0
2102,4004.0,8.0,1.0,240939.0,38.0
2103,4089.0,14.0,1.0,240940.0,38.0
2104,3855.0,5.0,0.9829588959621264,240941.0,38.0
2105,4168.0,48.0,1.0,240950.0,38.0
2106,4159.0,35.0,0.9598014012961406,240958.0,38.0
2107,4160.0,25.0,1.0,243006.0,38.0
2108,3893.0,3.0,1.0,243009.0,38.0
2109,4126.0,29.0,0.9820373552032524,240966.0,38.0
2110,3643.0,0.0,1.0,243015.0,38.0
2111,3857.0,5.0,0.9505840727433867,240968.0,38.0
2112,3870.0,20.0,1.0,243018.0,38.0
2113,4026.0,13.0,1.0,240971.0,38.0
2114,4488.0,11.0,0.9559804177693006,243021.0,38.0
2115,4006.0,8.0,1.0,240988.0,38.0
2116,3920.0,41.0,1.0,243037.0,38.0
2117,3832.0,19.0,1.0,240990.0,38.0
2118,3909.0,40.0,0.95204356217837,240992.0,38.0
2119,4090.0,14.0,1.0,240995.0,38.0
2120,3922.0,41.0,1.0,243049.0,38.0
2121,3895.0,41.0,1.0,242027.0,38.0
2122,3730.0,1.0,1.0,243053.0,38.0
2123,3888.0,18.0,1.0,240495.0,38.0
2124,3971.0,21.0,0.9525209376814293,243057.0,38.0
2125,3999.0,32.0,1.0,242035.0,38.0
2126,3848.0,5.0,0.9664153218148985,240502.0,38.0
2127,3728.0,1.0,1.0,242550.0,38.0
2128,4027.0,8.0,1.0,242045.0,38.0
2129,4348.0,9.0,1.0,241022.0,38.0
2130,3997.0,53.0,1.0,243072.0,38.0
2131,3759.0,55.0,1.0,243073.0,38.0
2132,3867.0,3.0,1.0,241538.0,38.0
2133,3744.0,37.0,1.0,240516.0,38.0
2134,3796.0,37.0,1.0,243591.0,38.0
2135,3963.0,39.0,1.0,242568.0,38.0
2136,4373.0,9.0,1.0,242569.0,38.0
2137,4053.0,50.0,0.9520556879761487,242058.0,38.0
2138,3771.0,56.0,0.9543722983640737,242571.0,38.0
2139,3917.0,54.0,0.9741333471501091,243083.0,38.0
2140,4180.0,28.0,1.0,243596.0,38.0
2141,4053.0,24.0,1.0,240526.0,38.0
2142,4110.0,26.0,1.0,241038.0,38.0
2143,3825.0,58.0,1.0,243088.0,38.0
2144,3931.0,52.0,1.0,241051.0,38.0
2145,4170.0,48.0,1.0,241052.0,38.0
2146,4009.0,53.0,1.0,243612.0,38.0
2147,3796.0,58.0,1.0,241570.0,38.0
2148,3854.0,3.0,1.0,240554.0,38.0
2149,4176.0,34.0,1.0,242603.0,38.0
2150,4181.0,33.0,1.0,240044.0,38.0
2151,3712.0,1.0,1.0,242096.0,38.0
2152,4085.0,14.0,1.0,240561.0,38.0
2153,4173.0,30.0,0.9576088432172426,242609.0,38.0
2154,4010.0,53.0,1.0,243633.0,38.0
2155,3919.0,21.0,1.0,240565.0,38.0
2156,3850.0,19.0,0.9501551776055144,242102.0,38.0
2157,4320.0,43.0,1.0,241083.0,38.0
2158,3898.0,41.0,0.9621322848684882,242107.0,38.0
2159,3910.0,40.0,1.0,241086.0,38.0
2160,3934.0,52.0,1.0,241087.0,38.0
2161,4056.0,27.0,0.9751274937871508,243134.0,38.0
2162,4163.0,49.0,1.0,242113.0,38.0
2163,3780.0,56.0,1.0,243138.0,38.0
2164,3715.0,55.0,1.0,240579.0,38.0
2165,3978.0,46.0,1.0,240582.0,38.0
2166,3974.0,32.0,1.0,241103.0,38.0
2167,4202.0,48.0,1.0,242643.0,38.0
2168,3986.0,51.0,1.0,242134.0,38.0
2169,3777.0,37.0,1.0,242646.0,38.0
2170,3786.0,38.0,1.0,241115.0,38.0
2171,3615.0,0.0,1.0,241627.0,38.0
2172,4090.0,7.0,1.0,240606.0,38.0
2173,3834.0,4.0,0.9608434458713054,240607.0,38.0
2174,4463.0,11.0,1.0,241632.0,38.0
2175,4223.0,31.0,1.0,242148.0,38.0
2176,4450.0,11.0,1.0,240613.0,38.0
2177,4178.0,28.0,1.0,243174.0,38.0
2178,4848.0,16.0,1.0,240103.0,38.0
2179,4050.0,13.0,1.0,243175.0,38.0
2180,2466.0,59.0,1.0,240105.0,38.0
2181,4134.0,26.0,1.0,242154.0,38.0
2182,3940.0,41.0,0.9789195422825049,243685.0,38.0
2183,4122.0,44.0,1.0,243690.0,38.0
2184,3956.0,39.0,1.0,242158.0,38.0
2185,3649.0,0.0,0.9750505173380644,243182.0,38.0
2186,4078.0,24.0,0.9697141801488008,241650.0,38.0
2187,4153.0,6.0,1.0,243700.0,38.0
2188,3715.0,1.0,1.0,242166.0,38.0
2189,3976.0,21.0,1.0,243191.0,38.0
2190,4001.0,32.0,1.0,242170.0,38.0
2191,3788.0,38.0,1.0,241148.0,38.0
2192,4076.0,13.0,1.0,243711.0,38.0
2193,4218.0,33.0,1.0,241154.0,38.0
2194,3826.0,58.0,1.0,243203.0,38.0
2195,4144.0,34.0,1.0,241157.0,38.0
2196,3809.0,58.0,1.0,242182.0,38.0
2197,3799.0,58.0,1.0,241671.0,38.0
2198,3900.0,3.0,1.0,243207.0,38.0
2199,4127.0,29.0,1.0,241161.0,38.0
2200,4237.0,31.0,1.0,242699.0,38.0
2201,3965.0,51.0,1.0,241164.0,38.0
2202,3977.0,21.0,1.0,243213.0,38.0
2203,4312.0,43.0,1.0,240654.0,38.0
2204,3874.0,57.0,1.0,241166.0,38.0
2205,3876.0,19.0,1.0,243214.0,38.0
2206,4045.0,24.0,0.9573366187906697,240145.0,38.0
2207,4256.0,42.0,1.0,241170.0,38.0
2208,4147.0,25.0,1.0,242194.0,38.0
2209,3931.0,18.0,0.9694963909569067,243217.0,38.0
2210,4101.0,7.0,1.0,241173.0,38.0
2211,4167.0,25.0,0.9643165721241719,243222.0,38.0
2212,4888.0,16.0,1.0,243223.0,38.0
2213,4212.0,30.0,1.0,243736.0,38.0
2214,4088.0,44.0,1.0,241180.0,38.0
2215,4020.0,27.0,0.979158082471036,241693.0,38.0
2216,4481.0,11.0,1.0,242718.0,38.0
2217,4767.0,15.0,1.0,243744.0,38.0
2218,3806.0,4.0,0.956892418165527,240167.0,38.0
2219,4154.0,6.0,1.0,243759.0,38.0
2220,4155.0,34.0,0.9764586136086519,241715.0,38.0
2221,4359.0,9.0,1.0,241719.0,38.0
2222,3912.0,40.0,1.0,241208.0,38.0
2223,3705.0,2.0,1.0,242743.0,38.0
2224,4017.0,32.0,1.0,242749.0,38.0
2225,4150.0,47.0,1.0,241216.0,38.0
2226,4139.0,34.0,1.0,240707.0,38.0
2227,4103.0,44.0,1.0,241732.0,38.0
2228,4101.0,50.0,0.97482577107378,243782.0,38.0
2229,3706.0,2.0,0.9521052114983539,242760.0,38.0
2230,4142.0,7.0,1.0,243784.0,38.0
2231,4313.0,43.0,0.9796015217595656,240715.0,38.0
2232,4146.0,12.0,1.0,242254.0,38.0
2233,3843.0,38.0,1.0,243790.0,38.0
2234,3737.0,55.0,1.0,241745.0,38.0
2235,4219.0,33.0,1.0,241235.0,38.0
2236,3853.0,4.0,0.9592561302115794,241747.0,38.0
2237,3690.0,2.0,0.955675128807198,242260.0,38.0
2238,3863.0,5.0,0.964362820334902,241238.0,38.0
2239,4038.0,13.0,1.0,242261.0,38.0
2240,3973.0,39.0,1.0,243283.0,38.0
2241,3957.0,23.0,1.0,243285.0,38.0
2242,3860.0,19.0,1.0,242778.0,38.0
2243,3952.0,22.0,1.0,243803.0,38.0
2244,3783.0,56.0,1.0,243292.0,38.0
2245,4177.0,28.0,1.0,242782.0,38.0
2246,3678.0,2.0,0.9748409023284873,241760.0,38.0
2247,3851.0,36.0,1.0,241250.0,38.0
2248,4499.0,11.0,0.9747121773624318,243812.0,38.0
2249,4405.0,10.0,1.0,243814.0,38.0
2250,4086.0,50.0,1.0,243305.0,38.0
2251,4164.0,35.0,1.0,241258.0,38.0
2252,3990.0,45.0,1.0,241770.0,38.0
2253,3798.0,38.0,0.9550469098231136,241772.0,38.0
2254,4191.0,25.0,1.0,243817.0,38.0
2255,3917.0,18.0,0.9790442106760795,241776.0,38.0
2256,4197.0,30.0,0.9615000096137821,243313.0,38.0
2257,4100.0,26.0,1.0,240754.0,38.0
2258,3941.0,51.0,1.0,240246.0,38.0
2259,3900.0,57.0,1.0,242807.0,38.0
2260,4109.0,6.0,1.0,241785.0,38.0
2261,4060.0,24.0,1.0,240762.0,38.0
2262,3943.0,52.0,1.0,241275.0,38.0
2263,4128.0,7.0,0.9762931097554399,242300.0,38.0
2264,4150.0,29.0,1.0,242301.0,38.0
2265,4189.0,33.0,1.0,240255.0,38.0
2266,3637.0,0.0,1.0,242815.0,38.0
2267,4130.0,29.0,1.0,241281.0,38.0
2268,3919.0,54.0,1.0,243335.0,38.0
2269,4009.0,45.0,1.0,242835.0,38.0
2270,4407.0,10.0,1.0,243860.0,38.0
2271,4077.0,14.0,0.9580245772390602,240278.0,38.0
2272,4333.0,43.0,1.0,242328.0,38.0
2273,4140.0,35.0,0.9787702712154177,240281.0,38.0
2274,4153.0,35.0,1.0,240796.0,38.0
2275,3995.0,53.0,1.0,242333.0,38.0
2276,4011.0,45.0,1.0,242847.0,38.0
2277,4876.0,16.0,1.0,242340.0,38.0
2278,3950.0,40.0,0.9617363043441437,243365.0,38.0
2279,3904.0,20.0,1.0,243878.0,38.0
2280,4078.0,14.0,1.0,240296.0,38.0
2281,3963.0,23.0,1.0,243376.0,38.0
2282,3979.0,51.0,0.9587552445927351,241841.0,38.0
2283,4128.0,12.0,1.0,240819.0,38.0
2284,3882.0,54.0,1.0,241333.0,38.0
2285,4211.0,48.0,1.0,243381.0,38.0
2286,4184.0,35.0,1.0,242359.0,38.0
2287,3929.0,18.0,1.0,242875.0,38.0
2288,4159.0,49.0,1.0,241854.0,38.0
2289,4151.0,47.0,0.9822459968866917,241351.0,38.0
2290,4121.0,6.0,0.9617866958701723,242378.0,38.0
2291,3674.0,2.0,0.9728365111903469,241357.0,38.0
2292,4770.0,15.0,0.9506710705342246,243918.0,38.0
2293,4003.0,8.0,1.0,240848.0,38.0
2294,3774.0,37.0,1.0,242386.0,38.0
2295,4844.0,16.0,1.0,239828.0,38.0
2296,4250.0,42.0,0.96141193551138,240852.0,38.0
2297,3918.0,23.0,1.0,240853.0,38.0
2298,4360.0,10.0,1.0,241365.0,38.0
2299,4008.0,46.0,1.0,241369.0,38.0
2300,4170.0,28.0,1.0,242394.0,38.0
2301,3658.0,0.0,1.0,243421.0,38.0
2302,4183.0,30.0,0.9523139601417897,242912.0,38.0
2303,3988.0,23.0,0.9767013916551733,243936.0,38.0
2304,4106.0,44.0,1.0,241890.0,38.0
2305,4016.0,46.0,1.0,241893.0,38.0
2306,4056.0,8.0,0.9745542224376685,243430.0,38.0
2307,4227.0,31.0,1.0,242407.0,38.0
2308,4052.0,27.0,0.9688340350677529,242920.0,38.0
2309,4092.0,13.0,1.0,243950.0,38.0
2310,4127.0,26.0,1.0,241904.0,38.0
2311,4357.0,10.0,1.0,240881.0,38.0
2312,3727.0,56.0,0.9574856110838521,240888.0,38.0
2313,4204.0,30.0,0.9671671219552965,243450.0,38.0
2314,4135.0,12.0,1.0,241412.0,38.0
2315,4722.0,15.0,0.952300657082009,239878.0,38.0
2316,2435.0,59.0,0.9588918186707504,239880.0,38.0
2317,3910.0,57.0,1.0,242957.0,38.0
2318,4042.0,50.0,1.0,241424.0,38.0
2319,4972.0,17.0,1.0,241427.0,38.0
2320,3625.0,0.0,1.0,242451.0,38.0
2321,4167.0,49.0,0.9816878510134212,242453.0,38.0
2322,3826.0,36.0,1.0,240408.0,38.0
2323,3901.0,22.0,1.0,241432.0,38.0
2324,4222.0,42.0,0.9803500540796852,239901.0,38.0
2325,4939.0,17.0,1.0,239904.0,38.0
2326,4095.0,14.0,1.0,241442.0,38.0
2327,4206.0,48.0,1.0,242981.0,38.0
2328,2444.0,59.0,1.0,239917.0,38.0
2329,3748.0,55.0,0.9507034867808528,242477.0,38.0
2330,4940.0,17.0,1.0,239921.0,38.0
2331,3885.0,54.0,0.9801176316289358,241460.0,38.0
2332,3916.0,40.0,1.0,241461.0,38.0
2333,3926.0,22.0,0.9546329529992974,242484.0,38.0
2334,4112.0,29.0,1.0,240441.0,38.0
2335,3856.0,5.0,0.959666476475838,240956.0,38.0
2336,4137.0,47.0,1.0,240445.0,38.0
2337,3995.0,46.0,1.0,240957.0,38.0
2338,3957.0,45.0,0.9788598385015852,240447.0,38.0
2339,3868.0,20.0,1.0,243005.0,38.0
2340,3821.0,4.0,0.9773646213164294,240449.0,38.0
2341,4118.0,12.0,1.0,240451.0,38.0
2342,3869.0,5.0,0.9770559466480194,241478.0,38.0
2343,3912.0,3.0,1.0,243529.0,38.0
2344,4165.0,47.0,0.9566434371441294,241994.0,38.0
2345,4241.0,42.0,1.0,240459.0,38.0
2346,4005.0,8.0,1.0,240972.0,38.0
2347,4371.0,9.0,1.0,242506.0,38.0
2348,3824.0,19.0,1.0,239950.0,38.0
2349,3841.0,36.0,1.0,240975.0,38.0
2350,3871.0,20.0,1.0,243023.0,38.0
2351,4981.0,17.0,1.0,242514.0,38.0
2352,4134.0,49.0,1.0,240468.0,38.0
2353,4731.0,15.0,1.0,240983.0,38.0
2354,3905.0,41.0,1.0,242522.0,38.0
2355,4161.0,25.0,0.9713688154612078,243034.0,38.0
2356,3927.0,22.0,1.0,242525.0,38.0
2357,3914.0,57.0,1.0,243038.0,38.0
2358,4187.0,31.0,1.0,240479.0,38.0
2359,3979.0,39.0,0.971940526705424,243557.0,38.0
2360,4130.0,35.0,1.0,239983.0,38.0
2361,2462.0,59.0,1.0,239984.0,38.0
2362,4077.0,50.0,0.9757603042359246,243058.0,38.0
2363,4163.0,48.0,1.0,240503.0,38.0
2364,4070.0,13.0,0.9511712001700102,243576.0,38.0
2365,4014.0,45.0,1.0,243065.0,38.0
2366,4136.0,14.0,1.0,243577.0,38.0
2367,4174.0,28.0,1.0,242552.0,38.0
2368,4190.0,30.0,1.0,243071.0,38.0
2369,4109.0,26.0,0.9524763890464651,241024.0,38.0
2370,3972.0,21.0,1.0,243074.0,38.0
2371,4078.0,50.0,0.9502588564763573,243075.0,38.0
2372,4336.0,43.0,1.0,242562.0,38.0
2373,4243.0,42.0,1.0,240487.0,38.0
2374,4192.0,34.0,1.0,243595.0,38.0
2375,3992.0,53.0,1.0,242061.0,38.0
2376,3913.0,22.0,1.0,242063.0,38.0
2377,3868.0,3.0,0.9595925775974619,241553.0,38.0
2378,4175.0,28.0,1.0,242584.0,38.0
2379,4077.0,44.0,1.0,240541.0,38.0
2380,3964.0,53.0,1.0,241054.0,38.0
2381,4054.0,50.0,1.0,242079.0,38.0
2382,4153.0,25.0,1.0,242591.0,38.0
2383,3792.0,4.0,1.0,240034.0,38.0
2384,4126.0,7.0,0.9562181411582661,242083.0,38.0
2385,4479.0,11.0,1.0,242595.0,38.0
2386,3834.0,19.0,1.0,241067.0,38.0
2387,4140.0,47.0,1.0,240555.0,38.0
2388,3860.0,5.0,1.0,241069.0,38.0
2389,4008.0,8.0,1.0,241070.0,38.0
2390,3808.0,58.0,0.9788498089842538,242095.0,38.0
2391,4234.0,31.0,1.0,242607.0,38.0
2392,3942.0,23.0,1.0,242613.0,38.0
2393,3883.0,41.0,1.0,241079.0,38.0
2394,4132.0,35.0,0.9832192896307546,240056.0,38.0
2395,3772.0,56.0,1.0,242615.0,38.0
2396,3792.0,38.0,0.9743945572576703,241596.0,38.0
2397,4152.0,30.0,1.0,241085.0,38.0
2398,4117.0,14.0,1.0,242620.0,38.0
2399,3984.0,51.0,0.9587060141110176,242111.0,38.0
2400,3965.0,39.0,1.0,242628.0,38.0
2401,4143.0,25.0,1.0,241605.0,38.0
2402,3786.0,37.0,1.0,243142.0,38.0
2403,3944.0,39.0,1.0,241607.0,38.0
2404,4073.0,13.0,1.0,243657.0,38.0
2405,4971.0,17.0,0.9556026743856858,241098.0,38.0
2406,3888.0,57.0,0.9806204272106246,242122.0,38.0
2407,4108.0,14.0,0.9652967508933172,242128.0,38.0
2408,3670.0,2.0,1.0,241106.0,38.0
2409,3891.0,54.0,1.0,241619.0,38.0
2410,4089.0,7.0,0.9620869910395061,240601.0,38.0
2411,3818.0,58.0,1.0,242651.0,38.0
2412,3722.0,55.0,1.0,241117.0,38.0
2413,3840.0,19.0,1.0,241629.0,38.0
2414,4736.0,15.0,1.0,241631.0,38.0
2415,4952.0,17.0,0.9544001911378418,240094.0,38.0
2416,3713.0,1.0,1.0,242144.0,38.0
2417,4037.0,27.0,1.0,242146.0,38.0
2418,4247.0,42.0,0.9746851970835858,240614.0,38.0
2419,4093.0,26.0,0.9711820685386721,240107.0,38.0
2420,4358.0,10.0,0.9715548681233166,241133.0,38.0
2421,3793.0,58.0,1.0,241142.0,38.0
2422,3746.0,56.0,1.0,241660.0,38.0
2423,4134.0,35.0,1.0,240127.0,38.0
2424,4491.0,11.0,1.0,243201.0,38.0
2425,3988.0,32.0,1.0,241665.0,38.0
2426,4331.0,43.0,1.0,242178.0,38.0
2427,4124.0,12.0,1.0,240646.0,38.0
2428,3987.0,51.0,1.0,242185.0,38.0
2429,3899.0,5.0,1.0,243218.0,38.0
2430,3725.0,55.0,1.0,241174.0,38.0
2431,4004.0,32.0,1.0,242199.0,38.0
2432,3932.0,40.0,1.0,242714.0,38.0
2433,3955.0,23.0,1.0,243228.0,38.0
2434,3685.0,2.0,1.0,242204.0,38.0
2435,3633.0,0.0,1.0,242719.0,38.0
2436,4138.0,34.0,1.0,240674.0,38.0
2437,3965.0,32.0,1.0,240676.0,38.0
2438,3847.0,20.0,1.0,240677.0,38.0
2439,3876.0,20.0,1.0,243238.0,38.0
2440,3945.0,21.0,0.9540427997759645,241705.0,38.0
2441,4957.0,17.0,1.0,240173.0,38.0
2442,4133.0,34.0,1.0,240184.0,38.0
2443,4745.0,15.0,1.0,242233.0,38.0
2444,3905.0,40.0,0.9655756358080942,240700.0,38.0
2445,4130.0,6.0,0.9756970009071056,242750.0,38.0
2446,3836.0,36.0,1.0,240704.0,38.0
2447,3899.0,57.0,1.0,242753.0,38.0
2448,3815.0,36.0,1.0,240196.0,38.0
2449,3967.0,46.0,1.0,240203.0,38.0
2450,4118.0,29.0,1.0,240730.0,38.0
2451,3779.0,37.0,0.9523439240577627,242779.0,38.0
2452,3789.0,38.0,0.9751534531223294,241246.0,38.0
2453,3818.0,36.0,1.0,240223.0,38.0
2454,3905.0,3.0,1.0,243297.0,38.0
2455,4850.0,16.0,1.0,240231.0,38.0
2456,3925.0,18.0,1.0,242282.0,38.0
2457,4134.0,28.0,1.0,240747.0,38.0
2458,3692.0,1.0,1.0,241269.0,38.0
2459,4040.0,27.0,1.0,242293.0,38.0
2460,4036.0,8.0,0.9741899491242754,242294.0,38.0
2461,4141.0,49.0,1.0,240764.0,38.0
2462,4322.0,43.0,0.9749456154676478,241277.0,38.0
2463,3733.0,1.0,1.0,243330.0,38.0
2464,4150.0,49.0,1.0,241284.0,38.0
2465,4132.0,47.0,1.0,240260.0,38.0
2466,4042.0,27.0,1.0,242309.0,38.0
2467,4081.0,24.0,0.9813877971236401,241799.0,38.0
2468,3728.0,55.0,0.9751153505496574,241288.0,38.0
2469,3655.0,0.0,1.0,243336.0,38.0
2470,4121.0,29.0,1.0,240776.0,38.0
2471,3957.0,52.0,1.0,242315.0,38.0
2472,4101.0,26.0,1.0,240777.0,38.0
2473,4133.0,47.0,1.0,240269.0,38.0
2474,4133.0,6.0,1.0,242828.0,38.0
2475,4158.0,12.0,0.9755574956334206,242833.0,38.0
2476,4196.0,31.0,1.0,240793.0,38.0
2477,4069.0,24.0,1.0,241306.0,38.0
2478,4176.0,48.0,1.0,241309.0,38.0
2479,3946.0,21.0,0.9725542376132934,241826.0,38.0
2480,3963.0,52.0,1.0,242851.0,38.0
2481,3672.0,2.0,0.9596396429957589,241323.0,38.0
2482,4190.0,33.0,0.9577875132439398,240299.0,38.0
2483,3721.0,1.0,1.0,242349.0,38.0
2484,3918.0,18.0,0.9543854213207275,241840.0,38.0
2485,4047.0,13.0,0.9541822159447063,242871.0,38.0
2486,3987.0,23.0,1.0,243896.0,38.0
2487,4068.0,44.0,1.0,240312.0,38.0
2488,4369.0,9.0,1.0,242368.0,38.0
2489,4110.0,29.0,1.0,240321.0,38.0
2490,4376.0,10.0,0.9795252411597737,242374.0,38.0
2491,4747.0,15.0,1.0,242379.0,38.0
2492,3968.0,39.0,1.0,242894.0,38.0
2493,3876.0,3.0,1.0,241871.0,38.0
2494,3841.0,4.0,1.0,240855.0,38.0
2495,3910.0,18.0,1.0,241368.0,38.0
2496,4051.0,27.0,1.0,242909.0,38.0
2497,4167.0,30.0,1.0,242398.0,38.0
2498,4178.0,48.0,1.0,241375.0,38.0
2499,3831.0,38.0,1.0,243423.0,38.0
2500,3972.0,51.0,1.0,241377.0,38.0
2501,3865.0,5.0,1.0,241378.0,38.0
2502,4363.0,9.0,1.0,241891.0,38.0
2503,4096.0,7.0,0.977083934099219,240873.0,38.0
2504,3860.0,54.0,1.0,240362.0,38.0
2505,4206.0,33.0,1.0,240877.0,38.0
2506,3900.0,22.0,1.0,241392.0,38.0
2507,3971.0,46.0,1.0,240368.0,38.0
2508,4345.0,9.0,0.9581725939910407,240882.0,38.0
2509,3910.0,22.0,0.9652798126886678,241908.0,38.0
2510,2429.0,59.0,1.0,239864.0,38.0
2511,4159.0,25.0,1.0,242937.0,38.0
2512,3877.0,41.0,1.0,240378.0,38.0
2513,3949.0,52.0,1.0,241918.0,38.0
2514,3964.0,52.0,1.0,242944.0,38.0
2515,4209.0,33.0,1.0,240899.0,38.0
2516,3838.0,19.0,0.9565969430529128,241413.0,38.0
2517,4003.0,45.0,0.9806687085774621,242442.0,38.0
2518,4884.0,16.0,0.9832238747430676,242959.0,38.0
2519,3903.0,41.0,1.0,242452.0,38.0
2520,4128.0,49.0,1.0,240409.0,38.0
2521,3793.0,37.0,1.0,243483.0,38.0
2522,3982.0,45.0,0.9801095886436209,241440.0,38.0
2523,4487.0,11.0,0.9819056333250759,242976.0,38.0
2524,4072.0,24.0,1.0,241445.0,38.0
2525,3827.0,36.0,1.0,240422.0,38.0
2526,3642.0,0.0,0.9599785190625614,242982.0,38.0
2527,3850.0,20.0,1.0,241450.0,38.0
2528,4873.0,16.0,1.0,241972.0,38.0
2529,3973.0,46.0,0.9500002314456738,240443.0,38.0
2530,3820.0,4.0,0.9743019756488104,240448.0,38.0
2531,4084.0,44.0,1.0,240961.0,38.0
2532,4253.0,42.0,0.9759235939152697,240963.0,38.0
2533,3869.0,20.0,1.0,243011.0,38.0
2534,3876.0,57.0,1.0,241481.0,38.0
2535,3912.0,54.0,1.0,242507.0,38.0
2536,3903.0,40.0,0.973293736486686,240462.0,38.0
2537,4024.0,8.0,0.9691140475294141,241999.0,38.0
2538,4007.0,53.0,1.0,243538.0,38.0
2539,2456.0,59.0,1.0,239954.0,38.0
2540,4366.0,10.0,0.979855499442521,242005.0,38.0
2541,4199.0,31.0,1.0,240984.0,38.0
2542,4138.0,6.0,1.0,243039.0,38.0
2543,4113.0,12.0,0.9695138397876656,239969.0,38.0
2544,2460.0,59.0,1.0,239970.0,38.0
2545,3741.0,56.0,0.9529993878919645,241511.0,38.0
2546,4191.0,47.0,0.9663249458239176,243963.0,38.0
2547,4171.0,49.0,0.9719657954011712,243964.0,38.0
2548,4107.0,50.0,0.978680024577004,243965.0,38.0
