,ms2_id,Sample_id,explained_Int(%),SummMS2Table_id,Slice_id
0,886.0,44.0,0.9750127814058485,55550.0,3.0
1,935.0,46.0,0.9697284155317322,55551.0,3.0
2,968.0,52.0,1.0,55556.0,3.0
3,947.0,48.0,0.9676648098377625,55557.0,3.0
4,946.0,48.0,1.0,55558.0,3.0
5,945.0,48.0,0.9667073764603119,55559.0,3.0
6,1125.0,2.0,1.0,55563.0,3.0
7,895.0,23.0,0.9644356965785893,55569.0,3.0
8,894.0,23.0,0.9815651226083473,55570.0,3.0
9,880.0,35.0,1.0,55572.0,3.0
10,878.0,35.0,0.9829544364282158,55573.0,3.0
11,875.0,35.0,0.9759237731049685,55576.0,3.0
12,882.0,50.0,1.0,55577.0,3.0
13,881.0,35.0,0.9785899071241613,55580.0,3.0
14,885.0,44.0,1.0,55590.0,3.0
15,950.0,49.0,1.0,55595.0,3.0
16,949.0,49.0,0.9671561649332374,55596.0,3.0
17,887.0,9.0,0.9767909497906387,55600.0,3.0
18,889.0,9.0,0.9523015631150729,55602.0,3.0
19,959.0,54.0,0.990531157870097,55605.0,3.0
20,989.0,53.0,1.0,55607.0,3.0
21,1066.0,36.0,0.9703492810968274,55609.0,3.0
22,988.0,53.0,0.9892076014552185,55617.0,3.0
23,884.0,24.0,0.991674734768169,55622.0,3.0
24,883.0,24.0,1.0,55623.0,3.0
25,962.0,3.0,0.9824133331300928,55626.0,3.0
26,1017.0,38.0,1.0,55631.0,3.0
27,958.0,54.0,0.9774019063856603,55632.0,3.0
28,987.0,53.0,0.9795154703196819,55638.0,3.0
29,1069.0,36.0,0.9719377614523357,55640.0,3.0
30,1081.0,0.0,1.0,55646.0,3.0
31,824.0,29.0,1.0,55652.0,3.0
32,872.0,43.0,0.9623975573552385,55653.0,3.0
33,892.0,47.0,0.9908204095134002,55657.0,3.0
34,922.0,39.0,0.9941333632299898,55666.0,3.0
35,1002.0,5.0,0.9678479191700773,55673.0,3.0
36,933.0,46.0,0.9914091142746349,55674.0,3.0
37,848.0,32.0,0.9803260691103385,55679.0,3.0
38,817.0,29.0,0.9934097424572438,55680.0,3.0
39,887.0,44.0,1.0,55683.0,3.0
40,842.0,56.0,0.9614793041633134,55694.0,3.0
41,899.0,22.0,0.9748108832515676,55696.0,3.0
42,874.0,26.0,0.9898518751354284,55699.0,3.0
43,894.0,47.0,0.9926798289870099,55701.0,3.0
44,852.0,12.0,0.9720723558774602,55706.0,3.0
45,850.0,12.0,1.0,55708.0,3.0
46,853.0,12.0,1.0,55711.0,3.0
47,861.0,33.0,0.9857829843491507,55712.0,3.0
48,859.0,33.0,0.9921867992678894,55714.0,3.0
49,853.0,13.0,0.9782530129762269,55719.0,3.0
50,1034.0,17.0,0.9786433969578624,55724.0,3.0
51,895.0,22.0,0.9728998133673321,55728.0,3.0
52,852.0,13.0,0.9546582216833237,55731.0,3.0
53,895.0,27.0,0.9608904074137615,55741.0,3.0
54,894.0,27.0,0.960822511649609,55742.0,3.0
55,890.0,27.0,0.9960651111221008,55743.0,3.0
56,896.0,34.0,0.9509769125744394,55744.0,3.0
57,852.0,11.0,1.0,55745.0,3.0
58,875.0,43.0,0.9783005068046018,55748.0,3.0
59,876.0,43.0,0.9729650610112132,55750.0,3.0
60,878.0,43.0,0.9532737750799507,55754.0,3.0
61,884.0,44.0,0.9820908035767477,55755.0,3.0
62,850.0,32.0,1.0,55769.0,3.0
63,802.0,14.0,1.0,55774.0,3.0
64,898.0,47.0,0.9731958129577952,55782.0,3.0
65,951.0,49.0,0.9873890199798665,55784.0,3.0
66,896.0,27.0,0.975125270617043,55790.0,3.0
67,897.0,34.0,0.9814015154079384,55791.0,3.0
68,882.0,35.0,0.9776095012796403,55792.0,3.0
69,855.0,30.0,0.9935574435814009,55799.0,3.0
70,1011.0,16.0,0.9721132956726773,55800.0,3.0
71,1037.0,17.0,1.0,55808.0,3.0
72,900.0,22.0,0.9599134384312287,55813.0,3.0
73,901.0,22.0,1.0,55828.0,3.0
74,856.0,12.0,1.0,55837.0,3.0
75,929.0,39.0,1.0,55838.0,3.0
76,901.0,47.0,1.0,55868.0,3.0
77,886.0,50.0,0.9752887352934982,55870.0,3.0
78,840.0,55.0,1.0,55877.0,3.0
79,1021.0,38.0,0.9920532204559402,55890.0,3.0
80,843.0,7.0,0.9509876597363452,55909.0,3.0
81,902.0,28.0,0.9957672660736911,55911.0,3.0
82,932.0,21.0,0.9772927316980472,55913.0,3.0
83,872.0,8.0,0.9744811174955017,55915.0,3.0
84,964.0,54.0,0.9976476867665421,55917.0,3.0
85,930.0,39.0,0.9847370743171784,55918.0,3.0
86,844.0,7.0,0.9877407902701647,55919.0,3.0
87,1074.0,36.0,0.9921916117722912,55923.0,3.0
88,905.0,22.0,1.0,55940.0,3.0
89,846.0,56.0,1.0,55959.0,3.0
90,859.0,11.0,0.9873863822371943,55964.0,3.0
91,876.0,26.0,0.9934104692270067,55966.0,3.0
92,874.0,8.0,0.9911333206250913,55968.0,3.0
93,828.0,29.0,0.9944844948647485,55971.0,3.0
94,860.0,11.0,0.9706856949868313,55984.0,3.0
95,888.0,50.0,1.0,55992.0,3.0
96,892.0,24.0,1.0,55996.0,3.0
97,848.0,56.0,0.9511207263584186,55998.0,3.0
98,1016.0,15.0,1.0,55999.0,3.0
99,857.0,32.0,0.9962719215991244,56001.0,3.0
100,1095.0,37.0,0.9924776656075726,56002.0,3.0
101,889.0,50.0,1.0,56006.0,3.0
102,830.0,29.0,1.0,56016.0,3.0
103,1155.0,1.0,0.9763005217182424,56028.0,3.0
104,861.0,11.0,1.0,56029.0,3.0
105,856.0,6.0,0.9918652597156019,56032.0,3.0
106,857.0,6.0,0.9835863483953047,56033.0,3.0
107,858.0,6.0,0.9985588700732408,56034.0,3.0
108,1089.0,0.0,1.0,56044.0,3.0
109,1091.0,0.0,0.997572070907032,56045.0,3.0
110,1092.0,0.0,0.9902211328797652,56046.0,3.0
111,1093.0,0.0,0.9771263665125913,56047.0,3.0
112,1016.0,16.0,0.9599399428145112,56053.0,3.0
113,871.0,42.0,1.0,56058.0,3.0
114,1080.0,36.0,1.0,56060.0,3.0
115,1156.0,1.0,1.0,56063.0,3.0
116,1157.0,1.0,0.9971452573410505,56064.0,3.0
117,957.0,49.0,0.9577788373270713,56065.0,3.0
118,893.0,50.0,0.9688989155301925,56069.0,3.0
119,902.0,34.0,0.9906874580430981,56071.0,3.0
120,860.0,32.0,0.9784227268689986,56073.0,3.0
121,831.0,29.0,1.0,56077.0,3.0
122,892.0,50.0,1.0,56078.0,3.0
123,834.0,29.0,1.0,56080.0,3.0
124,1010.0,5.0,0.9867489415183593,56082.0,3.0
125,878.0,8.0,0.958164805334752,56084.0,3.0
126,956.0,49.0,0.985437356725729,56095.0,3.0
127,868.0,33.0,0.9642045609977742,56096.0,3.0
128,869.0,33.0,0.9905307868950329,56097.0,3.0
129,871.0,33.0,0.9832901888783303,56099.0,3.0
130,1140.0,2.0,0.9851921576087413,56104.0,3.0
131,904.0,31.0,0.9706554844638179,56108.0,3.0
132,970.0,54.0,0.9695538613863042,56113.0,3.0
133,1048.0,19.0,0.9951095843009607,56121.0,3.0
134,1024.0,38.0,0.9968381300050507,56127.0,3.0
135,894.0,24.0,0.9686543842535332,56129.0,3.0
136,1054.0,19.0,1.0,56132.0,3.0
137,850.0,7.0,0.9777561388257937,56134.0,3.0
138,1012.0,57.0,0.9623599145950068,56137.0,3.0
139,848.0,7.0,0.9943762814614913,56141.0,3.0
140,933.0,39.0,0.9516079113274041,56143.0,3.0
141,972.0,54.0,1.0,56147.0,3.0
142,1090.0,0.0,0.9931897160838281,56165.0,3.0
143,1015.0,57.0,1.0,56169.0,3.0
144,1016.0,57.0,0.9860126864082822,56170.0,3.0
145,995.0,53.0,1.0,56171.0,3.0
146,877.0,8.0,1.0,56176.0,3.0
147,869.0,42.0,0.9665710012238763,56177.0,3.0
148,879.0,26.0,1.0,56182.0,3.0
149,989.0,51.0,0.9713897400147761,56194.0,3.0
150,880.0,41.0,0.9858612857319358,56195.0,3.0
151,807.0,14.0,0.995414219778206,56201.0,3.0
152,808.0,14.0,0.9687980917081218,56202.0,3.0
153,985.0,20.0,0.9659289144249414,56205.0,3.0
154,986.0,20.0,1.0,56206.0,3.0
155,1078.0,36.0,0.9676807024721581,56208.0,3.0
156,913.0,22.0,0.9672009223972632,56212.0,3.0
157,935.0,39.0,1.0,56224.0,3.0
158,976.0,52.0,1.0,56229.0,3.0
159,1025.0,38.0,1.0,56236.0,3.0
160,1026.0,38.0,1.0,56237.0,3.0
161,1052.0,19.0,0.9695824208433084,56238.0,3.0
162,886.0,35.0,1.0,56239.0,3.0
163,900.0,40.0,0.9718923397882202,56245.0,3.0
164,1047.0,19.0,1.0,56249.0,3.0
165,911.0,22.0,1.0,56251.0,3.0
166,916.0,22.0,0.9687322398457616,56253.0,3.0
167,912.0,28.0,0.9942169516433657,56259.0,3.0
168,895.0,44.0,0.9915309230195276,56264.0,3.0
169,1014.0,5.0,0.9941956268098813,56265.0,3.0
170,815.0,10.0,0.9767206987358059,56268.0,3.0
171,1011.0,5.0,0.9793039721097584,56271.0,3.0
172,1012.0,5.0,0.9907818404399401,56272.0,3.0
173,895.0,9.0,0.9648967211465287,56275.0,3.0
174,864.0,30.0,0.9959516241005144,56283.0,3.0
175,1019.0,15.0,0.9977566800126006,56286.0,3.0
176,831.0,25.0,1.0,56288.0,3.0
177,886.0,43.0,0.9860740558613202,56289.0,3.0
178,859.0,30.0,0.991149915516519,56295.0,3.0
179,907.0,27.0,0.9688155704538378,56298.0,3.0
180,908.0,27.0,1.0,56302.0,3.0
181,910.0,27.0,0.9815184237383491,56309.0,3.0
182,941.0,46.0,1.0,56310.0,3.0
183,953.0,45.0,1.0,56313.0,3.0
184,854.0,56.0,1.0,56316.0,3.0
185,860.0,12.0,0.9861924416616769,56319.0,3.0
186,832.0,25.0,0.9734967969020852,56320.0,3.0
187,863.0,32.0,0.9969648428025474,56324.0,3.0
188,810.0,14.0,0.9660524350409493,56325.0,3.0
189,1017.0,5.0,0.9748130100536988,56344.0,3.0
190,1143.0,2.0,0.9964061235292319,56346.0,3.0
191,868.0,11.0,0.9949291065733484,56351.0,3.0
192,885.0,26.0,1.0,56355.0,3.0
193,936.0,39.0,1.0,56366.0,3.0
194,918.0,22.0,0.9676283168370233,56372.0,3.0
195,1057.0,19.0,0.9929246741070054,56378.0,3.0
196,1018.0,5.0,0.9696375771330636,56382.0,3.0
197,905.0,40.0,0.9963291736228159,56384.0,3.0
198,1043.0,17.0,0.9921187979856791,56387.0,3.0
199,907.0,47.0,0.991321316574026,56395.0,3.0
200,886.0,26.0,0.9791568819235353,56397.0,3.0
201,887.0,26.0,1.0,56405.0,3.0
202,979.0,52.0,0.9728743532175441,56410.0,3.0
203,875.0,33.0,0.982680445547395,56415.0,3.0
204,1104.0,37.0,0.9984330914402842,56417.0,3.0
205,975.0,54.0,1.0,56419.0,3.0
206,1145.0,2.0,0.9988385880197036,56427.0,3.0
207,906.0,40.0,0.9638944943260219,56431.0,3.0
208,896.0,50.0,0.9651261756817916,56433.0,3.0
209,907.0,40.0,1.0,56438.0,3.0
210,856.0,56.0,1.0,56441.0,3.0
211,898.0,44.0,0.996176212191404,56454.0,3.0
212,1019.0,5.0,0.9745536384175729,56455.0,3.0
213,890.0,41.0,1.0,56458.0,3.0
214,866.0,32.0,0.9714758953896058,56473.0,3.0
215,878.0,42.0,0.9686149066959568,56481.0,3.0
216,872.0,11.0,0.9582369648188972,56484.0,3.0
217,1022.0,15.0,0.9934925814642449,56489.0,3.0
218,960.0,48.0,0.9854367032467253,56490.0,3.0
219,977.0,54.0,0.9861095576385436,56491.0,3.0
220,977.0,3.0,0.9563123342442096,56495.0,3.0
221,873.0,11.0,0.9983255155379732,56498.0,3.0
222,1002.0,53.0,0.9946987399919824,56507.0,3.0
223,873.0,6.0,0.9737374995632275,56512.0,3.0
224,917.0,28.0,0.9925134886390328,56519.0,3.0
225,869.0,32.0,0.9966963664440506,56528.0,3.0
226,1082.0,36.0,0.9929239985018774,56537.0,3.0
227,916.0,27.0,0.9647893326631403,56550.0,3.0
228,938.0,39.0,0.9938805149457438,56559.0,3.0
229,1017.0,16.0,1.0,56561.0,3.0
230,1101.0,0.0,0.9929718283387772,56570.0,3.0
231,961.0,45.0,0.9947285221033773,56573.0,3.0
232,964.0,48.0,0.9975077711915132,56574.0,3.0
233,1019.0,16.0,0.9736915761624018,56581.0,3.0
234,859.0,56.0,0.9782493516190615,56585.0,3.0
235,1024.0,15.0,0.9946912636563255,56588.0,3.0
236,911.0,47.0,1.0,56590.0,3.0
237,921.0,27.0,0.9813736693735614,56591.0,3.0
238,893.0,41.0,0.993350040277753,56592.0,3.0
239,895.0,43.0,0.9822280354598253,56595.0,3.0
240,894.0,43.0,0.9667062800602767,56596.0,3.0
241,900.0,44.0,0.9679043859470909,56601.0,3.0
242,1027.0,15.0,1.0,56602.0,3.0
243,873.0,32.0,0.9854694187969889,56604.0,3.0
244,872.0,32.0,1.0,56605.0,3.0
245,872.0,30.0,0.9938090160956908,56608.0,3.0
246,905.0,50.0,0.9740554068419558,56611.0,3.0
247,913.0,40.0,0.9773207187568856,56617.0,3.0
248,962.0,45.0,0.9557108047096043,56619.0,3.0
249,980.0,3.0,0.9917726293136977,56620.0,3.0
250,1023.0,16.0,1.0,56627.0,3.0
251,963.0,49.0,0.9957568043384235,56635.0,3.0
252,914.0,47.0,0.9877273991655077,56637.0,3.0
253,960.0,49.0,0.9558070460796837,56644.0,3.0
254,890.0,26.0,0.9646106525428755,56645.0,3.0
255,1150.0,2.0,1.0,56650.0,3.0
256,891.0,26.0,1.0,56653.0,3.0
257,946.0,46.0,0.9584356014895217,56659.0,3.0
258,828.0,10.0,0.9744948544213446,56660.0,3.0
259,1030.0,38.0,0.9693202707634923,56666.0,3.0
260,924.0,22.0,0.9902834298974561,56667.0,3.0
261,1010.0,58.0,1.0,56668.0,3.0
262,985.0,52.0,1.0,56669.0,3.0
263,986.0,52.0,1.0,56670.0,3.0
264,1033.0,38.0,1.0,56676.0,3.0
265,863.0,7.0,1.0,56678.0,3.0
266,966.0,48.0,0.9853359379351837,56681.0,3.0
267,861.0,7.0,0.9872704105463505,56683.0,3.0
268,856.0,7.0,0.9951765053133554,56684.0,3.0
269,999.0,51.0,0.9866960813368469,56698.0,3.0
270,963.0,45.0,0.9733021609124742,56700.0,3.0
271,923.0,28.0,1.0,56706.0,3.0
272,909.0,40.0,0.9601665210842352,56707.0,3.0
273,911.0,40.0,0.9778366659988741,56709.0,3.0
274,914.0,31.0,0.9950224597837397,56711.0,3.0
275,916.0,31.0,0.9661121685161573,56713.0,3.0
276,910.0,31.0,0.9972828424460662,56715.0,3.0
277,911.0,31.0,0.965871541351786,56716.0,3.0
278,949.0,21.0,0.9861481981831793,56723.0,3.0
279,947.0,21.0,0.9789991635998223,56725.0,3.0
280,1021.0,5.0,1.0,56727.0,3.0
281,1109.0,37.0,0.969594262344237,56728.0,3.0
282,1104.0,0.0,1.0,56732.0,3.0
283,1103.0,0.0,0.9718259455997251,56733.0,3.0
284,869.0,12.0,1.0,56738.0,3.0
285,861.0,56.0,0.9959355135102609,56741.0,3.0
286,852.0,29.0,0.997511783049515,56743.0,3.0
287,1084.0,36.0,0.9682596816050296,56744.0,3.0
288,1086.0,36.0,0.9899715659816899,56746.0,3.0
289,1087.0,36.0,0.9807974162588801,56747.0,3.0
290,837.0,25.0,0.9667898866077308,56748.0,3.0
291,853.0,29.0,0.9933047792280423,56767.0,3.0
292,994.0,20.0,0.9774765557733994,56768.0,3.0
293,905.0,24.0,1.0,56777.0,3.0
294,979.0,54.0,0.9849337701447373,56783.0,3.0
295,980.0,54.0,0.9889765405654135,56787.0,3.0
296,981.0,54.0,0.9923246893685518,56788.0,3.0
297,1083.0,36.0,0.9670676084206271,56789.0,3.0
298,1004.0,53.0,1.0,56790.0,3.0
299,1008.0,53.0,0.9854399845293504,56794.0,3.0
300,1022.0,57.0,0.9931475937995532,56796.0,3.0
301,876.0,6.0,0.9823839431608093,56798.0,3.0
302,880.0,6.0,1.0,56802.0,3.0
303,1020.0,57.0,0.9965263011115922,56811.0,3.0
304,907.0,34.0,1.0,56813.0,3.0
305,829.0,10.0,0.9748317053970764,56820.0,3.0
306,878.0,33.0,0.993908546933394,56825.0,3.0
307,946.0,21.0,0.9897093253509999,56827.0,3.0
308,870.0,12.0,0.9957119004155897,56831.0,3.0
309,854.0,29.0,0.9642707783461559,56832.0,3.0
310,881.0,42.0,1.0,56834.0,3.0
311,905.0,44.0,0.9818375688960029,56863.0,3.0
312,1014.0,58.0,1.0,56867.0,3.0
313,1046.0,17.0,0.9911126969476729,56871.0,3.0
314,853.0,55.0,0.9794110866871116,56873.0,3.0
315,906.0,44.0,1.0,56879.0,3.0
316,906.0,50.0,0.986121194041706,56895.0,3.0
317,1111.0,37.0,0.9700262874363246,56903.0,3.0
318,988.0,3.0,0.974329917037742,56911.0,3.0
319,815.0,14.0,0.9850957176869548,56913.0,3.0
320,916.0,40.0,0.9978274155362733,56917.0,3.0
321,928.0,22.0,0.9700788890654639,56927.0,3.0
322,1015.0,58.0,0.9694388800331589,56928.0,3.0
323,966.0,45.0,0.9611081472115433,56935.0,3.0
324,816.0,14.0,1.0,56936.0,3.0
325,1005.0,51.0,0.9898637712200217,56951.0,3.0
326,857.0,29.0,0.9578938386847139,56969.0,3.0
327,1106.0,0.0,1.0,56976.0,3.0
328,866.0,7.0,0.9750761811979265,56977.0,3.0
329,951.0,46.0,1.0,56992.0,3.0
330,886.0,11.0,1.0,56993.0,3.0
331,865.0,56.0,1.0,56996.0,3.0
332,910.0,50.0,1.0,57003.0,3.0
333,873.0,13.0,0.9725387187378077,57017.0,3.0
334,951.0,21.0,0.9945883779701439,57025.0,3.0
335,919.0,40.0,0.9647750179118956,57035.0,3.0
336,952.0,46.0,0.9698593887907443,57040.0,3.0
337,953.0,46.0,1.0,57041.0,3.0
338,954.0,46.0,0.9929897289964769,57042.0,3.0
339,902.0,43.0,0.9716318272011857,57043.0,3.0
340,1159.0,2.0,1.0,57049.0,3.0
341,892.0,11.0,0.9920432467348246,57055.0,3.0
342,894.0,8.0,1.0,57057.0,3.0
343,1164.0,1.0,1.0,57059.0,3.0
344,886.0,6.0,0.9860932625285009,57061.0,3.0
345,913.0,23.0,0.997365414464704,57066.0,3.0
346,1020.0,58.0,1.0,57070.0,3.0
347,906.0,26.0,0.9566728863766575,57071.0,3.0
348,922.0,34.0,0.9691343324864998,57075.0,3.0
349,923.0,34.0,0.9626921871504629,57076.0,3.0
350,1018.0,53.0,0.988023704574861,57077.0,3.0
351,1019.0,53.0,0.9504387488743415,57078.0,3.0
352,926.0,27.0,0.981182124088991,57080.0,3.0
353,899.0,35.0,0.9843043837152806,57082.0,3.0
354,1068.0,19.0,0.9888125204722614,57100.0,3.0
355,1112.0,0.0,0.9959280330195895,57108.0,3.0
356,1113.0,0.0,1.0,57109.0,3.0
357,1116.0,0.0,0.9612016337411073,57112.0,3.0
358,1008.0,51.0,1.0,57116.0,3.0
359,1069.0,19.0,0.9520869938322384,57117.0,3.0
360,901.0,35.0,0.9869903937622583,57119.0,3.0
361,888.0,32.0,0.9940563068064219,57131.0,3.0
362,1167.0,1.0,0.9622051904417642,57132.0,3.0
363,909.0,24.0,0.9866260750312673,57136.0,3.0
364,910.0,24.0,0.9956402068930048,57137.0,3.0
365,911.0,24.0,0.9747884785724197,57138.0,3.0
366,895.0,8.0,1.0,57143.0,3.0
367,1170.0,1.0,1.0,57151.0,3.0
368,1108.0,0.0,1.0,57153.0,3.0
369,1111.0,0.0,0.9880422644757182,57156.0,3.0
370,978.0,48.0,0.9924484988235601,57158.0,3.0
371,931.0,27.0,0.9796264785023645,57166.0,3.0
372,1036.0,57.0,0.9739645669875892,57171.0,3.0
373,878.0,30.0,0.9941205304411163,57172.0,3.0
374,1034.0,57.0,0.9648353194415717,57173.0,3.0
375,1032.0,57.0,0.9705356871177159,57175.0,3.0
376,911.0,44.0,0.95944441731185,57178.0,3.0
377,880.0,30.0,0.9859834763232195,57182.0,3.0
378,834.0,10.0,1.0,57183.0,3.0
379,1027.0,5.0,0.9682972925569256,57184.0,3.0
380,912.0,24.0,0.9955274370479545,57189.0,3.0
381,913.0,24.0,1.0,57190.0,3.0
382,914.0,24.0,0.9551494171029835,57191.0,3.0
383,877.0,13.0,1.0,57194.0,3.0
384,995.0,52.0,0.9679010181198919,57198.0,3.0
385,929.0,27.0,0.9604974911003857,57200.0,3.0
386,1034.0,15.0,0.9712068532640321,57203.0,3.0
387,1037.0,57.0,0.997523691425421,57205.0,3.0
388,884.0,32.0,0.9711407938020217,57207.0,3.0
389,886.0,32.0,0.992202236091456,57208.0,3.0
390,887.0,32.0,0.9907987619905294,57209.0,3.0
391,993.0,3.0,0.9893847408155397,57210.0,3.0
392,993.0,52.0,0.9864858692770426,57211.0,3.0
393,821.0,14.0,0.9697755196349229,57213.0,3.0
394,881.0,32.0,0.9731160810978112,57214.0,3.0
395,883.0,32.0,0.9639672333626688,57216.0,3.0
396,1023.0,58.0,0.9702926740232161,57232.0,3.0
397,916.0,34.0,1.0,57236.0,3.0
398,917.0,34.0,1.0,57237.0,3.0
399,901.0,9.0,0.9914580266793374,57239.0,3.0
400,898.0,8.0,0.9781827744885132,57246.0,3.0
401,900.0,8.0,1.0,57248.0,3.0
402,933.0,22.0,0.9800395638507268,57257.0,3.0
403,921.0,47.0,0.9608530870399029,57262.0,3.0
404,1031.0,5.0,0.9942378468600562,57266.0,3.0
405,1033.0,5.0,0.9862055566089195,57268.0,3.0
406,997.0,3.0,0.9888531326666992,57270.0,3.0
407,905.0,41.0,0.9925355512348762,57273.0,3.0
408,907.0,41.0,0.9595574533696414,57274.0,3.0
409,912.0,50.0,0.967715726938595,57278.0,3.0
410,908.0,41.0,0.9978884778810786,57283.0,3.0
411,879.0,13.0,0.9778017704576081,57286.0,3.0
412,986.0,54.0,0.9605985804117633,57289.0,3.0
413,908.0,26.0,0.9961616445528613,57294.0,3.0
414,988.0,17.0,1.0,53215.0,3.0
415,846.0,47.0,0.9799757423074796,53217.0,3.0
416,888.0,6.0,0.986726694082387,57315.0,3.0
417,989.0,17.0,1.0,53220.0,3.0
418,828.0,35.0,0.961092123702,53221.0,3.0
419,847.0,47.0,1.0,53222.0,3.0
420,930.0,52.0,0.9646824081148933,53226.0,3.0
421,1031.0,37.0,1.0,53227.0,3.0
422,859.0,55.0,0.9629735506374407,57323.0,3.0
423,979.0,4.0,1.0,53230.0,3.0
424,990.0,17.0,1.0,53232.0,3.0
425,885.0,49.0,0.9615703477435453,53233.0,3.0
426,992.0,18.0,0.9569579464086652,53234.0,3.0
427,655.0,59.0,0.9836881713667198,53235.0,3.0
428,849.0,28.0,0.971251402799356,53236.0,3.0
429,653.0,59.0,0.9749556763848981,53237.0,3.0
430,873.0,34.0,0.9668713967034218,53238.0,3.0
431,911.0,41.0,1.0,57332.0,3.0
432,882.0,30.0,0.9916488358467825,57336.0,3.0
433,991.0,18.0,0.9707903929138612,53241.0,3.0
434,918.0,23.0,1.0,57337.0,3.0
435,953.0,53.0,1.0,53247.0,3.0
436,907.0,9.0,1.0,57345.0,3.0
437,928.0,34.0,1.0,57346.0,3.0
438,887.0,33.0,1.0,57347.0,3.0
439,660.0,59.0,1.0,53252.0,3.0
440,1033.0,37.0,1.0,53254.0,3.0
441,903.0,8.0,0.9833878090847051,57353.0,3.0
442,992.0,17.0,0.9665557238826372,53260.0,3.0
443,826.0,8.0,1.0,53264.0,3.0
444,904.0,8.0,0.9963079111601059,57360.0,3.0
445,919.0,23.0,1.0,57362.0,3.0
446,871.0,56.0,0.9587745519477411,57365.0,3.0
447,912.0,41.0,0.9806385458094495,57367.0,3.0
448,742.0,14.0,0.9582160430129387,53272.0,3.0
449,892.0,32.0,0.9945274127337974,57368.0,3.0
450,872.0,7.0,0.9958774555178773,57375.0,3.0
451,674.0,59.0,1.0,53285.0,3.0
452,955.0,53.0,1.0,53290.0,3.0
453,954.0,53.0,1.0,53291.0,3.0
454,861.0,55.0,0.9601412627760422,57390.0,3.0
455,814.0,42.0,0.9799404316505846,53296.0,3.0
456,994.0,38.0,0.9702573342724428,53297.0,3.0
457,677.0,59.0,0.9631007276106233,53299.0,3.0
458,1038.0,5.0,0.9732858501146544,57397.0,3.0
459,1010.0,51.0,1.0,57398.0,3.0
460,830.0,26.0,0.9633045673195884,53303.0,3.0
461,994.0,17.0,1.0,53309.0,3.0
462,1039.0,15.0,1.0,57405.0,3.0
463,895.0,11.0,0.9953544018252848,57406.0,3.0
464,1086.0,1.0,0.9594461200620753,53314.0,3.0
465,995.0,17.0,1.0,53315.0,3.0
466,1040.0,15.0,0.9779867429298345,57412.0,3.0
467,979.0,16.0,0.9858275320955421,53317.0,3.0
468,995.0,18.0,0.9908199215777236,53319.0,3.0
469,1122.0,0.0,0.9883325075400388,57416.0,3.0
470,931.0,51.0,0.9925069559604236,53321.0,3.0
471,850.0,28.0,1.0,53326.0,3.0
472,889.0,42.0,0.9932243190293835,57424.0,3.0
473,1036.0,37.0,0.9642123540700074,53329.0,3.0
474,855.0,22.0,1.0,53330.0,3.0
475,980.0,48.0,0.9948197894252461,57426.0,3.0
476,921.0,23.0,1.0,57429.0,3.0
477,1087.0,1.0,0.9882187659121229,53336.0,3.0
478,981.0,48.0,0.9941225669547916,57432.0,3.0
479,744.0,14.0,0.9513819510209652,53342.0,3.0
480,897.0,11.0,0.9921034991999437,57438.0,3.0
481,788.0,7.0,0.9965643834837213,53344.0,3.0
482,996.0,18.0,0.9982589908685345,53345.0,3.0
483,925.0,47.0,0.9843648233774785,57442.0,3.0
484,863.0,39.0,0.968824651251542,53347.0,3.0
485,932.0,51.0,0.979684593257699,53349.0,3.0
486,1040.0,5.0,0.9701267318487256,57446.0,3.0
487,1022.0,53.0,0.9859845867758754,57447.0,3.0
488,903.0,43.0,0.9829830003716825,57449.0,3.0
489,993.0,4.0,0.974138441892612,53356.0,3.0
490,1000.0,3.0,0.9664405977584691,57456.0,3.0
491,909.0,9.0,0.996528146427792,57459.0,3.0
492,1033.0,58.0,0.980620702796762,57465.0,3.0
493,999.0,17.0,1.0,53371.0,3.0
494,1003.0,18.0,0.9635275212383947,53373.0,3.0
495,843.0,31.0,0.9816175021266282,53376.0,3.0
496,1001.0,18.0,0.9730004039082385,53378.0,3.0
497,830.0,35.0,1.0,53379.0,3.0
498,1089.0,36.0,1.0,57477.0,3.0
499,1088.0,36.0,1.0,57478.0,3.0
500,859.0,27.0,0.973437495062344,53386.0,3.0
501,933.0,28.0,1.0,57482.0,3.0
502,995.0,4.0,1.0,53390.0,3.0
503,893.0,42.0,1.0,57486.0,3.0
504,892.0,42.0,0.9864785345067818,57487.0,3.0
505,891.0,42.0,1.0,57488.0,3.0
506,831.0,26.0,0.9801952263867314,53396.0,3.0
507,958.0,21.0,0.9620610902086811,57493.0,3.0
508,1004.0,18.0,0.9704854949583386,53402.0,3.0
509,914.0,41.0,0.9897633322121009,57504.0,3.0
510,998.0,4.0,0.9640129533448586,53411.0,3.0
511,981.0,16.0,0.9554081482233263,53413.0,3.0
512,999.0,4.0,0.9795293432300758,53415.0,3.0
513,865.0,55.0,0.9664840980021485,57511.0,3.0
514,1037.0,37.0,0.9926876956015993,53417.0,3.0
515,1000.0,17.0,0.9590634811054748,53418.0,3.0
516,857.0,25.0,0.9687148691308205,57515.0,3.0
517,875.0,23.0,0.9543806373481997,53420.0,3.0
518,968.0,49.0,0.9601203631804117,57517.0,3.0
519,838.0,41.0,1.0,53422.0,3.0
520,1000.0,4.0,0.9773630747170841,53426.0,3.0
521,980.0,45.0,1.0,57522.0,3.0
522,1001.0,4.0,1.0,53428.0,3.0
523,934.0,34.0,0.9804418838739508,57526.0,3.0
524,933.0,51.0,0.9934354211755905,53431.0,3.0
525,814.0,33.0,0.9973950458295558,53432.0,3.0
526,933.0,34.0,1.0,57527.0,3.0
527,925.0,50.0,0.980575588181156,57528.0,3.0
528,825.0,9.0,1.0,53440.0,3.0
529,905.0,35.0,0.9609900422131007,57536.0,3.0
530,1046.0,38.0,0.9924759465741526,57538.0,3.0
531,1048.0,38.0,0.9500692252316283,57540.0,3.0
532,835.0,11.0,0.9612525521333213,53445.0,3.0
533,1007.0,18.0,0.9511391445383074,53447.0,3.0
534,922.0,50.0,0.9857438837285349,57553.0,3.0
535,929.0,47.0,1.0,57555.0,3.0
536,892.0,6.0,0.9803292850950056,57556.0,3.0
537,928.0,47.0,0.9904454314388988,57557.0,3.0
538,887.0,13.0,0.9898860749092934,57558.0,3.0
539,885.0,13.0,0.990203807200736,57561.0,3.0
540,861.0,27.0,0.9581805284092074,53466.0,3.0
541,1079.0,19.0,0.9732382814579352,57563.0,3.0
542,826.0,9.0,0.9818579669385065,53468.0,3.0
543,1040.0,37.0,0.9743406718552774,53470.0,3.0
544,1169.0,2.0,0.969306404322001,57571.0,3.0
545,1090.0,1.0,1.0,53477.0,3.0
546,1039.0,37.0,1.0,53479.0,3.0
547,876.0,46.0,1.0,53480.0,3.0
548,873.0,46.0,0.973065122037909,53483.0,3.0
549,1166.0,2.0,0.9544424905051855,57580.0,3.0
550,875.0,21.0,0.9727783462089082,53485.0,3.0
551,837.0,24.0,0.958068331054305,53486.0,3.0
552,890.0,12.0,0.991495288814934,57582.0,3.0
553,874.0,46.0,0.9842761174686336,53488.0,3.0
554,956.0,46.0,1.0,57585.0,3.0
555,1050.0,38.0,0.9723606473086578,57586.0,3.0
556,951.0,39.0,0.9754813716991505,57590.0,3.0
557,847.0,31.0,1.0,53498.0,3.0
558,876.0,56.0,0.990406808548049,57597.0,3.0
559,696.0,59.0,0.9814356247309066,53504.0,3.0
560,829.0,9.0,1.0,53505.0,3.0
561,1008.0,18.0,0.9977426828131214,53506.0,3.0
562,1009.0,4.0,0.9778811288863241,53507.0,3.0
563,830.0,9.0,0.9589692858193198,53509.0,3.0
564,1125.0,0.0,0.9867537506108632,57607.0,3.0
565,1173.0,1.0,0.9728720489477268,57609.0,3.0
566,796.0,29.0,0.9855854930494341,53517.0,3.0
567,901.0,45.0,0.9959430127694698,53521.0,3.0
568,848.0,31.0,1.0,53522.0,3.0
569,1131.0,0.0,1.0,57618.0,3.0
570,917.0,48.0,0.9749240493166887,53524.0,3.0
571,1128.0,0.0,0.99264366286206,57624.0,3.0
572,823.0,14.0,0.9800885681704573,57626.0,3.0
573,1043.0,5.0,0.9678216951424049,57630.0,3.0
574,849.0,10.0,0.993709321883861,57632.0,3.0
575,1005.0,20.0,0.9718802092964894,57637.0,3.0
576,961.0,21.0,0.9762549824257145,57639.0,3.0
577,835.0,26.0,0.9690745969836917,53544.0,3.0
578,925.0,23.0,0.9960604316170832,57640.0,3.0
579,924.0,23.0,0.9649561026097712,57641.0,3.0
580,930.0,47.0,0.9903526689565095,57643.0,3.0
581,865.0,40.0,1.0,53549.0,3.0
582,845.0,10.0,0.9588261651091952,57645.0,3.0
583,852.0,31.0,0.9591981679840443,53551.0,3.0
584,898.0,11.0,0.9879657945744318,57648.0,3.0
585,1018.0,18.0,0.9713700829716468,53554.0,3.0
586,1019.0,18.0,0.9868818035085768,53555.0,3.0
587,1033.0,16.0,0.9798240124687044,57652.0,3.0
588,836.0,26.0,0.9688520831202225,53558.0,3.0
589,876.0,23.0,0.9688682061904177,53559.0,3.0
590,986.0,48.0,0.9881703441610414,57656.0,3.0
591,1016.0,18.0,0.9784591429440993,53562.0,3.0
592,868.0,29.0,0.9873620852549688,57661.0,3.0
593,960.0,53.0,0.9657121870269655,53567.0,3.0
594,906.0,43.0,0.9796945164800333,57664.0,3.0
595,987.0,54.0,0.9752305393416492,57665.0,3.0
596,868.0,39.0,1.0,53571.0,3.0
597,1014.0,18.0,0.9741223620545207,53575.0,3.0
598,1015.0,18.0,0.9854307410851275,53576.0,3.0
599,1011.0,19.0,0.9657648406938049,53577.0,3.0
600,1043.0,15.0,0.9962270367548245,57674.0,3.0
601,942.0,22.0,1.0,57677.0,3.0
602,936.0,51.0,0.96120391163997,53586.0,3.0
603,971.0,20.0,1.0,53587.0,3.0
604,935.0,51.0,1.0,53588.0,3.0
605,1172.0,2.0,0.9976830845043587,57683.0,3.0
606,969.0,49.0,0.9880245796133297,57684.0,3.0
607,1118.0,37.0,0.9841789144201137,57685.0,3.0
608,892.0,12.0,1.0,57686.0,3.0
609,792.0,7.0,0.9689149215239635,53593.0,3.0
610,890.0,13.0,1.0,57692.0,3.0
611,837.0,26.0,0.9611513560249597,53597.0,3.0
612,880.0,56.0,0.997429541518675,57693.0,3.0
613,1034.0,16.0,0.9944674722280928,57694.0,3.0
614,866.0,55.0,1.0,57696.0,3.0
615,1017.0,4.0,0.9608309571446034,53601.0,3.0
616,1020.0,4.0,1.0,53603.0,3.0
617,831.0,9.0,0.9938307650994389,53604.0,3.0
618,927.0,31.0,0.9735480150910512,57702.0,3.0
619,1015.0,4.0,0.9766956960491517,53607.0,3.0
620,902.0,45.0,0.9786210707133558,53609.0,3.0
621,1012.0,4.0,0.9820777470267634,53613.0,3.0
622,903.0,45.0,0.9567125568342374,53621.0,3.0
623,853.0,28.0,1.0,53627.0,3.0
624,1040.0,58.0,0.9931837154860047,57725.0,3.0
625,892.0,13.0,0.9942120646848209,57726.0,3.0
626,1018.0,4.0,0.9896969665336515,53632.0,3.0
627,894.0,42.0,0.9902122608211691,57730.0,3.0
628,1094.0,1.0,0.9917623573649124,53637.0,3.0
629,893.0,12.0,0.997298254415796,57733.0,3.0
630,1042.0,58.0,1.0,57735.0,3.0
631,1173.0,2.0,0.9553006113854919,57743.0,3.0
632,935.0,40.0,1.0,57744.0,3.0
633,874.0,7.0,1.0,57746.0,3.0
634,854.0,31.0,0.9537367455545228,53655.0,3.0
635,981.0,45.0,0.9832267627612535,57751.0,3.0
636,907.0,43.0,0.9902701403157268,57755.0,3.0
637,860.0,25.0,0.9878402003682111,57760.0,3.0
638,937.0,34.0,0.9921770665070035,57762.0,3.0
639,856.0,28.0,0.9693100316865918,53670.0,3.0
640,908.0,43.0,0.9842610530186255,57769.0,3.0
641,858.0,10.0,0.9685840360002502,57777.0,3.0
642,855.0,31.0,0.9939498778376096,53683.0,3.0
643,1005.0,3.0,0.9722674017596744,57779.0,3.0
644,932.0,47.0,1.0,57783.0,3.0
645,1046.0,15.0,0.9987441437193394,57785.0,3.0
646,870.0,39.0,0.9928669442578033,53690.0,3.0
647,1047.0,15.0,1.0,57787.0,3.0
648,1020.0,36.0,0.9963757810134325,53694.0,3.0
649,836.0,9.0,1.0,53699.0,3.0
650,837.0,30.0,1.0,53701.0,3.0
651,755.0,14.0,0.9818425891132396,53702.0,3.0
652,902.0,11.0,0.9710945463399677,57798.0,3.0
653,826.0,14.0,0.9910913440497794,57801.0,3.0
654,872.0,39.0,1.0,53709.0,3.0
655,933.0,3.0,0.957472569971931,53713.0,3.0
656,919.0,41.0,0.9819489179483335,57813.0,3.0
657,840.0,35.0,1.0,53718.0,3.0
658,885.0,56.0,0.9835291779707359,57815.0,3.0
659,918.0,44.0,1.0,57818.0,3.0
660,839.0,35.0,1.0,53723.0,3.0
661,905.0,49.0,0.955403826073749,53724.0,3.0
662,1007.0,3.0,0.9913755558988215,57821.0,3.0
663,1028.0,18.0,0.9708487695876759,53727.0,3.0
664,1026.0,18.0,0.9831600335270726,53729.0,3.0
665,902.0,30.0,0.9612157612317197,57828.0,3.0
666,1021.0,36.0,0.9845409634824519,53733.0,3.0
667,1047.0,37.0,0.973183734459825,53734.0,3.0
668,999.0,38.0,1.0,53735.0,3.0
669,1011.0,20.0,0.9897263768349012,57833.0,3.0
670,896.0,13.0,0.9978380282355144,57834.0,3.0
671,1029.0,4.0,0.9745376524788786,53739.0,3.0
672,1030.0,4.0,0.9933658116569306,53740.0,3.0
673,924.0,24.0,1.0,57837.0,3.0
674,962.0,53.0,1.0,53743.0,3.0
675,902.0,6.0,0.9572225364026661,57842.0,3.0
676,1036.0,4.0,0.9922262457918083,53747.0,3.0
677,901.0,6.0,0.9760721900162843,57843.0,3.0
678,1045.0,58.0,0.9675384492890591,57845.0,3.0
679,917.0,44.0,0.9880739648174368,57848.0,3.0
680,870.0,55.0,1.0,57850.0,3.0
681,930.0,23.0,0.9852924527301608,57852.0,3.0
682,953.0,39.0,0.9532369374473274,57853.0,3.0
683,857.0,28.0,0.9791417509157483,53758.0,3.0
684,1029.0,18.0,0.9889517774128097,53759.0,3.0
685,935.0,52.0,1.0,53764.0,3.0
686,1047.0,57.0,0.9674097070609248,57860.0,3.0
687,863.0,25.0,1.0,57861.0,3.0
688,884.0,46.0,0.9858401504995853,53768.0,3.0
689,903.0,49.0,1.0,53769.0,3.0
690,945.0,40.0,0.9596168978948619,57866.0,3.0
691,942.0,40.0,0.9771244490521753,57868.0,3.0
692,941.0,40.0,0.9676124946792053,57869.0,3.0
693,940.0,40.0,0.9982788214091552,57870.0,3.0
694,957.0,46.0,0.9689964664511117,57876.0,3.0
695,896.0,30.0,0.978448761835982,57879.0,3.0
696,895.0,30.0,0.9520372919198623,57880.0,3.0
697,909.0,54.0,0.9908677274806079,53786.0,3.0
698,870.0,40.0,0.9504470634475455,53787.0,3.0
699,898.0,13.0,0.9811229546262406,57882.0,3.0
700,883.0,56.0,0.976825011177048,57885.0,3.0
701,1063.0,38.0,0.9889406750252526,57886.0,3.0
702,842.0,24.0,0.9700061444796854,53792.0,3.0
703,910.0,8.0,0.9840445844225592,57891.0,3.0
704,1139.0,0.0,0.9514282586674442,57892.0,3.0
705,708.0,59.0,1.0,53799.0,3.0
706,854.0,43.0,0.9724596006651802,53802.0,3.0
707,829.0,8.0,0.9686014890394911,53803.0,3.0
708,1049.0,37.0,0.9509595432704252,53805.0,3.0
709,1013.0,19.0,1.0,53806.0,3.0
710,1175.0,2.0,0.978609175568849,57902.0,3.0
711,1099.0,1.0,0.9803131978646171,53809.0,3.0
712,872.0,29.0,0.975280283576417,57907.0,3.0
713,1005.0,17.0,0.9602338162226662,53812.0,3.0
714,1174.0,1.0,0.9668614671361179,57909.0,3.0
715,1085.0,19.0,0.95784553972007,57912.0,3.0
716,1098.0,1.0,1.0,53817.0,3.0
717,935.0,23.0,0.9599099054643631,57914.0,3.0
718,934.0,50.0,0.9615287299559363,57916.0,3.0
719,839.0,26.0,1.0,53821.0,3.0
720,933.0,50.0,0.9683736082671294,57918.0,3.0
721,963.0,21.0,0.9747401150863554,57921.0,3.0
722,856.0,31.0,0.9807801104204042,53827.0,3.0
723,1012.0,19.0,0.9748924146370271,53828.0,3.0
724,938.0,51.0,0.9864890129594514,53832.0,3.0
725,827.0,14.0,0.9857186159132507,57928.0,3.0
726,904.0,11.0,0.997221017567691,57929.0,3.0
727,965.0,21.0,0.9807584081416457,57930.0,3.0
728,940.0,51.0,1.0,53837.0,3.0
729,857.0,31.0,0.9913682343218335,53842.0,3.0
730,943.0,22.0,0.9526739122040723,57938.0,3.0
731,861.0,10.0,0.9661973728780159,57940.0,3.0
732,985.0,16.0,0.9794144102738633,53845.0,3.0
733,906.0,45.0,0.9838718484923148,53846.0,3.0
734,1037.0,16.0,0.972882452280927,57944.0,3.0
735,1090.0,36.0,1.0,57945.0,3.0
736,760.0,14.0,0.9613717357759344,53850.0,3.0
737,987.0,16.0,1.0,53851.0,3.0
738,1084.0,19.0,0.9898314759189843,57950.0,3.0
739,934.0,47.0,0.9740734738631134,57951.0,3.0
740,938.0,40.0,0.9693767458991083,57954.0,3.0
741,964.0,21.0,0.997280531633646,57955.0,3.0
742,1086.0,19.0,0.9676537924020708,57958.0,3.0
743,1038.0,16.0,1.0,57960.0,3.0
744,938.0,28.0,0.9741516348674715,57962.0,3.0
745,906.0,32.0,0.9818354584233165,57968.0,3.0
746,828.0,14.0,0.9784502830614549,57970.0,3.0
747,1050.0,57.0,0.9978534823556987,57976.0,3.0
748,938.0,52.0,0.9930383599732161,53883.0,3.0
749,913.0,43.0,1.0,57979.0,3.0
750,1068.0,38.0,0.9983679301593672,57981.0,3.0
751,1041.0,4.0,1.0,53889.0,3.0
752,874.0,55.0,0.9959884552081915,57987.0,3.0
753,1036.0,18.0,0.9922820132871454,53893.0,3.0
754,1087.0,19.0,0.9916627855233976,57990.0,3.0
755,947.0,40.0,0.991749105372949,57991.0,3.0
756,870.0,25.0,0.9662929526259076,57994.0,3.0
757,911.0,54.0,1.0,53902.0,3.0
758,991.0,48.0,0.9894411493234029,57998.0,3.0
759,865.0,10.0,0.9732491962754338,58001.0,3.0
760,1048.0,5.0,0.9668699611231422,58005.0,3.0
761,1029.0,53.0,0.9944268407647298,58007.0,3.0
762,884.0,21.0,0.9760200427852975,53914.0,3.0
763,848.0,24.0,1.0,53915.0,3.0
764,913.0,8.0,0.9753174042626019,58010.0,3.0
765,1069.0,38.0,0.9965606454640484,58015.0,3.0
766,1070.0,38.0,0.9761998047143079,58021.0,3.0
767,843.0,41.0,0.9822318228691946,53926.0,3.0
768,900.0,12.0,1.0,58025.0,3.0
769,989.0,16.0,1.0,53932.0,3.0
770,985.0,45.0,1.0,58029.0,3.0
771,839.0,44.0,0.961968980373194,53937.0,3.0
772,907.0,30.0,0.9847568179692106,58035.0,3.0
773,887.0,56.0,0.9896480456118371,58037.0,3.0
774,850.0,24.0,0.9647745220961663,53947.0,3.0
775,937.0,47.0,0.9551665467918506,58043.0,3.0
776,868.0,22.0,1.0,53952.0,3.0
777,910.0,49.0,0.995313198567161,53955.0,3.0
778,895.0,46.0,0.9884465896765156,53957.0,3.0
779,908.0,11.0,0.9676878331331648,58053.0,3.0
780,893.0,46.0,1.0,53959.0,3.0
781,876.0,55.0,0.9957801284224012,58055.0,3.0
782,943.0,51.0,0.9977947012360844,53969.0,3.0
783,917.0,54.0,1.0,53972.0,3.0
784,902.0,12.0,0.969466392647507,58075.0,3.0
785,1073.0,38.0,1.0,58076.0,3.0
786,921.0,48.0,0.9840102510004326,53981.0,3.0
787,966.0,21.0,0.9970225483531208,58080.0,3.0
788,903.0,12.0,1.0,58081.0,3.0
789,1016.0,51.0,1.0,58083.0,3.0
790,880.0,55.0,0.9975877916584254,58084.0,3.0
791,936.0,3.0,0.9752199652503691,53989.0,3.0
792,918.0,26.0,0.9877384545895049,58086.0,3.0
793,965.0,53.0,0.9667758868193269,53992.0,3.0
794,966.0,53.0,0.9661338971655989,53993.0,3.0
795,1022.0,20.0,0.9868722457544434,58088.0,3.0
796,848.0,26.0,1.0,53995.0,3.0
797,1178.0,2.0,0.9685313222738022,58089.0,3.0
798,973.0,49.0,0.9748958686551714,58090.0,3.0
799,1012.0,17.0,1.0,53998.0,3.0
800,908.0,6.0,0.986876617595336,58093.0,3.0
801,906.0,6.0,0.9929240885135618,58095.0,3.0
802,993.0,48.0,0.9625633917486287,58096.0,3.0
803,840.0,44.0,0.9652329050727544,54002.0,3.0
804,909.0,6.0,1.0,58097.0,3.0
805,878.0,23.0,1.0,54006.0,3.0
806,878.0,55.0,0.9901689993526804,58102.0,3.0
807,941.0,51.0,0.9694534935850455,54008.0,3.0
808,1055.0,57.0,0.9796766417507498,58105.0,3.0
809,906.0,13.0,0.959988101508648,58106.0,3.0
810,909.0,45.0,0.9607840650527705,54012.0,3.0
811,881.0,55.0,0.9948016473450098,58108.0,3.0
812,939.0,52.0,1.0,54014.0,3.0
813,945.0,34.0,0.9889260406821614,58109.0,3.0
814,967.0,21.0,1.0,58112.0,3.0
815,862.0,28.0,0.9974243065650814,54018.0,3.0
816,946.0,34.0,0.9872300123555874,58115.0,3.0
817,947.0,34.0,1.0,58118.0,3.0
818,1013.0,17.0,1.0,54023.0,3.0
819,1050.0,58.0,1.0,58121.0,3.0
820,867.0,27.0,0.962930129441233,54028.0,3.0
821,940.0,23.0,1.0,58124.0,3.0
822,825.0,32.0,0.9688425242993676,54030.0,3.0
823,1052.0,58.0,1.0,58127.0,3.0
824,845.0,26.0,0.9952591070923407,54033.0,3.0
825,844.0,26.0,0.968466350936285,54034.0,3.0
826,1054.0,58.0,0.9901625893581666,58130.0,3.0
827,889.0,56.0,0.9955696764769162,58137.0,3.0
828,988.0,45.0,0.9689731526807204,58140.0,3.0
829,948.0,40.0,0.9981589832716216,58141.0,3.0
830,916.0,8.0,0.9862057924336954,58142.0,3.0
831,1051.0,15.0,0.9584446469680536,58145.0,3.0
832,1050.0,15.0,1.0,58146.0,3.0
833,861.0,28.0,0.9641694143751092,54051.0,3.0
834,767.0,14.0,1.0,54053.0,3.0
835,1011.0,3.0,0.9899214196797429,58154.0,3.0
836,846.0,41.0,0.9739528127867185,54059.0,3.0
837,1027.0,20.0,0.9815444309357535,58155.0,3.0
838,1026.0,20.0,0.9831862348626202,58156.0,3.0
839,845.0,41.0,1.0,54065.0,3.0
840,916.0,43.0,1.0,58161.0,3.0
841,910.0,6.0,0.9949359023108502,58162.0,3.0
842,1029.0,36.0,1.0,54068.0,3.0
843,943.0,23.0,0.9977253536745204,58163.0,3.0
844,942.0,23.0,0.9975557122528281,58164.0,3.0
845,898.0,42.0,0.9873673570177752,58165.0,3.0
846,995.0,15.0,0.9621037174626709,54072.0,3.0
847,956.0,39.0,1.0,58167.0,3.0
848,897.0,42.0,0.9682392217221313,58169.0,3.0
849,1049.0,5.0,0.9835896749708123,58171.0,3.0
850,1030.0,36.0,0.9648689770338864,54077.0,3.0
851,1056.0,37.0,1.0,54078.0,3.0
852,1054.0,37.0,0.9668777109354956,54080.0,3.0
853,911.0,30.0,0.9948761306529643,58177.0,3.0
854,903.0,13.0,0.9676694865235672,58181.0,3.0
855,875.0,29.0,0.9963663126402581,58184.0,3.0
856,1052.0,5.0,0.9843060893485659,58188.0,3.0
857,1050.0,5.0,1.0,58190.0,3.0
858,943.0,27.0,1.0,58192.0,3.0
859,908.0,30.0,0.9660807833935171,58196.0,3.0
860,802.0,7.0,0.9534662906657384,54101.0,3.0
861,908.0,35.0,0.9803266451537284,58199.0,3.0
862,847.0,35.0,0.9817707105100287,54105.0,3.0
863,918.0,54.0,1.0,54106.0,3.0
864,869.0,10.0,1.0,58201.0,3.0
865,868.0,10.0,0.9724735594251676,58202.0,3.0
866,871.0,10.0,0.9823812139281469,58204.0,3.0
867,872.0,10.0,1.0,58207.0,3.0
868,939.0,50.0,0.9642694348704298,58209.0,3.0
869,937.0,3.0,0.9664411896598859,54114.0,3.0
870,917.0,43.0,0.9540590639439711,58210.0,3.0
871,918.0,43.0,1.0,58211.0,3.0
872,944.0,27.0,0.9960215083171113,58212.0,3.0
873,847.0,41.0,1.0,54118.0,3.0
874,942.0,50.0,0.9851205423106243,58213.0,3.0
875,908.0,32.0,0.9718457576404623,58217.0,3.0
876,825.0,12.0,0.9655934319601377,54127.0,3.0
877,899.0,42.0,1.0,58231.0,3.0
878,911.0,6.0,0.9640107641507307,58233.0,3.0
879,949.0,23.0,0.9744244268748878,58239.0,3.0
880,896.0,33.0,1.0,58240.0,3.0
881,1058.0,58.0,0.9726156168877254,58244.0,3.0
882,907.0,12.0,0.992881930420692,58245.0,3.0
883,869.0,27.0,0.9669636175148283,54150.0,3.0
884,710.0,59.0,0.9667582712252256,54152.0,3.0
885,938.0,3.0,0.964243585318827,54156.0,3.0
886,1180.0,2.0,0.9947033105320895,58254.0,3.0
887,951.0,40.0,0.9797922573247488,58259.0,3.0
888,919.0,8.0,0.9617999229975139,58263.0,3.0
889,948.0,34.0,0.9815078707963417,58268.0,3.0
890,899.0,46.0,0.9845179372779151,54174.0,3.0
891,855.0,24.0,0.9961176801620959,54178.0,3.0
892,828.0,32.0,0.9727401421460717,54180.0,3.0
893,1059.0,58.0,0.9642004722724467,58285.0,3.0
894,875.0,10.0,0.9739423423593162,58290.0,3.0
895,947.0,22.0,0.9606130960393722,58295.0,3.0
896,880.0,29.0,0.9788250532907344,58300.0,3.0
897,890.0,56.0,1.0,58304.0,3.0
898,921.0,8.0,1.0,58306.0,3.0
899,953.0,23.0,0.9915732249059102,58308.0,3.0
900,1017.0,3.0,0.9881608524492742,58309.0,3.0
901,1102.0,2.0,0.9950764100116632,54215.0,3.0
902,878.0,10.0,1.0,58312.0,3.0
903,1076.0,38.0,0.9730383688197007,58314.0,3.0
904,809.0,55.0,0.9652275477483445,54220.0,3.0
905,997.0,48.0,0.9641661286612326,58316.0,3.0
906,908.0,12.0,0.9658611036143321,58317.0,3.0
907,1033.0,20.0,0.9876379379936666,58318.0,3.0
908,1035.0,20.0,0.9980457308109832,58320.0,3.0
909,882.0,29.0,0.9776033601081304,58322.0,3.0
910,1036.0,20.0,0.971380887844016,58323.0,3.0
911,1040.0,20.0,0.9732306063412491,58324.0,3.0
912,840.0,42.0,0.9658932709422803,54229.0,3.0
913,993.0,16.0,0.9779255879100478,54232.0,3.0
914,911.0,32.0,1.0,58328.0,3.0
915,881.0,10.0,0.9926122404739468,58330.0,3.0
916,1001.0,15.0,1.0,54235.0,3.0
917,920.0,30.0,0.9704187313806497,58332.0,3.0
918,1061.0,58.0,0.9692042616276059,58334.0,3.0
919,866.0,31.0,1.0,54239.0,3.0
920,910.0,35.0,0.96269339503651,58335.0,3.0
921,944.0,52.0,0.9675005874293072,54242.0,3.0
922,1062.0,58.0,0.9895404482833852,58338.0,3.0
923,942.0,52.0,1.0,54244.0,3.0
924,941.0,52.0,0.9821002800618839,54245.0,3.0
925,919.0,30.0,1.0,58340.0,3.0
926,1034.0,20.0,0.9808853390146668,58341.0,3.0
927,915.0,6.0,1.0,58342.0,3.0
928,1176.0,1.0,0.9623910130556792,58343.0,3.0
929,1043.0,36.0,0.9728868382837285,54250.0,3.0
930,1103.0,2.0,0.9736004384920343,54251.0,3.0
931,914.0,6.0,0.9829462713999036,58345.0,3.0
932,1063.0,37.0,1.0,54255.0,3.0
933,909.0,12.0,0.9909483313817246,58352.0,3.0
934,910.0,12.0,0.981212814877703,58353.0,3.0
935,998.0,48.0,0.977174175709797,58354.0,3.0
936,867.0,47.0,1.0,54259.0,3.0
937,922.0,43.0,0.9827557695151474,58357.0,3.0
938,926.0,24.0,0.9735974620168051,58358.0,3.0
939,974.0,49.0,0.994406841502225,58361.0,3.0
940,914.0,45.0,0.9640850133559845,54266.0,3.0
941,1094.0,19.0,0.9802024847363924,58362.0,3.0
942,911.0,45.0,1.0,54268.0,3.0
943,1181.0,2.0,0.9639636157057555,58363.0,3.0
944,947.0,50.0,0.9625472459275924,58366.0,3.0
945,1044.0,36.0,1.0,54271.0,3.0
946,1020.0,3.0,0.9820618912993635,58367.0,3.0
947,916.0,13.0,0.9726651786558919,58369.0,3.0
948,915.0,45.0,0.9686823474274621,54275.0,3.0
949,1153.0,0.0,0.9610772431818227,58371.0,3.0
950,915.0,13.0,0.9844753771153872,58372.0,3.0
951,1053.0,5.0,0.9820516746938726,58374.0,3.0
952,1054.0,18.0,0.9881928165432176,54279.0,3.0
953,1053.0,18.0,0.969940787102038,54280.0,3.0
954,888.0,21.0,0.9569048536222478,54281.0,3.0
955,912.0,45.0,0.9950246748693045,54282.0,3.0
956,879.0,10.0,0.9808890888618813,58375.0,3.0
957,842.0,42.0,1.0,54284.0,3.0
958,883.0,29.0,0.973135548964864,58379.0,3.0
959,881.0,29.0,0.9642574142305793,58380.0,3.0
960,877.0,10.0,1.0,58381.0,3.0
961,945.0,50.0,0.9554212974492695,58383.0,3.0
962,885.0,25.0,1.0,58384.0,3.0
963,923.0,54.0,0.9904506020577215,54292.0,3.0
964,879.0,7.0,0.9658931742689888,58389.0,3.0
965,891.0,56.0,0.9893310095655841,58390.0,3.0
966,921.0,43.0,0.9844720296376959,58391.0,3.0
967,883.0,55.0,0.9806387189841275,58393.0,3.0
968,975.0,49.0,0.9762329820549369,58395.0,3.0
969,849.0,35.0,0.9622633667633111,54303.0,3.0
970,1059.0,57.0,0.9731392749843726,58400.0,3.0
971,905.0,46.0,0.9955213492906708,54305.0,3.0
972,914.0,11.0,0.9624399818517594,58402.0,3.0
973,890.0,25.0,0.9921235988863077,58405.0,3.0
974,1061.0,37.0,0.9852638449928721,54310.0,3.0
975,820.0,33.0,0.9761887452746424,54313.0,3.0
976,917.0,6.0,1.0,58414.0,3.0
977,917.0,13.0,0.9704845223249984,58416.0,3.0
978,1096.0,19.0,0.994413365715703,58417.0,3.0
979,1062.0,37.0,1.0,54323.0,3.0
980,1119.0,1.0,0.9945679644635165,54324.0,3.0
981,884.0,29.0,0.9927982269283736,58419.0,3.0
982,927.0,24.0,0.9610099782649391,58421.0,3.0
983,946.0,51.0,1.0,54332.0,3.0
984,885.0,29.0,0.960987113145067,58428.0,3.0
985,871.0,22.0,0.9798157515798386,54336.0,3.0
986,1054.0,5.0,1.0,58432.0,3.0
987,893.0,25.0,0.993307603914399,58433.0,3.0
988,901.0,42.0,0.9935835353123467,58437.0,3.0
989,880.0,34.0,0.9679378627640214,54342.0,3.0
990,974.0,57.0,1.0,54344.0,3.0
991,949.0,51.0,0.9692490066549156,54345.0,3.0
992,1049.0,18.0,0.975055318617587,54349.0,3.0
993,953.0,34.0,0.9651634184540527,58446.0,3.0
994,1036.0,53.0,0.9743904858409698,58448.0,3.0
995,888.0,55.0,0.9930420341194051,58454.0,3.0
996,871.0,50.0,1.0,54359.0,3.0
997,1184.0,2.0,1.0,58456.0,3.0
998,898.0,25.0,0.9861440493374458,58457.0,3.0
999,922.0,30.0,0.9644270274518016,58461.0,3.0
1000,887.0,55.0,0.9798269630476532,58462.0,3.0
1001,1114.0,1.0,0.996971135211282,54367.0,3.0
1002,922.0,44.0,0.9615026616951609,58463.0,3.0
1003,804.0,7.0,0.982303739180076,54369.0,3.0
1004,872.0,22.0,0.9664298938238838,54370.0,3.0
1005,901.0,25.0,0.9800841795643609,58465.0,3.0
1006,915.0,11.0,0.9737043160454876,58466.0,3.0
1007,936.0,31.0,0.9655449743116808,58468.0,3.0
1008,1060.0,57.0,0.9861545165381123,58471.0,3.0
1009,1044.0,20.0,0.9795299085133278,58473.0,3.0
1010,1045.0,20.0,0.9502216080869249,58474.0,3.0
1011,858.0,24.0,0.9501100105780073,54379.0,3.0
1012,1080.0,38.0,0.9964625191979756,58475.0,3.0
1013,1081.0,38.0,1.0,58476.0,3.0
1014,1061.0,57.0,1.0,58478.0,3.0
1015,1066.0,58.0,0.9905446687650589,58479.0,3.0
1016,923.0,43.0,0.9959596641863869,58481.0,3.0
1017,916.0,11.0,1.0,58482.0,3.0
1018,1058.0,4.0,0.9966205548808698,54387.0,3.0
1019,864.0,28.0,0.964602687731277,54388.0,3.0
1020,912.0,12.0,0.9881834874764582,58485.0,3.0
1021,825.0,25.0,0.9715894923848915,54391.0,3.0
1022,1001.0,48.0,1.0,58487.0,3.0
1023,1017.0,19.0,0.9951676458550323,54393.0,3.0
1024,1022.0,3.0,0.9571170762524868,58489.0,3.0
1025,999.0,15.0,0.9681245207658189,54395.0,3.0
1026,1021.0,3.0,0.9751849412258721,58493.0,3.0
1027,899.0,25.0,0.9979729965056919,58494.0,3.0
1028,863.0,31.0,0.9551034618463196,54400.0,3.0
1029,860.0,24.0,0.9648342004387501,54402.0,3.0
1030,886.0,10.0,0.9947730140702834,58500.0,3.0
1031,856.0,26.0,0.9602455897750892,54405.0,3.0
1032,882.0,39.0,0.9843191418565724,54407.0,3.0
1033,1098.0,19.0,0.9736868096079412,58503.0,3.0
1034,920.0,13.0,0.9668544550760546,58506.0,3.0
1035,869.0,28.0,0.9879607418444247,54414.0,3.0
1036,868.0,28.0,0.9954768437501781,54415.0,3.0
1037,1002.0,48.0,0.9769562668800527,58510.0,3.0
1038,865.0,28.0,0.9977513034337154,54418.0,3.0
1039,960.0,23.0,0.9982496980457868,58515.0,3.0
1040,1019.0,17.0,0.977982306623026,54425.0,3.0
1041,1099.0,19.0,0.9792088758825773,58522.0,3.0
1042,1062.0,57.0,1.0,58523.0,3.0
1043,923.0,49.0,1.0,54430.0,3.0
1044,908.0,46.0,0.9964654386604873,54432.0,3.0
1045,925.0,43.0,0.9842220864260973,58528.0,3.0
1046,1020.0,17.0,1.0,54439.0,3.0
1047,814.0,55.0,0.9831191274941481,54440.0,3.0
1048,912.0,35.0,0.9715154680174338,58540.0,3.0
1049,963.0,23.0,1.0,58541.0,3.0
1050,971.0,21.0,0.972672691133011,58543.0,3.0
1051,822.0,33.0,0.9935931271340851,54448.0,3.0
1052,1055.0,5.0,0.9618943049728124,58544.0,3.0
1053,1067.0,58.0,0.9879441326620942,58546.0,3.0
1054,930.0,54.0,0.9597488791094285,54451.0,3.0
1055,1043.0,16.0,0.980060186050449,58547.0,3.0
1056,927.0,13.0,0.9908091132842892,58548.0,3.0
1057,1054.0,15.0,1.0,58552.0,3.0
1058,1024.0,3.0,0.9956580163540951,58553.0,3.0
1059,904.0,25.0,0.9847973536620077,58554.0,3.0
1060,929.0,13.0,0.985418886359261,58555.0,3.0
1061,902.0,25.0,1.0,58557.0,3.0
1062,928.0,13.0,0.9957387815886009,58559.0,3.0
1063,1050.0,17.0,0.9743074177855626,58561.0,3.0
1064,891.0,10.0,0.9855040227718271,58562.0,3.0
1065,888.0,39.0,0.9689251845459422,54468.0,3.0
1066,928.0,41.0,0.9807686046298172,58564.0,3.0
1067,1068.0,58.0,0.9972734128470445,58565.0,3.0
1068,1186.0,2.0,1.0,58566.0,3.0
1069,905.0,25.0,0.997079590269188,58570.0,3.0
1070,1100.0,19.0,0.9674040328229502,58572.0,3.0
1071,855.0,44.0,0.9658128920513732,54478.0,3.0
1072,810.0,7.0,0.9696430393094295,54479.0,3.0
1073,1064.0,37.0,0.9874436077269647,54483.0,3.0
1074,856.0,44.0,0.9604052908702687,54484.0,3.0
1075,1187.0,2.0,0.9743650809935269,58580.0,3.0
1076,1083.0,38.0,1.0,58586.0,3.0
1077,1049.0,20.0,0.9645823579027677,58588.0,3.0
1078,893.0,21.0,0.979159698121828,54494.0,3.0
1079,871.0,31.0,0.9908081520929398,54495.0,3.0
1080,1063.0,57.0,1.0,58590.0,3.0
1081,824.0,33.0,0.9784114074861557,54497.0,3.0
1082,994.0,16.0,0.9568037869371525,54498.0,3.0
1083,1063.0,4.0,0.9978661534666482,54499.0,3.0
1084,1069.0,58.0,1.0,58591.0,3.0
1085,864.0,9.0,0.9730592175361495,54501.0,3.0
1086,890.0,55.0,1.0,58592.0,3.0
1087,902.0,42.0,1.0,58601.0,3.0
1088,929.0,41.0,0.9926585512391757,58602.0,3.0
1089,1026.0,3.0,0.9694484841716319,58604.0,3.0
1090,933.0,13.0,1.0,58608.0,3.0
1091,1189.0,2.0,0.969278226068596,58610.0,3.0
1092,957.0,50.0,0.964723048636996,58612.0,3.0
1093,908.0,25.0,1.0,58613.0,3.0
1094,893.0,55.0,0.9797389929976057,58614.0,3.0
1095,1027.0,3.0,0.9882674999766224,58616.0,3.0
1096,954.0,40.0,0.9985995838503128,58618.0,3.0
1097,909.0,25.0,0.9762276297239919,58620.0,3.0
1098,903.0,42.0,0.9805947430461854,58623.0,3.0
1099,924.0,30.0,0.9584724422761739,58624.0,3.0
1100,1058.0,20.0,0.9695223701322994,58625.0,3.0
1101,1057.0,20.0,0.989340211344784,58626.0,3.0
1102,1108.0,2.0,0.9923003910038437,54531.0,3.0
1103,892.0,55.0,0.9629790500109391,58628.0,3.0
1104,1056.0,20.0,1.0,58629.0,3.0
1105,1004.0,48.0,0.9516496281392739,58630.0,3.0
1106,1059.0,20.0,0.9951972534018217,58631.0,3.0
1107,934.0,13.0,0.9841587636058117,58632.0,3.0
1108,1060.0,20.0,0.9936515056690294,58634.0,3.0
1109,948.0,27.0,0.9677679359182264,58639.0,3.0
1110,958.0,34.0,0.9824570328836527,58642.0,3.0
1111,1062.0,20.0,1.0,58643.0,3.0
1112,928.0,30.0,0.9725271490950599,58644.0,3.0
1113,1072.0,58.0,0.9930914832236933,58645.0,3.0
1114,927.0,30.0,0.9521347276809894,58646.0,3.0
1115,893.0,10.0,0.9711125719528155,58647.0,3.0
1116,911.0,25.0,1.0,58649.0,3.0
1117,1056.0,5.0,0.99261801973013,58652.0,3.0
1118,927.0,43.0,0.980781218648725,58653.0,3.0
1119,1084.0,38.0,0.9905493562199555,58654.0,3.0
1120,865.0,9.0,0.997272428482919,54561.0,3.0
1121,913.0,32.0,0.9916201946506608,58658.0,3.0
1122,894.0,55.0,0.9550064159492031,58660.0,3.0
1123,913.0,25.0,0.9727774734961312,58663.0,3.0
1124,959.0,34.0,1.0,58667.0,3.0
1125,895.0,10.0,0.9780139286337663,58669.0,3.0
1126,918.0,11.0,0.9877034152771348,58670.0,3.0
1127,914.0,12.0,0.9610629725459816,58671.0,3.0
1128,1124.0,1.0,0.9962331837223231,54576.0,3.0
1129,1058.0,15.0,1.0,58672.0,3.0
1130,887.0,29.0,0.9887517672545882,58673.0,3.0
1131,711.0,59.0,0.9589913889848751,54579.0,3.0
1132,915.0,12.0,0.966569698836279,58675.0,3.0
1133,1073.0,58.0,0.9727125062807669,58676.0,3.0
1134,970.0,23.0,0.9856484659243029,58677.0,3.0
1135,1005.0,48.0,0.9752007538409193,58681.0,3.0
1136,923.0,6.0,0.975084325228172,58682.0,3.0
1137,1059.0,15.0,0.9841573275527719,58683.0,3.0
1138,927.0,49.0,0.953673906021257,54589.0,3.0
1139,915.0,25.0,0.98431243876111,58686.0,3.0
1140,900.0,33.0,1.0,58687.0,3.0
1141,842.0,30.0,0.9673021419143611,54597.0,3.0
1142,867.0,9.0,0.9645468382021353,54598.0,3.0
1143,866.0,9.0,0.9610417737777252,54606.0,3.0
1144,942.0,3.0,0.9739572397200056,54609.0,3.0
1145,1068.0,37.0,0.9982793613637952,54623.0,3.0
1146,901.0,21.0,0.971974332247625,54627.0,3.0
1147,981.0,57.0,0.9806417283805691,54636.0,3.0
1148,921.0,45.0,0.9914585230797178,54641.0,3.0
1149,1069.0,37.0,0.9885847672396817,54643.0,3.0
1150,841.0,11.0,0.9624030740269397,54657.0,3.0
1151,912.0,46.0,1.0,54691.0,3.0
1152,913.0,46.0,0.9978096893276271,54692.0,3.0
1153,1069.0,4.0,0.9920195142376304,54698.0,3.0
1154,1070.0,4.0,0.9736081941100462,54699.0,3.0
1155,849.0,42.0,0.9721949021309773,54707.0,3.0
1156,779.0,14.0,0.9697079563624281,54709.0,3.0
1157,780.0,14.0,0.9697185119181884,54710.0,3.0
1158,875.0,31.0,0.9930155724607959,54714.0,3.0
1159,860.0,35.0,0.9672925172336992,54716.0,3.0
1160,1129.0,1.0,1.0,54718.0,3.0
1161,880.0,22.0,0.9934416064360564,54720.0,3.0
1162,956.0,51.0,1.0,54722.0,3.0
1163,866.0,24.0,0.9684290860665422,54728.0,3.0
1164,1004.0,15.0,0.9919058050200827,54734.0,3.0
1165,878.0,22.0,0.9923878418212153,54735.0,3.0
1166,816.0,7.0,0.9744737320683894,54736.0,3.0
1167,952.0,52.0,0.9916193168345928,54741.0,3.0
1168,1021.0,19.0,1.0,54743.0,3.0
1169,845.0,8.0,0.9556575069625047,54748.0,3.0
1170,843.0,8.0,1.0,54751.0,3.0
1171,842.0,8.0,0.9711110506635177,54752.0,3.0
1172,974.0,20.0,0.9741000621734077,54754.0,3.0
1173,865.0,44.0,1.0,54758.0,3.0
1174,863.0,44.0,0.9649239435845602,54760.0,3.0
1175,829.0,33.0,0.9657196563597986,54764.0,3.0
1176,810.0,10.0,1.0,54765.0,3.0
1177,849.0,8.0,0.9888845408291425,54767.0,3.0
1178,949.0,52.0,1.0,54775.0,3.0
1179,951.0,52.0,0.9897157476601418,54778.0,3.0
1180,934.0,54.0,0.9516325257779896,54782.0,3.0
1181,863.0,35.0,0.9875451543547529,54799.0,3.0
1182,883.0,22.0,0.9711069326555285,54807.0,3.0
1183,852.0,42.0,0.9713739732392124,54819.0,3.0
1184,998.0,16.0,0.9737684037348838,54825.0,3.0
1185,878.0,28.0,0.9597863235712345,54827.0,3.0
1186,879.0,28.0,0.9947548595159653,54832.0,3.0
1187,868.0,44.0,0.9836753246327655,54836.0,3.0
1188,999.0,16.0,1.0,54839.0,3.0
1189,909.0,21.0,1.0,54845.0,3.0
1190,958.0,51.0,0.9948190751690991,54846.0,3.0
1191,1007.0,15.0,0.9902223157061539,54853.0,3.0
1192,850.0,8.0,0.9595712150125605,54863.0,3.0
1193,825.0,55.0,0.9631416467894226,54867.0,3.0
1194,884.0,22.0,1.0,54868.0,3.0
1195,933.0,49.0,0.9959749687586854,54880.0,3.0
1196,959.0,51.0,0.9937859327915081,54884.0,3.0
1197,955.0,52.0,0.9897220014109833,54899.0,3.0
1198,837.0,33.0,0.9892283376738221,54900.0,3.0
1199,1001.0,16.0,1.0,54902.0,3.0
1200,854.0,42.0,0.9657592747864181,54927.0,3.0
1201,839.0,33.0,1.0,54933.0,3.0
1202,911.0,21.0,1.0,54935.0,3.0
1203,839.0,6.0,0.9620701448852939,54936.0,3.0
1204,887.0,34.0,1.0,54938.0,3.0
1205,1004.0,16.0,0.9912785767583137,54940.0,3.0
1206,858.0,41.0,0.9643907341492165,54953.0,3.0
1207,840.0,33.0,0.9876596026220085,54954.0,3.0
1208,956.0,52.0,0.9911215992468132,54959.0,3.0
1209,943.0,54.0,1.0,54960.0,3.0
1210,985.0,58.0,0.9562061038015807,54962.0,3.0
1211,873.0,24.0,0.996765131419518,54973.0,3.0
1212,903.0,39.0,0.9707999334602633,54975.0,3.0
1213,1028.0,17.0,0.9838388652368759,54979.0,3.0
1214,978.0,53.0,0.9934223358196954,54980.0,3.0
1215,962.0,51.0,0.9915257520698013,54985.0,3.0
1216,1075.0,37.0,0.9949055025055012,54989.0,3.0
1217,868.0,35.0,0.96881753714844,54993.0,3.0
1218,787.0,14.0,0.9847744403059546,55001.0,3.0
1219,847.0,11.0,0.9679223501184115,55016.0,3.0
1220,907.0,39.0,0.990412031225135,55020.0,3.0
1221,841.0,32.0,0.9671188866189481,55024.0,3.0
1222,911.0,39.0,0.9917384536124713,55026.0,3.0
1223,910.0,39.0,0.9692513739535774,55027.0,3.0
1224,909.0,39.0,0.986627838515926,55028.0,3.0
1225,906.0,39.0,1.0,55031.0,3.0
1226,876.0,44.0,1.0,55036.0,3.0
1227,888.0,28.0,0.98409637168203,55042.0,3.0
1228,885.0,28.0,1.0,55045.0,3.0
1229,892.0,34.0,0.9926735410468892,55048.0,3.0
1230,1027.0,19.0,0.9746627726583493,55053.0,3.0
1231,881.0,28.0,0.9728279932204256,55054.0,3.0
1232,884.0,47.0,1.0,55057.0,3.0
1233,883.0,47.0,1.0,55058.0,3.0
1234,828.0,7.0,0.9953240876316638,55060.0,3.0
1235,952.0,3.0,1.0,55062.0,3.0
1236,883.0,31.0,0.9960569586289342,55063.0,3.0
1237,1112.0,2.0,0.9647309208228759,55066.0,3.0
1238,885.0,31.0,0.9801697175316454,55068.0,3.0
1239,825.0,7.0,0.9831769855099873,55073.0,3.0
1240,1006.0,16.0,0.9842356203740018,55080.0,3.0
1241,880.0,27.0,0.9905884512284667,55081.0,3.0
1242,931.0,45.0,0.9694824825826296,55083.0,3.0
1243,929.0,45.0,1.0,55085.0,3.0
1244,848.0,13.0,0.9732188605226434,55087.0,3.0
1245,830.0,56.0,0.9589519131237585,55089.0,3.0
1246,882.0,27.0,0.9559686735958841,55090.0,3.0
1247,922.0,46.0,0.9629134091900531,55097.0,3.0
1248,921.0,46.0,1.0,55098.0,3.0
1249,939.0,49.0,0.9921866332323338,55103.0,3.0
1250,938.0,49.0,1.0,55104.0,3.0
1251,937.0,49.0,0.9530767661777709,55105.0,3.0
1252,885.0,47.0,1.0,55106.0,3.0
1253,812.0,29.0,0.9675604234400518,55110.0,3.0
1254,881.0,47.0,1.0,55111.0,3.0
1255,859.0,41.0,0.9955542184728973,55115.0,3.0
1256,1083.0,37.0,0.9904626434235682,55124.0,3.0
1257,872.0,35.0,0.9582493752300242,55128.0,3.0
1258,879.0,44.0,1.0,55133.0,3.0
1259,878.0,44.0,0.9788513505422106,55134.0,3.0
1260,869.0,43.0,1.0,55145.0,3.0
1261,883.0,27.0,0.97626968522251,55157.0,3.0
1262,844.0,33.0,0.9736734136975407,55159.0,3.0
1263,843.0,33.0,0.9958972284805117,55160.0,3.0
1264,876.0,50.0,1.0,55161.0,3.0
1265,1075.0,0.0,0.9673997591465554,55163.0,3.0
1266,882.0,31.0,0.9904146763577214,55168.0,3.0
1267,1074.0,4.0,0.9955496603615058,55176.0,3.0
1268,1056.0,36.0,0.9718430837071593,55180.0,3.0
1269,1058.0,36.0,1.0,55187.0,3.0
1270,843.0,12.0,1.0,55193.0,3.0
1271,828.0,56.0,0.9550143867982474,55201.0,3.0
1272,824.0,7.0,0.9741498108158416,55209.0,3.0
1273,1054.0,36.0,1.0,55217.0,3.0
1274,890.0,40.0,0.966958900540033,55221.0,3.0
1275,850.0,30.0,1.0,55222.0,3.0
1276,880.0,9.0,1.0,55225.0,3.0
1277,842.0,6.0,0.9649883323779599,55233.0,3.0
1278,1029.0,17.0,1.0,55240.0,3.0
1279,827.0,56.0,1.0,55246.0,3.0
1280,957.0,52.0,1.0,55247.0,3.0
1281,869.0,26.0,0.9896561520870221,55249.0,3.0
1282,890.0,23.0,0.9570297796829705,55256.0,3.0
1283,876.0,9.0,0.9841344439420465,55261.0,3.0
1284,877.0,9.0,1.0,55262.0,3.0
1285,980.0,53.0,0.9855319370706966,55265.0,3.0
1286,949.0,54.0,0.9815881120616691,55271.0,3.0
1287,875.0,9.0,0.9928083001151085,55278.0,3.0
1288,939.0,48.0,1.0,55284.0,3.0
1289,941.0,48.0,0.9901351740889558,55286.0,3.0
1290,938.0,48.0,1.0,55287.0,3.0
1291,933.0,45.0,0.9924318781382926,55298.0,3.0
1292,865.0,41.0,0.9718727531599652,55318.0,3.0
1293,866.0,41.0,0.9861663665622251,55323.0,3.0
1294,1011.0,15.0,0.9942344834901762,55324.0,3.0
1295,858.0,42.0,0.9530974134851269,55327.0,3.0
1296,984.0,53.0,0.9873355260760206,55334.0,3.0
1297,950.0,54.0,1.0,55338.0,3.0
1298,832.0,7.0,0.9823008248038329,55358.0,3.0
1299,961.0,52.0,0.9925640293474145,55365.0,3.0
1300,881.0,9.0,0.9933642177640227,55368.0,3.0
1301,945.0,49.0,0.9784063762040638,55372.0,3.0
1302,834.0,56.0,0.9568801929265448,55388.0,3.0
1303,868.0,41.0,0.9642688341077152,55394.0,3.0
1304,1030.0,17.0,0.954829871658664,55395.0,3.0
1305,952.0,54.0,1.0,55396.0,3.0
1306,833.0,7.0,0.9696824982730081,55410.0,3.0
1307,850.0,11.0,1.0,55419.0,3.0
1308,854.0,33.0,0.95472676832946,55430.0,3.0
1309,855.0,33.0,1.0,55439.0,3.0
1310,921.0,21.0,0.9508329214663557,55443.0,3.0
1311,872.0,26.0,0.9790853155340141,55448.0,3.0
1312,1063.0,36.0,0.991138306652044,55450.0,3.0
1313,888.0,47.0,0.9766276076778607,55453.0,3.0
1314,856.0,33.0,0.9669969046151407,55466.0,3.0
1315,815.0,29.0,0.9880612857115934,55467.0,3.0
1316,1147.0,1.0,0.9871379989870972,55468.0,3.0
1317,838.0,56.0,1.0,55469.0,3.0
1318,997.0,57.0,0.9690144927385721,55470.0,3.0
1319,1010.0,16.0,0.9568221246972477,55480.0,3.0
1320,884.0,9.0,0.9881359180812097,55481.0,3.0
1321,878.0,50.0,1.0,55482.0,3.0
1322,850.0,6.0,0.9942832615011385,55484.0,3.0
1323,835.0,55.0,0.9535664316679268,55486.0,3.0
1324,918.0,39.0,1.0,55487.0,3.0
1325,1032.0,17.0,1.0,55490.0,3.0
1326,1033.0,17.0,0.9887405701558054,55491.0,3.0
1327,795.0,14.0,1.0,55493.0,3.0
1328,894.0,28.0,0.9939310414078023,55498.0,3.0
1329,1003.0,57.0,0.9823573487605223,55500.0,3.0
1330,1001.0,57.0,1.0,55513.0,3.0
1331,999.0,57.0,0.9767037595439775,55515.0,3.0
1332,1151.0,1.0,0.9517462649675862,55517.0,3.0
1333,941.0,45.0,0.9939602391741981,55525.0,3.0
1334,1150.0,1.0,1.0,55527.0,3.0
1335,979.0,51.0,0.9640223263120002,55529.0,3.0
1336,926.0,21.0,1.0,55536.0,3.0
1337,800.0,14.0,0.9883904148785009,55543.0,3.0
1338,798.0,14.0,0.9955982744829526,55545.0,3.0
1339,797.0,14.0,0.9932349905093426,55546.0,3.0
1340,796.0,14.0,0.9788983603537738,55547.0,3.0
1341,852.0,25.0,0.9935430409561888,57595.0,3.0
1342,875.0,56.0,0.994845281386177,57596.0,3.0
1343,1126.0,0.0,0.9876864557863888,57606.0,3.0
1344,857.0,22.0,0.9908438373446692,53512.0,3.0
1345,940.0,45.0,0.9916721114454318,55561.0,3.0
1346,1010.0,4.0,0.9971640238402075,53515.0,3.0
1347,874.0,56.0,0.9807423271014477,57612.0,3.0
1348,1047.0,38.0,0.98348353455488,57616.0,3.0
1349,1130.0,0.0,0.9803916373090759,57622.0,3.0
1350,1091.0,37.0,0.9836033003786943,55582.0,3.0
1351,853.0,30.0,0.9917089891260176,55588.0,3.0
1352,850.0,31.0,0.992413085173588,53545.0,3.0
1353,1004.0,20.0,0.9850655462248733,57654.0,3.0
1354,930.0,40.0,0.9979376874154415,57666.0,3.0
1355,869.0,29.0,0.9970205741697469,57668.0,3.0
1356,866.0,39.0,0.9932981395496951,53573.0,3.0
1357,889.0,13.0,0.9926412214195719,57671.0,3.0
1358,986.0,53.0,0.9922960478329714,55639.0,3.0
1359,879.0,56.0,0.988321056948551,57688.0,3.0
1360,1038.0,58.0,0.9905163204636733,57691.0,3.0
1361,1135.0,0.0,0.9899921651186422,57697.0,3.0
1362,1016.0,4.0,0.9982114453358549,53606.0,3.0
1363,890.0,47.0,0.981043767056638,55656.0,3.0
1364,921.0,39.0,0.9937084476773406,55667.0,3.0
1365,904.0,45.0,0.9851166994266248,53620.0,3.0
1366,1044.0,15.0,0.9860964208618209,57721.0,3.0
1367,1017.0,18.0,0.9915350931456379,53626.0,3.0
1368,908.0,8.0,0.9946726936593819,57722.0,3.0
1369,1045.0,5.0,0.9971415451215582,57723.0,3.0
1370,855.0,10.0,0.9950311526866176,57731.0,3.0
1371,1040.0,19.0,0.9942388517684058,55684.0,3.0
1372,906.0,35.0,0.9758824622120702,57738.0,3.0
1373,1082.0,19.0,0.9762095862658394,57739.0,3.0
1374,883.0,50.0,0.9596110178003101,55698.0,3.0
1375,891.0,47.0,0.9761155790349494,55703.0,3.0
1376,1024.0,18.0,0.9888460049996681,53667.0,3.0
1377,893.0,13.0,0.9941106844895005,57773.0,3.0
1378,922.0,24.0,0.9957292136824676,57778.0,3.0
1379,836.0,44.0,0.9815038842797061,53688.0,3.0
1380,895.0,42.0,1.0,57786.0,3.0
1381,909.0,8.0,0.9960951892800494,57790.0,3.0
1382,1059.0,38.0,0.9946060386143227,57803.0,3.0
1383,893.0,27.0,1.0,55760.0,3.0
1384,1045.0,37.0,0.9950950880435081,53714.0,3.0
1385,882.0,56.0,0.9898479533762671,57814.0,3.0
1386,876.0,41.0,0.9788246521452875,55767.0,3.0
1387,918.0,41.0,0.9956312206261444,57817.0,3.0
1388,1070.0,36.0,0.9911875806052081,55773.0,3.0
1389,1006.0,3.0,0.9919435943638519,57822.0,3.0
1390,1048.0,37.0,0.9876230919854436,53737.0,3.0
1391,961.0,53.0,0.982724073186756,53742.0,3.0
1392,890.0,24.0,0.9931103547580856,55793.0,3.0
1393,929.0,21.0,0.9851232745699308,55796.0,3.0
1394,1015.0,15.0,0.9888801258702893,55803.0,3.0
1395,883.0,35.0,0.9584203668935192,55805.0,3.0
1396,1046.0,57.0,0.9957886511940273,57858.0,3.0
1397,868.0,55.0,0.9677571045484571,57862.0,3.0
1398,1043.0,58.0,0.9951418393682371,57873.0,3.0
1399,928.0,39.0,0.9906596827056182,55833.0,3.0
1400,1049.0,57.0,0.9929726754847911,57881.0,3.0
1401,1129.0,2.0,0.9973341276073882,55836.0,3.0
1402,961.0,54.0,0.9885688907018663,55839.0,3.0
1403,1100.0,1.0,1.0,53796.0,3.0
1404,891.0,9.0,0.9974867374762878,55844.0,3.0
1405,912.0,43.0,0.98719256600824,57908.0,3.0
1406,899.0,12.0,0.9863699611470936,57915.0,3.0
1407,931.0,21.0,0.9906789231710912,55871.0,3.0
1408,946.0,40.0,0.9902637909232814,57920.0,3.0
1409,1130.0,2.0,0.9848013569935955,55873.0,3.0
1410,937.0,46.0,0.995883242635945,55879.0,3.0
1411,933.0,23.0,0.9806093613526917,57933.0,3.0
1412,1009.0,5.0,0.9966978390320139,55889.0,3.0
1413,865.0,33.0,0.9800474510410616,55893.0,3.0
1414,963.0,54.0,0.9967410359172532,55894.0,3.0
1415,917.0,26.0,0.9923145428550237,57942.0,3.0
1416,885.0,35.0,0.9631389011357705,55897.0,3.0
1417,858.0,31.0,0.9860784172742034,53855.0,3.0
1418,901.0,28.0,0.9850007072431506,55908.0,3.0
1419,1040.0,4.0,0.9945995949824664,53881.0,3.0
1420,984.0,51.0,0.9938232311707038,55930.0,3.0
1421,991.0,53.0,0.987764078131613,55943.0,3.0
1422,856.0,32.0,0.9965160446630287,55946.0,3.0
1423,873.0,8.0,0.9893131751521359,55961.0,3.0
1424,1010.0,17.0,0.9769019257488887,53923.0,3.0
1425,1075.0,36.0,0.9919687583061247,55975.0,3.0
1426,1023.0,36.0,0.9851684852536096,53929.0,3.0
1427,843.0,26.0,0.9947494270913012,53936.0,3.0
1428,1048.0,58.0,0.9913749780176239,58032.0,3.0
1429,942.0,27.0,0.9924648338813309,58033.0,3.0
1430,914.0,43.0,0.9768853152084231,58034.0,3.0
1431,915.0,43.0,0.9882119371990429,58039.0,3.0
1432,914.0,54.0,0.9754316481091776,53949.0,3.0
1433,1040.0,16.0,0.9605884484945062,58046.0,3.0
1434,855.0,6.0,0.9791811337116889,56000.0,3.0
1435,875.0,55.0,0.9785451383963637,58050.0,3.0
1436,944.0,34.0,1.0,58056.0,3.0
1437,1011.0,17.0,0.9855730984110354,53966.0,3.0
1438,869.0,50.0,0.970661697260996,53970.0,3.0
1439,849.0,56.0,0.9894305099123019,56019.0,3.0
1440,865.0,22.0,0.9859699301451548,53987.0,3.0
1441,1015.0,16.0,0.9765695610243078,56052.0,3.0
1442,867.0,11.0,0.9903920602215404,56066.0,3.0
1443,1177.0,2.0,0.983839620165691,58114.0,3.0
1444,1042.0,18.0,0.9873454307080748,54024.0,3.0
1445,939.0,23.0,0.9926987885416124,58126.0,3.0
1446,839.0,29.0,0.9919965673705902,56081.0,3.0
1447,1055.0,19.0,0.9914447630806665,56083.0,3.0
1448,891.0,50.0,0.9820729651819737,56106.0,3.0
1449,968.0,54.0,0.9954882299313355,56111.0,3.0
1450,905.0,31.0,0.9955997127774527,56130.0,3.0
1451,878.0,25.0,1.0,58186.0,3.0
1452,912.0,30.0,0.9896812064200934,58191.0,3.0
1453,904.0,40.0,0.9932103231176566,56145.0,3.0
1454,878.0,39.0,0.9937856949019858,54098.0,3.0
1455,830.0,14.0,0.9889603460290438,58200.0,3.0
1456,865.0,6.0,0.9921862036528849,56157.0,3.0
1457,1158.0,1.0,0.9845085810662944,56158.0,3.0
1458,876.0,25.0,0.9930797280119557,58205.0,3.0
1459,936.0,21.0,0.9794304522927476,56161.0,3.0
1460,1109.0,1.0,0.9878750679660661,54124.0,3.0
1461,950.0,40.0,0.9931985882710755,58222.0,3.0
1462,870.0,42.0,0.9699097050876534,56178.0,3.0
1463,832.0,6.0,0.9822502718348011,54131.0,3.0
1464,906.0,12.0,0.9907046236027985,58229.0,3.0
1465,997.0,53.0,0.9806143438955942,56184.0,3.0
1466,884.0,41.0,0.9942634263911054,56189.0,3.0
1467,953.0,48.0,0.9826446605770793,56191.0,3.0
1468,987.0,51.0,0.98743440355903,56192.0,3.0
1469,1045.0,18.0,0.9940280508821177,54151.0,3.0
1470,854.0,24.0,0.9855829179473136,54154.0,3.0
1471,912.0,13.0,0.9952191847342984,58251.0,3.0
1472,873.0,10.0,0.9977743233412671,58253.0,3.0
1473,1075.0,38.0,0.9854816363591262,58256.0,3.0
1474,805.0,14.0,0.9892886361078806,56215.0,3.0
1475,940.0,46.0,0.9717579693162498,56222.0,3.0
1476,900.0,42.0,0.9884095600968735,58271.0,3.0
1477,914.0,49.0,0.9833082588894895,54176.0,3.0
1478,849.0,7.0,0.9838487683133911,56226.0,3.0
1479,975.0,52.0,0.9875127875416536,56228.0,3.0
1480,852.0,26.0,0.9720882005053797,54192.0,3.0
1481,888.0,35.0,0.9749432706603891,56241.0,3.0
1482,940.0,52.0,0.9746174305679806,54197.0,3.0
1483,1054.0,4.0,0.9911467189612204,54198.0,3.0
1484,946.0,22.0,0.9880303100103374,58293.0,3.0
1485,952.0,48.0,0.9825800771835793,56248.0,3.0
1486,1042.0,16.0,0.9880153914238557,58302.0,3.0
1487,909.0,28.0,0.9908464662497649,56256.0,3.0
1488,1017.0,17.0,1.0,54217.0,3.0
1489,904.0,47.0,0.9815578594149361,56270.0,3.0
1490,914.0,13.0,0.9929008593975315,58327.0,3.0
1491,865.0,30.0,0.9909841885124331,56284.0,3.0
1492,905.0,27.0,0.9731754900689947,56293.0,3.0
1493,1056.0,4.0,0.9921588389610316,54248.0,3.0
1494,951.0,23.0,0.99814881939578,58347.0,3.0
1495,1060.0,37.0,0.991543068123663,54252.0,3.0
1496,921.0,30.0,0.9928338182326685,58349.0,3.0
1497,971.0,3.0,0.9935932829692871,56303.0,3.0
1498,1019.0,3.0,0.9798439734218956,58368.0,3.0
1499,919.0,49.0,0.9939440531558812,54278.0,3.0
1500,1183.0,2.0,0.9896892053552443,58382.0,3.0
1501,874.0,22.0,0.9777612908219899,54288.0,3.0
1502,811.0,14.0,0.9913674084227354,56337.0,3.0
1503,884.0,25.0,0.991425948402009,58385.0,3.0
1504,819.0,10.0,0.9954406892871874,56341.0,3.0
1505,850.0,35.0,0.9506342031879873,54304.0,3.0
1506,1065.0,58.0,0.9979484583991868,58401.0,3.0
1507,897.0,9.0,0.9530751208875456,56356.0,3.0
1508,1078.0,38.0,0.9902262312885282,58406.0,3.0
1509,891.0,25.0,0.9728139840565713,58407.0,3.0
1510,892.0,25.0,0.961833960028306,58412.0,3.0
1511,951.0,34.0,0.9834041578079646,58413.0,3.0
1512,813.0,55.0,0.9974986886104454,54318.0,3.0
1513,885.0,55.0,0.9882065836145638,58420.0,3.0
1514,885.0,8.0,0.9927971614596842,56376.0,3.0
1515,971.0,53.0,0.9843931506729983,54331.0,3.0
1516,928.0,24.0,0.979087999740771,58431.0,3.0
1517,1154.0,0.0,0.9780616198953713,58435.0,3.0
1518,925.0,48.0,0.9833339786570505,54348.0,3.0
1519,889.0,43.0,0.988349127016844,56399.0,3.0
1520,1073.0,18.0,0.9780698854198919,56401.0,3.0
1521,897.0,44.0,1.0,56402.0,3.0
1522,855.0,9.0,0.9927623790686404,54374.0,3.0
1523,895.0,25.0,0.992777138952461,58484.0,3.0
1524,897.0,50.0,0.9865028607576263,56443.0,3.0
1525,889.0,41.0,0.9950601062703086,56444.0,3.0
1526,865.0,32.0,0.9972991871449909,56456.0,3.0
1527,885.0,39.0,0.9882260650975954,54410.0,3.0
1528,886.0,39.0,1.0,54411.0,3.0
1529,1098.0,0.0,0.9915924171576878,56461.0,3.0
1530,898.0,50.0,1.0,56463.0,3.0
1531,889.0,10.0,0.9940787038243485,58513.0,3.0
1532,1061.0,4.0,0.9985490292322446,54419.0,3.0
1533,865.0,13.0,0.9920110380485859,56468.0,3.0
1534,958.0,45.0,0.9864402024403449,56471.0,3.0
1535,927.0,41.0,0.9916018941910537,58519.0,3.0
1536,889.0,55.0,0.9904100170956918,58521.0,3.0
1537,943.0,21.0,0.9900644929523397,56475.0,3.0
1538,961.0,23.0,0.9963767914592903,58525.0,3.0
1539,899.0,50.0,0.9616877614322149,56479.0,3.0
1540,824.0,10.0,0.991031355164661,56482.0,3.0
1541,1047.0,20.0,0.9923286958095946,58530.0,3.0
1542,962.0,23.0,0.9980997915466641,58531.0,3.0
1543,926.0,43.0,0.9841404783292582,58539.0,3.0
1544,1044.0,17.0,1.0,56493.0,3.0
1545,946.0,52.0,0.9896276347401549,54447.0,3.0
1546,1023.0,3.0,0.9901906199283359,58551.0,3.0
1547,926.0,48.0,0.9945867203336062,54464.0,3.0
1548,947.0,52.0,0.9824847159281922,54470.0,3.0
1549,1022.0,17.0,1.0,54480.0,3.0
1550,1050.0,20.0,0.9978213794085234,58577.0,3.0
1551,979.0,3.0,0.9924122661218532,56535.0,3.0
1552,844.0,42.0,0.9755882211974833,54489.0,3.0
1553,1158.0,0.0,0.9949390375306373,58587.0,3.0
1554,950.0,51.0,0.976012299017462,54492.0,3.0
1555,1070.0,58.0,0.9981936291843206,58603.0,3.0
1556,879.0,42.0,0.9693290241922856,56571.0,3.0
1557,875.0,11.0,0.9863085853137373,56572.0,3.0
1558,1071.0,58.0,0.9958285823875496,58622.0,3.0
1559,846.0,29.0,0.9843066734590772,56589.0,3.0
1560,1061.0,20.0,0.9889429715701886,58637.0,3.0
1561,856.0,35.0,0.9766433351835495,54543.0,3.0
1562,924.0,49.0,0.9958819445315384,54546.0,3.0
1563,918.0,27.0,0.9901469134151929,56606.0,3.0
1564,873.0,30.0,0.9961367958087607,56609.0,3.0
1565,874.0,32.0,1.0,56610.0,3.0
1566,1063.0,20.0,0.9919536530704015,58659.0,3.0
1567,895.0,55.0,0.9890643944910738,58662.0,3.0
1568,874.0,28.0,0.9937359620714346,54572.0,3.0
1569,814.0,7.0,0.9875772525319778,54584.0,3.0
1570,962.0,49.0,0.9878451020317026,56634.0,3.0
1571,954.0,51.0,0.9966818599407508,54591.0,3.0
1572,1050.0,36.0,0.9917583468938643,54593.0,3.0
1573,893.0,26.0,0.9861142426558966,56647.0,3.0
1574,1048.0,36.0,0.9858808945473855,54601.0,3.0
1575,924.0,45.0,0.9917621149800508,54603.0,3.0
1576,1151.0,2.0,0.983263570131297,56651.0,3.0
1577,836.0,12.0,0.9672661062807735,54605.0,3.0
1578,851.0,41.0,0.976049671913087,54614.0,3.0
1579,813.0,14.0,0.9913248202934614,56662.0,3.0
1580,931.0,48.0,0.9971969529770182,54632.0,3.0
1581,949.0,46.0,0.9961500635113306,56696.0,3.0
1582,1000.0,51.0,0.9765582924142211,56699.0,3.0
1583,910.0,40.0,0.9884415380432012,56708.0,3.0
1584,843.0,30.0,0.9924930154699991,54677.0,3.0
1585,915.0,46.0,0.9968302113906974,54690.0,3.0
1586,871.0,47.0,0.9962633364685437,54694.0,3.0
1587,1059.0,19.0,0.9935262173890365,56754.0,3.0
1588,1128.0,1.0,0.9959087880283064,54717.0,3.0
1589,849.0,29.0,0.9791570352045108,56772.0,3.0
1590,850.0,29.0,0.9850455905380259,56773.0,3.0
1591,903.0,24.0,0.9974273183897189,56775.0,3.0
1592,857.0,7.0,0.995409610435788,56778.0,3.0
1593,818.0,7.0,0.9976966876426665,54738.0,3.0
1594,1007.0,53.0,1.0,56793.0,3.0
1595,1057.0,18.0,0.9974169405971018,54750.0,3.0
1596,877.0,6.0,0.9971782142966242,56799.0,3.0
1597,879.0,6.0,0.9982141539896996,56801.0,3.0
1598,866.0,44.0,0.9550408422974287,54756.0,3.0
1599,871.0,13.0,0.9965913807543721,56816.0,3.0
1600,989.0,5.0,0.9957716921712911,54772.0,3.0
1601,866.0,13.0,0.9907047957835734,56822.0,3.0
1602,950.0,52.0,0.9916579061688515,54776.0,3.0
1603,1019.0,57.0,0.9941004600772805,56838.0,3.0
1604,882.0,6.0,0.9895474826307301,56840.0,3.0
1605,1011.0,53.0,0.9815102579501872,56845.0,3.0
1606,1133.0,1.0,0.9942120656664838,54798.0,3.0
1607,883.0,11.0,0.9909004762390721,56846.0,3.0
1608,874.0,12.0,0.9927427465114812,56852.0,3.0
1609,897.0,26.0,0.9923459755813313,56857.0,3.0
1610,908.0,34.0,0.9778292247573113,56859.0,3.0
1611,884.0,11.0,0.9969942945335465,56864.0,3.0
1612,917.0,46.0,0.9963408926512907,54821.0,3.0
1613,902.0,41.0,0.9936138324766455,56870.0,3.0
1614,1134.0,1.0,0.997911632527548,54833.0,3.0
1615,863.0,56.0,0.9882020585675205,56886.0,3.0
1616,1000.0,16.0,1.0,54843.0,3.0
1617,832.0,33.0,0.9900942420491811,54844.0,3.0
1618,916.0,47.0,0.9937955918188838,56894.0,3.0
1619,869.0,44.0,0.9767952065704556,54848.0,3.0
1620,909.0,23.0,0.9960750745062278,56897.0,3.0
1621,870.0,44.0,0.9750485758170788,54858.0,3.0
1622,1030.0,15.0,0.9933722758657711,56906.0,3.0
1623,1060.0,18.0,0.9933171634993736,54864.0,3.0
1624,872.0,44.0,0.9630687189246637,54866.0,3.0
1625,1112.0,37.0,0.9926800796333934,56919.0,3.0
1626,1031.0,15.0,0.9868450414556262,56920.0,3.0
1627,925.0,28.0,0.9748773068070504,56922.0,3.0
1628,865.0,35.0,1.0,54886.0,3.0
1629,926.0,28.0,0.9931494536519999,56944.0,3.0
1630,882.0,33.0,0.9890331701830766,56952.0,3.0
1631,913.0,34.0,0.9859639846163912,56957.0,3.0
1632,878.0,27.0,0.9841739477510556,54917.0,3.0
1633,900.0,43.0,0.988326041073889,56967.0,3.0
1634,1003.0,16.0,1.0,54931.0,3.0
1635,941.0,54.0,0.9876408600508071,54939.0,3.0
1636,990.0,52.0,0.996895600882926,56990.0,3.0
1637,909.0,50.0,0.9821585877281253,56999.0,3.0
1638,972.0,48.0,0.981172468889363,57004.0,3.0
1639,878.0,12.0,0.9825345954157076,57007.0,3.0
1640,1040.0,38.0,0.9936016191662574,57009.0,3.0
1641,845.0,11.0,0.9914663366714032,54967.0,3.0
1642,901.0,43.0,0.9856921353330491,57016.0,3.0
1643,927.0,45.0,0.9924789800760849,54970.0,3.0
1644,1031.0,57.0,0.9759759104651965,57019.0,3.0
1645,918.0,40.0,0.9848820244318518,57022.0,3.0
1646,902.0,26.0,0.991325763806776,57023.0,3.0
1647,1027.0,17.0,1.0,54976.0,3.0
1648,879.0,12.0,0.9847256114041129,57026.0,3.0
1649,874.0,24.0,0.9917671298024747,54994.0,3.0
1650,1025.0,5.0,0.9986640280507911,57047.0,3.0
1651,1076.0,37.0,0.9930539661620755,55002.0,3.0
1652,842.0,33.0,0.9829422807793257,55005.0,3.0
1653,840.0,32.0,0.9854242435987688,55025.0,3.0
1654,882.0,28.0,0.9967422074313055,55032.0,3.0
1655,887.0,11.0,0.9920055296916506,57085.0,3.0
1656,927.0,27.0,0.9891237290652546,57087.0,3.0
1657,884.0,28.0,0.9904782076118986,55046.0,3.0
1658,856.0,55.0,0.9958908824400554,57094.0,3.0
1659,953.0,21.0,0.9968080138023236,57097.0,3.0
1660,884.0,31.0,1.0,55069.0,3.0
1661,930.0,45.0,0.9879513025944302,55084.0,3.0
1662,923.0,46.0,1.0,55096.0,3.0
1663,1035.0,5.0,0.9971905561741782,57144.0,3.0
1664,935.0,49.0,0.989152050271814,55129.0,3.0
1665,912.0,44.0,0.9753554701639022,57177.0,3.0
1666,848.0,30.0,0.9895218143861723,55132.0,3.0
1667,845.0,33.0,0.9747407243517744,55137.0,3.0
1668,1028.0,5.0,0.9973914290404122,57185.0,3.0
1669,867.0,7.0,0.9884552963796746,57188.0,3.0
1670,906.0,9.0,1.0,57193.0,3.0
1671,889.0,22.0,0.9968739559901317,55152.0,3.0
1672,951.0,3.0,0.9982916864475193,55164.0,3.0
1673,923.0,47.0,0.9804399101367114,57227.0,3.0
1674,874.0,9.0,0.9902738555411622,55183.0,3.0
1675,1009.0,15.0,0.9874567042745367,55190.0,3.0
1676,902.0,9.0,1.0,57240.0,3.0
1677,946.0,54.0,0.9905257354309431,55196.0,3.0
1678,1059.0,36.0,0.9917671993880255,55231.0,3.0
1679,1074.0,19.0,0.9892820429907446,57287.0,3.0
1680,1161.0,2.0,0.9864243520036632,57290.0,3.0
1681,1043.0,38.0,0.9885456563075109,57292.0,3.0
1682,926.0,34.0,0.9796417171849685,57293.0,3.0
1683,870.0,7.0,0.9886578688732336,57297.0,3.0
1684,822.0,14.0,0.9900141903402068,57299.0,3.0
1685,886.0,42.0,0.9864142324587136,57300.0,3.0
1686,901.0,8.0,0.9865845166052503,57302.0,3.0
1687,923.0,40.0,0.995876022843482,57304.0,3.0
1688,1114.0,37.0,0.9919340786624707,57309.0,3.0
1689,917.0,23.0,0.9979440766867661,57316.0,3.0
1690,986.0,57.0,0.9963733854780193,55275.0,3.0
1691,1164.0,2.0,0.9944740086247218,57330.0,3.0
1692,910.0,26.0,1.0,57348.0,3.0
1693,942.0,49.0,0.9852418939921128,55301.0,3.0
1694,1143.0,1.0,0.9935221603954993,55311.0,3.0
1695,971.0,51.0,0.9902463250593084,55313.0,3.0
1696,862.0,29.0,0.9906450545397081,57364.0,3.0
1697,886.0,31.0,0.9913648306654986,55320.0,3.0
1698,859.0,42.0,0.9718235641093813,55328.0,3.0
1699,1038.0,15.0,0.9840610654476641,57382.0,3.0
1700,1003.0,20.0,0.9926514992583604,57383.0,3.0
1701,917.0,21.0,0.9783357025974747,55346.0,3.0
1702,873.0,7.0,0.9940804464976205,57395.0,3.0
1703,935.0,22.0,0.9926395741099123,57407.0,3.0
1704,908.0,9.0,0.9901231628299322,57418.0,3.0
1705,931.0,46.0,0.9902193038213046,55373.0,3.0
1706,864.0,8.0,0.9955087860023882,55376.0,3.0
1707,929.0,34.0,0.962985264227303,57427.0,3.0
1708,849.0,11.0,0.9942987860704388,55382.0,3.0
1709,933.0,27.0,0.9834398265978659,57439.0,3.0
1710,842.0,10.0,0.9932078136560387,57440.0,3.0
1711,926.0,47.0,0.9932244852797764,57443.0,3.0
1712,974.0,51.0,0.9764433812246033,55402.0,3.0
1713,1079.0,0.0,0.9927375160599318,55418.0,3.0
1714,1009.0,16.0,0.9822534293442204,55421.0,3.0
1715,845.0,32.0,0.9856648214089243,55423.0,3.0
1716,853.0,33.0,0.9666455345748084,55428.0,3.0
1717,1041.0,57.0,0.9901679768385616,57489.0,3.0
1718,906.0,8.0,0.9944420938988473,57494.0,3.0
1719,1035.0,58.0,0.9931728487048,57496.0,3.0
1720,997.0,4.0,0.9946505522264014,53408.0,3.0
1721,1035.0,19.0,0.986962971741843,55456.0,3.0
1722,821.0,32.0,0.9920032372889178,53416.0,3.0
1723,844.0,31.0,0.98597387273599,53419.0,3.0
1724,1042.0,15.0,0.983934273592577,57531.0,3.0
1725,936.0,45.0,0.9741522898914818,55488.0,3.0
1726,889.0,12.0,0.9872378501189527,57539.0,3.0
1727,839.0,56.0,0.9902470804927124,55497.0,3.0
1728,846.0,31.0,0.997417218736528,53463.0,3.0
1729,864.0,29.0,0.9808046480664556,57577.0,3.0
1730,1052.0,38.0,1.0,57583.0,3.0
1731,924.0,21.0,1.0,55538.0,3.0
1732,967.0,52.0,0.9927506801494386,55541.0,3.0
1733,1003.0,17.0,1.0,53500.0,3.0
1734,894.0,49.0,0.9876401610698776,53502.0,3.0
1735,824.0,14.0,0.9970007462164076,57599.0,3.0
1736,1053.0,38.0,0.997370972706387,57604.0,3.0
1737,1009.0,18.0,0.990562815517198,53511.0,3.0
1738,897.0,32.0,0.9960415540420647,57615.0,3.0
1739,907.0,8.0,0.9940726757356486,57617.0,3.0
1740,936.0,27.0,0.9567581168565208,57620.0,3.0
1741,876.0,35.0,0.9664692609684644,55575.0,3.0
1742,937.0,27.0,0.9716654699010935,57627.0,3.0
1743,898.0,49.0,0.9849616927677747,53535.0,3.0
1744,894.0,31.0,0.9941169336613547,55586.0,3.0
1745,838.0,24.0,0.9976062774948289,53543.0,3.0
1746,899.0,28.0,0.9857696701244133,55592.0,3.0
1747,984.0,48.0,0.9899655966383714,57651.0,3.0
1748,894.0,32.0,0.9923739027364177,57658.0,3.0
1749,927.0,40.0,0.9830832532754636,57659.0,3.0
1750,863.0,42.0,0.9628692718036266,55614.0,3.0
1751,1014.0,15.0,0.9827436445194344,55618.0,3.0
1752,956.0,54.0,0.9877274163455432,55625.0,3.0
1753,1055.0,38.0,0.9941567951005994,57673.0,3.0
1754,959.0,3.0,0.992270413697661,55628.0,3.0
1755,899.0,32.0,0.9963963434261701,57676.0,3.0
1756,915.0,26.0,0.9894040728823092,57690.0,3.0
1757,1013.0,18.0,0.9984344866997348,53599.0,3.0
1758,926.0,31.0,0.98995559884233,57695.0,3.0
1759,1019.0,4.0,0.9892465562223649,53602.0,3.0
1760,932.0,52.0,1.0,53614.0,3.0
1761,1048.0,17.0,1.0,57711.0,3.0
1762,881.0,46.0,0.9854816415401932,53617.0,3.0
1763,878.0,46.0,0.9913050603298172,53619.0,3.0
1764,1006.0,5.0,0.9956165439309482,55669.0,3.0
1765,1005.0,5.0,0.9933937652930275,55670.0,3.0
1766,934.0,40.0,0.9821579280296018,57717.0,3.0
1767,1043.0,57.0,0.9947824607082164,57718.0,3.0
1768,904.0,54.0,0.9885516155170736,53625.0,3.0
1769,854.0,11.0,0.9940172968484492,55676.0,3.0
1770,853.0,11.0,0.9907974095268905,55677.0,3.0
1771,898.0,6.0,0.9810565049931201,57724.0,3.0
1772,1079.0,18.0,0.9940540046747234,57732.0,3.0
1773,1041.0,58.0,0.9872524511279677,57734.0,3.0
1774,832.0,9.0,0.9927456366530132,53639.0,3.0
1775,833.0,9.0,0.9925863463705519,53640.0,3.0
1776,928.0,50.0,0.9615771287941766,57737.0,3.0
1777,983.0,16.0,0.9719828241377709,53644.0,3.0
1778,853.0,31.0,0.9893244591474676,53646.0,3.0
1779,833.0,35.0,0.9698279637034465,53649.0,3.0
1780,905.0,45.0,0.9830450163524109,53658.0,3.0
1781,931.0,47.0,0.9881363592920782,57757.0,3.0
1782,1083.0,19.0,0.985757019735099,57758.0,3.0
1783,880.0,21.0,0.9901328755991842,53665.0,3.0
1784,1045.0,15.0,0.9778627337204628,57763.0,3.0
1785,875.0,41.0,0.9801072286740738,55717.0,3.0
1786,942.0,45.0,0.9830408282606439,55718.0,3.0
1787,1004.0,3.0,0.9727691427693442,57765.0,3.0
1788,856.0,10.0,1.0,57770.0,3.0
1789,933.0,52.0,0.9953751922838044,53675.0,3.0
1790,901.0,11.0,0.9907942409003302,57771.0,3.0
1791,869.0,39.0,0.9912248769834724,53680.0,3.0
1792,753.0,14.0,0.9914969854437836,53684.0,3.0
1793,936.0,40.0,0.9917526755535401,57780.0,3.0
1794,896.0,22.0,0.9974919409302998,55736.0,3.0
1795,1056.0,38.0,0.9774366320908651,57784.0,3.0
1796,871.0,39.0,0.9929345055681801,53691.0,3.0
1797,1048.0,15.0,0.9717498127964126,57789.0,3.0
1798,860.0,22.0,0.9823147687673124,53698.0,3.0
1799,1057.0,38.0,0.9902475615396275,57799.0,3.0
1800,1044.0,37.0,0.9894081739431805,53707.0,3.0
1801,1060.0,38.0,0.9934628262854527,57804.0,3.0
1802,1097.0,1.0,0.9826769503017638,53710.0,3.0
1803,883.0,44.0,1.0,55758.0,3.0
1804,837.0,44.0,0.972834235822169,53712.0,3.0
1805,920.0,39.0,0.9960100470034966,55762.0,3.0
1806,799.0,29.0,1.0,53715.0,3.0
1807,1041.0,19.0,0.9953698648137597,55768.0,3.0
1808,907.0,49.0,0.9950073973620592,53721.0,3.0
1809,838.0,7.0,0.9940292779164964,55770.0,3.0
1810,900.0,30.0,0.9976271008917883,57820.0,3.0
1811,1027.0,18.0,0.9803778684682325,53726.0,3.0
1812,1036.0,17.0,0.9614216699109837,55779.0,3.0
1813,1047.0,58.0,0.9877704066997077,57827.0,3.0
1814,1071.0,36.0,0.9952032857971087,55783.0,3.0
1815,1025.0,18.0,0.9880182435390424,53745.0,3.0
1816,840.0,7.0,0.9849722602290735,55794.0,3.0
1817,1035.0,4.0,0.9948272180373449,53748.0,3.0
1818,1034.0,4.0,0.9921627117951771,53749.0,3.0
1819,880.0,43.0,1.0,55798.0,3.0
1820,1046.0,58.0,0.9963648512925873,57846.0,3.0
1821,869.0,55.0,0.9911386831027614,57849.0,3.0
1822,851.0,32.0,0.988946630459426,55806.0,3.0
1823,983.0,51.0,0.9903354412552297,55807.0,3.0
1824,931.0,23.0,0.9967896874737868,57856.0,3.0
1825,887.0,46.0,0.9959683209377984,53763.0,3.0
1826,1127.0,2.0,0.9931432107645914,55812.0,3.0
1827,908.0,54.0,0.9876542456852797,53765.0,3.0
1828,1048.0,57.0,0.9938888731525778,57859.0,3.0
1829,885.0,46.0,0.9872895048892301,53767.0,3.0
1830,899.0,30.0,0.9832898634087625,57863.0,3.0
1831,1094.0,37.0,0.9877206246864583,55822.0,3.0
1832,936.0,52.0,0.9900915395542159,53776.0,3.0
1833,867.0,55.0,0.9966269522034159,57877.0,3.0
1834,943.0,40.0,0.979140555912775,57878.0,3.0
1835,841.0,24.0,0.9815965035148052,53783.0,3.0
1836,837.0,9.0,0.9955274128601014,53795.0,3.0
1837,1046.0,37.0,0.9960179670646669,53797.0,3.0
1838,902.0,22.0,0.9860602032460735,55849.0,3.0
1839,941.0,34.0,0.9731136417432185,57898.0,3.0
1840,939.0,34.0,0.9889407229554144,57899.0,3.0
1841,889.0,44.0,1.0,55856.0,3.0
1842,1064.0,38.0,0.9849077683916085,57904.0,3.0
1843,944.0,45.0,0.987763611846456,55860.0,3.0
1844,894.0,12.0,0.9912950354307051,57910.0,3.0
1845,895.0,12.0,0.9900098597424222,57911.0,3.0
1846,854.0,32.0,0.9966196986184725,55865.0,3.0
1847,1006.0,17.0,0.960217523351839,53820.0,3.0
1848,912.0,8.0,0.993636434791569,57917.0,3.0
1849,887.0,50.0,0.9582568491819501,55874.0,3.0
1850,952.0,49.0,0.9840326982110372,55875.0,3.0
1851,1138.0,0.0,0.9899522024996055,57922.0,3.0
1852,937.0,40.0,0.9952805058816628,57925.0,3.0
1853,860.0,13.0,0.9932849917261416,55878.0,3.0
1854,1073.0,36.0,0.997412155483796,55887.0,3.0
1855,860.0,10.0,0.9951502043165741,57939.0,3.0
1856,989.0,48.0,0.986349029167445,57941.0,3.0
1857,1012.0,16.0,1.0,55895.0,3.0
1858,938.0,46.0,0.9757280011391225,55899.0,3.0
1859,871.0,8.0,0.9951316570861926,55903.0,3.0
1860,1101.0,1.0,0.9973589136807282,53856.0,3.0
1861,900.0,28.0,0.9866514255523023,55905.0,3.0
1862,804.0,14.0,0.9864951059165812,55906.0,3.0
1863,937.0,52.0,1.0,53858.0,3.0
1864,863.0,22.0,0.9964802685445839,53860.0,3.0
1865,1131.0,2.0,0.9860617898893872,55904.0,3.0
1866,856.0,47.0,0.9865727789024635,53865.0,3.0
1867,873.0,55.0,0.9868760284801947,57974.0,3.0
1868,883.0,43.0,0.9799512284268765,55929.0,3.0
1869,905.0,30.0,0.9733054102905458,57978.0,3.0
1870,841.0,9.0,0.980803283517818,53886.0,3.0
1871,1103.0,1.0,0.9841395338437351,53888.0,3.0
1872,884.0,43.0,0.9965356441458892,55937.0,3.0
1873,1016.0,20.0,0.9899672489779391,57985.0,3.0
1874,908.0,49.0,0.978786674098052,53898.0,3.0
1875,921.0,41.0,0.9870544816090552,57995.0,3.0
1876,875.0,39.0,0.9903112637246998,53901.0,3.0
1877,912.0,54.0,1.0,53903.0,3.0
1878,937.0,50.0,1.0,57999.0,3.0
1879,958.0,46.0,0.9894297657924407,58004.0,3.0
1880,963.0,53.0,0.9878116378145143,53909.0,3.0
1881,1038.0,17.0,1.0,55957.0,3.0
1882,983.0,20.0,0.9839572743565161,55960.0,3.0
1883,1037.0,18.0,0.9869960793435408,53922.0,3.0
1884,803.0,56.0,0.9933230065703289,53924.0,3.0
1885,866.0,10.0,0.9943713602225424,58020.0,3.0
1886,907.0,45.0,0.9949313337808044,53927.0,3.0
1887,1106.0,1.0,1.0,53928.0,3.0
1888,828.0,42.0,0.9856038250805208,53931.0,3.0
1889,907.0,11.0,0.9943030513809151,58027.0,3.0
1890,829.0,29.0,0.9792222172184079,55981.0,3.0
1891,1107.0,1.0,0.9952465106778504,53934.0,3.0
1892,854.0,6.0,0.9958263677969733,55983.0,3.0
1893,1143.0,0.0,0.9919596946318409,58028.0,3.0
1894,943.0,34.0,0.9765771816950177,58031.0,3.0
1895,894.0,9.0,0.9598504057509862,55986.0,3.0
1896,875.0,8.0,0.9952374968244816,55987.0,3.0
1897,900.0,13.0,0.9896919880875822,58036.0,3.0
1898,1072.0,38.0,0.9875602704220917,58042.0,3.0
1899,846.0,7.0,0.9948533195760255,55995.0,3.0
1900,915.0,8.0,0.9919937427495634,58044.0,3.0
1901,912.0,9.0,0.9910532610637326,58054.0,3.0
1902,1039.0,17.0,1.0,56012.0,3.0
1903,907.0,32.0,1.0,58061.0,3.0
1904,901.0,34.0,0.9711849299601385,56017.0,3.0
1905,874.0,29.0,0.9540365895988236,58065.0,3.0
1906,1076.0,36.0,0.9955459503723273,56020.0,3.0
1907,916.0,54.0,0.9856480132671475,53973.0,3.0
1908,1017.0,15.0,0.987826573208279,56022.0,3.0
1909,877.0,55.0,0.9931380023648537,58071.0,3.0
1910,804.0,56.0,0.9938869672072749,53979.0,3.0
1911,883.0,26.0,0.9943522252334398,56030.0,3.0
1912,944.0,22.0,0.9932159996942646,58082.0,3.0
1913,859.0,6.0,0.986838249102183,56035.0,3.0
1914,863.0,11.0,0.9940179059850643,56041.0,3.0
1915,968.0,53.0,0.9799190504311498,53999.0,3.0
1916,881.0,26.0,0.9908073026691986,56067.0,3.0
1917,1179.0,2.0,0.9870993300875398,58116.0,3.0
1918,894.0,50.0,0.9539766706535252,56070.0,3.0
1919,1040.0,18.0,0.9936364841225295,54027.0,3.0
1920,944.0,23.0,0.9881451545196241,58123.0,3.0
1921,946.0,23.0,0.9959151040752449,58132.0,3.0
1922,1033.0,36.0,0.9926490415329325,54037.0,3.0
1923,945.0,23.0,0.9731275749086378,58133.0,3.0
1924,870.0,33.0,0.9871432260866362,56088.0,3.0
1925,917.0,8.0,0.9971902470583185,58149.0,3.0
1926,918.0,8.0,0.997019752930843,58150.0,3.0
1927,1139.0,2.0,0.9789493890852058,56103.0,3.0
1928,1012.0,3.0,1.0,58152.0,3.0
1929,1100.0,37.0,0.9947320523202084,56107.0,3.0
1930,896.0,42.0,0.9884172670269407,58168.0,3.0
1931,848.0,9.0,0.9841367343520283,54076.0,3.0
1932,1055.0,37.0,0.9780702155414481,54079.0,3.0
1933,889.0,35.0,0.9686499511593334,56128.0,3.0
1934,910.0,30.0,0.9895742844216467,58178.0,3.0
1935,1036.0,36.0,0.9872211909625149,54090.0,3.0
1936,832.0,42.0,0.9671491560495986,54091.0,3.0
1937,877.0,25.0,0.9907094741804681,58187.0,3.0
1938,1014.0,3.0,0.9921317807629476,58197.0,3.0
1939,879.0,39.0,0.9943951985707924,54102.0,3.0
1940,993.0,53.0,0.9861290524913703,56151.0,3.0
1941,1014.0,17.0,1.0,54104.0,3.0
1942,1048.0,4.0,0.9966183286809239,54109.0,3.0
1943,997.0,15.0,0.9866371541819724,54110.0,3.0
1944,866.0,6.0,0.9897449010884487,56159.0,3.0
1945,867.0,6.0,0.997969006030348,56160.0,3.0
1946,843.0,44.0,0.9607018919448634,54113.0,3.0
1947,1050.0,4.0,0.994224790289909,54115.0,3.0
1948,1090.0,19.0,0.9915065474096456,58215.0,3.0
1949,1051.0,4.0,0.995465018490865,54120.0,3.0
1950,870.0,10.0,0.9917599590196642,58216.0,3.0
1951,1149.0,0.0,0.993027847581091,58221.0,3.0
1952,874.0,42.0,0.9834594362209651,56175.0,3.0
1953,1111.0,1.0,0.9940569848888813,54129.0,3.0
1954,1039.0,36.0,0.9807892306015753,54133.0,3.0
1955,880.0,26.0,0.9968068981949826,56183.0,3.0
1956,913.0,30.0,0.9872067425580389,58232.0,3.0
1957,833.0,6.0,0.996332132120403,54137.0,3.0
1958,881.0,41.0,0.9879780498560204,56186.0,3.0
1959,880.0,25.0,0.9976999843855736,58234.0,3.0
1960,1044.0,18.0,0.9851970949260999,54140.0,3.0
1961,893.0,24.0,0.9905332827150767,56190.0,3.0
1962,880.0,39.0,0.9844996416789846,54144.0,3.0
1963,1150.0,0.0,0.9856340567362118,58241.0,3.0
1964,998.0,15.0,0.9851458883010765,54147.0,3.0
1965,914.0,30.0,0.991050268055601,58243.0,3.0
1966,909.0,13.0,0.9854200556800986,58246.0,3.0
1967,806.0,14.0,0.9899663701042831,56200.0,3.0
1968,919.0,54.0,0.9926073331243659,54153.0,3.0
1969,915.0,22.0,0.9883856228674209,56204.0,3.0
1970,1151.0,0.0,0.9772010591959558,58252.0,3.0
1971,1077.0,36.0,0.9913863300183207,56207.0,3.0
1972,924.0,41.0,0.9885526751179097,58255.0,3.0
1973,810.0,56.0,0.9804039199802922,54162.0,3.0
1974,848.0,35.0,0.9728281464986185,54167.0,3.0
1975,899.0,40.0,0.9949996076693236,56221.0,3.0
1976,882.0,55.0,0.9942491854181611,58269.0,3.0
1977,987.0,20.0,0.9957009398385497,56223.0,3.0
1978,949.0,34.0,0.9823803771787347,58273.0,3.0
1979,1093.0,19.0,0.992495482792324,58279.0,3.0
1980,915.0,49.0,0.9729126626188407,54186.0,3.0
1981,870.0,22.0,0.9963889320346183,54190.0,3.0
1982,883.0,25.0,0.9859522450610498,58288.0,3.0
1983,901.0,40.0,0.993203314869746,56246.0,3.0
1984,951.0,48.0,0.9769260629940933,56247.0,3.0
1985,1016.0,3.0,0.9963166651648996,58294.0,3.0
1986,1051.0,19.0,0.9771854507999269,56250.0,3.0
1987,1031.0,20.0,0.9896394412581921,58305.0,3.0
1988,954.0,23.0,0.9957744360953488,58307.0,3.0
1989,1015.0,5.0,0.996916500587571,56266.0,3.0
1990,1058.0,57.0,0.990481874483215,58315.0,3.0
1991,819.0,33.0,0.9845792383316587,54221.0,3.0
1992,883.0,10.0,0.9858466218859265,58321.0,3.0
1993,907.0,46.0,0.9936301561827968,54227.0,3.0
1994,911.0,27.0,0.9588024876724538,56276.0,3.0
1995,861.0,31.0,0.9881448614189066,54240.0,3.0
1996,918.0,30.0,0.9814426735326527,58336.0,3.0
1997,903.0,27.0,0.9687624199452001,56291.0,3.0
1998,1104.0,2.0,0.9927526156497511,54249.0,3.0
1999,1059.0,37.0,0.9980517744637031,54253.0,3.0
2000,972.0,3.0,0.9946214731302672,56301.0,3.0
2001,1064.0,58.0,0.9869726382643075,58350.0,3.0
2002,909.0,27.0,0.9667342369431028,56308.0,3.0
2003,855.0,56.0,0.9943013890803533,56318.0,3.0
2004,876.0,10.0,0.9882641437161699,58373.0,3.0
2005,888.0,43.0,0.9765455889538116,56326.0,3.0
2006,880.0,10.0,0.9854015817909677,58376.0,3.0
2007,1095.0,0.0,0.9948580490337342,56330.0,3.0
2008,863.0,24.0,0.9876836900440119,54283.0,3.0
2009,978.0,52.0,0.9645706615330002,56334.0,3.0
2010,920.0,43.0,0.9924027894816195,58392.0,3.0
2011,820.0,10.0,0.9932652600121409,56345.0,3.0
2012,854.0,9.0,0.9844247123904483,54298.0,3.0
2013,955.0,45.0,0.9709475186413681,56347.0,3.0
2014,1042.0,17.0,0.9730339790705554,56354.0,3.0
2015,1053.0,15.0,0.9966474559895946,58404.0,3.0
2016,957.0,48.0,0.9927435149858168,56357.0,3.0
2017,884.0,55.0,0.9644464259703447,58415.0,3.0
2018,829.0,12.0,0.989461494178385,54321.0,3.0
2019,816.0,56.0,0.9892426806925418,54328.0,3.0
2020,868.0,31.0,0.9955387556759617,54329.0,3.0
2021,1041.0,20.0,0.9898490824996491,58426.0,3.0
2022,886.0,55.0,0.9881846151916209,58430.0,3.0
2023,991.0,51.0,0.9884641511588977,56385.0,3.0
2024,942.0,21.0,0.9943652899231413,56398.0,3.0
2025,919.0,13.0,0.9949386523358091,58449.0,3.0
2026,897.0,25.0,0.9787808177075648,58453.0,3.0
2027,959.0,48.0,0.9936212343915598,56409.0,3.0
2028,837.0,8.0,0.99536896936135,54362.0,3.0
2029,1118.0,1.0,0.981652333593773,54364.0,3.0
2030,1117.0,1.0,0.9812573499124762,54365.0,3.0
2031,857.0,9.0,0.98745030048522,54372.0,3.0
2032,872.0,6.0,0.9852300820384564,56421.0,3.0
2033,855.0,26.0,0.9775377825840642,54376.0,3.0
2034,896.0,25.0,0.9935221834096598,58472.0,3.0
2035,922.0,49.0,0.9923133660128455,54380.0,3.0
2036,888.0,41.0,0.9921415278686672,56432.0,3.0
2037,834.0,8.0,0.9869059043500243,54385.0,3.0
2038,812.0,14.0,0.9896049965755781,56434.0,3.0
2039,1155.0,0.0,0.9835714310220557,58480.0,3.0
2040,1000.0,48.0,0.9842773461092893,58483.0,3.0
2041,857.0,56.0,1.0,56447.0,3.0
2042,924.0,13.0,0.9938625482400595,58495.0,3.0
2043,888.0,10.0,0.9927449790534337,58496.0,3.0
2044,926.0,41.0,0.9811094052620492,58502.0,3.0
2045,884.0,39.0,1.0,54409.0,3.0
2046,871.0,11.0,0.9948668408283665,56457.0,3.0
2047,990.0,20.0,0.9978158355779496,56462.0,3.0
2048,913.0,12.0,0.9834862625603198,58511.0,3.0
2049,1000.0,53.0,0.9789770762496907,56469.0,3.0
2050,1001.0,53.0,0.9910848012657979,56472.0,3.0
2051,1156.0,0.0,0.9895369173602738,58520.0,3.0
2052,866.0,12.0,0.9968323064001446,56474.0,3.0
2053,926.0,13.0,0.9903838349259284,58526.0,3.0
2054,924.0,43.0,0.9866343019361667,58527.0,3.0
2055,945.0,52.0,1.0,54436.0,3.0
2056,1048.0,20.0,0.9870907132257175,58536.0,3.0
2057,865.0,24.0,0.995102815949091,54450.0,3.0
2058,906.0,34.0,0.9942736782053548,56501.0,3.0
2059,982.0,52.0,0.9769877166762013,56504.0,3.0
2060,945.0,46.0,0.9968681758013651,56506.0,3.0
2061,858.0,26.0,0.9916590018451862,54461.0,3.0
2062,991.0,20.0,0.9946806585813656,56509.0,3.0
2063,823.0,33.0,0.9838387930397814,54463.0,3.0
2064,903.0,25.0,0.9835794494860685,58560.0,3.0
2065,807.0,29.0,0.969896357152369,54465.0,3.0
2066,892.0,43.0,0.9853505174771084,56513.0,3.0
2067,916.0,45.0,0.9845905739866937,54467.0,3.0
2068,909.0,31.0,0.9950147844068062,56515.0,3.0
2069,868.0,32.0,0.9828960988432447,56517.0,3.0
2070,1100.0,0.0,0.9869448295884293,56521.0,3.0
2071,852.0,7.0,0.9975517314528135,56523.0,3.0
2072,978.0,3.0,0.9938070550242591,56530.0,3.0
2073,870.0,28.0,0.9793665518380921,54485.0,3.0
2074,965.0,23.0,0.9947733606858109,58582.0,3.0
2075,871.0,27.0,0.9741500441562561,54487.0,3.0
2076,966.0,23.0,0.9867448683138278,58584.0,3.0
2077,893.0,43.0,1.0,56540.0,3.0
2078,863.0,9.0,0.980989856710694,54493.0,3.0
2079,909.0,47.0,0.9898487800987309,56541.0,3.0
2080,871.0,30.0,0.9923051501798937,56542.0,3.0
2081,1107.0,2.0,0.9765394157121383,54496.0,3.0
2082,1017.0,57.0,0.9911547425121644,56543.0,3.0
2083,1007.0,58.0,0.9984214767165187,56545.0,3.0
2084,872.0,31.0,0.9933895828077299,54500.0,3.0
2085,906.0,25.0,0.9822761594499743,58599.0,3.0
2086,1057.0,15.0,1.0,58607.0,3.0
2087,907.0,25.0,0.9829339577023914,58609.0,3.0
2088,894.0,21.0,0.9940380050667459,54514.0,3.0
2089,1018.0,16.0,1.0,56562.0,3.0
2090,836.0,25.0,0.9870579616433847,56567.0,3.0
2091,810.0,29.0,0.9922849345521468,54520.0,3.0
2092,874.0,6.0,0.9896720129319496,56569.0,3.0
2093,895.0,21.0,0.9967918621264,54522.0,3.0
2094,838.0,11.0,1.0,54528.0,3.0
2095,932.0,54.0,0.977807120838232,54529.0,3.0
2096,854.0,7.0,0.9783404498821353,56576.0,3.0
2097,968.0,23.0,0.9918675516985795,58627.0,3.0
2098,1020.0,16.0,0.9750905696182345,56582.0,3.0
2099,992.0,20.0,0.9898026956595614,56584.0,3.0
2100,925.0,30.0,0.9945885623461944,58633.0,3.0
2101,995.0,16.0,0.9794419186762588,54538.0,3.0
2102,826.0,33.0,0.9893836247105516,54544.0,3.0
2103,827.0,33.0,0.980217863167965,54549.0,3.0
2104,913.0,47.0,1.0,56597.0,3.0
2105,1020.0,19.0,0.9874370709615374,54551.0,3.0
2106,973.0,53.0,1.0,54552.0,3.0
2107,922.0,27.0,0.9636846090034412,56599.0,3.0
2108,837.0,6.0,0.9711653806077108,54555.0,3.0
2109,929.0,30.0,0.9973555177165525,58651.0,3.0
2110,772.0,14.0,0.9905195015627096,54562.0,3.0
2111,846.0,42.0,0.9971735484860115,54563.0,3.0
2112,857.0,44.0,0.9889748167695949,54564.0,3.0
2113,894.0,10.0,0.9974363204937845,58666.0,3.0
2114,974.0,53.0,0.9861599737763946,54574.0,3.0
2115,901.0,50.0,0.9586150047263138,56623.0,3.0
2116,1024.0,16.0,0.9725008554471702,56628.0,3.0
2117,1065.0,4.0,0.9932185697921191,54581.0,3.0
2118,983.0,3.0,0.9920747913741363,56639.0,3.0
2119,984.0,3.0,0.9919262514231894,56641.0,3.0
2120,870.0,9.0,0.994121871260116,54600.0,3.0
2121,1149.0,2.0,0.9966955563508855,56649.0,3.0
2122,1049.0,36.0,0.9890515476199996,54602.0,3.0
2123,922.0,28.0,0.9970316632640593,56656.0,3.0
2124,869.0,24.0,0.9917331051241929,54618.0,3.0
2125,899.0,21.0,0.9972057071670807,54622.0,3.0
2126,904.0,21.0,0.9912373862147601,54624.0,3.0
2127,860.0,7.0,0.9971010686322718,56680.0,3.0
2128,1032.0,38.0,0.9817312638549565,56682.0,3.0
2129,919.0,45.0,0.9786867557586715,54639.0,3.0
2130,895.0,41.0,0.9948837595410001,56687.0,3.0
2131,919.0,27.0,0.9833573814455873,56688.0,3.0
2132,947.0,46.0,0.9815761285441343,56694.0,3.0
2133,967.0,48.0,0.9883141150920954,56710.0,3.0
2134,969.0,48.0,0.9801992976319998,56718.0,3.0
2135,925.0,45.0,0.9809834370349275,54672.0,3.0
2136,993.0,20.0,0.9926524521153111,56722.0,3.0
2137,1022.0,5.0,0.9881267497571138,56726.0,3.0
2138,851.0,55.0,0.9846293545716449,56736.0,3.0
2139,1066.0,4.0,0.9886283741918361,54695.0,3.0
2140,1085.0,36.0,0.9897431031367976,56745.0,3.0
2141,875.0,28.0,0.9860507895188598,54702.0,3.0
2142,1060.0,19.0,0.9906818052727634,56755.0,3.0
2143,862.0,56.0,0.9879980641805876,56756.0,3.0
2144,920.0,28.0,0.9822915670794743,56763.0,3.0
2145,847.0,29.0,0.9862292353547915,56770.0,3.0
2146,778.0,14.0,1.0,54724.0,3.0
2147,855.0,7.0,0.9909828363110617,56780.0,3.0
2148,948.0,52.0,0.9835795742810794,54742.0,3.0
2149,879.0,11.0,0.9918328899311404,56805.0,3.0
2150,861.0,44.0,0.9577103528877652,54762.0,3.0
2151,882.0,11.0,0.9902111765267385,56810.0,3.0
2152,868.0,13.0,0.9911186652538032,56819.0,3.0
2153,988.0,5.0,1.0,54773.0,3.0
2154,890.0,8.0,0.9855318750475857,56823.0,3.0
2155,775.0,14.0,0.9797176546411008,54777.0,3.0
2156,945.0,21.0,0.9895244092322706,56828.0,3.0
2157,879.0,22.0,0.9975038075918949,54781.0,3.0
2158,883.0,42.0,0.9851011844037978,56833.0,3.0
2159,929.0,49.0,0.9913532029885327,54791.0,3.0
2160,826.0,10.0,0.9897836588131657,56842.0,3.0
2161,896.0,26.0,0.9881135427159048,56848.0,3.0
2162,865.0,26.0,0.9945064368337619,54801.0,3.0
2163,908.0,23.0,0.997812363564069,56858.0,3.0
2164,941.0,39.0,0.9828198631306599,56860.0,3.0
2165,1058.0,18.0,0.9879681923023353,54813.0,3.0
2166,875.0,12.0,0.9890307290274151,56872.0,3.0
2167,1026.0,57.0,0.9955186946826927,56874.0,3.0
2168,831.0,33.0,1.0,54829.0,3.0
2169,915.0,47.0,0.9904864168946289,56880.0,3.0
2170,924.0,28.0,0.9840753591189169,56881.0,3.0
2171,1059.0,18.0,0.9783944528076052,54834.0,3.0
2172,1036.0,38.0,0.981244904414759,56887.0,3.0
2173,915.0,40.0,0.9934408237811754,56891.0,3.0
2174,1029.0,15.0,0.9850385360235746,56892.0,3.0
2175,1003.0,51.0,0.9780062665044339,56893.0,3.0
2176,878.0,31.0,0.9863943988608888,54850.0,3.0
2177,1073.0,37.0,0.9850067404024643,54851.0,3.0
2178,876.0,12.0,0.9757009433169942,56899.0,3.0
2179,884.0,42.0,0.9713073140114787,56900.0,3.0
2180,833.0,33.0,0.9948497868379412,54855.0,3.0
2181,1064.0,19.0,0.9925314514210433,56904.0,3.0
2182,1023.0,5.0,0.9985168258846252,56908.0,3.0
2183,897.0,39.0,0.9936378218137996,54861.0,3.0
2184,878.0,32.0,0.9895282276230432,56909.0,3.0
2185,954.0,52.0,0.9879560527514845,54869.0,3.0
2186,1024.0,5.0,1.0,56921.0,3.0
2187,1037.0,38.0,0.9977680887136161,56923.0,3.0
2188,885.0,34.0,0.9936577236796039,54881.0,3.0
2189,864.0,35.0,0.9669606929704354,54882.0,3.0
2190,912.0,34.0,0.9938687913083445,56930.0,3.0
2191,917.0,47.0,0.9966872502899641,56938.0,3.0
2192,817.0,14.0,0.982916410827158,56940.0,3.0
2193,836.0,32.0,0.9966574933660054,54896.0,3.0
2194,899.0,43.0,0.9819435220438524,56945.0,3.0
2195,836.0,33.0,0.9720070239123639,54898.0,3.0
2196,923.0,27.0,0.9756350097284157,56954.0,3.0
2197,939.0,54.0,0.9864855979235011,54907.0,3.0
2198,897.0,35.0,1.0,56956.0,3.0
2199,1002.0,16.0,0.974859415873821,54909.0,3.0
2200,929.0,22.0,0.9849884018539365,56960.0,3.0
2201,1066.0,19.0,0.9862293911526283,56961.0,3.0
2202,1027.0,57.0,0.9891420562173332,56973.0,3.0
2203,920.0,31.0,0.9880496501969341,56974.0,3.0
2204,903.0,41.0,0.9868255451374012,56975.0,3.0
2205,919.0,47.0,0.9939813856298128,56978.0,3.0
2206,1154.0,2.0,0.9955472956111656,56979.0,3.0
2207,920.0,47.0,0.9973127330197201,56980.0,3.0
2208,872.0,50.0,0.9743213012501738,54942.0,3.0
2209,900.0,39.0,0.9917398038137629,54944.0,3.0
2210,904.0,41.0,0.995086884396992,56997.0,3.0
2211,1038.0,38.0,1.0,57005.0,3.0
2212,1029.0,57.0,0.9964120606334863,57008.0,3.0
2213,1053.0,36.0,0.9929613509622177,54966.0,3.0
2214,858.0,29.0,0.9887316065444809,57020.0,3.0
2215,977.0,53.0,0.9887348691153437,54978.0,3.0
2216,884.0,33.0,1.0,57032.0,3.0
2217,823.0,7.0,0.9946881180238977,54988.0,3.0
2218,914.0,34.0,0.9860021672715553,57036.0,3.0
2219,1005.0,16.0,1.0,54995.0,3.0
2220,828.0,55.0,0.985954264020884,55004.0,3.0
2221,963.0,51.0,0.9779067180964296,55010.0,3.0
2222,874.0,44.0,1.0,55012.0,3.0
2223,846.0,11.0,0.9956982434296302,55015.0,3.0
2224,934.0,49.0,0.982536505390978,55019.0,3.0
2225,996.0,5.0,0.9946058999526073,55021.0,3.0
2226,842.0,32.0,0.9885926823856722,55023.0,3.0
2227,1073.0,19.0,0.9899436638489577,57081.0,3.0
2228,886.0,28.0,0.980364290761343,55044.0,3.0
2229,908.0,24.0,0.9908316028817363,57093.0,3.0
2230,967.0,51.0,0.9680662909665031,55051.0,3.0
2231,977.0,20.0,0.9955556138720518,55056.0,3.0
2232,868.0,56.0,0.9952296080910665,57104.0,3.0
2233,869.0,56.0,0.9971736540281728,57105.0,3.0
2234,883.0,12.0,0.971356427611342,57107.0,3.0
2235,1113.0,2.0,0.9876986630792697,55065.0,3.0
2236,826.0,7.0,0.9973046409593234,55072.0,3.0
2237,885.0,42.0,0.9906344880808077,57126.0,3.0
2238,843.0,32.0,0.9845211333486455,55088.0,3.0
2239,917.0,24.0,0.9944989011525696,57141.0,3.0
2240,1168.0,1.0,0.9930662333160566,57149.0,3.0
2241,1035.0,57.0,0.9886381548344169,57163.0,3.0
2242,811.0,29.0,1.0,55116.0,3.0
2243,1084.0,37.0,0.9906869607432466,55123.0,3.0
2244,870.0,35.0,0.9746449754853287,55130.0,3.0
2245,1029.0,5.0,0.9945746141552658,57186.0,3.0
2246,966.0,51.0,0.9877560305255378,55142.0,3.0
2247,992.0,57.0,0.9950487829705672,55147.0,3.0
2248,995.0,3.0,0.9926690516197355,57196.0,3.0
2249,819.0,14.0,0.9939632566034623,57201.0,3.0
2250,885.0,27.0,0.968684254973493,55155.0,3.0
2251,981.0,53.0,0.9811788403278435,55177.0,3.0
2252,976.0,48.0,0.9913743430802341,57225.0,3.0
2253,1032.0,15.0,0.9821765264125204,57228.0,3.0
2254,1021.0,58.0,0.9893285355738941,57230.0,3.0
2255,982.0,53.0,0.9781784918962733,55185.0,3.0
2256,876.0,13.0,0.9823964472658282,57244.0,3.0
2257,878.0,47.0,0.9943633607437404,55197.0,3.0
2258,859.0,29.0,0.9874631977010073,57261.0,3.0
2259,855.0,42.0,0.9844074124854079,55215.0,3.0
2260,861.0,29.0,0.9934643979579443,57264.0,3.0
2261,1140.0,1.0,0.9868883485672714,55237.0,3.0
2262,1081.0,37.0,0.9925842764080199,55243.0,3.0
2263,885.0,12.0,0.9933360489950717,57291.0,3.0
2264,870.0,26.0,0.9962047744572261,55248.0,3.0
2265,868.0,26.0,0.9862719025171452,55250.0,3.0
2266,958.0,52.0,0.9919716081748265,55255.0,3.0
2267,927.0,34.0,0.973572766488314,57308.0,3.0
2268,858.0,55.0,0.9908226614252968,57311.0,3.0
2269,924.0,40.0,0.9909064068970489,57317.0,3.0
2270,902.0,35.0,1.0,57319.0,3.0
2271,1031.0,16.0,1.0,57320.0,3.0
2272,1115.0,2.0,1.0,55276.0,3.0
2273,902.0,8.0,0.9919784232540143,57326.0,3.0
2274,1036.0,5.0,0.9885847556543585,57328.0,3.0
2275,970.0,51.0,0.9835149119606432,55285.0,3.0
2276,925.0,40.0,0.9885055899064134,57334.0,3.0
2277,945.0,54.0,0.9947029103962901,55288.0,3.0
2278,913.0,44.0,0.9711353142129583,57342.0,3.0
2279,877.0,24.0,0.9954144866508443,55299.0,3.0
2280,943.0,48.0,0.9895617078549024,55300.0,3.0
2281,847.0,33.0,0.9833238315980676,55306.0,3.0
2282,1021.0,53.0,1.0,57357.0,3.0
2283,972.0,51.0,0.9762476703521182,55316.0,3.0
2284,1032.0,16.0,0.9764995789138419,57371.0,3.0
2285,914.0,44.0,0.966169374958054,57372.0,3.0
2286,883.0,30.0,0.995377264882042,57373.0,3.0
2287,1029.0,58.0,0.9884182350022018,57377.0,3.0
2288,849.0,25.0,0.988284491081731,57385.0,3.0
2289,975.0,45.0,0.995831248252996,57389.0,3.0
2290,1120.0,0.0,0.9969273651154186,57391.0,3.0
2291,1040.0,57.0,0.990987533474621,57393.0,3.0
2292,1032.0,19.0,0.9776785697202636,55350.0,3.0
2293,872.0,56.0,1.0,57402.0,3.0
2294,918.0,24.0,0.9900988792653352,57404.0,3.0
2295,898.0,54.0,1.0,53313.0,3.0
2296,944.0,49.0,0.9897160754974398,55361.0,3.0
2297,1031.0,58.0,0.9862623974248043,57409.0,3.0
2298,877.0,50.0,1.0,55364.0,3.0
2299,882.0,13.0,0.9932122969652754,57414.0,3.0
2300,1008.0,16.0,1.0,55367.0,3.0
2301,917.0,50.0,0.9836171787781331,57415.0,3.0
2302,870.0,46.0,0.9926370139844473,53322.0,3.0
2303,919.0,21.0,0.992954294957944,55371.0,3.0
2304,996.0,17.0,0.966541551061228,53324.0,3.0
2305,896.0,11.0,0.9833905481539272,57422.0,3.0
2306,1041.0,15.0,0.9936650529750906,57436.0,3.0
2307,913.0,41.0,0.9935562417969037,57441.0,3.0
2308,988.0,4.0,0.993976352001926,53348.0,3.0
2309,1039.0,5.0,0.9979950813350421,57445.0,3.0
2310,851.0,33.0,0.9944138795432743,55401.0,3.0
2311,992.0,4.0,0.9929522359407988,53355.0,3.0
2312,934.0,45.0,0.9771411216662397,55403.0,3.0
2313,932.0,28.0,0.990352848240481,57451.0,3.0
2314,871.0,46.0,0.9842512653470453,53359.0,3.0
2315,931.0,34.0,0.9886517135030863,57455.0,3.0
2316,848.0,6.0,0.972005697068684,55412.0,3.0
2317,922.0,23.0,0.9805219892083735,57460.0,3.0
2318,881.0,44.0,0.9794741092039029,55414.0,3.0
2319,919.0,50.0,0.9691626924069939,57461.0,3.0
2320,927.0,47.0,0.993017318911892,57468.0,3.0
2321,1000.0,18.0,0.9781771897400555,53374.0,3.0
2322,1087.0,37.0,0.9929701883272517,55422.0,3.0
2323,887.0,12.0,0.9911069647160918,57470.0,3.0
2324,904.0,43.0,0.9883094870211256,57473.0,3.0
2325,874.0,35.0,1.0,55426.0,3.0
2326,983.0,48.0,0.9885200562523451,57475.0,3.0
2327,890.0,42.0,0.974583685080449,57476.0,3.0
2328,1061.0,36.0,0.9892419073426673,55434.0,3.0
2329,1037.0,58.0,0.9912054567154849,57495.0,3.0
2330,1034.0,58.0,0.9925164235163906,57498.0,3.0
2331,1031.0,17.0,0.9683268251866114,55454.0,3.0
2332,880.0,24.0,0.996142681826915,55463.0,3.0
2333,867.0,29.0,0.9919863539095684,57512.0,3.0
2334,835.0,7.0,0.9921377103358933,55472.0,3.0
2335,938.0,22.0,0.9934383526645353,57520.0,3.0
2336,977.0,51.0,0.9881138453629789,55475.0,3.0
2337,893.0,23.0,0.9928143646624268,55476.0,3.0
2338,1089.0,1.0,0.9875900521252848,53430.0,3.0
2339,1002.0,4.0,0.9981439783513824,53436.0,3.0
2340,879.0,50.0,0.9819500184189001,55485.0,3.0
2341,1002.0,17.0,0.9611419290161665,53438.0,3.0
2342,864.0,55.0,0.9869369767785163,57533.0,3.0
2343,904.0,35.0,0.9773128458689971,57535.0,3.0
2344,889.0,31.0,0.9945221950905591,55489.0,3.0
2345,1004.0,57.0,0.9978716228244849,55499.0,3.0
2346,856.0,22.0,0.997089765479336,53454.0,3.0
2347,891.0,31.0,0.9919525237333899,55502.0,3.0
2348,896.0,40.0,0.9930501272443528,55504.0,3.0
2349,877.0,21.0,0.9886377901003092,53457.0,3.0
2350,865.0,39.0,0.981390305184713,53459.0,3.0
2351,895.0,28.0,0.985663782058341,55507.0,3.0
2352,836.0,7.0,0.982137399417434,55510.0,3.0
2353,886.0,13.0,0.9872618830952213,57559.0,3.0
2354,912.0,26.0,0.9890339151296,57564.0,3.0
2355,900.0,54.0,0.9879670971830466,53469.0,3.0
2356,982.0,51.0,0.9781008818242108,55518.0,3.0
2357,894.0,6.0,0.9821905556363546,57566.0,3.0
2358,840.0,56.0,0.992040860955839,55523.0,3.0
2359,1002.0,3.0,0.9667550895634821,57575.0,3.0
2360,891.0,12.0,0.9747885800076216,57581.0,3.0
2361,799.0,14.0,0.9780812189703015,55535.0,3.0
2362,923.0,21.0,0.9890633872841195,55539.0,3.0
2363,893.0,49.0,0.9946680619928364,53495.0,3.0
2364,854.0,25.0,0.9876413851755973,57593.0,3.0
2365,858.0,28.0,0.9814252390303712,53884.0,3.0
2366,885.0,50.0,0.9742126006563072,55687.0,3.0
2367,1142.0,0.0,0.9889450056506817,57996.0,3.0
2368,961.0,51.0,0.9891597406285005,54929.0,3.0
2369,892.0,41.0,0.9915398724613748,56593.0,3.0
2370,885.0,43.0,0.9903546940942449,55955.0,3.0
2371,887.0,47.0,0.9928341144635943,55315.0,3.0
2372,927.0,54.0,0.9967952691908384,54421.0,3.0
2373,851.0,35.0,1.0,54427.0,3.0
2374,1066.0,37.0,0.9870512111304693,54557.0,3.0
2375,1057.0,58.0,0.9960801843521332,58143.0,3.0
2376,974.0,52.0,0.9924635719414953,55970.0,3.0
2377,1134.0,2.0,0.9797994687821091,55974.0,3.0
2378,849.0,33.0,0.9700192716644911,55340.0,3.0
2379,892.0,21.0,0.9813074253679824,54445.0,3.0
2380,856.0,13.0,0.9933628247878808,55739.0,3.0
2381,859.0,10.0,0.9927145121351157,57926.0,3.0
2382,930.0,27.0,0.9819814598817574,57167.0,3.0
2383,873.0,44.0,0.9768831092186123,54992.0,3.0
2384,853.0,6.0,0.9652083387521897,55780.0,3.0
2385,960.0,45.0,0.9950944949745787,56563.0,3.0
2386,930.0,41.0,0.9560010330806279,58619.0,3.0
2387,880.0,40.0,0.9714036446367665,54524.0,3.0
2388,928.0,45.0,1.0,55038.0,3.0
2389,879.0,55.0,1.0,58111.0,3.0
2390,969.0,45.0,1.0,57091.0,3.0
2391,848.0,12.0,0.9700336009826475,55560.0,3.0
2392,861.0,32.0,0.9625493575572994,56074.0,3.0
2393,1028.0,3.0,0.9705493440685278,58635.0,3.0
2394,1123.0,2.0,1.0,55565.0,3.0
2395,1127.0,0.0,0.9776596021274888,57619.0,3.0
2396,1032.0,36.0,1.0,54036.0,3.0
2397,912.0,47.0,0.9648135515713199,56598.0,3.0
2398,1034.0,36.0,1.0,54039.0,3.0
2399,876.0,39.0,1.0,54040.0,3.0
2400,926.0,30.0,1.0,58648.0,3.0
2401,917.0,11.0,1.0,58650.0,3.0
2402,1049.0,17.0,1.0,58139.0,3.0
2403,844.0,35.0,0.9608721780417078,54044.0,3.0
2404,851.0,10.0,0.9674951653893202,57628.0,3.0
2405,929.0,28.0,1.0,57118.0,3.0
2406,1090.0,37.0,0.969611229203851,55583.0,3.0
2407,796.0,7.0,0.969438869502174,53536.0,3.0
2408,959.0,46.0,1.0,58655.0,3.0
2409,928.0,43.0,1.0,58656.0,3.0
2410,854.0,30.0,0.9619920826171562,55587.0,3.0
2411,748.0,14.0,0.9680074746679085,53540.0,3.0
2412,930.0,30.0,0.9677807222669879,58657.0,3.0
2413,912.0,40.0,1.0,56616.0,3.0
2414,1160.0,0.0,0.9752833180265433,58665.0,3.0
2415,994.0,3.0,0.9732290449655479,57130.0,3.0
2416,888.0,11.0,0.967784606628124,57133.0,3.0
2417,860.0,31.0,1.0,54064.0,3.0
2418,877.0,22.0,0.96661323037602,54577.0,3.0
2419,927.0,46.0,1.0,55092.0,3.0
2420,879.0,35.0,1.0,55606.0,3.0
2421,914.0,25.0,0.969261826026085,58678.0,3.0
2422,900.0,23.0,0.9745774954764822,56120.0,3.0
2423,885.0,33.0,0.9665758354019831,57145.0,3.0
2424,1065.0,36.0,0.966288455719394,55610.0,3.0
2425,960.0,34.0,1.0,58679.0,3.0
2426,889.0,24.0,1.0,55612.0,3.0
2427,1064.0,20.0,0.9850362220007164,58685.0,3.0
2428,862.0,42.0,1.0,55615.0,3.0
2429,895.0,24.0,0.9645170925426536,56135.0,3.0
2430,987.0,52.0,0.9578605467167223,56655.0,3.0
2431,927.0,50.0,0.9546797583743408,57681.0,3.0
2432,885.0,32.0,0.9695100006737636,57170.0,3.0
2433,997.0,20.0,0.9748427425997839,57176.0,3.0
2434,922.0,22.0,1.0,56665.0,3.0
2435,703.0,59.0,0.9729271410414342,53594.0,3.0
2436,838.0,26.0,0.9597015049046163,53596.0,3.0
2437,1011.0,18.0,0.9741278114528402,53598.0,3.0
2438,928.0,28.0,1.0,57187.0,3.0
2439,1041.0,37.0,0.9725402685457843,53605.0,3.0
2440,862.0,7.0,0.9684490857775749,56679.0,3.0
2441,923.0,39.0,0.9611301962516853,55665.0,3.0
2442,823.0,32.0,0.9683811675175676,53618.0,3.0
2443,933.0,40.0,0.9721664241076386,57715.0,3.0
2444,846.0,55.0,0.965474076184459,56180.0,3.0
2445,847.0,55.0,1.0,56181.0,3.0
2446,906.0,54.0,1.0,53623.0,3.0
2447,987.0,48.0,0.960253944952695,57720.0,3.0
2448,884.0,23.0,0.953464932429616,54649.0,3.0
2449,835.0,42.0,1.0,54142.0,3.0
2450,853.0,8.0,1.0,55171.0,3.0
2451,853.0,24.0,0.9647920237009983,54148.0,3.0
2452,1052.0,4.0,0.9715517838260743,54149.0,3.0
2453,865.0,43.0,1.0,54661.0,3.0
2454,974.0,48.0,1.0,57223.0,3.0
2455,855.0,28.0,0.9635133451848259,53643.0,3.0
2456,968.0,48.0,0.9624231517587966,56717.0,3.0
2457,1077.0,37.0,0.9697950786491548,55182.0,3.0
2458,873.0,33.0,0.9617851551685782,56209.0,3.0
2459,1010.0,15.0,0.9624022659839897,55189.0,3.0
2460,904.0,9.0,0.957643560638735,57242.0,3.0
2461,843.0,6.0,1.0,55199.0,3.0
2462,1034.0,5.0,0.9695117094253873,57249.0,3.0
2463,1016.0,58.0,0.9726247871500217,57250.0,3.0
2464,1137.0,1.0,0.9742553421930051,55205.0,3.0
2465,851.0,47.0,0.9583767307714816,53673.0,3.0
2466,937.0,48.0,1.0,55211.0,3.0
2467,995.0,20.0,0.9523419221205739,56751.0,3.0
2468,903.0,31.0,0.9712558669580873,56244.0,3.0
2469,917.0,49.0,1.0,54199.0,3.0
2470,857.0,13.0,1.0,55735.0,3.0
2471,1025.0,58.0,0.955350283816496,57275.0,3.0
2472,851.0,56.0,0.9738263281573071,56252.0,3.0
2473,874.0,13.0,1.0,57279.0,3.0
2474,910.0,28.0,1.0,56257.0,3.0
2475,1013.0,5.0,0.973625191319269,56273.0,3.0
2476,837.0,42.0,0.9713370308845647,54226.0,3.0
2477,1161.0,1.0,1.0,56785.0,3.0
2478,889.0,25.0,0.9656260614250743,58326.0,3.0
2479,956.0,21.0,0.970266130783765,57307.0,3.0
2480,913.0,13.0,1.0,58331.0,3.0
2481,867.0,31.0,1.0,54238.0,3.0
2482,943.0,52.0,0.956820515478124,54243.0,3.0
2483,973.0,20.0,0.9889125982785374,54755.0,3.0
2484,903.0,47.0,0.9618875965016455,56296.0,3.0
2485,860.0,44.0,1.0,54761.0,3.0
2486,998.0,3.0,0.9591023909290899,57321.0,3.0
2487,895.0,13.0,1.0,57835.0,3.0
2488,648.0,59.0,0.9727086470591378,53228.0,3.0
2489,651.0,59.0,0.9726460287171067,53231.0,3.0
2490,1077.0,38.0,1.0,58351.0,3.0
2491,878.0,40.0,0.9659577482089391,54257.0,3.0
2492,1182.0,2.0,1.0,58364.0,3.0
2493,889.0,21.0,0.9620038212975028,54274.0,3.0
2494,1025.0,57.0,1.0,56839.0,3.0
2495,930.0,51.0,1.0,53256.0,3.0
2496,818.0,10.0,0.9525322624100205,56329.0,3.0
2497,666.0,59.0,0.9607872745907478,53263.0,3.0
2498,926.0,54.0,0.9537322848359111,54289.0,3.0
2499,1005.0,57.0,1.0,55825.0,3.0
2500,965.0,3.0,0.9746754124315765,55826.0,3.0
2501,897.0,12.0,0.9726462146175952,57874.0,3.0
2502,981.0,4.0,0.9710664075649456,53270.0,3.0
2503,993.0,18.0,1.0,53276.0,3.0
2504,743.0,14.0,0.9643438545769073,53277.0,3.0
2505,838.0,30.0,1.0,53790.0,3.0
2506,860.0,9.0,0.9854609634401964,54301.0,3.0
2507,859.0,9.0,0.9737656341150985,54302.0,3.0
2508,845.0,56.0,1.0,55840.0,3.0
2509,1061.0,38.0,1.0,57887.0,3.0
2510,1037.0,5.0,0.9710283615320866,57380.0,3.0
2511,985.0,4.0,0.9502881354116438,53288.0,3.0
2512,1045.0,57.0,0.9724999876365423,57896.0,3.0
2513,867.0,44.0,0.9612801589456567,54826.0,3.0
2514,1140.0,0.0,1.0,57897.0,3.0
2515,956.0,53.0,1.0,53292.0,3.0
2516,881.0,23.0,0.9713583871501533,54316.0,3.0
2517,884.0,10.0,0.9735009320815726,58410.0,3.0
2518,886.0,49.0,0.9666751639755491,53298.0,3.0
2519,844.0,24.0,1.0,53816.0,3.0
2520,855.0,41.0,0.96952632186838,54841.0,3.0
2521,862.0,8.0,1.0,55353.0,3.0
2522,864.0,12.0,1.0,56381.0,3.0
2523,967.0,57.0,0.9751713908561807,53823.0,3.0
2524,876.0,34.0,1.0,53824.0,3.0
2525,882.0,43.0,0.9702858012488487,55880.0,3.0
2526,911.0,35.0,1.0,58441.0,3.0
2527,866.0,25.0,0.9710086866645581,57946.0,3.0
2528,1046.0,5.0,0.9528688474659144,57949.0,3.0
2529,794.0,29.0,0.9694904008230947,53346.0,3.0
2530,1079.0,38.0,0.9764665103058251,58469.0,3.0
2531,864.0,10.0,1.0,57959.0,3.0
2532,830.0,6.0,0.9705233663610744,53353.0,3.0
2533,910.0,54.0,1.0,53869.0,3.0
2534,888.0,26.0,0.9602359741915789,56429.0,3.0
2535,950.0,22.0,1.0,58477.0,3.0
2536,868.0,25.0,1.0,57969.0,3.0
2537,1116.0,1.0,1.0,54390.0,3.0
2538,872.0,9.0,0.9684655422303132,54903.0,3.0
2539,1032.0,58.0,1.0,57463.0,3.0
2540,880.0,31.0,0.973556289541238,54912.0,3.0
2541,997.0,18.0,0.9749608455206737,53377.0,3.0
2542,1005.0,58.0,0.9835013121544021,56451.0,3.0
2543,1058.0,19.0,0.9673916057219676,56452.0,3.0
2544,981.0,52.0,0.9669869988936506,56453.0,3.0
2545,864.0,27.0,0.9648166655234546,53896.0,3.0
2546,958.0,53.0,1.0,53393.0,3.0
2547,905.0,6.0,0.9709324937840691,58002.0,3.0
2548,998.0,18.0,0.973072315362954,53395.0,3.0
2549,827.0,55.0,0.9728584574005315,54932.0,3.0
2550,888.0,27.0,1.0,55446.0,3.0
2551,933.0,21.0,0.9714327943568827,55958.0,3.0
2552,1049.0,38.0,0.971976655124776,57587.0,3.0
2553,842.0,26.0,0.9651857409171841,53913.0,3.0
2554,1010.0,19.0,0.968495476417247,53403.0,3.0
2555,905.0,11.0,0.960077451689562,58012.0,3.0
2556,835.0,56.0,0.961248010229539,55458.0,3.0
2557,922.0,41.0,0.9732610534633933,58019.0,3.0
2558,795.0,29.0,0.9616208085693406,53412.0,3.0
2559,836.0,56.0,0.9644997952537161,55462.0,3.0
2560,844.0,11.0,0.9722114170872708,54951.0,3.0
2561,880.0,32.0,0.965377453000063,56998.0,3.0
2562,923.0,41.0,0.9800552774893153,58023.0,3.0
2563,785.0,14.0,0.9646445601336763,54956.0,3.0
2564,1080.0,19.0,1.0,57524.0,3.0
2565,887.0,39.0,0.9727060435691455,54453.0,3.0
2566,840.0,8.0,1.0,54455.0,3.0
2567,924.0,50.0,0.9714343808175914,57529.0,3.0
2568,917.0,39.0,1.0,55483.0,3.0
2569,925.0,27.0,0.9729160288382521,57027.0,3.0
2570,909.0,49.0,0.9556860251767569,53956.0,3.0
2571,818.0,14.0,1.0,57031.0,3.0
2572,1006.0,4.0,0.9510186091881854,53448.0,3.0
2573,866.0,29.0,0.9657630544550407,57543.0,3.0
2574,922.0,6.0,0.9700328014645014,58567.0,3.0
2575,1041.0,53.0,1.0,58568.0,3.0
2576,908.0,22.0,0.9692667079414277,56014.0,3.0
2577,1052.0,57.0,0.9524932115832556,58063.0,3.0
2578,921.0,50.0,0.9582167006871953,57554.0,3.0
2579,815.0,33.0,1.0,53462.0,3.0
2580,837.0,7.0,0.964917382836157,55511.0,3.0
2581,1160.0,2.0,1.0,57050.0,3.0
2582,832.0,8.0,0.9743165008742167,53982.0,3.0
2583,980.0,51.0,0.9724876704965089,55520.0,3.0
2584,1056.0,15.0,0.9595971246366595,58593.0,3.0
2585,875.0,44.0,0.9662564433175023,55014.0,3.0
2586,904.0,12.0,0.9702022308252225,58087.0,3.0
2587,1168.0,2.0,0.9693256067590797,57578.0,3.0
2588,809.0,29.0,1.0,54512.0,3.0
2589,925.0,21.0,0.9701767279155025,55537.0,3.0
2590,919.0,34.0,1.0,57072.0,3.0
2591,903.0,54.0,1.0,53491.0,3.0
2592,879.0,23.0,0.9715051343245844,54007.0,3.0
2593,1126.0,2.0,1.0,55549.0,3.0
2594,972.0,57.0,0.970752709264684,54013.0,3.0
2595,698.0,59.0,0.9667769812553098,53514.0,3.0
2596,1121.0,2.0,0.9635880966357514,55567.0,3.0
2597,713.0,59.0,1.0,55059.0,3.0
2598,1000.0,58.0,0.9775270452563871,56089.0,3.0
2599,1001.0,58.0,0.9817563529111829,56090.0,3.0
2600,858.0,22.0,0.9687760398327445,53531.0,3.0
2601,1002.0,58.0,0.9684371770216577,56091.0,3.0
2602,869.0,7.0,1.0,57129.0,3.0
2603,1047.0,36.0,0.9664961596918966,54571.0,3.0
2604,851.0,31.0,0.9711445986295046,53550.0,3.0
2605,849.0,13.0,0.9543923377268436,55086.0,3.0
2606,1074.0,58.0,0.9725098865710392,58674.0,3.0
2607,882.0,47.0,0.9774534659094125,55091.0,3.0
2608,915.0,24.0,0.9667749182960456,57139.0,3.0
2609,1053.0,19.0,0.9738300983476137,56117.0,3.0
2610,845.0,9.0,1.0,54070.0,3.0
2611,943.0,39.0,0.974768395536799,57142.0,3.0
2612,971.0,23.0,1.0,58684.0,3.0
2613,822.0,29.0,0.982435319783246,55619.0,3.0
2614,704.0,59.0,1.0,53578.0,3.0
2615,841.0,29.0,0.9717238878024197,56140.0,3.0
2616,1047.0,4.0,1.0,54093.0,3.0
2617,859.0,22.0,0.9779415715954246,53582.0,3.0
2618,801.0,7.0,0.9605899521045664,54095.0,3.0
2619,860.0,8.0,1.0,55120.0,3.0
2620,1013.0,3.0,1.0,58198.0,3.0
2621,984.0,52.0,1.0,56663.0,3.0
2622,1033.0,57.0,1.0,57174.0,3.0
2623,852.0,56.0,0.9698743056461762,56153.0,3.0
2624,971.0,54.0,0.9577735249743454,56156.0,3.0
2625,991.0,57.0,0.9641561657877136,55138.0,3.0
2626,939.0,21.0,0.9707949697705598,56164.0,3.0
2627,980.0,57.0,0.9702330840535586,54635.0,3.0
2628,994.0,5.0,0.9578944970842677,55149.0,3.0
2629,857.0,8.0,0.9856823409780193,55154.0,3.0
2630,879.0,29.0,1.0,58228.0,3.0
2631,856.0,8.0,0.9681988271509675,55158.0,3.0
2632,920.0,40.0,0.9627851406677318,57217.0,3.0
2633,921.0,40.0,0.9653299475889753,57218.0,3.0
2634,852.0,8.0,0.9662827893878517,55172.0,3.0
2635,909.0,22.0,0.9803433963550422,56198.0,3.0
2636,881.0,40.0,0.9709341138123052,54666.0,3.0
2637,705.0,59.0,0.9839706275469465,53648.0,3.0
2638,988.0,54.0,0.9644684553737667,57749.0,3.0
2639,903.0,9.0,0.9649770121586054,57241.0,3.0
2640,926.0,22.0,0.9716835737424226,56730.0,3.0
2641,892.0,39.0,1.0,54684.0,3.0
2642,885.0,21.0,0.9687782893144143,54177.0,3.0
2643,752.0,14.0,0.9816619324916352,53669.0,3.0
2644,1068.0,4.0,0.9672024472721408,54697.0,3.0
2645,1015.0,3.0,0.9887554259079924,58286.0,3.0
2646,934.0,28.0,1.0,57775.0,3.0
2647,851.0,42.0,0.9683436129678241,54704.0,3.0
2648,789.0,14.0,0.9581584974992381,55228.0,3.0
2649,928.0,49.0,0.9811045387563234,54725.0,3.0
2650,894.0,44.0,0.9865672857689713,56263.0,3.0
2651,925.0,41.0,1.0,58313.0,3.0
2652,881.0,39.0,0.9656808265324367,54224.0,3.0
2653,978.0,4.0,1.0,53225.0,3.0
2654,928.0,21.0,0.9777518389592845,55788.0,3.0
2655,894.0,13.0,0.9713540052438803,57836.0,3.0
2656,650.0,59.0,0.9541141847865111,53229.0,3.0
2657,871.0,55.0,0.9850718132019177,57841.0,3.0
2658,914.0,21.0,1.0,55283.0,3.0
2659,965.0,57.0,0.9753739672784718,53242.0,3.0
2660,862.0,22.0,0.9847724036622668,53755.0,3.0
2661,913.0,45.0,1.0,54267.0,3.0
2662,656.0,59.0,0.9559298009660641,53243.0,3.0
2663,862.0,10.0,0.9874531367206191,57854.0,3.0
2664,932.0,23.0,0.9787260512907736,57855.0,3.0
2665,891.0,40.0,0.9900073202731869,55290.0,3.0
2666,840.0,25.0,0.9739460834481691,56836.0,3.0
2667,846.0,6.0,0.9692701674904611,55302.0,3.0
2668,886.0,47.0,0.9529823322370558,55304.0,3.0
2669,820.0,32.0,1.0,53259.0,3.0
2670,899.0,23.0,0.9851437072280507,55820.0,3.0
2671,821.0,12.0,0.9691845205718645,53775.0,3.0
2672,858.0,40.0,1.0,53266.0,3.0
2673,822.0,56.0,0.9789598760777712,54806.0,3.0
2674,973.0,51.0,1.0,55322.0,3.0
2675,1062.0,38.0,0.9584454248648154,57884.0,3.0
2676,1030.0,19.0,0.9613892032722905,55326.0,3.0
2677,955.0,3.0,0.9698657838694115,55329.0,3.0
2678,982.0,4.0,0.9694765373383117,53283.0,3.0
2679,983.0,4.0,0.95437217381326,53286.0,3.0
2680,882.0,23.0,1.0,54315.0,3.0
2681,880.0,23.0,0.953221014354757,54317.0,3.0
2682,859.0,13.0,0.967165443598676,55857.0,3.0
2683,962.0,54.0,0.9680873994481569,55863.0,3.0
2684,999.0,3.0,0.9617250057718887,57399.0,3.0
2685,1004.0,58.0,0.9882226974743203,56377.0,3.0
2686,839.0,30.0,0.9900808853194087,54330.0,3.0
2687,919.0,48.0,1.0,53819.0,3.0
2688,883.0,6.0,0.9823842379838698,56889.0,3.0
2689,869.0,46.0,0.9547388145754011,53306.0,3.0
2690,940.0,21.0,0.9818691263910956,56383.0,3.0
2691,887.0,27.0,0.9895304434812788,55360.0,3.0
2692,844.0,30.0,0.9649496803948092,54852.0,3.0
2693,939.0,40.0,0.9854378801514131,57927.0,3.0
2694,980.0,5.0,1.0,54354.0,3.0
2695,874.0,39.0,0.9839435954904219,53843.0,3.0
2696,1033.0,19.0,0.9896242257278868,55380.0,3.0
2697,872.0,24.0,0.9887507415819098,54872.0,3.0
2698,865.0,31.0,1.0,54361.0,3.0
2699,892.0,28.0,0.9816844155231692,55384.0,3.0
2700,896.0,12.0,0.9608747540757895,57952.0,3.0
2701,1153.0,1.0,1.0,55910.0,3.0
2702,822.0,12.0,0.9730142495780189,53870.0,3.0
2703,688.0,59.0,0.9720581171761598,53365.0,3.0
2704,846.0,24.0,0.9829913692091027,53878.0,3.0
2705,953.0,54.0,0.9767162404926355,55416.0,3.0
2706,975.0,3.0,1.0,56442.0,3.0
2707,1041.0,5.0,0.9833580708659466,57467.0,3.0
2708,1059.0,4.0,1.0,54398.0,3.0
2709,854.0,55.0,1.0,56958.0,3.0
2710,908.0,31.0,0.9867761688822454,56448.0,3.0
2711,834.0,55.0,0.9798209789700211,55425.0,3.0
2712,855.0,55.0,1.0,56964.0,3.0
2713,1004.0,36.0,0.9514982989689463,53383.0,3.0
2714,883.0,39.0,0.9749028469942927,54408.0,3.0
2715,900.0,25.0,0.9833914625147117,58504.0,3.0
2716,892.0,8.0,0.9724027828570314,56970.0,3.0
2717,877.0,12.0,0.982673903480352,56971.0,3.0
2718,849.0,6.0,0.9527056824916481,55437.0,3.0
2719,838.0,32.0,0.9604738701820436,54926.0,3.0
2720,992.0,5.0,0.9699701167755793,54930.0,3.0
2721,789.0,7.0,0.9666161327505285,53394.0,3.0
2722,1000.0,5.0,1.0,55444.0,3.0
2723,960.0,5.0,0.9706146964518843,53400.0,3.0
2724,996.0,20.0,0.9819714370728889,56986.0,3.0
2725,910.0,9.0,0.9557276760156359,57499.0,3.0
2726,1051.0,57.0,0.9906111926863734,58016.0,3.0
2727,1042.0,4.0,0.9714039361604384,53921.0,3.0
2728,1042.0,5.0,0.9671808305792031,57508.0,3.0
2729,888.0,8.0,0.9616379429964204,56485.0,3.0
2730,837.0,56.0,1.0,55465.0,3.0
2731,1038.0,37.0,0.9822642076926134,53421.0,3.0
2732,860.0,27.0,0.9889361218456608,53423.0,3.0
2733,844.0,41.0,0.9814621971392757,53940.0,3.0
2734,1159.0,0.0,0.9801285372832191,58550.0,3.0
2735,902.0,39.0,0.9822712981836221,54971.0,3.0
2736,1003.0,4.0,0.9801988982504577,53437.0,3.0
2737,913.0,54.0,0.9719706620840387,53950.0,3.0
2738,819.0,12.0,0.9666256252181278,53444.0,3.0
2739,1006.0,18.0,0.9828196041965644,53446.0,3.0
2740,1070.0,0.0,0.9801849482654497,54472.0,3.0
2741,986.0,58.0,0.9814885499704059,54984.0,3.0
2742,911.0,23.0,0.9652895390921228,57034.0,3.0
2743,901.0,13.0,0.9859396476838618,58059.0,3.0
2744,850.0,10.0,0.9519307512745675,57545.0,3.0
2745,966.0,54.0,0.9777952007150934,56013.0,3.0
2746,951.0,22.0,0.9675000674556984,58574.0,3.0
2747,888.0,30.0,0.9626594952717495,57549.0,3.0
2748,954.0,21.0,0.97748530998641,57044.0,3.0
2749,891.0,55.0,0.9748689019422246,58617.0,3.0
2750,833.0,26.0,0.9898861068165131,53461.0,3.0
2751,893.0,28.0,0.9717118246705134,55509.0,3.0
2752,1021.0,20.0,1.0,58072.0,3.0
2753,1053.0,57.0,0.981681574941305,58077.0,3.0
2754,882.0,12.0,0.9951768642266401,57054.0,3.0
2755,828.0,9.0,0.9724623769059211,53475.0,3.0
2756,935.0,3.0,0.9699717133637304,53988.0,3.0
2757,1165.0,1.0,0.9598155353627323,57060.0,3.0
2758,1003.0,3.0,0.9728853508063655,57574.0,3.0
2759,1076.0,4.0,0.975883071008118,57068.0,3.0
2760,850.0,41.0,0.968114937055823,54510.0,3.0
2761,871.0,32.0,0.9714532838807006,56566.0,3.0
2762,958.0,50.0,0.9825866331931701,58615.0,3.0
2763,927.0,48.0,1.0,54521.0,3.0
2764,1008.0,4.0,0.9913659220744659,53499.0,3.0
2765,994.0,58.0,0.9889854404795025,55554.0,3.0
2766,1132.0,0.0,0.9960155438705278,57608.0,3.0
2767,849.0,31.0,0.9757650945439265,53529.0,3.0
2768,833.0,44.0,1.0,53532.0,3.0
2769,913.0,26.0,0.9956365109812846,57634.0,3.0
2770,1084.0,0.0,0.9731627341497782,55591.0,3.0
2771,948.0,49.0,0.968752015286477,55597.0,3.0
2772,963.0,3.0,0.9703554245449268,55598.0,3.0
2773,894.0,40.0,0.97930028898655,55599.0,3.0
2774,888.0,9.0,0.9878864738617881,55601.0,3.0
2775,985.0,48.0,0.9667067197988597,57650.0,3.0
2776,890.0,9.0,0.9827821474876095,55603.0,3.0
2777,929.0,40.0,0.9731389292851057,57653.0,3.0
2778,928.0,40.0,0.9700321833215946,57660.0,3.0
2779,1054.0,38.0,0.9921663047889943,57662.0,3.0
2780,847.0,43.0,0.9678235315983199,53569.0,3.0
2781,854.0,28.0,0.9958716562412627,53570.0,3.0
2782,941.0,22.0,0.9955620287805323,57667.0,3.0
2783,885.0,24.0,0.9720392955424836,55621.0,3.0
2784,926.0,50.0,0.9830304698027444,57670.0,3.0
2785,935.0,34.0,1.0,57675.0,3.0
2786,958.0,3.0,0.9720618893759879,55629.0,3.0
2787,896.0,6.0,0.982788182815322,57687.0,3.0
2788,894.0,34.0,1.0,55651.0,3.0
2789,931.0,40.0,0.9835895101965252,57699.0,3.0
2790,869.0,41.0,0.9746723133394829,55655.0,3.0
2791,900.0,32.0,0.9783254412377653,57703.0,3.0
2792,892.0,30.0,0.9893490803252525,57707.0,3.0
2793,878.0,21.0,0.9798647185990682,53612.0,3.0
2794,1003.0,5.0,0.9738057033121046,55662.0,3.0
2795,891.0,13.0,0.9915384917232042,57714.0,3.0
2796,936.0,34.0,0.9831229390875816,57716.0,3.0
2797,970.0,49.0,0.9947248332242977,57719.0,3.0
2798,1004.0,5.0,0.9737313970033974,55671.0,3.0
2799,905.0,54.0,0.9777395751896596,53624.0,3.0
2800,851.0,11.0,0.9835435069787692,55675.0,3.0
2801,886.0,9.0,0.991480637760239,55681.0,3.0
2802,820.0,12.0,0.9673233666495976,53635.0,3.0
2803,874.0,41.0,0.9723336632524953,55691.0,3.0
2804,929.0,50.0,0.9515487709492025,57740.0,3.0
2805,1006.0,52.0,0.9930410742950286,57741.0,3.0
2806,1023.0,4.0,0.978472308290731,53647.0,3.0
2807,930.0,50.0,0.9659687554664632,57747.0,3.0
2808,875.0,7.0,0.9962348073235767,57748.0,3.0
2809,802.0,55.0,0.9787951512090064,53656.0,3.0
2810,916.0,44.0,0.99537370065517,57752.0,3.0
2811,894.0,30.0,0.9955446587946247,57753.0,3.0
2812,1042.0,37.0,0.9842589260463573,53659.0,3.0
2813,1024.0,4.0,0.9840703911076,53661.0,3.0
2814,941.0,27.0,0.9760652283493579,57759.0,3.0
2815,1043.0,37.0,0.9725473714462367,53664.0,3.0
2816,891.0,33.0,0.9583879050162963,57761.0,3.0
2817,916.0,26.0,0.9549268363697113,57772.0,3.0
2818,937.0,51.0,1.0,53677.0,3.0
2819,894.0,22.0,0.9791262728863359,55727.0,3.0
2820,800.0,56.0,0.9873161236008254,53682.0,3.0
2821,1009.0,20.0,0.9847537748468417,57782.0,3.0
2822,852.0,47.0,0.9524673911951927,53689.0,3.0
2823,909.0,43.0,0.9965212088758099,57793.0,3.0
2824,873.0,43.0,0.9736080759705212,55746.0,3.0
2825,756.0,14.0,0.9874847519065352,53703.0,3.0
2826,938.0,45.0,1.0,55753.0,3.0
2827,937.0,28.0,1.0,57805.0,3.0
2828,876.0,7.0,0.9626611783431364,57808.0,3.0
2829,931.0,50.0,0.9610300034040347,57809.0,3.0
2830,844.0,56.0,0.9718117256123419,55772.0,3.0
2831,970.0,52.0,0.985611029705384,55777.0,3.0
2832,903.0,30.0,0.9833371773932558,57826.0,3.0
2833,1013.0,20.0,0.9840551778470666,57831.0,3.0
2834,1100.0,2.0,0.9688942529415099,53736.0,3.0
2835,865.0,42.0,0.9848607138106767,55795.0,3.0
2836,1028.0,4.0,0.9759303594276956,53753.0,3.0
2837,840.0,9.0,0.9820326597283932,53754.0,3.0
2838,935.0,50.0,0.9880491667714241,57851.0,3.0
2839,930.0,21.0,0.9821122663431204,55809.0,3.0
2840,855.0,12.0,0.971941446393262,55814.0,3.0
2841,886.0,46.0,0.9649091383743786,53770.0,3.0
2842,1019.0,38.0,0.9900491575469476,55818.0,3.0
2843,870.0,8.0,0.9881863463048879,55819.0,3.0
2844,899.0,47.0,0.9666538235622262,55823.0,3.0
2845,884.0,35.0,0.9642708685945596,55827.0,3.0
2846,851.0,43.0,0.9819839886086603,53780.0,3.0
2847,1043.0,19.0,1.0,55829.0,3.0
2848,841.0,7.0,1.0,55831.0,3.0
2849,868.0,40.0,0.9756885941356083,53789.0,3.0
2850,896.0,31.0,0.995155888482753,55841.0,3.0
2851,891.0,24.0,0.9867491544946058,55843.0,3.0
2852,1007.0,57.0,0.970337759228103,55848.0,3.0
2853,1044.0,19.0,0.9702045486297224,55852.0,3.0
2854,900.0,47.0,1.0,55853.0,3.0
2855,1020.0,38.0,0.9917361986651,55854.0,3.0
2856,852.0,43.0,0.9640956308368664,53808.0,3.0
2857,1066.0,38.0,0.985642655036104,57906.0,3.0
2858,706.0,59.0,0.9615366443749759,53813.0,3.0
2859,1070.0,18.0,0.9807901551418434,55861.0,3.0
2860,970.0,5.0,0.9916117404445498,53815.0,3.0
2861,878.0,41.0,0.9696646470621726,55862.0,3.0
2862,897.0,40.0,0.9674059088866306,55864.0,3.0
2863,934.0,3.0,0.9659439446256257,53826.0,3.0
2864,841.0,55.0,0.9678764628789023,55892.0,3.0
2865,1051.0,37.0,0.9831000038081945,53849.0,3.0
2866,972.0,52.0,0.9934339196242956,55900.0,3.0
2867,882.0,21.0,0.9722232819081823,53853.0,3.0
2868,920.0,41.0,0.9950171723668415,57957.0,3.0
2869,1033.0,18.0,0.9879380681713738,53862.0,3.0
2870,1034.0,18.0,0.950812043479513,53863.0,3.0
2871,802.0,56.0,0.9701490453205576,53864.0,3.0
2872,857.0,47.0,0.971264449373651,53867.0,3.0
2873,920.0,48.0,0.9762290754760161,53868.0,3.0
2874,1067.0,38.0,0.9883089885887345,57963.0,3.0
2875,831.0,8.0,0.9905288769676345,53872.0,3.0
2876,1008.0,3.0,0.9857649264664489,57973.0,3.0
2877,1071.0,18.0,0.9510426331911772,55927.0,3.0
2878,1132.0,2.0,0.9890487233657459,55928.0,3.0
2879,984.0,45.0,0.9813511172799526,57980.0,3.0
2880,845.0,7.0,0.9684485216609493,55935.0,3.0
2881,873.0,29.0,0.9874272214685865,57984.0,3.0
2882,1141.0,0.0,0.9923382501033218,57986.0,3.0
2883,826.0,42.0,0.9960705863524945,53891.0,3.0
2884,1035.0,18.0,0.9886170730326049,53892.0,3.0
2885,1133.0,2.0,0.9817441603727485,55942.0,3.0
2886,946.0,45.0,0.9756089845701119,55944.0,3.0
2887,1027.0,53.0,0.9915846707119564,57992.0,3.0
2888,947.0,45.0,0.9831148882204868,55949.0,3.0
2889,939.0,28.0,0.9845753003914963,57997.0,3.0
2890,1017.0,20.0,0.9966855671745957,58000.0,3.0
2891,858.0,12.0,0.9726696174464996,55954.0,3.0
2892,847.0,24.0,0.9537858200849451,53908.0,3.0
2893,1028.0,53.0,0.9830512901420694,58006.0,3.0
2894,937.0,23.0,0.9601768992943992,58008.0,3.0
2895,1018.0,20.0,1.0,58009.0,3.0
2896,949.0,48.0,0.9715583092517458,55962.0,3.0
2897,1105.0,1.0,0.9829302834440166,53917.0,3.0
2898,889.0,46.0,0.969988161012984,53918.0,3.0
2899,859.0,31.0,0.9871438820847576,53920.0,3.0
2900,901.0,27.0,0.9841571219805622,55969.0,3.0
2901,900.0,31.0,0.9812684144167724,55972.0,3.0
2902,847.0,56.0,0.9800144369842009,55977.0,3.0
2903,1024.0,36.0,0.967055231861721,53930.0,3.0
2904,907.0,22.0,0.9829632685471161,55979.0,3.0
2905,871.0,25.0,0.9766675208570214,58026.0,3.0
2906,986.0,51.0,0.9932386181064065,55982.0,3.0
2907,1022.0,38.0,1.0,55988.0,3.0
2908,898.0,40.0,0.9904845203506518,55989.0,3.0
2909,971.0,49.0,0.9674275432506853,58038.0,3.0
2910,972.0,49.0,0.9832508773425953,58040.0,3.0
2911,915.0,54.0,0.9738190705852524,53948.0,3.0
2912,879.0,41.0,0.9794294389708911,55997.0,3.0
2913,1019.0,20.0,0.9913710247373138,58045.0,3.0
2914,1020.0,20.0,0.9862063149402064,58047.0,3.0
2915,867.0,10.0,0.9526627563359857,58052.0,3.0
2916,894.0,46.0,0.9751538346912731,53958.0,3.0
2917,919.0,44.0,0.9895453534041889,58057.0,3.0
2918,950.0,45.0,0.9796247957443838,56010.0,3.0
2919,1154.0,1.0,0.987869063921134,56011.0,3.0
2920,1135.0,2.0,0.9747817191413818,56015.0,3.0
2921,867.0,42.0,0.9836347637555864,56018.0,3.0
2922,934.0,21.0,0.9758227752821708,56021.0,3.0
2923,877.0,7.0,1.0,58070.0,3.0
2924,873.0,25.0,0.9748726504981462,58074.0,3.0
2925,974.0,5.0,0.9696909687010867,53983.0,3.0
2926,975.0,5.0,0.9850049131321665,53985.0,3.0
2927,860.0,6.0,0.9718125845352982,56036.0,3.0
2928,805.0,56.0,0.9829600158464746,53997.0,3.0
2929,907.0,6.0,0.9795320228372235,58098.0,3.0
2930,837.0,29.0,0.9874894622302908,56056.0,3.0
2931,972.0,5.0,0.9753333395364158,54009.0,3.0
2932,894.0,33.0,0.9804530415241273,58110.0,3.0
2933,823.0,12.0,0.9725234444436602,54015.0,3.0
2934,832.0,29.0,1.0,56068.0,3.0
2935,1051.0,58.0,0.9835288268232164,58120.0,3.0
2936,862.0,32.0,0.9678025074054815,56075.0,3.0
2937,1038.0,18.0,0.9870648285754937,54031.0,3.0
2938,987.0,45.0,0.9968064886002667,58128.0,3.0
2939,863.0,47.0,0.9850937618128986,54045.0,3.0
2940,954.0,49.0,0.9812745356545046,56093.0,3.0
2941,1056.0,58.0,0.9721933411509703,58144.0,3.0
2942,908.0,13.0,0.9852155586247202,58147.0,3.0
2943,1138.0,2.0,0.9553438954957133,56102.0,3.0
2944,919.0,43.0,0.9826511756070373,58151.0,3.0
2945,964.0,53.0,0.9634923206199562,54058.0,3.0
2946,1031.0,36.0,0.9698295228973391,54061.0,3.0
2947,907.0,35.0,0.9686416806676631,58159.0,3.0
2948,807.0,56.0,0.9856702559764835,54066.0,3.0
2949,932.0,31.0,0.9915988542569191,58166.0,3.0
2950,876.0,29.0,0.986211144503322,58172.0,3.0
2951,905.0,13.0,0.9787262834380381,58179.0,3.0
2952,1056.0,19.0,1.0,56133.0,3.0
2953,1010.0,3.0,0.993631340066764,58183.0,3.0
2954,847.0,9.0,0.9860204004360718,54088.0,3.0
2955,954.0,48.0,1.0,56138.0,3.0
2956,1051.0,5.0,0.9650521963288606,58189.0,3.0
2957,1037.0,36.0,1.0,54096.0,3.0
2958,864.0,47.0,0.9791989104497067,54097.0,3.0
2959,877.0,29.0,0.9751891432450116,58194.0,3.0
2960,852.0,24.0,1.0,54107.0,3.0
2961,938.0,21.0,0.9796275797465993,56163.0,3.0
2962,980.0,58.0,0.9838067163798558,54123.0,3.0
2963,895.0,33.0,0.96962876434311,58219.0,3.0
2964,873.0,42.0,1.0,56174.0,3.0
2965,948.0,23.0,0.9778860570908864,58225.0,3.0
2966,905.0,12.0,0.9793256644280202,58227.0,3.0
2967,879.0,25.0,0.9859165994401822,58230.0,3.0
2968,909.0,32.0,0.9710328318713801,58236.0,3.0
2969,803.0,7.0,0.9677357644017358,54146.0,3.0
2970,1011.0,52.0,0.9807218732991094,58242.0,3.0
2971,1072.0,18.0,0.9954216664408818,56197.0,3.0
2972,925.0,24.0,0.9734463973860196,58247.0,3.0
2973,1092.0,19.0,0.9929887403212021,58248.0,3.0
2974,910.0,13.0,0.9903061791015347,58249.0,3.0
2975,911.0,13.0,1.0,58250.0,3.0
2976,877.0,34.0,0.9852473743622856,54155.0,3.0
2977,1046.0,18.0,0.9962501181545399,54159.0,3.0
2978,898.0,46.0,0.992493231112797,54160.0,3.0
2979,881.0,25.0,0.9890309203191198,58258.0,3.0
2980,912.0,6.0,0.9921031537613398,58261.0,3.0
2981,901.0,31.0,0.9866301086497734,56214.0,3.0
2982,913.0,9.0,0.9715381497612265,58265.0,3.0
2983,915.0,30.0,1.0,58266.0,3.0
2984,869.0,22.0,0.9876044505993771,54172.0,3.0
2985,913.0,49.0,0.9843842797736678,54173.0,3.0
2986,874.0,10.0,0.9913038580631021,58270.0,3.0
2987,1013.0,52.0,0.9899364153841013,58274.0,3.0
2988,945.0,27.0,0.9838312377037468,58275.0,3.0
2989,916.0,30.0,0.9946954411090787,58277.0,3.0
2990,1040.0,36.0,0.9842051832762557,54183.0,3.0
2991,934.0,39.0,0.9750816497693371,56233.0,3.0
2992,1057.0,37.0,0.9672732813668434,54187.0,3.0
2993,1034.0,53.0,0.9857401270327256,58283.0,3.0
2994,1058.0,37.0,0.992437317198224,54196.0,3.0
2995,1015.0,52.0,0.9811812284435838,58299.0,3.0
2996,846.0,44.0,0.9672047000836936,54205.0,3.0
2997,902.0,46.0,1.0,54206.0,3.0
2998,996.0,48.0,0.9645138929938839,58301.0,3.0
2999,856.0,24.0,0.9848230424456877,54208.0,3.0
3000,950.0,23.0,0.9643335020187305,58303.0,3.0
3001,903.0,46.0,0.9671870319645013,54216.0,3.0
3002,814.0,56.0,0.9802777174360445,54218.0,3.0
3003,839.0,42.0,0.969810852631621,54230.0,3.0
3004,887.0,21.0,0.974545623113859,54241.0,3.0
3005,934.0,31.0,0.9721817239993874,58339.0,3.0
3006,812.0,55.0,0.9948377581924843,54246.0,3.0
3007,1039.0,20.0,0.985074027537645,58346.0,3.0
3008,973.0,57.0,0.9785438373715363,54262.0,3.0
3009,833.0,25.0,0.991345135845714,56317.0,3.0
3010,1142.0,2.0,0.9814282074199957,56331.0,3.0
3011,1096.0,0.0,0.9866747820860275,56333.0,3.0
3012,885.0,41.0,0.9824760831879329,56336.0,3.0
3013,924.0,54.0,0.9938472653600824,54291.0,3.0
3014,974.0,54.0,0.9953379881608643,56343.0,3.0
3015,898.0,33.0,0.9874720949567742,58394.0,3.0
3016,906.0,46.0,0.9720595200013923,54306.0,3.0
3017,901.0,23.0,0.9772971340023358,56368.0,3.0
3018,956.0,23.0,0.9919369473585838,58422.0,3.0
3019,921.0,44.0,0.9936827108298089,58423.0,3.0
3020,918.0,13.0,0.9806364116005221,58427.0,3.0
3021,1042.0,36.0,0.9957277086335999,54334.0,3.0
3022,1019.0,51.0,0.9913192620136666,58434.0,3.0
3023,902.0,23.0,0.9900886975047303,56390.0,3.0
3024,975.0,57.0,0.9781272458711034,54343.0,3.0
3025,999.0,48.0,0.9747440620990896,58438.0,3.0
3026,958.0,49.0,0.9722524736248588,56393.0,3.0
3027,894.0,25.0,0.9878286989975748,58439.0,3.0
3028,848.0,55.0,0.9703726541409406,56396.0,3.0
3029,852.0,44.0,0.9682738198861831,54356.0,3.0
3030,899.0,24.0,0.9817388468020436,56407.0,3.0
3031,941.0,28.0,0.9813608266048718,58460.0,3.0
3032,870.0,11.0,0.9606530986759119,56416.0,3.0
3033,887.0,10.0,0.9740003905205092,58467.0,3.0
3034,919.0,6.0,0.9948883554774005,58470.0,3.0
3035,865.0,12.0,1.0,56430.0,3.0
3036,833.0,8.0,0.9732949249145125,54386.0,3.0
3037,953.0,50.0,0.988201885863881,58490.0,3.0
3038,1037.0,53.0,0.9824380776085735,58501.0,3.0
3039,958.0,23.0,0.9880843107266811,58505.0,3.0
3040,954.0,34.0,0.9797352205561645,58507.0,3.0
3041,920.0,6.0,0.9842144466318604,58508.0,3.0
3042,1038.0,53.0,0.983558367175719,58509.0,3.0
3043,925.0,13.0,0.984858385293719,58512.0,3.0
3044,1028.0,38.0,0.9571737897067799,56467.0,3.0
3045,1003.0,48.0,1.0,58517.0,3.0
3046,976.0,57.0,0.9798448330062836,54422.0,3.0
3047,867.0,30.0,0.9846904480163459,56470.0,3.0
3048,862.0,9.0,0.9911200449791818,54424.0,3.0
3049,1046.0,20.0,0.9932422503079619,58518.0,3.0
3050,868.0,47.0,0.9617880068909225,54426.0,3.0
3051,994.0,51.0,0.9896912625964381,56478.0,3.0
3052,985.0,5.0,0.9815410251683482,54437.0,3.0
3053,956.0,34.0,0.9856897873796049,58533.0,3.0
3054,929.0,54.0,0.9828157131520054,54446.0,3.0
3055,843.0,42.0,0.9888634481575324,54449.0,3.0
3056,957.0,34.0,0.9852030001829841,58545.0,3.0
3057,839.0,8.0,0.9848019847719641,54452.0,3.0
3058,1105.0,2.0,0.9715679109946025,54456.0,3.0
3059,1046.0,36.0,0.9928391185657157,54457.0,3.0
3060,1019.0,19.0,0.9635467809287285,54459.0,3.0
3061,890.0,10.0,0.9733192504513661,58563.0,3.0
3062,874.0,11.0,0.9592575897251093,56522.0,3.0
3063,853.0,7.0,0.9735449480452105,56525.0,3.0
3064,990.0,45.0,0.9962443513624963,58573.0,3.0
3065,886.0,29.0,0.9817750677889909,58575.0,3.0
3066,955.0,50.0,0.966818949761044,58576.0,3.0
3067,931.0,54.0,0.9936069788209098,54482.0,3.0
3068,903.0,23.0,0.9743291360976594,56532.0,3.0
3069,1065.0,37.0,0.9824019422128227,54488.0,3.0
3070,899.0,33.0,0.9810473091199715,58585.0,3.0
3071,910.0,46.0,0.9824032460778966,54490.0,3.0
3072,770.0,14.0,1.0,54491.0,3.0
3073,963.0,48.0,0.9845704246585778,56546.0,3.0
3074,956.0,50.0,0.9744823508651492,58594.0,3.0
3075,1053.0,20.0,0.9912893667742484,58598.0,3.0
3076,1008.0,58.0,0.9512244314582867,56553.0,3.0
3077,1029.0,38.0,0.9869209195936771,56556.0,3.0
3078,872.0,27.0,0.9842987077012004,54509.0,3.0
3079,1107.0,37.0,0.9749505368307033,56557.0,3.0
3080,1054.0,20.0,0.9821667416115851,58605.0,3.0
3081,1122.0,1.0,0.9804480153671992,54516.0,3.0
3082,873.0,27.0,0.9852643260957438,54517.0,3.0
3083,977.0,57.0,0.9598940337762816,54518.0,3.0
3084,918.0,28.0,0.9834959879293038,56565.0,3.0
3085,876.0,22.0,0.9866229636151446,54523.0,3.0
3086,815.0,55.0,0.9533565526168388,54527.0,3.0
3087,896.0,21.0,0.9806245514906275,54530.0,3.0
3088,875.0,6.0,0.9740346143519092,56579.0,3.0
3089,896.0,43.0,1.0,56594.0,3.0
3090,901.0,44.0,0.9787474210904807,56600.0,3.0
3091,890.0,39.0,0.9693313345752157,54559.0,3.0
3092,1123.0,1.0,0.9889682528265759,54560.0,3.0
3093,903.0,50.0,0.9811451755106201,56613.0,3.0
3094,912.0,25.0,0.9802452976037822,58661.0,3.0
3095,902.0,44.0,0.993000105704353,56615.0,3.0
3096,841.0,30.0,0.9680451309516801,54569.0,3.0
3097,841.0,8.0,0.9736444200748665,54575.0,3.0
3098,815.0,7.0,0.9836131346107879,54585.0,3.0
3099,774.0,14.0,0.9552491715314437,54587.0,3.0
3100,896.0,10.0,1.0,58688.0,3.0
3101,913.0,31.0,0.9850597298519337,56658.0,3.0
3102,983.0,58.0,0.9940602917680391,54620.0,3.0
3103,920.0,27.0,0.9761252049252025,56689.0,3.0
3104,894.0,41.0,0.9723757700982779,56702.0,3.0
3105,1071.0,0.0,0.9848656829368228,54663.0,3.0
3106,875.0,27.0,1.0,54668.0,3.0
3107,1132.0,1.0,1.0,54673.0,3.0
3108,847.0,42.0,0.9825629873366352,54705.0,3.0
3109,939.0,39.0,0.9861552903172597,56774.0,3.0
3110,1127.0,1.0,0.9861418382081182,54727.0,3.0
3111,1010.0,53.0,0.9626720718073519,56797.0,3.0
3112,987.0,5.0,0.985668411633143,54769.0,3.0
3113,882.0,42.0,0.9657389904278485,56824.0,3.0
3114,877.0,33.0,0.9739969211453271,56826.0,3.0
3115,809.0,10.0,0.981486625271134,54780.0,3.0
3116,873.0,12.0,0.9746485489050067,56847.0,3.0
3117,882.0,22.0,0.9753963537888172,54800.0,3.0
3118,983.0,57.0,0.9820189286917623,54802.0,3.0
3119,823.0,56.0,0.9742491908161508,54808.0,3.0
3120,1073.0,0.0,0.9790339876644447,54820.0,3.0
3121,877.0,28.0,0.9841867458762309,54824.0,3.0
3122,876.0,32.0,0.9845024762613787,56884.0,3.0
3123,914.0,40.0,0.9956715122307559,56885.0,3.0
3124,877.0,32.0,0.9635647835887757,56888.0,3.0
3125,900.0,9.0,0.958781382986097,56896.0,3.0
3126,942.0,39.0,0.9728692917722601,56902.0,3.0
3127,1111.0,2.0,0.9550508590081448,54862.0,3.0
3128,907.0,44.0,0.9819766000499366,56912.0,3.0
3129,880.0,28.0,0.9814190107465959,54871.0,3.0
3130,879.0,31.0,0.9870713979210792,54877.0,3.0
3131,898.0,39.0,0.9810814750041466,54879.0,3.0
3132,964.0,49.0,0.9820017344918693,56931.0,3.0
3133,976.0,53.0,0.9819116000068485,54885.0,3.0
3134,1052.0,36.0,1.0,54891.0,3.0
3135,917.0,40.0,0.9808901507963016,56943.0,3.0
3136,1004.0,51.0,0.9935104547155112,56947.0,3.0
3137,989.0,52.0,0.9810337705110606,56955.0,3.0
3138,945.0,3.0,0.9722524808467995,54915.0,3.0
3139,843.0,25.0,0.9798195021949135,56965.0,3.0
3140,783.0,14.0,0.9849094806256797,54918.0,3.0
3141,984.0,58.0,0.9773096289261121,54919.0,3.0
3142,875.0,30.0,0.9837605395463432,56968.0,3.0
3143,837.0,32.0,0.9733604159713214,54921.0,3.0
3144,950.0,46.0,0.9795698858210672,56972.0,3.0
3145,960.0,51.0,0.9912455633318324,54925.0,3.0
3146,983.0,54.0,0.9776491437715802,56985.0,3.0
3147,900.0,26.0,0.9873189385921993,56988.0,3.0
3148,879.0,27.0,0.9761960470974903,54945.0,3.0
3149,879.0,32.0,0.9818820741742736,56994.0,3.0
3150,1061.0,18.0,0.9841298796476488,54947.0,3.0
3151,1016.0,53.0,0.9901518039985883,56995.0,3.0
3152,1155.0,2.0,0.9685587147560993,57001.0,3.0
3153,786.0,14.0,0.9762338381558298,54957.0,3.0
3154,1039.0,38.0,0.9792059241384967,57006.0,3.0
3155,947.0,3.0,0.9856182467666015,54963.0,3.0
3156,1067.0,19.0,0.9775017083711719,57012.0,3.0
3157,901.0,26.0,0.9840977472274054,57014.0,3.0
3158,874.0,47.0,0.9690878178851033,54969.0,3.0
3159,1041.0,38.0,0.9910037656922859,57018.0,3.0
3160,1074.0,0.0,0.9896500323168659,54974.0,3.0
3161,898.0,35.0,0.9833239503647986,57028.0,3.0
3162,839.0,32.0,0.9955376382858561,54986.0,3.0
3163,916.0,23.0,0.9796409545387813,57039.0,3.0
3164,869.0,35.0,0.9629696994276518,54998.0,3.0
3165,965.0,49.0,0.9795817069958108,57046.0,3.0
3166,845.0,30.0,0.9903877178005559,55003.0,3.0
3167,944.0,39.0,0.9865028755442833,57051.0,3.0
3168,905.0,26.0,0.9745337568796586,57053.0,3.0
3169,1024.0,19.0,0.9906703255644356,55007.0,3.0
3170,886.0,23.0,0.9895816560735773,55008.0,3.0
3171,905.0,39.0,0.9847027304970094,55013.0,3.0
3172,964.0,51.0,0.9830752374429665,55017.0,3.0
3173,897.0,8.0,0.9852185489743199,57069.0,3.0
3174,1020.0,53.0,0.9661535766411338,57079.0,3.0
3175,790.0,14.0,0.9864586163119171,55037.0,3.0
3176,972.0,45.0,1.0,57089.0,3.0
3177,973.0,45.0,0.9843271286455656,57090.0,3.0
3178,829.0,55.0,0.9586394900673871,55064.0,3.0
3179,890.0,32.0,0.9914933516859749,57114.0,3.0
3180,832.0,56.0,1.0,55077.0,3.0
3181,884.0,12.0,0.9831841954472353,57127.0,3.0
3182,985.0,54.0,0.9854779623552281,57135.0,3.0
3183,916.0,24.0,0.9913971237318263,57140.0,3.0
3184,862.0,41.0,0.9867125013405217,55099.0,3.0
3185,1166.0,1.0,0.9733870431802459,57147.0,3.0
3186,863.0,41.0,0.9920576265960793,55108.0,3.0
3187,977.0,48.0,0.9821143623583308,57157.0,3.0
3188,1007.0,51.0,0.969795693651329,57162.0,3.0
3189,887.0,22.0,0.9831442810241366,55117.0,3.0
3190,871.0,35.0,0.9694698751182873,55119.0,3.0
3191,948.0,3.0,0.9893884140194347,55167.0,3.0
3192,855.0,8.0,0.9647587094682976,55169.0,3.0
3193,990.0,57.0,0.9699282071558963,55175.0,3.0
3194,905.0,9.0,0.9837015860262465,57243.0,3.0
3195,881.0,31.0,0.9889351294755122,55210.0,3.0
3196,860.0,29.0,0.9652192864961407,57263.0,3.0
3197,996.0,3.0,0.9791169048939867,57269.0,3.0
3198,788.0,14.0,0.9775994585201002,55226.0,3.0
3199,909.0,41.0,0.9698978160634667,57282.0,3.0
3200,840.0,6.0,0.9728708002738047,55235.0,3.0
3201,888.0,22.0,0.9839830074103788,55241.0,3.0
3202,871.0,26.0,0.9754966113037052,55252.0,3.0
3203,838.0,10.0,0.9781200547156781,57303.0,3.0
3204,829.0,26.0,0.9929358370040334,53219.0,3.0
3205,988.0,57.0,0.9816961942311679,55267.0,3.0
3206,831.0,55.0,0.9720370704310232,55273.0,3.0
3207,871.0,7.0,0.9948826556021447,57322.0,3.0
3208,1009.0,51.0,0.9666945435781055,57329.0,3.0
3209,1118.0,0.0,0.9816192189773928,57331.0,3.0
3210,909.0,26.0,0.9831803074903394,57333.0,3.0
3211,930.0,28.0,0.9961797864129465,57339.0,3.0
3212,657.0,59.0,0.9885079743648488,53244.0,3.0
3213,1032.0,37.0,1.0,53245.0,3.0
3214,991.0,58.0,0.9802250984870912,55294.0,3.0
3215,946.0,39.0,0.9749006444199382,57343.0,3.0
3216,997.0,52.0,0.9890655159618582,57350.0,3.0
3217,664.0,59.0,0.9874051735642486,53258.0,3.0
3218,947.0,39.0,0.9675500415460095,57354.0,3.0
3219,889.0,6.0,0.9875976628597429,57356.0,3.0
3220,1034.0,37.0,0.9896056830941719,53262.0,3.0
3221,835.0,24.0,0.9934691716497998,53265.0,3.0
3222,915.0,50.0,0.9743522009146799,57361.0,3.0
3223,934.0,22.0,0.9903559801359599,57366.0,3.0
3224,980.0,4.0,0.993584665122311,53271.0,3.0
3225,741.0,14.0,0.9699056859464639,53273.0,3.0
3226,847.0,12.0,0.9941931868564237,55321.0,3.0
3227,668.0,59.0,0.9738747803699253,53275.0,3.0
3228,960.0,52.0,0.9807085335833151,55325.0,3.0
3229,676.0,59.0,0.991482861866839,53289.0,3.0
3230,929.0,46.0,0.9895690123079967,55342.0,3.0
3231,1031.0,19.0,0.9679535164066556,55343.0,3.0
3232,833.0,55.0,0.9827350616559262,55345.0,3.0
3233,986.0,4.0,0.9843905887641329,53302.0,3.0
3234,994.0,57.0,0.9934355455628067,55352.0,3.0
3235,679.0,59.0,0.9826896648483948,53305.0,3.0
3236,860.0,42.0,0.9803801477274068,55354.0,3.0
3237,886.0,12.0,0.9841504991831511,57400.0,3.0
3238,863.0,8.0,0.9775102345636008,55356.0,3.0
3239,998.0,52.0,0.9839782247889248,57403.0,3.0
3240,680.0,59.0,0.9713188205272197,53310.0,3.0
3241,987.0,4.0,0.9710837338306967,53312.0,3.0
3242,918.0,21.0,0.9732758960734256,55362.0,3.0
3243,1078.0,0.0,1.0,55363.0,3.0
3244,863.0,29.0,0.9700567828033234,57411.0,3.0
3245,995.0,57.0,1.0,55369.0,3.0
3246,1035.0,37.0,0.9868947140479919,53323.0,3.0
3247,924.0,47.0,1.0,57421.0,3.0
3248,683.0,59.0,0.9869209579708673,53328.0,3.0
3249,992.0,58.0,0.9659488078385899,55377.0,3.0
3250,686.0,59.0,0.9689760071090632,53332.0,3.0
3251,1076.0,19.0,0.9868657733683697,57430.0,3.0
3252,1066.0,18.0,0.9825529593820149,55385.0,3.0
3253,851.0,25.0,0.9731971862188087,57433.0,3.0
3254,851.0,30.0,0.9959899394844742,55387.0,3.0
3255,915.0,39.0,0.9748154061790774,55392.0,3.0
3256,911.0,26.0,0.9908499470887884,57444.0,3.0
3257,1145.0,1.0,1.0,55398.0,3.0
3258,934.0,27.0,0.9753058865450881,57450.0,3.0
3259,994.0,4.0,0.9910592796512377,53361.0,3.0
3260,827.0,8.0,0.9643985533755199,53362.0,3.0
3261,866.0,8.0,0.9954451906832622,55411.0,3.0
3262,873.0,56.0,0.9796668995034359,57462.0,3.0
3263,932.0,34.0,0.9772747578395032,57464.0,3.0
3264,813.0,29.0,0.9742321653130276,55417.0,3.0
3265,1003.0,36.0,0.9847148325167684,53370.0,3.0
3266,863.0,55.0,0.9860392482458297,57469.0,3.0
3267,1005.0,36.0,0.9848970659333852,53380.0,3.0
3268,962.0,21.0,0.9685338468888608,57481.0,3.0
3269,834.0,11.0,0.9568274260381359,53389.0,3.0
3270,1034.0,19.0,0.9881958587428027,55441.0,3.0
3271,895.0,32.0,0.9814866135690002,57490.0,3.0
3272,1036.0,58.0,0.9849679199318107,57497.0,3.0
3273,892.0,40.0,0.9865482448468855,55451.0,3.0
3274,967.0,49.0,0.9812958339566806,57501.0,3.0
3275,794.0,14.0,0.9950387850758344,55460.0,3.0
3276,944.0,48.0,0.9836648756949651,55471.0,3.0
3277,1088.0,1.0,0.9781753530500313,53424.0,3.0
3278,939.0,22.0,0.9896884468132348,57519.0,3.0
3279,851.0,13.0,0.9703632130398291,55478.0,3.0
3280,934.0,51.0,0.9896707145156876,53439.0,3.0
3281,883.0,13.0,0.9871042747635798,57542.0,3.0
3282,1007.0,4.0,0.9804481238538378,53450.0,3.0
3283,919.0,24.0,0.9805692519350452,57573.0,3.0
3284,1010.0,36.0,0.9908542210568977,53478.0,3.0
3285,901.0,54.0,0.9800398080657844,53481.0,3.0
3286,876.0,21.0,0.9739278705888225,53484.0,3.0
3287,695.0,59.0,0.9843198588280951,53490.0,3.0
3288,1091.0,1.0,0.9896254168414439,53493.0,3.0
3289,934.0,46.0,0.9892583633372269,55552.0,3.0
3290,1124.0,0.0,1.0,57610.0,3.0
3291,1004.0,52.0,0.9789237757135266,57613.0,3.0
3292,699.0,59.0,0.9877058345530878,53518.0,3.0
3293,862.0,33.0,0.9561072873632863,55571.0,3.0
3294,935.0,27.0,0.9861390258167401,57621.0,3.0
3295,880.0,50.0,0.968613648984849,55579.0,3.0
3296,1092.0,37.0,0.994147509309824,55581.0,3.0
3297,1001.0,3.0,0.9941540176117437,57629.0,3.0
3298,791.0,7.0,0.9790278346207804,53552.0,3.0
3299,893.0,32.0,0.9865836399610476,57657.0,3.0
3300,1016.0,36.0,0.9766792958573817,53563.0,3.0
3301,1171.0,2.0,0.9845420084787001,57672.0,3.0
3302,1093.0,1.0,0.9596526678254865,53583.0,3.0
3303,853.0,10.0,0.9729143886694914,57682.0,3.0
3304,955.0,54.0,0.9662072512142817,55635.0,3.0
3305,795.0,7.0,0.9927685553636973,53590.0,3.0
3306,1013.0,51.0,1.0,57689.0,3.0
3307,1068.0,36.0,0.9837493149907924,55641.0,3.0
3308,838.0,55.0,0.9687055061693031,55648.0,3.0
3309,1075.0,4.0,0.9890889755568381,55654.0,3.0
3310,896.0,47.0,0.9872544944409669,55661.0,3.0
3311,1081.0,19.0,0.986321293397167,57709.0,3.0
3312,825.0,14.0,0.9851372343779472,57710.0,3.0
3313,870.0,29.0,0.9923938600610137,57727.0,3.0
3314,1022.0,18.0,0.9869669968641093,53653.0,3.0
3315,820.0,29.0,0.9767903468280604,55704.0,3.0
3316,929.0,23.0,0.9899103925096933,57754.0,3.0
3317,928.0,31.0,0.9850440898846339,57756.0,3.0
3318,834.0,35.0,0.986754909298735,53666.0,3.0
3319,751.0,14.0,0.9788355063948352,53668.0,3.0
3320,1007.0,52.0,0.9937204997855922,57767.0,3.0
3321,893.0,31.0,0.9627552195495636,55720.0,3.0
3322,982.0,45.0,0.9918863997239283,57774.0,3.0
3323,898.0,22.0,0.9805469862136474,55738.0,3.0
3324,938.0,34.0,0.9521845359684541,57791.0,3.0
3325,952.0,39.0,0.9945171506790124,57792.0,3.0
3326,874.0,43.0,0.985636430959627,55747.0,3.0
3327,936.0,28.0,0.985911278067532,57795.0,3.0
3328,933.0,47.0,0.9799662226168596,57796.0,3.0
3329,910.0,43.0,0.9747596932097451,57806.0,3.0
3330,905.0,32.0,0.9877633628655192,57819.0,3.0
3331,904.0,32.0,0.9862562630020321,57824.0,3.0
3332,1022.0,36.0,0.989988889274569,53732.0,3.0
3333,981.0,20.0,0.9793313032981513,55797.0,3.0
3334,861.0,22.0,0.9878971785630459,53756.0,3.0
3335,863.0,10.0,0.9942262581768118,57857.0,3.0
3336,1085.0,0.0,0.9879620139026942,55811.0,3.0
3337,1007.0,5.0,0.9923247344773928,55817.0,3.0
3338,900.0,6.0,0.983386563400717,57865.0,3.0
3339,1033.0,4.0,0.983447009556916,53777.0,3.0
3340,1026.0,4.0,0.9625404758892286,53779.0,3.0
3341,1032.0,4.0,0.9819991166917553,53781.0,3.0
3342,1025.0,53.0,0.9927064777119119,57888.0,3.0
3343,897.0,13.0,0.9917062632200521,57894.0,3.0
3344,1065.0,38.0,0.9770421495203261,57895.0,3.0
3345,940.0,34.0,0.9969050272525489,57900.0,3.0
3346,1176.0,2.0,0.9750461985766622,57901.0,3.0
3347,942.0,34.0,0.9893751150590172,57903.0,3.0
3348,803.0,14.0,0.975746241507387,55884.0,3.0
3349,903.0,11.0,0.9537086093552378,57932.0,3.0
3350,823.0,42.0,0.9846368556986452,53839.0,3.0
3351,898.0,12.0,0.9878409637442307,57935.0,3.0
3352,1015.0,51.0,1.0,57943.0,3.0
3353,1046.0,19.0,0.9900292074472898,55898.0,3.0
3354,862.0,25.0,0.9783168621854492,57947.0,3.0
3355,890.0,44.0,0.9897712141778892,55907.0,3.0
3356,903.0,28.0,0.9676451310612899,55914.0,3.0
3357,898.0,27.0,0.9820370820892304,55916.0,3.0
3358,1026.0,53.0,0.988903698308697,57964.0,3.0
3359,877.0,23.0,0.9936577443457721,53880.0,3.0
3360,906.0,30.0,0.97575271095061,57982.0,3.0
3361,869.0,25.0,0.9957893129063783,57983.0,3.0
3362,906.0,22.0,0.9762480650386233,55945.0,3.0
3363,1086.0,0.0,0.9886506967167528,55951.0,3.0
3364,948.0,45.0,0.9914086296728654,55956.0,3.0
3365,1069.0,0.0,0.9722664483680521,53911.0,3.0
3366,888.0,46.0,0.988353820689307,53916.0,3.0
3367,971.0,5.0,0.9763397092988942,53919.0,3.0
3368,1009.0,52.0,0.9825376868323683,58017.0,3.0
3369,949.0,45.0,0.9803103145673954,55980.0,3.0
3370,877.0,26.0,0.9759016647699896,55985.0,3.0
3371,876.0,8.0,0.9899978830841912,55990.0,3.0
3372,843.0,35.0,0.9890461683628679,53943.0,3.0
3373,1026.0,36.0,0.9848279214097233,53944.0,3.0
3374,901.0,12.0,0.9864296922970003,58051.0,3.0
3375,872.0,25.0,0.9857556676949094,58058.0,3.0
3376,955.0,39.0,0.9935332754269653,58068.0,3.0
3377,920.0,44.0,0.9806512340818666,58069.0,3.0
3378,847.0,7.0,0.9665862386786958,56025.0,3.0
3379,911.0,11.0,0.9700222895293072,58085.0,3.0
3380,1039.0,18.0,0.9887945623994167,54005.0,3.0
3381,986.0,45.0,0.9800408595987247,58103.0,3.0
3382,1028.0,20.0,0.9808131123516349,58107.0,3.0
3383,941.0,23.0,0.9949280182044189,58125.0,3.0
3384,833.0,29.0,0.9829613617595994,56079.0,3.0
3385,879.0,8.0,0.9756591683522643,56085.0,3.0
3386,1035.0,36.0,0.9774733433939723,54038.0,3.0
3387,1074.0,38.0,0.9789036704109234,58135.0,3.0
3388,888.0,56.0,0.9854760584766415,58138.0,3.0
3389,862.0,47.0,0.99606530893417,54043.0,3.0
3390,872.0,33.0,0.9978595816824873,56100.0,3.0
3391,1025.0,20.0,0.9901834711092593,58157.0,3.0
3392,969.0,54.0,0.9806065705839031,56112.0,3.0
3393,994.0,48.0,0.9824740327304733,58160.0,3.0
3394,903.0,40.0,0.994430098811991,56123.0,3.0
3395,909.0,30.0,0.9914636543492695,58195.0,3.0
3396,994.0,53.0,0.9844031126536001,56152.0,3.0
3397,1057.0,57.0,0.977055692295621,58203.0,3.0
3398,865.0,47.0,0.9868773902111432,54108.0,3.0
3399,1013.0,57.0,0.969033854504148,56167.0,3.0
3400,768.0,14.0,0.9645573870146809,54122.0,3.0
3401,1031.0,53.0,0.9787257794012679,58218.0,3.0
3402,1032.0,53.0,0.9812345495144386,58223.0,3.0
3403,1110.0,1.0,0.9910876893098792,54128.0,3.0
3404,863.0,28.0,0.9813313421800932,54143.0,3.0
3405,933.0,31.0,0.9833771101193797,58257.0,3.0
3406,979.0,5.0,0.9654825904616009,54164.0,3.0
3407,1030.0,20.0,0.9959554973267348,58260.0,3.0
3408,920.0,54.0,0.9701289565825251,54169.0,3.0
3409,1017.0,51.0,0.996975840408613,58267.0,3.0
3410,1103.0,37.0,0.9710824570185271,56232.0,3.0
3411,831.0,14.0,0.9882821438655408,58280.0,3.0
3412,882.0,25.0,0.9760417120696221,58281.0,3.0
3413,1050.0,19.0,0.9755615832515646,56242.0,3.0
3414,901.0,46.0,0.9962691760996943,54195.0,3.0
3415,1060.0,58.0,0.9686227430282645,58297.0,3.0
3416,811.0,56.0,0.9897148334829147,54202.0,3.0
3417,910.0,32.0,0.9904495511637497,58311.0,3.0
3418,1032.0,20.0,0.9794238987270938,58319.0,3.0
3419,863.0,30.0,0.9954659199969753,56282.0,3.0
3420,914.0,9.0,0.9891729440106203,58337.0,3.0
3421,916.0,6.0,0.9762826931936591,58344.0,3.0
3422,970.0,3.0,0.9699602354985696,56304.0,3.0
3423,848.0,44.0,0.9948004499140433,54261.0,3.0
3424,974.0,3.0,0.9785289241947125,56321.0,3.0
3425,841.0,42.0,0.980686771946299,54285.0,3.0
3426,886.0,25.0,0.983192070779801,58386.0,3.0
3427,874.0,33.0,1.0,56352.0,3.0
3428,886.0,41.0,0.983277355614007,56363.0,3.0
3429,949.0,50.0,0.9745926777458783,58411.0,3.0
3430,822.0,10.0,0.9773758179576624,56367.0,3.0
3431,896.0,44.0,0.984243043233066,56380.0,3.0
3432,918.0,6.0,0.9703469739135697,58429.0,3.0
3433,984.0,5.0,0.9930043108734976,54337.0,3.0
3434,941.0,21.0,0.9865749825092709,56386.0,3.0
3435,887.0,41.0,0.9760578516426199,56389.0,3.0
3436,950.0,50.0,0.9697165803895496,58442.0,3.0
3437,898.0,24.0,0.9704802231069605,56400.0,3.0
3438,935.0,31.0,0.9756211624302816,58458.0,3.0
3439,858.0,9.0,0.9874270033520105,54371.0,3.0
3440,876.0,42.0,0.989090080700949,56423.0,3.0
3441,854.0,26.0,0.9836903211169803,54377.0,3.0
3442,1060.0,4.0,0.9745035312022137,54378.0,3.0
3443,952.0,40.0,0.9835757277663579,58486.0,3.0
3444,980.0,52.0,0.9869984782839313,56440.0,3.0
3445,952.0,50.0,0.9752691091063916,58499.0,3.0
3446,892.0,35.0,0.9968731487933594,56459.0,3.0
3447,955.0,34.0,0.9839926351833078,58514.0,3.0
3448,1018.0,52.0,0.9805671063387402,58516.0,3.0
3449,1147.0,2.0,0.9604606824322109,56483.0,3.0
3450,921.0,6.0,0.9817954514082672,58535.0,3.0
3451,868.0,30.0,0.9844822571502904,56500.0,3.0
3452,930.0,13.0,0.980746813873794,58556.0,3.0
3453,931.0,13.0,0.9923304376498331,58558.0,3.0
3454,997.0,51.0,0.9711034731402223,56518.0,3.0
3455,853.0,35.0,0.9964151957127042,54471.0,3.0
3456,953.0,40.0,0.9657720596063054,58571.0,3.0
3457,1106.0,37.0,0.9868344650302232,56533.0,3.0
3458,862.0,43.0,0.9741355235243758,54502.0,3.0
3459,1076.0,18.0,0.9812716577257743,56551.0,3.0
3460,868.0,12.0,0.9942057174207293,56554.0,3.0
3461,908.0,40.0,0.9840676919605051,56555.0,3.0
3462,891.0,41.0,1.0,56564.0,3.0
3463,894.0,35.0,0.9923646338323092,56575.0,3.0
3464,917.0,27.0,0.9857855536898014,56583.0,3.0
3465,898.0,9.0,0.9896992020952191,56587.0,3.0
3466,929.0,48.0,0.9678185027154714,54542.0,3.0
3467,1101.0,19.0,1.0,58640.0,3.0
3468,816.0,55.0,0.9829016731992044,54545.0,3.0
3469,873.0,28.0,0.986660159870159,54554.0,3.0
3470,845.0,42.0,0.9856791452275439,54558.0,3.0
3471,858.0,44.0,0.9908538772316527,54566.0,3.0
3472,982.0,3.0,0.9769148387000413,56622.0,3.0
3473,1056.0,18.0,0.9960495174571347,54582.0,3.0
3474,820.0,56.0,0.9893679975681983,54583.0,3.0
3475,961.0,49.0,0.9641236296350785,56632.0,3.0
3476,900.0,50.0,1.0,56638.0,3.0
3477,854.0,41.0,0.985942914717486,54595.0,3.0
3478,898.0,21.0,0.9790967956160344,54613.0,3.0
3479,852.0,41.0,0.9889397078943037,54616.0,3.0
3480,978.0,57.0,0.9928534514077598,54633.0,3.0
3481,859.0,7.0,0.9810639397935706,56686.0,3.0
3482,948.0,46.0,0.9842325794095501,56695.0,3.0
3483,903.0,21.0,0.9748959007710685,54648.0,3.0
3484,817.0,55.0,0.9795414707230387,54650.0,3.0
3485,857.0,35.0,0.9722596033696473,54653.0,3.0
3486,866.0,43.0,0.976251215315039,54660.0,3.0
3487,862.0,26.0,0.9816523234152258,54671.0,3.0
3488,1108.0,37.0,0.9748800935722478,56720.0,3.0
3489,895.0,39.0,0.9833425956576605,54678.0,3.0
3490,852.0,55.0,0.9754422147566832,56735.0,3.0
3491,870.0,47.0,0.9925265682415403,54693.0,3.0
3492,895.0,26.0,0.9964433881174237,56750.0,3.0
3493,1013.0,58.0,0.9680819050471389,56753.0,3.0
3494,902.0,24.0,0.9746975015878848,56761.0,3.0
3495,906.0,23.0,0.9740836685642718,56765.0,3.0
3496,844.0,8.0,0.9934666767842477,54747.0,3.0
3497,878.0,11.0,0.9743803158372034,56804.0,3.0
3498,1021.0,57.0,0.9594709626258596,56812.0,3.0
3499,894.0,26.0,0.9752971330935805,56814.0,3.0
3500,827.0,10.0,0.9672752599316862,56841.0,3.0
3501,855.0,29.0,0.9745953927575899,56844.0,3.0
3502,891.0,8.0,0.9836011385014156,56849.0,3.0
3503,819.0,7.0,1.0,54803.0,3.0
3504,814.0,14.0,0.9874340641823612,56853.0,3.0
3505,872.0,13.0,0.9937694751255944,56861.0,3.0
3506,1002.0,51.0,0.9750352800115436,56862.0,3.0
3507,1163.0,1.0,0.983610869989995,56865.0,3.0
3508,982.0,54.0,0.9830510678547443,56876.0,3.0
3509,932.0,49.0,0.9834338986873818,54830.0,3.0
3510,1012.0,53.0,0.9792971246485894,56878.0,3.0
3511,871.0,24.0,0.9937612732592349,54837.0,3.0
3512,876.0,27.0,0.9836131975627864,54840.0,3.0
3513,856.0,29.0,0.9729997417199663,56898.0,3.0
3514,1077.0,18.0,0.9781480301148959,56901.0,3.0
3515,834.0,33.0,0.9648359095138643,54856.0,3.0
3516,933.0,48.0,0.9746854388055765,54875.0,3.0
3517,885.0,22.0,0.9762383827965446,54878.0,3.0
3518,911.0,34.0,0.9941949502830443,56926.0,3.0
3519,1113.0,37.0,0.9683368547594885,56929.0,3.0
3520,842.0,25.0,0.977105640496146,56937.0,3.0
3521,871.0,9.0,0.9819815870700114,54894.0,3.0
3522,826.0,55.0,0.9886386977659802,54897.0,3.0
3523,899.0,26.0,0.984573892293979,56946.0,3.0
3524,918.0,31.0,0.9906438667810529,56953.0,3.0
3525,839.0,12.0,0.9683815176556382,54914.0,3.0
3526,824.0,56.0,0.9951310500704721,54920.0,3.0
3527,893.0,8.0,0.9929753660654137,56983.0,3.0
3528,1062.0,18.0,0.9891734194465548,54948.0,3.0
3529,901.0,39.0,0.9671636438175529,54964.0,3.0
3530,883.0,33.0,0.9671414301177004,57015.0,3.0
3531,822.0,7.0,0.981162481769063,54972.0,3.0
3532,924.0,27.0,0.9938381046876459,57024.0,3.0
3533,927.0,28.0,0.9874959122727227,57033.0,3.0
3534,881.0,12.0,0.981597969217955,57037.0,3.0
3535,915.0,23.0,0.9869852851567992,57038.0,3.0
3536,1026.0,5.0,0.9751164774706637,57048.0,3.0
3537,886.0,40.0,0.9774795474091396,55006.0,3.0
3538,1107.0,0.0,0.9763173006936348,57058.0,3.0
3539,1072.0,19.0,0.9745975811147599,57064.0,3.0
3540,971.0,45.0,0.9856933431603917,57088.0,3.0
3541,857.0,55.0,0.987292886146362,57095.0,3.0
3542,890.0,11.0,1.0,57102.0,3.0
3543,953.0,3.0,0.9807450332463925,55061.0,3.0
3544,1114.0,0.0,0.979455803640846,57110.0,3.0
3545,891.0,32.0,0.9711891361477465,57115.0,3.0
3546,833.0,56.0,0.9739108078506868,55076.0,3.0
3547,1001.0,20.0,0.969437191603688,57125.0,3.0
3548,926.0,46.0,0.9857109843528024,55093.0,3.0
3549,941.0,49.0,0.973666081750082,55109.0,3.0
3550,836.0,10.0,0.9806795773541986,57168.0,3.0
3551,994.0,52.0,0.9904078384757593,57197.0,3.0
3552,912.0,39.0,0.9779659934818408,55151.0,3.0
3553,884.0,27.0,0.9719183732315735,55156.0,3.0
3554,1022.0,58.0,0.9746463477660302,57231.0,3.0
3555,1038.0,57.0,0.9572120477204235,57233.0,3.0
3556,1138.0,1.0,0.9886262169311252,55195.0,3.0
3557,829.0,56.0,0.9893385397564357,55200.0,3.0
3558,924.0,34.0,0.9905720612304677,57258.0,3.0
3559,1026.0,58.0,0.9895624578335003,57260.0,3.0
3560,1157.0,2.0,0.9695001037023893,57271.0,3.0
3561,880.0,13.0,0.9944039722301108,57295.0,3.0
3562,1075.0,19.0,0.9955575481964456,57306.0,3.0
3563,1028.0,58.0,0.9946626783878592,57310.0,3.0
3564,915.0,48.0,0.9811545449150615,53216.0,3.0
3565,1163.0,2.0,0.9666042453959389,57314.0,3.0
3566,987.0,57.0,0.9943183472587418,55268.0,3.0
3567,916.0,48.0,0.970440257687428,53223.0,3.0
3568,988.0,58.0,0.9839500799271869,55272.0,3.0
3569,923.0,31.0,0.9839987746221994,57325.0,3.0
3570,915.0,21.0,0.9952301523094079,55281.0,3.0
3571,928.0,46.0,0.9791281049432998,55292.0,3.0
3572,841.0,43.0,0.9837675154988338,53251.0,3.0
3573,888.0,33.0,0.9666491880254808,57351.0,3.0
3574,1011.0,38.0,1.0,55305.0,3.0
3575,943.0,49.0,0.9961212230439231,55312.0,3.0
3576,667.0,59.0,0.9871782676808817,53267.0,3.0
3577,998.0,5.0,0.9884718998582639,55317.0,3.0
3578,669.0,59.0,0.9825597056213504,53274.0,3.0
3579,848.0,47.0,0.9641189540310878,53282.0,3.0
3580,878.0,24.0,0.9644149428799195,55330.0,3.0
3581,916.0,50.0,0.9821811808112255,57379.0,3.0
3582,1012.0,38.0,0.9765882204088682,55335.0,3.0
3583,1044.0,38.0,0.9820246387273144,57384.0,3.0
3584,891.0,22.0,1.0,55337.0,3.0
3585,890.0,28.0,0.9950635390831587,55339.0,3.0
3586,956.0,3.0,0.9671342455006882,55348.0,3.0
3587,1000.0,36.0,0.984231133287398,53307.0,3.0
3588,892.0,22.0,0.9809324181514144,55366.0,3.0
3589,884.0,30.0,0.9879458407950588,57417.0,3.0
3590,977.0,45.0,0.9790270376996273,57425.0,3.0
3591,815.0,42.0,0.9879170103550725,53338.0,3.0
3592,844.0,32.0,0.981448639303219,55386.0,3.0
3593,946.0,49.0,0.9829960081656118,55391.0,3.0
3594,813.0,10.0,0.9800624965520346,55393.0,3.0
3595,991.0,4.0,0.9709868311035369,53352.0,3.0
3596,975.0,51.0,0.9766649163458526,55404.0,3.0
3597,861.0,42.0,0.9726902540809648,55408.0,3.0
3598,886.0,30.0,0.9830462330422762,57457.0,3.0
3599,867.0,8.0,0.9835665798032539,55413.0,3.0
3600,689.0,59.0,0.9928186888173817,53368.0,3.0
3601,892.0,23.0,0.9808771805781813,55438.0,3.0
3602,959.0,21.0,0.9914163673025258,57491.0,3.0
3603,899.0,11.0,0.9912952273846349,57492.0,3.0
3604,899.0,54.0,0.980281207644754,53398.0,3.0
3605,879.0,24.0,0.9932283412374465,55452.0,3.0
3606,693.0,59.0,0.9735481822362348,53406.0,3.0
3607,1117.0,37.0,0.9852305681026441,57505.0,3.0
3608,1120.0,2.0,0.9649308027730881,55464.0,3.0
3609,893.0,40.0,0.986159396507331,55474.0,3.0
3610,884.0,13.0,0.9905412268681352,57537.0,3.0
3611,865.0,29.0,0.9905933843278806,57544.0,3.0
3612,892.0,49.0,0.9829450063971086,53449.0,3.0
3613,911.0,9.0,0.9876102387849527,57551.0,3.0
3614,845.0,43.0,1.0,53464.0,3.0
3615,891.0,6.0,0.9873326399077658,57569.0,3.0
3616,827.0,9.0,0.9895435600209539,53474.0,3.0
3617,915.0,44.0,1.0,57570.0,3.0
3618,902.0,54.0,0.9744697905190998,53476.0,3.0
3619,1149.0,1.0,0.9785680699213519,55528.0,3.0
3620,872.0,41.0,0.9737888750593052,55532.0,3.0
3621,1051.0,38.0,0.982029037406865,57584.0,3.0
3622,922.0,21.0,0.9576077505010656,55540.0,3.0
3623,1000.0,52.0,0.9916726120508081,57600.0,3.0
3624,939.0,45.0,0.989719292681265,55553.0,3.0
3625,1001.0,52.0,0.9834818277666069,57601.0,3.0
3626,1002.0,52.0,0.9818309658141209,57602.0,3.0
3627,1124.0,2.0,0.9943257873275353,55564.0,3.0
3628,1122.0,2.0,0.9750428938565466,55566.0,3.0
3629,898.0,32.0,0.9822232068064873,57614.0,3.0
3630,818.0,42.0,0.9903794281333009,53527.0,3.0
3631,1129.0,0.0,0.9921874687246616,57623.0,3.0
3632,819.0,42.0,0.9870541565245904,53530.0,3.0
3633,1088.0,37.0,0.9956419524835203,55584.0,3.0
3634,1006.0,20.0,0.9910415303373051,57636.0,3.0
3635,850.0,47.0,0.9874374837826237,53541.0,3.0
3636,947.0,49.0,0.9884793064011533,55589.0,3.0
3637,898.0,28.0,0.9849223780807359,55593.0,3.0
3638,923.0,23.0,0.9952787588620445,57642.0,3.0
3639,844.0,10.0,0.9931388772058954,57646.0,3.0
3640,1004.0,17.0,0.9797137280438702,53553.0,3.0
3641,900.0,11.0,0.990256085498583,57649.0,3.0
3642,1020.0,18.0,0.9924614937367603,53556.0,3.0
3643,1017.0,36.0,0.9831734483228551,53561.0,3.0
3644,1064.0,36.0,0.9953350253669776,55611.0,3.0
3645,1014.0,36.0,0.9964071110704721,53565.0,3.0
3646,966.0,5.0,0.9912462236109747,53566.0,3.0
3647,867.0,39.0,0.9670397417295169,53572.0,3.0
3648,1012.0,18.0,0.9841456277002038,53574.0,3.0
3649,993.0,58.0,0.9747987636778255,55624.0,3.0
3650,964.0,5.0,0.9951073322413825,53580.0,3.0
3651,1018.0,38.0,0.9741920730345595,55630.0,3.0
3652,1092.0,1.0,0.992456633738317,53584.0,3.0
3653,954.0,54.0,0.988821529956398,55636.0,3.0
3654,794.0,7.0,0.9857842092663631,53591.0,3.0
3655,852.0,6.0,0.9869936647346601,55642.0,3.0
3656,1083.0,0.0,0.9961540044879984,55644.0,3.0
3657,837.0,55.0,0.9884116666853877,55649.0,3.0
3658,1014.0,4.0,0.9574496645542054,53608.0,3.0
3659,921.0,24.0,0.9924668843024732,57706.0,3.0
3660,871.0,41.0,0.9890339570167034,55659.0,3.0
3661,870.0,41.0,0.9874189512235128,55660.0,3.0
3662,940.0,27.0,0.9734166832211976,57708.0,3.0
3663,1039.0,58.0,0.9797573235520326,57712.0,3.0
3664,901.0,32.0,0.9967178138100322,57713.0,3.0
3665,907.0,54.0,0.988512219256538,53622.0,3.0
3666,1013.0,36.0,0.9934615418828059,53630.0,3.0
3667,893.0,30.0,0.9913347967792692,57728.0,3.0
3668,1021.0,18.0,0.9871515836099733,53634.0,3.0
3669,873.0,41.0,0.9911577030784141,55682.0,3.0
3670,1022.0,4.0,0.9561503604896324,53645.0,3.0
3671,884.0,50.0,0.9822965674353079,55697.0,3.0
3672,900.0,49.0,0.981632193293683,53652.0,3.0
3673,835.0,9.0,0.9728202283423087,53657.0,3.0
3674,819.0,29.0,0.9779991116564408,55705.0,3.0
3675,1023.0,18.0,0.9762592831148835,53662.0,3.0
3676,854.0,12.0,0.9874922974406375,55710.0,3.0
3677,860.0,33.0,0.9942442994301929,55713.0,3.0
3678,858.0,33.0,0.971190871870541,55715.0,3.0
3679,1036.0,19.0,0.9896205836142248,55716.0,3.0
3680,1136.0,0.0,0.976455731015902,57768.0,3.0
3681,854.0,13.0,0.9826491450396145,55721.0,3.0
3682,828.0,8.0,0.9859991757860548,53685.0,3.0
3683,897.0,22.0,0.981567724397226,55737.0,3.0
3684,1014.0,51.0,0.9877795226919229,57794.0,3.0
3685,932.0,46.0,0.9913064109532119,55749.0,3.0
3686,892.0,27.0,0.9860688686936674,55757.0,3.0
3687,902.0,32.0,0.9897238479416753,57807.0,3.0
3688,919.0,39.0,0.9724453461412168,55764.0,3.0
3689,850.0,43.0,0.9897064636816008,53717.0,3.0
3690,801.0,14.0,0.9817448430254987,55765.0,3.0
3691,906.0,49.0,0.9856802562756557,53722.0,3.0
3692,839.0,7.0,0.9841846926248855,55771.0,3.0
3693,903.0,32.0,0.9696714176696246,57823.0,3.0
3694,932.0,50.0,0.9871250088797182,57829.0,3.0
3695,1014.0,20.0,0.9863897795986212,57830.0,3.0
3696,923.0,24.0,0.9749398114648931,57838.0,3.0
3697,903.0,6.0,0.9873258154258451,57839.0,3.0
3698,1012.0,20.0,0.9867223473477266,57840.0,3.0
3699,990.0,54.0,0.9936065917003418,57844.0,3.0
3700,1044.0,58.0,0.9926586794188269,57847.0,3.0
3701,805.0,55.0,0.9758772575262905,53760.0,3.0
3702,881.0,21.0,0.9934777477845835,53773.0,3.0
3703,991.0,54.0,0.9733358314418843,57872.0,3.0
3704,1027.0,4.0,0.9773697752564192,53778.0,3.0
3705,1128.0,2.0,0.9786401868944538,55835.0,3.0
3706,983.0,45.0,0.9877468491550544,57883.0,3.0
3707,838.0,9.0,0.9762911984490746,53794.0,3.0
3708,866.0,42.0,0.9944262287753695,55842.0,3.0
3709,1008.0,52.0,0.9807297770321427,57890.0,3.0
3710,1015.0,20.0,0.9816883381430563,57893.0,3.0
3711,881.0,43.0,0.9959830169039066,55846.0,3.0
3712,853.0,43.0,1.0,53801.0,3.0
3713,903.0,22.0,0.973666303484453,55850.0,3.0
3714,853.0,32.0,0.9927257540413439,55855.0,3.0
3715,709.0,59.0,0.9731835374827692,53811.0,3.0
3716,830.0,8.0,0.9960007222870442,53818.0,3.0
3717,842.0,7.0,0.9897241920382134,55866.0,3.0
3718,966.0,3.0,0.9811739026121963,55867.0,3.0
3719,901.0,30.0,0.9909326179630217,57919.0,3.0
3720,865.0,25.0,0.990112823417715,57924.0,3.0
3721,968.0,5.0,0.9830286208198453,53829.0,3.0
3722,862.0,27.0,0.9955595425276832,53835.0,3.0
3723,945.0,45.0,0.9891372594706371,55883.0,3.0
3724,1119.0,37.0,0.990446590844831,57934.0,3.0
3725,758.0,14.0,0.9907908310525725,53840.0,3.0
3726,873.0,39.0,0.9854448334395444,53841.0,3.0
3727,934.0,23.0,0.9850502143978808,57936.0,3.0
3728,1032.0,18.0,0.9834071708128168,53844.0,3.0
3729,1045.0,19.0,0.9886044057006443,55896.0,3.0
3730,856.0,11.0,0.9848856482950376,55901.0,3.0
3731,892.0,33.0,0.990307274449785,57956.0,3.0
3732,904.0,30.0,0.98284115757909,57966.0,3.0
3733,1039.0,4.0,0.983300937617753,53871.0,3.0
3734,990.0,48.0,0.9982201005895736,57967.0,3.0
3735,935.0,47.0,0.9919714320627971,57972.0,3.0
3736,936.0,47.0,0.9915241451477464,57975.0,3.0
3737,904.0,6.0,1.0,57977.0,3.0
3738,1102.0,1.0,0.9923839425687778,53882.0,3.0
3739,855.0,32.0,0.9920698430084622,55931.0,3.0
3740,827.0,29.0,0.9937347525386413,55933.0,3.0
3741,842.0,9.0,0.9791720940579722,53897.0,3.0
3742,900.0,27.0,0.9913923424642583,55948.0,3.0
3743,858.0,11.0,0.9915362007513886,55950.0,3.0
3744,1104.0,1.0,0.9837862026420586,53904.0,3.0
3745,829.0,25.0,0.9774299472286859,55953.0,3.0
3746,899.0,13.0,0.9724378431876801,58003.0,3.0
3747,761.0,14.0,0.9789880503116585,53910.0,3.0
3748,985.0,51.0,0.987140978223056,55967.0,3.0
3749,827.0,42.0,0.9886010464432005,53925.0,3.0
3750,844.0,9.0,0.9703742971965479,53933.0,3.0
3751,1025.0,36.0,1.0,53938.0,3.0
3752,872.0,40.0,0.9861214174915045,53939.0,3.0
3753,971.0,57.0,0.9782661359636501,53941.0,3.0
3754,762.0,14.0,0.9911545661233336,53945.0,3.0
3755,996.0,15.0,0.9828246195504348,53951.0,3.0
3756,800.0,7.0,0.9866304966819757,53961.0,3.0
3757,851.0,24.0,0.9596039192968098,53962.0,3.0
3758,892.0,46.0,0.9787379034130036,53963.0,3.0
3759,817.0,33.0,0.9920495157125697,53964.0,3.0
3760,860.0,47.0,0.9807939671109559,53971.0,3.0
3761,857.0,43.0,0.99479368339921,53974.0,3.0
3762,855.0,43.0,0.9882288837186078,53975.0,3.0
3763,856.0,43.0,0.9690833157234052,53976.0,3.0
3764,950.0,48.0,0.9825736887737403,56023.0,3.0
3765,884.0,26.0,0.9850995024159914,56031.0,3.0
3766,976.0,5.0,0.9945160937125408,53984.0,3.0
3767,1030.0,53.0,0.9754731243921315,58079.0,3.0
3768,1088.0,0.0,0.9853626446136573,56043.0,3.0
3769,849.0,26.0,0.9815687357701806,53996.0,3.0
3770,910.0,11.0,0.9727880681846724,58092.0,3.0
3771,912.0,11.0,0.9550454989817602,58094.0,3.0
3772,1094.0,0.0,0.9897036875639834,56048.0,3.0
3773,830.0,42.0,0.9771145218146323,54001.0,3.0
3774,1014.0,16.0,1.0,56051.0,3.0
3775,1023.0,20.0,0.9970112358451713,58104.0,3.0
3776,835.0,29.0,1.0,56059.0,3.0
3777,861.0,12.0,0.9918732105875127,56061.0,3.0
3778,947.0,23.0,0.9746828201686928,58117.0,3.0
3779,859.0,28.0,0.9750570415779447,54022.0,3.0
3780,1054.0,57.0,0.9772715097884717,58119.0,3.0
3781,859.0,32.0,0.9873393135920505,56072.0,3.0
3782,1049.0,58.0,0.9884079571711787,58122.0,3.0
3783,1055.0,58.0,0.992857362298488,58134.0,3.0
3784,877.0,39.0,0.9741734945135645,54041.0,3.0
3785,1003.0,58.0,0.992094417105106,56092.0,3.0
3786,859.0,47.0,0.9762498934130536,54046.0,3.0
3787,844.0,55.0,0.9801175996279503,56098.0,3.0
3788,827.0,32.0,0.9935262711204432,54054.0,3.0
3789,1141.0,2.0,0.99678627307542,56105.0,3.0
3790,909.0,35.0,0.9744499727039617,58153.0,3.0
3791,994.0,15.0,0.9937544499804498,54071.0,3.0
3792,902.0,40.0,0.9962319404152759,56122.0,3.0
3793,1010.0,52.0,0.9951868360220837,58170.0,3.0
3794,1009.0,57.0,0.9815132052912778,56124.0,3.0
3795,1088.0,19.0,0.9893828754408426,58173.0,3.0
3796,1089.0,19.0,0.9865519792832341,58174.0,3.0
3797,1091.0,19.0,0.9853759641302224,58175.0,3.0
3798,940.0,50.0,0.9935901433338316,58176.0,3.0
3799,763.0,14.0,0.9846706863116312,54082.0,3.0
3800,846.0,9.0,0.989045744321685,54084.0,3.0
3801,764.0,14.0,0.9868870566891627,54085.0,3.0
3802,851.0,9.0,1.0,54086.0,3.0
3803,1056.0,57.0,0.984682773481809,58185.0,3.0
3804,840.0,29.0,0.983192504862263,56139.0,3.0
3805,878.0,29.0,0.9665890804720463,58193.0,3.0
3806,973.0,54.0,0.974243067617117,56148.0,3.0
3807,863.0,6.0,0.9762457589556013,56149.0,3.0
3808,864.0,6.0,0.9620441358778609,56150.0,3.0
3809,858.0,43.0,0.9892368403612278,54103.0,3.0
3810,937.0,21.0,0.9892697872221135,56162.0,3.0
3811,875.0,42.0,1.0,56166.0,3.0
3812,978.0,5.0,0.9771994966629296,54121.0,3.0
3813,919.0,26.0,0.9910070382750442,58224.0,3.0
3814,809.0,56.0,0.9861992916969082,54132.0,3.0
3815,896.0,46.0,0.9967802195082367,54136.0,3.0
3816,990.0,51.0,0.9842251388342226,56185.0,3.0
3817,883.0,41.0,0.9867570530993227,56188.0,3.0
3818,1112.0,1.0,0.9968202969841056,54157.0,3.0
3819,910.0,22.0,0.9974964621181943,56210.0,3.0
3820,1053.0,4.0,0.9797720251089825,54166.0,3.0
3821,1040.0,17.0,0.9892561716097507,56219.0,3.0
3822,970.0,53.0,0.9753931972248443,54179.0,3.0
3823,896.0,24.0,0.9706277701936207,56227.0,3.0
3824,900.0,46.0,0.9954656442753951,54182.0,3.0
3825,1101.0,37.0,0.9673421811979871,56230.0,3.0
3826,913.0,6.0,0.9973877452832658,58282.0,3.0
3827,923.0,48.0,0.9805206544197611,54188.0,3.0
3828,916.0,49.0,0.9788142670336549,54189.0,3.0
3829,1014.0,52.0,0.9783516822169832,58287.0,3.0
3830,887.0,35.0,0.9919318534706801,56240.0,3.0
3831,1047.0,18.0,0.9906258409411269,54193.0,3.0
3832,826.0,12.0,0.978700724050818,54194.0,3.0
3833,902.0,31.0,0.9780470249083195,56243.0,3.0
3834,897.0,33.0,0.9941358853186404,58292.0,3.0
3835,870.0,50.0,0.9887217450723592,54204.0,3.0
3836,911.0,28.0,0.9939884100902345,56258.0,3.0
3837,910.0,45.0,0.9693705068075847,54213.0,3.0
3838,876.0,40.0,0.9783068597518216,54214.0,3.0
3839,905.0,47.0,0.9924501279762427,56261.0,3.0
3840,1018.0,3.0,0.995481388439502,58310.0,3.0
3841,816.0,10.0,0.974591839076815,56269.0,3.0
3842,886.0,21.0,0.9795214543317872,54228.0,3.0
3843,858.0,32.0,0.9918688711954112,56279.0,3.0
3844,992.0,16.0,0.9922302576401019,54233.0,3.0
3845,882.0,10.0,0.9671568900609742,58329.0,3.0
3846,866.0,30.0,0.9931561203709836,56285.0,3.0
3847,1020.0,15.0,0.9831313547545647,56287.0,3.0
3848,1057.0,4.0,0.9945828866412036,54247.0,3.0
3849,830.0,25.0,0.9875833034040435,56297.0,3.0
3850,973.0,3.0,0.9757954747203097,56299.0,3.0
3851,952.0,23.0,0.9722844132867507,58348.0,3.0
3852,828.0,12.0,0.9819158206114984,54254.0,3.0
3853,967.0,3.0,0.9940619500476494,56307.0,3.0
3854,1052.0,18.0,0.9751179067686171,54263.0,3.0
3855,913.0,11.0,0.9817281006895895,58359.0,3.0
3856,1152.0,0.0,0.9959580117003045,58360.0,3.0
3857,890.0,21.0,0.9668734869174478,54273.0,3.0
3858,1055.0,4.0,0.9755310017184948,54276.0,3.0
3859,920.0,49.0,0.9932443159178937,54277.0,3.0
3860,844.0,29.0,0.9828101996072204,56328.0,3.0
3861,1037.0,20.0,0.9901483279708496,58377.0,3.0
3862,1038.0,20.0,0.983877307107933,58378.0,3.0
3863,863.0,12.0,0.9929241668425586,56332.0,3.0
3864,882.0,8.0,0.9846615664423192,56335.0,3.0
3865,890.0,35.0,0.9859831842776325,56340.0,3.0
3866,950.0,34.0,0.9886456353250818,58388.0,3.0
3867,1120.0,1.0,0.9958934041334178,54297.0,3.0
3868,956.0,48.0,0.9684159927738406,56348.0,3.0
3869,946.0,27.0,0.9894900123375556,58397.0,3.0
3870,1002.0,38.0,0.9868535791070081,54309.0,3.0
3871,922.0,54.0,0.9699259384921333,54311.0,3.0
3872,821.0,10.0,0.9604960151909598,56360.0,3.0
3873,869.0,11.0,0.9919943368853614,56361.0,3.0
3874,1144.0,2.0,0.9832423294135373,56365.0,3.0
3875,849.0,41.0,0.9971330365812217,54322.0,3.0
3876,943.0,46.0,0.9858106103317652,56370.0,3.0
3877,912.0,27.0,0.9851849791821483,56371.0,3.0
3878,895.0,50.0,0.9833909753938563,56374.0,3.0
3879,947.0,51.0,0.9971642554500256,54335.0,3.0
3880,956.0,45.0,0.9871125649257829,56388.0,3.0
3881,992.0,51.0,0.9939439011721125,56391.0,3.0
3882,948.0,51.0,0.9817812434643757,54346.0,3.0
3883,1018.0,17.0,0.9869409436270619,54347.0,3.0
3884,1042.0,20.0,0.9927375721688912,58444.0,3.0
3885,983.0,5.0,0.9939218456894888,54351.0,3.0
3886,853.0,44.0,0.9900420012029318,54355.0,3.0
3887,919.0,22.0,0.978133267307289,56403.0,3.0
3888,851.0,44.0,0.9913057858906655,54357.0,3.0
3889,904.0,34.0,0.9959011399057113,56404.0,3.0
3890,849.0,55.0,0.9797707396457674,56406.0,3.0
3891,1043.0,20.0,0.9963496771905943,58451.0,3.0
3892,959.0,23.0,0.9799354958143084,58455.0,3.0
3893,815.0,56.0,0.9825904522411211,54363.0,3.0
3894,886.0,8.0,1.0,56411.0,3.0
3895,959.0,49.0,0.9581068518327436,56412.0,3.0
3896,857.0,24.0,0.986778808542256,54366.0,3.0
3897,989.0,45.0,0.9867406012801543,58459.0,3.0
3898,856.0,9.0,0.9959113643546699,54373.0,3.0
3899,854.0,44.0,0.9928412880851546,54375.0,3.0
3900,905.0,34.0,0.9933161453224382,56424.0,3.0
3901,877.0,42.0,0.9787132227743999,56426.0,3.0
3902,836.0,8.0,0.9832277551777955,54383.0,3.0
3903,835.0,8.0,0.993434994547772,54384.0,3.0
3904,993.0,51.0,0.9866362852310867,56435.0,3.0
3905,908.0,47.0,0.9807192655233535,56436.0,3.0
3906,923.0,13.0,0.976999215385776,58488.0,3.0
3907,922.0,13.0,0.9868572947824058,58491.0,3.0
3908,921.0,13.0,0.9803555747226048,58492.0,3.0
3909,823.0,10.0,0.996207958967086,56445.0,3.0
3910,1146.0,2.0,0.9927623200605962,56446.0,3.0
3911,862.0,31.0,0.9801951004990018,54399.0,3.0
3912,859.0,24.0,0.9789681868726652,54401.0,3.0
3913,1017.0,52.0,0.9914707900183409,58497.0,3.0
3914,1016.0,52.0,0.9881946732348434,58498.0,3.0
3915,864.0,13.0,0.986726534180407,56460.0,3.0
3916,867.0,28.0,0.9912449750994412,54416.0,3.0
3917,840.0,30.0,0.9810564682203259,54423.0,3.0
3918,920.0,22.0,0.9958090578224381,56476.0,3.0
3919,1082.0,38.0,0.9845706843429289,58524.0,3.0
3920,1121.0,1.0,0.9865523646747439,54431.0,3.0
3921,940.0,3.0,0.9841825609587999,54435.0,3.0
3922,1185.0,2.0,0.9887332987755932,58537.0,3.0
3923,1105.0,37.0,0.9864358536415456,56494.0,3.0
3924,893.0,35.0,0.987361039359025,56496.0,3.0
3925,944.0,21.0,0.9762788551686526,56497.0,3.0
3926,861.0,43.0,0.9716708286961134,54454.0,3.0
3927,875.0,22.0,0.9943859365865383,54458.0,3.0
3928,1020.0,5.0,0.9920651770390606,56510.0,3.0
3929,845.0,29.0,0.9959554910322856,56520.0,3.0
3930,870.0,31.0,0.977774203906453,54474.0,3.0
3931,869.0,30.0,0.9961015392908835,56524.0,3.0
3932,876.0,33.0,0.9860450949608556,56536.0,3.0
3933,892.0,10.0,0.9940415671235902,58589.0,3.0
3934,1075.0,18.0,0.9826561001469696,56549.0,3.0
3935,811.0,7.0,0.9863728003975323,54503.0,3.0
3936,873.0,31.0,0.9925774025808574,54505.0,3.0
3937,858.0,56.0,0.9768352258897987,56558.0,3.0
3938,835.0,25.0,0.9932818861036974,56560.0,3.0
3939,969.0,23.0,0.9908830037299313,58611.0,3.0
3940,813.0,7.0,0.9905872753876955,54526.0,3.0
3941,872.0,28.0,0.9959516482200561,54532.0,3.0
3942,1064.0,4.0,0.9810668499026952,54533.0,3.0
3943,855.0,35.0,0.977315859393175,54541.0,3.0
3944,972.0,53.0,0.9857428458355267,54547.0,3.0
3945,917.0,45.0,0.9809743758194767,54553.0,3.0
3946,819.0,56.0,0.9770577471148151,54556.0,3.0
3947,898.0,41.0,0.9907166717457118,56607.0,3.0
3948,902.0,50.0,0.9914947997394175,56612.0,3.0
3949,874.0,31.0,0.9926114255096761,54565.0,3.0
3950,834.0,12.0,0.988351467476398,54568.0,3.0
3951,874.0,27.0,0.9863881341842823,54570.0,3.0
3952,965.0,48.0,0.9963723021194016,56618.0,3.0
3953,1026.0,16.0,0.9572097699425935,56630.0,3.0
3954,1003.0,38.0,1.0,54586.0,3.0
3955,953.0,51.0,0.9777754199147729,54592.0,3.0
3956,936.0,54.0,0.9903051777566079,54594.0,3.0
3957,986.0,3.0,0.9917047739749287,56643.0,3.0
3958,885.0,23.0,0.99142323269283,54596.0,3.0
3959,892.0,26.0,0.9876432855885919,56646.0,3.0
3960,1028.0,15.0,0.991120472122563,56648.0,3.0
3961,925.0,49.0,0.9790271177027302,54608.0,3.0
3962,912.0,31.0,0.9825110617719796,56657.0,3.0
3963,830.0,10.0,0.9701679584820835,56661.0,3.0
3964,883.0,40.0,0.9962506305230041,54619.0,3.0
3965,823.0,55.0,0.988571030876866,54621.0,3.0
3966,1012.0,58.0,0.9875765283249849,56673.0,3.0
3967,820.0,55.0,0.9949042051934202,54637.0,3.0
3968,822.0,55.0,0.9811936415343918,54638.0,3.0
3969,900.0,41.0,0.9810719326398986,56691.0,3.0
3970,1070.0,37.0,0.9802190707507122,54644.0,3.0
3971,901.0,41.0,0.9858805948467748,56692.0,3.0
3972,903.0,44.0,0.9827277670299758,56693.0,3.0
3973,902.0,21.0,0.9740416847178679,54647.0,3.0
3974,818.0,55.0,0.9818852242454328,54651.0,3.0
3975,842.0,11.0,1.0,54656.0,3.0
3976,1072.0,0.0,0.9957715392961447,54664.0,3.0
3977,915.0,31.0,0.9868262630393194,56712.0,3.0
3978,917.0,31.0,0.9942432522422708,56714.0,3.0
3979,850.0,55.0,0.9834187311432986,56721.0,3.0
3980,838.0,6.0,0.9735790547965929,54674.0,3.0
3981,1006.0,38.0,0.9846901388636121,54679.0,3.0
3982,1005.0,38.0,0.9950991953930415,54680.0,3.0
3983,894.0,39.0,0.9777478853208722,54681.0,3.0
3984,893.0,39.0,0.9633644951721947,54682.0,3.0
3985,891.0,39.0,0.9893583349410034,54683.0,3.0
3986,1102.0,0.0,0.9862846956352708,56734.0,3.0
3987,860.0,56.0,0.9945537867724171,56740.0,3.0
3988,851.0,29.0,0.9872611777286021,56742.0,3.0
3989,776.0,14.0,0.9945106111924207,54701.0,3.0
3990,861.0,26.0,0.9874413386918172,54703.0,3.0
3991,923.0,22.0,0.9824632078913021,56752.0,3.0
3992,848.0,42.0,0.9881340412446561,54706.0,3.0
3993,1062.0,19.0,0.9917941913611662,56758.0,3.0
3994,940.0,39.0,0.9878906849254538,56764.0,3.0
3995,907.0,23.0,0.9867233891751157,56766.0,3.0
3996,868.0,9.0,0.9810790832311498,54719.0,3.0
3997,867.0,24.0,0.9829095097169084,54721.0,3.0
3998,848.0,29.0,0.9899276496556249,56771.0,3.0
3999,821.0,56.0,0.9917639305605448,54726.0,3.0
4000,904.0,24.0,0.9969343514463019,56776.0,3.0
4001,881.0,22.0,0.9904309204510231,54730.0,3.0
4002,1125.0,1.0,0.9841767472648758,54731.0,3.0
4003,817.0,7.0,0.9885485526928991,54737.0,3.0
4004,1005.0,53.0,0.9947581623444695,56791.0,3.0
4005,1006.0,53.0,0.987407480486015,56792.0,3.0
4006,975.0,20.0,0.9887028942969227,54749.0,3.0
4007,880.0,11.0,0.9786363190725698,56806.0,3.0
4008,864.0,44.0,0.9923026975637385,54759.0,3.0
4009,1024.0,57.0,0.9956931822520889,56808.0,3.0
4010,828.0,33.0,0.9941612986926743,54763.0,3.0
4011,845.0,13.0,0.9904756249628113,54766.0,3.0
4012,848.0,8.0,0.9960479950177018,54768.0,3.0
4013,869.0,13.0,0.9838134146682106,56818.0,3.0
4014,1160.0,1.0,0.9864996956730322,56829.0,3.0
4015,862.0,35.0,0.9894925003607675,54786.0,3.0
4016,997.0,16.0,0.9919646441333455,54788.0,3.0
4017,837.0,12.0,0.9705459529303387,54789.0,3.0
4018,839.0,25.0,0.9789264848491592,56837.0,3.0
4019,1035.0,38.0,0.9874734495342243,56851.0,3.0
4020,873.0,47.0,0.9913776682264298,54805.0,3.0
4021,879.0,33.0,0.9672763348174741,56854.0,3.0
4022,904.0,44.0,0.9890510688059665,56856.0,3.0
4023,830.0,33.0,0.9822164175398495,54812.0,3.0
4024,987.0,3.0,0.9830797352409767,56866.0,3.0
4025,1063.0,19.0,0.9957213758735638,56868.0,3.0
4026,876.0,28.0,0.9833578557998894,54822.0,3.0
4027,1028.0,16.0,0.9823287157276833,56875.0,3.0
4028,782.0,14.0,0.990207995808761,54828.0,3.0
4029,867.0,26.0,0.9850665442442009,54835.0,3.0
4030,865.0,7.0,0.9953148957416617,56883.0,3.0
4031,938.0,54.0,0.9809579770049934,54842.0,3.0
4032,883.0,34.0,0.9843503518148895,54857.0,3.0
4033,909.0,34.0,0.991328291442698,56905.0,3.0
4034,877.0,27.0,0.9893562075033963,54859.0,3.0
4035,906.0,24.0,0.9873901190618289,56907.0,3.0
4036,965.0,45.0,0.9855620532153074,56915.0,3.0
4037,832.0,10.0,0.9743810408582899,56933.0,3.0
4038,838.0,12.0,0.9853591928900424,54888.0,3.0
4039,1014.0,53.0,0.9812081358521674,56939.0,3.0
4040,866.0,35.0,0.9751310041841096,54892.0,3.0
4041,920.0,46.0,0.9933724372308834,54893.0,3.0
4042,886.0,22.0,0.9773122326037289,54895.0,3.0
4043,1065.0,19.0,0.9937959480737479,56948.0,3.0
4044,984.0,57.0,0.9767403452244209,54910.0,3.0
4045,885.0,6.0,0.9626428303479938,56959.0,3.0
4046,856.0,41.0,0.9941062284065603,54913.0,3.0
4047,967.0,45.0,0.975645672265447,56962.0,3.0
4048,968.0,45.0,0.9886166066243479,56966.0,3.0
4049,1008.0,15.0,0.9980528535554541,54924.0,3.0
4050,1015.0,53.0,0.9925562262624184,56981.0,3.0
4051,1029.0,16.0,0.9875708862806913,56982.0,3.0
4052,833.0,10.0,0.9928713646404662,56987.0,3.0
4053,884.0,40.0,0.9885310983302452,54941.0,3.0
4054,888.0,34.0,0.9810146618227735,54949.0,3.0
4055,1063.0,18.0,0.9928499685094339,54965.0,3.0
4056,909.0,44.0,0.9891762787493065,57013.0,3.0
4057,825.0,56.0,0.9729595996871628,54982.0,3.0
4058,841.0,33.0,0.9606271067890275,54987.0,3.0
4059,847.0,13.0,0.9896445974269209,54991.0,3.0
4060,826.0,56.0,0.9835693954090937,54997.0,3.0
4061,955.0,46.0,0.9877064950932218,57056.0,3.0
4062,887.0,40.0,0.9826992336472636,55009.0,3.0
4063,877.0,47.0,0.9909897702818411,55018.0,3.0
4064,889.0,32.0,0.9831747158300155,57073.0,3.0
4065,921.0,34.0,1.0,57074.0,3.0
4066,1080.0,37.0,0.9646601331143756,55033.0,3.0
4067,900.0,35.0,0.990608666883039,57083.0,3.0
4068,896.0,8.0,0.9884056215002403,57084.0,3.0
4069,952.0,21.0,0.9937925976826762,57096.0,3.0
4070,904.0,26.0,0.9956488559811524,57099.0,3.0
4071,992.0,3.0,0.9866449086226119,57113.0,3.0
4072,954.0,3.0,0.9817941224210048,55070.0,3.0
4073,844.0,25.0,0.969768325508792,57120.0,3.0
4074,845.0,25.0,0.9851268714653474,57121.0,3.0
4075,875.0,50.0,0.9910792640797192,55074.0,3.0
4076,889.0,23.0,0.9849016834803187,55079.0,3.0
4077,925.0,46.0,0.9880576751276141,55094.0,3.0
4078,924.0,46.0,0.9823514484076447,55095.0,3.0
4079,940.0,49.0,0.9766974309230623,55100.0,3.0
4080,920.0,34.0,0.990053498997964,57148.0,3.0
4081,984.0,54.0,0.9927555533966924,57152.0,3.0
4082,1109.0,0.0,0.996180156373655,57154.0,3.0
4083,1030.0,16.0,0.9901013957398198,57160.0,3.0
4084,879.0,47.0,1.0,55113.0,3.0
4085,1006.0,51.0,0.9946427772106463,57161.0,3.0
4086,877.0,30.0,1.0,57164.0,3.0
4087,847.0,30.0,0.978207276446335,55121.0,3.0
4088,867.0,56.0,0.9818639344498568,57180.0,3.0
4089,830.0,7.0,0.9901057239392523,55140.0,3.0
4090,965.0,51.0,0.9845978832127936,55143.0,3.0
4091,870.0,43.0,0.9758640947084064,55144.0,3.0
4092,907.0,26.0,0.9872077191712821,57192.0,3.0
4093,878.0,13.0,0.9881607367561591,57195.0,3.0
4094,1077.0,0.0,1.0,55148.0,3.0
4095,993.0,5.0,0.9847012205683229,55150.0,3.0
4096,928.0,27.0,0.9954518726630397,57199.0,3.0
4097,820.0,14.0,0.9644085169238577,57202.0,3.0
4098,950.0,3.0,0.9889547696665193,55165.0,3.0
4099,922.0,40.0,0.9855557059163699,57219.0,3.0
4100,1042.0,38.0,0.9957658484876822,57221.0,3.0
4101,973.0,48.0,0.9838053456799765,57222.0,3.0
4102,991.0,3.0,1.0,57226.0,3.0
4103,1027.0,58.0,0.9858302087482915,57229.0,3.0
4104,1017.0,53.0,0.9788725823630092,57234.0,3.0
4105,915.0,34.0,0.9872624944686941,57235.0,3.0
4106,918.0,34.0,0.9964666980386068,57238.0,3.0
4107,875.0,24.0,0.9848697484838064,55191.0,3.0
4108,844.0,12.0,0.9868906646201517,55192.0,3.0
4109,842.0,12.0,0.9673425716546514,55194.0,3.0
4110,844.0,6.0,0.9961065245547112,55198.0,3.0
4111,1018.0,58.0,0.9708391860368094,57252.0,3.0
4112,1135.0,1.0,0.9891755888424619,55207.0,3.0
4113,826.0,25.0,0.982964041485822,55208.0,3.0
4114,931.0,22.0,0.991939295598521,57255.0,3.0
4115,856.0,42.0,0.9875153208373161,55213.0,3.0
4116,1055.0,36.0,0.981528706025242,55216.0,3.0
4117,1030.0,5.0,0.990279504109318,57265.0,3.0
4118,942.0,48.0,0.9763572889417965,55218.0,3.0
4119,1032.0,5.0,0.976167160804368,57267.0,3.0
4120,876.0,24.0,0.9960459451020935,55220.0,3.0
4121,849.0,30.0,0.9872095792066405,55223.0,3.0
4122,1158.0,2.0,0.97164719330196,57272.0,3.0
4123,1033.0,15.0,0.9703088019341376,57280.0,3.0
4124,910.0,41.0,0.9782557046309039,57281.0,3.0
4125,1082.0,37.0,0.9820906043833769,55242.0,3.0
4126,913.0,21.0,0.9865809934801011,55253.0,3.0
4127,993.0,57.0,1.0,55257.0,3.0
4128,979.0,53.0,0.9617268250631626,55264.0,3.0
4129,647.0,59.0,0.9700279763171258,53218.0,3.0
4130,1116.0,2.0,0.9958739995870846,55270.0,3.0
4131,649.0,59.0,0.9855730513638838,53224.0,3.0
4132,830.0,55.0,0.9728716681166432,55274.0,3.0
4133,1114.0,2.0,0.9795712223248011,55277.0,3.0
4134,870.0,56.0,0.9753814414371517,57335.0,3.0
4135,893.0,11.0,0.9837994460107954,57338.0,3.0
4136,1035.0,15.0,0.9938712996316045,57340.0,3.0
4137,658.0,59.0,0.973233121805068,53246.0,3.0
4138,1142.0,1.0,0.9789961024971825,55295.0,3.0
4139,914.0,39.0,0.9891484345857244,55296.0,3.0
4140,659.0,59.0,0.9807332738695496,53248.0,3.0
4141,845.0,12.0,0.9975355153027946,55297.0,3.0
4142,839.0,10.0,0.9952505681618357,57344.0,3.0
4143,1036.0,15.0,0.9919749982529001,57349.0,3.0
4144,662.0,59.0,0.9784320378567857,53255.0,3.0
4145,663.0,59.0,0.9953781178629776,53257.0,3.0
4146,848.0,25.0,0.990254859834929,57355.0,3.0
4147,880.0,44.0,0.9816571847808607,55310.0,3.0
4148,889.0,28.0,0.9680755001455889,55314.0,3.0
4149,926.0,40.0,0.995815671738623,57363.0,3.0
4150,670.0,59.0,0.9902617357121241,53269.0,3.0
4151,671.0,59.0,0.9910269414372223,53279.0,3.0
4152,1030.0,58.0,0.968269771790178,57387.0,3.0
4153,984.0,4.0,0.9897943098880919,53293.0,3.0
4154,850.0,25.0,0.9931779720977125,57394.0,3.0
4155,951.0,54.0,0.9969459475936824,55349.0,3.0
4156,861.0,8.0,0.9741628348008549,55351.0,3.0
4157,850.0,33.0,0.9925204516881019,55355.0,3.0
4158,887.0,49.0,0.9871600925982738,53308.0,3.0
4159,832.0,44.0,0.9860901959167642,53320.0,3.0
4160,891.0,28.0,0.9960418627895742,55370.0,3.0
4161,888.0,42.0,0.9843734965696255,57420.0,3.0
4162,1014.0,38.0,0.9900873731540792,55374.0,3.0
4163,887.0,31.0,0.993514758160774,55375.0,3.0
4164,687.0,59.0,0.9854781625688475,53331.0,3.0
4165,684.0,59.0,0.9772966143316291,53333.0,3.0
4166,1086.0,37.0,0.9832349648711146,55383.0,3.0
4167,1002.0,36.0,0.9921195522019909,53341.0,3.0
4168,903.0,35.0,0.993783967189466,57437.0,3.0
4169,862.0,39.0,0.9832135765999438,53343.0,3.0
4170,995.0,38.0,0.9842637083843883,53354.0,3.0
4171,918.0,50.0,0.9848708183297057,57452.0,3.0
4172,1115.0,37.0,0.9879945108721179,57454.0,3.0
4173,905.0,8.0,0.9761467986104798,57458.0,3.0
4174,851.0,28.0,0.9941825773829364,53363.0,3.0
4175,957.0,53.0,0.9907559195753649,53369.0,3.0
4176,999.0,52.0,0.9811830402443236,57466.0,3.0
4177,867.0,50.0,0.9665592697773362,53372.0,3.0
4178,982.0,48.0,0.9929896851368373,57471.0,3.0
4179,890.0,6.0,0.9917908651363646,57472.0,3.0
4180,793.0,14.0,0.9767545020137389,55432.0,3.0
4181,1080.0,0.0,0.9886926251248612,55433.0,3.0
4182,883.0,9.0,0.979348958308534,55436.0,3.0
4183,928.0,23.0,0.9729642496663298,57485.0,3.0
4184,852.0,30.0,0.985743668085515,55445.0,3.0
4185,882.0,44.0,0.9895870936664296,55447.0,3.0
4186,1062.0,36.0,0.9894053509142247,55449.0,3.0
4187,960.0,21.0,0.9894827298999388,57500.0,3.0
4188,864.0,39.0,0.9726919895238013,53405.0,3.0
4189,1116.0,37.0,0.9803259970588645,57502.0,3.0
4190,1146.0,1.0,0.986239242237196,55457.0,3.0
4191,834.0,7.0,0.9786292996698316,55461.0,3.0
4192,1078.0,19.0,0.9906345041527329,57509.0,3.0
4193,816.0,29.0,0.9842745013776243,55473.0,3.0
4194,1008.0,36.0,0.9758437022979937,53429.0,3.0
4195,1077.0,19.0,0.9963571937738663,57525.0,3.0
4196,824.0,9.0,0.9679853450910625,53433.0,3.0
4197,923.0,50.0,0.9948503101074959,57530.0,3.0
4198,914.0,26.0,0.9966059725250105,57532.0,3.0
4199,1009.0,36.0,0.9898620488330714,53443.0,3.0
4200,871.0,43.0,0.9875146411142263,55494.0,3.0
4201,891.0,49.0,0.9693470114349169,53451.0,3.0
4202,1005.0,18.0,0.9712035352295719,53452.0,3.0
4203,1002.0,57.0,0.9830662442904761,55501.0,3.0
4204,896.0,28.0,0.9968944472156397,55503.0,3.0
4205,1005.0,4.0,0.9853304134723491,53455.0,3.0
4206,845.0,31.0,0.9601452323189176,53456.0,3.0
4207,831.0,35.0,0.9777126620886545,53465.0,3.0
4208,1000.0,57.0,0.9755539898944923,55514.0,3.0
4209,998.0,57.0,0.9893400666094982,55516.0,3.0
4210,895.0,6.0,0.9969377209382406,57565.0,3.0
4211,1170.0,2.0,0.9943523019163583,57568.0,3.0
4212,861.0,40.0,0.9921313546179724,53473.0,3.0
4213,948.0,48.0,0.9960735357844108,55531.0,3.0
4214,875.0,46.0,0.9818168831037135,53489.0,3.0
4215,863.0,40.0,0.9901222645590624,53492.0,3.0
4216,873.0,26.0,0.9900993870976345,55542.0,3.0
4217,927.0,21.0,0.9866034711183367,55544.0,3.0
4218,747.0,14.0,0.9824498367839765,53513.0,3.0
4219,997.0,58.0,0.9962705775802398,55562.0,3.0
4220,800.0,55.0,1.0,53519.0,3.0
4221,896.0,23.0,0.9866353836958593,55568.0,3.0
4222,822.0,32.0,0.9941164618887365,53533.0,3.0
4223,852.0,10.0,0.9968479294800981,57631.0,3.0
4224,832.0,35.0,0.997494981774807,53537.0,3.0
4225,895.0,31.0,0.9981553929197314,55585.0,3.0
4226,866.0,40.0,0.9948599463060155,53539.0,3.0
4227,890.0,33.0,0.9895856023511661,57633.0,3.0
4228,1042.0,57.0,0.9907833485487091,57638.0,3.0
4229,797.0,29.0,0.989911688029472,53547.0,3.0
4230,1123.0,0.0,0.9931486899299714,57644.0,3.0
4231,896.0,49.0,0.9901954054508408,53557.0,3.0
4232,851.0,6.0,0.9919922897543647,55616.0,3.0
4233,886.0,24.0,0.9936919179011889,55620.0,3.0
4234,888.0,13.0,0.9836891578646112,57669.0,3.0
4235,1044.0,5.0,0.9873574496700662,57680.0,3.0
4236,966.0,52.0,0.9972396524633452,55634.0,3.0
4237,932.0,3.0,0.9941569212570939,53589.0,3.0
4238,828.0,25.0,0.9976162734622164,55637.0,3.0
4239,793.0,7.0,0.9887429784842904,53592.0,3.0
4240,1082.0,0.0,0.9977195868659616,55645.0,3.0
4241,836.0,55.0,0.9932494322131312,55650.0,3.0
4242,1008.0,20.0,0.9894843161938719,57701.0,3.0
4243,879.0,46.0,0.9886387943546703,53615.0,3.0
4244,880.0,46.0,0.9981362812920718,53616.0,3.0
4245,895.0,34.0,0.987873646706938,55663.0,3.0
4246,895.0,47.0,0.9887214471936254,55672.0,3.0
4247,899.0,49.0,0.9819822352368323,53629.0,3.0
4248,1012.0,36.0,0.9913423946987528,53631.0,3.0
4249,806.0,10.0,0.9874162233295725,53633.0,3.0
4250,988.0,48.0,0.9921154255043941,57729.0,3.0
4251,1019.0,36.0,0.9880961939382049,53636.0,3.0
4252,1095.0,1.0,0.9924897953729289,53638.0,3.0
4253,1067.0,18.0,0.994380406743717,55686.0,3.0
4254,1039.0,19.0,0.9821276782793724,55688.0,3.0
4255,1037.0,19.0,0.994483967411237,55690.0,3.0
4256,843.0,56.0,0.9876560812646529,55693.0,3.0
4257,859.0,25.0,0.9942574660043455,57745.0,3.0
4258,849.0,12.0,0.9935003017222716,55700.0,3.0
4259,893.0,47.0,0.9910139990102085,55702.0,3.0
4260,851.0,12.0,0.9912322437419392,55707.0,3.0
4261,869.0,8.0,0.9949617552571316,55709.0,3.0
4262,882.0,46.0,0.9897984829710986,53663.0,3.0
4263,1035.0,16.0,1.0,57764.0,3.0
4264,799.0,56.0,0.9892763686293826,53671.0,3.0
4265,890.0,31.0,0.9729129960164095,55722.0,3.0
4266,849.0,43.0,0.9846826137932783,53676.0,3.0
4267,858.0,13.0,0.9885578805951938,55725.0,3.0
4268,1035.0,17.0,0.9908066424987545,55726.0,3.0
4269,874.0,34.0,0.994267686600842,53681.0,3.0
4270,1001.0,5.0,0.9897937770204562,55730.0,3.0
4271,846.0,32.0,0.9865835751360627,55733.0,3.0
4272,816.0,33.0,0.9751570933279431,53687.0,3.0
4273,801.0,56.0,0.9882250394912175,53693.0,3.0
4274,877.0,43.0,0.990651000362791,55751.0,3.0
4275,925.0,39.0,0.9877941868701945,55752.0,3.0
4276,1097.0,2.0,0.9913141531408396,53708.0,3.0
4277,897.0,47.0,0.98724178084406,55759.0,3.0
4278,937.0,45.0,0.9851601605790405,55761.0,3.0
4279,892.0,31.0,0.9832614822103645,55763.0,3.0
4280,1010.0,20.0,0.9863928862109812,57812.0,3.0
4281,926.0,39.0,0.991765082280905,55766.0,3.0
4282,997.0,38.0,0.9952594396406519,53719.0,3.0
4283,998.0,38.0,0.9968963932843447,53720.0,3.0
4284,1093.0,37.0,0.9875179341601088,55775.0,3.0
4285,1030.0,18.0,0.9920411985490705,53728.0,3.0
4286,1031.0,18.0,0.99677155525199,53730.0,3.0
4287,990.0,53.0,1.0,55781.0,3.0
4288,1099.0,2.0,0.9924899758978369,53738.0,3.0
4289,840.0,24.0,0.9939583472450834,53741.0,3.0
4290,943.0,45.0,0.9948653558117846,55789.0,3.0
4291,904.0,49.0,0.9785782566103811,53744.0,3.0
4292,1031.0,4.0,0.9963440246168288,53750.0,3.0
4293,854.0,47.0,1.0,53751.0,3.0
4294,839.0,9.0,0.9850124240657898,53752.0,3.0
4295,856.0,30.0,0.9975954411026691,55802.0,3.0
4296,824.0,42.0,0.9896817216775559,53757.0,3.0
4297,804.0,55.0,0.9825368717146967,53761.0,3.0
4298,984.0,16.0,0.9961654258132604,53762.0,3.0
4299,898.0,30.0,0.9908645764294709,57864.0,3.0
4300,897.0,30.0,0.9939800623616736,57867.0,3.0
4301,898.0,34.0,0.988199980292943,55824.0,3.0
4302,911.0,8.0,0.9956149363403827,57875.0,3.0
4303,863.0,27.0,0.9949845959356887,53784.0,3.0
4304,853.0,47.0,0.9979844899060717,53785.0,3.0
4305,871.0,40.0,0.9779362421843173,53791.0,3.0
4306,843.0,24.0,0.9885987344225884,53793.0,3.0
4307,966.0,57.0,0.9944771723743389,53804.0,3.0
4308,1050.0,37.0,0.9810241812126727,53807.0,3.0
4309,918.0,48.0,0.9945738390769335,53810.0,3.0
4310,898.0,31.0,0.9926862556148522,55858.0,3.0
4311,875.0,34.0,0.9856374104601314,53822.0,3.0
4312,1008.0,5.0,0.9970363939095683,55872.0,3.0
4313,836.0,11.0,0.9945925388155554,53836.0,3.0
4314,825.0,29.0,0.98052847011267,55885.0,3.0
4315,840.0,26.0,0.989555113641103,53838.0,3.0
4316,863.0,33.0,0.9977734494392955,55886.0,3.0
4317,826.0,29.0,0.9848701930229705,55888.0,3.0
4318,861.0,25.0,0.9866062205717852,57948.0,3.0
4319,944.0,40.0,0.9937892825091384,57953.0,3.0
4320,965.0,54.0,0.9942274737608631,55920.0,3.0
4321,842.0,55.0,0.9934524615867002,55921.0,3.0
4322,1008.0,17.0,0.9877021371670451,53877.0,3.0
4323,806.0,55.0,0.9913783208504736,53887.0,3.0
4324,841.0,26.0,0.9932741760797517,53899.0,3.0
4325,1013.0,16.0,0.9769983088277097,55952.0,3.0
4326,838.0,44.0,0.9983240435266186,53912.0,3.0
4327,992.0,53.0,0.9849086667558162,55991.0,3.0
4328,867.0,22.0,0.9936478667563287,53953.0,3.0
4329,867.0,33.0,0.9740983719675894,56003.0,3.0
4330,906.0,28.0,0.9810261046916612,56005.0,3.0
4331,846.0,26.0,0.9797444817363428,53965.0,3.0
4332,802.0,29.0,0.9964888587111126,53967.0,3.0
4333,942.0,51.0,0.9944458307977619,53968.0,3.0
4334,847.0,26.0,0.9972612752202475,53977.0,3.0
4335,808.0,56.0,0.9935690077385425,53980.0,3.0
4336,861.0,6.0,0.9886274577139239,56037.0,3.0
4337,967.0,53.0,0.9894978937653133,53990.0,3.0
4338,1108.0,1.0,0.9977798563724188,53991.0,3.0
4339,862.0,6.0,0.9920191082707358,56038.0,3.0
4340,882.0,26.0,0.9946248556811568,56039.0,3.0
4341,973.0,5.0,0.9952155990337277,53994.0,3.0
4342,846.0,35.0,0.9937963719523674,54010.0,3.0
4343,845.0,35.0,0.9930125569920017,54011.0,3.0
4344,979.0,58.0,0.9907516781525255,54016.0,3.0
4345,831.0,6.0,0.9924803681658604,54017.0,3.0
4346,831.0,42.0,1.0,54026.0,3.0
4347,866.0,27.0,1.0,54029.0,3.0
4348,865.0,27.0,0.988927922259065,54032.0,3.0
4349,864.0,22.0,0.9867863858206062,54035.0,3.0
4350,908.0,45.0,0.9937128454068204,54047.0,3.0
4351,826.0,32.0,0.9920018108943769,54049.0,3.0
4352,850.0,9.0,0.9884731778048209,54052.0,3.0
4353,1137.0,2.0,0.994199989487054,56101.0,3.0
4354,907.0,13.0,0.9905699336516693,58148.0,3.0
4355,765.0,14.0,0.9856553720068172,54055.0,3.0
4356,1043.0,4.0,0.9934027178096904,54060.0,3.0
4357,967.0,54.0,0.9911909517393938,56110.0,3.0
4358,1045.0,4.0,0.9899580269225768,54063.0,3.0
4359,1097.0,37.0,0.976499551158737,56114.0,3.0
4360,1027.0,36.0,0.9951996077412183,54067.0,3.0
4361,1098.0,37.0,0.9940087568468238,56115.0,3.0
4362,1099.0,37.0,0.9923916053869285,56116.0,3.0
4363,1010.0,57.0,0.9861133378590826,56125.0,3.0
4364,849.0,9.0,0.9924581342562299,54083.0,3.0
4365,906.0,31.0,0.9913827667273053,56131.0,3.0
4366,902.0,13.0,0.9842546966984562,58182.0,3.0
4367,932.0,39.0,0.9837084521906254,56142.0,3.0
4368,866.0,11.0,0.9966476729429852,56146.0,3.0
4369,1008.0,57.0,0.9924466043417127,56154.0,3.0
4370,941.0,50.0,1.0,58214.0,3.0
4371,845.0,44.0,0.9947256487787897,54125.0,3.0
4372,834.0,42.0,0.9914157451192253,54126.0,3.0
4373,872.0,42.0,0.9947991935123927,56173.0,3.0
4374,845.0,55.0,0.9916827820794767,56179.0,3.0
4375,991.0,16.0,0.9914191595550547,54138.0,3.0
4376,848.0,41.0,0.989472499977754,54141.0,3.0
4377,988.0,51.0,0.9907697584830178,56193.0,3.0
4378,977.0,52.0,0.9974298043901365,56199.0,3.0
4379,809.0,14.0,0.9910018004182041,56203.0,3.0
4380,969.0,53.0,0.9866018448753958,54163.0,3.0
4381,945.0,51.0,0.9881872017401174,54165.0,3.0
4382,863.0,13.0,0.9966945443243954,56218.0,3.0
4383,1041.0,17.0,0.9898235292854534,56220.0,3.0
4384,1049.0,19.0,0.9847570683202793,56225.0,3.0
4385,1102.0,37.0,0.9875491561227862,56231.0,3.0
4386,944.0,50.0,0.982055211357799,58296.0,3.0
4387,812.0,56.0,0.996960781085753,54203.0,3.0
4388,999.0,58.0,0.9852220572370027,56254.0,3.0
4389,908.0,28.0,0.9922376451198326,56255.0,3.0
4390,813.0,56.0,0.996995582023868,54211.0,3.0
4391,1016.0,17.0,0.9920356778800051,54212.0,3.0
4392,904.0,46.0,0.9902296068144055,54219.0,3.0
4393,1048.0,18.0,0.9834489597288464,54225.0,3.0
4394,842.0,29.0,0.9956223430090992,56274.0,3.0
4395,769.0,14.0,0.9871946694388523,54231.0,3.0
4396,862.0,30.0,0.9944279056740603,56281.0,3.0
4397,902.0,27.0,0.9911871986733386,56290.0,3.0
4398,860.0,30.0,0.9952815622931198,56300.0,3.0
4399,849.0,44.0,0.9924697735226653,54260.0,3.0
4400,834.0,25.0,0.9887829684038002,56312.0,3.0
4401,1050.0,18.0,0.9758798674217128,54265.0,3.0
4402,827.0,12.0,0.9957089129181427,54269.0,3.0
4403,1045.0,36.0,0.9969400075721111,54270.0,3.0
4404,896.0,9.0,0.9936799472658839,56323.0,3.0
4405,805.0,7.0,0.9869751103337275,54287.0,3.0
4406,925.0,54.0,1.0,54290.0,3.0
4407,917.0,22.0,0.9941856225975256,56338.0,3.0
4408,887.0,25.0,0.9947620176943625,58387.0,3.0
4409,1001.0,38.0,0.9912467280533611,54293.0,3.0
4410,954.0,45.0,0.9819691885054666,56342.0,3.0
4411,807.0,7.0,0.9943772800551177,54295.0,3.0
4412,903.0,34.0,0.9838135647927777,56350.0,3.0
4413,884.0,8.0,0.9920603505891673,56353.0,3.0
4414,924.0,48.0,1.0,54307.0,3.0
4415,1115.0,1.0,0.9923578411214573,54308.0,3.0
4416,864.0,32.0,0.9885229853330741,56359.0,3.0
4417,1081.0,36.0,0.9692982470359928,56362.0,3.0
4418,870.0,6.0,0.9891562641805617,56375.0,3.0
4419,1097.0,0.0,1.0,56379.0,3.0
4420,972.0,20.0,0.9938321124394873,54338.0,3.0
4421,881.0,34.0,0.9868660603783013,54341.0,3.0
4422,981.0,5.0,0.9861357333648116,54353.0,3.0
4423,1018.0,19.0,0.9970019226033998,54360.0,3.0
4424,806.0,29.0,0.9812332860869566,54368.0,3.0
4425,951.0,50.0,0.9939760586884747,58464.0,3.0
4426,921.0,49.0,0.9903791338057828,54381.0,3.0
4427,824.0,25.0,0.9941748214425928,54389.0,3.0
4428,870.0,27.0,0.9780737358600372,54392.0,3.0
4429,1000.0,15.0,0.9781677081538547,54394.0,3.0
4430,830.0,32.0,0.9901803980988433,54396.0,3.0
4431,862.0,24.0,0.9856312966065016,54397.0,3.0
4432,864.0,31.0,0.9968359760431766,54413.0,3.0
4433,891.0,43.0,0.9835257971128678,56464.0,3.0
4434,866.0,28.0,0.9957607928116534,54417.0,3.0
4435,883.0,23.0,0.9806191557216192,54428.0,3.0
4436,959.0,45.0,0.9937467887938349,56480.0,3.0
4437,864.0,24.0,0.9916684257302508,54434.0,3.0
4438,867.0,12.0,0.9859983960188794,56488.0,3.0
4439,928.0,54.0,0.9811775521924456,54441.0,3.0
4440,821.0,33.0,0.990289572910456,54443.0,3.0
4441,1099.0,0.0,0.9913733573960241,56508.0,3.0
4442,852.0,35.0,0.9976385692608388,54466.0,3.0
4443,870.0,30.0,0.9804409601416224,56529.0,3.0
4444,962.0,48.0,0.9681875451515088,56538.0,3.0
4445,932.0,13.0,0.9930758772004071,58597.0,3.0
4446,812.0,7.0,0.9899916770445863,54511.0,3.0
4447,1009.0,58.0,0.9809149892794099,56568.0,3.0
4448,825.0,10.0,0.9858434159404316,56578.0,3.0
4449,933.0,54.0,0.9763559727144208,54535.0,3.0
4450,904.0,50.0,0.9927112020240908,56614.0,3.0
4451,952.0,51.0,0.9849745594504306,54567.0,3.0
4452,981.0,3.0,0.984436324077887,56621.0,3.0
4453,1025.0,15.0,0.9784547670998279,56624.0,3.0
4454,1022.0,16.0,0.981171425662516,56625.0,3.0
4455,859.0,44.0,0.9940859891206311,54580.0,3.0
4456,1005.0,15.0,0.9785934797195283,54599.0,3.0
4457,923.0,45.0,0.9984541759246885,54604.0,3.0
4458,1152.0,2.0,0.9951578364046182,56652.0,3.0
4459,835.0,12.0,0.9844133397802057,54607.0,3.0
4460,926.0,49.0,0.9899526867841709,54611.0,3.0
4461,982.0,57.0,0.996655474540784,54612.0,3.0
4462,906.0,21.0,0.9960182302630485,54625.0,3.0
4463,904.0,23.0,0.9955764223552298,56674.0,3.0
4464,821.0,55.0,0.9850580175263612,54629.0,3.0
4465,897.0,21.0,0.9844636054620177,54630.0,3.0
4466,979.0,57.0,0.9841379186542275,54634.0,3.0
4467,896.0,35.0,0.994463213914892,56685.0,3.0
4468,899.0,41.0,0.9959885077066428,56690.0,3.0
4469,896.0,39.0,0.9941282780417744,54655.0,3.0
4470,921.0,28.0,0.994015870077396,56703.0,3.0
4471,896.0,41.0,0.9782402791317993,56705.0,3.0
4472,840.0,11.0,0.9945899257345806,54658.0,3.0
4473,864.0,43.0,0.9853932775850143,54662.0,3.0
4474,918.0,45.0,0.9934809883929654,54667.0,3.0
4475,1130.0,1.0,0.9803639375956895,54675.0,3.0
4476,1131.0,1.0,0.9865221384411536,54676.0,3.0
4477,948.0,21.0,0.9944439892059398,56724.0,3.0
4478,1105.0,0.0,0.9946839552206126,56731.0,3.0
4479,911.0,46.0,0.9939286165324598,54685.0,3.0
4480,996.0,16.0,0.9638406893226658,54688.0,3.0
4481,914.0,46.0,0.9890926168559458,54689.0,3.0
4482,1071.0,4.0,0.9950156495107344,54700.0,3.0
4483,838.0,25.0,0.9871527782314966,56749.0,3.0
4484,850.0,42.0,0.9940154101703363,54708.0,3.0
4485,781.0,14.0,0.9809031991679308,54711.0,3.0
4486,859.0,35.0,0.9955536917303892,54713.0,3.0
4487,876.0,31.0,0.9692971384904048,54715.0,3.0
4488,858.0,7.0,0.990662973343777,56779.0,3.0
4489,1126.0,1.0,0.9889772081443835,54732.0,3.0
4490,905.0,23.0,0.9953336691482495,56781.0,3.0
4491,847.0,8.0,0.9803006298423294,54745.0,3.0
4492,1025.0,17.0,0.9668263955922147,54753.0,3.0
4493,877.0,11.0,0.9912807996748473,56803.0,3.0
4494,862.0,44.0,0.9795903479461534,54757.0,3.0
4495,889.0,8.0,0.9909544285569167,56815.0,3.0
4496,872.0,12.0,0.9926403056897397,56830.0,3.0
4497,1004.0,38.0,0.9852403645138736,54783.0,3.0
4498,943.0,3.0,0.9840459738869356,54784.0,3.0
4499,870.0,24.0,0.9916060044075901,54787.0,3.0
4500,953.0,52.0,0.997450863321996,54794.0,3.0
4501,1001.0,51.0,1.0,56843.0,3.0
4502,932.0,48.0,0.9933847319727399,54804.0,3.0
4503,831.0,10.0,0.9888737605800508,56855.0,3.0
4504,866.0,26.0,0.9946412702626245,54815.0,3.0
4505,908.0,21.0,0.9905960709912646,54831.0,3.0
4506,898.0,43.0,0.9967182820178401,56882.0,3.0
4507,1006.0,15.0,0.9987033729870752,54838.0,3.0
4508,898.0,26.0,0.9971032033290435,56890.0,3.0
4509,846.0,13.0,0.9881810714031183,54870.0,3.0
4510,919.0,46.0,0.9879876576218035,54874.0,3.0
4511,907.0,50.0,0.9925305244279957,56934.0,3.0
4512,1008.0,38.0,0.990276631778869,54906.0,3.0
4513,853.0,42.0,0.9800066907608738,54916.0,3.0
4514,885.0,11.0,0.9942996325068509,56984.0,3.0
4515,857.0,41.0,0.9943470443524918,54943.0,3.0
4516,976.0,20.0,0.9873667589913123,54950.0,3.0
4517,910.0,23.0,0.9928460602579018,57000.0,3.0
4518,946.0,3.0,0.9870734818246396,54961.0,3.0
4519,992.0,52.0,0.9833888450113879,57021.0,3.0
4520,955.0,21.0,0.9828799588517908,57045.0,3.0
4521,873.0,50.0,0.992486238778288,55011.0,3.0
4522,1071.0,19.0,0.9870462262948212,57063.0,3.0
4523,1079.0,37.0,0.9910826414571362,55034.0,3.0
4524,1070.0,19.0,0.9925690259067813,57086.0,3.0
4525,791.0,14.0,0.9865720591504076,55039.0,3.0
4526,881.0,27.0,0.9907800166112402,55041.0,3.0
4527,887.0,28.0,0.9933455612333302,55043.0,3.0
4528,883.0,28.0,0.9844241860233813,55047.0,3.0
4529,891.0,34.0,0.9926363576431305,55049.0,3.0
4530,886.0,27.0,0.9781852298015042,55050.0,3.0
4531,978.0,20.0,0.9858997318137421,55055.0,3.0
4532,891.0,11.0,0.9875206178011767,57103.0,3.0
4533,827.0,7.0,0.9906260165067984,55071.0,3.0
4534,841.0,12.0,0.9835702781503545,55075.0,3.0
4535,868.0,7.0,0.9898961190592988,57128.0,3.0
4536,913.0,39.0,0.9890343852125136,55082.0,3.0
4537,879.0,9.0,0.9931469883744742,55101.0,3.0
4538,1110.0,0.0,0.99129412652803,57155.0,3.0
4539,880.0,47.0,0.9965620984841699,55112.0,3.0
4540,835.0,10.0,0.9986801848994723,57169.0,3.0
4541,1026.0,19.0,1.0,55126.0,3.0
4542,947.0,54.0,0.9936810690064072,55131.0,3.0
4543,910.0,44.0,0.9907537983279675,57179.0,3.0
4544,877.0,44.0,0.9802385252391188,55135.0,3.0
4545,1007.0,16.0,0.9890723940859207,55139.0,3.0
4546,848.0,11.0,0.9913641357101776,55146.0,3.0
4547,858.0,8.0,0.9924284212952126,55153.0,3.0
4548,998.0,20.0,0.9831260228328307,57206.0,3.0
4549,1076.0,0.0,0.9884004417165742,55162.0,3.0
4550,922.0,47.0,0.9797982192436339,57212.0,3.0
4551,882.0,32.0,0.9953724047405283,57215.0,3.0
4552,854.0,8.0,0.9971559247545504,55170.0,3.0
4553,861.0,41.0,0.9636984966081622,55173.0,3.0
4554,975.0,48.0,0.9705880620756574,57224.0,3.0
4555,1010.0,38.0,0.9914500619118287,55179.0,3.0
4556,983.0,53.0,0.9886942296740506,55184.0,3.0
4557,1057.0,36.0,0.9903751690366965,55188.0,3.0
4558,1017.0,58.0,0.976476847050221,57251.0,3.0
4559,1019.0,58.0,1.0,57253.0,3.0
4560,930.0,22.0,0.9952978115100203,57254.0,3.0
4561,873.0,9.0,0.9974360988183156,55224.0,3.0
4562,944.0,54.0,0.9933313345786949,55227.0,3.0
4563,888.0,40.0,0.9890679782141313,55230.0,3.0
4564,1009.0,38.0,0.9871002582882825,55232.0,3.0
4565,1141.0,1.0,1.0,55236.0,3.0
4566,936.0,49.0,0.9882662475330658,55239.0,3.0
4567,889.0,40.0,0.9962162914203676,55245.0,3.0
4568,912.0,21.0,0.9821401865989335,55254.0,3.0
4569,996.0,52.0,0.9875040081977575,57305.0,3.0
4570,989.0,57.0,0.9930214181901902,55258.0,3.0
4571,845.0,6.0,0.9956733378889727,55259.0,3.0
4572,857.0,42.0,0.996899726335674,55269.0,3.0
4573,969.0,51.0,0.9880840329550825,55280.0,3.0
4574,940.0,48.0,0.9887395718337858,55282.0,3.0
4575,652.0,59.0,0.9923299048602744,53239.0,3.0
4576,654.0,59.0,0.9902777554068272,53240.0,3.0
4577,842.0,43.0,0.994014233003107,53249.0,3.0
4578,661.0,59.0,0.9869196430106375,53253.0,3.0
4579,980.0,20.0,0.9904132133210112,55319.0,3.0
4580,993.0,17.0,0.9773402605844873,53278.0,3.0
4581,673.0,59.0,0.9853174195969807,53284.0,3.0
4582,1117.0,2.0,0.9660828055986153,55332.0,3.0
4583,957.0,21.0,0.9892382575896166,57386.0,3.0
4584,1012.0,15.0,0.9873303268860185,55341.0,3.0
4585,859.0,40.0,0.9883582184398897,53295.0,3.0
4586,959.0,5.0,0.9954765247884809,53304.0,3.0
4587,994.0,18.0,0.9784187207322884,53316.0,3.0
4588,844.0,43.0,0.9922419999694307,53325.0,3.0
4589,936.0,22.0,0.98853495770298,57423.0,3.0
4590,867.0,41.0,0.9936154049388568,55381.0,3.0
4591,685.0,59.0,0.9862321650247645,53334.0,3.0
4592,989.0,15.0,0.9918517540145535,53340.0,3.0
4593,990.0,4.0,0.993390298970972,53351.0,3.0
4594,873.0,35.0,0.9925110741742602,55405.0,3.0
4595,852.0,33.0,0.9683525888985256,55415.0,3.0
4596,1002.0,18.0,0.992524196301567,53375.0,3.0
4597,814.0,29.0,0.9896665225488804,55427.0,3.0
4598,963.0,52.0,0.9892273735311113,55429.0,3.0
4599,990.0,15.0,0.9981600081606419,53382.0,3.0
4600,964.0,52.0,0.9829753922894612,55431.0,3.0
4601,1006.0,36.0,0.9896523209742276,53384.0,3.0
4602,860.0,40.0,0.9876260479759112,53385.0,3.0
4603,920.0,50.0,0.9974760110116134,57479.0,3.0
4604,690.0,59.0,0.9930254961147501,53387.0,3.0
4605,888.0,49.0,0.9854519231327827,53392.0,3.0
4606,959.0,53.0,0.9988078824368587,53397.0,3.0
4607,996.0,4.0,0.9930473806513782,53399.0,3.0
4608,746.0,14.0,0.9888698394293226,53404.0,3.0
4609,1023.0,53.0,0.9931187571765653,57503.0,3.0
4610,915.0,41.0,0.9954024043297657,57506.0,3.0
4611,940.0,22.0,0.9931583162335902,57518.0,3.0
4612,823.0,9.0,0.996778032973075,53425.0,3.0
4613,937.0,22.0,0.9897240649262774,57521.0,3.0
4614,1001.0,17.0,0.9901096427858886,53434.0,3.0
4615,1004.0,4.0,0.9962755577394483,53441.0,3.0
4616,961.0,5.0,0.9801900416982262,53442.0,3.0
4617,896.0,32.0,0.986191784587488,57541.0,3.0
4618,889.0,30.0,0.9762212844496736,57548.0,3.0
4619,931.0,3.0,0.9791184257482702,53458.0,3.0
4620,798.0,56.0,0.992873213853047,53460.0,3.0
4621,957.0,3.0,0.991628448816629,55512.0,3.0
4622,893.0,6.0,0.9884258428360632,57567.0,3.0
4623,882.0,24.0,0.9928757327406607,55522.0,3.0
4624,996.0,58.0,0.9823553748812929,55524.0,3.0
4625,949.0,39.0,0.985785753531498,57572.0,3.0
4626,978.0,51.0,0.9950105494486623,55530.0,3.0
4627,1167.0,2.0,0.9808578036453851,57579.0,3.0
4628,898.0,23.0,0.9730152770488446,55533.0,3.0
4629,897.0,23.0,0.9892217943895762,55534.0,3.0
4630,852.0,28.0,0.9883881498550502,53487.0,3.0
4631,848.0,10.0,0.9975345577261093,57588.0,3.0
4632,950.0,39.0,0.994183655640974,57591.0,3.0
4633,847.0,10.0,0.9976205728735306,57592.0,3.0
4634,853.0,25.0,0.9853139451110674,57594.0,3.0
4635,932.0,45.0,0.9869872048663981,55035.0,3.0
4636,889.0,39.0,0.9821246897978958,54525.0,3.0
4637,862.0,12.0,0.9934401701957664,56062.0,3.0
4638,790.0,7.0,0.9873392869010456,53503.0,3.0
4639,968.0,51.0,0.9918734277666684,55040.0,3.0
4640,877.0,56.0,0.9979903610690224,57598.0,3.0
4641,829.0,42.0,0.9842342843285666,54019.0,3.0
4642,969.0,52.0,0.9783469325843226,55555.0,3.0
4643,860.0,28.0,0.9927194453889824,54021.0,3.0
4644,833.0,12.0,0.9939330903796151,54534.0,3.0
4645,1159.0,1.0,0.9731914717350534,56580.0,3.0
4646,1133.0,0.0,0.9932878752718506,57605.0,3.0
4647,1041.0,18.0,0.9772820019869595,54025.0,3.0
4648,818.0,56.0,0.9962062428199074,54537.0,3.0
4649,846.0,10.0,0.9961687757475958,57611.0,3.0
4650,1028.0,19.0,0.993060865705904,55052.0,3.0
4651,951.0,51.0,0.9920846151962901,54548.0,3.0
4652,839.0,41.0,0.99305060233282,53525.0,3.0
4653,982.0,58.0,0.9951819232765541,54550.0,3.0
4654,1115.0,0.0,0.9980561891599913,57111.0,3.0
4655,963.0,5.0,0.9962246852642457,53528.0,3.0
4656,881.0,50.0,0.9883308058538429,55578.0,3.0
4657,897.0,49.0,0.9801981819307325,53534.0,3.0
4658,749.0,14.0,0.9982637797805364,53538.0,3.0
4659,807.0,10.0,0.9953741351186374,54050.0,3.0
4660,999.0,20.0,0.9833025698573935,57123.0,3.0
4661,1000.0,20.0,0.9959252217878448,57124.0,3.0
4662,750.0,14.0,0.985756217076247,53542.0,3.0
4663,824.0,12.0,0.9951292524481622,54057.0,3.0
4664,982.0,16.0,1.0,53546.0,3.0
4665,849.0,47.0,0.9897842331486087,53548.0,3.0
4666,1015.0,36.0,0.9876105825070781,53564.0,3.0
4667,878.0,9.0,0.9844076796127391,55102.0,3.0
4668,1169.0,1.0,0.9849751631879632,57150.0,3.0
4669,1053.0,37.0,0.9769637174795429,54081.0,3.0
4670,891.0,46.0,0.9883279813905189,54087.0,3.0
4671,1023.0,38.0,0.9903365116004182,56136.0,3.0
4672,965.0,5.0,0.9957055147484679,53581.0,3.0
4673,833.0,42.0,0.9876644219376909,54094.0,3.0
4674,1065.0,18.0,0.9965887685104072,55118.0,3.0
4675,897.0,24.0,0.9893747146659543,56144.0,3.0
4676,701.0,59.0,0.9969134492248262,53585.0,3.0
4677,846.0,30.0,0.9910077365705439,55122.0,3.0
4678,876.0,30.0,0.9950780192467816,57165.0,3.0
4679,1005.0,52.0,0.9868805609301915,57678.0,3.0
4680,1029.0,19.0,0.992349786077118,55125.0,3.0
4681,1025.0,19.0,0.9968624573262146,55127.0,3.0
4682,921.0,22.0,0.9944088713693239,56664.0,3.0
4683,957.0,23.0,0.9896317316167231,58440.0,3.0
4684,875.0,25.0,1.0,58206.0,3.0
4685,840.0,41.0,0.9924713345015092,53600.0,3.0
4686,1043.0,18.0,0.9576384017166065,54112.0,3.0
4687,905.0,21.0,0.9905044153219962,54626.0,3.0
4688,846.0,33.0,0.9791413104450908,55136.0,3.0
4689,1034.0,38.0,0.9971690429686486,56675.0,3.0
4690,930.0,48.0,0.9904948978564878,54631.0,3.0
4691,1014.0,57.0,0.9919975167700052,56168.0,3.0
4692,889.0,47.0,0.9873596719080968,55658.0,3.0
4693,879.0,21.0,0.9943908065406508,53611.0,3.0
4694,996.0,53.0,0.990876703607049,56172.0,3.0
4695,922.0,45.0,0.9962759371140529,54642.0,3.0
4696,818.0,29.0,0.9947368900390472,55668.0,3.0
4697,1071.0,37.0,0.9938076256228757,54645.0,3.0
4698,803.0,29.0,0.9955902443491742,54134.0,3.0
4699,852.0,9.0,0.9921861969205578,54135.0,3.0
4700,882.0,41.0,0.9906427133026465,56187.0,3.0
4701,819.0,55.0,0.9923222781644415,54652.0,3.0
4702,949.0,3.0,0.9906067767900327,55166.0,3.0
4703,897.0,46.0,0.9927566661464611,54145.0,3.0
4704,890.0,34.0,0.9952696705004929,55174.0,3.0
4705,1021.0,4.0,0.9868108944340336,53641.0,3.0
4706,882.0,40.0,0.9689360795617054,54665.0,3.0
4707,936.0,48.0,0.9909676119715805,55186.0,3.0
4708,834.0,44.0,0.9979255312879699,53651.0,3.0
4709,851.0,26.0,1.0,54168.0,3.0
4710,861.0,13.0,0.9950128775885736,56216.0,3.0
4711,821.0,42.0,0.9905171579287146,53660.0,3.0
4712,990.0,58.0,0.9950720842215253,55202.0,3.0
4713,859.0,8.0,0.9953188281857562,55203.0,3.0
4714,925.0,22.0,0.9901222131612504,56739.0,3.0
4715,853.0,9.0,0.9890057314671091,54181.0,3.0
4716,822.0,42.0,0.9872920373382956,53672.0,3.0
4717,967.0,5.0,0.9943541440508028,53674.0,3.0
4718,889.0,27.0,0.9821410049004088,55723.0,3.0
4719,988.0,20.0,0.9853080661322031,56234.0,3.0
4720,827.0,25.0,0.9921234556832275,55214.0,3.0
4721,1113.0,1.0,0.9813353993880359,54191.0,3.0
4722,847.0,32.0,0.9936194462340998,55732.0,3.0
4723,1025.0,4.0,0.9983591094171278,53686.0,3.0
4724,927.0,39.0,0.9824730099445811,55734.0,3.0
4725,853.0,26.0,0.9913567789918175,54200.0,3.0
4726,1041.0,36.0,0.9952539887301644,54201.0,3.0
4727,971.0,48.0,0.9741441176341421,56760.0,3.0
4728,919.0,28.0,0.9932529898271633,56762.0,3.0
4729,1139.0,1.0,0.965359125724165,55229.0,3.0
4730,875.0,13.0,0.9853802028751205,57277.0,3.0
4731,803.0,55.0,0.9876840748776112,53696.0,3.0
4732,836.0,35.0,0.9862133304900489,53697.0,3.0
4733,841.0,6.0,0.9915573852500624,55234.0,3.0
4734,906.0,41.0,0.9772912618677814,57284.0,3.0
4735,1137.0,0.0,1.0,57797.0,3.0
4736,837.0,35.0,0.9892145530504929,53704.0,3.0
4737,883.0,46.0,0.9931768710676656,53705.0,3.0
4738,1078.0,37.0,0.9940065548050532,55244.0,3.0
4739,935.0,54.0,0.9966308384736848,54733.0,3.0
4740,891.0,27.0,0.9843971600811859,55756.0,3.0
4741,1098.0,2.0,0.9821087368025779,53711.0,3.0
4742,810.0,55.0,0.9922386876808496,54223.0,3.0
4743,1031.0,38.0,0.9967067744755154,56782.0,3.0
4744,878.0,6.0,0.9960749593756784,56784.0,3.0
4745,1110.0,2.0,0.9646075078367067,54739.0,3.0
4746,1109.0,2.0,0.9981670980288129,54740.0,3.0
4747,951.0,45.0,0.9864008978589918,56277.0,3.0
4748,952.0,45.0,0.9833669317289904,56278.0,3.0
4749,1162.0,2.0,0.9717211812875377,57298.0,3.0
4750,861.0,30.0,0.9896436713295952,56280.0,3.0
4751,866.0,47.0,0.9647203383723791,54234.0,3.0
4752,846.0,8.0,0.993012846109541,54746.0,3.0
4753,835.0,6.0,0.9952042979732109,54236.0,3.0
4754,902.0,49.0,0.9967181059981182,53725.0,3.0
4755,834.0,6.0,0.9928139392998198,54237.0,3.0
4756,832.0,55.0,0.9890460528198527,55263.0,3.0
4757,964.0,3.0,0.9914489311501873,55776.0,3.0
4758,887.0,23.0,0.9947093500045215,55266.0,3.0
4759,757.0,14.0,0.9883694374723861,53731.0,3.0
4760,904.0,27.0,0.9937764031225484,56292.0,3.0
4761,881.0,11.0,0.9932974394299431,56809.0,3.0
4762,879.0,43.0,0.973952628514601,55786.0,3.0
4763,959.0,52.0,0.9894927335317695,55279.0,3.0
4764,879.0,40.0,0.9965535125958789,54256.0,3.0
4765,969.0,3.0,0.9571990969793654,56305.0,3.0
4766,1037.0,4.0,0.9968040158944046,53746.0,3.0
4767,870.0,13.0,0.9892210004059623,56817.0,3.0
4768,957.0,39.0,0.9951214279750746,58356.0,3.0
4769,833.0,32.0,0.9864371084679845,54774.0,3.0
4770,891.0,23.0,0.9948124865825493,55289.0,3.0
4771,916.0,21.0,0.994963681172617,55291.0,3.0
4772,1069.0,18.0,0.9675527352416878,55804.0,3.0
4773,1085.0,37.0,0.9852391514900496,55293.0,3.0
4774,853.0,56.0,0.9910661276691793,56315.0,3.0
4775,1021.0,15.0,0.9958470076914165,56437.0,3.0
4776,838.0,42.0,0.9963080395471117,54272.0,3.0
4777,824.0,55.0,0.989377496333656,54785.0,3.0
4778,894.0,11.0,0.9833268242717482,57341.0,3.0
4779,960.0,54.0,0.9892070396840051,55815.0,3.0
4780,976.0,54.0,0.9948007929269165,56439.0,3.0
4781,759.0,14.0,0.9922303915191244,53771.0,3.0
4782,934.0,52.0,0.9869041113686775,53772.0,3.0
4783,975.0,53.0,0.9794462825985939,54797.0,3.0
4784,978.0,58.0,0.9915838272158617,53774.0,3.0
4785,890.0,22.0,0.9937768923904096,55307.0,3.0
4786,848.0,33.0,0.9888392245530582,55308.0,3.0
4787,846.0,12.0,1.0,55309.0,3.0
4788,874.0,30.0,1.0,56850.0,3.0
4789,867.0,40.0,0.9908317426411771,53782.0,3.0
4790,939.0,3.0,0.974897808847401,54296.0,3.0
4791,1119.0,0.0,0.9922936040817186,57370.0,3.0
4792,861.0,9.0,0.9963067754077983,54300.0,3.0
4793,883.0,8.0,0.9794796225722373,56349.0,3.0
4794,978.0,16.0,0.9751288351759404,53280.0,3.0
4795,672.0,59.0,0.9943851045964514,53281.0,3.0
4796,867.0,43.0,0.9660989174629471,54816.0,3.0
4797,937.0,54.0,0.9896095662891542,54817.0,3.0
4798,831.0,7.0,0.9966295634454769,55331.0,3.0
4799,1152.0,1.0,0.981141557145348,55845.0,3.0
4800,1039.0,16.0,0.9531027109272279,57971.0,3.0
4801,897.0,31.0,0.9922507587759726,55847.0,3.0
4802,1013.0,38.0,0.9919180506844574,55336.0,3.0
4803,836.0,6.0,0.9943429473026155,54314.0,3.0
4804,880.0,33.0,0.9728099308721834,56877.0,3.0
4805,843.0,43.0,0.9956522438807942,53294.0,3.0
4806,831.0,12.0,0.9791368590961163,54319.0,3.0
4807,930.0,46.0,0.9956584235863626,55347.0,3.0
4808,1027.0,38.0,0.9967615805930363,56373.0,3.0
4809,871.0,28.0,0.9968233440042161,54515.0,3.0
4810,925.0,31.0,0.9705290033926588,57401.0,3.0
4811,873.0,22.0,0.9979756212072087,54333.0,3.0
4812,1013.0,15.0,0.9966433647905234,55357.0,3.0
4813,1001.0,36.0,0.9931593346430494,53311.0,3.0
4814,841.0,10.0,0.9926508492813645,57408.0,3.0
4815,968.0,57.0,0.9852768739594098,53825.0,3.0
4816,835.0,32.0,0.9867639781594544,54849.0,3.0
4817,837.0,11.0,0.9874919452740593,54339.0,3.0
4818,882.0,34.0,0.9961379962065666,54340.0,3.0
4819,982.0,20.0,0.9875155449764426,55876.0,3.0
4820,920.0,23.0,0.9939697892138737,57410.0,3.0
4821,864.0,25.0,0.9953152469150608,57923.0,3.0
4822,958.0,48.0,0.9913440523370872,56392.0,3.0
4823,969.0,57.0,0.985342686209872,53833.0,3.0
4824,842.0,13.0,0.9945588488648567,53834.0,3.0
4825,875.0,26.0,0.9936789843524325,55881.0,3.0
4826,884.0,34.0,0.9895139144582846,54860.0,3.0
4827,1072.0,36.0,0.9944769461854264,55882.0,3.0
4828,998.0,53.0,0.9846172340505528,56394.0,3.0
4829,682.0,59.0,0.9911933719408534,53327.0,3.0
4830,982.0,5.0,0.9952548120043258,54352.0,3.0
4831,871.0,44.0,0.9879952724783869,54865.0,3.0
4832,812.0,10.0,0.9902649422493036,55379.0,3.0
4833,910.0,34.0,0.9933315618733746,56918.0,3.0
4834,841.0,35.0,1.0,53847.0,3.0
4835,986.0,16.0,0.9887838090385953,53848.0,3.0
4836,989.0,4.0,0.9975167226797987,53337.0,3.0
4837,885.0,30.0,0.9852445035029753,57431.0,3.0
4838,1101.0,2.0,0.9650821559296952,53852.0,3.0
4839,1013.0,53.0,0.9935109479206756,56924.0,3.0
4840,1038.0,4.0,0.9959525392872813,53854.0,3.0
4841,902.0,47.0,0.9866375431239583,55902.0,3.0
4842,841.0,25.0,0.982214188699467,56925.0,3.0
4843,845.0,24.0,0.9908789193190972,53859.0,3.0
4844,855.0,47.0,0.9747343306079428,53861.0,3.0
4845,931.0,52.0,0.9947084167091265,53350.0,3.0
4846,1023.0,19.0,0.9904282529165725,54887.0,3.0
4847,865.0,8.0,0.9973581447523276,55397.0,3.0
4848,893.0,22.0,0.9931268387186737,55400.0,3.0
4849,900.0,24.0,0.9867661610685364,56422.0,3.0
4850,936.0,50.0,0.9918734899825026,57961.0,3.0
4851,914.0,28.0,0.9763823058082853,56428.0,3.0
4852,829.0,35.0,0.9935556541315422,53358.0,3.0
4853,918.0,49.0,0.9975138073119516,54382.0,3.0
4854,998.0,17.0,0.9947237688264359,53360.0,3.0
4855,1052.0,37.0,0.9929350167964004,53873.0,3.0
4856,1007.0,17.0,0.9879897960297908,53874.0,3.0
4857,976.0,51.0,0.9894992694703746,55406.0,3.0
4858,797.0,7.0,0.981475967111721,53876.0,3.0
4859,980.0,16.0,0.9745119231652335,53364.0,3.0
4860,910.0,21.0,0.9898926655594229,54901.0,3.0
4861,798.0,7.0,0.9943639292708699,53879.0,3.0
4862,745.0,14.0,0.9946884945575376,53367.0,3.0
4863,843.0,11.0,0.9918209396122158,54904.0,3.0
4864,814.0,10.0,0.9770765442266643,55924.0,3.0
4865,931.0,39.0,0.9967301685618338,55925.0,3.0
4866,944.0,3.0,0.9960756483690575,54908.0,3.0
4867,883.0,21.0,0.9942424603948056,53885.0,3.0
4868,891.0,44.0,0.9886193463663677,55932.0,3.0
4869,836.0,29.0,0.98625183929281,56055.0,3.0
4870,899.0,27.0,0.996922427515096,55936.0,3.0
4871,861.0,24.0,0.9812143745058803,54403.0,3.0
4872,981.0,58.0,0.9947048006938985,54404.0,3.0
4873,692.0,59.0,0.9963202731453719,53381.0,3.0
4874,970.0,57.0,0.9871744875271088,53894.0,3.0
4875,857.0,26.0,0.9860377325115983,54406.0,3.0
4876,838.0,33.0,0.9928661252573333,54923.0,3.0
4877,1009.0,17.0,1.0,53900.0,3.0
4878,892.0,9.0,1.0,55947.0,3.0
4879,878.0,56.0,0.9972873445312785,57484.0,3.0
4880,691.0,59.0,0.9863079268607486,53391.0,3.0
4881,935.0,45.0,0.9946255078821452,55442.0,3.0
4882,843.0,13.0,0.9840107611976731,53907.0,3.0
4883,860.0,43.0,0.9983232027025617,54420.0,3.0
4884,934.0,48.0,0.9858605846189233,54934.0,3.0
4885,999.0,18.0,0.9940051422969833,53401.0,3.0
4886,838.0,8.0,0.9856327870076987,54429.0,3.0
4887,694.0,59.0,0.9881472554724643,53407.0,3.0
4888,908.0,50.0,0.9885384046632258,56991.0,3.0
4889,991.0,15.0,0.9847874872633223,53410.0,3.0
4890,867.0,35.0,0.980650314976862,54946.0,3.0
4891,916.0,41.0,0.9920891486948485,57507.0,3.0
4892,929.0,31.0,0.975233395510549,58022.0,3.0
4893,904.0,28.0,0.9805508939789394,55978.0,3.0
4894,1040.0,53.0,0.9847678725209059,58538.0,3.0
4895,1021.0,17.0,0.9840630557167088,54444.0,3.0
4896,930.0,31.0,0.963335169058743,58030.0,3.0
4897,1015.0,19.0,0.9935478922394531,53935.0,3.0
4898,954.0,50.0,0.9937097842836693,58549.0,3.0
4899,868.0,43.0,0.9841590026311973,54968.0,3.0
4900,849.0,24.0,1.0,53946.0,3.0
4901,869.0,31.0,0.9940374150616071,54460.0,3.0
4902,859.0,26.0,0.9971681887542801,54462.0,3.0
4903,911.0,49.0,0.9885383444896663,53954.0,3.0
4904,996.0,51.0,0.9820324806496613,56514.0,3.0
4905,857.0,33.0,0.9840156060138673,55492.0,3.0
4906,809.0,7.0,1.0,54469.0,3.0
4907,1087.0,0.0,0.9898467738234075,56004.0,3.0
4908,867.0,32.0,0.9930091915398106,56516.0,3.0
4909,873.0,40.0,0.9949501958335385,53960.0,3.0
4910,986.0,5.0,0.9947836428990637,54473.0,3.0
4911,893.0,34.0,0.9940479950133703,55496.0,3.0
4912,911.0,50.0,0.9924652407644018,57030.0,3.0
4913,890.0,49.0,0.994246168032853,53453.0,3.0
4914,832.0,32.0,0.9942409205634385,54481.0,3.0
4915,961.0,3.0,0.9620296949232233,55506.0,3.0
4916,904.0,39.0,0.9969078977236342,54996.0,3.0
4917,964.0,23.0,0.9893279714482747,58581.0,3.0
4918,978.0,54.0,0.9908287599918473,56534.0,3.0
4919,985.0,57.0,0.9968529653112814,55000.0,3.0
4920,984.0,20.0,0.9729073054912232,56024.0,3.0
4921,801.0,29.0,0.9811581770859807,53978.0,3.0
4922,1018.0,15.0,0.9900707314804956,56026.0,3.0
4923,1136.0,2.0,0.9882545936097658,56027.0,3.0
4924,992.0,15.0,0.969393861862346,53471.0,3.0
4925,862.0,40.0,0.9972480637254217,53472.0,3.0
4926,981.0,51.0,0.9942198916590315,55519.0,3.0
4927,915.0,27.0,0.980908696566624,56544.0,3.0
4928,995.0,58.0,0.9944357088419256,55526.0,3.0
4929,808.0,29.0,0.9887354536583649,54504.0,3.0
4930,862.0,11.0,0.9824393767998767,56040.0,3.0
4931,1011.0,36.0,0.9742053847136204,53482.0,3.0
4932,817.0,56.0,0.9960047660066366,54506.0,3.0
4933,841.0,44.0,0.9975228223204653,54003.0,3.0
4934,842.0,44.0,0.983504924707191,54004.0,3.0
4935,1024.0,17.0,0.9914594218525475,54519.0,3.0
4936,877.0,46.0,0.9871599167880035,53496.0,3.0
4937,864.0,40.0,0.992385648786969,53501.0,3.0
4938,1003.0,52.0,0.9538257182768608,57603.0,3.0
4939,697.0,59.0,0.9902147504437775,53508.0,3.0
4940,834.0,26.0,0.9931333242645949,53510.0,3.0
4941,895.0,49.0,0.9916036794648728,53516.0,3.0
4942,1010.0,18.0,0.9953518533740126,53520.0,3.0
4943,1011.0,4.0,1.0,53523.0,3.0
4944,700.0,59.0,0.9911887713033612,53526.0,3.0
4945,877.0,35.0,1.0,55574.0,3.0
4946,888.0,12.0,0.97391199570991,57625.0,3.0
4947,897.0,28.0,0.9926175167102526,55594.0,3.0
4948,843.0,10.0,0.9915551032586606,57647.0,3.0
4949,1011.0,51.0,0.9775774168816532,57655.0,3.0
4950,801.0,55.0,0.9792340493979832,53560.0,3.0
4951,888.0,24.0,0.9645735567002686,55613.0,3.0
4952,1012.0,51.0,1.0,57663.0,3.0
4953,848.0,43.0,1.0,53568.0,3.0
4954,798.0,29.0,0.9816496612869723,53579.0,3.0
4955,957.0,54.0,0.9858389598364354,55633.0,3.0
4956,702.0,59.0,0.9595980528259336,53595.0,3.0
4957,839.0,55.0,0.9952093889359279,55647.0,3.0
4958,897.0,6.0,0.9897866935015402,57698.0,3.0
4959,939.0,27.0,0.9817470711170878,57700.0,3.0
4960,854.0,10.0,0.9660958689649534,57704.0,3.0
4961,1013.0,4.0,0.9858216391430136,53610.0,3.0
4962,924.0,39.0,0.9906798547172544,55664.0,3.0
4963,1018.0,36.0,0.9868478922007038,53628.0,3.0
4964,849.0,32.0,0.9791151584502502,55678.0,3.0
4965,899.0,6.0,0.9844527952374199,57736.0,3.0
4966,1038.0,19.0,0.9747947180799293,55689.0,3.0
4967,820.0,42.0,0.9562651528401734,53642.0,3.0
4968,821.0,29.0,0.9913575279548604,55692.0,3.0
4969,1080.0,18.0,0.9856418485721761,57742.0,3.0
4970,834.0,9.0,0.9929535738317221,53650.0,3.0
4971,993.0,15.0,1.0,53654.0,3.0
4972,989.0,54.0,0.9787950368973982,57750.0,3.0
4973,881.0,56.0,1.0,57766.0,3.0
4974,1096.0,1.0,0.9793068720551514,53678.0,3.0
4975,835.0,44.0,0.9934957483118141,53679.0,3.0
4976,857.0,10.0,0.985204501312945,57776.0,3.0
4977,1089.0,37.0,0.9851678437361264,55729.0,3.0
4978,917.0,41.0,0.9501614986830164,57781.0,3.0
4979,901.0,49.0,0.9814821876307869,53692.0,3.0
4980,855.0,13.0,0.9930555719903305,55740.0,3.0
4981,935.0,28.0,0.9893920641515154,57788.0,3.0
4982,835.0,35.0,0.9954576379498149,53695.0,3.0
4983,754.0,14.0,0.9915448198970095,53700.0,3.0
4984,1058.0,38.0,0.9757154770147868,57800.0,3.0
4985,1174.0,2.0,1.0,57810.0,3.0
4986,839.0,24.0,0.9883341060428588,53716.0,3.0
4987,884.0,56.0,0.9840125054890511,57816.0,3.0
4988,867.0,25.0,0.9950780220350581,57825.0,3.0
4989,1042.0,19.0,1.0,55778.0,3.0
4990,1049.0,15.0,1.0,57832.0,3.0
4991,864.0,42.0,0.9566971154162225,55785.0,3.0
4992,877.0,41.0,0.9971100367487052,55787.0,3.0
4993,971.0,52.0,0.9650701425984043,55801.0,3.0
4994,857.0,30.0,0.9938088752392784,55810.0,3.0
4995,842.0,41.0,0.9958863056865775,53766.0,3.0
4996,888.0,44.0,0.9803675131619639,55816.0,3.0
4997,858.0,30.0,0.9781984031171956,55821.0,3.0
4998,992.0,54.0,0.9917072907901839,57871.0,3.0
4999,852.0,32.0,1.0,55830.0,3.0
5000,897.0,27.0,0.9880043683040924,55832.0,3.0
5001,1006.0,57.0,0.9885584366144955,55834.0,3.0
5002,869.0,40.0,0.9974265444844874,53788.0,3.0
5003,800.0,29.0,0.9918098098999978,53800.0,3.0
5004,936.0,46.0,0.9916873981942561,55851.0,3.0
5005,904.0,22.0,0.9702981494976156,55859.0,3.0
5006,936.0,23.0,0.9921837783429295,57913.0,3.0
5007,855.0,11.0,0.9832066926604448,55869.0,3.0
5008,841.0,41.0,0.9736147859808838,53830.0,3.0
5009,939.0,51.0,0.9907743079985046,53831.0,3.0
5010,954.0,39.0,1.0,57931.0,3.0
5011,1036.0,16.0,1.0,57937.0,3.0
5012,864.0,33.0,0.9606513351569281,55891.0,3.0
5013,825.0,42.0,0.9845630392398986,53857.0,3.0
5014,857.0,12.0,0.979016530213426,55912.0,3.0
5015,824.0,32.0,0.9883762477228876,53866.0,3.0
5016,868.0,50.0,0.9820294107293457,53875.0,3.0
5017,899.0,34.0,1.0,55926.0,3.0
5018,892.0,44.0,0.9807987292644643,55934.0,3.0
5019,1014.0,19.0,0.9831681694408181,53890.0,3.0
5020,953.0,49.0,0.9895542230717428,55938.0,3.0
5021,900.0,34.0,0.9942363663391964,55939.0,3.0
5022,973.0,52.0,0.9734666850880339,55941.0,3.0
5023,988.0,16.0,1.0,53895.0,3.0
5024,1009.0,3.0,0.985424343566784,57993.0,3.0
5025,843.0,9.0,0.9877480832310016,53905.0,3.0
5026,842.0,35.0,0.9513526372053382,53906.0,3.0
5027,899.0,31.0,0.9688680985990328,55963.0,3.0
5028,938.0,23.0,0.9849916279418505,58011.0,3.0
5029,893.0,9.0,0.9913659540450627,55973.0,3.0
5030,866.0,33.0,1.0,55976.0,3.0
5031,799.0,7.0,0.9814607926864506,53942.0,3.0
5032,998.0,58.0,0.9924758320050834,55993.0,3.0
5033,905.0,28.0,0.9713646941290124,55994.0,3.0
5034,1071.0,38.0,0.9725357416459453,58041.0,3.0
5035,1144.0,0.0,0.9703318095199703,58049.0,3.0
5036,907.0,28.0,0.9886624121587428,56007.0,3.0
5037,890.0,50.0,0.9845566373983228,56008.0,3.0
5038,859.0,12.0,0.9878688877603925,56009.0,3.0
5039,1145.0,0.0,0.9633178145083744,58066.0,3.0
5040,909.0,11.0,0.984037139386486,58067.0,3.0
5041,893.0,33.0,1.0,58073.0,3.0
5042,874.0,25.0,0.9827875463031163,58078.0,3.0
5043,878.0,26.0,0.9894734416652747,56042.0,3.0
5044,1175.0,1.0,1.0,58091.0,3.0
5045,806.0,56.0,0.9869449409490013,54000.0,3.0
5046,1079.0,36.0,0.9720930448707834,56049.0,3.0
5047,864.0,11.0,0.9885195222369316,56050.0,3.0
5048,1146.0,0.0,0.9818471645519986,58099.0,3.0
5049,935.0,21.0,0.9867670298061514,56054.0,3.0
5050,838.0,29.0,0.9747531506129142,56057.0,3.0
5051,1016.0,19.0,0.985875915795029,54020.0,3.0
5052,887.0,43.0,0.9718043318234906,56076.0,3.0
5053,949.0,40.0,1.0,58129.0,3.0
5054,1053.0,58.0,0.9750210261486923,58131.0,3.0
5055,880.0,8.0,0.9917837260816322,56086.0,3.0
5056,881.0,8.0,0.982347646799249,56087.0,3.0
5057,1081.0,18.0,0.9548695116522579,58136.0,3.0
5058,861.0,47.0,0.9819198849954665,54042.0,3.0
5059,955.0,49.0,0.9778730649692623,56094.0,3.0
5060,766.0,14.0,0.9892750224037898,54056.0,3.0
5061,850.0,56.0,0.9754611646045755,56109.0,3.0
5062,1046.0,4.0,0.9925501456658585,54062.0,3.0
5063,1024.0,20.0,0.9815693910546952,58158.0,3.0
5064,1028.0,36.0,0.992193560197273,54069.0,3.0
5065,843.0,55.0,0.9941161729361673,56118.0,3.0
5066,955.0,48.0,1.0,56119.0,3.0
5067,858.0,47.0,0.9722271266735142,54073.0,3.0
5068,990.0,16.0,0.9821440338823063,54074.0,3.0
5069,1011.0,57.0,0.9907233220877102,56126.0,3.0
5070,904.0,13.0,0.9829971623068884,58180.0,3.0
5071,807.0,55.0,0.9903809455954747,54089.0,3.0
5072,808.0,55.0,0.994579990521958,54099.0,3.0
5073,1038.0,36.0,0.9954337612229952,54100.0,3.0
5074,865.0,11.0,0.9811708564259575,56155.0,3.0
5075,1049.0,4.0,0.988403059865215,54111.0,3.0
5076,829.0,14.0,0.9641846376348773,58208.0,3.0
5077,977.0,5.0,0.9882230815775033,54116.0,3.0
5078,994.0,54.0,0.9881106422931847,58220.0,3.0
5079,922.0,48.0,1.0,54130.0,3.0
5080,1029.0,20.0,0.9944834221024483,58226.0,3.0
5081,868.0,27.0,0.9778770876436458,54139.0,3.0
5082,943.0,50.0,0.9735271563302648,58235.0,3.0
5083,1033.0,53.0,0.9768174170349383,58238.0,3.0
5084,942.0,46.0,0.9784436488884827,56196.0,3.0
5085,944.0,51.0,1.0,54158.0,3.0
5086,818.0,33.0,1.0,54161.0,3.0
5087,912.0,22.0,0.9940613132016056,56211.0,3.0
5088,914.0,22.0,0.9844755239451946,56213.0,3.0
5089,995.0,48.0,0.990968338862811,58262.0,3.0
5090,862.0,13.0,0.9845994996166274,56217.0,3.0
5091,874.0,40.0,0.9846156060411099,54170.0,3.0
5092,804.0,29.0,1.0,54171.0,3.0
5093,836.0,42.0,1.0,54175.0,3.0
5094,945.0,22.0,0.986031812432703,58276.0,3.0
5095,917.0,30.0,0.9746366779925276,58278.0,3.0
5096,878.0,34.0,0.9768567485948538,54184.0,3.0
5097,1015.0,17.0,0.9619014995672356,54185.0,3.0
5098,989.0,20.0,0.9950854334804607,56235.0,3.0
5099,878.0,7.0,0.9648745163928998,58298.0,3.0
5100,847.0,44.0,0.9894072767092668,54207.0,3.0
5101,1000.0,38.0,0.9965506697426514,54209.0,3.0
5102,817.0,10.0,0.9728221671215542,56260.0,3.0
5103,893.0,44.0,0.9556279798626053,56262.0,3.0
5104,1016.0,5.0,0.9927194835439096,56267.0,3.0
5105,879.0,34.0,0.9798922358108098,54222.0,3.0
5106,888.0,25.0,0.9716560624037723,58325.0,3.0
5107,1063.0,58.0,0.992828908197958,58333.0,3.0
5108,906.0,27.0,0.9881183536864425,56294.0,3.0
5109,877.0,40.0,0.9817695094063665,54258.0,3.0
5110,968.0,3.0,0.993349456731395,56306.0,3.0
5111,1096.0,37.0,0.9918981950600984,56311.0,3.0
5112,946.0,50.0,0.9712315487402565,58365.0,3.0
5113,922.0,8.0,1.0,58370.0,3.0
5114,843.0,29.0,0.9926216791422818,56327.0,3.0
5115,806.0,7.0,0.9827310847646523,54286.0,3.0
5116,906.0,47.0,0.985571003095429,56339.0,3.0
5117,808.0,7.0,0.9937763376327736,54294.0,3.0
5118,1122.0,37.0,0.9868929277309317,58399.0,3.0
5119,955.0,23.0,0.9951301000098428,58403.0,3.0
5120,921.0,54.0,0.9713492881120646,54312.0,3.0
5121,948.0,50.0,0.9936570710830688,58408.0,3.0
5122,1095.0,19.0,1.0,58409.0,3.0
5123,869.0,6.0,0.9844421226682226,56364.0,3.0
5124,830.0,12.0,0.9907290562614438,54320.0,3.0
5125,1003.0,15.0,0.9969843386232035,54325.0,3.0
5126,1002.0,15.0,0.9916337800808255,54326.0,3.0
5127,805.0,29.0,0.9898353830530231,54327.0,3.0
5128,947.0,27.0,1.0,58424.0,3.0
5129,949.0,22.0,0.9945364195987321,58445.0,3.0
5130,859.0,43.0,0.9919042688406546,54350.0,3.0
5131,850.0,44.0,1.0,54358.0,3.0
5132,957.0,45.0,0.9703581227425807,56408.0,3.0
5133,890.0,43.0,1.0,56413.0,3.0
5134,871.0,6.0,0.9894323030287014,56414.0,3.0
5135,887.0,8.0,0.9889899672807299,56418.0,3.0
5136,891.0,35.0,1.0,56420.0,3.0
5137,999.0,53.0,0.9773161357080331,56425.0,3.0
5138,976.0,3.0,0.9699298568753466,56449.0,3.0
5139,944.0,46.0,0.9570082011081003,56450.0,3.0
5140,829.0,32.0,0.9889758286275758,54412.0,3.0
5141,913.0,27.0,0.988547814161919,56465.0,3.0
5142,1006.0,58.0,1.0,56466.0,3.0
5143,889.0,26.0,0.9593312400038868,56477.0,3.0
5144,891.0,21.0,0.99659390303984,54433.0,3.0
5145,1157.0,0.0,0.9551938816903635,58532.0,3.0
5146,832.0,12.0,0.9910992910485499,54438.0,3.0
5147,915.0,28.0,0.9648756128963756,56486.0,3.0
5148,916.0,28.0,0.962301826199022,56487.0,3.0
5149,1039.0,53.0,0.9522441914134505,58534.0,3.0
5150,909.0,46.0,0.9879616059373543,54442.0,3.0
5151,1023.0,15.0,0.9663187245172938,56492.0,3.0
5152,970.0,21.0,0.9600804674848017,58542.0,3.0
5153,961.0,48.0,0.9789278864927483,56499.0,3.0
5154,914.0,27.0,0.969343608331174,56503.0,3.0
5155,901.0,24.0,0.9864336303887433,56505.0,3.0
5156,851.0,7.0,0.9764174757973131,56511.0,3.0
5157,854.0,35.0,0.9955963475041242,54475.0,3.0
5158,937.0,39.0,0.9676395428288983,56526.0,3.0
5159,1074.0,18.0,0.9517490717044788,56527.0,3.0
5160,1052.0,20.0,1.0,58578.0,3.0
5161,1003.0,53.0,0.973380210493051,56531.0,3.0
5162,1051.0,20.0,0.9912161875061175,58579.0,3.0
5163,1062.0,4.0,0.9964920593739586,54486.0,3.0
5164,1055.0,15.0,0.9620529872094393,58583.0,3.0
5165,870.0,32.0,0.9851812834123745,56539.0,3.0
5166,983.0,52.0,0.9853555317648818,56547.0,3.0
5167,1148.0,2.0,1.0,56548.0,3.0
5168,863.0,43.0,0.9950698186313351,54508.0,3.0
5169,1055.0,18.0,0.9742329907041392,54513.0,3.0
5170,825.0,33.0,1.0,54536.0,3.0
5171,1018.0,57.0,0.9869569320100327,56586.0,3.0
5172,936.0,13.0,0.9700518372980071,58668.0,3.0
5173,1067.0,37.0,0.9669979903730732,54573.0,3.0
5174,773.0,14.0,0.9784868572240031,54578.0,3.0
5175,1021.0,16.0,0.9931461099963438,56626.0,3.0
5176,1027.0,16.0,0.9920562632171255,56631.0,3.0
5177,881.0,6.0,0.9922715089041396,56633.0,3.0
5178,860.0,26.0,0.9970450719823639,54588.0,3.0
5179,876.0,11.0,0.9838965126072836,56636.0,3.0
5180,955.0,51.0,0.9832681879349222,54590.0,3.0
5181,897.0,43.0,0.9830717920931032,56640.0,3.0
5182,985.0,3.0,0.9611598975875265,56642.0,3.0
5183,897.0,41.0,0.9909482899703873,56654.0,3.0
5184,941.0,3.0,0.9694638034045507,54610.0,3.0
5185,853.0,41.0,0.9788693983832203,54615.0,3.0
5186,895.0,35.0,0.9864389792646153,56671.0,3.0
5187,988.0,52.0,0.9690876669728149,56672.0,3.0
5188,900.0,21.0,0.9861184579976827,54628.0,3.0
5189,920.0,45.0,1.0,54640.0,3.0
5190,1072.0,37.0,0.9757960449520194,54646.0,3.0
5191,998.0,51.0,0.9850690853419504,56697.0,3.0
5192,964.0,45.0,0.9749110759015093,56701.0,3.0
5193,861.0,35.0,0.9859410658131303,54654.0,3.0
5194,1045.0,17.0,0.9658044180430513,56704.0,3.0
5195,839.0,11.0,0.9808232856899318,54659.0,3.0
5196,864.0,26.0,0.9877640110008242,54669.0,3.0
5197,863.0,26.0,0.9781969404882398,54670.0,3.0
5198,899.0,9.0,0.9741208659359353,56719.0,3.0
5199,927.0,22.0,0.9869544897900243,56729.0,3.0
5200,916.0,46.0,0.9957140033674218,54686.0,3.0
5201,869.0,47.0,0.9548478297008742,54687.0,3.0
5202,1110.0,37.0,1.0,56737.0,3.0
5203,1067.0,4.0,0.9908657418938546,54696.0,3.0
5204,1061.0,19.0,0.9653232578521002,56757.0,3.0
5205,970.0,48.0,0.9881552866011594,56759.0,3.0
5206,1011.0,58.0,0.9943018663285169,56769.0,3.0
5207,777.0,14.0,0.9623279326954634,54723.0,3.0
5208,869.0,9.0,0.997485791536612,54729.0,3.0
5209,1162.0,1.0,0.9680492318543619,56786.0,3.0
5210,1009.0,53.0,0.970703622326156,56795.0,3.0
5211,871.0,12.0,0.9852690985030665,56800.0,3.0
5212,1023.0,57.0,0.9732092831859278,56807.0,3.0
5213,990.0,5.0,0.9770720358298766,54771.0,3.0
5214,867.0,13.0,0.9816573743308354,56821.0,3.0
5215,808.0,10.0,0.9935081909157516,54779.0,3.0
5216,1051.0,36.0,0.9918250298150403,54790.0,3.0
5217,872.0,47.0,0.9856064451605153,54793.0,3.0
5218,930.0,49.0,0.9688058934609763,54795.0,3.0
5219,834.0,32.0,0.9695404459451848,54809.0,3.0
5220,907.0,21.0,0.9972365580026499,54810.0,3.0
5221,957.0,51.0,1.0,54811.0,3.0
5222,820.0,7.0,0.9834562215948554,54814.0,3.0
5223,931.0,49.0,1.0,54818.0,3.0
5224,875.0,32.0,0.9818929087576245,56869.0,3.0
5225,877.0,31.0,0.9532627946769081,54823.0,3.0
5226,1007.0,38.0,0.9922609528908632,54847.0,3.0
5227,918.0,46.0,0.98281954159601,54854.0,3.0
5228,864.0,56.0,0.9953368109119428,56910.0,3.0
5229,884.0,6.0,0.9930624633291,56914.0,3.0
5230,989.0,3.0,0.969371832540918,56916.0,3.0
5231,1074.0,37.0,0.9813134037838698,54873.0,3.0
5232,835.0,33.0,1.0,54876.0,3.0
5233,821.0,7.0,0.9541689595367318,54883.0,3.0
5234,990.0,3.0,0.9871668670452224,56932.0,3.0
5235,991.0,5.0,0.9715538876704558,54889.0,3.0
5236,886.0,34.0,0.9940244016540711,54890.0,3.0
5237,908.0,44.0,0.9874212537706057,56941.0,3.0
5238,918.0,47.0,1.0,56942.0,3.0
5239,881.0,33.0,1.0,56949.0,3.0
5240,1153.0,2.0,0.9579362403172774,56950.0,3.0
5241,899.0,39.0,0.9902407253045818,54905.0,3.0
5242,919.0,31.0,0.9649177919570502,56963.0,3.0
5243,926.0,45.0,0.9803339614119615,54922.0,3.0
5244,851.0,8.0,0.9962362894651063,54937.0,3.0
5245,950.0,21.0,0.9816695735683315,56989.0,3.0
5246,942.0,54.0,0.9824324214918558,54952.0,3.0
5247,784.0,14.0,0.9700052073732988,54955.0,3.0
5248,885.0,40.0,0.9790717422334614,54958.0,3.0
5249,991.0,52.0,0.9883530154570125,57010.0,3.0
5250,1030.0,57.0,0.9870652310166413,57011.0,3.0
5251,875.0,47.0,0.975036565936037,54977.0,3.0
5252,1064.0,18.0,0.9905246721576038,54983.0,3.0
5253,876.0,47.0,0.995627425256513,54999.0,3.0
5254,886.0,33.0,0.9835720079251404,57052.0,3.0
5255,912.0,23.0,0.9867454111102525,57065.0,3.0
5256,914.0,23.0,0.9910690009097695,57067.0,3.0
5257,995.0,5.0,0.9967252735459124,55022.0,3.0
5258,908.0,39.0,0.9980432673727513,55029.0,3.0
5259,997.0,5.0,0.9937714235349157,55030.0,3.0
5260,1171.0,1.0,0.9719396473824707,57101.0,3.0
5261,880.0,12.0,0.9925024956374819,57106.0,3.0
5262,1073.0,4.0,0.9942136301901069,55067.0,3.0
5263,846.0,25.0,0.9567765318747333,57122.0,3.0
5264,831.0,56.0,0.9787260697451137,55078.0,3.0
5265,889.0,11.0,0.9957946459030481,57134.0,3.0
5266,921.0,31.0,0.9831161607184614,57146.0,3.0
5267,864.0,41.0,0.9811943156634432,55107.0,3.0
5268,979.0,48.0,0.9964612818806227,57159.0,3.0
5269,879.0,30.0,0.9763958292074643,57181.0,3.0
5270,837.0,10.0,0.9872725662155164,57204.0,3.0
5271,866.0,56.0,0.9939457223683715,57220.0,3.0
5272,935.0,48.0,0.9751497727502022,55178.0,3.0
5273,888.0,23.0,0.9954188268473451,55181.0,3.0
5274,1156.0,2.0,0.9705968055348408,57245.0,3.0
5275,899.0,8.0,0.9893123728919436,57247.0,3.0
5276,1060.0,36.0,0.9844758871595447,55204.0,3.0
5277,1136.0,1.0,0.9752385261634978,55206.0,3.0
5278,932.0,22.0,0.9953612940503078,57256.0,3.0
5279,925.0,34.0,0.956395839057124,57259.0,3.0
5280,948.0,54.0,1.0,55212.0,3.0
5281,874.0,50.0,0.9851741065544285,55219.0,3.0
5282,1117.0,0.0,0.9556465087632949,57285.0,3.0
5283,989.0,58.0,0.9912679117326194,55238.0,3.0
5284,913.0,50.0,0.9887545928926491,57288.0,3.0
5285,1072.0,4.0,0.9819097263784412,55251.0,3.0
5286,987.0,58.0,0.9964931523603094,55260.0,3.0
5287,1002.0,20.0,0.9908519571550607,57312.0,3.0
5288,1172.0,1.0,0.9797069325447366,57313.0,3.0
5289,922.0,31.0,0.9965253384950383,57324.0,3.0
5290,847.0,25.0,0.9551418235498856,57327.0,3.0
5291,991.0,17.0,0.9548269597322633,53250.0,3.0
5292,665.0,59.0,0.9657121619447936,53261.0,3.0
5293,840.0,10.0,0.9889145329875308,57358.0,3.0
5294,1039.0,57.0,0.9953096340750732,57359.0,3.0
5295,977.0,16.0,0.979720073310646,53268.0,3.0
5296,860.0,55.0,0.9774165776358081,57369.0,3.0
5297,1037.0,15.0,0.957963435723516,57374.0,3.0
5298,887.0,42.0,0.9730697046671332,57376.0,3.0
5299,924.0,31.0,0.9500299335825614,57378.0,3.0
5300,792.0,14.0,0.9972144069600881,55333.0,3.0
5301,931.0,28.0,0.986519145760661,57381.0,3.0
5302,675.0,59.0,0.9883214213263377,53287.0,3.0
5303,974.0,45.0,0.9614114483923706,57388.0,3.0
5304,1118.0,2.0,0.9691549026508983,55344.0,3.0
5305,1078.0,18.0,1.0,57392.0,3.0
5306,678.0,59.0,0.976306080183086,53300.0,3.0
5307,836.0,24.0,0.9970003753250849,53301.0,3.0
5308,1121.0,0.0,0.9565431788568567,57396.0,3.0
5309,1144.0,1.0,0.9751499971013403,55359.0,3.0
5310,881.0,13.0,0.9969275658885152,57413.0,3.0
5311,681.0,59.0,0.9931023597113282,53318.0,3.0
5312,976.0,45.0,0.9629744457114562,57419.0,3.0
5313,1015.0,38.0,0.9901505671960769,55378.0,3.0
5314,930.0,34.0,0.9943145422195613,57428.0,3.0
5315,822.0,9.0,0.9966969945325092,53335.0,3.0
5316,1165.0,2.0,0.9579935118625307,57434.0,3.0
5317,997.0,17.0,0.9537213966223985,53339.0,3.0
5318,862.0,55.0,0.9945819364940046,57435.0,3.0
5319,962.0,52.0,0.974356270810586,55389.0,3.0
5320,882.0,9.0,0.9736080681703622,55390.0,3.0
5321,999.0,5.0,0.9956220977493535,55399.0,3.0
5322,978.0,45.0,0.9840376809182051,57448.0,3.0
5323,816.0,42.0,0.9872320345620892,53357.0,3.0
5324,847.0,6.0,0.9960869799246637,55407.0,3.0
5325,888.0,31.0,0.9543569608127146,55409.0,3.0
5326,1009.0,19.0,0.9856163165481262,53366.0,3.0
5327,996.0,57.0,0.9890233843721575,55420.0,3.0
5328,916.0,39.0,0.9944893690798808,55424.0,3.0
5329,1007.0,20.0,0.9870869105227733,57480.0,3.0
5330,868.0,8.0,0.9867797565360891,55435.0,3.0
5331,889.0,49.0,0.9962192379719975,53388.0,3.0
5332,1134.0,0.0,0.98861889727088,57483.0,3.0
5333,920.0,21.0,0.9792787667092647,55440.0,3.0
5334,1119.0,2.0,0.9784039670695183,55455.0,3.0
5335,832.0,26.0,0.9890530093768519,53409.0,3.0
5336,1016.0,38.0,0.9939084637011925,55459.0,3.0
5337,1007.0,36.0,0.982849906254683,53414.0,3.0
5338,920.0,24.0,0.9835279120197549,57510.0,3.0
5339,1024.0,53.0,0.9748925812171201,57513.0,3.0
5340,856.0,25.0,0.9914027298168818,57516.0,3.0
5341,996.0,38.0,0.9891333042326599,53427.0,3.0
5342,850.0,13.0,0.9924901691475855,55477.0,3.0
5343,881.0,24.0,0.9905291619558624,55479.0,3.0
5344,872.0,46.0,0.9920364529752436,53435.0,3.0
5345,891.0,30.0,0.9965823368193818,57546.0,3.0
5346,890.0,30.0,0.9919311397753565,57547.0,3.0
5347,887.0,30.0,0.9549014501406945,57550.0,3.0
5348,1047.0,17.0,0.9661192863235155,57552.0,3.0
5349,895.0,40.0,0.9894281274306364,55505.0,3.0
5350,887.0,24.0,0.9855381205943237,55508.0,3.0
5351,926.0,23.0,0.9950653200607189,57562.0,3.0
5352,817.0,42.0,0.9935774483875586,53467.0,3.0
5353,985.0,53.0,0.9898601713933439,55521.0,3.0
5354,855.0,25.0,0.9879690958109268,57576.0,3.0
5355,948.0,39.0,0.9885573983034729,57589.0,3.0
5356,962.0,5.0,0.9813296560339431,53494.0,3.0
5357,846.0,43.0,0.9797759414721919,53497.0,3.0
5358,965.0,52.0,0.9658219305506639,55548.0,3.0
5359,1055.0,20.0,0.9577718731689782,58621.0,3.0
5360,968.0,21.0,1.0,58113.0,3.0
5361,910.0,47.0,0.970650513002702,56577.0,3.0
5362,970.0,45.0,0.9836441014977965,57092.0,3.0
5363,903.0,26.0,0.9757350678854453,57098.0,3.0
5364,771.0,14.0,0.9800979500994562,54539.0,3.0
5365,928.0,48.0,1.0,54540.0,3.0
5366,931.0,41.0,0.995059747973921,58636.0,3.0
5367,935.0,13.0,0.9883534094038883,58638.0,3.0
5368,910.0,25.0,0.9938256217594064,58641.0,3.0
5369,1026.0,15.0,0.9655528070865423,56603.0,3.0
5370,1044.0,4.0,0.9986163148051306,54048.0,3.0
5371,889.0,33.0,0.9625965235769992,57635.0,3.0
5372,1042.0,53.0,1.0,58664.0,3.0
5373,885.0,9.0,0.9827695347095786,55604.0,3.0
5374,1025.0,16.0,0.9616888120456516,56629.0,3.0
5375,1067.0,36.0,0.9770833789737683,55608.0,3.0
5376,1075.0,58.0,0.9615633922459358,58680.0,3.0
5377,890.0,46.0,0.9832947696286921,54075.0,3.0
5378,860.0,41.0,0.9721623346644567,55114.0,3.0
5379,960.0,3.0,0.982180053956849,55627.0,3.0
5380,850.0,26.0,0.9765401787980961,54092.0,3.0
5381,938.0,27.0,0.9689614629908074,57679.0,3.0
5382,868.0,24.0,0.9500146208944283,54617.0,3.0
5383,823.0,29.0,0.962414303844539,55643.0,3.0
5384,912.0,49.0,0.9675117762052629,54117.0,3.0
5385,864.0,7.0,0.971407499992865,56677.0,3.0
5386,844.0,44.0,0.9922332022997081,54119.0,3.0
5387,829.0,7.0,0.9778040448438358,55141.0,3.0
5388,932.0,40.0,0.9758162700166215,57705.0,3.0
5389,940.0,28.0,0.9504969564859931,58237.0,3.0
5390,1068.0,18.0,0.9866112354528663,55685.0,3.0
5391,841.0,56.0,0.9900204283841917,55695.0,3.0
5392,1077.0,4.0,0.9938307677354029,58264.0,3.0
5393,1012.0,52.0,0.9622675216073115,58272.0,3.0
5394,920.0,8.0,0.9774308175554915,58284.0,3.0
5395,1052.0,15.0,0.9525318251289251,58289.0,3.0
5396,969.0,21.0,0.960562828786256,58291.0,3.0
5397,858.0,35.0,0.9752818375089664,54712.0,3.0
5398,1024.0,58.0,0.9875373600010797,57276.0,3.0
5399,875.0,40.0,0.9877173578491195,54210.0,3.0
5400,838.0,35.0,0.9818629927314299,53706.0,3.0
5401,1044.0,57.0,0.9580498726789841,57802.0,3.0
5402,932.0,27.0,0.988944488536047,57296.0,3.0
5403,911.0,43.0,1.0,57811.0,3.0
5404,945.0,39.0,0.9669094068393502,57301.0,3.0
5405,1022.0,19.0,0.95868573704496,54744.0,3.0
5406,881.0,30.0,0.9543901402023817,57318.0,3.0
5407,844.0,13.0,0.9835705330499344,54770.0,3.0
5408,1018.0,51.0,1.0,58355.0,3.0
5409,1051.0,18.0,0.9833065747124138,54264.0,3.0
5410,868.0,42.0,0.951479433604576,56314.0,3.0
5411,868.0,6.0,0.9979447852606832,56322.0,3.0
5412,880.0,42.0,0.9849297053257802,56835.0,3.0
5413,979.0,20.0,0.977665613629269,55303.0,3.0
5414,712.0,59.0,0.9977662871085262,54792.0,3.0
5415,914.0,50.0,0.9884636307800991,57352.0,3.0
5416,1026.0,17.0,1.0,54796.0,3.0
5417,811.0,55.0,0.9941213649832354,54299.0,3.0
5418,1035.0,53.0,1.0,58396.0,3.0
5419,1177.0,1.0,0.9711024778233357,58398.0,3.0
5420,871.0,29.0,0.9755321965696717,57889.0,3.0
5421,707.0,59.0,0.9896129084736004,53798.0,3.0
5422,913.0,28.0,0.9801321939517423,56358.0,3.0
5423,993.0,54.0,1.0,57905.0,3.0
5424,907.0,31.0,0.9694309810629995,56369.0,3.0
5425,952.0,34.0,0.9689974088640262,58418.0,3.0
5426,969.0,5.0,0.9797861233509447,53814.0,3.0
5427,958.0,39.0,0.957291963598739,58425.0,3.0
5428,911.0,12.0,0.9783665710130145,58436.0,3.0
5429,948.0,22.0,0.9815828441951304,58443.0,3.0
5430,1097.0,19.0,0.9848686417107144,58447.0,3.0
5431,832.0,14.0,0.963793201893338,58450.0,3.0
5432,885.0,10.0,1.0,58452.0,3.0
5433,872.0,55.0,0.9597181754094916,57965.0,3.0
5434,1045.0,38.0,0.9774306067181736,57453.0,3.0
5435,857.0,11.0,0.9806835915861288,55922.0,3.0
5436,940.0,54.0,0.990806433613054,54911.0,3.0
5437,905.0,43.0,0.9919176028168276,57474.0,3.0
5438,1120.0,37.0,0.9841493439857844,57988.0,3.0
5439,1047.0,5.0,0.9914826092991659,57989.0,3.0
5440,811.0,10.0,0.9721327276374782,54928.0,3.0
5441,939.0,46.0,0.9798904143393629,55965.0,3.0
5442,914.0,8.0,0.9588103167935613,58013.0,3.0
5443,1121.0,37.0,0.9520311026052406,58014.0,3.0
5444,923.0,30.0,0.9767840699822938,58529.0,3.0
5445,886.0,56.0,1.0,58018.0,3.0
5446,906.0,11.0,0.9800141666922313,58024.0,3.0
5447,1028.0,57.0,0.9960254130594055,57002.0,3.0
5448,858.0,25.0,0.9810747320481453,57514.0,3.0
5449,979.0,45.0,0.9621448059111531,57523.0,3.0
5450,995.0,51.0,1.0,56502.0,3.0
5451,966.0,49.0,0.9823487108672251,57534.0,3.0
5452,992.0,48.0,0.9544026379057451,58048.0,3.0
5453,889.0,34.0,1.0,54981.0,3.0
5454,907.0,24.0,0.9595931546053197,57029.0,3.0
5455,1148.0,1.0,0.9660406536418822,55495.0,3.0
5456,912.0,32.0,0.9692688787863214,58569.0,3.0
5457,938.0,50.0,0.9785126056410756,58060.0,3.0
5458,1106.0,2.0,0.9737856224266973,54477.0,3.0
5459,931.0,31.0,0.9677760149234168,58062.0,3.0
5460,831.0,32.0,0.950286058633163,54476.0,3.0
5461,1041.0,16.0,0.9848568795218942,58064.0,3.0
5462,840.0,12.0,0.9883190062813082,54990.0,3.0
5463,927.0,23.0,0.9971699681830664,57560.0,3.0
5464,866.0,22.0,0.9582687554758527,53986.0,3.0
5465,915.0,9.0,1.0,58595.0,3.0
5466,1025.0,3.0,0.9633349269643505,58596.0,3.0
5467,887.0,6.0,0.9709804071160586,57062.0,3.0
5468,899.0,44.0,0.9915629624227229,56552.0,3.0
5469,1188.0,2.0,1.0,58600.0,3.0
5470,1023.0,17.0,1.0,54507.0,3.0
5471,967.0,23.0,0.9741354609953639,58606.0,3.0
5472,1147.0,0.0,0.9780908324937656,58100.0,3.0
5473,1148.0,0.0,0.9824417649877089,58101.0,3.0
