,ms2_id,Sample_id,explained_Int(%),SummMS2Table_id,Slice_id
0,1132.0,3.0,0.9969003526546911,64959.0,4.0
1,1022.0,35.0,0.9894471487735479,64961.0,4.0
2,1004.0,32.0,0.9590377083651347,64962.0,4.0
3,1049.0,31.0,0.9746850866158934,64963.0,4.0
4,930.0,14.0,0.9956692356298755,64964.0,4.0
5,1050.0,31.0,0.9970365604424511,64965.0,4.0
6,1014.0,24.0,0.9586487485596263,64966.0,4.0
7,1013.0,24.0,0.9810223777616761,64967.0,4.0
8,1003.0,8.0,0.9871878705474848,64968.0,4.0
9,1043.0,34.0,0.9783596600627976,64969.0,4.0
10,1003.0,7.0,0.9929706551334878,64970.0,4.0
11,1028.0,47.0,0.98356287270338,64971.0,4.0
12,1016.0,24.0,0.984643038447059,64972.0,4.0
13,1037.0,27.0,0.9769325518325724,64973.0,4.0
14,1231.0,18.0,0.968746660367069,64974.0,4.0
15,985.0,30.0,0.9855623275982777,64976.0,4.0
16,1020.0,26.0,0.9878920611874966,64977.0,4.0
17,1019.0,44.0,0.9707019487285815,64979.0,4.0
18,970.0,25.0,0.9893015758891747,64981.0,4.0
19,1027.0,11.0,0.994700132186314,64982.0,4.0
20,1023.0,35.0,0.9743249946477489,64983.0,4.0
21,1051.0,31.0,0.9908615790172584,64984.0,4.0
22,931.0,14.0,0.9931674414439233,64985.0,4.0
23,1117.0,54.0,0.9843517237806041,64986.0,4.0
24,968.0,29.0,0.9990525994149116,64987.0,4.0
25,1079.0,21.0,0.9917852457384746,64988.0,4.0
26,1142.0,51.0,0.996641050106297,64989.0,4.0
27,1055.0,39.0,0.9957444910601829,64990.0,4.0
28,1015.0,24.0,0.9666993059870782,64991.0,4.0
29,1071.0,46.0,0.980884790222552,64992.0,4.0
30,1015.0,33.0,0.9822200141642164,64993.0,4.0
31,1076.0,45.0,0.9712235888439502,64994.0,4.0
32,1075.0,45.0,0.9626540453574928,64995.0,4.0
33,1074.0,45.0,0.9926645171582084,64996.0,4.0
34,966.0,10.0,0.9514657431298063,64997.0,4.0
35,1143.0,52.0,0.9954016027105987,64999.0,4.0
36,1044.0,34.0,0.9728222630870036,65000.0,4.0
37,1030.0,47.0,0.9920268056629944,65002.0,4.0
38,1188.0,38.0,0.9930823399727331,65005.0,4.0
39,1052.0,22.0,0.989032341483617,65010.0,4.0
40,1005.0,55.0,0.9852459490740713,65013.0,4.0
41,1118.0,54.0,0.9738525195701854,65017.0,4.0
42,1027.0,41.0,0.9943751170833941,65020.0,4.0
43,970.0,29.0,0.9972962232269864,65022.0,4.0
44,971.0,25.0,0.9769054414824055,65024.0,4.0
45,1020.0,44.0,0.9798279502592557,65026.0,4.0
46,1241.0,0.0,0.9544468101859681,65041.0,4.0
47,1145.0,52.0,0.9935199695533798,65044.0,4.0
48,1053.0,31.0,0.9788075177375762,65045.0,4.0
49,1208.0,19.0,0.989971429160757,65057.0,4.0
50,1046.0,34.0,0.9904131838946725,65058.0,4.0
51,1307.0,2.0,0.9589239244142878,65067.0,4.0
52,1016.0,33.0,0.9802008016519306,65072.0,4.0
53,1180.0,57.0,0.9963571616542803,65074.0,4.0
54,1207.0,5.0,0.9707339855662785,65076.0,4.0
55,1308.0,2.0,0.9950081545855177,65081.0,4.0
56,1026.0,35.0,0.9898808563232414,65082.0,4.0
57,1243.0,0.0,0.9922171415454517,65083.0,4.0
58,1178.0,58.0,0.9948123710032413,65085.0,4.0
59,1040.0,40.0,0.9918646589283627,65091.0,4.0
60,1155.0,20.0,0.9940550743490951,65093.0,4.0
61,1082.0,21.0,0.9684252323137634,65107.0,4.0
62,973.0,25.0,0.9869156011536606,65122.0,4.0
63,1060.0,23.0,0.9972972719014234,65127.0,4.0
64,1232.0,18.0,0.992993428314974,65136.0,4.0
65,1004.0,56.0,0.9636413449481885,65140.0,4.0
66,1189.0,38.0,0.9942179838307033,65148.0,4.0
67,976.0,29.0,0.9936602370010467,65153.0,4.0
68,1022.0,44.0,0.9932149425698406,65156.0,4.0
69,1312.0,2.0,0.9689811441329218,65157.0,4.0
70,1060.0,28.0,0.9590068752926735,65158.0,4.0
71,1028.0,42.0,0.9624567581566639,65162.0,4.0
72,1181.0,58.0,0.996280616054604,65171.0,4.0
73,1211.0,19.0,0.9983256273785405,65173.0,4.0
74,1182.0,58.0,0.9907335467821189,65176.0,4.0
75,1157.0,20.0,0.9953203040101685,65182.0,4.0
76,1247.0,0.0,0.992410912868719,65183.0,4.0
77,1145.0,51.0,0.9662774899516741,65185.0,4.0
78,1212.0,19.0,0.9746493751552566,65189.0,4.0
79,1248.0,0.0,0.9688116466676793,65190.0,4.0
80,1019.0,24.0,0.9510988184561525,65192.0,4.0
81,1061.0,23.0,0.9883972447582712,65193.0,4.0
82,974.0,25.0,0.9733678709861339,65197.0,4.0
83,1314.0,2.0,0.9595204263400071,65201.0,4.0
84,1006.0,56.0,0.9919059352922476,65204.0,4.0
85,1042.0,40.0,0.9902537607145909,65210.0,4.0
86,1158.0,20.0,0.9945348234628908,65244.0,4.0
87,1137.0,3.0,0.9551816651287832,65246.0,4.0
88,1052.0,34.0,0.9809940663641205,65247.0,4.0
89,1183.0,58.0,0.9837991547404641,65254.0,4.0
90,977.0,25.0,0.9742876608233941,65255.0,4.0
91,1072.0,46.0,0.9852472044325588,65263.0,4.0
92,1039.0,27.0,0.9624196704479774,65264.0,4.0
93,1035.0,41.0,0.9772436286963075,65274.0,4.0
94,1008.0,56.0,0.9960747556102756,65281.0,4.0
95,1265.0,37.0,0.9936560043196655,65286.0,4.0
96,1059.0,39.0,0.9797120582626863,65288.0,4.0
97,1057.0,31.0,0.9765016904893424,65292.0,4.0
98,1193.0,38.0,0.9895539300766553,65293.0,4.0
99,1089.0,21.0,0.9781128964658448,65294.0,4.0
100,1053.0,50.0,0.976429561120888,65295.0,4.0
101,1147.0,51.0,0.9797613680088199,65296.0,4.0
102,1148.0,51.0,0.9684939260278397,65297.0,4.0
103,1216.0,19.0,0.978549871302117,65298.0,4.0
104,1057.0,22.0,0.9858650892167812,65300.0,4.0
105,1058.0,31.0,0.9646979375453896,65301.0,4.0
106,1138.0,3.0,0.9835169260692717,65302.0,4.0
107,979.0,25.0,0.9921797208709717,65304.0,4.0
108,1055.0,22.0,0.9907668324293865,65305.0,4.0
109,1056.0,22.0,0.9912417446881654,65306.0,4.0
110,1010.0,32.0,0.9690295007893677,65309.0,4.0
111,1080.0,45.0,0.9511171562054832,65310.0,4.0
112,971.0,10.0,0.9841429361131184,65311.0,4.0
113,970.0,10.0,0.9826380814041338,65312.0,4.0
114,1003.0,13.0,0.9712365540305877,65313.0,4.0
115,1052.0,50.0,0.9676479548732568,65314.0,4.0
116,1149.0,52.0,0.9681175464548568,65315.0,4.0
117,1000.0,30.0,0.9735759005572439,65316.0,4.0
118,999.0,30.0,0.9784317196038675,65317.0,4.0
119,1100.0,49.0,0.981028790651127,65318.0,4.0
120,1194.0,38.0,0.9924316003787352,65319.0,4.0
121,1020.0,24.0,0.9738417205112816,65321.0,4.0
122,1006.0,7.0,0.9716531190990131,65322.0,4.0
123,1023.0,44.0,0.9775782428223182,65323.0,4.0
124,981.0,29.0,0.9868067061903417,65324.0,4.0
125,982.0,29.0,0.985530951652119,65325.0,4.0
126,1150.0,52.0,0.9864890331924642,65326.0,4.0
127,1051.0,50.0,0.9628381289932495,65327.0,4.0
128,1117.0,48.0,0.9736014079487001,65328.0,4.0
129,1217.0,19.0,0.9844283986557,65335.0,4.0
130,1039.0,47.0,0.9925058675864995,65342.0,4.0
131,1040.0,47.0,0.9720999528296276,65346.0,4.0
132,1037.0,41.0,0.9751266125879468,65347.0,4.0
133,1318.0,2.0,0.9865774964750837,65350.0,4.0
134,1253.0,0.0,0.9951942420302551,65356.0,4.0
135,1196.0,38.0,0.957164241381314,65360.0,4.0
136,1184.0,58.0,0.9828966944382416,65361.0,4.0
137,1009.0,55.0,0.9937291110477772,65363.0,4.0
138,1081.0,45.0,0.9956741894883326,65370.0,4.0
139,1139.0,3.0,0.9783540545019539,65371.0,4.0
140,985.0,29.0,0.9886965574009776,65378.0,4.0
141,1160.0,20.0,0.9941008851307963,65379.0,4.0
142,1038.0,41.0,0.980027871377832,65394.0,4.0
143,1063.0,23.0,0.9947923978198352,65401.0,4.0
144,1188.0,57.0,0.9988152296391376,65405.0,4.0
145,1006.0,13.0,0.9836076140345502,65410.0,4.0
146,1001.0,30.0,0.9935633991166777,65418.0,4.0
147,1212.0,5.0,0.9877288430973348,65419.0,4.0
148,1011.0,56.0,0.9896906340206157,65420.0,4.0
149,1044.0,40.0,0.9936770827379369,65421.0,4.0
150,1065.0,23.0,0.9925148868690565,65423.0,4.0
151,1256.0,0.0,0.9927842403996432,65428.0,4.0
152,1007.0,6.0,0.992502058147957,65429.0,4.0
153,1008.0,6.0,0.9778913170918746,65430.0,4.0
154,1066.0,23.0,0.9903620844310761,65442.0,4.0
155,1009.0,6.0,0.9783289737715625,65449.0,4.0
156,1045.0,27.0,0.9880644143123363,65461.0,4.0
157,1161.0,20.0,0.9944771214366606,65463.0,4.0
158,1061.0,22.0,0.9778681713958078,65464.0,4.0
159,1008.0,13.0,0.9814545475744363,65468.0,4.0
160,1187.0,58.0,0.9932218163264938,65472.0,4.0
161,1011.0,8.0,0.9638103073593124,65477.0,4.0
162,1047.0,40.0,0.9613184946793436,65487.0,4.0
163,1201.0,38.0,0.9964042039401292,65498.0,4.0
164,1010.0,55.0,0.9924334570530001,65499.0,4.0
165,1202.0,38.0,0.995428359564477,65500.0,4.0
166,1322.0,2.0,0.9926209358550261,65501.0,4.0
167,1259.0,0.0,0.9546781145291064,65505.0,4.0
168,1040.0,41.0,1.0,65509.0,4.0
169,1044.0,47.0,0.971395267556853,65514.0,4.0
170,1189.0,58.0,0.9775591905432981,65518.0,4.0
171,1059.0,50.0,0.9770783987411004,65519.0,4.0
172,1018.0,33.0,0.9941419841163165,65524.0,4.0
173,1011.0,55.0,0.9933628369392558,65529.0,4.0
174,1005.0,30.0,0.9945532791504751,65530.0,4.0
175,1006.0,30.0,0.9955085147115812,65533.0,4.0
176,1172.0,53.0,0.9589889440060116,65535.0,4.0
177,1261.0,0.0,0.9983548580954866,65539.0,4.0
178,1026.0,24.0,0.9949679956517821,65544.0,4.0
179,1046.0,27.0,0.9862880182666712,65545.0,4.0
180,1083.0,45.0,0.9574427481000743,65548.0,4.0
181,1029.0,26.0,0.9643955991535337,65550.0,4.0
182,1064.0,22.0,0.9905449321052372,65551.0,4.0
183,1016.0,8.0,0.9803516106135383,65558.0,4.0
184,1030.0,26.0,0.9783828704632248,65559.0,4.0
185,1013.0,6.0,0.9815193477105849,65560.0,4.0
186,1191.0,58.0,0.9920284019727676,65568.0,4.0
187,1265.0,0.0,0.996773723681655,65586.0,4.0
188,988.0,29.0,0.9972386708039622,65589.0,4.0
189,1266.0,0.0,0.9926295007025394,65601.0,4.0
190,1193.0,58.0,0.96098034754554,65613.0,4.0
191,982.0,25.0,0.9719742259058372,65614.0,4.0
192,1153.0,52.0,0.9963501168991343,65616.0,4.0
193,1065.0,28.0,0.9786278494672627,65619.0,4.0
194,1044.0,41.0,0.979190979674433,65620.0,4.0
195,1149.0,51.0,0.9931065597639097,65622.0,4.0
196,1051.0,40.0,0.9987283059368726,65624.0,4.0
197,1063.0,50.0,0.9794490313194905,65625.0,4.0
198,1174.0,53.0,0.991078063928915,65627.0,4.0
199,1267.0,0.0,0.9925724042851757,65628.0,4.0
200,983.0,25.0,0.9991396548697881,65629.0,4.0
201,1064.0,50.0,0.9661361277915103,65630.0,4.0
202,1207.0,38.0,0.9919674766451694,65631.0,4.0
203,1067.0,22.0,0.9934768437088491,65632.0,4.0
204,1085.0,45.0,0.9611298876597606,65633.0,4.0
205,1029.0,35.0,0.9879012480810028,65634.0,4.0
206,1058.0,34.0,0.9891121896828006,65635.0,4.0
207,1014.0,13.0,0.9577829788461334,65636.0,4.0
208,1048.0,27.0,0.9682486951225369,65637.0,4.0
209,1086.0,45.0,0.9928559422603708,65638.0,4.0
210,1047.0,27.0,0.991724431856653,65639.0,4.0
211,1031.0,43.0,0.9759331072951911,65640.0,4.0
212,1069.0,23.0,0.9943337436355094,65641.0,4.0
213,1009.0,7.0,0.986844025072338,65642.0,4.0
214,1233.0,18.0,0.9650547314556782,65643.0,4.0
215,942.0,14.0,0.9926314770579625,65645.0,4.0
216,1009.0,12.0,0.9578485160196893,65646.0,4.0
217,1008.0,30.0,0.9760885952352701,65647.0,4.0
218,1222.0,19.0,0.9971005064281726,65648.0,4.0
219,1065.0,50.0,0.98772662906104,65649.0,4.0
220,1014.0,56.0,0.9982795549706357,65650.0,4.0
221,1320.0,1.0,0.9668062138976051,65663.0,4.0
222,1017.0,56.0,0.996175891250317,65667.0,4.0
223,1130.0,54.0,0.9937849444701856,65673.0,4.0
224,1147.0,3.0,0.9922218770290718,65679.0,4.0
225,1218.0,5.0,0.9691402594741279,65681.0,4.0
226,1070.0,23.0,0.9971878844174078,65682.0,4.0
227,1071.0,23.0,0.9951301722350278,65683.0,4.0
228,1271.0,0.0,0.9915613203444239,65694.0,4.0
229,1131.0,54.0,0.9881738622333589,65698.0,4.0
230,1271.0,37.0,0.991799434596366,65703.0,4.0
231,1077.0,46.0,1.0,65706.0,4.0
232,1273.0,0.0,0.9717429761845628,65711.0,4.0
233,1154.0,52.0,0.9893568992788916,65727.0,4.0
234,1014.0,32.0,0.9556104673225896,65730.0,4.0
235,1226.0,19.0,0.9909310953556794,65731.0,4.0
236,1045.0,41.0,0.9901395666121042,65734.0,4.0
237,1015.0,32.0,0.9624578673664562,65736.0,4.0
238,1088.0,45.0,0.9748234590247229,65737.0,4.0
239,1089.0,45.0,0.9698771206490359,65742.0,4.0
240,987.0,25.0,0.9697042205038408,65746.0,4.0
241,1090.0,45.0,0.9931788594456129,65747.0,4.0
242,1124.0,48.0,0.9985527497648595,65758.0,4.0
243,1155.0,52.0,0.9898442362293305,65764.0,4.0
244,1219.0,5.0,0.9951365529374712,65769.0,4.0
245,1069.0,22.0,0.991476653406279,65770.0,4.0
246,1150.0,51.0,0.9927235540894748,65772.0,4.0
247,1272.0,37.0,0.9930748256454004,65780.0,4.0
248,1132.0,54.0,0.9934631191758995,65789.0,4.0
249,1021.0,56.0,0.9926546585349524,65792.0,4.0
250,1164.0,20.0,0.9656158555078679,65795.0,4.0
251,1197.0,58.0,0.9880191944539649,65799.0,4.0
252,1063.0,34.0,0.9945927684341558,65802.0,4.0
253,1067.0,50.0,0.9706508869040226,65804.0,4.0
254,1076.0,23.0,0.983515879871425,65808.0,4.0
255,1198.0,58.0,0.9789758239256496,65814.0,4.0
256,990.0,25.0,0.990819940865823,65817.0,4.0
257,1031.0,26.0,0.9713872989231793,65818.0,4.0
258,1032.0,26.0,0.9647075366715873,65819.0,4.0
259,1165.0,20.0,0.9523412103632496,65825.0,4.0
260,1227.0,19.0,0.9907823305770773,65830.0,4.0
261,1028.0,24.0,0.9635042081487121,65831.0,4.0
262,990.0,10.0,0.9868060462963034,65832.0,4.0
263,1017.0,30.0,0.9876347700465327,65834.0,4.0
264,1022.0,33.0,0.9958367332379247,65836.0,4.0
265,1176.0,53.0,0.9878462554025992,65837.0,4.0
266,1020.0,33.0,0.9708485578680763,65838.0,4.0
267,1033.0,26.0,0.9887141077916743,65839.0,4.0
268,1064.0,34.0,0.9901766195971589,65840.0,4.0
269,1069.0,28.0,0.9859540457379866,65841.0,4.0
270,1020.0,13.0,0.9859144429857585,65843.0,4.0
271,1014.0,12.0,0.9783094109722652,65844.0,4.0
272,1020.0,6.0,0.9680205374782932,65845.0,4.0
273,1019.0,6.0,0.9956360005224686,65846.0,4.0
274,1157.0,52.0,0.9959836093830091,65848.0,4.0
275,1166.0,20.0,0.9575256516924447,65849.0,4.0
276,1048.0,41.0,0.9708565964564806,65851.0,4.0
277,1210.0,38.0,0.9604470313446812,65853.0,4.0
278,1133.0,54.0,0.9666290531424747,65854.0,4.0
279,1047.0,47.0,0.9944534338224841,65855.0,4.0
280,1021.0,6.0,0.9721205432320265,65858.0,4.0
281,1022.0,13.0,0.9626599436170798,65865.0,4.0
282,1061.0,31.0,0.9853078256326859,65866.0,4.0
283,1103.0,49.0,0.9588304105570721,65871.0,4.0
284,1054.0,27.0,0.9678168947231128,65872.0,4.0
285,1066.0,39.0,0.9917384384015971,65873.0,4.0
286,1328.0,2.0,0.9910402438359832,65878.0,4.0
287,991.0,25.0,0.9942840608769344,65879.0,4.0
288,1018.0,30.0,0.9899536314621653,65884.0,4.0
289,1168.0,20.0,0.9939695338959073,65888.0,4.0
290,1060.0,40.0,0.9925344036278172,65891.0,4.0
291,1199.0,58.0,0.9942684384555027,65916.0,4.0
292,1223.0,5.0,0.9847174971170222,65921.0,4.0
293,1152.0,3.0,0.9898108713412324,65936.0,4.0
294,1171.0,20.0,0.9926725691533491,65945.0,4.0
295,1018.0,32.0,0.99283097265133,65947.0,4.0
296,1028.0,13.0,0.9714507326995444,65957.0,4.0
297,1073.0,22.0,0.988114014125699,65961.0,4.0
298,1284.0,0.0,0.9910844560773945,65966.0,4.0
299,1020.0,32.0,0.9715332347652781,65971.0,4.0
300,1134.0,54.0,0.9937132987122539,65982.0,4.0
301,1274.0,37.0,0.9641173605156033,65983.0,4.0
302,1078.0,46.0,0.9624733493514566,65998.0,4.0
303,1203.0,57.0,0.990009260295605,66000.0,4.0
304,1049.0,47.0,0.9585389324015986,66006.0,4.0
305,1234.0,19.0,0.9648567589629239,66009.0,4.0
306,1026.0,6.0,0.9710808431953231,66010.0,4.0
307,993.0,29.0,0.9764769244226237,66011.0,4.0
308,1174.0,20.0,0.9864581562669558,66012.0,4.0
309,1233.0,19.0,0.9939293505879196,66014.0,4.0
310,1069.0,39.0,0.9682788058916405,66016.0,4.0
311,1068.0,39.0,0.9810755484517167,66017.0,4.0
312,1069.0,34.0,0.9748630400404084,66018.0,4.0
313,1084.0,23.0,0.9726696144577198,66019.0,4.0
314,1068.0,34.0,0.9909987464233568,66020.0,4.0
315,1085.0,23.0,0.9868588490290617,66021.0,4.0
316,1021.0,32.0,0.9927600491850053,66022.0,4.0
317,997.0,25.0,0.9952847076193284,66023.0,4.0
318,1079.0,46.0,0.9906721309053979,66024.0,4.0
319,1034.0,26.0,0.9881647493147292,66025.0,4.0
320,1181.0,17.0,0.9851405854781499,66026.0,4.0
321,1029.0,13.0,0.9726277067792086,66027.0,4.0
322,1025.0,6.0,0.9648271109338614,66028.0,4.0
323,1204.0,57.0,0.9597817324614667,66029.0,4.0
324,1020.0,12.0,0.9748762859167683,66030.0,4.0
325,1025.0,30.0,0.9609207759646556,66031.0,4.0
326,1055.0,27.0,0.9861405657950368,66033.0,4.0
327,1030.0,13.0,0.9943548171238502,66034.0,4.0
328,1019.0,12.0,1.0,66035.0,4.0
329,1154.0,3.0,0.9894257771135857,66036.0,4.0
330,1235.0,19.0,0.9926297956054561,66037.0,4.0
331,1330.0,2.0,0.995250204787875,66061.0,4.0
332,1000.0,25.0,0.9935733048381031,66063.0,4.0
333,1087.0,23.0,0.9960211249000279,66064.0,4.0
334,1159.0,52.0,0.9635371127520643,66069.0,4.0
335,1074.0,22.0,0.9886107146256286,66075.0,4.0
336,1217.0,38.0,0.9652431352074019,66083.0,4.0
337,1089.0,23.0,0.9629877261002697,66084.0,4.0
338,1331.0,2.0,0.9726156163226745,66093.0,4.0
339,1029.0,6.0,0.9724647308243193,66094.0,4.0
340,1177.0,20.0,0.9913721346429869,66101.0,4.0
341,1333.0,2.0,0.9909382612978286,66105.0,4.0
342,1077.0,50.0,0.997127091398722,66106.0,4.0
343,1092.0,23.0,0.970839668737362,66108.0,4.0
344,1076.0,22.0,0.9930894699669771,66113.0,4.0
345,1209.0,58.0,0.972060672502585,66117.0,4.0
346,1160.0,52.0,0.9985642536457073,66121.0,4.0
347,1092.0,45.0,0.9805650583019481,66124.0,4.0
348,1179.0,53.0,0.992632311301079,66133.0,4.0
349,1024.0,33.0,0.9940753094225065,66146.0,4.0
350,1237.0,19.0,0.9934675301885226,66148.0,4.0
351,1032.0,6.0,0.9727693877528778,66149.0,4.0
352,1033.0,6.0,0.9957663178775731,66150.0,4.0
353,1035.0,13.0,0.9935799422334547,66152.0,4.0
354,994.0,29.0,0.9568887779920012,66153.0,4.0
355,1228.0,5.0,0.9953795912820899,66154.0,4.0
356,1057.0,27.0,0.9693240832563783,66155.0,4.0
357,1029.0,30.0,0.9671078666685051,66156.0,4.0
358,1162.0,52.0,0.99207376505208,66157.0,4.0
359,1031.0,6.0,0.9874389193751022,66158.0,4.0
360,1180.0,20.0,0.9926552538239353,66159.0,4.0
361,1056.0,27.0,0.9791452720444824,66161.0,4.0
362,1095.0,23.0,0.9986480347637543,66162.0,4.0
363,1022.0,32.0,0.9735216893877244,66163.0,4.0
364,1078.0,50.0,0.9867170013855057,66164.0,4.0
365,1022.0,12.0,0.9906638820058403,66165.0,4.0
366,1079.0,50.0,0.9633275356251029,66166.0,4.0
367,995.0,10.0,0.9885042540030962,66169.0,4.0
368,1334.0,2.0,0.9747110784037268,66183.0,4.0
369,1335.0,2.0,0.9871025320748,66187.0,4.0
370,1221.0,38.0,0.9871265239637718,66206.0,4.0
371,1059.0,27.0,0.9764304078676278,66216.0,4.0
372,1039.0,43.0,0.9688477590466449,66222.0,4.0
373,1081.0,50.0,0.9760901036085673,66224.0,4.0
374,1065.0,9.0,0.9834168597404469,66225.0,4.0
375,1187.0,20.0,0.9925677363175742,66226.0,4.0
376,1163.0,52.0,0.9925538859047048,66227.0,4.0
377,1014.0,25.0,0.9903865497234409,66228.0,4.0
378,1034.0,6.0,0.9768212994233623,66232.0,4.0
379,1064.0,31.0,0.9790304675948365,66234.0,4.0
380,1239.0,19.0,0.995547431048837,66235.0,4.0
381,1093.0,45.0,0.9940085730940605,66237.0,4.0
382,1185.0,20.0,0.9611096295841945,66238.0,4.0
383,1186.0,20.0,0.9634828763887505,66239.0,4.0
384,1071.0,28.0,0.9854587085461337,66241.0,4.0
385,1217.0,58.0,0.99067077772873,66253.0,4.0
386,997.0,10.0,0.9905841302874225,66254.0,4.0
387,1060.0,27.0,0.9951809353393236,66262.0,4.0
388,1190.0,20.0,0.9921600620289289,66263.0,4.0
389,1101.0,23.0,0.9953410154488443,66271.0,4.0
390,1000.0,10.0,0.9947209892016571,66277.0,4.0
391,1164.0,3.0,0.9918114101725384,66278.0,4.0
392,1194.0,20.0,0.974962967425632,66279.0,4.0
393,1083.0,50.0,0.9726090704796791,66287.0,4.0
394,1016.0,25.0,0.9713863785137798,66288.0,4.0
395,1039.0,13.0,0.9748328918405961,66290.0,4.0
396,1036.0,6.0,0.9912461416687497,66293.0,4.0
397,1076.0,34.0,0.9853517928440693,66296.0,4.0
398,1240.0,19.0,0.9574215695495901,66297.0,4.0
399,1074.0,34.0,0.9886759544846618,66299.0,4.0
400,1196.0,20.0,1.0,66304.0,4.0
401,1067.0,40.0,0.9946360588278225,66306.0,4.0
402,1168.0,3.0,0.9561118176862612,66313.0,4.0
403,1241.0,19.0,0.9955251923520869,66317.0,4.0
404,1200.0,20.0,0.9659070938435728,66329.0,4.0
405,1199.0,20.0,0.9891727909094555,66330.0,4.0
406,1077.0,34.0,0.960228826317012,66331.0,4.0
407,1242.0,19.0,0.9915492790040439,66332.0,4.0
408,1018.0,25.0,0.9803733521002149,66333.0,4.0
409,972.0,42.0,0.9902674658068953,62235.0,4.0
410,772.0,59.0,0.9869613762452862,62236.0,4.0
411,1008.0,9.0,0.9692620111583806,62237.0,4.0
412,876.0,14.0,0.972421886507465,62239.0,4.0
413,1161.0,4.0,0.9740220284675148,62241.0,4.0
414,1022.0,25.0,0.9713206685187223,66341.0,4.0
415,775.0,59.0,0.9932798907220405,62245.0,4.0
416,777.0,59.0,0.960437775568671,62247.0,4.0
417,1201.0,37.0,0.9508105044798976,62248.0,4.0
418,1162.0,4.0,0.9876861482526008,62251.0,4.0
419,779.0,59.0,0.9944375578641148,62252.0,4.0
420,1202.0,37.0,0.9636847954232679,62254.0,4.0
421,962.0,44.0,0.9515610204401391,62255.0,4.0
422,782.0,59.0,0.9793135994110796,62257.0,4.0
423,783.0,59.0,0.9788852961456935,62258.0,4.0
424,784.0,59.0,0.9903483923132154,62259.0,4.0
425,1172.0,3.0,0.9959258983156489,66356.0,4.0
426,1163.0,4.0,0.9913280497624094,62261.0,4.0
427,786.0,59.0,0.9803788746221549,62268.0,4.0
428,788.0,59.0,0.9647015626423735,62271.0,4.0
429,789.0,59.0,0.961609816836123,62272.0,4.0
430,790.0,59.0,0.9892672089490951,62274.0,4.0
431,1042.0,13.0,0.9818337376381052,66370.0,4.0
432,1181.0,53.0,0.9754841837989722,66373.0,4.0
433,792.0,59.0,0.9940437572763395,62279.0,4.0
434,1179.0,36.0,0.9917663508079579,62281.0,4.0
435,1247.0,1.0,0.9501846328324112,62285.0,4.0
436,1151.0,38.0,0.9875776763707866,62286.0,4.0
437,794.0,59.0,0.9589882667223847,62287.0,4.0
438,1216.0,57.0,0.9786473546674861,66383.0,4.0
439,1044.0,13.0,0.9939109937735526,66387.0,4.0
440,1108.0,23.0,0.9962741716498401,66389.0,4.0
441,1039.0,6.0,0.9760220811568628,66391.0,4.0
442,1046.0,11.0,0.9787112286705578,66393.0,4.0
443,1180.0,36.0,0.9957263305632601,62298.0,4.0
444,1168.0,4.0,0.9828861611294325,62301.0,4.0
445,796.0,59.0,0.9819972965761326,62306.0,4.0
446,1204.0,37.0,0.9746341884508044,62308.0,4.0
447,1182.0,36.0,0.9915305246011393,62313.0,4.0
448,990.0,11.0,0.9967482865251727,62319.0,4.0
449,982.0,47.0,0.9935784662853785,62321.0,4.0
450,797.0,59.0,0.9909974834958547,62323.0,4.0
451,958.0,55.0,0.9885074850204965,62324.0,4.0
452,1172.0,4.0,0.9948929319627496,62337.0,4.0
453,1173.0,4.0,0.9749162302600769,62340.0,4.0
454,1184.0,36.0,0.9902452658724106,62344.0,4.0
455,1174.0,4.0,0.9931095589201026,62345.0,4.0
456,801.0,59.0,0.992431619094047,62347.0,4.0
457,802.0,59.0,0.9956281271844459,62348.0,4.0
458,1185.0,36.0,0.9896512962022693,62349.0,4.0
459,975.0,42.0,0.9879406755288404,62353.0,4.0
460,983.0,47.0,0.9944812823739074,62355.0,4.0
461,1248.0,1.0,0.9733803619214384,62357.0,4.0
462,1167.0,18.0,0.9711965813585917,62363.0,4.0
463,804.0,59.0,0.951893005626207,62364.0,4.0
464,1176.0,4.0,0.9639219548758232,62365.0,4.0
465,1186.0,36.0,0.994989839687769,62367.0,4.0
466,984.0,47.0,0.9718891190395946,62371.0,4.0
467,985.0,47.0,0.9958618311011601,62372.0,4.0
468,1036.0,49.0,0.9671394450972413,62373.0,4.0
469,1168.0,18.0,0.9896465649851949,62375.0,4.0
470,976.0,42.0,0.9936422665057144,62376.0,4.0
471,1014.0,46.0,0.9589490264844103,62377.0,4.0
472,965.0,35.0,0.9974865704576752,62378.0,4.0
473,1013.0,9.0,0.9925902561618875,62379.0,4.0
474,1082.0,51.0,0.9839430086012901,62382.0,4.0
475,1178.0,4.0,0.9960933727810002,62390.0,4.0
476,981.0,43.0,0.9971835928817553,62399.0,4.0
477,959.0,8.0,0.9596630813938404,62401.0,4.0
478,1142.0,57.0,0.974457296953958,62402.0,4.0
479,1022.0,21.0,0.9840138446565476,62406.0,4.0
480,807.0,59.0,0.997189279293479,62410.0,4.0
481,952.0,56.0,0.996726254456944,62425.0,4.0
482,967.0,35.0,0.9756198285807097,62426.0,4.0
483,1173.0,18.0,0.9777313758724919,62431.0,4.0
484,1174.0,18.0,0.9918841473019023,62440.0,4.0
485,1175.0,18.0,0.970477155693026,62444.0,4.0
486,1182.0,4.0,0.9903963529833084,62446.0,4.0
487,1188.0,36.0,0.9943650135787816,62457.0,4.0
488,1144.0,57.0,0.9773464810866069,62459.0,4.0
489,984.0,43.0,0.9917694851992938,62460.0,4.0
490,966.0,33.0,0.9756876642859952,62461.0,4.0
491,1178.0,18.0,0.988964836841849,62463.0,4.0
492,1016.0,46.0,0.9653073997597009,62465.0,4.0
493,1042.0,49.0,0.9943355520897732,62467.0,4.0
494,1041.0,49.0,0.9751588218826273,62468.0,4.0
495,971.0,35.0,0.9903454557832512,62469.0,4.0
496,1189.0,36.0,0.9873092596159933,62470.0,4.0
497,968.0,26.0,0.9710651603890047,62471.0,4.0
498,960.0,8.0,0.9941365502466389,62473.0,4.0
499,1190.0,36.0,0.9939410159903411,62474.0,4.0
500,997.0,40.0,0.9642819128536791,62478.0,4.0
501,808.0,59.0,0.9777788643323031,62480.0,4.0
502,983.0,41.0,0.997104159694286,62481.0,4.0
503,1063.0,54.0,0.9858148907842093,62482.0,4.0
504,985.0,43.0,0.9890143207485034,62484.0,4.0
505,1179.0,18.0,0.9920294537968134,62487.0,4.0
506,996.0,39.0,0.9731519407403822,62490.0,4.0
507,810.0,59.0,0.9874383669141877,62493.0,4.0
508,1035.0,23.0,0.9527275479401076,62495.0,4.0
509,997.0,39.0,0.9705995969538924,62496.0,4.0
510,998.0,40.0,0.965158329451295,62499.0,4.0
511,1023.0,21.0,0.9828726499841608,62504.0,4.0
512,1182.0,18.0,0.9919680402392033,62510.0,4.0
513,986.0,43.0,0.9744547838613369,62515.0,4.0
514,812.0,59.0,0.967463805966016,62519.0,4.0
515,988.0,47.0,0.9939612433976263,62524.0,4.0
516,1018.0,46.0,0.9938035690395126,62525.0,4.0
517,1088.0,51.0,0.9915827357269448,62526.0,4.0
518,1000.0,39.0,0.9629460214762328,62528.0,4.0
519,1191.0,36.0,0.9921025717029823,62530.0,4.0
520,1192.0,36.0,0.9911584947752505,62533.0,4.0
521,1007.0,22.0,0.9957736468463994,62537.0,4.0
522,1152.0,38.0,0.9932647336758675,62538.0,4.0
523,956.0,56.0,0.989513973188324,62541.0,4.0
524,1265.0,2.0,0.9944953293196573,62542.0,4.0
525,1190.0,4.0,0.9628188225809715,62564.0,4.0
526,979.0,42.0,0.9792889973409583,62567.0,4.0
527,1019.0,46.0,0.9675779990906491,62574.0,4.0
528,1267.0,2.0,0.9908965956926408,62575.0,4.0
529,1001.0,39.0,0.979260009089718,62581.0,4.0
530,1049.0,49.0,0.9624689838097432,62584.0,4.0
531,982.0,42.0,0.9855292157237966,62585.0,4.0
532,882.0,14.0,0.9981736273504215,62586.0,4.0
533,1001.0,31.0,0.9898104049597973,62588.0,4.0
534,1194.0,36.0,0.9885534977343086,62589.0,4.0
535,990.0,47.0,0.9864177028008263,62590.0,4.0
536,1113.0,53.0,0.9767338876734916,62592.0,4.0
537,1089.0,51.0,0.994600204967029,62593.0,4.0
538,964.0,24.0,0.9785438318615081,62594.0,4.0
539,1025.0,21.0,0.9836616902705976,62595.0,4.0
540,961.0,8.0,0.9632003754189171,62596.0,4.0
541,1000.0,40.0,0.9667460399890137,62597.0,4.0
542,977.0,35.0,0.9929142609169767,62599.0,4.0
543,993.0,27.0,0.984486445974045,62601.0,4.0
544,1184.0,18.0,0.9532485316533197,62612.0,4.0
545,1050.0,49.0,0.9702497388049451,62613.0,4.0
546,1185.0,18.0,0.9934264344554247,62617.0,4.0
547,1076.0,48.0,0.9736509282745037,62620.0,4.0
548,1192.0,4.0,0.992334199921648,62621.0,4.0
549,1196.0,36.0,0.992115431269375,62622.0,4.0
550,1197.0,36.0,0.9947662999689042,62623.0,4.0
551,967.0,33.0,0.9932583198181102,62624.0,4.0
552,970.0,44.0,0.983029415757557,62628.0,4.0
553,1067.0,54.0,0.9637424189747464,62638.0,4.0
554,1068.0,54.0,0.9908586362037548,62639.0,4.0
555,1255.0,1.0,0.9617780246306804,62640.0,4.0
556,1189.0,18.0,0.9671549844735668,62651.0,4.0
557,994.0,27.0,0.9936238644253473,62653.0,4.0
558,988.0,43.0,0.9629073672434171,62662.0,4.0
559,957.0,56.0,0.9953500313363697,62673.0,4.0
560,983.0,42.0,0.9902045243941784,62681.0,4.0
561,1257.0,1.0,0.9676217745159036,62689.0,4.0
562,1053.0,49.0,0.9699280167526458,62697.0,4.0
563,975.0,44.0,0.9748280685567731,62699.0,4.0
564,1022.0,46.0,0.961991983911873,62704.0,4.0
565,989.0,43.0,0.9703866752774115,62705.0,4.0
566,962.0,8.0,0.9805991299827266,62717.0,4.0
567,962.0,12.0,0.9668884775664167,62724.0,4.0
568,1202.0,36.0,0.9907778724967898,62728.0,4.0
569,1258.0,1.0,0.9772540636212378,62731.0,4.0
570,959.0,56.0,0.99288298653877,62732.0,4.0
571,970.0,33.0,0.9813152391865624,62735.0,4.0
572,1010.0,22.0,0.968053436473992,62747.0,4.0
573,1114.0,53.0,0.971377849563687,62756.0,4.0
574,986.0,42.0,0.9726110789135649,62758.0,4.0
575,1203.0,36.0,0.9623768108855062,62760.0,4.0
576,990.0,43.0,0.9944719133383569,62761.0,4.0
577,1260.0,1.0,0.9914229040309342,62762.0,4.0
578,1096.0,51.0,0.9573346446047784,62764.0,4.0
579,983.0,35.0,0.984151835923573,62767.0,4.0
580,976.0,44.0,0.9915169830665534,62769.0,4.0
581,991.0,43.0,0.9893195640883713,62770.0,4.0
582,1101.0,52.0,0.97282906519875,62771.0,4.0
583,1154.0,38.0,0.9761034036952748,62772.0,4.0
584,1057.0,49.0,0.9925369595693712,62775.0,4.0
585,1031.0,21.0,0.9714175474323322,62776.0,4.0
586,964.0,12.0,0.9974130174914642,62784.0,4.0
587,963.0,8.0,0.964736383443988,62785.0,4.0
588,957.0,32.0,0.9615385581958112,62787.0,4.0
589,1198.0,4.0,0.993228848238027,62795.0,4.0
590,971.0,24.0,1.0,62805.0,4.0
591,1004.0,40.0,0.9821617179626415,62813.0,4.0
592,970.0,6.0,0.960025783889097,62817.0,4.0
593,1160.0,5.0,0.9678091071753092,62827.0,4.0
594,1262.0,1.0,0.972238486897902,62828.0,4.0
595,960.0,56.0,0.9657739284549783,62833.0,4.0
596,985.0,35.0,0.9699419831556428,62840.0,4.0
597,997.0,47.0,0.9953051972107056,62850.0,4.0
598,1200.0,4.0,0.9919814475429842,62852.0,4.0
599,987.0,41.0,0.9663882962858006,62855.0,4.0
600,1161.0,5.0,0.9927634267779962,62859.0,4.0
601,965.0,55.0,0.9517154388728503,62867.0,4.0
602,1162.0,5.0,0.9928783996685923,62873.0,4.0
603,966.0,55.0,0.9942044501467376,62877.0,4.0
604,1213.0,37.0,0.9670478460159803,62889.0,4.0
605,954.0,7.0,0.9814500255946588,62891.0,4.0
606,1214.0,37.0,0.9765732727654334,62900.0,4.0
607,1064.0,49.0,0.9713708340025389,62916.0,4.0
608,1163.0,5.0,0.9602024004750604,62918.0,4.0
609,1033.0,21.0,0.9870053238046863,62923.0,4.0
610,1101.0,51.0,0.9933699580340895,62927.0,4.0
611,1205.0,4.0,0.997339908445877,62930.0,4.0
612,992.0,42.0,0.980061522452944,62935.0,4.0
613,989.0,41.0,0.9748754121374669,62951.0,4.0
614,964.0,56.0,0.9920886185963945,62952.0,4.0
615,990.0,41.0,0.9702142675406515,62955.0,4.0
616,1119.0,53.0,0.957851165622629,62959.0,4.0
617,1099.0,3.0,0.9895091046287925,62963.0,4.0
618,889.0,14.0,0.9931032408308644,62967.0,4.0
619,968.0,55.0,0.9985672067390459,62968.0,4.0
620,1171.0,19.0,0.996919331333697,62969.0,4.0
621,1010.0,39.0,0.9600619628524588,62972.0,4.0
622,988.0,35.0,0.9579708507338214,62976.0,4.0
623,1201.0,18.0,0.9932498146426821,62977.0,4.0
624,1033.0,46.0,0.9835662040221148,62978.0,4.0
625,975.0,24.0,0.9878489064654423,62979.0,4.0
626,1120.0,53.0,0.9847894638165366,62980.0,4.0
627,891.0,14.0,0.9916387406752973,62981.0,4.0
628,994.0,42.0,0.9938216431513883,62982.0,4.0
629,937.0,29.0,0.98660830023061,62983.0,4.0
630,961.0,32.0,0.9570734532158834,62984.0,4.0
631,964.0,8.0,0.993280152853081,62985.0,4.0
632,1158.0,17.0,0.9864302938323726,62986.0,4.0
633,890.0,14.0,0.9926799714814839,62987.0,4.0
634,958.0,7.0,0.9968487023646513,62988.0,4.0
635,1146.0,15.0,0.9732104121621136,62989.0,4.0
636,983.0,44.0,0.9805189312921238,62998.0,4.0
637,1034.0,21.0,0.9704959320441184,63001.0,4.0
638,1034.0,46.0,0.9592833702737195,63003.0,4.0
639,1004.0,31.0,0.9943855444599131,63007.0,4.0
640,977.0,24.0,0.973695140722926,63023.0,4.0
641,1066.0,49.0,0.9926394283752282,63024.0,4.0
642,970.0,55.0,0.9941962294885224,63032.0,4.0
643,1008.0,40.0,0.9938053162716267,63033.0,4.0
644,1215.0,37.0,0.9880003778254131,63039.0,4.0
645,979.0,24.0,0.9800981443076614,63055.0,4.0
646,1212.0,36.0,0.9710132878274762,63058.0,4.0
647,971.0,55.0,0.9890323015354945,63063.0,4.0
648,1077.0,54.0,0.958296798924636,63079.0,4.0
649,1275.0,1.0,0.9668127019858791,63086.0,4.0
650,1276.0,1.0,0.9580348418716254,63094.0,4.0
651,991.0,35.0,0.9605814190316396,63098.0,4.0
652,1277.0,1.0,0.9785373120784874,63101.0,4.0
653,1015.0,39.0,0.9909184560050759,63111.0,4.0
654,818.0,59.0,0.9908824672376351,63115.0,4.0
655,1122.0,53.0,0.9819810217817553,63121.0,4.0
656,1105.0,51.0,0.9733871200492189,63127.0,4.0
657,1079.0,54.0,0.9914954061062803,63128.0,4.0
658,1011.0,28.0,0.968242376460358,63132.0,4.0
659,1218.0,37.0,0.9957992014115381,63135.0,4.0
660,1004.0,47.0,0.9645082545011235,63136.0,4.0
661,1167.0,5.0,0.9974158758149348,63138.0,4.0
662,963.0,32.0,0.9619294239426908,63139.0,4.0
663,973.0,55.0,0.9874783744484498,63142.0,4.0
664,1010.0,40.0,0.9811504584993115,63143.0,4.0
665,1204.0,18.0,0.9645055654850864,63145.0,4.0
666,1212.0,4.0,0.9964863183725331,63149.0,4.0
667,1016.0,22.0,0.9702661527240851,63154.0,4.0
668,1124.0,53.0,0.9875075722838035,63157.0,4.0
669,1149.0,57.0,0.9509927032961144,63159.0,4.0
670,1018.0,50.0,0.9840818125899772,63161.0,4.0
671,1029.0,9.0,0.9907543130271844,63163.0,4.0
672,1214.0,36.0,0.9700475949504506,63168.0,4.0
673,965.0,56.0,0.9860292590451402,63173.0,4.0
674,1082.0,48.0,0.9848284452822469,63174.0,4.0
675,896.0,14.0,0.9687747197826244,63177.0,4.0
676,1150.0,57.0,0.9718068046343623,63184.0,4.0
677,1215.0,36.0,0.9974215173607628,63193.0,4.0
678,1073.0,49.0,0.9547334948765276,63198.0,4.0
679,1081.0,54.0,0.9902499758582087,63212.0,4.0
680,1017.0,39.0,0.9961851802917273,63215.0,4.0
681,967.0,8.0,0.9769457405952117,63219.0,4.0
682,1214.0,4.0,0.9953598614763693,63220.0,4.0
683,981.0,24.0,0.9657799376332196,63225.0,4.0
684,982.0,24.0,0.98123325553761,63226.0,4.0
685,1013.0,28.0,0.974274038387019,63228.0,4.0
686,1174.0,19.0,0.9918942576185371,63229.0,4.0
687,993.0,11.0,0.9724055395284433,63230.0,4.0
688,984.0,24.0,0.9935130510127452,63231.0,4.0
689,979.0,26.0,0.9962315103402779,63232.0,4.0
690,1008.0,31.0,0.9612494169169422,63233.0,4.0
691,1018.0,22.0,0.9621541349209455,63234.0,4.0
692,983.0,24.0,0.9835937029049665,63235.0,4.0
693,980.0,26.0,0.9822736861777049,63238.0,4.0
694,981.0,26.0,0.9945759046054741,63240.0,4.0
695,897.0,14.0,0.9920413685588383,63241.0,4.0
696,1134.0,16.0,0.9840602528982464,63243.0,4.0
697,965.0,7.0,0.9907351476164772,63246.0,4.0
698,1000.0,43.0,0.9924291193579902,63247.0,4.0
699,997.0,42.0,0.9872308973041788,63248.0,4.0
700,1038.0,21.0,0.9749004193712716,63249.0,4.0
701,974.0,55.0,0.9834965658753043,63251.0,4.0
702,1040.0,46.0,0.9887911481447469,63253.0,4.0
703,1215.0,4.0,0.995459531551509,63267.0,4.0
704,1285.0,1.0,0.9894606442056975,63285.0,4.0
705,1172.0,5.0,0.9930595837647291,63287.0,4.0
706,966.0,7.0,0.9837731180998762,63288.0,4.0
707,1039.0,45.0,0.9598344825091569,63292.0,4.0
708,1000.0,42.0,0.9627761200917909,63295.0,4.0
709,1224.0,37.0,0.9986257962315904,63299.0,4.0
710,975.0,55.0,0.984910728826774,63303.0,4.0
711,1216.0,4.0,0.9909674719313146,63305.0,4.0
712,994.0,11.0,0.9764807476720766,63306.0,4.0
713,967.0,32.0,0.9631207072958553,63309.0,4.0
714,1002.0,43.0,0.9650300666537652,63316.0,4.0
715,1286.0,1.0,0.9859273038164944,63318.0,4.0
716,1271.0,2.0,0.9673969589838374,63320.0,4.0
717,1161.0,38.0,0.9937720688620045,63323.0,4.0
718,1043.0,21.0,0.986237665823203,63326.0,4.0
719,999.0,27.0,0.9775705131549854,63330.0,4.0
720,1021.0,39.0,0.9890198397704253,63348.0,4.0
721,1287.0,1.0,0.9949692501612549,63352.0,4.0
722,1174.0,5.0,0.9886702708649792,63371.0,4.0
723,1175.0,5.0,0.9827224222291483,63378.0,4.0
724,1002.0,42.0,0.9912845063819529,63385.0,4.0
725,968.0,7.0,0.996636537826139,63386.0,4.0
726,1019.0,28.0,0.9684288327311823,63388.0,4.0
727,1151.0,57.0,0.9677388990963463,63389.0,4.0
728,972.0,8.0,0.9586041465664233,63396.0,4.0
729,1212.0,18.0,0.9709587067458126,63398.0,4.0
730,1045.0,21.0,0.9860357624819294,63403.0,4.0
731,970.0,56.0,0.9986470726922743,63407.0,4.0
732,1042.0,45.0,0.9731050244544257,63424.0,4.0
733,1176.0,5.0,0.9627264605006378,63426.0,4.0
734,1014.0,40.0,0.9776891892436453,63443.0,4.0
735,1158.0,58.0,0.990939781864597,63454.0,4.0
736,999.0,35.0,0.9946847266202934,63458.0,4.0
737,1114.0,52.0,0.9608595131807205,63465.0,4.0
738,1228.0,37.0,0.992315266303163,63471.0,4.0
739,971.0,56.0,0.992073707290865,63473.0,4.0
740,973.0,12.0,0.9936699122628878,63482.0,4.0
741,1152.0,57.0,0.9774506617854838,63487.0,4.0
742,1003.0,43.0,0.9807831869323785,63489.0,4.0
743,995.0,44.0,0.9712760139755425,63490.0,4.0
744,996.0,44.0,0.9583248061401657,63492.0,4.0
745,1274.0,2.0,0.9791505827211542,63497.0,4.0
746,1083.0,54.0,1.0,63504.0,4.0
747,1022.0,28.0,0.9873390904348809,63506.0,4.0
748,969.0,32.0,0.9853858222332467,63516.0,4.0
749,948.0,29.0,0.9849816733351868,63517.0,4.0
750,1231.0,37.0,0.9821634151547111,63518.0,4.0
751,1023.0,28.0,0.9709586622436859,63519.0,4.0
752,999.0,44.0,0.9900861099747151,63520.0,4.0
753,1047.0,21.0,0.9815528201015876,63521.0,4.0
754,1216.0,18.0,0.9769620629022686,63523.0,4.0
755,962.0,25.0,0.9927268653394645,63524.0,4.0
756,1214.0,18.0,0.9938899881993387,63525.0,4.0
757,1000.0,35.0,0.9650767362291978,63526.0,4.0
758,1215.0,18.0,0.9777675306155097,63527.0,4.0
759,975.0,8.0,0.9620208415624526,63528.0,4.0
760,1044.0,45.0,0.9708468565862959,63530.0,4.0
761,1025.0,39.0,0.9944183252493138,63532.0,4.0
762,976.0,8.0,0.9765807177196005,63534.0,4.0
763,978.0,55.0,0.9954215047567813,63535.0,4.0
764,1132.0,53.0,0.9964029316471807,63536.0,4.0
765,992.0,33.0,0.9645361279234417,63538.0,4.0
766,972.0,7.0,0.9653518170143601,63539.0,4.0
767,971.0,32.0,0.9519260679828201,63541.0,4.0
768,1087.0,48.0,0.9859777277224715,63544.0,4.0
769,970.0,32.0,0.9773940834916685,63545.0,4.0
770,976.0,13.0,0.97886024584732,63546.0,4.0
771,1145.0,16.0,0.9893680095282936,63548.0,4.0
772,975.0,12.0,0.9743688896977303,63549.0,4.0
773,1024.0,28.0,0.9728486899596197,63552.0,4.0
774,1004.0,27.0,0.9912960455711269,63554.0,4.0
775,1026.0,28.0,0.9672393792826437,63556.0,4.0
776,1017.0,31.0,0.9834305224354198,63558.0,4.0
777,947.0,29.0,0.9906683801729901,63559.0,4.0
778,998.0,44.0,0.9959944328254757,63561.0,4.0
779,902.0,14.0,0.967054889774816,63562.0,4.0
780,1226.0,36.0,0.985551346623969,63570.0,4.0
781,1085.0,54.0,0.9805712552460247,63572.0,4.0
782,980.0,55.0,0.9791926184149502,63574.0,4.0
783,904.0,14.0,0.984826128371468,63579.0,4.0
784,1008.0,42.0,0.9736596210933885,63581.0,4.0
785,976.0,12.0,0.9974831962092394,63587.0,4.0
786,1232.0,37.0,0.9972243325001843,63592.0,4.0
787,1291.0,1.0,0.9640021723510411,63593.0,4.0
788,905.0,14.0,0.9863419261056047,63594.0,4.0
789,1039.0,9.0,0.9689755390674382,63596.0,4.0
790,1009.0,47.0,0.9775976073676852,63603.0,4.0
791,1177.0,5.0,0.9892393873785422,63605.0,4.0
792,1104.0,3.0,0.9883592943240143,63615.0,4.0
793,994.0,33.0,0.9933848149817395,63632.0,4.0
794,1002.0,11.0,0.9931666198839885,63642.0,4.0
795,1090.0,54.0,0.9606058293190861,63647.0,4.0
796,1000.0,41.0,0.9913686708679725,63651.0,4.0
797,1027.0,39.0,0.9972100407371932,63664.0,4.0
798,1222.0,0.0,0.9952205255100537,63665.0,4.0
799,1010.0,42.0,0.9651065013086868,63667.0,4.0
800,974.0,7.0,0.962855113764205,63668.0,4.0
801,1050.0,46.0,0.971798547133169,63669.0,4.0
802,1154.0,57.0,0.992673292873071,63680.0,4.0
803,1083.0,49.0,0.9809786385645746,63681.0,4.0
804,1051.0,21.0,0.9964854435894879,63684.0,4.0
805,1046.0,45.0,0.993079488650575,63685.0,4.0
806,991.0,24.0,0.9796650348285395,63686.0,4.0
807,978.0,13.0,0.9577839332071081,63687.0,4.0
808,1026.0,34.0,0.9918797853423517,63689.0,4.0
809,1093.0,54.0,0.9931569518713562,63690.0,4.0
810,977.0,6.0,0.979684953511537,63700.0,4.0
811,977.0,12.0,0.9630331034897226,63701.0,4.0
812,1052.0,21.0,0.9857102777135167,63707.0,4.0
813,1223.0,0.0,0.9611086808673655,63709.0,4.0
814,997.0,33.0,0.990593603132858,63713.0,4.0
815,965.0,30.0,0.9904024431311447,63716.0,4.0
816,1121.0,52.0,0.958646711520252,63730.0,4.0
817,1052.0,46.0,0.9653872183371462,63738.0,4.0
818,1296.0,1.0,0.9843754590078484,63740.0,4.0
819,1021.0,31.0,0.9780698759808565,63743.0,4.0
820,1001.0,41.0,0.9712924598900055,63745.0,4.0
821,1297.0,1.0,0.96790977535801,63747.0,4.0
822,1027.0,34.0,0.9711266087788573,63750.0,4.0
823,1223.0,4.0,0.9921623238685072,63752.0,4.0
824,975.0,7.0,0.9592406054660877,63754.0,4.0
825,1167.0,38.0,0.9956945843942065,63757.0,4.0
826,1224.0,4.0,0.9940297914155626,63758.0,4.0
827,1021.0,50.0,0.9681467369605563,63763.0,4.0
828,1180.0,5.0,0.9772354550559081,63767.0,4.0
829,1299.0,1.0,0.9940703852270006,63769.0,4.0
830,1108.0,3.0,0.9831741688916444,63772.0,4.0
831,1002.0,41.0,0.9937641378651453,63774.0,4.0
832,1240.0,37.0,0.9618023539684255,63775.0,4.0
833,1157.0,57.0,0.9757212152445494,63776.0,4.0
834,950.0,29.0,0.9915351322664213,63782.0,4.0
835,1055.0,21.0,0.974602963247458,63785.0,4.0
836,980.0,6.0,0.9726273040776925,63808.0,4.0
837,1278.0,2.0,0.9576478098771816,63810.0,4.0
838,1017.0,40.0,0.9939702782032172,63811.0,4.0
839,1184.0,19.0,0.9928726454976475,63816.0,4.0
840,1159.0,58.0,0.9793954879161121,63817.0,4.0
841,1109.0,3.0,0.9916443766304347,63821.0,4.0
842,1028.0,28.0,0.9923791308636123,63826.0,4.0
843,1096.0,54.0,0.9741748457918491,63831.0,4.0
844,1092.0,48.0,0.9806729089031466,63836.0,4.0
845,1029.0,28.0,0.9931223516877559,63838.0,4.0
846,1280.0,2.0,0.951226848199638,63841.0,4.0
847,1003.0,41.0,0.9626827300806197,63844.0,4.0
848,952.0,29.0,0.9874653442105756,63849.0,4.0
849,1187.0,19.0,0.993268423340749,63859.0,4.0
850,1030.0,28.0,0.9615669501855969,63860.0,4.0
851,1158.0,57.0,0.9748642196555082,63864.0,4.0
852,1099.0,54.0,0.997529372169688,63869.0,4.0
853,1055.0,46.0,0.9688725429903551,63873.0,4.0
854,985.0,55.0,0.9957997063831715,63878.0,4.0
855,1159.0,57.0,0.995419794085823,63884.0,4.0
856,1241.0,37.0,0.9599143785085034,63885.0,4.0
857,1009.0,35.0,0.9791133806460408,63887.0,4.0
858,1226.0,4.0,0.9976750941053424,63891.0,4.0
859,979.0,7.0,0.9925732037410968,63896.0,4.0
860,980.0,7.0,0.9785971319521122,63897.0,4.0
861,1157.0,15.0,0.9863603094807293,63898.0,4.0
862,1158.0,15.0,0.9749303840174254,63899.0,4.0
863,1047.0,9.0,0.9880328261929956,63900.0,4.0
864,991.0,26.0,0.9938631077630313,63903.0,4.0
865,990.0,26.0,0.9886218208799643,63904.0,4.0
866,1025.0,50.0,0.9923602420505672,63905.0,4.0
867,1009.0,44.0,0.9799145556349869,63906.0,4.0
868,1008.0,44.0,0.9722485309191239,63907.0,4.0
869,910.0,14.0,0.982346039706466,63908.0,4.0
870,908.0,14.0,0.9701752594479921,63909.0,4.0
871,909.0,14.0,0.9787356001929735,63910.0,4.0
872,1138.0,53.0,0.9928974442510695,63912.0,4.0
873,1031.0,39.0,0.9919687670884546,63914.0,4.0
874,1030.0,39.0,0.9902727561277045,63915.0,4.0
875,983.0,6.0,0.974183557426802,63916.0,4.0
876,1117.0,51.0,0.9930986063518339,63918.0,4.0
877,1011.0,27.0,0.9728784013304678,63919.0,4.0
878,1088.0,49.0,0.9883583608786877,63921.0,4.0
879,1002.0,33.0,0.972575312788686,63922.0,4.0
880,1127.0,52.0,0.9725248553337396,63923.0,4.0
881,980.0,32.0,0.9954484215796399,63924.0,4.0
882,956.0,10.0,0.9787398709412826,63925.0,4.0
883,1126.0,52.0,0.9937179892393665,63926.0,4.0
884,1220.0,18.0,0.9558578055000425,63927.0,4.0
885,1128.0,52.0,0.9886712745290013,63928.0,4.0
886,1029.0,34.0,0.9757204213421468,63929.0,4.0
887,1030.0,34.0,0.9560657436565498,63930.0,4.0
888,989.0,26.0,0.9762514986937317,63931.0,4.0
889,1040.0,23.0,0.993033321942554,63933.0,4.0
890,1160.0,57.0,0.9820413137770093,63934.0,4.0
891,975.0,56.0,0.9960160048569238,63939.0,4.0
892,1301.0,1.0,0.9886914588600272,63940.0,4.0
893,1093.0,48.0,0.9810435626432915,63943.0,4.0
894,1161.0,58.0,0.9930235719999055,63950.0,4.0
895,1030.0,22.0,0.9619905579013863,63956.0,4.0
896,967.0,30.0,0.9975064874131021,63973.0,4.0
897,1162.0,58.0,0.9922609341862549,63974.0,4.0
898,1191.0,19.0,0.9876532382028068,63976.0,4.0
899,1226.0,0.0,0.9921343028304003,63977.0,4.0
900,1229.0,4.0,0.9942617082857045,63980.0,4.0
901,1169.0,38.0,0.9701467194431896,63981.0,4.0
902,1095.0,48.0,0.9923572292581733,63983.0,4.0
903,1302.0,1.0,0.9905349663473165,63985.0,4.0
904,1007.0,41.0,0.9917373383995065,63995.0,4.0
905,1010.0,35.0,0.9781603312767148,64003.0,4.0
906,981.0,7.0,0.9817245946621833,64005.0,4.0
907,1162.0,57.0,0.972582939110569,64011.0,4.0
908,1222.0,18.0,0.9850054121827255,64021.0,4.0
909,1303.0,1.0,0.9863193144845291,64022.0,4.0
910,980.0,8.0,0.9773539943822087,64029.0,4.0
911,1239.0,36.0,0.9933774553318216,64030.0,4.0
912,980.0,13.0,0.9721096440723023,64031.0,4.0
913,1026.0,31.0,0.9605767516609652,64042.0,4.0
914,1035.0,28.0,0.9873134350336717,64044.0,4.0
915,1164.0,58.0,0.9951128529952975,64046.0,4.0
916,1037.0,28.0,0.9866345751806304,64051.0,4.0
917,1223.0,18.0,0.9696206068327919,64055.0,4.0
918,1101.0,54.0,0.981251769378776,64057.0,4.0
919,1119.0,51.0,0.9908302645217756,64060.0,4.0
920,1031.0,34.0,0.9826388626402877,64065.0,4.0
921,1182.0,5.0,0.9759560303627709,64066.0,4.0
922,1016.0,47.0,0.9937483717606005,64075.0,4.0
923,1166.0,58.0,0.9710938498051488,64076.0,4.0
924,1183.0,5.0,0.9738701175765655,64077.0,4.0
925,958.0,10.0,0.9679141193751294,64084.0,4.0
926,1121.0,51.0,0.9970448210245967,64101.0,4.0
927,987.0,55.0,0.9937159986205824,64103.0,4.0
928,1027.0,50.0,0.9683203123817905,64114.0,4.0
929,1035.0,39.0,0.9638005551172482,64116.0,4.0
930,1036.0,39.0,0.9961310788977255,64125.0,4.0
931,1013.0,42.0,0.9933572895903046,64128.0,4.0
932,1090.0,49.0,0.9562802161015805,64132.0,4.0
933,1102.0,54.0,0.9640397755954384,64134.0,4.0
934,1228.0,0.0,0.9621611452852589,64143.0,4.0
935,1172.0,38.0,0.9848035611023318,64155.0,4.0
936,984.0,7.0,0.9853380233874642,64157.0,4.0
937,991.0,55.0,0.9900086453942322,64175.0,4.0
938,1103.0,54.0,0.9717040205866765,64178.0,4.0
939,1022.0,40.0,0.9866556619115997,64183.0,4.0
940,1016.0,35.0,0.993563189186043,64186.0,4.0
941,992.0,55.0,0.9860094403959152,64198.0,4.0
942,1246.0,37.0,0.9823008680567004,64199.0,4.0
943,1064.0,21.0,0.9946508607919581,64211.0,4.0
944,987.0,12.0,0.9732801787295232,64217.0,4.0
945,1113.0,3.0,0.9941844298854826,64226.0,4.0
946,1010.0,41.0,0.9943415814019476,64228.0,4.0
947,1009.0,33.0,0.9821373939521644,64229.0,4.0
948,1092.0,49.0,0.9727128544780794,64230.0,4.0
949,1114.0,3.0,0.9667560706070449,64240.0,4.0
950,988.0,7.0,0.9875879304830587,64248.0,4.0
951,918.0,14.0,0.9973806040972013,64249.0,4.0
952,959.0,29.0,0.9958947691773756,64251.0,4.0
953,1025.0,40.0,0.9657609406585038,64256.0,4.0
954,1017.0,27.0,0.9775795145058697,64260.0,4.0
955,1094.0,49.0,0.9772491695390715,64261.0,4.0
956,1026.0,40.0,0.9883327954732605,64262.0,4.0
957,959.0,10.0,0.9970369452074709,64263.0,4.0
958,982.0,13.0,0.9726339144680723,64264.0,4.0
959,1196.0,19.0,0.9621155534403626,64265.0,4.0
960,1057.0,45.0,0.9661173949908222,64267.0,4.0
961,1039.0,39.0,0.9906894167739139,64270.0,4.0
962,1001.0,26.0,0.9881225323162551,64271.0,4.0
963,998.0,24.0,0.9925198418971856,64272.0,4.0
964,1041.0,28.0,0.9918119299029121,64273.0,4.0
965,1125.0,51.0,0.974355362596019,64274.0,4.0
966,984.0,8.0,0.96660001832205,64275.0,4.0
967,1127.0,51.0,0.9904684515668796,64276.0,4.0
968,1126.0,51.0,0.9834688350724051,64277.0,4.0
969,1030.0,50.0,0.9946087565302285,64278.0,4.0
970,985.0,8.0,0.9609419111846853,64279.0,4.0
971,988.0,12.0,0.9674664065619335,64280.0,4.0
972,961.0,29.0,0.991660305576446,64281.0,4.0
973,1148.0,53.0,0.9949821752859713,64282.0,4.0
974,1149.0,53.0,0.9595927727120638,64283.0,4.0
975,960.0,29.0,0.9987270128629735,64284.0,4.0
976,1011.0,33.0,0.963997913848776,64285.0,4.0
977,987.0,32.0,0.9831605899018334,64286.0,4.0
978,1038.0,39.0,0.9890886003788238,64287.0,4.0
979,1061.0,46.0,0.9695937331797795,64289.0,4.0
980,1165.0,57.0,0.9657730296194889,64290.0,4.0
981,973.0,30.0,0.990333748915794,64291.0,4.0
982,1037.0,34.0,0.9618295914476506,64292.0,4.0
983,1032.0,31.0,0.9853887145608043,64294.0,4.0
984,1231.0,0.0,0.9934589583739368,64296.0,4.0
985,1012.0,41.0,0.9627651116723022,64297.0,4.0
986,1042.0,23.0,0.9959643659642351,64300.0,4.0
987,1176.0,38.0,0.9922291399207586,64306.0,4.0
988,1036.0,22.0,0.9872700238636721,64307.0,4.0
989,1099.0,48.0,0.9766015891199633,64321.0,4.0
990,989.0,12.0,0.9976589048142587,64327.0,4.0
991,1166.0,57.0,0.990411099654457,64336.0,4.0
992,1240.0,36.0,0.9919523677101998,64337.0,4.0
993,1013.0,41.0,0.9814320123939864,64339.0,4.0
994,1034.0,31.0,0.9776289268603475,64344.0,4.0
995,1028.0,40.0,0.9769145635910673,64364.0,4.0
996,1305.0,1.0,0.9914280451221696,64365.0,4.0
997,1045.0,23.0,0.9986600560368122,64371.0,4.0
998,990.0,7.0,0.9669544599484855,64372.0,4.0
999,984.0,56.0,0.9933553776139196,64376.0,4.0
1000,988.0,32.0,0.9722945693983612,64392.0,4.0
1001,995.0,55.0,0.9862665214882469,64394.0,4.0
1002,1019.0,35.0,0.9942690405847742,64397.0,4.0
1003,1233.0,0.0,0.966151435053311,64398.0,4.0
1004,1014.0,44.0,0.9842858484802828,64403.0,4.0
1005,923.0,14.0,0.9643235347798875,64406.0,4.0
1006,1286.0,2.0,0.9606209695115447,64409.0,4.0
1007,996.0,55.0,0.9905655995402335,64425.0,4.0
1008,1179.0,38.0,0.9920321813665637,64427.0,4.0
1009,986.0,56.0,0.9873759405218194,64437.0,4.0
1010,1068.0,21.0,0.9904842078778636,64441.0,4.0
1011,1288.0,2.0,0.9657796249292087,64444.0,4.0
1012,1047.0,39.0,0.9900281080591582,64446.0,4.0
1013,992.0,7.0,0.9865142648782276,64454.0,4.0
1014,1117.0,3.0,0.9974540872487568,64463.0,4.0
1015,1016.0,44.0,0.9699100384899191,64470.0,4.0
1016,1289.0,2.0,0.98828046783688,64471.0,4.0
1017,1168.0,57.0,0.9914030945208545,64484.0,4.0
1018,1024.0,27.0,0.9730955848425321,64485.0,4.0
1019,1054.0,9.0,0.9658330085668513,64486.0,4.0
1020,1048.0,28.0,0.9937756454649264,64487.0,4.0
1021,1169.0,57.0,0.9930837070477645,64489.0,4.0
1022,1169.0,58.0,0.9884077550245071,64494.0,4.0
1023,1199.0,19.0,0.995319938918961,64495.0,4.0
1024,1069.0,21.0,0.9513035745655677,64498.0,4.0
1025,1096.0,49.0,0.9583980365454604,64501.0,4.0
1026,1063.0,46.0,0.9950625700804104,64508.0,4.0
1027,1118.0,3.0,0.9976167997116147,64511.0,4.0
1028,1063.0,45.0,0.958416093611978,64517.0,4.0
1029,1039.0,22.0,0.9589782490006978,64519.0,4.0
1030,1250.0,37.0,0.9955081462064722,64533.0,4.0
1031,1030.0,40.0,0.9761994818401947,64535.0,4.0
1032,1190.0,5.0,0.952151641763536,64539.0,4.0
1033,997.0,55.0,0.9929910963016851,64560.0,4.0
1034,1070.0,21.0,0.9625062368499299,64563.0,4.0
1035,1056.0,9.0,0.9868601035762464,64574.0,4.0
1036,1024.0,47.0,0.992540417414232,64580.0,4.0
1037,1041.0,22.0,0.9888388027675806,64586.0,4.0
1038,1042.0,22.0,0.9767152802869159,64589.0,4.0
1039,1182.0,38.0,0.9939187373789514,64590.0,4.0
1040,1193.0,5.0,0.9775504696775519,64598.0,4.0
1041,1104.0,48.0,0.9626463331717702,64599.0,4.0
1042,1065.0,45.0,0.989857832513797,64600.0,4.0
1043,1020.0,35.0,0.958196203592204,64602.0,4.0
1044,1097.0,49.0,0.9666219618851335,64603.0,4.0
1045,989.0,13.0,0.9714326824186675,64604.0,4.0
1046,1057.0,9.0,0.9824368376774014,64605.0,4.0
1047,1156.0,53.0,0.9945317167449856,64606.0,4.0
1048,1155.0,53.0,0.9952896190580475,64608.0,4.0
1049,1246.0,36.0,0.9733497884794293,64609.0,4.0
1050,1066.0,46.0,0.9958327057564179,64610.0,4.0
1051,1112.0,54.0,0.9840767959349548,64611.0,4.0
1052,964.0,29.0,0.9737861472434258,64612.0,4.0
1053,1043.0,22.0,0.991116772461104,64613.0,4.0
1054,1051.0,28.0,0.9906513850003521,64614.0,4.0
1055,980.0,30.0,0.9579212151570087,64618.0,4.0
1056,1073.0,21.0,0.9636632893382365,64619.0,4.0
1057,1139.0,52.0,0.995398045409378,64620.0,4.0
1058,1154.0,53.0,0.9844023289388771,64621.0,4.0
1059,979.0,30.0,0.9957954105769266,64622.0,4.0
1060,1031.0,40.0,0.995509943963346,64623.0,4.0
1061,1009.0,26.0,0.9850816378819627,64624.0,4.0
1062,996.0,12.0,0.9857895716109789,64625.0,4.0
1063,968.0,25.0,0.9874013104509689,64626.0,4.0
1064,997.0,12.0,0.9743938402837975,64627.0,4.0
1065,1018.0,41.0,0.9810499930944272,64628.0,4.0
1066,926.0,14.0,0.9939702290893174,64629.0,4.0
1067,994.0,12.0,0.97253414513385,64630.0,4.0
1068,993.0,12.0,0.9926464892128113,64631.0,4.0
1069,995.0,12.0,0.9758325847353295,64632.0,4.0
1070,1170.0,57.0,0.9749505694510474,64633.0,4.0
1071,1065.0,46.0,0.9846970771375707,64634.0,4.0
1072,995.0,8.0,0.9937681073153182,64635.0,4.0
1073,994.0,8.0,0.9726710686773435,64636.0,4.0
1074,1010.0,26.0,0.9678775996071195,64637.0,4.0
1075,995.0,7.0,0.9940908612383587,64638.0,4.0
1076,1105.0,48.0,0.9639327812102891,64642.0,4.0
1077,1122.0,3.0,0.984413601731541,64646.0,4.0
1078,1011.0,26.0,0.9850972768839968,64648.0,4.0
1079,1032.0,40.0,0.9906470033546445,64655.0,4.0
1080,1028.0,27.0,0.9923688472179517,64682.0,4.0
1081,1253.0,37.0,0.9753799547319567,64697.0,4.0
1082,1158.0,53.0,0.964789634192126,64707.0,4.0
1083,1235.0,0.0,0.9867245411368117,64708.0,4.0
1084,1020.0,41.0,0.9857868658862121,64710.0,4.0
1085,991.0,13.0,0.9765320813151063,64713.0,4.0
1086,927.0,14.0,0.9812318435394033,64714.0,4.0
1087,1140.0,52.0,0.9624081622360893,64716.0,4.0
1088,1255.0,37.0,0.950290817443903,64719.0,4.0
1089,1196.0,5.0,0.9902138761034796,64721.0,4.0
1090,1295.0,2.0,0.9945162101864862,64723.0,4.0
1091,1256.0,37.0,0.9922527683160385,64724.0,4.0
1092,994.0,56.0,0.9906860572005776,64729.0,4.0
1093,1237.0,0.0,0.9834420387866345,64736.0,4.0
1094,1124.0,3.0,0.9924016668678012,64739.0,4.0
1095,1171.0,57.0,0.9930276635038124,64740.0,4.0
1096,995.0,56.0,0.9905658912200428,64744.0,4.0
1097,1035.0,40.0,0.9527521788629987,64746.0,4.0
1098,1139.0,51.0,0.995423933886391,64753.0,4.0
1099,1198.0,5.0,0.9972469693783688,64762.0,4.0
1100,1023.0,11.0,0.9555244769931587,64763.0,4.0
1101,1311.0,1.0,0.9718173214115151,64770.0,4.0
1102,997.0,56.0,0.994743002883241,64772.0,4.0
1103,1039.0,31.0,0.9932624290752878,64776.0,4.0
1104,999.0,8.0,0.9686300148164317,64777.0,4.0
1105,1022.0,41.0,0.9687375481930912,64778.0,4.0
1106,1008.0,24.0,0.9817438966466788,64779.0,4.0
1107,1040.0,31.0,0.992149610203157,64783.0,4.0
1108,999.0,56.0,0.9882623540923823,64788.0,4.0
1109,997.0,32.0,0.9652010333141815,64790.0,4.0
1110,1184.0,38.0,0.9577039489555306,64792.0,4.0
1111,1238.0,0.0,0.9940215918120857,64793.0,4.0
1112,998.0,32.0,0.9790567991995932,64806.0,4.0
1113,1002.0,55.0,0.9971956916962049,64807.0,4.0
1114,1049.0,23.0,0.9889918866850107,64809.0,4.0
1115,1140.0,51.0,0.9929052960868303,64810.0,4.0
1116,1161.0,53.0,0.9950868363996683,64812.0,4.0
1117,1075.0,21.0,0.9902287292582604,64813.0,4.0
1118,1047.0,22.0,0.9954636208886508,64823.0,4.0
1119,1259.0,37.0,0.9902818588556246,64829.0,4.0
1120,1048.0,22.0,0.9804964907988228,64831.0,4.0
1121,1053.0,39.0,0.9947729844818182,64841.0,4.0
1122,1077.0,21.0,0.9940951310134172,64842.0,4.0
1123,983.0,30.0,0.9756592870195592,64845.0,4.0
1124,966.0,29.0,0.9819752109008373,64847.0,4.0
1125,1041.0,34.0,0.9865322827075732,64850.0,4.0
1126,1016.0,26.0,0.9932910758948419,64853.0,4.0
1127,1002.0,8.0,0.9706616867113871,64857.0,4.0
1128,1017.0,26.0,0.980981640833468,64873.0,4.0
1129,1151.0,20.0,0.990699444758972,64879.0,4.0
1130,1302.0,2.0,0.9709139968207795,64884.0,4.0
1131,1018.0,44.0,0.9719611231350437,64893.0,4.0
1132,1056.0,23.0,0.9933762798287982,64900.0,4.0
1133,1129.0,3.0,0.9680833100226739,64902.0,4.0
1134,1174.0,58.0,0.9744213880859517,64910.0,4.0
1135,1130.0,3.0,0.9964910458473669,64924.0,4.0
1136,1024.0,11.0,0.9648004659575374,64932.0,4.0
1137,1175.0,58.0,0.9931982142309272,64933.0,4.0
1138,1024.0,42.0,0.9823380332785924,64937.0,4.0
1139,984.0,30.0,0.992747433616775,64939.0,4.0
1140,1131.0,3.0,0.9957775001373959,64945.0,4.0
1141,1187.0,38.0,0.9549280960201232,64949.0,4.0
1142,994.0,13.0,0.9865505829564581,64951.0,4.0
1143,960.0,55.0,0.968479636967793,62405.0,4.0
1144,1224.0,0.0,0.9946901456620845,63945.0,4.0
1145,1162.0,20.0,0.9876833010843931,65482.0,4.0
1146,957.0,12.0,0.9700189337373655,62411.0,4.0
1147,1026.0,45.0,0.9659771102189293,62413.0,4.0
1148,1206.0,19.0,0.9539906663155756,64975.0,4.0
1149,1190.0,19.0,0.9845672690344669,63957.0,4.0
1150,1252.0,1.0,0.9805892692656678,62429.0,4.0
1151,1015.0,46.0,0.991086110650954,62445.0,4.0
1152,877.0,14.0,0.9679626058560298,62466.0,4.0
1153,1176.0,58.0,0.9940585509409037,65031.0,4.0
1154,1035.0,26.0,0.9962808530007624,66057.0,4.0
1155,1024.0,35.0,0.993364892749603,65043.0,4.0
1156,1084.0,54.0,0.9585682525445186,63522.0,4.0
1157,1179.0,19.0,0.9735315317892901,63531.0,4.0
1158,1133.0,53.0,0.9761142635147673,63533.0,4.0
1159,1163.0,57.0,0.9847163718407121,64048.0,4.0
1160,1007.0,47.0,0.9619255941916725,63537.0,4.0
1161,1061.0,21.0,0.9833847825236708,64050.0,4.0
1162,1076.0,54.0,0.9577642639075558,63027.0,4.0
1163,1157.0,3.0,0.9759213613954444,66111.0,4.0
1164,1024.0,39.0,0.9755138443960639,63553.0,4.0
1165,1082.0,49.0,0.988647360927587,63557.0,4.0
1166,1120.0,3.0,0.9912162448282804,64583.0,4.0
1167,1157.0,5.0,0.9633115124867707,62539.0,4.0
1168,814.0,59.0,0.9720970853776054,62544.0,4.0
1169,1193.0,36.0,0.9725193689200256,62546.0,4.0
1170,998.0,55.0,0.973889296247929,64596.0,4.0
1171,1013.0,39.0,0.9719564336360156,63071.0,4.0
1172,1039.0,50.0,0.96254886631855,64607.0,4.0
1173,1009.0,30.0,0.9585826668264679,65644.0,4.0
1174,1087.0,54.0,0.9777368589581186,63597.0,4.0
1175,815.0,59.0,0.9623852226463213,62577.0,4.0
1176,1016.0,9.0,0.9829886608058794,62587.0,4.0
1177,1010.0,7.0,0.9655040423527091,65670.0,4.0
1178,1026.0,27.0,0.962191402002895,64652.0,4.0
1179,1195.0,36.0,0.9599843750169358,62607.0,4.0
1180,1006.0,8.0,0.9607072345544122,65179.0,4.0
1181,1214.0,58.0,0.9767878535435547,66212.0,4.0
1182,1272.0,0.0,0.9513814086169894,65708.0,4.0
1183,1184.0,57.0,0.9740372861762826,65222.0,4.0
1184,1001.0,40.0,0.994915901021397,62663.0,4.0
1185,1009.0,41.0,0.9528343802879214,64200.0,4.0
1186,1024.0,40.0,0.974181802483869,64209.0,4.0
1187,966.0,56.0,0.9944909831547195,63190.0,4.0
1188,1034.0,22.0,0.963775007125921,64214.0,4.0
1189,1268.0,2.0,0.9580274517830827,62682.0,4.0
1190,1066.0,28.0,0.9560560304956963,65757.0,4.0
1191,1192.0,20.0,0.9655751978933703,66269.0,4.0
1192,1145.0,57.0,0.9846407767117701,62686.0,4.0
1193,1197.0,5.0,0.9827546239955208,64738.0,4.0
1194,1125.0,53.0,0.9684154481599279,63209.0,4.0
1195,996.0,56.0,0.9904440748487758,64759.0,4.0
1196,1174.0,38.0,0.9819926968889077,64258.0,4.0
1197,1207.0,18.0,0.9903894793776175,63236.0,4.0
1198,1156.0,52.0,0.9632462184696327,65798.0,4.0
1199,1007.0,31.0,0.9725062684953264,63239.0,4.0
1200,1038.0,47.0,0.9778932449388995,65303.0,4.0
1201,1107.0,3.0,0.9968627101814808,63770.0,4.0
1202,1011.0,32.0,0.9832417983982771,65308.0,4.0
1203,1029.0,50.0,0.9771234351416548,64288.0,4.0
1204,1021.0,34.0,0.9704780165144805,63268.0,4.0
1205,1017.0,35.0,0.9667276962708001,64293.0,4.0
1206,1019.0,22.0,0.9608195943877819,63271.0,4.0
1207,998.0,30.0,0.9686036001000592,65320.0,4.0
1208,1040.0,13.0,0.9713673931729722,66343.0,4.0
1209,1077.0,48.0,0.9567619507859689,62759.0,4.0
1210,963.0,12.0,0.972984904166966,62763.0,4.0
1211,1025.0,46.0,0.9923264066388682,62766.0,4.0
1212,1232.0,0.0,0.968926742136531,64304.0,4.0
1213,1021.0,33.0,0.9862713719830346,65842.0,4.0
1214,1021.0,21.0,0.9771772450110361,62260.0,4.0
1215,1142.0,52.0,0.9901370348968878,64824.0,4.0
1216,1164.0,4.0,1.0,62270.0,4.0
1217,1173.0,3.0,0.9960177769812816,66367.0,4.0
1218,1203.0,37.0,0.9673028316067477,62276.0,4.0
1219,1043.0,23.0,0.966972874047708,64325.0,4.0
1220,1039.0,23.0,1.0,63837.0,4.0
1221,1060.0,49.0,0.9924263995273699,62819.0,4.0
1222,1261.0,1.0,0.9772610070373616,62820.0,4.0
1223,1229.0,19.0,0.9655136063777044,65895.0,4.0
1224,1169.0,4.0,0.9887197065266523,62317.0,4.0
1225,1169.0,20.0,0.9756410560856438,65902.0,4.0
1226,1165.0,18.0,0.960465084317122,62318.0,4.0
1227,1098.0,51.0,0.9698283446100502,62832.0,4.0
1228,988.0,6.0,0.9551154165991945,64375.0,4.0
1229,1171.0,4.0,0.9700212299585799,62329.0,4.0
1230,1081.0,51.0,0.9671098320675074,62330.0,4.0
1231,1205.0,37.0,0.9664233655206853,62331.0,4.0
1232,1184.0,5.0,0.9843107937857477,64377.0,4.0
1233,1264.0,1.0,0.9513965960209597,62878.0,4.0
1234,1043.0,39.0,0.9910594491757354,64418.0,4.0
1235,982.0,12.0,0.9856622051522844,63913.0,4.0
1236,982.0,41.0,0.9628908702064256,62380.0,4.0
1237,1047.0,45.0,0.9636715197692988,63917.0,4.0
1238,1168.0,38.0,0.9641404912839934,63920.0,4.0
1239,1304.0,2.0,0.9747571903645328,64950.0,4.0
1240,1288.0,1.0,0.9966080828240413,63416.0,4.0
1241,974.0,33.0,0.9896113902552903,62906.0,4.0
1242,1003.0,28.0,0.9920517488053502,62395.0,4.0
1243,1199.0,18.0,0.9700015153341344,62908.0,4.0
1244,1026.0,11.0,0.9923761610561991,64956.0,4.0
1245,984.0,6.0,0.9853770088939494,63935.0,4.0
1246,982.0,43.0,0.9873053534167056,62400.0,4.0
1247,1003.0,24.0,0.9677300826715244,64449.0,4.0
1248,1067.0,34.0,0.9921516125949245,65987.0,4.0
1249,995.0,25.0,0.9673578044178675,65988.0,4.0
1250,1258.0,0.0,0.9904022853113328,65478.0,4.0
1251,975.0,33.0,0.982531229909615,62919.0,4.0
1252,1071.0,50.0,0.9904535311867656,65990.0,4.0
1253,1208.0,36.0,0.9831790060874057,62895.0,4.0
1254,1143.0,57.0,0.983637830863279,62412.0,4.0
1255,1036.0,31.0,0.9777418584955846,64461.0,4.0
1256,1002.0,27.0,0.9572115885784752,63438.0,4.0
1257,1102.0,3.0,0.9933854877897512,63439.0,4.0
1258,1243.0,37.0,0.9691227101801155,63952.0,4.0
1259,972.0,26.0,0.962908137990914,62929.0,4.0
1260,1236.0,36.0,0.9838747458975768,63953.0,4.0
1261,1010.0,11.0,0.9939319230068758,63954.0,4.0
1262,1062.0,22.0,0.9662612235341776,65492.0,4.0
1263,1158.0,52.0,0.993186722230559,66003.0,4.0
1264,1061.0,39.0,0.9747494403633898,65494.0,4.0
1265,1136.0,20.0,0.9831191233156492,63958.0,4.0
1266,979.0,8.0,0.9902824825413978,63959.0,4.0
1267,966.0,35.0,0.9905324129759218,62419.0,4.0
1268,1145.0,20.0,0.994173546310026,64468.0,4.0
1269,1172.0,18.0,0.9585435779246279,62423.0,4.0
1270,1134.0,51.0,0.9883804476389644,64473.0,4.0
1271,1022.0,47.0,0.97932025401564,64475.0,4.0
1272,1290.0,2.0,0.9757331227562006,64478.0,4.0
1273,1164.0,38.0,0.9827316409779424,63459.0,4.0
1274,1013.0,8.0,0.978324430896178,65508.0,4.0
1275,980.0,10.0,0.9917256360982857,65510.0,4.0
1276,977.0,42.0,0.9517499403867119,62439.0,4.0
1277,900.0,14.0,0.9956517685680315,63464.0,4.0
1278,968.0,35.0,0.9526689129136034,62441.0,4.0
1279,1207.0,19.0,0.9901785766520902,65003.0,4.0
1280,993.0,42.0,0.9732867979921068,62957.0,4.0
1281,1025.0,42.0,0.9582582155190238,65008.0,4.0
1282,961.0,25.0,0.9683337405170531,62961.0,4.0
1283,1183.0,4.0,0.9917832636321053,62448.0,4.0
1284,1290.0,1.0,0.995237402727835,63479.0,4.0
1285,1006.0,41.0,0.9679128587463979,63992.0,4.0
1286,1012.0,33.0,0.9837032262467635,64504.0,4.0
1287,953.0,56.0,0.9919355970768358,62458.0,4.0
1288,1188.0,5.0,0.9965334729274681,64507.0,4.0
1289,1098.0,3.0,0.9926730133646355,62802.0,4.0
1290,1015.0,34.0,0.9664486670117667,62974.0,4.0
1291,1148.0,17.0,0.9736973804516968,62462.0,4.0
1292,1152.0,52.0,0.9965863515259207,65537.0,4.0
1293,1024.0,44.0,0.9664990036101984,65543.0,4.0
1294,993.0,10.0,0.9932266401229587,66055.0,4.0
1295,1221.0,4.0,0.9924188874845383,63498.0,4.0
1296,954.0,29.0,0.9906619912466686,64013.0,4.0
1297,1147.0,15.0,0.9916743234643931,62990.0,4.0
1298,878.0,14.0,0.9629901148278177,62479.0,4.0
1299,971.0,29.0,0.9550886223399108,65042.0,4.0
1300,1008.0,12.0,0.9972863599753607,65555.0,4.0
1301,991.0,8.0,0.9794876029527969,64530.0,4.0
1302,990.0,24.0,0.9699447927659032,63510.0,4.0
1303,966.0,12.0,0.9902055330436499,62999.0,4.0
1304,1109.0,51.0,0.9964109794478919,63511.0,4.0
1305,1000.0,11.0,0.9819314330551556,63512.0,4.0
1306,1015.0,40.0,0.9632158670135036,63513.0,4.0
1307,1007.0,30.0,0.9678427910557977,65561.0,4.0
1308,1190.0,58.0,0.9870274238529472,65563.0,4.0
1309,1050.0,45.0,0.9510275729592068,64024.0,4.0
1310,1026.0,50.0,0.9963876777507178,64027.0,4.0
1311,1065.0,22.0,0.9897380620508699,65565.0,4.0
1312,1043.0,49.0,0.9590774550267238,62492.0,4.0
1313,1060.0,31.0,0.9767726274522546,65570.0,4.0
1314,992.0,41.0,0.9777325070886796,63013.0,4.0
1315,1003.0,25.0,0.9823844897416365,66088.0,4.0
1316,1156.0,5.0,0.9878771929228992,62508.0,4.0
1317,1190.0,57.0,0.9933622863949174,65581.0,4.0
1318,998.0,39.0,0.9929657649507715,62511.0,4.0
1319,1144.0,3.0,0.9934334780415356,65584.0,4.0
1320,1084.0,45.0,0.9606042126816099,65587.0,4.0
1321,1168.0,17.0,0.9830703287704936,63540.0,4.0
1322,987.0,43.0,0.994722340568552,62516.0,4.0
1323,1181.0,5.0,0.9884279351370413,64054.0,4.0
1324,969.0,55.0,0.9889039166009496,63031.0,4.0
1325,1071.0,21.0,0.9893016551172542,64566.0,4.0
1326,1150.0,20.0,0.9883425011721122,64851.0,4.0
1327,1272.0,1.0,0.9935818659857354,63037.0,4.0
1328,1147.0,16.0,0.9923275115638092,63550.0,4.0
1329,1006.0,22.0,0.9984340482075668,62527.0,4.0
1330,999.0,40.0,0.9756868943670736,62529.0,4.0
1331,985.0,44.0,0.9705358385938951,63045.0,4.0
1332,1165.0,58.0,0.9814958353004217,64070.0,4.0
1333,1179.0,58.0,0.9933028571903239,65097.0,4.0
1334,1111.0,54.0,0.9931658007411062,64585.0,4.0
1335,1209.0,19.0,0.9926134275295686,65100.0,4.0
1336,994.0,10.0,0.9916686793475529,66126.0,4.0
1337,1251.0,1.0,0.9820006359208336,62414.0,4.0
1338,1161.0,16.0,0.974422404148502,64601.0,4.0
1339,1121.0,48.0,0.9849775156059938,65626.0,4.0
1340,1032.0,47.0,0.9959107637879621,65119.0,4.0
1341,963.0,24.0,0.9566574293593615,62561.0,4.0
1342,1030.0,41.0,0.9781081305047782,65126.0,4.0
1343,1047.0,49.0,0.9917902925077261,62568.0,4.0
1344,1054.0,45.0,0.9880810608630659,64107.0,4.0
1345,985.0,12.0,0.9941044345993288,64113.0,4.0
1346,963.0,7.0,0.9890798763877667,63090.0,4.0
1347,1076.0,46.0,0.9913909571506683,65653.0,4.0
1348,979.0,56.0,0.9904810854900307,64120.0,4.0
1349,1165.0,53.0,0.9850799509269202,65146.0,4.0
1350,1269.0,0.0,0.9684853863152857,65658.0,4.0
1351,1143.0,15.0,0.9764095492512866,62591.0,4.0
1352,1044.0,22.0,0.9880860315740235,64639.0,4.0
1353,894.0,14.0,0.9983010140300533,63110.0,4.0
1354,1144.0,15.0,0.9815760217326471,62598.0,4.0
1355,1224.0,19.0,0.9924222551012666,65674.0,4.0
1356,992.0,32.0,0.984510162341803,64650.0,4.0
1357,1109.0,52.0,0.9923636433339026,63117.0,4.0
1358,1164.0,57.0,0.9902842930653302,64142.0,4.0
1359,1016.0,43.0,0.9876524311058523,64653.0,4.0
1360,1132.0,52.0,0.9803089666862309,64145.0,4.0
1361,1140.0,20.0,0.9899074577219934,64146.0,4.0
1362,978.0,35.0,0.9670369038042125,62610.0,4.0
1363,1097.0,48.0,0.962056017816299,64148.0,4.0
1364,1037.0,13.0,0.9642547478225826,66200.0,4.0
1365,968.0,44.0,0.9789448379316994,62616.0,4.0
1366,1091.0,49.0,0.9788600576785675,64154.0,4.0
1367,965.0,25.0,0.9651455020528035,64156.0,4.0
1368,989.0,55.0,0.9882689113509575,64160.0,4.0
1369,995.0,33.0,0.9952957135761461,63650.0,4.0
1370,1167.0,58.0,0.9885143310186519,64166.0,4.0
1371,1153.0,38.0,0.990661332119133,62631.0,4.0
1372,1168.0,5.0,0.9939013591746034,63144.0,4.0
1373,1123.0,3.0,0.9876648789461773,64679.0,4.0
1374,982.0,30.0,0.976948623105622,64681.0,4.0
1375,1043.0,9.0,0.9578408897412571,63663.0,4.0
1376,1047.0,23.0,0.9943790191727211,64687.0,4.0
1377,1186.0,18.0,0.9546192102646469,62641.0,4.0
1378,1199.0,36.0,0.9931552591397056,62643.0,4.0
1379,1195.0,5.0,0.9923872673291321,64692.0,4.0
1380,1249.0,0.0,0.9969005837654189,65207.0,4.0
1381,995.0,35.0,0.9721545430822328,63160.0,4.0
1382,1013.0,32.0,0.9732898424052119,65722.0,4.0
1383,1082.0,50.0,0.98722076525974,66236.0,4.0
1384,1064.0,39.0,0.9905075580655321,65725.0,4.0
1385,1003.0,6.0,0.9943814665773614,65214.0,4.0
1386,1016.0,27.0,0.9554062677775557,64191.0,4.0
1387,1106.0,54.0,0.9770853921625237,64195.0,4.0
1388,1282.0,2.0,0.959856459900492,64196.0,4.0
1389,1091.0,51.0,0.9901160627256523,62661.0,4.0
1390,964.0,7.0,0.9855883356320655,63178.0,4.0
1391,977.0,26.0,0.9587299581346903,63182.0,4.0
1392,1094.0,54.0,0.96086097701239,63695.0,4.0
1393,1159.0,53.0,0.9678829920799491,64722.0,4.0
1394,950.0,7.0,0.9587497581986786,62678.0,4.0
1395,951.0,7.0,0.959800299396262,62680.0,4.0
1396,1036.0,23.0,0.9874660580225879,63194.0,4.0
1397,1065.0,21.0,0.9876756462511199,64219.0,4.0
1398,1026.0,26.0,0.9723804697149001,65248.0,4.0
1399,980.0,56.0,0.9947410498806483,64224.0,4.0
1400,1142.0,20.0,0.9913097592225729,64225.0,4.0
1401,1251.0,0.0,0.991545274365693,65252.0,4.0
1402,1053.0,9.0,0.9941308183245062,64231.0,4.0
1403,1009.0,32.0,0.9784229600670641,65256.0,4.0
1404,958.0,56.0,0.9883139973072579,62695.0,4.0
1405,997.0,27.0,0.9745304143186326,63211.0,4.0
1406,1213.0,4.0,0.9899398609689418,63213.0,4.0
1407,1039.0,11.0,0.9946389198741081,65773.0,4.0
1408,943.0,29.0,0.9910913815696045,63216.0,4.0
1409,993.0,55.0,0.9978856352099996,64241.0,4.0
1410,1061.0,9.0,0.9753842336872379,65266.0,4.0
1411,999.0,7.0,0.9690023432009851,64755.0,4.0
1412,1156.0,57.0,0.998046582636014,63732.0,4.0
1413,1173.0,19.0,0.99678112143144,63221.0,4.0
1414,973.0,6.0,0.9984625644080551,63222.0,4.0
1415,1039.0,46.0,0.989761229417169,63223.0,4.0
1416,1160.0,38.0,0.9912415203496052,63224.0,4.0
1417,1034.0,41.0,0.9787031112584965,65271.0,4.0
1418,1125.0,48.0,0.9944598864543966,65788.0,4.0
1419,1013.0,44.0,0.9575987419416887,64252.0,4.0
1420,985.0,42.0,0.9678289878570809,62718.0,4.0
1421,1324.0,2.0,0.9675043999804943,65791.0,4.0
1422,1057.0,39.0,0.973985115612427,65282.0,4.0
1423,969.0,24.0,0.9741772789032775,62723.0,4.0
1424,1005.0,47.0,0.9817905763646616,63237.0,4.0
1425,1054.0,49.0,0.9645663910366513,62725.0,4.0
1426,1299.0,2.0,0.9659468758493859,64774.0,4.0
1427,1004.0,10.0,0.9786965100978396,66312.0,4.0
1428,1070.0,22.0,0.9766909336422236,65811.0,4.0
1429,1108.0,48.0,0.9909320453025204,64787.0,4.0
1430,1014.0,47.0,0.9900066182910547,63766.0,4.0
1431,995.0,27.0,0.971710102981589,62744.0,4.0
1432,1257.0,37.0,0.9950307716445022,64794.0,4.0
1433,1056.0,28.0,0.9555780022582862,64795.0,4.0
1434,885.0,14.0,0.9898006854081112,62750.0,4.0
1435,773.0,59.0,0.9835730367952634,62240.0,4.0
1436,1039.0,21.0,0.9875109664859617,63265.0,4.0
1437,1111.0,53.0,0.9532505900372737,62242.0,4.0
1438,933.0,29.0,0.9770047797713032,62752.0,4.0
1439,969.0,8.0,0.9663372885111889,63269.0,4.0
1440,778.0,59.0,0.9809156673504462,62249.0,4.0
1441,1100.0,3.0,0.9678984210288336,63275.0,4.0
1442,1006.0,44.0,0.9672439813991291,63790.0,4.0
1443,1129.0,16.0,0.9851761940938825,62768.0,4.0
1444,1004.0,6.0,0.9820589120407355,65330.0,4.0
1445,1001.0,43.0,0.9757559961514913,63283.0,4.0
1446,1266.0,37.0,0.9929263460468355,65332.0,4.0
1447,1084.0,50.0,0.9942067226047807,66358.0,4.0
1448,1155.0,17.0,0.9727270311133696,62774.0,4.0
1449,1073.0,45.0,0.9942713864324041,64825.0,4.0
1450,919.0,14.0,0.9983109463747423,64314.0,4.0
1451,1317.0,2.0,0.9527347667934895,65340.0,4.0
1452,787.0,59.0,0.9562026481596271,62269.0,4.0
1453,1220.0,36.0,0.991956081814449,63294.0,4.0
1454,972.0,10.0,0.9530477986060564,65343.0,4.0
1455,1076.0,21.0,0.9901124132819912,64828.0,4.0
1456,987.0,42.0,0.9696982912546861,62782.0,4.0
1457,1026.0,46.0,0.9967992444645625,62786.0,4.0
1458,1165.0,4.0,0.9642454465122028,62275.0,4.0
1459,1162.0,53.0,0.9907332347216086,64832.0,4.0
1460,1209.0,18.0,0.9593005989614972,63302.0,4.0
1461,1006.0,35.0,0.9545959196245783,63815.0,4.0
1462,1125.0,54.0,0.9917110728303561,65352.0,4.0
1463,990.0,12.0,0.9940262769678685,64329.0,4.0
1464,1024.0,31.0,0.9903182127924308,63820.0,4.0
1465,996.0,47.0,0.9902822480233173,62797.0,4.0
1466,1260.0,37.0,0.9850532877252748,64846.0,4.0
1467,1197.0,38.0,0.990010764151645,65362.0,4.0
1468,1023.0,8.0,0.9674474597237803,65875.0,4.0
1469,951.0,56.0,0.989308899151051,62290.0,4.0
1470,1043.0,13.0,0.9936451869078814,66386.0,4.0
1471,1186.0,19.0,0.9875682325510231,63830.0,4.0
1472,1151.0,52.0,0.9902577472322769,65367.0,4.0
1473,993.0,40.0,0.9708923006179158,62294.0,4.0
1474,1005.0,6.0,0.9730085454823516,65369.0,4.0
1475,1009.0,31.0,0.9832030482463808,63322.0,4.0
1476,1020.0,27.0,0.9645569414962867,64343.0,4.0
1477,971.0,12.0,0.9841614736407603,63324.0,4.0
1478,1187.0,57.0,0.9803340397127761,65374.0,4.0
1479,1170.0,53.0,0.9678360578341083,65376.0,4.0
1480,979.0,13.0,0.9575204341560803,63840.0,4.0
1481,1281.0,0.0,0.9817431368333427,65890.0,4.0
1482,957.0,55.0,0.9834075444552804,62305.0,4.0
1483,1022.0,34.0,0.9880671601631115,63332.0,4.0
1484,1010.0,9.0,0.9926249817082111,62309.0,4.0
1485,1051.0,23.0,0.990950731363453,64865.0,4.0
1486,1227.0,18.0,0.9799736796243953,64359.0,4.0
1487,994.0,40.0,0.9928363253781654,62312.0,4.0
1488,1060.0,9.0,0.9825971174771702,64871.0,4.0
1489,1235.0,36.0,0.9939083464192507,63850.0,4.0
1490,1034.0,11.0,0.9913398653289848,65387.0,4.0
1491,1009.0,34.0,0.9710977665950304,62316.0,4.0
1492,976.0,55.0,0.9981498994046174,63341.0,4.0
1493,1001.0,32.0,0.9505732011482484,64872.0,4.0
1494,1020.0,30.0,0.9646638761607161,65903.0,4.0
1495,1021.0,30.0,0.9627729301343252,65904.0,4.0
1496,989.0,33.0,0.9895720504199268,63345.0,4.0
1497,1140.0,15.0,0.9743545554834688,62320.0,4.0
1498,1130.0,51.0,0.9941142839620524,64368.0,4.0
1499,1052.0,23.0,0.9923643898551915,64876.0,4.0
1500,1170.0,4.0,0.9955799769990407,62325.0,4.0
1501,1268.0,37.0,0.9643286980782745,65398.0,4.0
1502,979.0,32.0,0.9542945948355698,63863.0,4.0
1503,1043.0,28.0,0.9673894352220926,64380.0,4.0
1504,799.0,59.0,0.9673898391463276,62333.0,4.0
1505,1163.0,38.0,0.9882196233190562,63363.0,4.0
1506,983.0,26.0,0.9580131769947148,63364.0,4.0
1507,1056.0,46.0,1.0,63876.0,4.0
1508,800.0,59.0,0.9896281111430157,62342.0,4.0
1509,935.0,29.0,0.9913956243893915,62854.0,4.0
1510,1044.0,31.0,0.9956591346331025,64907.0,4.0
1511,1070.0,46.0,0.9870279519009884,64908.0,4.0
1512,1018.0,28.0,0.9844259540791919,63373.0,4.0
1513,1005.0,40.0,0.9709599859907868,62861.0,4.0
1514,1012.0,24.0,0.9779054435225307,64911.0,4.0
1515,1116.0,51.0,0.9896639104711943,63888.0,4.0
1516,1030.0,45.0,0.9811031293084755,62865.0,4.0
1517,1094.0,21.0,0.9868714448368892,65938.0,4.0
1518,1035.0,49.0,0.9618819780818696,62356.0,4.0
1519,1028.0,34.0,0.9878884873100852,63893.0,4.0
1520,1112.0,48.0,0.9889054271379619,64919.0,4.0
1521,1051.0,41.0,0.9633299593538494,65949.0,4.0
1522,983.0,13.0,0.958638074420488,64413.0,4.0
1523,1043.0,47.0,0.9815839704104619,65439.0,4.0
1524,1022.0,30.0,0.9747477037230157,65956.0,4.0
1525,1142.0,17.0,0.9908346092306505,62374.0,4.0
1526,1020.0,28.0,0.9632433856367696,63399.0,4.0
1527,1152.0,16.0,0.967091265369876,63911.0,4.0
1528,1203.0,58.0,0.9901479298190909,65960.0,4.0
1529,1007.0,13.0,0.9951479742856774,65450.0,4.0
1530,971.0,26.0,0.9659007228788518,62886.0,4.0
1531,1265.0,1.0,0.9867995912584329,62887.0,4.0
1532,1034.0,43.0,0.9929151041610247,65965.0,4.0
1533,1045.0,39.0,0.9597916997460246,64429.0,4.0
1534,1045.0,50.0,0.9926771187619634,64942.0,4.0
1535,1082.0,54.0,0.9713982723199315,63409.0,4.0
1536,1037.0,23.0,0.9910938996603719,63410.0,4.0
1537,967.0,25.0,0.9894607117913539,64436.0,4.0
1538,1057.0,23.0,0.9951507941671579,64952.0,4.0
1539,1058.0,23.0,0.9859162553499964,64953.0,4.0
1540,1023.0,9.0,0.9535630977891784,62909.0,4.0
1541,967.0,55.0,0.990721826963886,62910.0,4.0
1542,936.0,29.0,0.9558968459836941,62917.0,4.0
1543,1270.0,2.0,0.9511216804809038,62922.0,4.0
1544,1024.0,9.0,0.9895780030994245,62925.0,4.0
1545,1209.0,36.0,0.9941486919854537,62936.0,4.0
1546,1103.0,51.0,0.9801210875172347,62941.0,4.0
1547,1131.0,16.0,1.0,62942.0,4.0
1548,1210.0,36.0,0.986946631853527,62943.0,4.0
1549,1014.0,34.0,0.9668638575462657,62953.0,4.0
1550,1270.0,1.0,0.9904664645711959,62956.0,4.0
1551,1052.0,31.0,0.9947884111603724,65011.0,4.0
1552,977.0,33.0,0.9845714214841931,62966.0,4.0
1553,932.0,14.0,0.9906121920474921,65015.0,4.0
1554,1132.0,16.0,0.9535013322485529,62970.0,4.0
1555,978.0,33.0,0.9923581271549771,62975.0,4.0
1556,996.0,13.0,0.989607433000014,65032.0,4.0
1557,995.0,42.0,0.9598125135383556,62992.0,4.0
1558,991.0,41.0,0.968019994742803,62994.0,4.0
1559,995.0,43.0,0.9712289633326664,62995.0,4.0
1560,1164.0,5.0,0.9831068736002351,63000.0,4.0
1561,1007.0,40.0,0.967222727720252,63008.0,4.0
1562,988.0,30.0,0.9597416828379058,65056.0,4.0
1563,1153.0,20.0,1.0,65060.0,4.0
1564,989.0,30.0,0.9824899860778125,65062.0,4.0
1565,940.0,29.0,0.9579884556593572,63016.0,4.0
1566,1147.0,57.0,0.973145300637641,63018.0,4.0
1567,984.0,44.0,0.989362236204563,63021.0,4.0
1568,980.0,33.0,0.9792973087639013,63022.0,4.0
1569,1160.0,17.0,0.9959106493220098,63036.0,4.0
1570,1315.0,1.0,0.9900060620583765,65084.0,4.0
1571,1035.0,21.0,0.963080466203832,63040.0,4.0
1572,1010.0,28.0,0.9525655550810428,63043.0,4.0
1573,1133.0,16.0,0.9622024910536272,63044.0,4.0
1574,1036.0,21.0,0.9810145685846406,63053.0,4.0
1575,1017.0,50.0,0.9668961288510836,63054.0,4.0
1576,1059.0,23.0,0.9963460355394643,65106.0,4.0
1577,1115.0,48.0,0.9862096168446677,65114.0,4.0
1578,1148.0,57.0,0.990148557001963,63070.0,4.0
1579,1157.0,38.0,0.9890624144389664,63075.0,4.0
1580,1017.0,34.0,0.9961158489143785,63078.0,4.0
1581,1182.0,57.0,0.9856483511733909,65130.0,4.0
1582,893.0,14.0,0.9843664869355804,63083.0,4.0
1583,1165.0,5.0,0.9911903275987065,63084.0,4.0
1584,1005.0,8.0,0.9643590320320111,65132.0,4.0
1585,996.0,43.0,0.9953883576285989,63088.0,4.0
1586,1203.0,18.0,0.9812140551666884,63091.0,4.0
1587,972.0,55.0,0.9855949611286062,63093.0,4.0
1588,1018.0,34.0,0.9803236079940949,63095.0,4.0
1589,1014.0,39.0,0.9872801684511239,63097.0,4.0
1590,1019.0,34.0,0.9843187874073214,63102.0,4.0
1591,972.0,6.0,0.9661329795519594,63104.0,4.0
1592,1036.0,46.0,0.9887071921227993,63106.0,4.0
1593,975.0,26.0,0.9629542552004062,63107.0,4.0
1594,998.0,43.0,0.9678473779611352,63109.0,4.0
1595,1009.0,40.0,0.961931179783407,63113.0,4.0
1596,1278.0,1.0,0.9814381720275538,63116.0,4.0
1597,1313.0,2.0,0.9866149258146297,65165.0,4.0
1598,1034.0,45.0,0.9956372951732222,63118.0,4.0
1599,1078.0,54.0,0.9810571853107436,63119.0,4.0
1600,1049.0,50.0,0.9651686992576546,65178.0,4.0
1601,1316.0,1.0,0.9794094875921897,65184.0,4.0
1602,964.0,32.0,0.9762129642257917,63141.0,4.0
1603,1070.0,49.0,0.9578588579933434,63146.0,4.0
1604,999.0,43.0,0.973388823803873,63147.0,4.0
1605,999.0,13.0,0.982108402173546,65194.0,4.0
1606,1054.0,22.0,0.9613998793182894,65195.0,4.0
1607,1123.0,53.0,0.9956786178826648,63150.0,4.0
1608,994.0,35.0,0.9530928585872834,63153.0,4.0
1609,1081.0,48.0,0.987906342200845,63155.0,4.0
1610,1134.0,3.0,0.9718299671659062,65206.0,4.0
1611,996.0,27.0,0.9678148904458462,63162.0,4.0
1612,1169.0,5.0,0.9935115895089145,63166.0,4.0
1613,1205.0,18.0,0.97732099343352,63172.0,4.0
1614,976.0,25.0,0.9887667542339423,65220.0,4.0
1615,992.0,30.0,0.9583539101816414,65223.0,4.0
1616,1317.0,1.0,0.9792413546486209,65225.0,4.0
1617,1051.0,34.0,0.9744114761671562,65226.0,4.0
1618,1221.0,37.0,0.9802896717744558,63180.0,4.0
1619,980.0,24.0,0.968007695627785,63181.0,4.0
1620,984.0,33.0,0.9646225524315715,63197.0,4.0
1621,1164.0,17.0,0.9643548345414314,63200.0,4.0
1622,966.0,8.0,0.9661368438915439,63205.0,4.0
1623,1223.0,37.0,0.9795015443915935,63208.0,4.0
1624,998.0,42.0,0.9525707070180914,63227.0,4.0
1625,997.0,30.0,0.9680039047647478,65276.0,4.0
1626,968.0,12.0,0.9909657968094497,63242.0,4.0
1627,1148.0,15.0,0.9793848672970146,63245.0,4.0
1628,998.0,27.0,0.9812442304383378,63270.0,4.0
1629,1012.0,40.0,0.9716276898651384,63278.0,4.0
1630,1219.0,36.0,0.9784635576787052,63290.0,4.0
1631,1218.0,19.0,0.9816784688534591,65349.0,4.0
1632,967.0,7.0,0.9671207995064032,63310.0,4.0
1633,973.0,10.0,0.9872840778476182,65359.0,4.0
1634,1040.0,45.0,0.9724049650881968,63314.0,4.0
1635,1159.0,20.0,0.9911572929279484,65375.0,4.0
1636,1162.0,38.0,0.9818098757953819,63331.0,4.0
1637,1126.0,54.0,0.9618702543591942,65381.0,4.0
1638,1185.0,58.0,0.9796631709635657,65383.0,4.0
1639,944.0,29.0,0.9588447739186892,63342.0,4.0
1640,1225.0,37.0,0.9868475232620549,63346.0,4.0
1641,1043.0,46.0,0.9845419920179805,63359.0,4.0
1642,1173.0,5.0,0.9580424151937477,63360.0,4.0
1643,1112.0,52.0,0.9725659211274442,63362.0,4.0
1644,969.0,56.0,0.9566005113765841,63365.0,4.0
1645,968.0,32.0,0.9548452789289981,63367.0,4.0
1646,1022.0,39.0,0.9812574673900815,63368.0,4.0
1647,945.0,29.0,0.9520301822333415,63370.0,4.0
1648,1000.0,27.0,0.9776118264649821,63374.0,4.0
1649,995.0,11.0,0.993719842290052,63377.0,4.0
1650,1039.0,41.0,0.9663708389616962,65425.0,4.0
1651,1127.0,53.0,0.986746222980902,63383.0,4.0
1652,1141.0,3.0,0.9867724472260975,65436.0,4.0
1653,1079.0,49.0,0.9611433552070728,63390.0,4.0
1654,1086.0,48.0,0.9883756390108237,63391.0,4.0
1655,1002.0,30.0,0.9669768373015043,65438.0,4.0
1656,1057.0,50.0,0.9897747882299339,65444.0,4.0
1657,1010.0,31.0,0.983718307522007,63404.0,4.0
1658,997.0,11.0,0.9887798300394706,63405.0,4.0
1659,1157.0,58.0,0.9576633251601064,63419.0,4.0
1660,1035.0,9.0,0.9926167875325828,63420.0,4.0
1661,1067.0,23.0,0.9916145525180012,65470.0,4.0
1662,980.0,25.0,0.988457734461669,65475.0,4.0
1663,1227.0,37.0,0.9957801229932359,63429.0,4.0
1664,978.0,10.0,0.968831934640111,65483.0,4.0
1665,977.0,55.0,0.9923159957620077,63436.0,4.0
1666,899.0,14.0,0.9847786354777204,63447.0,4.0
1667,1103.0,3.0,0.9913785915136494,63448.0,4.0
1668,981.0,25.0,0.9815238763460881,65507.0,4.0
1669,1221.0,0.0,0.9977658936338577,63467.0,4.0
1670,1062.0,39.0,0.9676413265784113,65515.0,4.0
1671,970.0,7.0,0.9723783810678819,63475.0,4.0
1672,1012.0,56.0,0.9697681686164967,65536.0,4.0
1673,996.0,41.0,0.973550504658232,63493.0,4.0
1674,974.0,12.0,0.9622428563505027,63496.0,4.0
1675,1116.0,52.0,0.9893117195715462,63500.0,4.0
1676,1117.0,52.0,0.98607676475923,63501.0,4.0
1677,972.0,56.0,0.9753662199380855,63507.0,4.0
1678,1108.0,51.0,0.995989162848202,63509.0,4.0
1679,1264.0,0.0,0.9807236636254314,65572.0,4.0
1680,1041.0,41.0,1.0,65576.0,4.0
1681,1000.0,44.0,0.9695370951232609,63529.0,4.0
1682,1143.0,3.0,0.9531567666176309,65582.0,4.0
1683,1191.0,57.0,0.9847950168661547,65583.0,4.0
1684,983.0,10.0,0.9763416479916613,65585.0,4.0
1685,1007.0,42.0,0.9595377619147887,63542.0,4.0
1686,1038.0,9.0,0.9892502098134472,63543.0,4.0
1687,1075.0,46.0,0.9811750226568979,65590.0,4.0
1688,1168.0,16.0,0.9759564091572627,65592.0,4.0
1689,1146.0,16.0,0.96152734128318,63547.0,4.0
1690,1149.0,15.0,0.9861125310383185,63560.0,4.0
1691,1180.0,19.0,0.9608557037352771,63568.0,4.0
1692,1059.0,34.0,0.9982143588489462,65617.0,4.0
1693,1118.0,52.0,0.9911987749769325,63580.0,4.0
1694,1153.0,57.0,0.9910613665203796,63582.0,4.0
1695,977.0,13.0,0.9909140150780219,63584.0,4.0
1696,998.0,41.0,0.9688983881572355,63588.0,4.0
1697,1016.0,40.0,0.9847092708976223,63598.0,4.0
1698,1134.0,53.0,0.9954947302090749,63607.0,4.0
1699,1016.0,56.0,0.9522075560430108,65665.0,4.0
1700,1146.0,3.0,0.9931693181149789,65666.0,4.0
1701,1005.0,27.0,0.9884407315639817,63622.0,4.0
1702,993.0,33.0,0.9946306965963987,63626.0,4.0
1703,1024.0,22.0,0.963451198294467,63627.0,4.0
1704,1217.0,18.0,0.9779843799324494,63628.0,4.0
1705,1011.0,7.0,0.9594363594746276,65675.0,4.0
1706,1052.0,40.0,0.9655632552731893,65677.0,4.0
1707,1133.0,20.0,0.9888159506143076,63631.0,4.0
1708,986.0,26.0,0.9919869844425915,63635.0,4.0
1709,973.0,32.0,0.9747756091535374,63637.0,4.0
1710,1270.0,0.0,0.9516017686891904,65687.0,4.0
1711,1063.0,9.0,0.9885101103837549,65691.0,4.0
1712,974.0,32.0,0.9603922517479413,63648.0,4.0
1713,1045.0,45.0,0.9878574728679932,63652.0,4.0
1714,1166.0,38.0,0.9957659638881824,63662.0,4.0
1715,1073.0,23.0,0.9900499956284129,65712.0,4.0
1716,1068.0,22.0,0.959860571928085,65717.0,4.0
1717,1017.0,6.0,0.9673252713637107,65726.0,4.0
1718,1135.0,53.0,0.9608710062199391,63679.0,4.0
1719,1237.0,37.0,0.9898711070125625,63683.0,4.0
1720,1089.0,48.0,0.9660379476287837,63688.0,4.0
1721,977.0,8.0,0.9878318370294228,63703.0,4.0
1722,1051.0,46.0,0.9946020449292194,63708.0,4.0
1723,964.0,30.0,0.9533661255153798,63712.0,4.0
1724,978.0,12.0,0.9614655205992714,63718.0,4.0
1725,987.0,10.0,0.9635698081249581,65767.0,4.0
1726,1153.0,15.0,0.9596197837280802,63723.0,4.0
1727,978.0,6.0,0.9532464898266895,63725.0,4.0
1728,1276.0,0.0,0.9846392813891044,65776.0,4.0
1729,1170.0,17.0,0.9660658138009578,63755.0,4.0
1730,978.0,8.0,0.952513027836825,63756.0,4.0
1731,1126.0,48.0,0.9950920186171687,65807.0,4.0
1732,989.0,10.0,0.9613903543375094,65821.0,4.0
1733,1005.0,44.0,0.9878984632554874,63777.0,4.0
1734,979.0,6.0,0.9576779754964428,63779.0,4.0
1735,1005.0,11.0,0.9938403401208733,63784.0,4.0
1736,1225.0,4.0,0.9843379507642949,63787.0,4.0
1737,1056.0,21.0,0.9826910659527597,63797.0,4.0
1738,1137.0,53.0,0.9726117649260542,63805.0,4.0
1739,1279.0,2.0,0.9807797476938331,63823.0,4.0
1740,1185.0,19.0,0.9676152042762122,63827.0,4.0
1741,1278.0,0.0,0.9753446607658428,65877.0,4.0
1742,1024.0,13.0,0.9830589701661318,65886.0,4.0
1743,995.0,24.0,0.9789303342091429,63842.0,4.0
1744,1029.0,22.0,0.9662873905573097,63845.0,4.0
1745,1097.0,54.0,0.9601492478986602,63846.0,4.0
1746,1008.0,27.0,0.9783966401499364,63851.0,4.0
1747,1156.0,15.0,0.96653973567962,63858.0,4.0
1748,1067.0,39.0,0.9815464395222169,65906.0,4.0
1749,1200.0,57.0,0.9860746636029852,65908.0,4.0
1750,1093.0,21.0,0.9851416138549504,65913.0,4.0
1751,1160.0,58.0,0.9509130711460808,63866.0,4.0
1752,1006.0,43.0,0.9640152700319894,63870.0,4.0
1753,1024.0,50.0,0.9732132069561367,63871.0,4.0
1754,992.0,25.0,0.9859090882230922,65918.0,4.0
1755,1068.0,50.0,0.9653257543250954,65919.0,4.0
1756,1188.0,19.0,0.97481702576475,63875.0,4.0
1757,993.0,25.0,0.9756592563498679,65924.0,4.0
1758,1019.0,40.0,0.9816687818050506,63879.0,4.0
1759,980.0,12.0,0.9716068854640793,63880.0,4.0
1760,1031.0,28.0,0.9778071542823459,63894.0,4.0
1761,1023.0,6.0,0.9652635742157031,65963.0,4.0
1762,1231.0,19.0,0.9866428119987933,65969.0,4.0
1763,1172.0,17.0,0.9741287564225181,63932.0,4.0
1764,1073.0,50.0,0.9649671297467813,66008.0,4.0
1765,911.0,14.0,0.9914120774595899,63961.0,4.0
1766,1110.0,3.0,0.9841534535002806,63965.0,4.0
1767,1225.0,0.0,0.9894301459168479,63975.0,4.0
1768,1048.0,9.0,0.9811143666868203,63988.0,4.0
1769,998.0,25.0,0.9823488550589481,66044.0,4.0
1770,986.0,6.0,0.9787685068136525,63997.0,4.0
1771,993.0,26.0,0.9912536989792402,63998.0,4.0
1772,994.0,26.0,0.9820236453628702,63999.0,4.0
1773,1170.0,38.0,0.9886115384831132,64001.0,4.0
1774,1011.0,42.0,0.9615403284088344,64002.0,4.0
1775,1031.0,13.0,0.9852581339263433,66051.0,4.0
1776,1009.0,43.0,0.9523513554655231,64007.0,4.0
1777,1137.0,20.0,0.9969053340095908,64016.0,4.0
1778,1088.0,23.0,0.981824749946214,66065.0,4.0
1779,983.0,12.0,0.9873122935257812,64018.0,4.0
1780,1244.0,37.0,0.9821427043038147,64043.0,4.0
1781,957.0,10.0,0.9553328963481054,64047.0,4.0
1782,1332.0,2.0,0.9838406759343563,66098.0,4.0
1783,981.0,8.0,0.963187019606128,64056.0,4.0
1784,1171.0,38.0,0.9686959924511137,64064.0,4.0
1785,1011.0,11.0,0.9792833150584255,64069.0,4.0
1786,1227.0,0.0,0.9894962117007818,64074.0,4.0
1787,981.0,13.0,0.9935643757278949,64081.0,4.0
1788,983.0,32.0,0.9621991922546583,64085.0,4.0
1789,1224.0,18.0,0.9809776530539558,64086.0,4.0
1790,982.0,7.0,0.9568487393814018,64088.0,4.0
1791,915.0,14.0,0.9888449561345061,64090.0,4.0
1792,1146.0,53.0,0.990690613566004,64096.0,4.0
1793,1052.0,45.0,0.9814875698242157,64105.0,4.0
1794,1014.0,11.0,0.9908692250544298,64115.0,4.0
1795,1131.0,52.0,0.9677512024147172,64119.0,4.0
1796,1063.0,31.0,0.9806124922247049,66170.0,4.0
1797,1028.0,31.0,0.9823756289973605,64123.0,4.0
1798,1014.0,27.0,0.9964726281829942,64124.0,4.0
1799,1007.0,33.0,0.983000219807704,64135.0,4.0
1800,986.0,12.0,0.968733672573745,64141.0,4.0
1801,1037.0,39.0,0.9816247284435164,64150.0,4.0
1802,1039.0,28.0,0.9881307376695707,64152.0,4.0
1803,1062.0,21.0,0.9797958886764813,64164.0,4.0
1804,1112.0,3.0,0.9911776457730933,64170.0,4.0
1805,1281.0,2.0,0.9815622961460719,64177.0,4.0
1806,1104.0,54.0,0.9831684085196322,64184.0,4.0
1807,987.0,6.0,0.9634377787166605,64185.0,4.0
1808,1195.0,19.0,1.0,64192.0,4.0
1809,1031.0,31.0,0.9887682791241961,64203.0,4.0
1810,1107.0,54.0,0.9776583911181321,64204.0,4.0
1811,1017.0,47.0,0.9783151921505227,64210.0,4.0
1812,958.0,29.0,0.9819292735389455,64212.0,4.0
1813,1033.0,22.0,0.9568605086969362,64213.0,4.0
1814,1124.0,51.0,0.9777826253799113,64218.0,4.0
1815,966.0,25.0,0.9608075746222964,64222.0,4.0
1816,1017.0,11.0,0.9681852702178687,64239.0,4.0
1817,1056.0,45.0,0.9778054550764111,64245.0,4.0
1818,1041.0,23.0,0.9574417883634612,64247.0,4.0
1819,989.0,7.0,0.9570666549080313,64257.0,4.0
1820,1154.0,16.0,0.9916624143842298,64266.0,4.0
1821,774.0,59.0,0.9767256242574027,62243.0,4.0
1822,776.0,59.0,0.9681308385818101,62246.0,4.0
1823,1000.0,24.0,0.9748843501843009,64299.0,4.0
1824,1177.0,38.0,0.9713655099870541,64309.0,4.0
1825,1143.0,20.0,0.9912911847965025,64310.0,4.0
1826,785.0,59.0,0.9629939837356566,62263.0,4.0
1827,1138.0,15.0,0.9740018658005101,62264.0,4.0
1828,1136.0,17.0,0.9918350509056785,62266.0,4.0
1829,1009.0,46.0,0.9950519082455834,62267.0,4.0
1830,1108.0,54.0,0.9873530766192302,64317.0,4.0
1831,1040.0,39.0,1.0,64319.0,4.0
1832,1304.0,1.0,0.9610791943986434,64324.0,4.0
1833,1137.0,17.0,0.9628193308180546,62280.0,4.0
1834,1044.0,23.0,0.9631840975428091,64333.0,4.0
1835,1166.0,4.0,0.9893070707027833,62291.0,4.0
1836,1167.0,4.0,0.9576693162852248,62293.0,4.0
1837,1033.0,31.0,0.995172723089266,64341.0,4.0
1838,1162.0,18.0,0.9726272520959771,62295.0,4.0
1839,963.0,35.0,0.9744088237401668,62296.0,4.0
1840,1136.0,52.0,0.9742186721917144,64346.0,4.0
1841,1181.0,36.0,0.9806680477214059,62299.0,4.0
1842,1034.0,49.0,0.9700485142415606,62302.0,4.0
1843,1139.0,15.0,0.9746985981118601,62304.0,4.0
1844,964.0,35.0,0.964719977226071,62307.0,4.0
1845,987.0,8.0,0.9670389329512381,64356.0,4.0
1846,1021.0,27.0,0.9820953784059281,64361.0,4.0
1847,989.0,11.0,0.9835218586735552,62314.0,4.0
1848,1042.0,39.0,0.971762301677119,64362.0,4.0
1849,798.0,59.0,0.9890930753897974,62328.0,4.0
1850,1012.0,46.0,0.9915998963458793,62336.0,4.0
1851,1045.0,28.0,0.9542557877519195,64385.0,4.0
1852,1183.0,36.0,0.9745042063561786,62341.0,4.0
1853,1140.0,17.0,0.9624455852935522,62343.0,4.0
1854,803.0,59.0,1.0,62350.0,4.0
1855,1141.0,15.0,0.9577012766903317,62351.0,4.0
1856,1060.0,45.0,0.9845591302254169,64402.0,4.0
1857,1166.0,18.0,0.9843621039311401,62358.0,4.0
1858,1175.0,4.0,0.9523299153308658,62359.0,4.0
1859,959.0,55.0,0.9792936992754815,62360.0,4.0
1860,962.0,10.0,0.9698729712098725,64407.0,4.0
1861,1249.0,1.0,0.9813903535489534,62366.0,4.0
1862,805.0,59.0,0.9615239508068336,62369.0,4.0
1863,984.0,13.0,0.9736892324409859,64420.0,4.0
1864,1287.0,2.0,0.9899614080946036,64422.0,4.0
1865,1044.0,39.0,0.9928373588175031,64423.0,4.0
1866,1008.0,26.0,0.9843148754308438,64424.0,4.0
1867,985.0,56.0,0.9595633437076869,64426.0,4.0
1868,806.0,59.0,0.9735387648962376,62391.0,4.0
1869,1144.0,20.0,0.9663407460443189,64440.0,4.0
1870,1038.0,49.0,0.9614996860735194,62393.0,4.0
1871,1179.0,4.0,0.9604972369823601,62396.0,4.0
1872,929.0,29.0,0.9674233904100492,62397.0,4.0
1873,990.0,8.0,0.9785096247593683,64448.0,4.0
1874,988.0,56.0,0.9789650026495594,64452.0,4.0
1875,1155.0,5.0,0.9851846520940506,62408.0,4.0
1876,1167.0,57.0,0.9925356845064385,64458.0,4.0
1877,1027.0,45.0,0.9623905510961966,62417.0,4.0
1878,1308.0,1.0,0.9886621935243586,64466.0,4.0
1879,947.0,7.0,0.958381530199767,62430.0,4.0
1880,1061.0,45.0,0.9912401783141589,64479.0,4.0
1881,1181.0,4.0,0.9514607210715273,62432.0,4.0
1882,1187.0,36.0,0.9887167596080707,62435.0,4.0
1883,955.0,32.0,0.9812770834908144,62438.0,4.0
1884,1291.0,2.0,0.9739621592253216,64490.0,4.0
1885,1177.0,18.0,0.984868501902635,62449.0,4.0
1886,1039.0,49.0,0.9561416792802289,62453.0,4.0
1887,1170.0,58.0,0.9632521481857641,64506.0,4.0
1888,1243.0,36.0,0.9849145766922406,64516.0,4.0
1889,970.0,35.0,0.9569837925485758,62472.0,4.0
1890,1249.0,37.0,0.986840352224457,64521.0,4.0
1891,996.0,40.0,0.9663216705920222,62476.0,4.0
1892,954.0,56.0,0.9557196064072165,62477.0,4.0
1893,1004.0,24.0,0.9501376692772363,64524.0,4.0
1894,1166.0,15.0,0.9666784594346045,64526.0,4.0
1895,966.0,44.0,0.971015117468144,62483.0,4.0
1896,972.0,35.0,1.0,62486.0,4.0
1897,960.0,12.0,0.9628639874537076,62494.0,4.0
1898,976.0,30.0,0.9559031902408053,64544.0,4.0
1899,955.0,56.0,0.9900957761231693,62498.0,4.0
1900,992.0,8.0,0.9508487971535219,64548.0,4.0
1901,1192.0,5.0,0.9791825435315399,64549.0,4.0
1902,986.0,47.0,0.9946394741843316,62502.0,4.0
1903,1119.0,3.0,0.9645914243838094,64554.0,4.0
1904,987.0,47.0,0.9904210071252793,62512.0,4.0
1905,948.0,7.0,0.9536175201328012,62513.0,4.0
1906,977.0,30.0,0.9702852747670805,64561.0,4.0
1907,973.0,35.0,0.9574046253295804,62517.0,4.0
1908,1097.0,52.0,0.9911069560838014,62518.0,4.0
1909,1181.0,38.0,0.9825739554686743,64567.0,4.0
1910,1153.0,53.0,0.9905124231972431,64568.0,4.0
1911,1147.0,20.0,0.9893871065615503,64573.0,4.0
1912,1171.0,58.0,0.9700227094893888,64579.0,4.0
1913,989.0,47.0,0.9818934349984421,62532.0,4.0
1914,1167.0,19.0,0.9799017774812057,62535.0,4.0
1915,961.0,12.0,0.9603461792828648,62536.0,4.0
1916,1044.0,49.0,0.9582423733837703,62540.0,4.0
1917,988.0,13.0,0.9777545732828551,64595.0,4.0
1918,1127.0,16.0,0.9520245634499658,62549.0,4.0
1919,1266.0,2.0,0.990372971536197,62551.0,4.0
1920,961.0,55.0,0.9965991382292386,62553.0,4.0
1921,1189.0,4.0,0.9829043593097379,62557.0,4.0
1922,984.0,41.0,0.9664164741959034,62562.0,4.0
1923,880.0,14.0,0.9974245734354726,62565.0,4.0
1924,1015.0,43.0,0.9883704718719905,64615.0,4.0
1925,980.0,42.0,0.9643330661082707,62570.0,4.0
1926,969.0,26.0,0.9647810735724384,62572.0,4.0
1927,816.0,59.0,0.9640493099553266,62578.0,4.0
1928,1020.0,46.0,0.9915802841942635,62579.0,4.0
1929,991.0,47.0,0.994045894926543,62603.0,4.0
1930,963.0,55.0,0.9886518806230765,62609.0,4.0
1931,1075.0,48.0,0.985145256423974,62611.0,4.0
1932,979.0,35.0,0.9703622597386146,62619.0,4.0
1933,1074.0,21.0,0.9872808242041287,64669.0,4.0
1934,993.0,32.0,0.9619577077386322,64671.0,4.0
1935,884.0,14.0,0.991866709895603,62625.0,4.0
1936,986.0,41.0,0.9726090482446766,62632.0,4.0
1937,1198.0,36.0,0.9916824194111538,62633.0,4.0
1938,1053.0,28.0,0.9870533011055432,64684.0,4.0
1939,1158.0,5.0,0.9688154968937321,62637.0,4.0
1940,1137.0,51.0,0.9834075823365758,64693.0,4.0
1941,1106.0,48.0,0.9799828753053884,64700.0,4.0
1942,1208.0,37.0,0.9585719282681043,62654.0,4.0
1943,1090.0,51.0,0.9899504662628966,62658.0,4.0
1944,1041.0,50.0,0.9813689911103635,64706.0,4.0
1945,1027.0,21.0,0.9910147178476548,62660.0,4.0
1946,992.0,47.0,1.0,62665.0,4.0
1947,1012.0,34.0,0.980046965742233,62666.0,4.0
1948,967.0,24.0,0.9752217562621536,62668.0,4.0
1949,1009.0,22.0,0.9539810303637701,62674.0,4.0
1950,993.0,47.0,0.9698033753759739,62675.0,4.0
1951,1236.0,0.0,0.9586589308677509,64730.0,4.0
1952,1154.0,58.0,0.951426299347435,62683.0,4.0
1953,1051.0,49.0,0.9665924932187978,62685.0,4.0
1954,1052.0,49.0,0.9635367970579672,62691.0,4.0
1955,1055.0,28.0,0.9513922142035006,64743.0,4.0
1956,1018.0,9.0,0.9882432073944725,62696.0,4.0
1957,991.0,11.0,0.9892018909999956,62708.0,4.0
1958,994.0,47.0,0.9825336023746042,62710.0,4.0
1959,932.0,29.0,0.9892759801323845,62711.0,4.0
1960,1014.0,26.0,0.9873006463335536,64758.0,4.0
1961,1013.0,34.0,0.9852949800701094,62714.0,4.0
1962,968.0,24.0,0.9526923504417527,62719.0,4.0
1963,1094.0,51.0,0.9918743791552755,62720.0,4.0
1964,969.0,25.0,0.988410024154784,64775.0,4.0
1965,1007.0,28.0,0.9639355203166267,62729.0,4.0
1966,1155.0,58.0,0.9817891346219639,62733.0,4.0
1967,1021.0,9.0,0.9936374779693988,62736.0,4.0
1968,1016.0,50.0,0.9551453224370422,62746.0,4.0
1969,1013.0,33.0,0.9885907431898473,64798.0,4.0
1970,1015.0,26.0,0.9703167004793044,64805.0,4.0
1971,1033.0,27.0,0.9903439746991611,64808.0,4.0
1972,1003.0,55.0,0.9831275928053776,64811.0,4.0
1973,1148.0,20.0,0.9658276888147586,64815.0,4.0
1974,1156.0,17.0,0.9965999899621654,62773.0,4.0
1975,1042.0,31.0,0.9871676330078327,64821.0,4.0
1976,984.0,35.0,0.9638643548946706,62779.0,4.0
1977,1011.0,22.0,0.9586679490193336,62783.0,4.0
1978,1146.0,57.0,0.9742189460711372,62788.0,4.0
1979,1110.0,48.0,0.9706441889042718,64837.0,4.0
1980,1050.0,22.0,0.9760575492930353,64838.0,4.0
1981,1159.0,5.0,0.9529224951841647,62792.0,4.0
1982,970.0,24.0,0.9631852838168731,62796.0,4.0
1983,979.0,44.0,0.974265925777044,62801.0,4.0
1984,1202.0,19.0,0.9900888719583183,64852.0,4.0
1985,1032.0,21.0,0.9870361551470153,62806.0,4.0
1986,1003.0,40.0,0.9613161330345178,62807.0,4.0
1987,952.0,7.0,0.9574095961901911,62808.0,4.0
1988,964.0,55.0,0.9937520060295965,62809.0,4.0
1989,1057.0,28.0,0.9629013516253752,64856.0,4.0
1990,1010.0,24.0,0.9552328138377154,64864.0,4.0
1991,1097.0,51.0,0.9691299210467994,62818.0,4.0
1992,1025.0,41.0,0.9539846277647237,64877.0,4.0
1993,1196.0,18.0,0.9840800523217296,62830.0,4.0
1994,989.0,42.0,0.9556039432770956,62831.0,4.0
1995,1071.0,54.0,0.9805665449436538,62836.0,4.0
1996,1155.0,38.0,0.9840041726011928,62842.0,4.0
1997,993.0,43.0,0.9727230289332822,62843.0,4.0
1998,1156.0,58.0,0.9630079423251309,62844.0,4.0
1999,1030.0,46.0,0.9868663888912215,62845.0,4.0
2000,980.0,44.0,0.9900466578054905,62846.0,4.0
2001,990.0,42.0,0.9539940289707213,62847.0,4.0
2002,1117.0,53.0,0.9884361310032453,62849.0,4.0
2003,991.0,42.0,0.9754173088445544,62851.0,4.0
2004,981.0,44.0,0.9550264175916483,62860.0,4.0
2005,967.0,29.0,0.9704946678897113,64913.0,4.0
2006,997.0,6.0,0.9693814899397385,64917.0,4.0
2007,1102.0,52.0,0.9862884358720337,62870.0,4.0
2008,1202.0,4.0,0.9969008905804968,62871.0,4.0
2009,952.0,10.0,0.9657926268552979,62872.0,4.0
2010,1116.0,54.0,0.9646186048200455,64921.0,4.0
2011,1141.0,51.0,0.9676437290056659,64925.0,4.0
2012,1046.0,31.0,0.9749574792637927,64927.0,4.0
2013,973.0,33.0,0.9857778746983532,62883.0,4.0
2014,982.0,44.0,0.9576410609939137,62888.0,4.0
2015,1003.0,32.0,0.9610277248673313,64938.0,4.0
2016,1163.0,16.0,0.9585449793905616,64941.0,4.0
2017,888.0,14.0,0.9788701595945273,62894.0,4.0
2018,1083.0,51.0,0.9923721992772857,62392.0,4.0
2019,1031.0,45.0,0.9726861063926221,62905.0,4.0
2020,1143.0,17.0,0.9601703031166086,62394.0,4.0
2021,963.0,56.0,0.9625040317040405,62907.0,4.0
2022,1080.0,49.0,0.9640823559398874,63417.0,4.0
2023,1223.0,36.0,0.9747633625869988,63418.0,4.0
2024,1228.0,4.0,0.9840061640704747,63938.0,4.0
2025,1269.0,2.0,0.9770762382808428,62915.0,4.0
2026,967.0,26.0,0.9627186585866848,62404.0,4.0
2027,1116.0,3.0,0.9572609535330391,64453.0,4.0
2028,1242.0,37.0,0.9765705289448847,63942.0,4.0
2029,990.0,33.0,0.9675737611256079,63431.0,4.0
2030,1021.0,47.0,0.9751410442438474,64455.0,4.0
2031,1186.0,5.0,0.973546641142364,64456.0,4.0
2032,1091.0,45.0,0.9589011815579085,65994.0,4.0
2033,1156.0,38.0,0.9881048537282776,62924.0,4.0
2034,995.0,40.0,0.9629537791099237,62416.0,4.0
2035,1137.0,52.0,0.9832574729283062,64467.0,4.0
2036,1179.0,17.0,0.991902062685679,64980.0,4.0
2037,1142.0,15.0,0.956367434274262,62421.0,4.0
2038,1189.0,57.0,0.9771628185274521,65493.0,4.0
2039,1010.0,6.0,0.9578379090432101,65496.0,4.0
2040,993.0,44.0,0.9577736908320782,63455.0,4.0
2041,1011.0,44.0,0.9618874657440813,63967.0,4.0
2042,987.0,35.0,0.9654406766385767,62945.0,4.0
2043,930.0,29.0,0.972636078232691,62434.0,4.0
2044,1206.0,4.0,0.9915484439947846,62948.0,4.0
2045,1046.0,21.0,0.9702473286776641,63461.0,4.0
2046,1021.0,11.0,0.9719195926738001,64488.0,4.0
2047,1037.0,50.0,0.9718724454678191,64492.0,4.0
2048,973.0,8.0,1.0,63469.0,4.0
2049,1171.0,53.0,0.9723798586042374,65517.0,4.0
2050,1211.0,36.0,0.9824919375412078,62962.0,4.0
2051,1260.0,0.0,0.9561750927490656,65522.0,4.0
2052,1032.0,39.0,0.9729087940381731,63989.0,4.0
2053,983.0,43.0,0.9606012984496647,62454.0,4.0
2054,1012.0,43.0,0.9639033532189979,64502.0,4.0
2055,1187.0,5.0,0.9829462330825766,64503.0,4.0
2056,1032.0,28.0,0.9582668822340347,63993.0,4.0
2057,1184.0,15.0,0.9830336718403474,66039.0,4.0
2058,1319.0,1.0,0.9588307222532506,65534.0,4.0
2059,1175.0,20.0,0.9611120809417183,66048.0,4.0
2060,986.0,30.0,0.9548004207883908,65025.0,4.0
2061,1077.0,45.0,0.9902229953604189,65028.0,4.0
2062,1038.0,22.0,0.9673767002959639,64518.0,4.0
2063,1163.0,58.0,0.9680560605260272,64010.0,4.0
2064,1017.0,41.0,0.9828896488585527,64523.0,4.0
2065,954.0,10.0,1.0,63502.0,4.0
2066,959.0,7.0,0.9676585203872355,62991.0,4.0
2067,1064.0,46.0,1.0,64528.0,4.0
2068,1015.0,8.0,0.9776617542411957,65554.0,4.0
2069,1012.0,27.0,0.9790287188321652,64019.0,4.0
2070,1064.0,45.0,0.9715822178241946,64532.0,4.0
2071,1314.0,1.0,0.9749280163755327,65046.0,4.0
2072,1179.0,57.0,0.985352984073635,65049.0,4.0
2073,982.0,10.0,0.9771702549228014,65562.0,4.0
2074,964.0,25.0,0.9562766437321794,64028.0,4.0
2075,1142.0,3.0,0.9648387900440923,65457.0,4.0
2076,1192.0,58.0,0.9559525517142662,65574.0,4.0
2077,1025.0,31.0,0.978704604189341,64039.0,4.0
2078,1167.0,15.0,0.9914662197995341,64551.0,4.0
2079,1177.0,58.0,0.9672088509278086,65064.0,4.0
2080,1004.0,25.0,0.9737385246190569,66089.0,4.0
2081,961.0,7.0,0.9502675113862217,63019.0,4.0
2082,1215.0,5.0,0.9827842168739008,65579.0,4.0
2083,978.0,42.0,0.9659119534415973,62509.0,4.0
2084,1023.0,30.0,0.9662563322007686,65967.0,4.0
2085,1229.0,18.0,0.9723071621242512,64559.0,4.0
2086,1000.0,6.0,0.9616052706239199,65077.0,4.0
2087,892.0,14.0,0.9914285169972806,63030.0,4.0
2088,1018.0,24.0,0.9579292364600838,65079.0,4.0
2089,813.0,59.0,0.9600243522466757,62522.0,4.0
2090,1070.0,28.0,0.9592445515800486,66107.0,4.0
2091,1144.0,16.0,0.985614699296231,63551.0,4.0
2092,955.0,29.0,0.9601888759162878,64063.0,4.0
2093,978.0,24.0,0.9513270566837885,63041.0,4.0
2094,967.0,12.0,0.9652063961194047,63042.0,4.0
2095,1049.0,40.0,0.9823759928661084,65603.0,4.0
2096,1245.0,37.0,0.982377591544289,64068.0,4.0
2097,1177.0,53.0,0.9698864382891422,66119.0,4.0
2098,1061.0,50.0,0.9717352932568903,65610.0,4.0
2099,1025.0,27.0,0.9719276084750457,64588.0,4.0
2100,1253.0,1.0,1.0,62543.0,4.0
2101,1018.0,31.0,0.9775537252456559,63567.0,4.0
2102,987.0,13.0,0.9802073057925712,64592.0,4.0
2103,1006.0,33.0,0.9856127431964204,64082.0,4.0
2104,987.0,44.0,0.9644064654811677,63059.0,4.0
2105,1179.0,20.0,0.9538676122440887,66130.0,4.0
2106,962.0,7.0,0.958920959172561,63066.0,4.0
2107,962.0,55.0,0.9893760492478176,62555.0,4.0
2108,962.0,32.0,0.9696461798984942,63067.0,4.0
2109,981.0,55.0,0.9833397108475975,63578.0,4.0
2110,1011.0,34.0,0.9825703858604767,62558.0,4.0
2111,1110.0,51.0,0.9564485669283149,63583.0,4.0
2112,1014.0,9.0,0.9501503266186656,62560.0,4.0
2113,1121.0,53.0,1.0,63073.0,4.0
2114,1046.0,49.0,0.9649450835124267,62566.0,4.0
2115,1178.0,17.0,0.9842247719765428,64616.0,4.0
2116,992.0,27.0,0.9779986645008659,62571.0,4.0
2117,1004.0,43.0,0.979561794951322,63595.0,4.0
2118,1013.0,11.0,0.9635468248249993,64112.0,4.0
2119,1158.0,38.0,0.9746039906227487,63092.0,4.0
2120,1010.0,30.0,0.9574586953466684,65652.0,4.0
2121,1181.0,20.0,0.982473162968631,66167.0,4.0
2122,1034.0,47.0,0.9722646458684895,65144.0,4.0
2123,970.0,30.0,0.9504525472660347,64122.0,4.0
2124,1054.0,31.0,0.9711743386183057,65147.0,4.0
2125,1152.0,15.0,0.9841826340845778,63616.0,4.0
2126,1230.0,4.0,0.9896586939226516,64129.0,4.0
2127,1032.0,41.0,0.9710038953663659,65152.0,4.0
2128,984.0,25.0,0.9861759080743726,65664.0,4.0
2129,993.0,6.0,0.9599382924316203,64644.0,4.0
2130,817.0,59.0,0.9621794977431796,62605.0,4.0
2131,1171.0,16.0,0.9667679318533682,66292.0,4.0
2132,1252.0,37.0,0.981675447215533,64656.0,4.0
2133,1264.0,37.0,0.9787919874704972,65169.0,4.0
2134,989.0,44.0,0.9666216522717693,63122.0,4.0
2135,1194.0,5.0,0.9861345862395461,64660.0,4.0
2136,1133.0,52.0,0.9602132644936848,64149.0,4.0
2137,1036.0,13.0,0.9635046079387707,66198.0,4.0
2138,1229.0,0.0,0.9771460514663509,64151.0,4.0
2139,984.0,10.0,0.9508718425347755,65693.0,4.0
2140,942.0,29.0,0.9693228623213085,63134.0,4.0
2141,1010.0,43.0,0.9510071325409097,64159.0,4.0
2142,1016.0,13.0,0.9595385598177403,65695.0,4.0
2143,1293.0,0.0,0.959129947984221,66207.0,4.0
2144,1294.0,2.0,0.9685561286382997,64675.0,4.0
2145,1050.0,27.0,0.974552234667656,65700.0,4.0
2146,1024.0,34.0,0.9754115683650919,63657.0,4.0
2147,1017.0,9.0,0.9828369006852311,62635.0,4.0
2148,1218.0,18.0,0.9923178606749616,63659.0,4.0
2149,1034.0,34.0,0.9956712162160206,64172.0,4.0
2150,993.0,56.0,0.9605894824961942,64685.0,4.0
2151,997.0,7.0,1.0,64686.0,4.0
2152,1045.0,22.0,0.9681922524939398,64688.0,4.0
2153,1072.0,23.0,0.9759875181771548,65710.0,4.0
2154,1056.0,31.0,0.9659974113789094,65203.0,4.0
2155,1168.0,19.0,1.0,62644.0,4.0
2156,956.0,32.0,0.958846872211193,62645.0,4.0
2157,999.0,26.0,0.9917032916198586,64188.0,4.0
2158,1105.0,54.0,0.9734971424048041,64189.0,4.0
2159,994.0,32.0,0.9655571837854805,64702.0,4.0
2160,1216.0,58.0,0.9501189540136895,66247.0,4.0
2161,983.0,33.0,0.9721961751085525,63176.0,4.0
2162,1023.0,40.0,0.9564244820282998,64201.0,4.0
2163,1250.0,0.0,0.966743150261672,65224.0,4.0
2164,966.0,24.0,0.9512005056449854,62667.0,4.0
2165,1113.0,51.0,0.9851260223655401,63691.0,4.0
2166,1106.0,3.0,0.9809899175666138,63692.0,4.0
2167,1123.0,54.0,0.9561758552557823,65229.0,4.0
2168,1062.0,34.0,0.9598972313977177,65743.0,4.0
2169,1040.0,28.0,0.9755673944603235,64208.0,4.0
2170,1148.0,52.0,0.9670543606652136,65236.0,4.0
2171,1170.0,5.0,0.9706086197805059,63189.0,4.0
2172,1040.0,34.0,1.0,64725.0,4.0
2173,1001.0,13.0,0.9899107026415451,65237.0,4.0
2174,1004.0,11.0,0.9660715632622574,63704.0,4.0
2175,1012.0,47.0,0.9612211165801289,63705.0,4.0
2176,986.0,10.0,0.9594844980782582,65748.0,4.0
2177,1069.0,45.0,0.968259567009598,64731.0,4.0
2178,1048.0,23.0,0.9709167374530815,64734.0,4.0
2179,973.0,44.0,0.9770327859256893,62687.0,4.0
2180,1169.0,19.0,0.9520185910553224,62688.0,4.0
2181,1135.0,52.0,0.9521385106306626,64223.0,4.0
2182,980.0,35.0,0.952952610688854,62690.0,4.0
2183,1155.0,57.0,0.9858275421744748,63715.0,4.0
2184,1200.0,19.0,0.9807815948166083,64737.0,4.0
2185,969.0,33.0,0.967512476002213,62694.0,4.0
2186,1011.0,40.0,0.964849650858349,63207.0,4.0
2187,1053.0,21.0,0.9958658031851662,63719.0,4.0
2188,1013.0,47.0,0.9693060581149187,63721.0,4.0
2189,1000.0,26.0,0.9752472504556354,64232.0,4.0
2190,1011.0,41.0,0.9607340154750312,64234.0,4.0
2191,1012.0,26.0,0.978333406408709,64747.0,4.0
2192,928.0,14.0,0.9767610196731435,64749.0,4.0
2193,975.0,32.0,0.9565959081467668,63726.0,4.0
2194,998.0,7.0,0.9750849637258259,64750.0,4.0
2195,1067.0,28.0,0.962838815080053,65771.0,4.0
2196,1282.0,1.0,0.9827597354889547,63217.0,4.0
2197,1159.0,38.0,0.9766923182178855,63218.0,4.0
2198,907.0,14.0,0.9778805723316933,63729.0,4.0
2199,1173.0,58.0,0.9614924155678337,64756.0,4.0
2200,1093.0,51.0,0.9914584252111854,62709.0,4.0
2201,1004.0,35.0,0.9597987101781309,63733.0,4.0
2202,979.0,12.0,0.9687319325192374,63735.0,4.0
2203,1167.0,53.0,0.9961022677317479,65265.0,4.0
2204,978.0,25.0,0.992467383148618,65267.0,4.0
2205,1008.0,55.0,0.9935630437348434,65269.0,4.0
2206,1195.0,4.0,0.9967954718723155,62715.0,4.0
2207,1044.0,9.0,0.966957105739223,63739.0,4.0
2208,983.0,55.0,0.967899859347843,63741.0,4.0
2209,1050.0,50.0,0.9829896600916052,65275.0,4.0
2210,976.0,32.0,0.9652677030638916,63744.0,4.0
2211,1028.0,21.0,0.9646068688745653,62721.0,4.0
2212,1036.0,41.0,0.9562387060062818,65280.0,4.0
2213,1058.0,39.0,0.9857611901940883,65285.0,4.0
2214,1168.0,53.0,0.9706003782571451,65289.0,4.0
2215,1116.0,48.0,0.9671940829473118,65291.0,4.0
2216,1135.0,16.0,0.9863952273334554,63244.0,4.0
2217,1029.0,21.0,0.9960002082433567,62734.0,4.0
2218,998.0,12.0,0.9590864214043322,64784.0,4.0
2219,1090.0,48.0,0.9720363357758331,63764.0,4.0
2220,1219.0,18.0,0.9585340342024468,63765.0,4.0
2221,1198.0,57.0,0.9700240716803951,65812.0,4.0
2222,1218.0,36.0,0.9739444581028878,63258.0,4.0
2223,1000.0,8.0,0.984302534851417,64803.0,4.0
2224,1133.0,17.0,0.9676065707928542,62244.0,4.0
2225,1327.0,2.0,0.9785520000250618,65827.0,4.0
2226,1202.0,20.0,0.9824622867253049,66340.0,4.0
2227,984.0,55.0,0.9854376711847466,63783.0,4.0
2228,1014.0,28.0,0.9927626838427106,63273.0,4.0
2229,1005.0,35.0,0.9661309291830429,63786.0,4.0
2230,780.0,59.0,0.9837926901368332,62253.0,4.0
2231,1145.0,15.0,0.9712396920356314,62765.0,4.0
2232,999.0,42.0,0.9709957253433873,63281.0,4.0
2233,1175.0,38.0,0.9737407306287016,64305.0,4.0
2234,1181.0,19.0,0.9813444943709724,63795.0,4.0
2235,1083.0,48.0,0.9921491369988982,63284.0,4.0
2236,1041.0,31.0,0.9813973015886908,64817.0,4.0
2237,970.0,12.0,0.9553914540033955,63286.0,4.0
2238,1141.0,52.0,0.9694778090405848,64822.0,4.0
2239,1054.0,50.0,0.9509862870194894,65334.0,4.0
2240,1002.0,40.0,0.9509394416295969,62777.0,4.0
2241,1136.0,16.0,0.9821661234627991,63289.0,4.0
2242,1006.0,11.0,0.9680342848131438,63803.0,4.0
2243,886.0,14.0,0.9598986558354502,62780.0,4.0
2244,1009.0,56.0,0.9781522449506156,65338.0,4.0
2245,1021.0,8.0,0.9705584052167914,65856.0,4.0
2246,962.0,35.0,0.9695670236741528,62273.0,4.0
2247,1001.0,8.0,0.9546997100675133,64834.0,4.0
2248,1040.0,27.0,0.9787920767061863,65345.0,4.0
2249,791.0,59.0,0.9601870125724178,62278.0,4.0
2250,1204.0,36.0,0.9801024619014957,62791.0,4.0
2251,1006.0,47.0,0.9720154305215276,63304.0,4.0
2252,1046.0,9.0,0.9738896294988079,63819.0,4.0
2253,1267.0,37.0,0.9682708216122625,65355.0,4.0
2254,994.0,41.0,0.9664617856053055,63311.0,4.0
2255,1009.0,9.0,0.9821436281393693,62288.0,4.0
2256,795.0,59.0,0.9571699007180858,62289.0,4.0
2257,1134.0,20.0,0.9741334686230793,63824.0,4.0
2258,934.0,29.0,0.9639620319590991,62804.0,4.0
2259,1301.0,2.0,0.9827503422074088,64854.0,4.0
2260,1023.0,13.0,0.9610692506992042,65880.0,4.0
2261,1005.0,43.0,0.9509122378956287,63833.0,4.0
2262,1020.0,39.0,0.996226802655198,63325.0,4.0
2263,1028.0,46.0,0.9954881103353228,62814.0,4.0
2264,1010.0,46.0,0.9761891993771866,62303.0,4.0
2265,974.0,56.0,0.9563099458103128,63839.0,4.0
2266,1101.0,48.0,0.9902537440332352,64351.0,4.0
2267,1066.0,21.0,0.972180559441964,64354.0,4.0
2268,1051.0,22.0,0.9636726557868948,64863.0,4.0
2269,1077.0,23.0,0.9776294372888609,65887.0,4.0
2270,1029.0,46.0,0.9958671143972492,62823.0,4.0
2271,988.0,42.0,0.9583557722784604,62824.0,4.0
2272,1078.0,23.0,0.987738167301837,65897.0,4.0
2273,1061.0,49.0,0.959181018393695,62826.0,4.0
2274,1018.0,26.0,0.9613149197708967,64875.0,4.0
2275,1085.0,48.0,0.9907722642954969,63340.0,4.0
2276,920.0,14.0,0.9929039450034028,64366.0,4.0
2277,1127.0,3.0,0.958622507771295,64878.0,4.0
2278,1207.0,36.0,0.9794997855499642,62837.0,4.0
2279,1011.0,46.0,0.9841202188369137,62326.0,4.0
2280,1098.0,54.0,0.9835563144550394,63862.0,4.0
2281,1054.0,23.0,0.9700302273503515,64888.0,4.0
2282,953.0,10.0,0.9713366110065562,63353.0,4.0
2283,962.0,29.0,0.9591227432042922,64378.0,4.0
2284,1128.0,3.0,0.9766960585149536,64891.0,4.0
2285,1282.0,0.0,0.9520138813246798,65911.0,4.0
2286,1131.0,51.0,0.9553741573502694,64381.0,4.0
2287,973.0,42.0,0.9821752198456344,62334.0,4.0
2288,1044.0,50.0,0.9635601682054244,64895.0,4.0
2289,1122.0,16.0,0.9565997158310903,62338.0,4.0
2290,975.0,6.0,0.9746199501688069,63366.0,4.0
2291,1001.0,56.0,0.9800583077329595,64903.0,4.0
2292,1059.0,22.0,0.9736347984607275,65416.0,4.0
2293,1228.0,18.0,0.9842341290006866,64396.0,4.0
2294,1197.0,18.0,0.9529706394394,62863.0,4.0
2295,974.0,42.0,0.9841880773500937,62352.0,4.0
2296,989.0,6.0,0.9754864749791125,64401.0,4.0
2297,1313.0,1.0,0.9545827568728745,64915.0,4.0
2298,1009.0,11.0,0.9705775704839061,63892.0,4.0
2299,973.0,24.0,0.9823656736984783,62874.0,4.0
2300,1176.0,19.0,0.9726479906834367,63387.0,4.0
2301,1319.0,2.0,0.955266256133536,65435.0,4.0
2302,994.0,25.0,0.981408695498899,65948.0,4.0
2303,962.0,24.0,0.9794936049721595,62368.0,4.0
2304,1062.0,49.0,0.9670644089818181,62880.0,4.0
2305,1109.0,54.0,1.0,64416.0,4.0
2306,1014.0,33.0,0.9917959532986853,64929.0,4.0
2307,1127.0,54.0,0.9814551001960344,65440.0,4.0
2308,1198.0,38.0,0.9858340477479329,65443.0,4.0
2309,965.0,12.0,0.9645241926646483,62890.0,4.0
2310,1063.0,49.0,0.9550338193516669,62892.0,4.0
2311,1176.0,57.0,0.9544709189454265,64940.0,4.0
2312,1003.0,30.0,0.9616070863164717,65453.0,4.0
2313,1060.0,22.0,0.9789743348803633,65455.0,4.0
2314,1060.0,39.0,0.9858792602301478,65456.0,4.0
2315,1204.0,4.0,0.9671101086619589,62897.0,4.0
2316,1046.0,39.0,0.9885639732694743,64438.0,4.0
2317,1305.0,2.0,0.9692300344072748,64957.0,4.0
2318,1010.0,34.0,0.9743250904791306,62398.0,4.0
2319,1178.0,19.0,0.9747915531184315,63423.0,4.0
2320,1004.0,41.0,0.9663354601391252,63936.0,4.0
2321,1005.0,42.0,0.9799435107872633,63425.0,4.0
2322,1189.0,19.0,0.9537358564185409,63937.0,4.0
2323,1110.0,54.0,0.984372726784405,64447.0,4.0
2324,1219.0,4.0,0.966083678008428,63428.0,4.0
2325,1321.0,1.0,0.9795833356637391,65989.0,4.0
2326,987.0,56.0,0.9749591215615425,64451.0,4.0
2327,1059.0,31.0,0.9612398738730564,65479.0,4.0
2328,1023.0,39.0,0.9882401884186544,63432.0,4.0
2329,1072.0,50.0,0.9843374928825367,65993.0,4.0
2330,1306.0,1.0,0.9612233965452274,64457.0,4.0
2331,1062.0,31.0,0.9619986766312046,65995.0,4.0
2332,995.0,41.0,0.9833665234874854,63437.0,4.0
2333,1200.0,18.0,0.9503112791905448,62926.0,4.0
2334,1170.0,16.0,0.9614181237208904,65999.0,4.0
2335,1020.0,22.0,0.9565899402164492,63441.0,4.0
2336,958.0,12.0,0.9521895823071077,62420.0,4.0
2337,1042.0,11.0,0.957937567496249,66007.0,4.0
2338,1023.0,27.0,1.0,64472.0,4.0
2339,1013.0,31.0,0.9502138949438889,63450.0,4.0
2340,1047.0,28.0,0.9568508064921347,64474.0,4.0
2341,959.0,12.0,0.962510331880336,62427.0,4.0
2342,1048.0,45.0,0.9827021293189312,63969.0,4.0
2343,963.0,10.0,0.9638778337025916,64483.0,4.0
2344,1004.0,33.0,0.9823156288002741,63972.0,4.0
2345,969.0,7.0,0.9556858606456728,63462.0,4.0
2346,1023.0,47.0,0.9658543589375963,64491.0,4.0
2347,1015.0,31.0,0.9596129201680109,63468.0,4.0
2348,1161.0,57.0,0.9700465623703542,63987.0,4.0
2349,969.0,35.0,0.9664843676664854,62451.0,4.0
2350,957.0,7.0,0.9773596524487703,62965.0,4.0
2351,1144.0,52.0,0.9667488263631108,65014.0,4.0
2352,1224.0,36.0,0.9581504777842123,63478.0,4.0
2353,1006.0,32.0,0.9601447055482709,65016.0,4.0
2354,1055.0,9.0,0.9779407456614291,64515.0,4.0
2355,1070.0,34.0,0.9727169138826692,66056.0,4.0
2356,1329.0,2.0,0.9765482894299102,66058.0,4.0
2357,1037.0,9.0,0.9785034653428434,63499.0,4.0
2358,1063.0,39.0,0.9719452299650573,65549.0,4.0
2359,1146.0,20.0,0.9659014637866878,64527.0,4.0
2360,940.0,14.0,0.9638950218901514,65553.0,4.0
2361,975.0,13.0,0.9684635810367591,63508.0,4.0
2362,996.0,42.0,0.9601888663473889,62997.0,4.0
2363,912.0,14.0,0.9621992491401304,64020.0,4.0
2364,1074.0,50.0,0.9540281937538805,66068.0,4.0
2365,1043.0,11.0,0.9706868581055627,66072.0,4.0
2366,809.0,59.0,0.9597203041131962,62485.0,4.0
2367,974.0,8.0,0.9635365411228642,63514.0,4.0
2368,1165.0,38.0,0.9773856831305692,63515.0,4.0
2369,1159.0,16.0,0.9671826934482314,64536.0,4.0
2370,964.0,10.0,0.960413201329666,64541.0,4.0
2371,1078.0,45.0,0.9920709010385074,65055.0,4.0
2372,1275.0,37.0,0.9750328226861873,66080.0,4.0
2373,1001.0,25.0,0.9765160587173992,66081.0,4.0
2374,1141.0,53.0,1.0,64035.0,4.0
2375,939.0,29.0,0.9730881284663266,63012.0,4.0
2376,1289.0,0.0,0.9652648737648158,66085.0,4.0
2377,979.0,33.0,0.9757168837973215,63014.0,4.0
2378,1191.0,5.0,0.9603863971339326,64547.0,4.0
2379,1005.0,33.0,0.9602102005606243,64040.0,4.0
2380,996.0,24.0,0.9643720804222027,64041.0,4.0
2381,879.0,14.0,0.9771739602556379,62503.0,4.0
2382,811.0,59.0,0.9671819750976218,62514.0,4.0
2383,1049.0,28.0,0.9581288297857482,64564.0,4.0
2384,1002.0,47.0,0.9680012897254512,63029.0,4.0
2385,1111.0,3.0,0.957473349062023,64053.0,4.0
2386,1208.0,58.0,0.9832344736215615,66104.0,4.0
2387,1066.0,22.0,0.9595768166260297,65593.0,4.0
2388,1013.0,43.0,0.9574774133317054,64569.0,4.0
2389,1161.0,17.0,0.9759478254137456,63038.0,4.0
2390,1012.0,13.0,0.962734270629132,65600.0,4.0
2391,986.0,13.0,0.9835999673854959,64576.0,4.0
2392,974.0,35.0,0.9761442590886036,62531.0,4.0
2393,925.0,14.0,0.9515984367335311,64581.0,4.0
2394,1149.0,17.0,0.9746443321376551,62534.0,4.0
2395,965.0,8.0,0.986838815746578,63050.0,4.0
2396,979.0,55.0,0.9502502944486498,63565.0,4.0
2397,1041.0,40.0,0.9570767291504944,65102.0,4.0
2398,1178.0,20.0,0.9561077896770513,66127.0,4.0
2399,1035.0,46.0,0.9744038001934089,63056.0,4.0
2400,1002.0,44.0,0.9762848448697675,63569.0,4.0
2401,994.0,7.0,0.9668055325526644,64594.0,4.0
2402,1178.0,53.0,0.9625904256560989,66132.0,4.0
2403,1263.0,37.0,0.9738860203282943,65110.0,4.0
2404,1322.0,1.0,0.9834654858534492,66134.0,4.0
2405,1156.0,20.0,0.9553877225771434,65112.0,4.0
2406,1161.0,52.0,0.9780039806727877,66135.0,4.0
2407,1188.0,4.0,0.963540404043461,62552.0,4.0
2408,1016.0,34.0,0.9567319088312066,63072.0,4.0
2409,985.0,41.0,0.9588088251992319,62563.0,4.0
2410,1021.0,40.0,0.9818852580967657,64100.0,4.0
2411,981.0,42.0,0.9533346977895223,62576.0,4.0
2412,1048.0,46.0,0.9613823768475839,63601.0,4.0
2413,1268.0,0.0,0.9773441444562755,65651.0,4.0
2414,988.0,55.0,0.9877806558010634,64118.0,4.0
2415,1222.0,4.0,0.9733862219598725,63608.0,4.0
2416,1178.0,5.0,0.9781453872413516,63609.0,4.0
2417,1015.0,6.0,0.9573044175762728,65656.0,4.0
2418,941.0,29.0,0.9798191188561989,63100.0,4.0
2419,975.0,29.0,0.960355364169006,65151.0,4.0
2420,1174.0,17.0,0.9842918648266057,64127.0,4.0
2421,993.0,41.0,0.9766425618078134,63108.0,4.0
2422,990.0,13.0,0.960134028394708,64647.0,4.0
2423,1027.0,42.0,0.9910182339175515,65161.0,4.0
2424,992.0,56.0,0.9653675518124676,64651.0,4.0
2425,1144.0,51.0,0.974396010714853,65166.0,4.0
2426,982.0,55.0,0.9853766162688503,63633.0,4.0
2427,1178.0,15.0,0.9645867393774095,65170.0,4.0
2428,1040.0,50.0,0.9790362531300395,64657.0,4.0
2429,1213.0,36.0,0.9522665568090646,63124.0,4.0
2430,992.0,35.0,0.9780137091150064,63125.0,4.0
2431,1062.0,9.0,0.9601828658865954,65684.0,4.0
2432,1049.0,21.0,1.0,63638.0,4.0
2433,1003.0,47.0,0.9798855529990357,63129.0,4.0
2434,993.0,35.0,0.9529997626091794,63130.0,4.0
2435,1193.0,57.0,0.9623956623181514,65690.0,4.0
2436,1105.0,3.0,0.9667228434865814,63644.0,4.0
2437,1179.0,15.0,0.9869853124739913,65181.0,4.0
2438,969.0,44.0,0.9531427243906059,62618.0,4.0
2439,1234.0,18.0,0.9760797934687364,65697.0,4.0
2440,1173.0,38.0,1.0,64162.0,4.0
2441,996.0,8.0,0.95158740517304,64673.0,4.0
2442,1170.0,15.0,0.9836945676696837,64674.0,4.0
2443,1013.0,25.0,0.9826256047944208,66213.0,4.0
2444,1067.0,46.0,0.9773595070635845,64676.0,4.0
2445,1095.0,21.0,0.9601256741337132,66215.0,4.0
2446,1194.0,19.0,0.9957503208997571,64169.0,4.0
2447,1066.0,54.0,0.9750162554641025,62634.0,4.0
2448,976.0,26.0,0.9597572973464951,63152.0,4.0
2449,1018.0,56.0,0.9593611507874921,65715.0,4.0
2450,971.0,44.0,0.9753535399185106,62646.0,4.0
2451,1074.0,23.0,0.9658086792406655,65719.0,4.0
2452,1017.0,44.0,0.9600710309456738,64696.0,4.0
2453,1113.0,54.0,0.9641258746441773,64698.0,4.0
2454,1054.0,28.0,0.9747112550475612,64699.0,4.0
2455,1037.0,46.0,0.9551533017507776,63164.0,4.0
2456,965.0,32.0,0.9604050948375508,63167.0,4.0
2457,975.0,25.0,0.9511810200405096,65215.0,4.0
2458,1254.0,37.0,0.9786184081353725,64711.0,4.0
2459,1138.0,51.0,0.984838609440321,64717.0,4.0
2460,1146.0,51.0,0.9511328436980216,65230.0,4.0
2461,1120.0,52.0,0.9659477416541814,63694.0,4.0
2462,1023.0,32.0,0.9620796057232672,66258.0,4.0
2463,1099.0,23.0,0.9802666707663987,66260.0,4.0
2464,931.0,29.0,0.9776976310827528,62676.0,4.0
2465,1087.0,21.0,0.974574742071767,65238.0,4.0
2466,1035.0,6.0,0.9683048797241145,66265.0,4.0
2467,1052.0,39.0,0.9595396463155511,64732.0,4.0
2468,1056.0,39.0,0.9668225437303061,65245.0,4.0
2469,1035.0,22.0,0.966022926911334,64221.0,4.0
2470,1179.0,5.0,0.9890130023345098,63711.0,4.0
2471,1006.0,12.0,0.9834871339120219,65251.0,4.0
2472,1020.0,34.0,0.9569508269663075,63204.0,4.0
2473,1016.0,11.0,0.9581621271173786,64227.0,4.0
2474,1294.0,1.0,0.9548573990880871,63728.0,4.0
2475,987.0,7.0,0.9889105450942625,64243.0,4.0
2476,993.0,24.0,0.953470000339627,63736.0,4.0
2477,1194.0,4.0,0.9512856405731969,62712.0,4.0
2478,1014.0,30.0,0.9671260044497262,65786.0,4.0
2479,1031.0,27.0,0.9731646311741723,64764.0,4.0
2480,1088.0,21.0,0.9789237310026304,65277.0,4.0
2481,994.0,24.0,0.963987985996404,63742.0,4.0
2482,1283.0,2.0,0.9861223647152111,64253.0,4.0
2483,1168.0,58.0,0.9691767275959589,64254.0,4.0
2484,1071.0,45.0,0.9965015063942448,64766.0,4.0
2485,1093.0,49.0,0.9759401619073974,64259.0,4.0
2486,1015.0,30.0,0.9501968036101293,65797.0,4.0
2487,1231.0,36.0,0.968963413941449,63751.0,4.0
2488,1154.0,17.0,0.9829993734417227,62730.0,4.0
2489,1198.0,20.0,0.952685485455412,66318.0,4.0
2490,988.0,26.0,0.988680213832092,63761.0,4.0
2491,971.0,33.0,0.9805640266112277,62741.0,4.0
2492,966.0,32.0,0.9616130590238382,63254.0,4.0
2493,1075.0,49.0,0.9676425633083537,63256.0,4.0
2494,1208.0,18.0,0.9559742772181379,63257.0,4.0
2495,1155.0,15.0,0.9872533506365102,63778.0,4.0
2496,1239.0,0.0,0.9919181588024245,64804.0,4.0
2497,1038.0,45.0,0.9828800407322492,63272.0,4.0
2498,1101.0,3.0,0.9698977917734484,63276.0,4.0
2499,967.0,56.0,0.9776153909728335,63277.0,4.0
2500,969.0,12.0,0.9529871427593961,63279.0,4.0
2501,1077.0,49.0,0.9802546648912496,63280.0,4.0
2502,1180.0,53.0,0.973733490605526,66351.0,4.0
2503,1171.0,5.0,0.9678710823624664,63282.0,4.0
2504,781.0,59.0,0.9711684533544095,62256.0,4.0
2505,1068.0,28.0,0.9578275226617216,65847.0,4.0
2506,966.0,30.0,0.9614444217323239,63807.0,4.0
2507,1226.0,18.0,0.9715399422168449,64320.0,4.0
2508,1182.0,19.0,0.9801967705077083,63809.0,4.0
2509,963.0,25.0,0.9963968356400987,63814.0,4.0
2510,1273.0,37.0,0.9642284516513935,65862.0,4.0
2511,793.0,59.0,0.9797475047869131,62283.0,4.0
2512,1100.0,48.0,0.9785182126831918,64332.0,4.0
2513,992.0,43.0,0.9652694644386722,62800.0,4.0
2514,1205.0,36.0,0.9560906881520606,62803.0,4.0
2515,1022.0,6.0,0.9829417424560695,65876.0,4.0
2516,1058.0,22.0,0.9556379968168018,65368.0,4.0
2517,1091.0,48.0,0.9695124188793806,63832.0,4.0
2518,1279.0,0.0,0.9875961778349913,65882.0,4.0
2519,1125.0,52.0,0.9637395933044468,63835.0,4.0
2520,1185.0,38.0,0.9736960798083233,64859.0,4.0
2521,960.0,10.0,0.9570923153505553,64349.0,4.0
2522,1055.0,50.0,0.9510044549092521,65380.0,4.0
2523,1078.0,48.0,0.9835651026750813,62825.0,4.0
2524,1174.0,57.0,0.9659025730268926,64874.0,4.0
2525,1163.0,53.0,0.9873544618453314,64880.0,4.0
2526,1186.0,58.0,0.992459297456885,65393.0,4.0
2527,1175.0,57.0,0.9834100066024822,64890.0,4.0
2528,1018.0,40.0,0.9825165454714742,63867.0,4.0
2529,974.0,6.0,0.9512336667047036,63356.0,4.0
2530,1033.0,9.0,0.9580479067276775,63358.0,4.0
2531,1041.0,27.0,0.9728188724080525,65407.0,4.0
2532,1115.0,54.0,0.9581208483080248,64896.0,4.0
2533,1166.0,16.0,0.9792899691765861,65409.0,4.0
2534,974.0,30.0,0.9736434705429771,64386.0,4.0
2535,989.0,8.0,0.9755708575403402,64388.0,4.0
2536,1087.0,49.0,0.9550696190868501,63877.0,4.0
2537,1001.0,24.0,0.9721718379913036,64390.0,4.0
2538,1006.0,26.0,0.9549734688985814,64391.0,4.0
2539,998.0,47.0,0.9854653468336807,62853.0,4.0
2540,1024.0,43.0,0.9709000593353645,65417.0,4.0
2541,986.0,55.0,0.9964023938378327,63881.0,4.0
2542,1019.0,11.0,0.9583406774978009,64393.0,4.0
2543,1132.0,51.0,0.9827073027904595,64400.0,4.0
2544,1025.0,43.0,0.9781854212908474,65431.0,4.0
2545,1140.0,3.0,0.954458368249751,65432.0,4.0
2546,977.0,10.0,0.9770900356999217,65434.0,4.0
2547,1167.0,16.0,0.962775665911589,65437.0,4.0
2548,1080.0,23.0,0.9574054327729138,65950.0,4.0
2549,1081.0,23.0,0.9614463393152497,65951.0,4.0
2550,1202.0,58.0,1.0,65954.0,4.0
2551,970.0,26.0,0.9720521407506144,62884.0,4.0
2552,1042.0,27.0,0.9887973405234053,65448.0,4.0
2553,1013.0,40.0,0.9833002068807305,63401.0,4.0
2554,1320.0,2.0,0.9708164306023508,65458.0,4.0
2555,1079.0,48.0,0.9668514179655164,62899.0,4.0
2556,1214.0,38.0,0.9754290699540391,65972.0,4.0
