,ms2_id,Sample_id,explained_Int(%),SummMS2Table_id,Slice_id
0,1410.0,18.0,0.9697163410570103,73146.0,4.0
1,1198.0,49.0,0.9927010056444383,73147.0,4.0
2,1133.0,8.0,0.9620375180442169,73150.0,4.0
3,1395.0,19.0,0.9704937725856736,73155.0,4.0
4,1077.0,29.0,0.9963739556727212,73158.0,4.0
5,1411.0,57.0,0.9649616194334174,73163.0,4.0
6,1109.0,35.0,0.9936632611411216,73166.0,4.0
7,1194.0,49.0,0.9733070344678739,73175.0,4.0
8,1128.0,42.0,0.9763621422583731,73177.0,4.0
9,1377.0,38.0,0.9860777995689806,73183.0,4.0
10,1376.0,38.0,0.9741364642041694,73184.0,4.0
11,1456.0,4.0,0.9927734663964884,73187.0,4.0
12,1405.0,18.0,0.9963977572776335,73191.0,4.0
13,1406.0,18.0,0.9918663796319748,73192.0,4.0
14,1297.0,54.0,0.9949309788537776,73194.0,4.0
15,1442.0,36.0,0.9723839665026675,73197.0,4.0
16,1426.0,5.0,0.9825725229809268,73203.0,4.0
17,1428.0,5.0,0.9793725793254349,73207.0,4.0
18,1497.0,1.0,0.9879631891851187,73213.0,4.0
19,1495.0,1.0,0.9933015015265779,73219.0,4.0
20,1116.0,43.0,0.9636694617857418,73221.0,4.0
21,1459.0,4.0,0.9523777028437751,73223.0,4.0
22,1461.0,4.0,0.997309829253752,73233.0,4.0
23,1491.0,2.0,0.9887341590149665,73237.0,4.0
24,1231.0,51.0,0.9893127834693867,73239.0,4.0
25,1264.0,53.0,0.9931775740390298,73242.0,4.0
26,1453.0,4.0,0.9712082191714891,73246.0,4.0
27,1430.0,5.0,0.973660831861974,73250.0,4.0
28,1163.0,27.0,0.9954861576252287,73254.0,4.0
29,1110.0,7.0,0.9791996612242903,73255.0,4.0
30,1112.0,7.0,0.9654941474070402,73258.0,4.0
31,1199.0,40.0,0.9620168743689652,73267.0,4.0
32,1224.0,16.0,0.9684181897217841,73272.0,4.0
33,1201.0,40.0,0.9724407869818988,73273.0,4.0
34,1410.0,58.0,0.9885366905150741,73287.0,4.0
35,1166.0,6.0,0.9643936049526982,73291.0,4.0
36,1125.0,42.0,0.979957714605764,73292.0,4.0
37,1182.0,45.0,0.9954325772504423,73297.0,4.0
38,1043.0,14.0,0.9962277218116913,73298.0,4.0
39,1245.0,15.0,0.9836618273984653,73299.0,4.0
40,1228.0,16.0,0.9972845500327129,73300.0,4.0
41,1128.0,47.0,0.9899115190696375,73301.0,4.0
42,1266.0,53.0,0.970217354014779,73302.0,4.0
43,1171.0,9.0,0.9912597007719857,73303.0,4.0
44,1136.0,24.0,0.9958635715166934,73304.0,4.0
45,1229.0,16.0,0.9957509360854756,73305.0,4.0
46,1122.0,26.0,0.9830850744973477,73307.0,4.0
47,1233.0,51.0,0.9965134408810049,73310.0,4.0
48,1115.0,7.0,0.9842972057852346,73312.0,4.0
49,1092.0,10.0,0.9823022662843589,73314.0,4.0
50,1094.0,10.0,0.9813059914647546,73315.0,4.0
51,1446.0,36.0,0.9874785539370128,73316.0,4.0
52,1447.0,36.0,0.984234004486346,73317.0,4.0
53,1131.0,42.0,0.9954777549249122,73325.0,4.0
54,1378.0,38.0,0.9919696349070843,73327.0,4.0
55,1233.0,39.0,0.9814650638381531,73330.0,4.0
56,1172.0,9.0,0.9716215572731279,73333.0,4.0
57,1302.0,54.0,0.9931229082699344,73337.0,4.0
58,1097.0,33.0,0.9711938531665096,73340.0,4.0
59,1235.0,39.0,0.9687429961735013,73341.0,4.0
60,1185.0,41.0,0.9853574572344426,73345.0,4.0
61,1238.0,39.0,0.9896660540906397,73348.0,4.0
62,1397.0,19.0,0.9882480650660552,73354.0,4.0
63,1166.0,31.0,0.9680490341361189,73356.0,4.0
64,1115.0,32.0,0.976043056144857,73358.0,4.0
65,1445.0,36.0,0.9681654896669861,73359.0,4.0
66,1161.0,28.0,0.970869631264294,73362.0,4.0
67,1162.0,28.0,0.9850196825034451,73363.0,4.0
68,1381.0,38.0,0.9973101824132176,73364.0,4.0
69,1382.0,38.0,0.9969825778256665,73365.0,4.0
70,1360.0,20.0,0.9704912181460231,73368.0,4.0
71,1360.0,3.0,0.9731682104230766,73375.0,4.0
72,1136.0,8.0,0.9706763271054301,73378.0,4.0
73,1112.0,32.0,0.9903479192638043,73380.0,4.0
74,1113.0,32.0,0.9675772129850819,73381.0,4.0
75,1156.0,50.0,0.9717391081037537,73387.0,4.0
76,1118.0,7.0,0.9926955161648781,73404.0,4.0
77,1050.0,14.0,0.9922227812629233,73406.0,4.0
78,1045.0,14.0,0.9675022731298549,73407.0,4.0
79,1451.0,0.0,0.9770378979766491,73410.0,4.0
80,1052.0,14.0,0.9880118810881634,73413.0,4.0
81,1357.0,3.0,0.98891734148402,73418.0,4.0
82,1358.0,3.0,0.9851941591263662,73419.0,4.0
83,1234.0,51.0,0.9756629268585065,73420.0,4.0
84,1268.0,53.0,0.9937161943375805,73425.0,4.0
85,1248.0,15.0,0.96490108798715,73430.0,4.0
86,1138.0,24.0,0.9667308119506633,73435.0,4.0
87,1139.0,24.0,0.9806974348304306,73436.0,4.0
88,1123.0,26.0,0.9984142064191239,73439.0,4.0
89,1126.0,26.0,0.9839103815796825,73442.0,4.0
90,1159.0,28.0,0.9921645074866109,73443.0,4.0
91,1128.0,26.0,0.9945143644504728,73444.0,4.0
92,1133.0,47.0,0.9607182553547651,73447.0,4.0
93,1134.0,47.0,0.964030607765604,73448.0,4.0
94,1138.0,56.0,0.9917451183959048,73451.0,4.0
95,1113.0,12.0,0.9941193238849242,73453.0,4.0
96,1111.0,12.0,0.9776883048103167,73460.0,4.0
97,1139.0,56.0,0.9796052714913879,73461.0,4.0
98,1465.0,4.0,0.9821716824016261,73462.0,4.0
99,1411.0,18.0,0.9704321057002879,73464.0,4.0
100,1109.0,12.0,0.9966111410226666,73470.0,4.0
101,1494.0,2.0,0.9846486494460975,73472.0,4.0
102,1166.0,27.0,0.9944845901647262,73475.0,4.0
103,1165.0,27.0,0.99004900577387,73476.0,4.0
104,1164.0,27.0,0.993137825181857,73477.0,4.0
105,1109.0,44.0,0.9878533556765118,73478.0,4.0
106,1470.0,4.0,0.9889381607648321,73479.0,4.0
107,1115.0,35.0,0.9936169751878815,73480.0,4.0
108,1049.0,14.0,0.9506624783745808,73485.0,4.0
109,1242.0,21.0,0.987014649195614,73486.0,4.0
110,1210.0,22.0,0.9832989407661293,73489.0,4.0
111,1133.0,42.0,0.9692843053552649,73495.0,4.0
112,1247.0,15.0,0.9519607479700636,73496.0,4.0
113,1245.0,21.0,0.9952803823670789,73506.0,4.0
114,1220.0,48.0,0.9798386294923944,73513.0,4.0
115,1303.0,54.0,0.9666560273600049,73517.0,4.0
116,1437.0,5.0,0.9621585243365278,73518.0,4.0
117,1165.0,31.0,0.9645239739652373,73520.0,4.0
118,1431.0,5.0,0.9702235986433432,73524.0,4.0
119,1436.0,5.0,0.9895993941722027,73526.0,4.0
120,1415.0,18.0,0.9825704792100236,73532.0,4.0
121,1123.0,43.0,0.9644528190306344,73534.0,4.0
122,1501.0,1.0,0.9815261175820145,73535.0,4.0
123,1199.0,49.0,0.9941586037193078,73545.0,4.0
124,1158.0,28.0,0.9600329112420832,73547.0,4.0
125,1122.0,43.0,0.9916326145105525,73553.0,4.0
126,1505.0,1.0,0.9985019321589493,73558.0,4.0
127,1506.0,1.0,0.9931016309215791,73559.0,4.0
128,1121.0,43.0,0.9697061877425518,73572.0,4.0
129,1120.0,43.0,0.9866885175840179,73573.0,4.0
130,1119.0,43.0,0.992782731669841,73576.0,4.0
131,1135.0,42.0,0.9883392216560889,73578.0,4.0
132,1118.0,35.0,0.9659038442393907,73581.0,4.0
133,1252.0,17.0,0.9940122425682648,73583.0,4.0
134,1205.0,49.0,0.986836952339022,73586.0,4.0
135,1114.0,12.0,0.9956436632868256,73589.0,4.0
136,1234.0,16.0,0.9917148242856015,73590.0,4.0
137,1055.0,14.0,0.9924379828087426,73591.0,4.0
138,1235.0,16.0,0.9787685031352347,73594.0,4.0
139,1249.0,15.0,0.9914992607121558,73595.0,4.0
140,1206.0,49.0,0.9592159068400611,73597.0,4.0
141,1127.0,35.0,0.9746492580247278,73598.0,4.0
142,1125.0,35.0,0.9698448186165449,73600.0,4.0
143,1479.0,4.0,0.9884312259506577,73603.0,4.0
144,1209.0,49.0,0.974294275272262,73605.0,4.0
145,1128.0,35.0,0.9807717545008537,73607.0,4.0
146,1366.0,3.0,0.9712000224592829,73608.0,4.0
147,1309.0,54.0,0.9932748933775185,73615.0,4.0
148,1518.0,1.0,0.9909942870485134,73617.0,4.0
149,1143.0,8.0,0.9864132460103561,73618.0,4.0
150,1517.0,1.0,0.9928384315726259,73628.0,4.0
151,1417.0,57.0,0.9955168702353716,73629.0,4.0
152,1124.0,32.0,0.9973599209429386,73645.0,4.0
153,1140.0,42.0,0.9924446127100907,73647.0,4.0
154,1442.0,5.0,0.9754807911590568,73650.0,4.0
155,1105.0,33.0,0.978080544131103,73652.0,4.0
156,1218.0,22.0,0.970840411058746,73655.0,4.0
157,1121.0,11.0,0.9983724832402784,73657.0,4.0
158,1426.0,18.0,0.9925445645428489,73665.0,4.0
159,1106.0,33.0,0.9737250659076376,73667.0,4.0
160,1103.0,33.0,0.9676868763222857,73669.0,4.0
161,1515.0,1.0,0.9921594735286805,73675.0,4.0
162,1190.0,46.0,0.9920786409620157,73679.0,4.0
163,1414.0,57.0,0.9622235319723407,73683.0,4.0
164,1056.0,14.0,0.9823210413665963,73693.0,4.0
165,1188.0,41.0,0.9925280900861018,73694.0,4.0
166,1122.0,25.0,0.9850953278395185,73712.0,4.0
167,1363.0,3.0,0.9903223925975451,73717.0,4.0
168,1361.0,3.0,0.9899078084351458,73719.0,4.0
169,1194.0,45.0,0.9651798770725188,73720.0,4.0
170,1365.0,3.0,0.9639175577090723,73721.0,4.0
171,1182.0,9.0,0.9751550769908693,73725.0,4.0
172,1139.0,8.0,0.9906019908057075,73734.0,4.0
173,1274.0,53.0,0.9537039155972866,73738.0,4.0
174,1453.0,36.0,0.9912542835914603,73740.0,4.0
175,1137.0,8.0,0.9595618522019932,73742.0,4.0
176,1186.0,41.0,0.9630592864759884,73743.0,4.0
177,1240.0,39.0,0.9961574937349258,73748.0,4.0
178,1249.0,23.0,0.9958790885299458,73750.0,4.0
179,1123.0,7.0,0.9639867275854301,73751.0,4.0
180,1140.0,56.0,0.966702315700949,73755.0,4.0
181,1115.0,44.0,0.9868574264944266,73756.0,4.0
182,1250.0,23.0,0.993560101148542,73759.0,4.0
183,1124.0,7.0,0.9901143972783842,73760.0,4.0
184,1112.0,44.0,0.9881085852679136,73763.0,4.0
185,1111.0,44.0,0.9914936793536373,73764.0,4.0
186,1246.0,23.0,0.9943461890787566,73771.0,4.0
187,1142.0,34.0,0.9907876523647479,73772.0,4.0
188,1141.0,34.0,0.987021157468894,73773.0,4.0
189,1139.0,34.0,0.9820245232927525,73775.0,4.0
190,1134.0,26.0,0.9575170096353481,73776.0,4.0
191,1450.0,37.0,0.9610373974460602,73790.0,4.0
192,1310.0,54.0,0.9677524456551121,73794.0,4.0
193,1152.0,55.0,0.9774305019109235,73797.0,4.0
194,1189.0,45.0,0.9615409495056597,73799.0,4.0
195,1187.0,45.0,0.9782120884519617,73801.0,4.0
196,1187.0,41.0,0.9856365652011282,73810.0,4.0
197,1115.0,12.0,0.9873282572140568,73812.0,4.0
198,1414.0,58.0,0.9631993287314148,73815.0,4.0
199,1155.0,55.0,0.9569360392623105,73818.0,4.0
200,1260.0,52.0,0.9802635115317613,73819.0,4.0
201,1259.0,52.0,0.9975915394706195,73820.0,4.0
202,1151.0,55.0,0.9937654037352371,73823.0,4.0
203,1150.0,55.0,0.9830904654195146,73824.0,4.0
204,1149.0,55.0,0.9852957971803783,73825.0,4.0
205,1165.0,28.0,0.9659982825254537,73827.0,4.0
206,1497.0,2.0,0.9926516906502701,73829.0,4.0
207,1276.0,53.0,0.9924107368527005,73831.0,4.0
208,1273.0,53.0,0.9588276139679888,73833.0,4.0
209,1118.0,44.0,0.9587700163616645,73841.0,4.0
210,1142.0,56.0,0.9973911735582174,73842.0,4.0
211,1117.0,44.0,0.9911563200408119,73854.0,4.0
212,1245.0,51.0,0.9944320857299295,73858.0,4.0
213,1108.0,33.0,0.9644953789774924,73862.0,4.0
214,1500.0,2.0,0.9943070152520306,73868.0,4.0
215,1501.0,2.0,0.965895261553981,73869.0,4.0
216,1171.0,27.0,0.9978692761089455,73887.0,4.0
217,1241.0,16.0,0.9836262227068037,73888.0,4.0
218,1256.0,17.0,0.987716203974699,73889.0,4.0
219,1145.0,47.0,0.9908438589174158,73890.0,4.0
220,1129.0,35.0,0.9924524725314232,73891.0,4.0
221,1211.0,49.0,0.9753708743430939,73892.0,4.0
222,1130.0,43.0,0.9979276336489934,73894.0,4.0
223,1191.0,46.0,0.9967603276539495,73895.0,4.0
224,1212.0,49.0,0.9807958318901959,73896.0,4.0
225,1143.0,42.0,0.9741933509041885,73897.0,4.0
226,1195.0,45.0,0.9917831905987552,73898.0,4.0
227,1184.0,9.0,0.9932804557710387,73902.0,4.0
228,1247.0,51.0,0.994479578076047,73903.0,4.0
229,1172.0,27.0,0.9870606049007655,73904.0,4.0
230,1142.0,26.0,0.9781504435194883,73905.0,4.0
231,1248.0,51.0,0.9943653257555172,73906.0,4.0
232,1117.0,12.0,1.0,73907.0,4.0
233,1125.0,7.0,0.9913275642172874,73911.0,4.0
234,1131.0,43.0,0.9738069515576055,73912.0,4.0
235,1096.0,10.0,0.9941153234489669,73913.0,4.0
236,1185.0,9.0,0.9915460152773959,73914.0,4.0
237,1155.0,56.0,0.9598075541036999,73916.0,4.0
238,1459.0,37.0,0.9974167694688677,73921.0,4.0
239,1169.0,6.0,0.9916681645617196,73925.0,4.0
240,1150.0,56.0,0.9894996238911168,73928.0,4.0
241,1446.0,5.0,0.9951459945432848,73938.0,4.0
242,1444.0,5.0,0.9806311114538804,73940.0,4.0
243,1157.0,50.0,0.9584764751417424,73942.0,4.0
244,1130.0,44.0,0.9723941195039395,73943.0,4.0
245,1148.0,26.0,0.96180281190893,73945.0,4.0
246,1173.0,27.0,0.9901413536007667,73947.0,4.0
247,1419.0,57.0,0.990835462407825,73953.0,4.0
248,1285.0,53.0,0.9787539361242741,73955.0,4.0
249,1177.0,31.0,0.9558846768158259,73957.0,4.0
250,1144.0,56.0,0.9923456729459061,73965.0,4.0
251,1153.0,47.0,0.9865374941219476,73967.0,4.0
252,1458.0,37.0,0.998644540107525,73977.0,4.0
253,1456.0,37.0,0.9973606466525232,73979.0,4.0
254,1245.0,16.0,0.991806795046616,73987.0,4.0
255,1143.0,26.0,0.9953062214797337,73992.0,4.0
256,1127.0,32.0,0.9895850513166284,73993.0,4.0
257,1201.0,46.0,0.9537822984296892,73994.0,4.0
258,1148.0,34.0,1.0,73996.0,4.0
259,1248.0,39.0,0.9952264092374695,73998.0,4.0
260,1463.0,36.0,0.9921784362760905,74000.0,4.0
261,1202.0,46.0,0.9924507673961515,74003.0,4.0
262,1160.0,55.0,1.0,74004.0,4.0
263,1199.0,46.0,0.9737553611092811,74006.0,4.0
264,1265.0,52.0,0.9799761197418401,74007.0,4.0
265,1263.0,21.0,0.9762116364832693,74013.0,4.0
266,1195.0,41.0,0.9936999737745958,74015.0,4.0
267,1087.0,29.0,0.9759119534128249,74016.0,4.0
268,1147.0,34.0,0.9914047609767508,74022.0,4.0
269,1262.0,21.0,0.9900817725589287,74024.0,4.0
270,1061.0,14.0,0.9924737445110738,74028.0,4.0
271,1162.0,55.0,0.9765668197945315,74031.0,4.0
272,1129.0,7.0,0.985804834629257,74039.0,4.0
273,1128.0,7.0,0.9531216577659181,74040.0,4.0
274,1127.0,7.0,0.9773963350043147,74041.0,4.0
275,1197.0,45.0,0.98269098578991,74046.0,4.0
276,1196.0,45.0,0.9812469502989739,74047.0,4.0
277,1196.0,46.0,0.9870552162880665,74050.0,4.0
278,1194.0,46.0,0.9718061701258758,74052.0,4.0
279,1258.0,17.0,0.9631098375681685,74059.0,4.0
280,1193.0,46.0,0.9720117534899837,74064.0,4.0
281,1130.0,7.0,0.9768424261603712,74066.0,4.0
282,1417.0,58.0,0.9878245534729329,74067.0,4.0
283,1416.0,58.0,0.993943538948822,74068.0,4.0
284,1119.0,12.0,0.9958543087650408,74070.0,4.0
285,1118.0,12.0,0.9776610479031049,74071.0,4.0
286,1151.0,56.0,0.99412129096541,74074.0,4.0
287,1246.0,39.0,0.9865185301421843,74085.0,4.0
288,1368.0,3.0,0.9576194612845536,74089.0,4.0
289,1388.0,38.0,0.9921436758797677,74094.0,4.0
290,1447.0,5.0,0.9976488889468179,74095.0,4.0
291,1431.0,18.0,0.994068168926476,74098.0,4.0
292,1211.0,40.0,0.973447321562041,74100.0,4.0
293,1217.0,49.0,0.9949097825081984,74104.0,4.0
294,1523.0,1.0,0.9926625688024606,74118.0,4.0
295,1175.0,31.0,0.9715383901474348,74119.0,4.0
296,1170.0,28.0,0.9685650013192391,74128.0,4.0
297,1088.0,29.0,0.9951475871123215,74131.0,4.0
298,1149.0,56.0,0.9895279630285525,74133.0,4.0
299,1146.0,56.0,0.9785456946576729,74136.0,4.0
300,1190.0,41.0,0.9913337762691882,74138.0,4.0
301,1452.0,0.0,0.96160134346131,74140.0,4.0
302,1282.0,53.0,0.9808344586612492,74158.0,4.0
303,1197.0,41.0,0.960839345605957,74159.0,4.0
304,1132.0,43.0,0.9846141504610014,74173.0,4.0
305,1145.0,42.0,0.9548348572087381,74180.0,4.0
306,1146.0,47.0,0.9628078549262442,74184.0,4.0
307,1221.0,22.0,0.9838663521746979,74185.0,4.0
308,1137.0,30.0,0.9688977410422112,74193.0,4.0
309,1222.0,22.0,0.9649118174934046,74199.0,4.0
310,1527.0,1.0,0.9946567474282637,74200.0,4.0
311,1224.0,22.0,0.9961884684716548,74204.0,4.0
312,1098.0,10.0,0.9898591628806518,74207.0,4.0
313,1192.0,41.0,0.9941043106600638,74208.0,4.0
314,1199.0,41.0,0.9930569737566167,74210.0,4.0
315,1314.0,54.0,0.9604443001091048,74212.0,4.0
316,1097.0,10.0,0.9596256948678792,74213.0,4.0
317,1114.0,33.0,0.9908872728959546,74216.0,4.0
318,1113.0,33.0,0.9583319805958996,74217.0,4.0
319,1125.0,11.0,0.9946639609918032,74220.0,4.0
320,1124.0,11.0,0.9955620874679607,74221.0,4.0
321,1463.0,37.0,0.9803806851043294,74227.0,4.0
322,1127.0,11.0,0.9603745718270302,74228.0,4.0
323,1225.0,22.0,0.9839622951235615,74231.0,4.0
324,1132.0,44.0,0.9820409686718895,74233.0,4.0
325,1121.0,33.0,0.9860614527068643,74234.0,4.0
326,1203.0,46.0,0.9784328424672171,74235.0,4.0
327,1135.0,7.0,0.9971380156469702,74238.0,4.0
328,1125.0,12.0,0.9952703913251603,74239.0,4.0
329,1261.0,17.0,0.9908837650640996,74240.0,4.0
330,1154.0,47.0,0.9976226846044105,74241.0,4.0
331,1204.0,46.0,0.9787294709394061,74242.0,4.0
332,1262.0,17.0,0.992949126564568,74244.0,4.0
333,1155.0,47.0,0.9940576771361649,74245.0,4.0
334,1151.0,26.0,0.9929366705872203,74246.0,4.0
335,1126.0,12.0,0.9923082860040915,74248.0,4.0
336,1265.0,51.0,0.9822476281635225,74249.0,4.0
337,1328.0,54.0,0.995338853686513,74251.0,4.0
338,1409.0,19.0,0.9901997988645403,74255.0,4.0
339,1369.0,3.0,0.9803057490071703,74263.0,4.0
340,1325.0,54.0,0.9932259752694537,74272.0,4.0
341,1092.0,29.0,0.9779942005685777,74274.0,4.0
342,1206.0,46.0,0.9756714944962586,74276.0,4.0
343,1212.0,40.0,0.9691136220263298,74278.0,4.0
344,1179.0,31.0,0.9808293106089713,74281.0,4.0
345,1130.0,11.0,0.9951507554922796,74284.0,4.0
346,1362.0,20.0,0.9961539458414171,74288.0,4.0
347,1363.0,20.0,0.9722201065776591,74289.0,4.0
348,1262.0,51.0,0.9603499566996216,74292.0,4.0
349,1128.0,12.0,0.9646317445838999,74295.0,4.0
350,1530.0,1.0,0.9969383075128534,74296.0,4.0
351,1423.0,57.0,0.9907056806259462,74300.0,4.0
352,1158.0,56.0,0.9581475389058098,74305.0,4.0
353,1512.0,2.0,0.9915610215825371,74307.0,4.0
354,1197.0,9.0,0.9801580301423092,74313.0,4.0
355,1435.0,18.0,0.9903077535371797,74316.0,4.0
356,1135.0,43.0,0.9675909749934792,74317.0,4.0
357,1140.0,30.0,0.9708485819875183,74328.0,4.0
358,1451.0,5.0,0.9809831028747503,74331.0,4.0
359,1190.0,9.0,0.9669047291214842,74334.0,4.0
360,1191.0,9.0,0.9968347351046891,74335.0,4.0
361,1224.0,49.0,0.9836761159613181,74342.0,4.0
362,1173.0,28.0,0.995135032610774,74343.0,4.0
363,1096.0,29.0,0.9954317708635928,74345.0,4.0
364,1428.0,57.0,0.9747530470460604,74354.0,4.0
365,1221.0,49.0,0.9671457213168656,74361.0,4.0
366,1455.0,0.0,0.9876372161605556,74364.0,4.0
367,1105.0,10.0,0.9861009583040419,74367.0,4.0
368,1265.0,21.0,0.9917465854388731,74370.0,4.0
369,1093.0,29.0,0.9967822732041836,74377.0,4.0
370,1392.0,38.0,0.9908632788609483,74380.0,4.0
371,1395.0,38.0,0.9858908471962593,74383.0,4.0
372,1177.0,28.0,0.9867149029548922,74384.0,4.0
373,1256.0,39.0,0.9913646414043469,74386.0,4.0
374,1373.0,3.0,0.9572686525773173,74389.0,4.0
375,1174.0,28.0,0.9738340578886597,74393.0,4.0
376,1176.0,28.0,0.9658744756167825,74395.0,4.0
377,1225.0,49.0,0.965542902454433,74397.0,4.0
378,1470.0,36.0,0.9980995033637239,74407.0,4.0
379,1136.0,35.0,0.9808836876413787,74412.0,4.0
380,1467.0,36.0,0.9959190789712993,74415.0,4.0
381,1469.0,36.0,0.9922690320478598,74417.0,4.0
382,1424.0,57.0,0.9832749323812078,74420.0,4.0
383,1218.0,49.0,0.9940982139884209,74421.0,4.0
384,1141.0,30.0,0.9864117739071523,74425.0,4.0
385,1134.0,35.0,0.9679724014236266,74426.0,4.0
386,1182.0,31.0,0.9742999647581475,74428.0,4.0
387,1152.0,42.0,0.9522919071930939,74429.0,4.0
388,1296.0,53.0,0.9813370413003096,74432.0,4.0
389,1155.0,26.0,0.9958736571047824,74435.0,4.0
390,1258.0,23.0,0.9614917779371144,74437.0,4.0
391,1151.0,42.0,0.968334142103461,74440.0,4.0
392,1418.0,58.0,0.9909714437947562,74447.0,4.0
393,1161.0,24.0,0.953896175029102,74449.0,4.0
394,1257.0,23.0,0.9838997846765095,74451.0,4.0
395,1271.0,52.0,0.9630422457497584,74453.0,4.0
396,1141.0,44.0,0.9770718932868852,74454.0,4.0
397,1532.0,1.0,0.9953323012731868,74456.0,4.0
398,1162.0,47.0,0.9962340815706165,74466.0,4.0
399,1140.0,7.0,0.957854070068435,74467.0,4.0
400,1536.0,1.0,0.9932695996748359,74468.0,4.0
401,1159.0,24.0,0.9948469527493802,74469.0,4.0
402,1154.0,26.0,0.9912840212248966,74471.0,4.0
403,1289.0,53.0,0.9830645898126706,74472.0,4.0
404,1229.0,48.0,0.9891462084021186,74480.0,4.0
405,1319.0,54.0,0.9883308906291635,74486.0,4.0
406,1156.0,56.0,0.9957257545336682,74487.0,4.0
407,1063.0,14.0,0.9892005951011084,74490.0,4.0
408,1231.0,48.0,0.9848849105380229,74494.0,4.0
409,1232.0,48.0,0.9930475061944558,74496.0,4.0
410,1169.0,55.0,0.9799184674366301,74501.0,4.0
411,1170.0,55.0,0.9582197488682527,74502.0,4.0
412,1134.0,32.0,0.97423358698033,74506.0,4.0
413,1255.0,23.0,0.991971969905076,74508.0,4.0
414,1533.0,1.0,0.9951877647820863,74509.0,4.0
415,1263.0,15.0,0.9826335628509537,74511.0,4.0
416,1264.0,17.0,0.9675733121844544,74513.0,4.0
417,1266.0,21.0,0.9915858586941246,74514.0,4.0
418,1178.0,27.0,0.9746078525285594,74523.0,4.0
419,1231.0,22.0,0.9610052486427235,74527.0,4.0
420,1442.0,18.0,0.9953102317287809,74535.0,4.0
421,1158.0,24.0,0.970590962330277,74538.0,4.0
422,1468.0,37.0,0.9940730569334957,74541.0,4.0
423,1438.0,18.0,0.9850445571570081,74547.0,4.0
424,1290.0,53.0,0.9740835239629296,74549.0,4.0
425,1123.0,33.0,0.9575115673859959,74550.0,4.0
426,1124.0,33.0,0.9880626176075656,74551.0,4.0
427,1125.0,33.0,0.954124343269079,74552.0,4.0
428,1214.0,40.0,0.9698807541073557,74553.0,4.0
429,1215.0,40.0,0.9767642088320969,74554.0,4.0
430,1507.0,2.0,0.9926563848195584,74557.0,4.0
431,1248.0,16.0,0.9847293615154853,74562.0,4.0
432,1469.0,37.0,0.9949248564990028,74564.0,4.0
433,1137.0,7.0,0.9620613544292912,74570.0,4.0
434,1174.0,27.0,0.9939555882326354,74573.0,4.0
435,1175.0,27.0,0.9865928088494601,74574.0,4.0
436,1134.0,44.0,0.9518885880216635,74577.0,4.0
437,1136.0,44.0,0.9892825150431881,74579.0,4.0
438,1157.0,47.0,0.9831055727905182,74582.0,4.0
439,1155.0,24.0,0.964684941088119,74586.0,4.0
440,1260.0,15.0,0.9660285374642862,74590.0,4.0
441,1465.0,37.0,0.968250334753427,74594.0,4.0
442,1515.0,2.0,0.996529417663667,74596.0,4.0
443,1136.0,43.0,0.9882277431943765,74597.0,4.0
444,1142.0,44.0,0.9924652134050488,74600.0,4.0
445,1179.0,28.0,0.9937745300579803,74601.0,4.0
446,1129.0,12.0,0.9853162054357755,74602.0,4.0
447,1212.0,45.0,0.9891448936295035,74603.0,4.0
448,1199.0,9.0,0.9921471819160969,74604.0,4.0
449,1143.0,30.0,0.9901703848058173,74605.0,4.0
450,1163.0,47.0,0.9845905179636799,74607.0,4.0
451,1106.0,10.0,0.9938334281000888,74609.0,4.0
452,1188.0,31.0,0.9850751010852777,74610.0,4.0
453,1145.0,7.0,0.990565893907837,74612.0,4.0
454,1135.0,11.0,0.9931585996211278,74613.0,4.0
455,1180.0,28.0,0.9687838881997619,74614.0,4.0
456,1274.0,52.0,0.9667775654049596,74615.0,4.0
457,1137.0,32.0,0.9914080160580732,74616.0,4.0
458,1136.0,11.0,0.9757888036215772,74619.0,4.0
459,1209.0,46.0,0.992733510810384,74620.0,4.0
460,1156.0,26.0,0.995688472720927,74621.0,4.0
461,1139.0,35.0,0.9811651411040523,74622.0,4.0
462,1126.0,33.0,0.9881654408097407,74624.0,4.0
463,1233.0,48.0,0.9883261232537114,74625.0,4.0
464,1267.0,15.0,0.9847717760521801,74627.0,4.0
465,1111.0,10.0,0.9882154723803276,74629.0,4.0
466,1190.0,27.0,0.9847368682162632,74630.0,4.0
467,1193.0,27.0,0.9928344690047984,74633.0,4.0
468,1521.0,2.0,0.9965077045757933,74638.0,4.0
469,1185.0,27.0,0.9919739719148399,74645.0,4.0
470,1438.0,57.0,0.9566508612462811,74648.0,4.0
471,1130.0,12.0,0.9887569948760596,74657.0,4.0
472,1134.0,12.0,0.9710815655178644,74661.0,4.0
473,1158.0,26.0,0.9940476098227995,74670.0,4.0
474,1160.0,26.0,0.9897362165136818,74672.0,4.0
475,1269.0,51.0,0.9820077323475268,74682.0,4.0
476,1270.0,51.0,0.9906315458908395,74683.0,4.0
477,1240.0,22.0,0.9835800318582251,74684.0,4.0
478,1112.0,10.0,0.9957016204961027,74685.0,4.0
479,1165.0,56.0,0.9926496576876749,74693.0,4.0
480,1275.0,21.0,0.9971441044005037,74694.0,4.0
481,1472.0,37.0,0.9721252587086142,74697.0,4.0
482,1180.0,27.0,0.9885956138536387,74698.0,4.0
483,1162.0,26.0,0.9925570835129778,74701.0,4.0
484,1169.0,24.0,0.9946732865383883,74703.0,4.0
485,1108.0,10.0,0.9590934499526903,74705.0,4.0
486,1109.0,10.0,0.9646961250472791,74706.0,4.0
487,1129.0,33.0,0.960826757097318,74707.0,4.0
488,1131.0,33.0,0.9811989571993571,74709.0,4.0
489,1234.0,22.0,0.9762262822121545,74711.0,4.0
490,1210.0,41.0,0.9852824449932706,74714.0,4.0
491,1182.0,27.0,0.995632492810015,74717.0,4.0
492,1473.0,37.0,0.9949109220363244,74718.0,4.0
493,1475.0,37.0,0.9687983407650692,74720.0,4.0
494,1478.0,37.0,0.9764481434333055,74721.0,4.0
495,1431.0,57.0,0.9902641620295836,74726.0,4.0
496,1188.0,28.0,1.0,74728.0,4.0
497,1143.0,32.0,0.9617903192670463,74731.0,4.0
498,1179.0,6.0,0.9953785779237084,74735.0,4.0
499,1180.0,6.0,0.9700093329515509,74736.0,4.0
500,1242.0,48.0,0.978357903066505,74738.0,4.0
501,1304.0,53.0,0.9959956621185179,74742.0,4.0
502,1277.0,52.0,0.9538864245050789,74745.0,4.0
503,1278.0,52.0,0.960167322610619,74746.0,4.0
504,1280.0,52.0,0.9719167339379717,74748.0,4.0
505,1067.0,14.0,0.9664260947029002,74750.0,4.0
506,1270.0,21.0,0.9967311080375373,74756.0,4.0
507,1273.0,21.0,0.9945851713219966,74759.0,4.0
508,1186.0,6.0,0.9890206974248263,74766.0,4.0
509,1335.0,54.0,0.9919540418371534,74769.0,4.0
510,1460.0,5.0,0.995195925984171,74775.0,4.0
511,1461.0,5.0,0.9894778267755601,74776.0,4.0
512,1171.0,55.0,0.9511227916038654,74779.0,4.0
513,1172.0,55.0,0.9956170598815393,74780.0,4.0
514,1156.0,34.0,0.9541761754941694,74785.0,4.0
515,1234.0,48.0,0.9961354303575025,74786.0,4.0
516,1538.0,1.0,0.9947011421604367,74791.0,4.0
517,1144.0,44.0,0.9665056457195168,74792.0,4.0
518,1459.0,0.0,0.9669936565256754,74793.0,4.0
519,1461.0,0.0,0.9970756135056776,74795.0,4.0
520,1150.0,7.0,0.9649736214784537,74796.0,4.0
521,1421.0,58.0,0.976209636137985,74800.0,4.0
522,1422.0,58.0,0.9766385843787156,74801.0,4.0
523,1136.0,12.0,0.9955144695331662,74804.0,4.0
524,1457.0,0.0,0.9910614897665198,74806.0,4.0
525,1301.0,53.0,0.9776159587445225,74807.0,4.0
526,1071.0,14.0,1.0,74812.0,4.0
527,1426.0,58.0,0.9929293806448414,74815.0,4.0
528,1269.0,15.0,0.9862928719230182,74819.0,4.0
529,1099.0,29.0,0.9684281990517873,74824.0,4.0
530,1415.0,19.0,0.9940548077682,74827.0,4.0
531,1264.0,39.0,0.9933840761233758,74830.0,4.0
532,1375.0,3.0,1.0,74831.0,4.0
533,1140.0,35.0,0.9755758636844564,74840.0,4.0
534,1476.0,36.0,0.9727742195111178,74843.0,4.0
535,1135.0,13.0,0.9873919071815381,74846.0,4.0
536,1463.0,0.0,0.9956719211927071,74849.0,4.0
537,1310.0,52.0,0.9922389901448097,76663.0,4.0
538,1201.0,9.0,0.9911891405145559,74853.0,4.0
539,1410.0,20.0,0.9917231980232398,76664.0,4.0
540,1143.0,35.0,0.9968111315672166,74858.0,4.0
541,1230.0,49.0,0.9735515941016704,74859.0,4.0
542,1380.0,3.0,0.9844251423586666,74864.0,4.0
543,1220.0,45.0,0.9944337343257085,74869.0,4.0
544,1141.0,32.0,0.9773120348022094,74872.0,4.0
545,1185.0,6.0,0.9838408508234269,74874.0,4.0
546,1279.0,21.0,0.9947961804859515,74876.0,4.0
547,1144.0,32.0,0.9615902010737337,74881.0,4.0
548,1146.0,30.0,0.9644529676406499,74891.0,4.0
549,1137.0,13.0,0.9811161218928078,74898.0,4.0
550,1163.0,34.0,0.9963381697343026,74902.0,4.0
551,1165.0,24.0,0.974131460642172,74909.0,4.0
552,1473.0,36.0,0.9934245431648907,74912.0,4.0
553,1141.0,43.0,0.9519264289131547,74914.0,4.0
554,1142.0,43.0,0.9901819073728015,74915.0,4.0
555,1275.0,52.0,0.9529842625780411,74920.0,4.0
556,1540.0,1.0,0.9885066852420419,74923.0,4.0
557,1541.0,1.0,0.9738063840613693,74924.0,4.0
558,1214.0,45.0,0.9931508778287543,74932.0,4.0
559,1189.0,28.0,0.9762664523649385,74939.0,4.0
560,1484.0,4.0,0.994034902660122,74941.0,4.0
561,1125.0,25.0,0.9965107924560492,74942.0,4.0
562,1126.0,25.0,0.995567514316665,74943.0,4.0
563,1457.0,5.0,0.9869476157722691,74944.0,4.0
564,1141.0,13.0,0.9932975303644672,74945.0,4.0
565,1237.0,22.0,0.9960379360572056,74947.0,4.0
566,1456.0,5.0,0.9957941727362863,74952.0,4.0
567,1268.0,51.0,0.9698075289080573,74953.0,4.0
568,1366.0,20.0,0.9880748184812701,74954.0,4.0
569,1485.0,4.0,0.973832173643687,74958.0,4.0
570,1216.0,40.0,0.9616487006047224,74961.0,4.0
571,1476.0,37.0,0.9958128345388992,74962.0,4.0
572,1523.0,2.0,0.9938782251690313,74965.0,4.0
573,1195.0,31.0,0.9926649559454307,74966.0,4.0
574,1435.0,57.0,0.972279870864612,74967.0,4.0
575,1436.0,57.0,0.9928292036804297,74968.0,4.0
576,1437.0,57.0,0.9851820989245254,74969.0,4.0
577,1157.0,8.0,0.9974295415277271,74971.0,4.0
578,1158.0,8.0,0.9974353188698744,74972.0,4.0
579,1159.0,8.0,0.9951447619717233,74973.0,4.0
580,1152.0,8.0,0.9963344348274277,74974.0,4.0
581,1139.0,43.0,0.9638904917793736,74980.0,4.0
582,1138.0,11.0,0.9903059859961171,74983.0,4.0
583,1139.0,11.0,1.0,74984.0,4.0
584,1139.0,13.0,0.9710566702922102,74985.0,4.0
585,1444.0,18.0,1.0,74989.0,4.0
586,1333.0,54.0,0.9726728136949411,74998.0,4.0
587,1398.0,38.0,0.9953233870106841,75000.0,4.0
588,1401.0,38.0,0.9924555708617288,75001.0,4.0
589,1418.0,19.0,0.9717512769232087,75002.0,4.0
590,1234.0,49.0,0.9906170931124232,75006.0,4.0
591,1306.0,53.0,0.9778245804847727,75009.0,4.0
592,1170.0,24.0,0.9959407368752615,75011.0,4.0
593,1167.0,34.0,0.9889393524794681,75012.0,4.0
594,1271.0,15.0,0.9973293952161788,75013.0,4.0
595,1145.0,44.0,0.9883563652210641,75014.0,4.0
596,1171.0,24.0,0.9911332965097479,75015.0,4.0
597,1145.0,13.0,0.9852473954695485,75016.0,4.0
598,1271.0,51.0,0.9883437285024067,75017.0,4.0
599,1132.0,33.0,0.9938379061385733,75018.0,4.0
600,1133.0,33.0,0.9942760921948476,75019.0,4.0
601,1191.0,28.0,0.9832269640943464,75020.0,4.0
602,1212.0,41.0,0.9873185800382258,75021.0,4.0
603,1187.0,6.0,0.9890339659635244,75023.0,4.0
604,1127.0,25.0,0.9855112257187683,75026.0,4.0
605,1142.0,11.0,0.9935862387907308,75027.0,4.0
606,1151.0,7.0,0.9971724468316403,75028.0,4.0
607,1168.0,34.0,0.993392223698256,75030.0,4.0
608,1213.0,41.0,0.9925800091484498,75031.0,4.0
609,1106.0,29.0,0.9955207042850908,75033.0,4.0
610,1282.0,52.0,0.9836667135262975,75036.0,4.0
611,1215.0,46.0,0.9841897388738545,75039.0,4.0
612,1213.0,46.0,0.9867985772190913,75041.0,4.0
613,1225.0,40.0,0.9811383009557317,75045.0,4.0
614,1178.0,55.0,0.957470617641598,75046.0,4.0
615,1171.0,34.0,0.9882540837481192,75053.0,4.0
616,1137.0,33.0,0.9668094652739849,75054.0,4.0
617,1115.0,10.0,0.9882335102955824,75059.0,4.0
618,1174.0,47.0,0.9805441485060878,75060.0,4.0
619,1146.0,11.0,0.9940534958246106,75065.0,4.0
620,1288.0,52.0,0.9521284859003284,75068.0,4.0
621,1144.0,12.0,0.9939625491422798,75072.0,4.0
622,1141.0,12.0,0.9885749130834007,75075.0,4.0
623,1198.0,27.0,0.9827498593062675,75079.0,4.0
624,1151.0,11.0,0.972985468436634,75083.0,4.0
625,1146.0,35.0,0.9699869744648869,75091.0,4.0
626,1275.0,51.0,0.9849778673784361,75092.0,4.0
627,1252.0,48.0,0.9875210030062319,75100.0,4.0
628,1274.0,51.0,0.9868289568703614,75106.0,4.0
629,1175.0,47.0,0.9832751459560961,75112.0,4.0
630,1150.0,13.0,0.9906893880142531,75115.0,4.0
631,1165.0,26.0,0.993543718696379,75117.0,4.0
632,1174.0,34.0,0.985621051943601,75121.0,4.0
633,1481.0,37.0,0.9972481281459686,75123.0,4.0
634,1188.0,6.0,0.9864310790617262,75125.0,4.0
635,1525.0,2.0,0.9939598152427324,75131.0,4.0
636,1447.0,18.0,0.9674687341178749,75132.0,4.0
637,1445.0,18.0,0.9902437427958364,75134.0,4.0
638,1252.0,22.0,0.9629674250990323,75135.0,4.0
639,1223.0,40.0,0.9724745295722009,75141.0,4.0
640,1193.0,6.0,0.9901813212084452,75144.0,4.0
641,1470.0,0.0,0.9902613345909617,75153.0,4.0
642,1148.0,32.0,0.9668913107394926,75154.0,4.0
643,1467.0,0.0,0.9896365233460342,75156.0,4.0
644,1464.0,0.0,0.991970948649276,75159.0,4.0
645,1245.0,22.0,0.9975706100021327,75169.0,4.0
646,1179.0,55.0,0.9946228296243617,75170.0,4.0
647,1312.0,53.0,0.9891893771628161,75174.0,4.0
648,1162.0,42.0,0.967424072208705,75175.0,4.0
649,1309.0,53.0,0.9872968447465172,75177.0,4.0
650,1382.0,3.0,0.9922038936372843,75182.0,4.0
651,1165.0,8.0,0.9829299717728124,75184.0,4.0
652,1145.0,32.0,0.9950795333261716,75188.0,4.0
653,1387.0,3.0,0.9706742886929153,75190.0,4.0
654,1386.0,3.0,0.9660213499115208,75191.0,4.0
655,1543.0,1.0,0.9935693501734908,75196.0,4.0
656,1194.0,27.0,0.9830786896233704,75204.0,4.0
657,1207.0,9.0,0.9904288754967133,75206.0,4.0
658,1429.0,58.0,0.9896402802990925,75209.0,4.0
659,1428.0,58.0,0.9872944295061237,75210.0,4.0
660,1463.0,5.0,0.9944851646783013,75213.0,4.0
661,1130.0,25.0,0.9798918526055101,75217.0,4.0
662,1206.0,9.0,0.9608445602682051,75218.0,4.0
663,1205.0,9.0,0.9705440126044071,75219.0,4.0
664,1129.0,25.0,0.9726522655392655,75228.0,4.0
665,1272.0,39.0,0.9769472261542664,75229.0,4.0
666,1271.0,39.0,0.966007366945321,75230.0,4.0
667,1251.0,48.0,0.9654962678880589,75232.0,4.0
668,1422.0,19.0,0.9864823879994009,75236.0,4.0
669,1468.0,5.0,0.9936772348232624,75240.0,4.0
670,1173.0,56.0,0.9938768967149015,75242.0,4.0
671,1131.0,25.0,0.9950552155877487,75247.0,4.0
672,1532.0,2.0,0.9915521667116899,75248.0,4.0
673,1221.0,40.0,0.9693120056866764,75255.0,4.0
674,1531.0,2.0,0.9890213467968262,75260.0,4.0
675,1164.0,8.0,0.9937356498128473,75263.0,4.0
676,1162.0,8.0,0.9936464123736436,75265.0,4.0
677,1265.0,23.0,0.9910647437023782,75268.0,4.0
678,1110.0,29.0,0.9798106018126806,75269.0,4.0
679,1282.0,21.0,0.9920854567005561,75276.0,4.0
680,1473.0,0.0,0.9966668845529943,75278.0,4.0
681,1472.0,0.0,0.9932753954858881,75279.0,4.0
682,1269.0,39.0,0.9978542416373176,75280.0,4.0
683,1466.0,5.0,0.9951642498040432,75282.0,4.0
684,1464.0,5.0,0.9965042145819183,75284.0,4.0
685,1262.0,23.0,0.9914946596201124,75285.0,4.0
686,1179.0,24.0,0.9752318004378039,75294.0,4.0
687,1176.0,24.0,0.9849289140039387,75297.0,4.0
688,1369.0,20.0,0.979711578996928,75304.0,4.0
689,1115.0,29.0,0.9926725277108328,75310.0,4.0
690,1147.0,35.0,0.9689652693046592,75316.0,4.0
691,1406.0,38.0,0.9918874178658067,75317.0,4.0
692,1116.0,29.0,0.9875730033271448,75319.0,4.0
693,1371.0,20.0,0.9852853279009164,75321.0,4.0
694,1148.0,44.0,0.998394241766663,75323.0,4.0
695,1341.0,54.0,0.9955065965793449,75324.0,4.0
696,1197.0,31.0,0.9760212192113202,75333.0,4.0
697,1200.0,31.0,0.9849401610860619,75335.0,4.0
698,1146.0,13.0,0.974942177978236,75342.0,4.0
699,1214.0,41.0,0.9784151043901602,75344.0,4.0
700,1343.0,54.0,0.9973059018424534,75349.0,4.0
701,1248.0,48.0,0.9934387047327058,75352.0,4.0
702,1170.0,34.0,0.9653695014478425,75356.0,4.0
703,1283.0,21.0,0.9897831815452209,75358.0,4.0
704,1078.0,14.0,0.9947049026077796,75360.0,4.0
705,1177.0,34.0,0.9791924689138001,75361.0,4.0
706,1201.0,31.0,0.9948610605964512,75362.0,4.0
707,1176.0,50.0,0.9892695699671364,75363.0,4.0
708,1138.0,33.0,0.998756562394045,75365.0,4.0
709,1195.0,6.0,0.9796529578380749,75366.0,4.0
710,1223.0,45.0,0.9951175776877569,75367.0,4.0
711,1151.0,13.0,0.9963899701709676,75369.0,4.0
712,1178.0,34.0,0.9892032598914641,75370.0,4.0
713,1313.0,53.0,0.95356607670967,75371.0,4.0
714,1314.0,53.0,0.9773451352108129,75373.0,4.0
715,1177.0,50.0,0.9826658074863537,75374.0,4.0
716,1277.0,51.0,0.9572139148166667,75376.0,4.0
717,1178.0,50.0,0.9853824444539123,75377.0,4.0
718,1202.0,31.0,0.9651900057300871,75378.0,4.0
719,1258.0,16.0,0.9835689697211009,75379.0,4.0
720,1211.0,9.0,0.993089873978107,75380.0,4.0
721,1166.0,8.0,0.9969882517751832,75381.0,4.0
722,1276.0,39.0,0.991465538917649,75386.0,4.0
723,1257.0,48.0,0.9603834879233433,75388.0,4.0
724,1139.0,33.0,0.9831216844664386,75391.0,4.0
725,1229.0,40.0,0.9989283538707763,75393.0,4.0
726,1446.0,57.0,0.9560274220873545,75397.0,4.0
727,1413.0,38.0,0.9972081785607975,75400.0,4.0
728,1217.0,41.0,0.9665575341175827,75401.0,4.0
729,1209.0,31.0,0.9781522701866601,75403.0,4.0
730,1278.0,51.0,0.9764810734735322,75406.0,4.0
731,1154.0,35.0,0.9701501126337762,75408.0,4.0
732,1206.0,28.0,0.9696788469654282,75410.0,4.0
733,1219.0,46.0,0.9902502009740477,75415.0,4.0
734,1170.0,8.0,0.9768504741733411,75418.0,4.0
735,1223.0,41.0,0.9667631688385812,75421.0,4.0
736,1186.0,55.0,0.9523749959194208,75427.0,4.0
737,1183.0,55.0,0.9722651820529287,75430.0,4.0
738,1275.0,39.0,0.9963895279110392,75441.0,4.0
739,1274.0,39.0,0.9989290889134177,75442.0,4.0
740,1205.0,31.0,0.9863115644429582,75446.0,4.0
741,1218.0,46.0,0.9546048217134748,75447.0,4.0
742,1155.0,13.0,0.9949197288324966,75450.0,4.0
743,1154.0,13.0,1.0,75451.0,4.0
744,1206.0,31.0,0.9906338894163728,75455.0,4.0
745,1293.0,52.0,0.9761334041328058,75456.0,4.0
746,1203.0,31.0,0.990743691381804,75458.0,4.0
747,1259.0,48.0,0.9942677457853788,75460.0,4.0
748,1279.0,39.0,0.9680679973660612,75462.0,4.0
749,1189.0,55.0,0.9709538044556543,75465.0,4.0
750,1163.0,7.0,0.9972892337509258,75468.0,4.0
751,1169.0,8.0,0.9976113347455411,75474.0,4.0
752,1347.0,54.0,0.9807937264423031,75479.0,4.0
753,1172.0,26.0,0.9943699502072292,75483.0,4.0
754,1169.0,26.0,0.995939247505761,75486.0,4.0
755,1157.0,7.0,0.9735174929827194,75490.0,4.0
756,1535.0,2.0,0.9790340875048882,75491.0,4.0
757,1266.0,23.0,0.9920033130880398,75503.0,4.0
758,1373.0,20.0,0.9970948364886623,75512.0,4.0
759,1153.0,35.0,0.9865122835336284,75517.0,4.0
760,1181.0,24.0,0.9792416350366967,75522.0,4.0
761,1180.0,24.0,0.9790469386867057,75523.0,4.0
762,1155.0,7.0,0.9687680687736852,75536.0,4.0
763,1269.0,23.0,0.9942360081291782,75539.0,4.0
764,1226.0,45.0,0.9919625359870151,75540.0,4.0
765,1225.0,45.0,0.9914854938539714,75541.0,4.0
766,1224.0,45.0,0.9797065201800932,75542.0,4.0
767,1182.0,34.0,0.9804903185295333,75545.0,4.0
768,1185.0,24.0,0.9712483332050946,75549.0,4.0
769,1164.0,32.0,0.9958693302219512,75550.0,4.0
770,1160.0,32.0,0.9505162142511764,75554.0,4.0
771,1166.0,30.0,0.9816038292870752,75565.0,4.0
772,1448.0,18.0,0.9691822830354455,75566.0,4.0
773,1450.0,18.0,0.9983241309493068,75568.0,4.0
774,1256.0,22.0,0.9673464974234964,75569.0,4.0
775,1285.0,21.0,0.9942861074295964,75571.0,4.0
776,1479.0,0.0,0.986965812060939,75573.0,4.0
777,1478.0,0.0,0.9869307714988951,75574.0,4.0
778,1540.0,2.0,0.9952216744662943,75592.0,4.0
779,1202.0,6.0,0.9562923655143232,75596.0,4.0
780,1203.0,6.0,0.9800104821374805,75597.0,4.0
781,1240.0,40.0,0.9975803204819103,75601.0,4.0
782,1238.0,40.0,0.9678182651646422,75603.0,4.0
783,1237.0,40.0,0.9741435603326897,75604.0,4.0
784,1236.0,40.0,0.9927208740413164,75605.0,4.0
785,1392.0,3.0,0.9850273449480531,75620.0,4.0
786,1391.0,3.0,0.9758427948135736,75621.0,4.0
787,1429.0,19.0,0.9749465304342754,75622.0,4.0
788,1389.0,3.0,0.9807641220851954,75623.0,4.0
789,1542.0,2.0,0.9661118997024123,75625.0,4.0
790,1179.0,56.0,0.9922540445810892,75637.0,4.0
791,1179.0,47.0,0.9631247323817318,75648.0,4.0
792,1177.0,47.0,0.9700089217481591,75650.0,4.0
793,1425.0,19.0,0.9694011435238038,75656.0,4.0
794,1151.0,12.0,0.9916003820167137,75660.0,4.0
795,1318.0,53.0,0.9885740898411793,75662.0,4.0
796,1287.0,21.0,0.9789532183307497,75663.0,4.0
797,1162.0,30.0,0.9624258206044061,75667.0,4.0
798,1169.0,30.0,0.998715675128302,75669.0,4.0
799,1232.0,40.0,0.9959382048908212,75674.0,4.0
800,1159.0,32.0,0.9805977834601928,75684.0,4.0
801,1255.0,22.0,0.9555949209001378,75685.0,4.0
802,1259.0,22.0,0.9686646073510883,75687.0,4.0
803,1258.0,22.0,0.9929907663467055,75688.0,4.0
804,1154.0,11.0,0.9627088707497585,75697.0,4.0
805,1286.0,21.0,0.9706535361339848,75699.0,4.0
806,1295.0,52.0,0.9892148902591903,75701.0,4.0
807,1168.0,42.0,0.9827536099587785,75702.0,4.0
808,1157.0,11.0,0.9896385719635675,75704.0,4.0
809,1174.0,26.0,0.9939355446016851,75705.0,4.0
810,1121.0,10.0,0.9853684614598489,75706.0,4.0
811,1121.0,29.0,0.9936360583370306,75708.0,4.0
812,1282.0,15.0,0.994146045227645,75709.0,4.0
813,1242.0,40.0,0.9940468681519494,75712.0,4.0
814,1319.0,53.0,0.9933144826448134,75713.0,4.0
815,1283.0,15.0,0.9925121535117865,75714.0,4.0
816,1269.0,17.0,0.9789984582953097,75715.0,4.0
817,1171.0,30.0,0.9909913195234864,75717.0,4.0
818,1122.0,10.0,0.9981362725207849,75718.0,4.0
819,1275.0,23.0,0.9924501439865745,75719.0,4.0
820,1188.0,34.0,0.9841558071621425,75720.0,4.0
821,1122.0,29.0,0.9811089619499519,75721.0,4.0
822,1193.0,24.0,0.9963525530783699,75722.0,4.0
823,1174.0,8.0,0.9957785725332761,75723.0,4.0
824,1320.0,53.0,0.9820507341452308,75724.0,4.0
825,1261.0,16.0,0.9923352935845252,75726.0,4.0
826,1432.0,19.0,0.9900566834198113,75727.0,4.0
827,1149.0,44.0,0.9749299964045849,75728.0,4.0
828,1137.0,25.0,0.9750319243536734,75730.0,4.0
829,1135.0,25.0,0.9976329997161077,75733.0,4.0
830,1213.0,9.0,0.9766537842086036,75735.0,4.0
831,1158.0,11.0,0.9938177571065339,75738.0,4.0
832,1150.0,43.0,0.994251609691277,75742.0,4.0
833,1152.0,43.0,0.9784456389712384,75744.0,4.0
834,1167.0,32.0,0.9637204900491444,75747.0,4.0
835,1432.0,58.0,0.9695577230219696,75750.0,4.0
836,1433.0,58.0,0.9705550846859025,75751.0,4.0
837,1166.0,32.0,0.9978383909581285,75755.0,4.0
838,1262.0,22.0,0.9740482202697559,75758.0,4.0
839,1183.0,47.0,0.9815956032641309,75761.0,4.0
840,1140.0,25.0,0.994511788091302,75766.0,4.0
841,1125.0,10.0,0.9975985136763045,75771.0,4.0
842,1126.0,29.0,0.9584480323912219,75777.0,4.0
843,1547.0,1.0,0.9971948882474206,75782.0,4.0
844,1173.0,30.0,1.0,75783.0,4.0
845,1436.0,58.0,0.9959323288452262,75788.0,4.0
846,1438.0,58.0,0.9780815774780821,75790.0,4.0
847,1402.0,3.0,0.9810129219488639,75792.0,4.0
848,1175.0,30.0,0.996834801242812,75794.0,4.0
849,1177.0,30.0,0.9925101157490802,75796.0,4.0
850,1125.0,29.0,0.9873474478242068,75800.0,4.0
851,1264.0,22.0,0.9926948648417059,75804.0,4.0
852,1265.0,22.0,0.9715199076447022,75805.0,4.0
853,1490.0,37.0,0.986896371847716,75808.0,4.0
854,1491.0,37.0,0.9689935466917401,75809.0,4.0
855,1545.0,2.0,0.9936996696572191,75810.0,4.0
856,1493.0,37.0,0.9945518953964961,75811.0,4.0
857,1482.0,0.0,0.9939570909064376,75813.0,4.0
858,1187.0,50.0,0.9797312416223349,75819.0,4.0
859,1184.0,50.0,0.9888228092727427,75825.0,4.0
860,1185.0,50.0,0.9880706276145316,75826.0,4.0
861,1207.0,6.0,0.9721115742854824,75832.0,4.0
862,1292.0,21.0,0.9912900190903574,75838.0,4.0
863,1293.0,21.0,0.9949438225037593,75839.0,4.0
864,1291.0,21.0,0.979824269921113,75846.0,4.0
865,1400.0,3.0,0.9902321208965126,75853.0,4.0
866,1483.0,0.0,0.9952370593201648,75866.0,4.0
867,1377.0,20.0,0.9537516988170346,75873.0,4.0
868,1348.0,54.0,0.9973813331049811,75875.0,4.0
869,1265.0,48.0,0.9960804662212044,75877.0,4.0
870,1298.0,52.0,0.9981852330272296,75880.0,4.0
871,1157.0,35.0,0.9739684012510801,75882.0,4.0
872,1191.0,34.0,0.9672730426323821,75883.0,4.0
873,1421.0,38.0,0.9895686772506891,75887.0,4.0
874,1190.0,34.0,0.9892960667551455,75897.0,4.0
875,1282.0,51.0,0.9824496750107692,75904.0,4.0
876,1283.0,51.0,0.9814531300738156,75905.0,4.0
877,1177.0,26.0,0.9952512468642554,75909.0,4.0
878,1548.0,1.0,0.9834110297259303,75912.0,4.0
879,1295.0,21.0,0.9632878610935378,75919.0,4.0
880,1547.0,2.0,0.9642284105766619,75922.0,4.0
881,1190.0,50.0,0.9925397242647535,75924.0,4.0
882,1231.0,45.0,0.9923860406518208,75932.0,4.0
883,1351.0,54.0,0.9912176060214418,75937.0,4.0
884,1152.0,12.0,0.9765996535276192,75949.0,4.0
885,1214.0,31.0,0.9702137417182135,75950.0,4.0
886,1124.0,29.0,0.974198734592621,75951.0,4.0
887,1169.0,42.0,0.975907773277158,75955.0,4.0
888,1211.0,28.0,0.9781080884093244,75961.0,4.0
889,1439.0,19.0,0.9938003223637021,75962.0,4.0
890,1436.0,19.0,0.9610516708369138,75964.0,4.0
891,1438.0,19.0,0.973178615228946,75966.0,4.0
892,1153.0,12.0,0.9659289273843783,75971.0,4.0
893,1353.0,54.0,0.9590273433019517,75973.0,4.0
894,1194.0,24.0,0.9957812760976362,75974.0,4.0
895,1451.0,57.0,0.9862132221336424,75983.0,4.0
896,1452.0,57.0,0.9805828491070581,75984.0,4.0
897,1232.0,41.0,0.9973473122367628,75991.0,4.0
898,1234.0,41.0,0.9768698216850414,75993.0,4.0
899,1220.0,46.0,0.9835279631650974,75994.0,4.0
900,1448.0,57.0,0.9775246017448295,75996.0,4.0
901,1195.0,55.0,0.9684881248402384,75999.0,4.0
902,1191.0,55.0,0.9654482985807763,76000.0,4.0
903,1261.0,48.0,0.9786857524732807,76003.0,4.0
904,1166.0,13.0,0.9813749725079867,76010.0,4.0
905,1286.0,39.0,0.9917717800575863,76011.0,4.0
906,1170.0,32.0,0.9898168570088088,76013.0,4.0
907,1141.0,25.0,0.9923469652199127,76015.0,4.0
908,1182.0,30.0,0.97697323166946,76017.0,4.0
909,1197.0,24.0,0.9964939508926252,76018.0,4.0
910,1132.0,10.0,0.994981782305163,76020.0,4.0
911,1171.0,32.0,0.9880338647823476,76021.0,4.0
912,1216.0,31.0,0.9968394430474764,76022.0,4.0
913,1141.0,33.0,0.9668707737041145,76023.0,4.0
914,1181.0,8.0,0.9975465585256867,76024.0,4.0
915,1156.0,43.0,0.9933930063723506,76025.0,4.0
916,1167.0,13.0,0.9870265021747474,76026.0,4.0
917,1199.0,50.0,0.9739981810044609,76028.0,4.0
918,1495.0,37.0,0.992936643389472,76029.0,4.0
919,1496.0,37.0,0.975088916205873,76031.0,4.0
920,1212.0,6.0,0.9772620846848966,76033.0,4.0
921,1286.0,15.0,0.9870321592379335,76034.0,4.0
922,1172.0,13.0,0.9923266032344236,76038.0,4.0
923,1497.0,0.0,0.9934682422034337,76044.0,4.0
924,1198.0,50.0,0.9543738101141255,76049.0,4.0
925,1382.0,20.0,0.9905408287623857,76053.0,4.0
926,1186.0,30.0,0.9760716891939878,76054.0,4.0
927,1287.0,39.0,0.9806632555252608,76058.0,4.0
928,1289.0,23.0,0.9754978754432183,76062.0,4.0
929,1269.0,48.0,0.9945344270964604,76064.0,4.0
930,1378.0,20.0,0.9683856132351742,76065.0,4.0
931,1492.0,0.0,0.9952912342679996,76067.0,4.0
932,1287.0,23.0,0.9969039344229613,76069.0,4.0
933,1494.0,0.0,0.9934547812100744,76074.0,4.0
934,1185.0,30.0,0.9893613073871917,76078.0,4.0
935,1143.0,25.0,0.99616758937575,76080.0,4.0
936,1215.0,28.0,0.9719770791318292,76082.0,4.0
937,1219.0,31.0,0.9851497294256757,76085.0,4.0
938,1499.0,37.0,0.9699687332628348,76091.0,4.0
939,1497.0,37.0,0.9970855314406586,76093.0,4.0
940,1481.0,5.0,0.9633125166994376,76095.0,4.0
941,1446.0,58.0,0.9699074642773051,76097.0,4.0
942,1441.0,19.0,0.9924798652078851,76099.0,4.0
943,1444.0,58.0,0.9911101090650575,76104.0,4.0
944,1442.0,19.0,0.9833493028636747,76109.0,4.0
945,1217.0,28.0,0.9621294380472751,76114.0,4.0
946,1194.0,34.0,0.9688360659338159,76120.0,4.0
947,1236.0,41.0,0.9777000317051139,76121.0,4.0
948,1237.0,41.0,0.9816400078814439,76123.0,4.0
949,1238.0,41.0,0.9918731006933815,76124.0,4.0
950,1355.0,54.0,0.9851215993751615,76126.0,4.0
951,1356.0,54.0,0.9958786195854654,76128.0,4.0
952,1426.0,38.0,0.9880768261135526,76129.0,4.0
953,1146.0,25.0,0.984582714261511,76135.0,4.0
954,1148.0,25.0,0.9725793151282026,76137.0,4.0
955,1242.0,41.0,0.9663364707099564,76139.0,4.0
956,1184.0,30.0,0.9577013623450643,76143.0,4.0
957,1408.0,3.0,0.9614909758896752,76146.0,4.0
958,1195.0,50.0,0.9829411623430674,76149.0,4.0
959,1134.0,10.0,0.9629803310080619,76150.0,4.0
960,1302.0,52.0,1.0,76163.0,4.0
961,1303.0,52.0,0.9653423706585299,76164.0,4.0
962,1284.0,51.0,0.9743753624197825,76165.0,4.0
963,1268.0,48.0,0.9943326002726643,76168.0,4.0
964,1329.0,53.0,0.9666163435858185,76170.0,4.0
965,1328.0,53.0,0.9933097404259318,76171.0,4.0
966,1142.0,33.0,0.9853800633922307,76175.0,4.0
967,1458.0,57.0,0.9717384330086833,76184.0,4.0
968,1459.0,57.0,0.9789588828325012,76185.0,4.0
969,1455.0,57.0,0.9704433047457958,76193.0,4.0
970,1221.0,27.0,0.9683330269221565,76198.0,4.0
971,1218.0,27.0,0.9703213728549183,76199.0,4.0
972,1185.0,47.0,0.9957540178739688,76207.0,4.0
973,1232.0,45.0,0.9915935707678653,76209.0,4.0
974,1298.0,21.0,0.9879600420443619,76211.0,4.0
975,1196.0,50.0,0.9703495531243462,76215.0,4.0
976,1087.0,14.0,0.9887123153705655,76216.0,4.0
977,1299.0,21.0,0.9760841106763393,76218.0,4.0
978,1215.0,6.0,0.9926997741499888,76220.0,4.0
979,1175.0,32.0,0.9918581259119923,76226.0,4.0
980,1248.0,40.0,0.9907615631890587,76229.0,4.0
981,1251.0,40.0,0.9777470260718119,76230.0,4.0
982,1404.0,3.0,0.9826790537333728,76232.0,4.0
983,1172.0,32.0,0.9890073094311249,76235.0,4.0
984,1201.0,50.0,0.9702395802558538,76243.0,4.0
985,1132.0,29.0,0.9907402742747439,76245.0,4.0
986,1304.0,52.0,0.998070164727542,76246.0,4.0
987,1090.0,14.0,0.9902290916507455,76247.0,4.0
988,1286.0,51.0,0.9955142621497148,76249.0,4.0
989,1149.0,25.0,0.9927731730877007,76251.0,4.0
990,1222.0,27.0,0.9770964247439867,76252.0,4.0
991,1135.0,29.0,0.9888390590090063,76254.0,4.0
992,1155.0,44.0,0.9957769453129897,76255.0,4.0
993,1198.0,34.0,0.9948680844228388,76256.0,4.0
994,1219.0,28.0,0.9864628124085054,76257.0,4.0
995,1187.0,30.0,0.9863437375632396,76258.0,4.0
996,1150.0,25.0,0.9901657338366774,76259.0,4.0
997,1220.0,31.0,0.9942936896696091,76260.0,4.0
998,1210.0,50.0,0.9700945177603038,76266.0,4.0
999,1207.0,50.0,0.9642132190241606,76268.0,4.0
1000,1138.0,29.0,0.9650498255366493,76273.0,4.0
1001,1254.0,40.0,0.9944961373548769,76277.0,4.0
1002,1453.0,18.0,0.9894910159811363,76279.0,4.0
1003,1177.0,32.0,0.9974739413105973,76280.0,4.0
1004,1269.0,22.0,0.9945270064188527,76282.0,4.0
1005,1268.0,22.0,0.9820912693347638,76283.0,4.0
1006,1411.0,3.0,0.9871934205549695,76287.0,4.0
1007,1191.0,8.0,0.9706890676784853,76291.0,4.0
1008,1189.0,8.0,0.9933460361367228,76293.0,4.0
1009,1223.0,27.0,0.9921804205747813,76302.0,4.0
1010,1187.0,47.0,0.9853237678900528,76304.0,4.0
1011,1222.0,46.0,0.9930676204968583,76306.0,4.0
1012,1159.0,12.0,0.9943082855759917,76307.0,4.0
1013,1466.0,57.0,0.9941112369820855,76310.0,4.0
1014,1464.0,57.0,0.989843263491524,76312.0,4.0
1015,1461.0,57.0,0.9729284624613767,76315.0,4.0
1016,1305.0,52.0,0.9953912203742559,76317.0,4.0
1017,1447.0,58.0,0.9859794266086755,76328.0,4.0
1018,1171.0,11.0,0.9961461316292102,76331.0,4.0
1019,1170.0,11.0,0.994187928207399,76332.0,4.0
1020,1168.0,11.0,0.9596297647096009,76335.0,4.0
1021,1181.0,26.0,0.9788095835828854,76336.0,4.0
1022,1179.0,26.0,0.9761698102698838,76338.0,4.0
1023,1449.0,19.0,0.9550948445524825,76341.0,4.0
1024,1428.0,38.0,0.9938967353781368,76342.0,4.0
1025,1306.0,52.0,0.9970615286551001,76344.0,4.0
1026,1221.0,31.0,0.9616366155789996,76345.0,4.0
1027,1447.0,19.0,0.9748042338693331,76346.0,4.0
1028,1448.0,19.0,0.963442395133111,76347.0,4.0
1029,1293.0,23.0,0.9923716971624235,76349.0,4.0
1030,1199.0,34.0,0.9618481987397276,76356.0,4.0
1031,1295.0,23.0,0.9988924832920821,76358.0,4.0
1032,1504.0,0.0,0.9931584435174052,76365.0,4.0
1033,1181.0,13.0,0.9876620145692668,76374.0,4.0
1034,1294.0,23.0,0.9973182489446257,76375.0,4.0
1035,1184.0,13.0,0.9978031504920648,76378.0,4.0
1036,1220.0,6.0,0.989735714913341,76392.0,4.0
1037,1218.0,6.0,0.9627852413377455,76394.0,4.0
1038,1153.0,25.0,0.9795951344888734,76396.0,4.0
1039,1393.0,20.0,0.9937694789523369,76397.0,4.0
1040,1390.0,20.0,0.9801540771372057,76399.0,4.0
1041,1298.0,23.0,0.9944292774245599,76404.0,4.0
1042,1193.0,8.0,0.9650281565927405,76407.0,4.0
1043,1502.0,0.0,0.9950494125187197,76410.0,4.0
1044,1180.0,13.0,0.9936095895549668,76414.0,4.0
1045,1290.0,39.0,0.9960767668174826,76417.0,4.0
1046,1176.0,13.0,0.9562498179936844,76418.0,4.0
1047,1152.0,25.0,0.9768648522879885,76429.0,4.0
1048,1195.0,30.0,0.9901535669768162,76433.0,4.0
1049,1140.0,29.0,0.99137625843007,76434.0,4.0
1050,1186.0,13.0,0.9961571076255855,76437.0,4.0
1051,1163.0,12.0,0.9984182824377918,76438.0,4.0
1052,1226.0,27.0,0.9775746491706335,76439.0,4.0
1053,1234.0,45.0,0.97480963479791,76440.0,4.0
1054,1157.0,25.0,0.9710568106837411,76441.0,4.0
1055,1267.0,16.0,0.9931948994839276,76446.0,4.0
1056,1397.0,20.0,0.9722752194121672,76449.0,4.0
1057,1144.0,33.0,0.9866905843844477,76456.0,4.0
1058,1184.0,26.0,0.9662053790772989,76462.0,4.0
1059,1401.0,20.0,0.9714988538099141,76466.0,4.0
1060,1405.0,20.0,0.9919172171033604,76469.0,4.0
1061,1404.0,20.0,0.9932463889994385,76470.0,4.0
1062,1403.0,20.0,0.9954409806131894,76471.0,4.0
1063,1141.0,29.0,0.9704108396350263,76478.0,4.0
1064,1214.0,50.0,0.9669623784932826,76483.0,4.0
1065,1554.0,2.0,0.9892305734566472,76487.0,4.0
1066,1433.0,38.0,0.9960249558569625,76488.0,4.0
1067,1220.0,28.0,0.977054301326642,76498.0,4.0
1068,1357.0,54.0,0.9928365452022193,76499.0,4.0
1069,1202.0,24.0,0.965475952127135,76510.0,4.0
1070,1197.0,30.0,0.9977588214132794,76512.0,4.0
1071,1458.0,58.0,0.9840407073447482,76515.0,4.0
1072,1248.0,41.0,0.9725518297682049,76516.0,4.0
1073,1223.0,31.0,0.9783991577127722,76518.0,4.0
1074,1201.0,34.0,0.9657531240975542,76522.0,4.0
1075,1304.0,21.0,0.9827828083009327,76523.0,4.0
1076,1251.0,41.0,0.9546246138050211,76524.0,4.0
1077,1235.0,45.0,0.9693418995092143,76526.0,4.0
1078,1500.0,37.0,0.9865127984490805,76534.0,4.0
1079,1145.0,10.0,0.9905511329910981,76540.0,4.0
1080,1486.0,5.0,0.9718506366980293,76549.0,4.0
1081,1509.0,0.0,0.9887319771510724,76550.0,4.0
1082,1455.0,58.0,0.9894090344276781,76554.0,4.0
1083,1452.0,19.0,0.9795798749234114,76557.0,4.0
1084,1460.0,58.0,0.9901003381431842,76558.0,4.0
1085,1455.0,19.0,0.9930301972248584,76559.0,4.0
1086,1450.0,19.0,0.9718896824204576,76560.0,4.0
1087,1166.0,12.0,0.9942908418789154,76563.0,4.0
1088,1190.0,13.0,0.9837878100062386,76567.0,4.0
1089,1437.0,38.0,0.9927603753040278,76573.0,4.0
1090,1556.0,2.0,0.9904207842457,76576.0,4.0
1091,1217.0,50.0,0.9642040913951077,76579.0,4.0
1092,1218.0,50.0,0.97048780408842,76582.0,4.0
1093,1454.0,18.0,0.9933990874273803,76584.0,4.0
1094,1201.0,30.0,0.9986053456200011,76587.0,4.0
1095,1199.0,30.0,0.984997521423749,76589.0,4.0
1096,1555.0,2.0,0.994321924823041,76599.0,4.0
1097,1309.0,23.0,0.9950298667100522,76606.0,4.0
1098,1195.0,56.0,0.9930262887055958,76610.0,4.0
1099,1308.0,52.0,0.9879280296307338,76611.0,4.0
1100,1165.0,25.0,0.9799474258836811,76613.0,4.0
1101,1198.0,8.0,0.9927750421315384,76618.0,4.0
1102,1468.0,58.0,0.9925899121777525,76624.0,4.0
1103,1511.0,0.0,0.9881217260743449,76629.0,4.0
1104,1309.0,52.0,0.996439329218744,76634.0,4.0
1105,1146.0,9.0,0.9598643016228428,72555.0,4.0
1106,916.0,59.0,0.9880304148126897,72556.0,4.0
1107,1211.0,48.0,0.9809998918981302,72557.0,4.0
1108,917.0,59.0,0.9675332931686907,72558.0,4.0
1109,1408.0,20.0,0.9850663663439302,76652.0,4.0
1110,918.0,59.0,0.9932377013996844,72564.0,4.0
1111,1216.0,17.0,0.9793278529379075,72565.0,4.0
1112,1219.0,50.0,0.9985138627774627,76660.0,4.0
1113,1192.0,13.0,0.9922484717941297,76661.0,4.0
1114,1225.0,6.0,0.9784313303646603,76662.0,4.0
1115,1087.0,44.0,0.9763697953751899,72569.0,4.0
1116,1154.0,50.0,0.9753474531060882,72570.0,4.0
1117,1476.0,1.0,0.996150974532941,72571.0,4.0
1118,921.0,59.0,0.9883576527495487,72572.0,4.0
1119,1381.0,18.0,0.9714638007564372,72573.0,4.0
1120,1134.0,30.0,0.985347477786724,72574.0,4.0
1121,1119.0,25.0,0.9905239371963628,72575.0,4.0
1122,1089.0,35.0,0.961895432397044,72576.0,4.0
1123,930.0,59.0,0.9756499703925208,72577.0,4.0
1124,1225.0,31.0,0.9977037521851897,76665.0,4.0
1125,1193.0,13.0,0.981133848498583,76668.0,4.0
1126,1413.0,20.0,0.9962965425741869,76671.0,4.0
1127,1311.0,52.0,0.997117942054441,76672.0,4.0
1128,1170.0,49.0,0.9825652672753431,72582.0,4.0
1129,1476.0,58.0,0.9921074948964375,76677.0,4.0
1130,1414.0,4.0,0.9514515526833708,72584.0,4.0
1131,1413.0,36.0,0.9917984100553313,72585.0,4.0
1132,1459.0,19.0,0.9592849931721423,76679.0,4.0
1133,1218.0,9.0,0.9738254516040302,76682.0,4.0
1134,1478.0,58.0,0.9608429527816259,76684.0,4.0
1135,924.0,59.0,0.9859490180656462,72590.0,4.0
1136,925.0,59.0,0.9682045364105276,72591.0,4.0
1137,1458.0,19.0,0.9904321001122475,76687.0,4.0
1138,923.0,59.0,0.9687054981554781,72593.0,4.0
1139,1165.0,45.0,0.9696546490614434,72594.0,4.0
1140,1414.0,36.0,0.9793334803279595,72595.0,4.0
1141,1154.0,10.0,0.9974040119861045,76692.0,4.0
1142,1150.0,10.0,0.990371449671922,76695.0,4.0
1143,1166.0,45.0,0.9746874685439385,72600.0,4.0
1144,1110.0,42.0,0.9865199452948564,72602.0,4.0
1145,1369.0,38.0,0.981854449833825,72604.0,4.0
1146,1260.0,40.0,0.9951155210254687,76704.0,4.0
1147,932.0,59.0,0.9897906611043524,72610.0,4.0
1148,1226.0,6.0,0.9761286444230455,76708.0,4.0
1149,1227.0,6.0,0.9788067605689267,76710.0,4.0
1150,1311.0,23.0,0.9786333347075622,76711.0,4.0
1151,1228.0,6.0,0.9756796969850244,76714.0,4.0
1152,1128.0,56.0,0.9930945759936097,72623.0,4.0
1153,1153.0,46.0,0.9837670448462353,72626.0,4.0
1154,942.0,59.0,0.9932950354371575,72628.0,4.0
1155,1147.0,9.0,0.9595227106945303,72630.0,4.0
1156,945.0,59.0,0.9986006075707375,72631.0,4.0
1157,1102.0,7.0,0.9800648643183204,72636.0,4.0
1158,935.0,59.0,0.967645749231633,72638.0,4.0
1159,938.0,59.0,0.993733740746359,72639.0,4.0
1160,936.0,59.0,0.988303268026494,72640.0,4.0
1161,1418.0,20.0,0.9739022802705781,76735.0,4.0
1162,1200.0,8.0,0.9759199224569121,76736.0,4.0
1163,1021.0,14.0,0.9729628255270016,72643.0,4.0
1164,1089.0,44.0,0.9844706554928755,72644.0,4.0
1165,1244.0,23.0,0.9972106940020221,72645.0,4.0
1166,1020.0,14.0,0.9594547889344723,72646.0,4.0
1167,1156.0,10.0,0.9670195551940087,76742.0,4.0
1168,1226.0,17.0,0.9883840918216347,72648.0,4.0
1169,1141.0,55.0,0.9575779090849565,72649.0,4.0
1170,1462.0,19.0,0.9825579416328908,76744.0,4.0
1171,1314.0,23.0,0.9956015175986487,76752.0,4.0
1172,1180.0,25.0,0.9900106048736674,76755.0,4.0
1173,1370.0,38.0,0.994331822950977,72661.0,4.0
1174,1408.0,57.0,0.9842840156382491,72662.0,4.0
1175,947.0,59.0,0.9736838572054101,72663.0,4.0
1176,1204.0,30.0,0.9664810905724791,76760.0,4.0
1177,1151.0,28.0,0.9925804276360151,72665.0,4.0
1178,1129.0,56.0,0.9925091172536229,72666.0,4.0
1179,1203.0,24.0,0.9733605892341651,76761.0,4.0
1180,1103.0,7.0,0.9756442488085302,72677.0,4.0
1181,951.0,59.0,0.9821722618516501,72678.0,4.0
1182,946.0,59.0,0.9801742019189014,72679.0,4.0
1183,1221.0,39.0,0.9863147315499968,72680.0,4.0
1184,1195.0,13.0,0.9622544123776797,76774.0,4.0
1185,949.0,59.0,0.9755400532097174,72683.0,4.0
1186,1106.0,43.0,0.9927334822929906,72684.0,4.0
1187,1233.0,6.0,0.9953023498806043,76789.0,4.0
1188,954.0,59.0,0.9884166930725,72694.0,4.0
1189,1156.0,46.0,0.9711420963120875,72702.0,4.0
1190,1174.0,49.0,0.9851509023662615,72704.0,4.0
1191,1172.0,49.0,0.9655870066417528,72705.0,4.0
1192,1225.0,50.0,0.9752500579748596,76800.0,4.0
1193,1423.0,20.0,0.9757574002714712,76805.0,4.0
1194,1428.0,20.0,0.9951208755754235,76809.0,4.0
1195,1424.0,4.0,0.9883982036712651,72716.0,4.0
1196,1245.0,23.0,0.9951053417250079,72720.0,4.0
1197,1187.0,25.0,0.9960727137346929,76816.0,4.0
1198,1165.0,6.0,0.961905004304409,72722.0,4.0
1199,1316.0,23.0,0.9971995277647423,76818.0,4.0
1200,1026.0,14.0,0.9941706765904107,72724.0,4.0
1201,1025.0,14.0,0.9943912951490468,72725.0,4.0
1202,1193.0,40.0,0.9690636718992606,72727.0,4.0
1203,1197.0,13.0,0.9716879231695562,76828.0,4.0
1204,1237.0,15.0,0.9851193758462101,72733.0,4.0
1205,1423.0,36.0,0.9907244622491475,72735.0,4.0
1206,1171.0,43.0,0.9930747205677759,76831.0,4.0
1207,1422.0,36.0,0.9825665856286062,72737.0,4.0
1208,1117.0,47.0,0.9945515876491955,72738.0,4.0
1209,1216.0,16.0,0.9786914462561546,72740.0,4.0
1210,1090.0,35.0,0.9915521607450227,72741.0,4.0
1211,957.0,59.0,0.9896087369190155,72747.0,4.0
1212,1232.0,17.0,0.9900570607771353,72752.0,4.0
1213,1233.0,17.0,0.9614609011108975,72753.0,4.0
1214,1424.0,36.0,0.9695275903854773,72757.0,4.0
1215,1130.0,8.0,0.99509002982669,72768.0,4.0
1216,1419.0,5.0,0.9940672841663645,72772.0,4.0
1217,1386.0,18.0,0.9936151555761534,72775.0,4.0
1218,1428.0,4.0,0.9945262858832647,72776.0,4.0
1219,1429.0,4.0,0.9946657391592636,72777.0,4.0
1220,1430.0,4.0,0.9890037464710673,72778.0,4.0
1221,1289.0,54.0,0.9686440661654642,72785.0,4.0
1222,1091.0,35.0,0.9857353413491693,72787.0,4.0
1223,1432.0,4.0,0.9768727743817232,72789.0,4.0
1224,1223.0,39.0,0.9594842475406857,72790.0,4.0
1225,956.0,59.0,0.9905575721733786,72791.0,4.0
1226,1153.0,9.0,0.9658301987630095,72795.0,4.0
1227,1162.0,46.0,0.9889086784055824,72797.0,4.0
1228,1161.0,46.0,1.0,72798.0,4.0
1229,1107.0,43.0,0.9693284178694258,72801.0,4.0
1230,1131.0,56.0,0.9925616606509013,72803.0,4.0
1231,1132.0,24.0,0.9908961243785108,72804.0,4.0
1232,1217.0,51.0,0.9782977443040115,72817.0,4.0
1233,1108.0,11.0,0.9917914390711641,72820.0,4.0
1234,1429.0,36.0,0.9959013842928871,72821.0,4.0
1235,1095.0,35.0,0.9867488859739076,72822.0,4.0
1236,1157.0,9.0,0.9950828027258719,72823.0,4.0
1237,1235.0,17.0,0.9835008287967877,72825.0,4.0
1238,1092.0,44.0,0.9920955070272862,72827.0,4.0
1239,1116.0,42.0,0.9890682307582069,72833.0,4.0
1240,1033.0,14.0,0.9537360850263684,72834.0,4.0
1241,1172.0,45.0,0.976857722019838,72846.0,4.0
1242,1194.0,40.0,0.9565412665329627,72847.0,4.0
1243,1197.0,40.0,0.9735218362105044,72853.0,4.0
1244,1161.0,27.0,0.998382057533266,72856.0,4.0
1245,1433.0,36.0,0.9918508253389245,72859.0,4.0
1246,1431.0,36.0,0.9760229236096299,72864.0,4.0
1247,1221.0,51.0,0.954379203353534,72865.0,4.0
1248,1119.0,47.0,0.994295894426908,72869.0,4.0
1249,1120.0,47.0,0.9725665797531123,72870.0,4.0
1250,1436.0,4.0,0.9909672901634832,72880.0,4.0
1251,1442.0,4.0,0.9697795336638955,72882.0,4.0
1252,1392.0,18.0,0.9938854686811852,72884.0,4.0
1253,1115.0,42.0,0.9816573023649785,72888.0,4.0
1254,1114.0,42.0,0.9731923784736617,72889.0,4.0
1255,1032.0,14.0,0.9553534489116229,72893.0,4.0
1256,1439.0,4.0,0.9891417150673789,72899.0,4.0
1257,1142.0,55.0,0.9906706896544629,72902.0,4.0
1258,1123.0,47.0,0.9920536713464497,72903.0,4.0
1259,1225.0,39.0,0.9777564237918965,72905.0,4.0
1260,1152.0,28.0,0.9648876567376992,72906.0,4.0
1261,1226.0,39.0,0.9832214025811579,72910.0,4.0
1262,1486.0,2.0,0.9923540780360538,72912.0,4.0
1263,1158.0,9.0,0.9648503374965005,72914.0,4.0
1264,960.0,59.0,0.9708648958210969,72924.0,4.0
1265,958.0,59.0,0.990196713874503,72925.0,4.0
1266,1218.0,16.0,0.9893576003970298,72928.0,4.0
1267,1133.0,56.0,0.9950875838391445,72929.0,4.0
1268,1132.0,56.0,0.9868637080030265,72931.0,4.0
1269,1213.0,48.0,0.9893629932574401,72937.0,4.0
1270,1199.0,22.0,0.9801692652938739,72940.0,4.0
1271,1220.0,51.0,0.9710209244236321,72941.0,4.0
1272,1212.0,48.0,0.9833796657898387,72943.0,4.0
1273,1242.0,15.0,0.9791698511900665,72944.0,4.0
1274,1094.0,44.0,0.982323493869769,72946.0,4.0
1275,1108.0,32.0,0.9921655242053371,72947.0,4.0
1276,1035.0,14.0,0.9932677987206546,72948.0,4.0
1277,1178.0,45.0,0.9509597302520985,72954.0,4.0
1278,1235.0,21.0,0.9960877683353268,72957.0,4.0
1279,1214.0,48.0,0.9952724471364917,72962.0,4.0
1280,1089.0,33.0,0.9894136440761568,72964.0,4.0
1281,1144.0,55.0,1.0,72968.0,4.0
1282,1136.0,56.0,0.9955069476925499,72971.0,4.0
1283,1135.0,56.0,0.9972975439363333,72972.0,4.0
1284,1145.0,55.0,0.9731335679316002,72975.0,4.0
1285,1143.0,55.0,0.9772364310470768,72977.0,4.0
1286,1134.0,24.0,0.9966179566906969,72979.0,4.0
1287,1125.0,47.0,0.9842382999371071,72980.0,4.0
1288,1450.0,4.0,0.9814332004085129,72981.0,4.0
1289,1124.0,47.0,0.9800563601114377,72982.0,4.0
1290,1202.0,22.0,0.9778891206102959,72983.0,4.0
1291,1036.0,14.0,0.9818105857747979,72989.0,4.0
1292,1294.0,54.0,0.9658001945862714,72994.0,4.0
1293,1155.0,50.0,0.9717758483985435,72995.0,4.0
1294,1449.0,4.0,0.9869885231819269,73000.0,4.0
1295,1177.0,45.0,0.9903041822233577,73002.0,4.0
1296,1447.0,4.0,0.9952153655445473,73003.0,4.0
1297,1446.0,4.0,0.9586911581120493,73005.0,4.0
1298,1396.0,18.0,0.9916635998880783,73007.0,4.0
1299,1445.0,4.0,0.9935456699973845,73013.0,4.0
1300,1488.0,2.0,0.9910883242237173,73014.0,4.0
1301,1441.0,36.0,0.9881380309310827,73017.0,4.0
1302,1490.0,1.0,0.9782156522130638,73020.0,4.0
1303,1112.0,43.0,0.9686127726816528,73021.0,4.0
1304,1096.0,44.0,0.9963356015102826,73022.0,4.0
1305,1095.0,44.0,0.9861969835947341,73026.0,4.0
1306,1076.0,29.0,0.9976885387612598,73036.0,4.0
1307,1230.0,39.0,0.9952721794142709,73041.0,4.0
1308,1107.0,7.0,0.9942157894373831,73045.0,4.0
1309,1424.0,5.0,0.9842949499803127,73046.0,4.0
1310,1440.0,36.0,0.9794320194780052,73050.0,4.0
1311,1488.0,1.0,0.9943316876344497,73054.0,4.0
1312,1371.0,38.0,0.992060022609931,73061.0,4.0
1313,1374.0,38.0,0.9971457474374388,73065.0,4.0
1314,1375.0,38.0,0.9968159778376842,73066.0,4.0
1315,1101.0,35.0,0.9728069739015074,73070.0,4.0
1316,1372.0,38.0,0.9868429456044014,73072.0,4.0
1317,1183.0,49.0,0.9870343937255942,73076.0,4.0
1318,1184.0,49.0,0.9928301936363753,73077.0,4.0
1319,1120.0,42.0,0.9926064075037382,73078.0,4.0
1320,1233.0,21.0,0.9722208012762219,73081.0,4.0
1321,1400.0,18.0,0.993198180945245,73085.0,4.0
1322,1136.0,30.0,0.9587742735924726,73094.0,4.0
1323,1186.0,49.0,0.9656122925035382,73099.0,4.0
1324,1435.0,36.0,0.953033972046975,73102.0,4.0
1325,1436.0,36.0,0.9961025267059093,73103.0,4.0
1326,1436.0,37.0,0.9535974105311781,73104.0,4.0
1327,1291.0,54.0,0.983068322770116,73106.0,4.0
1328,1188.0,49.0,0.9952407099058829,73107.0,4.0
1329,1403.0,18.0,0.9929110703166524,73109.0,4.0
1330,1113.0,43.0,0.9817992354556372,73110.0,4.0
1331,1041.0,14.0,0.9830173057388671,73111.0,4.0
1332,1122.0,42.0,0.9837661879764723,73113.0,4.0
1333,1106.0,35.0,0.9739025020674853,73115.0,4.0
1334,1173.0,46.0,0.9806649218913737,73116.0,4.0
1335,1223.0,16.0,0.9863114068096219,73118.0,4.0
1336,1123.0,42.0,0.9834087597243966,73119.0,4.0
1337,1190.0,49.0,0.9735332286017555,73120.0,4.0
1338,1243.0,17.0,0.9660303582380875,73122.0,4.0
1339,1091.0,10.0,0.9856527971886448,73130.0,4.0
1340,1126.0,42.0,0.9707973904557478,73131.0,4.0
1341,1127.0,42.0,0.9877679983041767,73133.0,4.0
1342,1215.0,48.0,0.9641272020489176,73134.0,4.0
1343,1216.0,48.0,0.9624892911165351,73136.0,4.0
1344,1135.0,34.0,0.9903088954880509,73139.0,4.0
1345,1078.0,29.0,0.9698045490383892,73140.0,4.0
1346,1216.0,46.0,0.9924775541481048,75449.0,4.0
1347,1231.0,6.0,0.9647239426842917,76730.0,4.0
1348,1225.0,17.0,0.9932914181646054,72637.0,4.0
1349,1213.0,50.0,0.9688214670351215,76481.0,4.0
1350,1153.0,55.0,0.9638578828785208,73796.0,4.0
1351,1350.0,54.0,0.9945048860117843,75972.0,4.0
1352,1461.0,19.0,0.9941634954630488,76743.0,4.0
1353,1209.0,27.0,0.9955229299680795,75852.0,4.0
1354,1217.0,16.0,0.9886270125818181,72782.0,4.0
1355,1239.0,39.0,0.997511860539131,73682.0,4.0
1356,1378.0,3.0,0.9734969716151081,74834.0,4.0
1357,1152.0,7.0,0.9741940278849236,75093.0,4.0
1358,1545.0,1.0,0.9879460175530275,75094.0,4.0
1359,1263.0,22.0,0.9707042833938618,75862.0,4.0
1360,1044.0,14.0,0.9891192679650355,73308.0,4.0
1361,1420.0,57.0,0.9771196702374502,73952.0,4.0
1362,1114.0,11.0,0.990922274564643,73313.0,4.0
1363,1128.0,32.0,0.9838612562990017,73954.0,4.0
1364,1262.0,15.0,0.9907220693461651,74592.0,4.0
1365,1462.0,0.0,0.9897849303938953,74848.0,4.0
1366,1268.0,23.0,0.9882761434912732,75494.0,4.0
1367,1428.0,18.0,0.988705664622833,73960.0,4.0
1368,1117.0,29.0,0.9807982946991018,75368.0,4.0
1369,950.0,59.0,0.9636623052811274,72682.0,4.0
1370,1147.0,8.0,0.9879746263031887,74348.0,4.0
1371,1149.0,9.0,0.9732547576403463,72685.0,4.0
1372,1464.0,36.0,0.9642882197240301,74350.0,4.0
1373,1439.0,5.0,0.9745383928106133,73711.0,4.0
1374,1396.0,38.0,0.9937583056713306,74351.0,4.0
1375,1138.0,35.0,0.9669899392796941,74608.0,4.0
1376,1139.0,47.0,0.9722166110648096,73587.0,4.0
1377,1242.0,51.0,0.9938233669810059,73588.0,4.0
1378,1131.0,10.0,0.9800789286243637,76019.0,4.0
1379,1119.0,42.0,0.9942047921962064,72951.0,4.0
1380,1528.0,2.0,0.9882765160012185,75128.0,4.0
1381,1177.0,13.0,0.9768758339469537,76413.0,4.0
1382,1421.0,20.0,0.9762672911993098,76798.0,4.0
1383,1143.0,44.0,0.9930600202684297,74623.0,4.0
1384,1238.0,48.0,0.9822901724230724,74753.0,4.0
1385,1241.0,49.0,0.9675451577428386,75915.0,4.0
1386,1456.0,58.0,0.9932044729404572,76555.0,4.0
1387,1423.0,4.0,0.9919577095195058,72717.0,4.0
1388,1281.0,52.0,0.9754610239736865,75032.0,4.0
1389,1487.0,37.0,0.9924398699465928,75161.0,4.0
1390,1114.0,43.0,0.9906055711294013,73117.0,4.0
1391,1169.0,34.0,0.9730996392539933,75037.0,4.0
1392,1178.0,24.0,0.9970122828028126,75295.0,4.0
1393,1222.0,41.0,1.0,75422.0,4.0
1394,1208.0,28.0,0.9839508358263803,75934.0,4.0
1395,1157.0,12.0,0.9824802130095838,76197.0,4.0
1396,1175.0,26.0,0.9855863357787926,75942.0,4.0
1397,1157.0,30.0,0.958004627924098,75305.0,4.0
1398,1204.0,45.0,0.9948923985235071,74283.0,4.0
1399,1172.0,25.0,0.9647969967163066,76717.0,4.0
1400,1160.0,56.0,0.9939984094015866,74675.0,4.0
1401,1146.0,33.0,0.9794255736466307,76725.0,4.0
1402,1278.0,53.0,0.9846805347764948,73910.0,4.0
1403,1211.0,31.0,0.9899638780157739,75703.0,4.0
1404,1409.0,18.0,0.959275635916861,73145.0,4.0
1405,1110.0,11.0,0.9879712172877346,73149.0,4.0
1406,1150.0,32.0,0.9544990163463654,75201.0,4.0
1407,1196.0,27.0,0.966046592453951,75202.0,4.0
1408,1195.0,27.0,0.9942727823974142,75203.0,4.0
1409,1410.0,57.0,0.9916857054415461,73162.0,4.0
1410,1132.0,8.0,0.9904023326450293,73164.0,4.0
1411,1267.0,39.0,0.992820652663375,75234.0,4.0
1412,1421.0,19.0,0.9927152507350812,75237.0,4.0
1413,1469.0,5.0,0.9719404376800764,75239.0,4.0
1414,1194.0,6.0,0.987566296852444,75249.0,4.0
1415,1162.0,31.0,0.9592914927850273,73202.0,4.0
1416,1247.0,22.0,0.9709443508291026,75257.0,4.0
1417,1530.0,2.0,0.9948116008527229,75261.0,4.0
1418,1161.0,8.0,0.9944834339114209,75266.0,4.0
1419,1155.0,30.0,0.9573636259373826,75272.0,4.0
1420,1263.0,23.0,1.0,75286.0,4.0
1421,1072.0,14.0,0.9759958043395154,75289.0,4.0
1422,1405.0,38.0,0.9650010594529873,75318.0,4.0
1423,1340.0,54.0,0.9941305901630484,75325.0,4.0
1424,1237.0,49.0,0.9642588032138453,75328.0,4.0
1425,1429.0,5.0,0.9962119228958127,73285.0,4.0
1426,1137.0,56.0,0.9861899968677443,73288.0,4.0
1427,1232.0,51.0,0.9501460467134608,73306.0,4.0
1428,1114.0,29.0,0.957443830898746,75355.0,4.0
1429,1113.0,11.0,0.972058775718384,73309.0,4.0
1430,1289.0,52.0,0.9882335910488353,75359.0,4.0
1431,1161.0,30.0,0.9707339756907986,75364.0,4.0
1432,1093.0,10.0,0.9873632228426614,73323.0,4.0
1433,1216.0,41.0,0.9503699311229122,75372.0,4.0
1434,1132.0,42.0,0.9657389868095317,73326.0,4.0
1435,1253.0,48.0,0.9757409939798857,75375.0,4.0
1436,1315.0,53.0,0.9683787876565155,75382.0,4.0
1437,1300.0,54.0,0.962635826753431,73335.0,4.0
1438,1301.0,54.0,0.9934122733826334,73336.0,4.0
1439,1218.0,41.0,0.9543035486261091,75384.0,4.0
1440,1135.0,8.0,0.9675519275306292,73349.0,4.0
1441,1278.0,39.0,0.9949672405743334,75398.0,4.0
1442,1119.0,32.0,0.989010050048394,73353.0,4.0
1443,1412.0,57.0,0.9806202950952422,73355.0,4.0
1444,1184.0,41.0,0.9741193012637019,73366.0,4.0
1445,1182.0,41.0,0.9612924997151763,73373.0,4.0
1446,1399.0,19.0,0.9719847666574516,73376.0,4.0
1447,1204.0,40.0,0.9924121261012159,73379.0,4.0
1448,1188.0,55.0,0.9928505411159718,75436.0,4.0
1449,1214.0,22.0,0.9921116379604803,73398.0,4.0
1450,1184.0,45.0,0.9605490274023274,73411.0,4.0
1451,1400.0,19.0,0.9848610762589148,73415.0,4.0
1452,1291.0,52.0,0.9909505233200762,75463.0,4.0
1453,1161.0,7.0,0.9714318596800765,75472.0,4.0
1454,1176.0,9.0,0.9713346366071604,73426.0,4.0
1455,1176.0,56.0,0.9611546556882977,75496.0,4.0
1456,1412.0,18.0,0.9883511589411971,73465.0,4.0
1457,1203.0,28.0,0.9890835198762351,75530.0,4.0
1458,1239.0,51.0,0.9720963759898479,73484.0,4.0
1459,1450.0,0.0,0.9717269112711531,73487.0,4.0
1460,1130.0,26.0,0.9571424732343008,73488.0,4.0
1461,1156.0,13.0,0.9724028305213941,75547.0,4.0
1462,1188.0,24.0,0.975823202829804,75557.0,4.0
1463,1191.0,24.0,0.9832429599670305,75563.0,4.0
1464,1190.0,24.0,0.9944664265504782,75564.0,4.0
1465,1134.0,8.0,0.9672834011467348,73521.0,4.0
1466,1537.0,2.0,0.9609003600460696,75595.0,4.0
1467,1108.0,44.0,0.9670576390647413,73562.0,4.0
1468,1196.0,6.0,0.9849366004514668,75611.0,4.0
1469,1121.0,7.0,0.9601696703192917,73567.0,4.0
1470,1163.0,28.0,0.9677549984126516,73570.0,4.0
1471,962.0,59.0,0.9739303533991093,73571.0,4.0
1472,1394.0,3.0,0.9640336834413534,75618.0,4.0
1473,1393.0,3.0,0.968824299491313,75619.0,4.0
1474,1204.0,6.0,0.9699001672158095,75626.0,4.0
1475,1168.0,31.0,0.9758666461129171,73579.0,4.0
1476,1137.0,47.0,0.9863130272633662,73582.0,4.0
1477,1138.0,47.0,0.9730903383177109,73584.0,4.0
1478,1241.0,51.0,0.9649968002347401,73585.0,4.0
1479,1118.0,11.0,0.9778895670752696,73592.0,4.0
1480,1140.0,47.0,0.9833306151542605,73593.0,4.0
1481,1129.0,13.0,0.9941807511855124,73596.0,4.0
1482,1095.0,10.0,0.9775058256293214,73612.0,4.0
1483,1519.0,1.0,0.9820833617216644,73626.0,4.0
1484,1288.0,21.0,0.9865538754006822,75677.0,4.0
1485,1254.0,22.0,0.9700633280455588,75680.0,4.0
1486,1279.0,51.0,0.9917158093279798,75700.0,4.0
1487,1144.0,47.0,0.9865069214666417,73654.0,4.0
1488,1186.0,34.0,0.9834326397335632,75707.0,4.0
1489,1217.0,22.0,0.9632197142852814,73662.0,4.0
1490,1162.0,13.0,0.993377119162927,75710.0,4.0
1491,1215.0,22.0,0.965129534922828,73664.0,4.0
1492,1187.0,34.0,0.9589422341653333,75711.0,4.0
1493,1212.0,9.0,0.9946506136429747,75716.0,4.0
1494,1185.0,46.0,0.9782486680608165,73674.0,4.0
1495,1123.0,29.0,0.9783677484664903,75725.0,4.0
1496,1386.0,38.0,0.9967197303149982,73681.0,4.0
1497,1138.0,25.0,0.961735667904297,75731.0,4.0
1498,1123.0,32.0,0.9970498101164579,73691.0,4.0
1499,1248.0,21.0,0.9708748335938986,73697.0,4.0
1500,1434.0,58.0,0.9637395761739191,75752.0,4.0
1501,1182.0,56.0,0.9948681679310579,75785.0,4.0
1502,1439.0,58.0,0.9968970513448203,75791.0,4.0
1503,1446.0,37.0,0.9970284819556666,73752.0,4.0
1504,1143.0,24.0,0.9863386729227914,73766.0,4.0
1505,1311.0,54.0,0.9943125432138288,73793.0,4.0
1506,1156.0,55.0,0.9949706301631724,73807.0,4.0
1507,1246.0,40.0,0.9985554803163579,75859.0,4.0
1508,1413.0,58.0,0.9899496271900295,73813.0,4.0
1509,1211.0,27.0,0.9968931668887324,75869.0,4.0
1510,1296.0,52.0,0.9879241054715142,75878.0,4.0
1511,1376.0,20.0,0.9926176281626744,75881.0,4.0
1512,1164.0,28.0,0.9702365070798905,73845.0,4.0
1513,1219.0,22.0,0.97190817892916,73857.0,4.0
1514,1449.0,57.0,0.9804863715914144,75906.0,4.0
1515,1176.0,26.0,0.9685066647767466,75917.0,4.0
1516,1143.0,56.0,0.9919763585362199,73886.0,4.0
1517,1323.0,53.0,0.9816797488778093,75935.0,4.0
1518,1276.0,23.0,0.9967617532697862,75939.0,4.0
1519,1109.0,33.0,0.9921481205342904,73893.0,4.0
1520,1261.0,52.0,0.9723375146246838,73899.0,4.0
1521,1322.0,53.0,0.9828172445087665,75948.0,4.0
1522,1262.0,52.0,0.9687238971683074,73900.0,4.0
1523,1183.0,9.0,0.9654278601907387,73901.0,4.0
1524,1213.0,49.0,0.9733273354131274,73908.0,4.0
1525,1277.0,53.0,0.992498722394798,73909.0,4.0
1526,1173.0,42.0,0.990011970112671,75958.0,4.0
1527,1460.0,37.0,0.9934243115080955,73920.0,4.0
1528,1284.0,39.0,0.9587407552333918,75969.0,4.0
1529,1197.0,46.0,0.9935507295976429,73923.0,4.0
1530,1195.0,24.0,0.9928394052288682,75975.0,4.0
1531,1176.0,8.0,0.9755023581467521,75979.0,4.0
1532,1252.0,23.0,0.9892951590104289,73936.0,4.0
1533,1251.0,23.0,0.9659750613192128,73937.0,4.0
1534,1421.0,57.0,0.9830146714747373,73951.0,4.0
1535,1193.0,55.0,0.9606305411240896,76008.0,4.0
1536,1215.0,31.0,0.9728736034829978,76012.0,4.0
1537,1158.0,35.0,0.9720815641802782,76014.0,4.0
1538,1140.0,33.0,0.982733495542015,76016.0,4.0
1539,1194.0,41.0,0.9738311120885941,73974.0,4.0
1540,1505.0,2.0,0.9929110082555743,73980.0,4.0
1541,1286.0,23.0,0.9671298376611591,76052.0,4.0
1542,1524.0,1.0,0.9948741900545822,74019.0,4.0
1543,1153.0,44.0,0.9584832392049661,76072.0,4.0
1544,1163.0,55.0,0.9581361778275753,74030.0,4.0
1545,1134.0,7.0,0.9681713879068836,74033.0,4.0
1546,1133.0,7.0,0.9604244695018667,74034.0,4.0
1547,1129.0,32.0,0.9620913594650337,74037.0,4.0
1548,1318.0,54.0,0.9961307321682211,74048.0,4.0
1549,1445.0,58.0,0.9959410942461332,76098.0,4.0
1550,1443.0,58.0,0.9919765787176236,76103.0,4.0
1551,1123.0,12.0,0.9697220067435646,74063.0,4.0
1552,1415.0,58.0,0.9956459488609933,74069.0,4.0
1553,1448.0,5.0,0.9959470261216741,74081.0,4.0
1554,1218.0,28.0,0.9898809840868824,76130.0,4.0
1555,1216.0,28.0,0.9666981787969902,76131.0,4.0
1556,1167.0,7.0,0.9758106027392163,76133.0,4.0
1557,1135.0,10.0,0.9904545927027193,76151.0,4.0
1558,1186.0,47.0,0.9844284071990741,76153.0,4.0
1559,1146.0,24.0,0.9575454671984774,74111.0,4.0
1560,1456.0,36.0,0.9553679461090095,74112.0,4.0
1561,1147.0,56.0,0.9981058647007671,74135.0,4.0
1562,1257.0,21.0,0.994087710958872,74141.0,4.0
1563,1156.0,12.0,0.9597230301808893,76189.0,4.0
1564,1158.0,55.0,0.9957870131183097,74150.0,4.0
1565,1120.0,33.0,0.9903642221997502,74151.0,4.0
1566,1280.0,53.0,0.9882921916600385,74177.0,4.0
1567,1252.0,40.0,0.9893834394537101,76237.0,4.0
1568,1201.0,41.0,0.9695702711865958,74190.0,4.0
1569,1313.0,54.0,0.9906752314112963,74191.0,4.0
1570,1197.0,34.0,0.9614490872636491,76244.0,4.0
1571,1133.0,29.0,0.9525067102962642,76248.0,4.0
1572,1526.0,1.0,0.9507263537691415,74201.0,4.0
1573,1202.0,50.0,0.9877770080285859,76250.0,4.0
1574,1134.0,29.0,0.9973379010343181,76253.0,4.0
1575,1211.0,50.0,1.0,76265.0,4.0
1576,1198.0,41.0,0.9736923793300523,74218.0,4.0
1577,1252.0,51.0,0.9932941267354026,74225.0,4.0
1578,1270.0,52.0,0.9947175018260075,74226.0,4.0
1579,1131.0,44.0,0.9593617701634573,74229.0,4.0
1580,1258.0,51.0,0.9586666441742082,74230.0,4.0
1581,1139.0,30.0,0.9842052361986315,74232.0,4.0
1582,1288.0,53.0,0.9744592978081085,74236.0,4.0
1583,1122.0,33.0,0.9632395152134259,74237.0,4.0
1584,1089.0,29.0,0.9929210286429168,74243.0,4.0
1585,1133.0,35.0,0.9613646694167199,74247.0,4.0
1586,1397.0,38.0,0.9885493656798908,74252.0,4.0
1587,1407.0,19.0,0.9567766191256004,74253.0,4.0
1588,1415.0,3.0,0.9959403193072391,76303.0,4.0
1589,1371.0,3.0,0.9663466939163953,74265.0,4.0
1590,1210.0,45.0,0.9892620231677856,74268.0,4.0
1591,1511.0,2.0,0.9671340579797292,74294.0,4.0
1592,1195.0,9.0,0.9751060654466677,74311.0,4.0
1593,1385.0,20.0,0.9836175055130085,76366.0,4.0
1594,1453.0,5.0,0.9587824370970836,74321.0,4.0
1595,1389.0,20.0,0.9620168807661009,76369.0,4.0
1596,1388.0,20.0,0.9747310024189143,76370.0,4.0
1597,1183.0,13.0,0.9694719394305256,76379.0,4.0
1598,1425.0,57.0,0.9743257393081547,74339.0,4.0
1599,1221.0,6.0,0.9725980440908458,76391.0,4.0
1600,1179.0,13.0,0.9752123352385276,76415.0,4.0
1601,1393.0,38.0,0.9912933105555781,74381.0,4.0
1602,1255.0,39.0,0.985405053233611,74385.0,4.0
1603,1165.0,43.0,0.9693584027581197,76435.0,4.0
1604,1372.0,3.0,0.9659276255386209,74388.0,4.0
1605,1274.0,48.0,0.971419687690722,76436.0,4.0
1606,1374.0,3.0,0.990064216153658,74390.0,4.0
1607,1304.0,23.0,0.9655423866626553,76450.0,4.0
1608,1395.0,20.0,0.9637746299540153,76453.0,4.0
1609,1254.0,39.0,0.9809153473749763,74411.0,4.0
1610,1196.0,8.0,0.9561986066708069,76459.0,4.0
1611,1183.0,26.0,0.9781738158846555,76463.0,4.0
1612,1172.0,11.0,0.9811202393219246,76475.0,4.0
1613,1153.0,42.0,0.983165151368973,74442.0,4.0
1614,1162.0,25.0,0.9750146593191037,76491.0,4.0
1615,1419.0,58.0,0.9938116905470207,74448.0,4.0
1616,1436.0,18.0,0.9915172162148445,74457.0,4.0
1617,1230.0,48.0,0.9717373845201346,74481.0,4.0
1618,1189.0,13.0,0.98945188719752,76535.0,4.0
1619,1256.0,23.0,0.9608371984873917,74498.0,4.0
1620,1135.0,32.0,0.9827211839299872,74507.0,4.0
1621,1451.0,19.0,0.9564575978588207,76556.0,4.0
1622,1406.0,20.0,0.9965641858834843,76564.0,4.0
1623,1202.0,34.0,0.9701151282599535,76565.0,4.0
1624,1166.0,55.0,0.9670170112980127,74518.0,4.0
1625,1186.0,26.0,0.9914914702424369,76566.0,4.0
1626,1438.0,38.0,0.9950923973540293,76571.0,4.0
1627,1202.0,30.0,0.9701871664358322,76586.0,4.0
1628,1123.0,25.0,0.9611029868368507,74545.0,4.0
1629,1164.0,25.0,0.9783034907599699,76594.0,4.0
1630,1204.0,34.0,0.9678452404232457,76598.0,4.0
1631,1169.0,25.0,0.9692523768342001,76604.0,4.0
1632,1139.0,7.0,0.9618888656931842,74578.0,4.0
1633,1230.0,27.0,0.9715229588277874,76645.0,4.0
1634,1198.0,9.0,0.9875483507769556,74598.0,4.0
1635,1154.0,42.0,0.953022078676316,74599.0,4.0
1636,1299.0,53.0,0.9836342589314166,74606.0,4.0
1637,1150.0,46.0,0.9795317406332452,72559.0,4.0
1638,1413.0,4.0,0.9848651895527629,72560.0,4.0
1639,919.0,59.0,0.9652537968367367,72562.0,4.0
1640,920.0,59.0,0.9729782840831904,72563.0,4.0
1641,1066.0,14.0,0.9961836188141038,74611.0,4.0
1642,1429.0,37.0,0.9934995697276492,72568.0,4.0
1643,1189.0,31.0,0.9870615820071813,74617.0,4.0
1644,1107.0,10.0,0.9577830713954464,74618.0,4.0
1645,1174.0,11.0,0.9778805384677299,76666.0,4.0
1646,1229.0,6.0,0.9814088781750308,76667.0,4.0
1647,927.0,59.0,0.9922023611916364,72580.0,4.0
1648,1191.0,27.0,0.9808941310994211,74631.0,4.0
1649,1518.0,2.0,0.9983813782790849,74635.0,4.0
1650,1430.0,37.0,0.9926798964280928,72592.0,4.0
1651,1479.0,58.0,0.9959466369526379,76689.0,4.0
1652,1189.0,27.0,0.964410184886302,74650.0,4.0
1653,933.0,59.0,0.9676607441794964,72608.0,4.0
1654,1132.0,12.0,0.9590586690037098,74659.0,4.0
1655,1019.0,14.0,0.9672653745701678,72612.0,4.0
1656,1152.0,46.0,0.9935265751238013,72613.0,4.0
1657,1153.0,31.0,0.9622094831035745,72614.0,4.0
1658,1107.0,32.0,0.964392141374292,72615.0,4.0
1659,1133.0,12.0,0.9846584815196323,74660.0,4.0
1660,1287.0,54.0,0.9912228574982744,72617.0,4.0
1661,1170.0,50.0,0.9751712132692328,74664.0,4.0
1662,1417.0,4.0,0.9625722880829551,72625.0,4.0
1663,1220.0,50.0,0.9774159417949956,76726.0,4.0
1664,1154.0,31.0,0.9869625003910087,72633.0,4.0
1665,940.0,59.0,0.9918958612088207,72634.0,4.0
1666,939.0,59.0,0.9671075891696366,72635.0,4.0
1667,1164.0,56.0,0.9868590631419799,74692.0,4.0
1668,1022.0,14.0,0.9747072479376526,72654.0,4.0
1669,1432.0,37.0,0.9628708753750486,72659.0,4.0
1670,1179.0,25.0,0.9943862322935532,76757.0,4.0
1671,1144.0,29.0,0.9759613441272357,76759.0,4.0
1672,1417.0,5.0,0.9767489204711579,72664.0,4.0
1673,1211.0,41.0,0.9863638734510402,74715.0,4.0
1674,1205.0,30.0,0.9771484777686325,76764.0,4.0
1675,1420.0,4.0,0.9950309366732508,72671.0,4.0
1676,1216.0,51.0,0.9714233357176922,72674.0,4.0
1677,1242.0,22.0,0.9851174433844821,74723.0,4.0
1678,1224.0,50.0,0.9772611578620848,76772.0,4.0
1679,1402.0,38.0,0.9574163899668273,74732.0,4.0
1680,1403.0,38.0,0.9708493364709544,74733.0,4.0
1681,1150.0,9.0,0.9897245805888142,72686.0,4.0
1682,1023.0,14.0,0.9629871781662576,72687.0,4.0
1683,1419.0,36.0,0.9548992661714125,72689.0,4.0
1684,1418.0,36.0,0.9572352065232272,72690.0,4.0
1685,1417.0,36.0,0.9610318686740131,72691.0,4.0
1686,1173.0,55.0,0.9940678350550838,74737.0,4.0
1687,953.0,59.0,0.9584423613527818,72695.0,4.0
1688,1152.0,9.0,0.9671799613244682,72697.0,4.0
1689,1151.0,9.0,0.9821782816494309,72699.0,4.0
1690,1156.0,44.0,0.9706564631370607,76799.0,4.0
1691,1173.0,49.0,0.993292139619094,72708.0,4.0
1692,1272.0,21.0,0.9733056738268608,74758.0,4.0
1693,1422.0,20.0,0.9905403418520362,76807.0,4.0
1694,1280.0,48.0,0.9732619580259882,76808.0,4.0
1695,1425.0,4.0,0.9665811194298171,72713.0,4.0
1696,1161.0,10.0,0.9942293599429446,76813.0,4.0
1697,1231.0,21.0,0.9845340471945999,72721.0,4.0
1698,1276.0,21.0,0.965800100855574,74770.0,4.0
1699,1479.0,1.0,0.9920710559835352,72730.0,4.0
1700,1478.0,1.0,0.9924485249980766,72731.0,4.0
1701,1477.0,1.0,0.9878945070225752,72732.0,4.0
1702,1238.0,15.0,0.9832730331647498,72742.0,4.0
1703,1425.0,36.0,0.9794141838866308,72749.0,4.0
1704,1427.0,36.0,0.998494865116595,72751.0,4.0
1705,1426.0,36.0,0.9797854371761396,72756.0,4.0
1706,1456.0,0.0,0.9931225764352278,74805.0,4.0
1707,1103.0,12.0,0.99574260924484,72759.0,4.0
1708,1102.0,12.0,0.9642414943693622,72761.0,4.0
1709,1434.0,4.0,0.9660649518669169,72766.0,4.0
1710,1433.0,4.0,0.9904810255116545,72769.0,4.0
1711,1385.0,18.0,0.9756591291899667,72770.0,4.0
1712,1414.0,19.0,0.9583569562464985,74826.0,4.0
1713,1092.0,35.0,0.983460851660257,72780.0,4.0
1714,1134.0,13.0,0.9575010332436543,74845.0,4.0
1715,1163.0,46.0,0.9925000223419245,72799.0,4.0
1716,1418.0,5.0,0.9680165137458159,72802.0,4.0
1717,1160.0,46.0,0.9545997122000335,72813.0,4.0
1718,1135.0,30.0,0.9534776563640107,72819.0,4.0
1719,1179.0,49.0,0.9648181064907214,72824.0,4.0
1720,1391.0,18.0,0.9714354692615456,72839.0,4.0
1721,1390.0,18.0,0.9933814498972107,72840.0,4.0
1722,1389.0,18.0,0.9573239904489194,72841.0,4.0
1723,1195.0,40.0,0.9504000849535212,72844.0,4.0
1724,1434.0,37.0,0.9944981485644072,72849.0,4.0
1725,1232.0,21.0,0.991178980200696,72862.0,4.0
1726,1198.0,22.0,0.9530881041104422,72868.0,4.0
1727,1354.0,3.0,0.9971684674171633,72874.0,4.0
1728,1216.0,45.0,0.9967275289474924,74922.0,4.0
1729,1074.0,29.0,0.9819978764564576,72876.0,4.0
1730,1419.0,19.0,0.9525182930578466,74928.0,4.0
1731,1193.0,31.0,0.9660443458924651,74937.0,4.0
1732,1433.0,37.0,0.9906460619597193,72892.0,4.0
1733,1388.0,18.0,0.9789799126822477,72896.0,4.0
1734,1435.0,4.0,0.978394838654795,72898.0,4.0
1735,1217.0,40.0,0.9918140432827914,74950.0,4.0
1736,1224.0,39.0,0.9662753226744623,72907.0,4.0
1737,1165.0,46.0,0.995989678782397,72918.0,4.0
1738,1109.0,11.0,0.9682364494457406,72927.0,4.0
1739,1409.0,57.0,0.9576214062583341,72938.0,4.0
1740,1110.0,43.0,0.9732197665746755,72945.0,4.0
1741,1115.0,26.0,0.958689575786743,72949.0,4.0
1742,1162.0,9.0,0.9882206035579207,72950.0,4.0
1743,1446.0,0.0,0.9697618439815062,72958.0,4.0
1744,1144.0,35.0,0.9689902472803872,75007.0,4.0
1745,1245.0,48.0,0.9601180061632233,75008.0,4.0
1746,1151.0,30.0,0.9571663450785216,75010.0,4.0
1747,1174.0,45.0,0.9810502725593183,72969.0,4.0
1748,1106.0,12.0,0.9843105682843718,72974.0,4.0
1749,1114.0,10.0,0.9903808634488319,75022.0,4.0
1750,1171.0,50.0,0.9665461313798717,75024.0,4.0
1751,1235.0,49.0,0.9675728962071145,75025.0,4.0
1752,1135.0,24.0,0.9815152934428433,72978.0,4.0
1753,1143.0,11.0,0.974656127873317,75029.0,4.0
1754,1145.0,35.0,0.9585312524798768,75034.0,4.0
1755,1286.0,52.0,0.964187339065905,75050.0,4.0
1756,1172.0,34.0,0.988605572992714,75052.0,4.0
1757,1134.0,56.0,0.9968584094361437,73008.0,4.0
1758,1134.0,33.0,0.9714092682066503,75057.0,4.0
1759,1438.0,36.0,0.9531487797650723,73031.0,4.0
1760,1221.0,45.0,0.9523490767020609,75082.0,4.0
1761,1148.0,11.0,0.97109503818274,75086.0,4.0
1762,1489.0,1.0,0.9911366077689069,73053.0,4.0
1763,1443.0,57.0,0.962766367498956,75104.0,4.0
1764,1485.0,1.0,0.9984330221488259,73057.0,4.0
1765,1228.0,39.0,0.9912717814683363,73059.0,4.0
1766,1173.0,45.0,0.9636143552485387,73062.0,4.0
1767,1421.0,5.0,0.9624926192451615,73067.0,4.0
1768,1422.0,5.0,0.9861061527640643,73068.0,4.0
1769,1163.0,26.0,0.9789567020037387,75119.0,4.0
1770,1219.0,40.0,0.99379799900056,75120.0,4.0
1771,1529.0,2.0,0.9916417915392998,75127.0,4.0
1772,1526.0,2.0,0.9962632707245267,75130.0,4.0
1773,1435.0,37.0,0.9597178848271889,73084.0,4.0
1774,1116.0,26.0,0.977034728761032,73088.0,4.0
1775,1222.0,40.0,0.9900869735932051,75148.0,4.0
1776,1447.0,0.0,0.9965799868398603,73101.0,4.0
1777,1040.0,14.0,0.9850396152037751,73108.0,4.0
1778,1465.0,0.0,0.9540311333487668,75158.0,4.0
1779,1189.0,49.0,0.9654342168712491,73112.0,4.0
1780,1042.0,14.0,0.9945388001795143,73114.0,4.0
1781,1241.0,21.0,0.9873801869177367,73127.0,4.0
1782,1448.0,0.0,0.9947486279638342,73128.0,4.0
1783,1449.0,0.0,0.9808705714569639,73129.0,4.0
1784,1385.0,3.0,0.9757563666839519,75192.0,4.0
1785,1393.0,19.0,0.9739962697503508,73153.0,4.0
1786,1394.0,19.0,1.0,73154.0,4.0
1787,1444.0,36.0,0.9598050237223245,73161.0,4.0
1788,1193.0,49.0,0.9734169812845492,73174.0,4.0
1789,1128.0,25.0,0.9748204120960148,75223.0,4.0
1790,1195.0,49.0,0.9698039854382118,73176.0,4.0
1791,1129.0,42.0,0.9867866294469892,73178.0,4.0
1792,1110.0,32.0,0.9504255256722868,73179.0,4.0
1793,1111.0,32.0,0.9517251127043252,73180.0,4.0
1794,1471.0,5.0,0.9860921413858169,75226.0,4.0
1795,1464.0,4.0,1.0,73182.0,4.0
1796,1270.0,39.0,0.9737580463793127,75231.0,4.0
1797,1166.0,9.0,0.991922302086503,73186.0,4.0
1798,1179.0,46.0,0.9509944357756047,73195.0,4.0
1799,1125.0,13.0,0.9598561694663605,73198.0,4.0
1800,1121.0,25.0,0.9660291582580057,73199.0,4.0
1801,1172.0,56.0,0.982158588970338,75246.0,4.0
1802,1463.0,4.0,0.9834831849177522,73204.0,4.0
1803,1427.0,5.0,0.961149795771666,73205.0,4.0
1804,1190.0,6.0,0.9869343087828245,75253.0,4.0
1805,1167.0,9.0,0.9602783221601604,73208.0,4.0
1806,1533.0,2.0,0.9685921778852192,75258.0,4.0
1807,1163.0,8.0,0.9682475078501546,75264.0,4.0
1808,1227.0,16.0,0.9821045322073908,73217.0,4.0
1809,1160.0,8.0,0.9745555118999409,75267.0,4.0
1810,1458.0,4.0,0.9809552289231331,73222.0,4.0
1811,1156.0,30.0,0.9543048044237863,75271.0,4.0
1812,1356.0,3.0,0.9758811975984972,73232.0,4.0
1813,1115.0,43.0,0.9654534339709869,73238.0,4.0
1814,1264.0,23.0,0.9768652387078228,75287.0,4.0
1815,1265.0,53.0,0.9931095849213909,73241.0,4.0
1816,1261.0,23.0,0.9890398905172832,75290.0,4.0
1817,1455.0,4.0,0.97314250291083,73244.0,4.0
1818,1490.0,2.0,0.9758845697406849,73248.0,4.0
1819,1099.0,44.0,1.0,73249.0,4.0
1820,1207.0,22.0,0.986701288884344,73252.0,4.0
1821,1162.0,27.0,0.9520658240514339,73253.0,4.0
1822,1111.0,7.0,0.9527911505799008,73256.0,4.0
1823,1408.0,38.0,0.969988280424901,75306.0,4.0
1824,1208.0,22.0,0.9866195472139752,73260.0,4.0
1825,1114.0,7.0,0.9654816932804509,73261.0,4.0
1826,1181.0,41.0,0.9783069865105061,73264.0,4.0
1827,1193.0,28.0,0.95641378605103,75313.0,4.0
1828,1438.0,37.0,0.9614833965107663,73269.0,4.0
1829,1440.0,37.0,0.9781596470945145,73271.0,4.0
1830,1409.0,38.0,1.0,75320.0,4.0
1831,1202.0,40.0,0.976756918731131,73274.0,4.0
1832,1203.0,40.0,0.9732608402114206,73275.0,4.0
1833,1296.0,54.0,0.9631170506695975,73276.0,4.0
1834,1100.0,44.0,0.9735991407600421,73277.0,4.0
1835,1120.0,26.0,0.962013791597628,73279.0,4.0
1836,1119.0,26.0,0.964214552747929,73280.0,4.0
1837,1226.0,51.0,0.9815864653116337,73281.0,4.0
1838,1238.0,21.0,0.9524209734886947,73282.0,4.0
1839,1198.0,31.0,0.9648242545603993,75337.0,4.0
1840,1266.0,39.0,0.9726191248239481,75338.0,4.0
1841,1246.0,15.0,0.9881151480600464,73311.0,4.0
1842,1448.0,36.0,0.9741297426993489,73318.0,4.0
1843,1380.0,38.0,0.9714671612938027,73324.0,4.0
1844,1234.0,39.0,0.9592673027674782,73331.0,4.0
1845,1445.0,57.0,0.9896563829447035,75383.0,4.0
1846,1258.0,48.0,1.0,75387.0,4.0
1847,1219.0,41.0,0.9845058144434734,75394.0,4.0
1848,1117.0,32.0,0.9530936293856178,73351.0,4.0
1849,1160.0,28.0,0.9743140994952654,73361.0,4.0
1850,1359.0,20.0,0.9889371968016764,73367.0,4.0
1851,1171.0,8.0,0.979927933301971,75417.0,4.0
1852,1240.0,49.0,0.9717694710299527,75419.0,4.0
1853,1183.0,41.0,0.9699729352332055,73374.0,4.0
1854,1130.0,42.0,0.971132275781237,73377.0,4.0
1855,1185.0,55.0,0.9569527682106378,75428.0,4.0
1856,1114.0,32.0,0.9685369892824289,73382.0,4.0
1857,1147.0,55.0,0.9817469831658566,73385.0,4.0
1858,1411.0,58.0,0.9506462974632678,73386.0,4.0
1859,1219.0,48.0,1.0,73390.0,4.0
1860,1054.0,14.0,1.0,73392.0,4.0
1861,1117.0,10.0,0.976550885054996,75440.0,4.0
1862,1271.0,53.0,0.9859426052965783,73394.0,4.0
1863,1132.0,47.0,0.9735487182227651,73395.0,4.0
1864,1431.0,19.0,0.96818255050824,75445.0,4.0
1865,1152.0,13.0,0.9878069209807553,75453.0,4.0
1866,1251.0,52.0,0.9540971883901627,73408.0,4.0
1867,1428.0,19.0,0.9881114633909798,75459.0,4.0
1868,1280.0,39.0,0.9709431026251101,75461.0,4.0
1869,1053.0,14.0,0.9915491654470905,73414.0,4.0
1870,1146.0,55.0,1.0,73416.0,4.0
1871,1235.0,51.0,0.9831409133436206,73421.0,4.0
1872,1449.0,36.0,0.9626280291557493,73422.0,4.0
1873,1546.0,1.0,0.9505531573875836,75469.0,4.0
1874,1129.0,47.0,0.9566380288957445,73424.0,4.0
1875,1134.0,42.0,0.9887828196028305,73431.0,4.0
1876,1359.0,3.0,0.9525100126302318,73433.0,4.0
1877,1127.0,26.0,0.9737037088740005,73434.0,4.0
1878,1140.0,24.0,0.9823339526890794,73437.0,4.0
1879,1236.0,51.0,0.9565535851655104,73446.0,4.0
1880,1199.0,6.0,0.9697037531557908,75501.0,4.0
1881,1116.0,11.0,0.9734002799032077,73454.0,4.0
1882,1117.0,11.0,0.9715247761192818,73455.0,4.0
1883,1441.0,37.0,0.9809346987100171,73463.0,4.0
1884,1372.0,20.0,0.9921594582196528,75513.0,4.0
1885,1110.0,12.0,0.970056819844019,73469.0,4.0
1886,1292.0,52.0,0.9655645693180714,75520.0,4.0
1887,1492.0,2.0,0.9658083533796559,73474.0,4.0
1888,1159.0,13.0,0.9908482281604488,75526.0,4.0
1889,1118.0,43.0,0.9810651717075982,73482.0,4.0
1890,1202.0,28.0,0.9736049618812435,75531.0,4.0
1891,1138.0,34.0,0.970878133488294,73502.0,4.0
1892,1218.0,48.0,1.0,73503.0,4.0
1893,1247.0,21.0,0.9902949190438395,73504.0,4.0
1894,1246.0,21.0,0.9914242092341558,73505.0,4.0
1895,1192.0,24.0,0.9752129985150945,75562.0,4.0
1896,1414.0,18.0,0.9584031819047379,73531.0,4.0
1897,1379.0,38.0,0.990779373749875,73536.0,4.0
1898,1418.0,18.0,0.9650519821448797,73537.0,4.0
1899,1083.0,14.0,1.0,75586.0,4.0
1900,1276.0,15.0,0.9797912593754903,75587.0,4.0
1901,1398.0,19.0,0.9760441891794613,73541.0,4.0
1902,1115.0,11.0,1.0,73542.0,4.0
1903,1500.0,1.0,0.9747927682666442,73543.0,4.0
1904,1201.0,49.0,0.954678808695481,73546.0,4.0
1905,1432.0,5.0,0.9563524284899496,73548.0,4.0
1906,1433.0,5.0,0.9809884723254766,73549.0,4.0
1907,1503.0,1.0,0.9577780966099197,73556.0,4.0
1908,1079.0,29.0,0.9751075731812333,73561.0,4.0
1909,1105.0,44.0,0.9690496413192322,73563.0,4.0
1910,1230.0,16.0,1.0,73568.0,4.0
1911,1116.0,7.0,0.9715064970463296,73569.0,4.0
1912,1489.0,37.0,1.0,75616.0,4.0
1913,1183.0,50.0,0.9733150094151819,75627.0,4.0
1914,1251.0,17.0,0.9765099762701381,73580.0,4.0
1915,1178.0,56.0,0.9740803981914686,75638.0,4.0
1916,1167.0,30.0,0.9519437745300721,75640.0,4.0
1917,1144.0,8.0,1.0,73602.0,4.0
1918,1208.0,31.0,0.9599743968595629,75658.0,4.0
1919,1118.0,10.0,0.9553530482764216,75659.0,4.0
1920,1125.0,43.0,0.9731575988425321,73614.0,4.0
1921,1308.0,54.0,0.9900573796916525,73616.0,4.0
1922,1142.0,8.0,0.9619926209465112,73619.0,4.0
1923,1081.0,29.0,0.9652167689629583,73622.0,4.0
1924,1080.0,29.0,1.0,73623.0,4.0
1925,1521.0,1.0,0.9564484451949371,73624.0,4.0
1926,1123.0,11.0,0.9604561589690295,73627.0,4.0
1927,1202.0,27.0,1.0,75678.0,4.0
1928,1424.0,18.0,0.9756262046274701,73631.0,4.0
1929,1423.0,18.0,0.9936347076130362,73632.0,4.0
1930,1208.0,40.0,0.9761839002093321,73633.0,4.0
1931,1306.0,54.0,0.9630650820940905,73637.0,4.0
1932,1305.0,54.0,0.9972898368836141,73638.0,4.0
1933,1158.0,32.0,0.9743582245832455,75686.0,4.0
1934,1133.0,25.0,0.986890366962909,75692.0,4.0
1935,1307.0,54.0,0.9850464461951985,73646.0,4.0
1936,1180.0,56.0,0.956191942636075,75694.0,4.0
1937,1139.0,42.0,0.9551506187608736,73648.0,4.0
1938,1138.0,42.0,0.9518273951001985,73649.0,4.0
1939,1156.0,11.0,0.9579455182010027,75695.0,4.0
1940,1216.0,22.0,0.9654687003295307,73663.0,4.0
1941,1104.0,33.0,0.9810109463498435,73668.0,4.0
1942,1207.0,40.0,0.9816619024518194,73670.0,4.0
1943,1206.0,40.0,0.9800761736684831,73671.0,4.0
1944,1403.0,19.0,0.958015948695326,73672.0,4.0
1945,1402.0,19.0,0.9677094258597626,73673.0,4.0
1946,1488.0,0.0,0.976861975477719,75736.0,4.0
1947,1058.0,14.0,0.9832977060610074,73701.0,4.0
1948,1253.0,15.0,0.9962138706228628,73705.0,4.0
1949,1157.0,55.0,0.9781109932596348,73708.0,4.0
1950,1163.0,13.0,0.9631789956764453,75756.0,4.0
1951,1440.0,5.0,0.9909476505048846,73710.0,4.0
1952,1123.0,10.0,0.9513262447881696,75769.0,4.0
1953,1139.0,25.0,0.9685836910519074,75774.0,4.0
1954,1178.0,9.0,0.9903028286814564,73729.0,4.0
1955,1413.0,57.0,0.9736984904409505,73731.0,4.0
1956,1437.0,58.0,0.9833689144991701,75789.0,4.0
1957,1384.0,38.0,0.9856028979983019,73745.0,4.0
1958,1383.0,38.0,1.0,73746.0,4.0
1959,1174.0,30.0,0.9662733364092254,75793.0,4.0
1960,1176.0,30.0,0.972379663340652,75795.0,4.0
1961,1549.0,2.0,0.9687928718929764,75802.0,4.0
1962,1114.0,44.0,0.9645345574661609,73757.0,4.0
1963,1485.0,0.0,0.9550951167489078,75807.0,4.0
1964,1144.0,24.0,0.9513320827410973,73765.0,4.0
1965,1172.0,30.0,0.9746740815652485,75814.0,4.0
1966,1194.0,50.0,0.9730648742254394,75817.0,4.0
1967,1141.0,56.0,0.9726902130817748,73770.0,4.0
1968,1143.0,47.0,0.9931783359098258,73774.0,4.0
1969,1121.0,35.0,0.9559803227504583,73780.0,4.0
1970,1120.0,35.0,0.9552413958323491,73781.0,4.0
1971,1447.0,37.0,0.9730329597026266,73783.0,4.0
1972,1170.0,27.0,1.0,73784.0,4.0
1973,1169.0,27.0,0.9929164215002088,73785.0,4.0
1974,1167.0,27.0,0.9877099958238124,73787.0,4.0
1975,1154.0,55.0,0.9781352521434946,73795.0,4.0
1976,1148.0,55.0,0.9596421274162208,73798.0,4.0
1977,1249.0,21.0,0.969620318828213,73806.0,4.0
1978,1401.0,3.0,0.9831133108717016,75854.0,4.0
1979,1116.0,12.0,0.9739335918393629,73811.0,4.0
1980,1412.0,58.0,0.9676750219585579,73814.0,4.0
1981,1186.0,46.0,0.9800788452654322,73816.0,4.0
1982,1181.0,30.0,0.958700719887927,75865.0,4.0
1983,1145.0,24.0,0.9563678660461026,73821.0,4.0
1984,1168.0,32.0,0.9631981935855587,75871.0,4.0
1985,1498.0,2.0,0.9827038548438676,73828.0,4.0
1986,1141.0,47.0,0.9711720229318651,73835.0,4.0
1987,1122.0,7.0,0.9570724578431203,73839.0,4.0
1988,1119.0,44.0,0.972960305518822,73840.0,4.0
1989,1324.0,53.0,0.9636226381887955,75893.0,4.0
1990,1477.0,4.0,0.9679528790712033,73850.0,4.0
1991,1450.0,57.0,0.9714728826638164,75900.0,4.0
1992,1243.0,51.0,1.0,73860.0,4.0
1993,1254.0,52.0,0.9753018807463882,73861.0,4.0
1994,1250.0,15.0,0.9830989985864618,73863.0,4.0
1995,1499.0,2.0,0.9671162173217268,73866.0,4.0
1996,1546.0,2.0,0.9669674591423517,75921.0,4.0
1997,1140.0,26.0,0.9516302306736142,73875.0,4.0
1998,1138.0,26.0,0.9687619967173842,73878.0,4.0
1999,1237.0,16.0,0.97866225580783,73881.0,4.0
2000,1136.0,26.0,0.9866348768440587,73883.0,4.0
2001,1135.0,26.0,0.9747209432662807,73884.0,4.0
2002,1247.0,23.0,0.9700999128490126,73885.0,4.0
2003,1230.0,45.0,0.9767628261457146,75931.0,4.0
2004,1180.0,8.0,0.9696099634514526,75946.0,4.0
2005,1441.0,58.0,0.9757588300787783,75952.0,4.0
2006,1177.0,8.0,1.0,75953.0,4.0
2007,1170.0,42.0,0.9719749488543198,75956.0,4.0
2008,1300.0,52.0,0.9688818602088972,75960.0,4.0
2009,1283.0,39.0,1.0,75968.0,4.0
2010,1198.0,46.0,0.9552699899098429,73922.0,4.0
2011,1285.0,39.0,0.9740177419615149,75970.0,4.0
2012,1243.0,16.0,0.9573330873061336,73927.0,4.0
2013,1175.0,8.0,0.9644428138458153,75978.0,4.0
2014,1212.0,31.0,0.9651796520146069,75985.0,4.0
2015,1213.0,31.0,0.9706793009128801,75986.0,4.0
2016,1213.0,28.0,0.9635334130808965,75989.0,4.0
2017,1231.0,41.0,0.9755269022161613,75990.0,4.0
2018,1455.0,37.0,0.9744306581983911,73948.0,4.0
2019,1187.0,56.0,0.9726973248144588,76005.0,4.0
2020,1176.0,31.0,0.956057990392295,73958.0,4.0
2021,1284.0,53.0,1.0,73966.0,4.0
2022,1152.0,47.0,1.0,73968.0,4.0
2023,1150.0,24.0,0.9931868799835734,73970.0,4.0
2024,1149.0,24.0,0.9758968393185043,73971.0,4.0
2025,1124.0,12.0,0.9847498678746788,73973.0,4.0
2026,1147.0,26.0,0.9515127664179402,73976.0,4.0
2027,1503.0,2.0,0.9677921104865785,73982.0,4.0
2028,1253.0,23.0,0.9628757759077963,73985.0,4.0
2029,1150.0,26.0,0.9736213533250258,73988.0,4.0
2030,1214.0,6.0,0.951854501557363,76047.0,4.0
2031,1145.0,34.0,0.9524449489837646,74001.0,4.0
2032,1200.0,46.0,0.9775171120184206,74005.0,4.0
2033,1264.0,52.0,1.0,74008.0,4.0
2034,1120.0,12.0,0.9696538189496042,74010.0,4.0
2035,1490.0,0.0,0.9718387917170116,76061.0,4.0
2036,1193.0,41.0,0.9845008239313013,74025.0,4.0
2037,1174.0,6.0,0.9567709836622493,74029.0,4.0
2038,1161.0,55.0,0.9587765630438913,74032.0,4.0
2039,1132.0,7.0,0.9746860831480146,74035.0,4.0
2040,1254.0,51.0,0.9716170407791077,74043.0,4.0
2041,1379.0,20.0,0.9640640773317392,76094.0,4.0
2042,1285.0,23.0,0.9885276166566379,76096.0,4.0
2043,1261.0,21.0,0.9582009763939762,74054.0,4.0
2044,1226.0,48.0,0.9827297378840159,74065.0,4.0
2045,1449.0,5.0,0.9843859523446549,74080.0,4.0
2046,1084.0,29.0,0.962639975026869,74083.0,4.0
2047,1131.0,13.0,0.9894948382510231,74091.0,4.0
2048,1209.0,40.0,0.9709012144804495,74092.0,4.0
2049,1290.0,23.0,0.9595921190072414,76140.0,4.0
2050,1312.0,54.0,0.9633783868658384,74108.0,4.0
2051,1241.0,41.0,0.9776741510139236,76161.0,4.0
2052,1221.0,48.0,1.0,74115.0,4.0
2053,1227.0,48.0,0.9876675953416458,74116.0,4.0
2054,1144.0,25.0,0.9907180044566779,76176.0,4.0
2055,1390.0,38.0,0.9861737896814727,74130.0,4.0
2056,1256.0,21.0,0.9764037073738032,74132.0,4.0
2057,1460.0,57.0,0.9759299553081424,76190.0,4.0
2058,1255.0,15.0,0.9692867175918837,74144.0,4.0
2059,1254.0,15.0,0.9532160491559739,74145.0,4.0
2060,1283.0,53.0,0.9688922730325933,74157.0,4.0
2061,1163.0,43.0,1.0,76206.0,4.0
2062,1112.0,33.0,0.9804103016596107,74160.0,4.0
2063,1122.0,12.0,0.9842087187699741,74168.0,4.0
2064,1126.0,44.0,1.0,74174.0,4.0
2065,1137.0,10.0,0.9650159438458571,76225.0,4.0
2066,1125.0,32.0,0.9651628562453649,74194.0,4.0
2067,1214.0,49.0,1.0,74197.0,4.0
2068,1529.0,1.0,0.9772837224018818,74198.0,4.0
2069,1367.0,3.0,0.9918743611991925,74203.0,4.0
2070,1100.0,10.0,0.9846301956831933,74205.0,4.0
2071,1099.0,10.0,0.9962243968653084,74206.0,4.0
2072,1223.0,22.0,0.9538690264438869,74219.0,4.0
2073,1141.0,10.0,0.9930394486614759,76295.0,4.0
2074,1140.0,10.0,0.9850411141353979,76296.0,4.0
2075,1205.0,46.0,0.9672010299851355,74250.0,4.0
2076,1370.0,3.0,0.954935019074095,74264.0,4.0
2077,1203.0,45.0,0.9634564686549417,74270.0,4.0
2078,1091.0,29.0,0.9593342998962878,74273.0,4.0
2079,1178.0,31.0,0.9674381297216434,74275.0,4.0
2080,1213.0,40.0,0.9593977439260153,74279.0,4.0
2081,1448.0,58.0,0.9884967395643536,76327.0,4.0
2082,1132.0,13.0,0.9612848707171835,74287.0,4.0
2083,1365.0,20.0,0.9585298130081745,74291.0,4.0
2084,1247.0,41.0,0.9747638122278717,76339.0,4.0
2085,1263.0,51.0,0.9623821402350922,74293.0,4.0
2086,1422.0,57.0,0.9604453626990107,74299.0,4.0
2087,1291.0,23.0,0.9913867738821028,76355.0,4.0
2088,1433.0,18.0,0.97443272203158,74314.0,4.0
2089,1205.0,45.0,0.9909368229473429,74318.0,4.0
2090,1383.0,20.0,0.9696236045692432,76368.0,4.0
2091,1139.0,29.0,0.9859670035599436,76373.0,4.0
2092,1189.0,30.0,0.977448914528568,76383.0,4.0
2093,1193.0,9.0,0.977067375294403,74337.0,4.0
2094,1191.0,30.0,0.9732549447462107,76385.0,4.0
2095,1267.0,21.0,1.0,74341.0,4.0
2096,1222.0,6.0,0.9730062817335045,76390.0,4.0
2097,1426.0,57.0,0.9726169359632859,74352.0,4.0
2098,1427.0,57.0,0.9826851584233361,74353.0,4.0
2099,1394.0,20.0,0.9713678166772736,76400.0,4.0
2100,1193.0,56.0,0.968931159629089,76405.0,4.0
2101,1454.0,0.0,0.9612511440645203,74363.0,4.0
2102,1500.0,0.0,0.9563601734828722,76412.0,4.0
2103,1104.0,10.0,0.9764559870405575,74371.0,4.0
2104,1288.0,39.0,0.9698053290537783,76420.0,4.0
2105,1090.0,29.0,0.9742190402259859,74376.0,4.0
2106,1094.0,29.0,0.9977445266232171,74378.0,4.0
2107,1394.0,38.0,1.0,74382.0,4.0
2108,1151.0,25.0,0.9536626717434755,76430.0,4.0
2109,1257.0,39.0,0.9665995490861835,74387.0,4.0
2110,1175.0,28.0,0.9576718703289799,74394.0,4.0
2111,1185.0,31.0,0.9769038338056374,74400.0,4.0
2112,1163.0,50.0,0.9561702072591529,74403.0,4.0
2113,1300.0,23.0,0.975496984165831,76454.0,4.0
2114,1251.0,39.0,1.0,74408.0,4.0
2115,1466.0,36.0,0.9511409833793294,74414.0,4.0
2116,1159.0,25.0,0.9515228516593683,76477.0,4.0
2117,1294.0,53.0,0.9807793998165767,74430.0,4.0
2118,1212.0,50.0,0.96593064097723,76480.0,4.0
2119,1155.0,34.0,0.9776842127245189,74436.0,4.0
2120,1158.0,50.0,0.9706506808386697,74443.0,4.0
2121,1254.0,23.0,0.9721670479149024,74450.0,4.0
2122,1534.0,1.0,0.9763803695024333,74458.0,4.0
2123,1159.0,47.0,0.9706675197636601,74463.0,4.0
2124,1222.0,31.0,0.9702951172935012,76513.0,4.0
2125,1175.0,6.0,0.9811815896049785,74476.0,4.0
2126,1176.0,6.0,0.9511314004867449,74477.0,4.0
2127,1194.0,56.0,0.9679950106855758,76531.0,4.0
2128,1501.0,37.0,0.9636085829885698,76532.0,4.0
2129,1150.0,34.0,0.9542971379598454,74493.0,4.0
2130,1167.0,55.0,0.9618042067856791,74519.0,4.0
2131,1252.0,16.0,0.964556438709751,74521.0,4.0
2132,1177.0,27.0,0.9559022637780542,74522.0,4.0
2133,1259.0,51.0,1.0,74528.0,4.0
2134,1471.0,37.0,0.9520857614850927,74532.0,4.0
2135,1440.0,18.0,1.0,74533.0,4.0
2136,1215.0,50.0,0.9768279156454874,76581.0,4.0
2137,1229.0,22.0,0.9843585187535799,74539.0,4.0
2138,1361.0,20.0,0.989552738573133,74544.0,4.0
2139,1437.0,18.0,0.9741954383898798,74546.0,4.0
2140,1207.0,45.0,0.9895451948433343,74548.0,4.0
2141,1228.0,22.0,0.9688452289186158,74555.0,4.0
2142,1167.0,25.0,1.0,76615.0,4.0
2143,1467.0,37.0,0.9710909711132819,74568.0,4.0
2144,1176.0,27.0,0.9739439966123543,74575.0,4.0
2145,1137.0,44.0,0.9625673463099069,74580.0,4.0
2146,1466.0,58.0,0.9747005141662715,76630.0,4.0
2147,1153.0,24.0,0.9723143712968193,74584.0,4.0
2148,1409.0,20.0,1.0,76653.0,4.0
2149,1217.0,17.0,1.0,72566.0,4.0
2150,922.0,59.0,0.9865368009605368,72567.0,4.0
2151,926.0,59.0,0.9963538060136518,72581.0,4.0
2152,1076.0,33.0,0.9823227894137488,72583.0,4.0
2153,1218.0,17.0,0.9663422251375262,72588.0,4.0
2154,1183.0,6.0,0.958227298136423,74640.0,4.0
2155,1223.0,17.0,0.9573180486101839,72597.0,4.0
2156,1222.0,17.0,0.9621614932166044,72598.0,4.0
2157,1105.0,11.0,0.960610896972292,72599.0,4.0
2158,1236.0,15.0,0.9780613039613537,72601.0,4.0
2159,1235.0,15.0,0.968732277401186,72603.0,4.0
2160,1415.0,4.0,0.9637829200436981,72606.0,4.0
2161,1151.0,46.0,0.9831529645593177,72607.0,4.0
2162,934.0,59.0,0.9862456582901382,72609.0,4.0
2163,1131.0,12.0,0.9912085658288443,74658.0,4.0
2164,931.0,59.0,0.9719441562053087,72611.0,4.0
2165,1166.0,50.0,0.9783189358561832,74665.0,4.0
2166,1167.0,50.0,0.9868966690668837,74666.0,4.0
2167,1213.0,16.0,0.9529355984744345,72619.0,4.0
2168,1224.0,17.0,1.0,72622.0,4.0
2169,1515.0,0.0,0.9829968664258448,76719.0,4.0
2170,944.0,59.0,0.9578916598375635,72627.0,4.0
2171,1458.0,5.0,0.9905923380197441,74676.0,4.0
2172,1206.0,41.0,0.9646648980706243,74678.0,4.0
2173,1208.0,41.0,0.9743429617451916,74680.0,4.0
2174,1338.0,54.0,0.9728478827004512,74681.0,4.0
2175,937.0,59.0,0.9867852690823088,72641.0,4.0
2176,1162.0,56.0,0.9718447413259682,74690.0,4.0
2177,1390.0,19.0,0.973346926598744,72647.0,4.0
2178,1255.0,16.0,0.989106897107502,74695.0,4.0
2179,1416.0,36.0,0.9894059599832958,72651.0,4.0
2180,1228.0,17.0,0.9842800175453827,72652.0,4.0
2181,1101.0,12.0,0.9930464135721369,72655.0,4.0
2182,1192.0,40.0,0.9656716857109803,72656.0,4.0
2183,1227.0,17.0,0.9552874339318196,72657.0,4.0
2184,1221.0,50.0,0.9634332798331382,76754.0,4.0
2185,1105.0,43.0,0.9880844159620825,72660.0,4.0
2186,1367.0,20.0,0.978051409920925,74710.0,4.0
2187,1077.0,33.0,0.9750042851206591,72668.0,4.0
2188,1148.0,9.0,0.9697500964138471,72681.0,4.0
2189,1420.0,36.0,0.9654983155723872,72688.0,4.0
2190,1243.0,48.0,1.0,74739.0,4.0
2191,1078.0,33.0,0.9872488173100459,72693.0,4.0
2192,1303.0,53.0,0.968483960374294,74741.0,4.0
2193,952.0,59.0,0.9738543182899673,72696.0,4.0
2194,955.0,59.0,0.986436884503598,72700.0,4.0
2195,1485.0,2.0,0.9907524268661301,72701.0,4.0
2196,1130.0,56.0,0.9887661453972864,72706.0,4.0
2197,1131.0,24.0,0.9847899645628319,72707.0,4.0
2198,1214.0,16.0,1.0,72709.0,4.0
2199,1106.0,11.0,0.9772197618779979,72710.0,4.0
2200,1329.0,54.0,1.0,74761.0,4.0
2201,1330.0,54.0,0.9519919858855018,74767.0,4.0
2202,1027.0,14.0,0.9566601277681719,72723.0,4.0
2203,1278.0,21.0,0.9909045454482468,74772.0,4.0
2204,1157.0,34.0,1.0,74773.0,4.0
2205,1024.0,14.0,0.9572041098442752,72726.0,4.0
2206,1118.0,47.0,0.9563709702351856,72745.0,4.0
2207,1080.0,33.0,0.9744796121425155,72746.0,4.0
2208,1460.0,0.0,0.9693079122574315,74794.0,4.0
2209,1420.0,58.0,0.9694331419569914,74799.0,4.0
2210,1423.0,58.0,0.9519237778826092,74802.0,4.0
2211,1240.0,15.0,0.9523637483327587,72755.0,4.0
2212,1104.0,12.0,0.9808814768287364,72760.0,4.0
2213,1091.0,44.0,0.9622615235557247,72762.0,4.0
2214,1090.0,44.0,0.9671006087768779,72763.0,4.0
2215,1458.0,0.0,0.9647930393860644,74813.0,4.0
2216,1105.0,7.0,0.9909752722963403,72771.0,4.0
2217,1113.0,42.0,0.9911702143091832,72774.0,4.0
2218,1073.0,29.0,0.9766817989040754,72783.0,4.0
2219,1376.0,3.0,0.9571857148533494,74832.0,4.0
2220,1093.0,35.0,0.9814733999119859,72786.0,4.0
2221,1431.0,4.0,0.9684763253850586,72788.0,4.0
2222,1175.0,49.0,0.9694767878761849,72792.0,4.0
2223,1176.0,49.0,0.9886255666482062,72800.0,4.0
2224,1200.0,9.0,0.971031542667437,74852.0,4.0
2225,1177.0,49.0,0.9640975535911162,72805.0,4.0
2226,1142.0,35.0,0.9736971465722115,74857.0,4.0
2227,1094.0,35.0,0.9795063603553287,72811.0,4.0
2228,1136.0,13.0,0.982894251750976,74860.0,4.0
2229,1083.0,33.0,0.9770555778788288,72814.0,4.0
2230,1218.0,51.0,0.9686249104632196,72815.0,4.0
2231,1381.0,3.0,0.9726964480621599,74865.0,4.0
2232,1156.0,9.0,0.977848393308922,72818.0,4.0
2233,1184.0,28.0,0.9901169438555083,74870.0,4.0
2234,1175.0,55.0,0.9612192805322392,74875.0,4.0
2235,1160.0,27.0,1.0,72829.0,4.0
2236,1236.0,48.0,1.0,74878.0,4.0
2237,1237.0,48.0,0.9536928418573785,74879.0,4.0
2238,1181.0,6.0,0.9805478874243484,74880.0,4.0
2239,1031.0,14.0,0.9791192057731158,72836.0,4.0
2240,1105.0,12.0,0.9851353414712698,72837.0,4.0
2241,1395.0,18.0,0.9540444468579428,72838.0,4.0
2242,1429.0,57.0,0.9688820228980234,74887.0,4.0
2243,1144.0,30.0,0.9501358422992181,74889.0,4.0
2244,1106.0,7.0,0.9619557185146562,72842.0,4.0
2245,1029.0,14.0,0.9854278903408589,72843.0,4.0
2246,1160.0,34.0,0.9868963272359434,74895.0,4.0
2247,1138.0,13.0,0.9589778320086927,74899.0,4.0
2248,1183.0,28.0,0.9631735215467981,74901.0,4.0
2249,1170.0,45.0,1.0,72854.0,4.0
2250,1117.0,42.0,0.9898515689134767,72855.0,4.0
2251,1118.0,42.0,0.9578657821091899,72857.0,4.0
2252,1432.0,36.0,0.973314376963262,72861.0,4.0
2253,1121.0,47.0,0.9668134100620696,72866.0,4.0
2254,1122.0,47.0,0.9869344756165163,72867.0,4.0
2255,1434.0,57.0,0.98641235351576,74916.0,4.0
2256,1434.0,36.0,0.9749816030106003,72871.0,4.0
2257,1158.0,31.0,0.9510910739803401,72873.0,4.0
2258,1276.0,52.0,1.0,74921.0,4.0
2259,1542.0,1.0,0.9673791001155866,74925.0,4.0
2260,1096.0,35.0,0.973021673581821,72878.0,4.0
2261,1443.0,4.0,0.9704088352453978,72881.0,4.0
2262,1100.0,35.0,0.9728817020263288,72890.0,4.0
2263,1391.0,19.0,0.9934064999419897,72895.0,4.0
2264,1153.0,28.0,0.9881340051849642,72904.0,4.0
2265,1420.0,5.0,0.9857601140502846,72908.0,4.0
2266,1217.0,45.0,0.9756899869919727,74956.0,4.0
2267,1218.0,45.0,0.9744128390837533,74957.0,4.0
2268,1168.0,46.0,0.9700164388621135,72915.0,4.0
2269,1355.0,3.0,0.965036085599351,72919.0,4.0
2270,1159.0,9.0,0.9840709389765046,72922.0,4.0
2271,959.0,59.0,0.9929681153872248,72923.0,4.0
2272,1108.0,43.0,0.9745979859045518,72926.0,4.0
2273,1109.0,43.0,0.9760584865052925,72930.0,4.0
2274,1140.0,43.0,0.9740164727679679,74982.0,4.0
2275,1140.0,13.0,0.9906142493119197,74986.0,4.0
2276,1239.0,17.0,1.0,72953.0,4.0
2277,1225.0,51.0,0.9654833896854215,72963.0,4.0
2278,1104.0,35.0,0.9699185369134996,72966.0,4.0
2279,1175.0,45.0,0.9753154571648738,72967.0,4.0
2280,1109.0,7.0,0.9521367146646416,72970.0,4.0
2281,1409.0,58.0,0.9652417724680067,72973.0,4.0
2282,1133.0,24.0,0.9851967171429308,72976.0,4.0
2283,1242.0,52.0,0.9596126364765452,72987.0,4.0
2284,1256.0,16.0,0.9789655999316086,75035.0,4.0
2285,1038.0,14.0,0.9542536782040615,72991.0,4.0
2286,1197.0,27.0,0.9699169968726624,75049.0,4.0
2287,1173.0,34.0,0.9915435724506358,75051.0,4.0
2288,1176.0,45.0,1.0,73010.0,4.0
2289,1285.0,52.0,0.9740321409104926,75062.0,4.0
2290,1284.0,52.0,0.9721025866642568,75063.0,4.0
2291,1120.0,25.0,0.9908741832801923,73016.0,4.0
2292,1145.0,11.0,0.9679893546007,75066.0,4.0
2293,1087.0,33.0,0.9729961776210546,73025.0,4.0
2294,1261.0,53.0,0.9947699178755857,73027.0,4.0
2295,1090.0,33.0,0.9689112354688542,73028.0,4.0
2296,1437.0,36.0,0.9796770092951684,73030.0,4.0
2297,1164.0,9.0,0.981068739384955,73032.0,4.0
2298,1150.0,11.0,0.9836410488656064,75084.0,4.0
2299,1108.0,7.0,0.9687253155274103,73044.0,4.0
2300,1425.0,5.0,0.9712057932928782,73047.0,4.0
2301,1544.0,1.0,0.9970685613321452,75095.0,4.0
2302,1111.0,43.0,0.9653970524579941,73049.0,4.0
2303,1198.0,40.0,0.9728419297699974,73063.0,4.0
2304,1373.0,38.0,0.9625842849242193,73064.0,4.0
2305,1102.0,35.0,0.9749594807012307,73071.0,4.0
2306,1155.0,28.0,0.9901157355148819,73073.0,4.0
2307,1187.0,49.0,0.9893786841938539,73074.0,4.0
2308,1446.0,18.0,0.997046022186859,75122.0,4.0
2309,1133.0,34.0,0.9574522598581812,73082.0,4.0
2310,1172.0,46.0,0.9816971124131736,73086.0,4.0
2311,1251.0,22.0,0.9539578814446954,75136.0,4.0
2312,1109.0,32.0,0.9715431981293001,73092.0,4.0
2313,1234.0,21.0,0.975079929563398,73096.0,4.0
2314,1131.0,8.0,0.9844149686245162,73105.0,4.0
2315,1246.0,22.0,0.9635819443997647,75168.0,4.0
2316,1244.0,22.0,0.9740968790234421,75171.0,4.0
2317,1152.0,32.0,0.9876120222405063,75173.0,4.0
2318,1308.0,53.0,1.0,75178.0,4.0
2319,1134.0,34.0,0.9617133790083711,73135.0,4.0
2320,1174.0,46.0,0.9527157554269509,73137.0,4.0
2321,1113.0,35.0,0.9733855661537083,73156.0,4.0
2322,1153.0,30.0,0.962546465177482,75207.0,4.0
2323,1152.0,30.0,0.9758604515567557,75208.0,4.0
2324,1427.0,58.0,0.9603893672996054,75211.0,4.0
2325,1208.0,9.0,0.959191001644278,75216.0,4.0
2326,1111.0,35.0,0.974530017204832,73170.0,4.0
2327,1420.0,19.0,0.9675404704439222,75227.0,4.0
2328,1493.0,1.0,0.9743016056588094,73185.0,4.0
2329,1268.0,39.0,0.9733673209175971,75233.0,4.0
2330,1168.0,56.0,0.983252991943189,75245.0,4.0
2331,1177.0,46.0,0.9685727653862456,73200.0,4.0
2332,1175.0,50.0,0.9672355422205402,75250.0,4.0
2333,1169.0,9.0,0.9661967690961472,73211.0,4.0
2334,1103.0,44.0,0.9749190635196041,73214.0,4.0
2335,1457.0,4.0,0.9921887433094135,73220.0,4.0
2336,1272.0,15.0,0.959677365266771,75274.0,4.0
2337,1076.0,14.0,0.9770019590390385,75277.0,4.0
2338,1109.0,29.0,0.9745107307336578,75281.0,4.0
2339,1107.0,12.0,0.9614196573318258,73235.0,4.0
2340,1108.0,12.0,0.9658345349685844,73236.0,4.0
2341,1452.0,4.0,0.9918262661857985,73247.0,4.0
2342,1174.0,24.0,1.0,75299.0,4.0
2343,1407.0,38.0,0.9606658940568613,75307.0,4.0
2344,1239.0,49.0,0.9752295616823455,75309.0,4.0
2345,1113.0,7.0,1.0,73262.0,4.0
2346,1194.0,28.0,0.9777380039582485,75312.0,4.0
2347,1148.0,35.0,1.0,75315.0,4.0
2348,1200.0,40.0,0.9718870955119708,73268.0,4.0
2349,1246.0,48.0,1.0,75330.0,4.0
2350,1451.0,4.0,0.952896223784767,73286.0,4.0
2351,1249.0,48.0,0.9687214252972843,75351.0,4.0
2352,1096.0,33.0,0.9664153339310397,73322.0,4.0
2353,1256.0,48.0,0.9726349874538361,75389.0,4.0
2354,1414.0,38.0,0.9583254893226242,75399.0,4.0
2355,1167.0,31.0,0.9560433043188089,73357.0,4.0
2356,1207.0,28.0,0.9604647399219448,75409.0,4.0
2357,1205.0,40.0,0.9787298088694525,73372.0,4.0
2358,1221.0,41.0,0.9728396548970276,75423.0,4.0
2359,1187.0,55.0,0.9668600020730658,75426.0,4.0
2360,1316.0,53.0,0.9748166956264301,75435.0,4.0
2361,1047.0,14.0,0.98065409720928,73388.0,4.0
2362,1249.0,17.0,0.9746032028943887,73400.0,4.0
2363,1141.0,24.0,0.9812923221587279,73405.0,4.0
2364,1207.0,31.0,0.9631854504466651,75454.0,4.0
2365,1290.0,52.0,0.9627034579628819,75464.0,4.0
2366,1162.0,7.0,0.9837290486712849,75471.0,4.0
2367,1246.0,52.0,0.967064942362426,73427.0,4.0
2368,1358.0,20.0,1.0,73432.0,4.0
2369,1345.0,54.0,0.9580951226075919,75481.0,4.0
2370,1125.0,26.0,0.9745698774231151,73441.0,4.0
2371,1536.0,2.0,0.9632081895208833,75492.0,4.0
2372,1135.0,47.0,0.9703273645148582,73449.0,4.0
2373,1112.0,12.0,0.9755439652350141,73452.0,4.0
2374,1374.0,20.0,0.9703799487261895,75511.0,4.0
2375,1181.0,34.0,0.9672563614836621,75514.0,4.0
2376,1232.0,16.0,0.9685579154787,73467.0,4.0
2377,1294.0,52.0,0.9571806374409976,75528.0,4.0
2378,1201.0,28.0,0.9733036983901713,75532.0,4.0
2379,1200.0,28.0,1.0,75533.0,4.0
2380,1156.0,7.0,0.9822631582646874,75535.0,4.0
2381,1229.0,45.0,0.9686737500291792,75537.0,4.0
2382,1228.0,45.0,1.0,75538.0,4.0
2383,1238.0,51.0,0.9615857049374372,73492.0,4.0
2384,1137.0,34.0,0.9651256976859268,73493.0,4.0
2385,1132.0,26.0,0.9766995798508207,73497.0,4.0
2386,1133.0,26.0,0.9750678694244853,73498.0,4.0
2387,1163.0,32.0,0.9626250968535863,75551.0,4.0
2388,1162.0,32.0,0.9830056414473459,75552.0,4.0
2389,1161.0,32.0,0.9644572216783461,75553.0,4.0
2390,1449.0,18.0,0.9673982399136934,75555.0,4.0
2391,1186.0,24.0,0.96558508167362,75559.0,4.0
2392,1165.0,32.0,0.9943656634181195,75560.0,4.0
2393,1451.0,18.0,0.9548904830246461,75567.0,4.0
2394,1438.0,5.0,0.981312857448296,73519.0,4.0
2395,1396.0,19.0,0.9735355378553514,73522.0,4.0
2396,1475.0,0.0,0.9738023669276854,75577.0,4.0
2397,1388.0,3.0,0.9747113397896823,75579.0,4.0
2398,1419.0,18.0,0.9732709690041735,73538.0,4.0
2399,1204.0,49.0,0.9525032092323082,73544.0,4.0
2400,1434.0,5.0,0.9619168565180531,73550.0,4.0
2401,1534.0,2.0,0.9741902669414587,75598.0,4.0
2402,1107.0,44.0,0.9525450709510007,73552.0,4.0
2403,1541.0,2.0,0.9620665364786998,75602.0,4.0
2404,1201.0,6.0,0.9633183652926733,75606.0,4.0
2405,1273.0,23.0,0.9714366530947159,75607.0,4.0
2406,1507.0,1.0,0.9545797044596477,73560.0,4.0
2407,1272.0,23.0,0.9636556018189241,75608.0,4.0
2408,1119.0,7.0,0.9715970010436065,73565.0,4.0
2409,1085.0,14.0,0.9747052638667809,75615.0,4.0
2410,1117.0,7.0,1.0,73575.0,4.0
2411,1253.0,22.0,0.9694973452974406,75624.0,4.0
2412,1177.0,56.0,0.9661239387884853,75639.0,4.0
2413,1146.0,43.0,0.9935964321844762,75646.0,4.0
2414,1431.0,58.0,1.0,75652.0,4.0
2415,1164.0,42.0,0.9739732121632537,75653.0,4.0
2416,1207.0,49.0,0.9674341813729267,73606.0,4.0
2417,1450.0,36.0,1.0,73611.0,4.0
2418,1183.0,24.0,1.0,75664.0,4.0
2419,1082.0,29.0,1.0,73621.0,4.0
2420,1168.0,30.0,0.9698243481144716,75670.0,4.0
2421,1200.0,27.0,0.992257653805581,75673.0,4.0
2422,1246.0,51.0,1.0,73630.0,4.0
2423,1430.0,58.0,0.9604626293467471,75681.0,4.0
2424,1124.0,43.0,0.97211470353437,73636.0,4.0
2425,1304.0,54.0,0.9695667334383979,73639.0,4.0
2426,1129.0,43.0,0.9715982023391065,73640.0,4.0
2427,1257.0,22.0,0.9810865953969313,75689.0,4.0
2428,1401.0,19.0,0.9575295984721973,73643.0,4.0
2429,1260.0,16.0,0.9748271254230165,75693.0,4.0
2430,1255.0,52.0,1.0,73653.0,4.0
2431,1122.0,11.0,0.9721598063415292,73656.0,4.0
2432,1170.0,31.0,0.9615779722697615,73666.0,4.0
2433,1416.0,57.0,0.9643396943226945,73676.0,4.0
2434,1415.0,57.0,0.9528764201613551,73677.0,4.0
2435,1387.0,38.0,0.9637848587832631,73680.0,4.0
2436,1441.0,5.0,0.9535524833647815,73685.0,4.0
2437,1122.0,32.0,0.9906337359591092,73692.0,4.0
2438,1398.0,3.0,0.9736813323763199,75748.0,4.0
2439,1188.0,46.0,0.9669659640863301,73706.0,4.0
2440,1260.0,22.0,0.9739124586438691,75754.0,4.0
2441,1215.0,27.0,0.9635680360906329,75759.0,4.0
2442,1514.0,1.0,0.9738895662478674,73714.0,4.0
2443,1364.0,3.0,0.9798488715923399,73716.0,4.0
2444,1362.0,3.0,0.9740013236946771,73718.0,4.0
2445,1177.0,9.0,0.9500072773611471,73730.0,4.0
2446,1140.0,8.0,0.9512321877647443,73733.0,4.0
2447,1138.0,8.0,0.9712272594884752,73735.0,4.0
2448,1137.0,42.0,0.987758235127525,73741.0,4.0
2449,1385.0,38.0,0.9605543955201373,73744.0,4.0
2450,1492.0,37.0,0.9749076672801507,75801.0,4.0
2451,1189.0,50.0,0.968759531065833,75812.0,4.0
2452,1544.0,2.0,0.9692086044565339,75821.0,4.0
2453,1185.0,56.0,0.9578797821713605,75822.0,4.0
2454,1205.0,6.0,0.9624058273148018,75830.0,4.0
2455,1294.0,21.0,0.9744791612536537,75840.0,4.0
2456,1487.0,0.0,0.9512473843288443,75842.0,4.0
2457,1128.0,29.0,0.9694318164006616,75843.0,4.0
2458,1270.0,17.0,0.9659702113258716,75845.0,4.0
2459,1255.0,17.0,0.9691999171304686,73809.0,4.0
2460,1244.0,40.0,0.960905996929229,75857.0,4.0
2461,1452.0,18.0,0.9683621719369213,75863.0,4.0
2462,1140.0,34.0,1.0,73817.0,4.0
2463,1210.0,27.0,1.0,75868.0,4.0
2464,1297.0,52.0,0.9644225074327124,75879.0,4.0
2465,1120.0,44.0,0.9746991324810662,73848.0,4.0
2466,1478.0,4.0,0.9829216267754426,73849.0,4.0
2467,1280.0,51.0,0.971660208215013,75902.0,4.0
2468,1160.0,11.0,1.0,75907.0,4.0
2469,1278.0,23.0,0.996172366320718,75911.0,4.0
2470,1471.0,4.0,0.9509308793341735,73865.0,4.0
2471,1473.0,4.0,0.9786809630362071,73867.0,4.0
2472,1190.0,45.0,0.9621840735116263,73872.0,4.0
2473,1296.0,21.0,0.974909834189626,75920.0,4.0
2474,1137.0,26.0,0.9690107884195409,73882.0,4.0
2475,1352.0,54.0,0.9665700984622787,75938.0,4.0
2476,1282.0,23.0,0.9751809956969192,75941.0,4.0
2477,1178.0,8.0,0.9873664875446848,75944.0,4.0
2478,1321.0,53.0,0.9756190070787106,75947.0,4.0
2479,1154.0,56.0,0.9958427411508162,73917.0,4.0
2480,1282.0,39.0,0.9890081938315691,75967.0,4.0
2481,1325.0,53.0,0.9606311305281039,75981.0,4.0
2482,1129.0,44.0,0.9566260325789906,73944.0,4.0
2483,1165.0,13.0,0.987375428734039,75998.0,4.0
2484,1262.0,48.0,0.9705277106110323,76007.0,4.0
2485,1427.0,18.0,0.976466007560682,73961.0,4.0
2486,1504.0,2.0,0.9727378571249508,73981.0,4.0
2487,1288.0,15.0,0.9520477899690858,76042.0,4.0
2488,1380.0,20.0,0.9665518278177812,76056.0,4.0
2489,1381.0,20.0,0.9543804718231654,76057.0,4.0
2490,1453.0,0.0,0.9654193617437322,74014.0,4.0
2491,1146.0,34.0,0.9738992111990298,74023.0,4.0
2492,1192.0,46.0,0.950174767955084,74026.0,4.0
2493,1216.0,9.0,0.9687684894697431,76075.0,4.0
2494,1191.0,56.0,0.96546584802296,76079.0,4.0
2495,1142.0,25.0,0.9817033735715862,76081.0,4.0
2496,1060.0,14.0,0.9734549913702258,74038.0,4.0
2497,1494.0,37.0,1.0,76092.0,4.0
2498,1317.0,54.0,0.9533096458005172,74049.0,4.0
2499,1195.0,46.0,0.9896022772704396,74051.0,4.0
2500,1443.0,19.0,1.0,76107.0,4.0
2501,1218.0,31.0,0.9667123493513067,76112.0,4.0
2502,1166.0,11.0,0.9644573817457399,76117.0,4.0
2503,1085.0,29.0,0.9899585874577391,74072.0,4.0
2504,1164.0,55.0,0.9529234562480478,74076.0,4.0
2505,1145.0,25.0,0.9733042089716415,76136.0,4.0
2506,1233.0,45.0,0.9541052617250136,76138.0,4.0
2507,1418.0,57.0,0.9746573298109937,74096.0,4.0
2508,1432.0,18.0,0.9656435974860405,74097.0,4.0
2509,1183.0,30.0,1.0,76144.0,4.0
2510,1130.0,13.0,0.9567081506621639,74102.0,4.0
2511,1136.0,10.0,0.9587785758432636,76152.0,4.0
2512,1146.0,8.0,1.0,74106.0,4.0
2513,1138.0,10.0,0.9560925294608987,76154.0,4.0
2514,1148.0,24.0,0.988969397065491,74109.0,4.0
2515,1147.0,25.0,1.0,76157.0,4.0
2516,1223.0,48.0,0.9628395467975552,74113.0,4.0
2517,1285.0,51.0,0.9711783943024483,76167.0,4.0
2518,1455.0,36.0,0.9840831716390864,74123.0,4.0
2519,1191.0,41.0,0.9504603629424051,74137.0,4.0
2520,1144.0,34.0,0.9769381367231742,74146.0,4.0
2521,1461.0,36.0,0.9743003493304414,74148.0,4.0
2522,1119.0,33.0,0.9659557192339532,74162.0,4.0
2523,1144.0,42.0,0.9803712085238192,74169.0,4.0
2524,1210.0,6.0,0.981648243257767,76219.0,4.0
2525,1188.0,8.0,0.964199638370796,76224.0,4.0
2526,1151.0,47.0,0.957750441212334,74179.0,4.0
2527,1148.0,47.0,0.9639205190852884,74182.0,4.0
2528,1250.0,40.0,1.0,76233.0,4.0
2529,1528.0,1.0,0.9885895160687507,74189.0,4.0
2530,1200.0,41.0,0.9688217784311083,74209.0,4.0
2531,1116.0,33.0,0.9543333881422205,74214.0,4.0
2532,1302.0,21.0,0.9717119797440312,76262.0,4.0
2533,1208.0,50.0,0.9761300854494087,76267.0,4.0
2534,1142.0,10.0,0.9624476144261279,76294.0,4.0
2535,1264.0,51.0,0.9662480076607245,74260.0,4.0
2536,1330.0,53.0,0.9756619351462796,76309.0,4.0
2537,1156.0,25.0,0.9656797513428932,76318.0,4.0
2538,1155.0,25.0,0.9798458284002395,76319.0,4.0
2539,1287.0,51.0,0.9731772692717814,76320.0,4.0
2540,1449.0,58.0,0.9672986667192496,76326.0,4.0
2541,1186.0,31.0,0.9646502682963297,74286.0,4.0
2542,1169.0,11.0,0.9818913185706493,76334.0,4.0
2543,1246.0,41.0,0.9751421590006002,76340.0,4.0
2544,1139.0,44.0,0.951931795270999,74297.0,4.0
2545,1452.0,58.0,0.9827458896700332,76348.0,4.0
2546,1450.0,58.0,0.9855844380113262,76352.0,4.0
2547,1187.0,31.0,0.9686023915920655,74309.0,4.0
2548,1455.0,5.0,0.9643476463336653,74310.0,4.0
2549,1506.0,0.0,0.9878178080219758,76363.0,4.0
2550,1505.0,0.0,0.9668966940484633,76364.0,4.0
2551,1206.0,45.0,0.9550437754461921,74319.0,4.0
2552,1452.0,5.0,0.9572446561340529,74320.0,4.0
2553,1387.0,20.0,1.0,76371.0,4.0
2554,1430.0,38.0,0.970477819477167,76376.0,4.0
2555,1124.0,25.0,0.9745952190198532,74329.0,4.0
2556,1450.0,5.0,0.9510385885104778,74330.0,4.0
2557,1185.0,13.0,0.954269544622883,76377.0,4.0
2558,1189.0,9.0,0.9762509486124328,74333.0,4.0
2559,1503.0,0.0,0.9648952791133895,76389.0,4.0
2560,1219.0,6.0,0.9910068077537697,76393.0,4.0
2561,1097.0,29.0,0.9738541267113603,74346.0,4.0
2562,1266.0,16.0,0.9947541958141427,76401.0,4.0
2563,1148.0,8.0,0.9725752657300352,74355.0,4.0
2564,1142.0,30.0,0.9945441275331132,74357.0,4.0
2565,1151.0,34.0,0.9700079529277674,74362.0,4.0
2566,1501.0,0.0,0.9798082321354995,76411.0,4.0
2567,1391.0,38.0,0.9537596203730341,74379.0,4.0
2568,1161.0,50.0,1.0,74401.0,4.0
2569,1185.0,26.0,0.9626529939020848,76465.0,4.0
2570,1172.0,28.0,0.9543415350534986,74422.0,4.0
2571,1293.0,53.0,0.9504542733165272,74441.0,4.0
2572,1201.0,55.0,0.9752334391239983,76497.0,4.0
2573,1358.0,54.0,0.9730081481858813,76500.0,4.0
2574,1531.0,1.0,0.9592444942424634,74455.0,4.0
2575,1161.0,47.0,0.9573077135882753,74465.0,4.0
2576,1172.0,7.0,0.9585641070409661,76525.0,4.0
2577,1469.0,57.0,0.9527417365077515,76530.0,4.0
2578,1102.0,10.0,0.9638552570709594,74484.0,4.0
2579,1131.0,32.0,0.9752003548665423,74503.0,4.0
2580,1165.0,55.0,0.9647187875807428,74517.0,4.0
2581,1230.0,22.0,0.9559155099354296,74525.0,4.0
2582,1216.0,50.0,0.9691918943425919,76578.0,4.0
2583,1101.0,10.0,0.9583484148420246,74531.0,4.0
2584,1226.0,22.0,0.9594098943000043,74536.0,4.0
2585,1204.0,41.0,0.9667549568106907,74540.0,4.0
2586,1253.0,16.0,0.9781897536570626,74543.0,4.0
2587,1196.0,56.0,0.9646089461642364,76602.0,4.0
2588,1259.0,15.0,0.9629274680052691,74572.0,4.0
2589,1229.0,27.0,0.9746203068729171,76644.0,4.0
2590,1502.0,37.0,0.9620931216192393,76651.0,4.0
2591,929.0,59.0,0.9633372762921157,72578.0,4.0
2592,928.0,59.0,0.9715140754957102,72579.0,4.0
2593,1220.0,17.0,0.9793729042575653,72586.0,4.0
2594,1519.0,2.0,0.9734667127841202,74636.0,4.0
2595,1184.0,27.0,1.0,74644.0,4.0
2596,1186.0,27.0,1.0,74646.0,4.0
2597,1166.0,47.0,0.9599982428216947,74652.0,4.0
2598,1359.0,54.0,0.9710811481139648,76700.0,4.0
2599,1332.0,53.0,0.9714810355838299,76701.0,4.0
2600,1111.0,42.0,1.0,72621.0,4.0
2601,1310.0,23.0,0.9841492739631469,76722.0,4.0
2602,1292.0,39.0,0.9740020950036478,76723.0,4.0
2603,943.0,59.0,0.9739003675760116,72629.0,4.0
2604,941.0,59.0,0.9730116822371891,72632.0,4.0
2605,1230.0,6.0,0.9688795925452036,76728.0,4.0
2606,1113.0,10.0,0.9843310314829545,74686.0,4.0
2607,1127.0,33.0,0.9737714341804604,74687.0,4.0
2608,1368.0,20.0,0.9593603026143045,74688.0,4.0
2609,1100.0,12.0,0.9578143329845298,72653.0,4.0
2610,1313.0,23.0,0.9779700303716014,76753.0,4.0
2611,1222.0,50.0,0.9634656987060605,76762.0,4.0
2612,948.0,59.0,0.9513956086819225,72675.0,4.0
2613,1210.0,46.0,0.9691620463300354,74749.0,4.0
2614,1239.0,48.0,0.9531797122736654,74754.0,4.0
2615,1215.0,16.0,0.9684134978949173,72715.0,4.0
2616,1169.0,45.0,0.9789114231327044,72718.0,4.0
2617,1422.0,4.0,0.9514046975036252,72719.0,4.0
2618,1277.0,21.0,0.9549022379854109,74771.0,4.0
2619,1196.0,13.0,1.0,76824.0,4.0
2620,1231.0,17.0,0.9712871207669287,72734.0,4.0
2621,1421.0,36.0,0.9652396376742601,72736.0,4.0
2622,1239.0,15.0,0.9662044024565559,72750.0,4.0
2623,1028.0,14.0,0.9772012828562409,72758.0,4.0
2624,1177.0,55.0,0.9688842774989419,74811.0,4.0
2625,1268.0,15.0,1.0,74818.0,4.0
2626,1112.0,42.0,0.9725308178066674,72773.0,4.0
2627,1133.0,13.0,0.9710953513871886,74829.0,4.0
2628,1377.0,3.0,0.974534671470779,74833.0,4.0
2629,1159.0,46.0,0.972707753845633,72796.0,4.0
2630,1144.0,13.0,0.9742711441627593,74856.0,4.0
2631,1379.0,3.0,0.9696283890462727,74863.0,4.0
2632,1261.0,39.0,0.9758784418259708,74867.0,4.0
2633,1262.0,39.0,0.9821959463618735,74868.0,4.0
2634,1180.0,41.0,0.9622611769235873,72831.0,4.0
2635,1137.0,12.0,0.9642088992735736,74886.0,4.0
2636,1166.0,24.0,0.9661763148421924,74897.0,4.0
2637,1196.0,40.0,0.97459959628766,72850.0,4.0
2638,1075.0,29.0,0.9607723888107863,72851.0,4.0
2639,1474.0,36.0,0.9609177996295456,74913.0,4.0
2640,1411.0,19.0,0.9747525866872746,74929.0,4.0
2641,1539.0,1.0,0.9641177797694733,74934.0,4.0
2642,1097.0,35.0,0.9697012322805112,72887.0,4.0
2643,1098.0,35.0,0.9796776195213659,72894.0,4.0
2644,1182.0,49.0,0.9615024067065607,72909.0,4.0
2645,1202.0,9.0,0.9664511730681145,74959.0,4.0
2646,1137.0,43.0,0.9681473218853223,74978.0,4.0
2647,1138.0,43.0,0.9553055413825012,74979.0,4.0
2648,1180.0,49.0,0.9782760684481642,72933.0,4.0
2649,1086.0,33.0,0.9609331391918752,72935.0,4.0
2650,1150.0,30.0,0.9749431855721621,74992.0,4.0
2651,1240.0,17.0,1.0,72955.0,4.0
2652,1126.0,47.0,0.9686555635486775,72984.0,4.0
2653,1037.0,14.0,0.9729983253122092,72990.0,4.0
2654,1287.0,52.0,0.9749771581600345,75038.0,4.0
2655,1118.0,26.0,1.0,72992.0,4.0
2656,1227.0,40.0,0.9583263114369076,75043.0,4.0
2657,1139.0,12.0,0.9564105425264013,75047.0,4.0
2658,1135.0,33.0,0.9645601003276576,75056.0,4.0
2659,1098.0,44.0,0.9729794841716753,73011.0,4.0
2660,1147.0,11.0,0.9518499067597952,75064.0,4.0
2661,1181.0,55.0,0.9548139631826695,75070.0,4.0
2662,1441.0,57.0,0.9509863461626608,75077.0,4.0
2663,1440.0,57.0,0.9688244350625459,75078.0,4.0
2664,1149.0,11.0,0.9890725837991571,75085.0,4.0
2665,1149.0,35.0,0.9772493453046619,75089.0,4.0
2666,1243.0,15.0,0.9705559822434401,73043.0,4.0
2667,1192.0,6.0,0.9553891308445517,75096.0,4.0
2668,1221.0,16.0,0.9749901255053128,73051.0,4.0
2669,1478.0,36.0,0.9741654767826602,75101.0,4.0
2670,1229.0,39.0,0.9648960095406687,73058.0,4.0
2671,1196.0,28.0,0.9729549974509746,75113.0,4.0
2672,1392.0,19.0,0.9842070612845728,73075.0,4.0
2673,1486.0,37.0,0.9706863548118587,75124.0,4.0
2674,1121.0,42.0,0.9544716522919376,73079.0,4.0
2675,1250.0,22.0,0.9618342813061708,75137.0,4.0
2676,961.0,59.0,0.9645387193999717,73093.0,4.0
2677,1280.0,21.0,0.9520590629107459,75146.0,4.0
2678,1485.0,37.0,0.9728156819506432,75147.0,4.0
2679,1281.0,21.0,0.9559178184411783,75151.0,4.0
2680,1488.0,37.0,0.9746894349504489,75160.0,4.0
2681,1143.0,43.0,0.9789561295741522,75185.0,4.0
2682,1498.0,1.0,0.9779060776765742,73142.0,4.0
2683,1197.0,49.0,0.964439577286479,73143.0,4.0
