,ms2_id,Sample_id,explained_Int(%),SummMS2Table_id,Slice_id
0,1529.0,6.0,0.9883113570016026,93626.0,4.0
1,1487.0,45.0,0.9611521456432096,93627.0,4.0
2,1804.0,19.0,0.9914981754899272,93628.0,4.0
3,1852.0,58.0,0.9905377614096674,93629.0,4.0
4,1850.0,58.0,0.9956944520876416,93631.0,4.0
5,1849.0,58.0,0.9881957214475521,93632.0,4.0
6,1527.0,6.0,0.9869561578230946,93634.0,4.0
7,1842.0,0.0,0.9750560437311938,93636.0,4.0
8,1479.0,30.0,0.9750597536293825,93637.0,4.0
9,1478.0,30.0,0.9943105757226562,93640.0,4.0
10,1629.0,23.0,0.9695984265170863,93641.0,4.0
11,1477.0,50.0,0.9556709483895215,93647.0,4.0
12,1880.0,2.0,0.9614918919078396,93650.0,4.0
13,1631.0,39.0,0.9658229024265548,93655.0,4.0
14,1475.0,50.0,0.9604791913631158,93657.0,4.0
15,1479.0,28.0,0.9669456707680534,93659.0,4.0
16,1581.0,22.0,0.9898412320800224,93660.0,4.0
17,1496.0,31.0,0.9863671149032779,93662.0,4.0
18,1797.0,3.0,0.9695839243253886,93675.0,4.0
19,1826.0,37.0,0.9559337135645826,93677.0,4.0
20,1566.0,52.0,0.9917050896201698,93679.0,4.0
21,1421.0,25.0,0.9749510997010775,93680.0,4.0
22,1494.0,8.0,0.9914648232643487,93685.0,4.0
23,1591.0,53.0,0.9957378425544405,93692.0,4.0
24,1495.0,31.0,0.9685977387411221,93695.0,4.0
25,1390.0,10.0,0.9677664155259341,93700.0,4.0
26,1567.0,52.0,0.974853591849743,93703.0,4.0
27,1592.0,53.0,0.9912013707999934,93704.0,4.0
28,1519.0,48.0,0.9793200881510028,93705.0,4.0
29,1568.0,52.0,0.955504133790623,93713.0,4.0
30,1427.0,25.0,0.957157876885676,93719.0,4.0
31,1459.0,32.0,0.9693979694779119,93729.0,4.0
32,1478.0,50.0,0.967496656597857,93732.0,4.0
33,1468.0,13.0,0.9787596356605134,93741.0,4.0
34,1470.0,13.0,0.9783483010501595,93742.0,4.0
35,1630.0,23.0,0.9756626402345648,93744.0,4.0
36,1441.0,12.0,0.9626188551688273,93749.0,4.0
37,1569.0,52.0,0.9700097692701065,93751.0,4.0
38,1632.0,39.0,0.9682378083677908,93753.0,4.0
39,1471.0,13.0,0.9702703116708169,93754.0,4.0
40,1422.0,34.0,0.9643543051422188,93762.0,4.0
41,1460.0,26.0,0.9722866431982509,93763.0,4.0
42,1484.0,30.0,0.9739995714836241,93771.0,4.0
43,1632.0,23.0,0.9940389536157037,93774.0,4.0
44,1481.0,50.0,0.9817157463465397,93783.0,4.0
45,1827.0,37.0,0.9888643618916637,93785.0,4.0
46,1490.0,45.0,0.9919509017159338,93793.0,4.0
47,1420.0,29.0,0.9931471441386327,93796.0,4.0
48,1808.0,19.0,0.9780144431796512,93800.0,4.0
49,1398.0,10.0,0.9909364323317759,93801.0,4.0
50,1807.0,19.0,0.9633905067893365,93803.0,4.0
51,1395.0,10.0,0.9787051214408612,93811.0,4.0
52,1396.0,10.0,0.990198562821802,93812.0,4.0
53,1419.0,29.0,0.9920592327818296,93823.0,4.0
54,1532.0,6.0,0.9703457089269778,93833.0,4.0
55,1570.0,52.0,0.9929559352388145,93834.0,4.0
56,1866.0,57.0,0.975212072983821,93836.0,4.0
57,1441.0,25.0,0.9566859028106149,93837.0,4.0
58,1420.0,34.0,0.9720261607998916,93844.0,4.0
59,1865.0,57.0,0.9857293685075517,93845.0,4.0
60,1402.0,10.0,0.9869488270604545,93847.0,4.0
61,1484.0,50.0,0.9701536449694294,93852.0,4.0
62,1475.0,13.0,0.9647202549596057,93853.0,4.0
63,1533.0,6.0,0.9716113523866058,93854.0,4.0
64,1750.0,20.0,0.9942632001760904,93856.0,4.0
65,1586.0,22.0,0.9942206099822611,93858.0,4.0
66,1497.0,24.0,0.9708991744069257,93864.0,4.0
67,1751.0,20.0,0.9645254244651599,93866.0,4.0
68,1765.0,38.0,0.9655482076905308,93869.0,4.0
69,1486.0,50.0,0.970772457967664,93871.0,4.0
70,1486.0,30.0,0.9930396093259023,93882.0,4.0
71,1829.0,37.0,0.9936816531492971,93887.0,4.0
72,1405.0,10.0,0.9757419199241337,93893.0,4.0
73,1395.0,44.0,0.9687575875028851,93894.0,4.0
74,1447.0,25.0,0.970704852807924,93898.0,4.0
75,1444.0,25.0,0.9728771820471899,93900.0,4.0
76,1404.0,10.0,0.9807223411175998,93903.0,4.0
77,1422.0,29.0,0.9925395859892464,93905.0,4.0
78,1446.0,12.0,0.9641147531400422,93910.0,4.0
79,1487.0,50.0,0.9678815103471108,93926.0,4.0
80,1754.0,20.0,0.9879666509454651,93928.0,4.0
81,1491.0,50.0,0.967571011267903,93933.0,4.0
82,1756.0,20.0,0.9952812860997702,93937.0,4.0
83,1392.0,11.0,0.9675753953276793,93942.0,4.0
84,1580.0,40.0,0.9697206211187178,93947.0,4.0
85,1594.0,53.0,0.9583192389800954,93950.0,4.0
86,1809.0,19.0,0.9893268656092807,93951.0,4.0
87,1761.0,20.0,0.987745506127218,93953.0,4.0
88,1477.0,13.0,0.9935719414667936,93959.0,4.0
89,1426.0,16.0,0.9690264359428641,93969.0,4.0
90,1478.0,13.0,0.9644510105999037,93974.0,4.0
91,1542.0,6.0,0.9753154343587577,93981.0,4.0
92,1539.0,6.0,0.987110657072523,93982.0,4.0
93,1497.0,8.0,0.9907371949753225,93984.0,4.0
94,1480.0,13.0,0.9719004984017685,93995.0,4.0
95,1830.0,37.0,0.9928954819566183,94004.0,4.0
96,1764.0,20.0,0.9926719057718053,94006.0,4.0
97,1482.0,13.0,0.9701480244672157,94007.0,4.0
98,1411.0,10.0,0.9678176803358015,94016.0,4.0
99,1410.0,10.0,0.972977270012636,94017.0,4.0
100,1881.0,2.0,0.988410299888474,94019.0,4.0
101,1768.0,20.0,0.969887012518574,94022.0,4.0
102,1470.0,9.0,0.9876389287260903,94024.0,4.0
103,1146.0,59.0,0.9952607715376279,89932.0,4.0
104,1148.0,59.0,0.9771555751911984,89934.0,4.0
105,1149.0,59.0,0.9595571910730858,89935.0,4.0
106,1363.0,42.0,0.9834902784352667,89936.0,4.0
107,1751.0,36.0,0.9929953414171333,89937.0,4.0
108,1364.0,42.0,0.9886705705918836,89938.0,4.0
109,1150.0,59.0,0.9777404234441492,89939.0,4.0
110,1151.0,59.0,0.9714550335313221,89940.0,4.0
111,1752.0,36.0,0.9615448252653213,89943.0,4.0
112,1154.0,59.0,0.9979457010333531,89944.0,4.0
113,1153.0,59.0,0.9881714622734661,89945.0,4.0
114,1798.0,4.0,0.9980294588759152,89946.0,4.0
115,1799.0,4.0,0.9933726071627784,89949.0,4.0
116,1635.0,54.0,0.983207039329759,89950.0,4.0
117,1155.0,59.0,0.9762858697824486,89951.0,4.0
118,1157.0,59.0,0.9861916686735839,89952.0,4.0
119,1159.0,59.0,0.99538367408191,89957.0,4.0
120,1158.0,59.0,0.9711445063803079,89958.0,4.0
121,1365.0,42.0,0.9746383011448024,89961.0,4.0
122,1412.0,9.0,0.9716129770927819,89964.0,4.0
123,1165.0,59.0,0.9883008824440748,89966.0,4.0
124,1162.0,59.0,0.9903110904712222,89967.0,4.0
125,1423.0,46.0,1.0,89973.0,4.0
126,1168.0,59.0,0.9930414963778558,89974.0,4.0
127,1753.0,36.0,0.9723191853121339,89975.0,4.0
128,1419.0,49.0,0.9928283626183039,89977.0,4.0
129,1756.0,36.0,1.0,89980.0,4.0
130,1171.0,59.0,0.9732255484864962,89982.0,4.0
131,1169.0,59.0,0.9701557081157641,89983.0,4.0
132,1172.0,59.0,0.9915768193854115,89984.0,4.0
133,1342.0,43.0,0.9523854158358388,89986.0,4.0
134,1413.0,9.0,0.96521150788474,89988.0,4.0
135,1297.0,14.0,0.9796456366690265,89989.0,4.0
136,1802.0,4.0,0.9900996101985813,89990.0,4.0
137,1363.0,17.0,0.9864541788562482,89991.0,4.0
138,1803.0,4.0,0.9894959275311052,89992.0,4.0
139,1315.0,35.0,0.9669772909397406,89993.0,4.0
140,1415.0,9.0,0.9678909801972266,89997.0,4.0
141,1757.0,36.0,0.9772642982482431,89999.0,4.0
142,1424.0,46.0,0.9950839878194186,90000.0,4.0
143,1430.0,15.0,0.9714432799842632,90014.0,4.0
144,1414.0,28.0,0.9676729320711505,90015.0,4.0
145,1563.0,39.0,0.982769945024536,90016.0,4.0
146,1442.0,56.0,0.9595522106064024,90017.0,4.0
147,1343.0,43.0,0.9822049730571403,90019.0,4.0
148,1183.0,59.0,0.9827162116471226,90023.0,4.0
149,1428.0,24.0,0.9564858525463973,90025.0,4.0
150,1820.0,5.0,0.9624682113188325,90026.0,4.0
151,1758.0,36.0,0.9815058134540964,90027.0,4.0
152,1759.0,36.0,0.9912666187857593,90032.0,4.0
153,1760.0,36.0,0.9782683311277844,90033.0,4.0
154,1181.0,59.0,0.983913148370557,90036.0,4.0
155,1738.0,19.0,0.9533947670361961,90038.0,4.0
156,1351.0,10.0,0.9608584213208078,90044.0,4.0
157,1809.0,4.0,0.9845501890455446,90045.0,4.0
158,1808.0,4.0,0.9942597605954572,90046.0,4.0
159,1810.0,4.0,0.9933714605323402,90047.0,4.0
160,1512.0,40.0,0.9888609385814657,90051.0,4.0
161,1393.0,32.0,0.964878363048287,90052.0,4.0
162,1356.0,29.0,0.9748477560382853,90054.0,4.0
163,1734.0,18.0,0.9568151897349296,90056.0,4.0
164,1368.0,47.0,0.9670399495159808,90057.0,4.0
165,1390.0,7.0,0.9651224362594605,90058.0,4.0
166,1182.0,59.0,0.9888126952630967,90059.0,4.0
167,1489.0,41.0,0.9580557279729573,90060.0,4.0
168,1420.0,49.0,0.9606757558005942,90061.0,4.0
169,1819.0,5.0,0.9584051662562738,90062.0,4.0
170,1364.0,17.0,0.972692984950834,90063.0,4.0
171,1317.0,35.0,0.9590817520706605,90068.0,4.0
172,1318.0,35.0,0.9585714996080863,90073.0,4.0
173,1443.0,56.0,0.9774333260375712,90074.0,4.0
174,1811.0,2.0,0.9671673504698803,90075.0,4.0
175,1762.0,36.0,0.9756985948399329,90078.0,4.0
176,1415.0,28.0,0.9834954264271151,90082.0,4.0
177,1737.0,18.0,0.9973912936305046,90084.0,4.0
178,1370.0,17.0,0.9623884640202366,90089.0,4.0
179,1564.0,39.0,0.9866984974933899,90091.0,4.0
180,1300.0,14.0,0.9903334320751166,90092.0,4.0
181,1812.0,2.0,0.9507136518735322,90093.0,4.0
182,1394.0,25.0,0.978110121838533,90094.0,4.0
183,1514.0,40.0,0.9950406694197892,90097.0,4.0
184,1515.0,40.0,0.9844371867220271,90098.0,4.0
185,1513.0,40.0,0.9677275247334609,90099.0,4.0
186,1357.0,29.0,0.9559430229742325,90100.0,4.0
187,1416.0,9.0,0.95551106725729,90105.0,4.0
188,1763.0,36.0,0.993252296534403,90106.0,4.0
189,1816.0,4.0,0.9877206745240618,90107.0,4.0
190,1432.0,15.0,0.9573137912972456,90110.0,4.0
191,1817.0,4.0,0.9912146929603171,90115.0,4.0
192,1352.0,10.0,0.9846759312491653,90116.0,4.0
193,1517.0,40.0,0.9669591330494358,90117.0,4.0
194,1821.0,4.0,0.9881044271443438,90119.0,4.0
195,1580.0,21.0,0.9900211438333136,90121.0,4.0
196,1821.0,5.0,0.9695178155436616,90123.0,4.0
197,1444.0,56.0,0.9730152291004077,90124.0,4.0
198,1418.0,9.0,0.9769879509645951,90128.0,4.0
199,1767.0,36.0,0.9799079162228287,90131.0,4.0
200,1765.0,37.0,0.9711732307591725,90132.0,4.0
201,1769.0,36.0,0.9705009267792937,90133.0,4.0
202,1740.0,18.0,0.9551602350684673,90139.0,4.0
203,1367.0,42.0,0.9557912676842346,90141.0,4.0
204,1822.0,5.0,0.9574282851775232,90145.0,4.0
205,1381.0,12.0,0.973190251356266,90147.0,4.0
206,1797.0,57.0,0.9769110882014264,90149.0,4.0
207,1460.0,55.0,0.9501521564023444,90160.0,4.0
208,1818.0,4.0,0.9878276381242386,90162.0,4.0
209,1391.0,7.0,0.9560346939657713,90164.0,4.0
210,1420.0,9.0,0.9534861450318834,90166.0,4.0
211,1819.0,4.0,0.9906289516702075,90167.0,4.0
212,1187.0,59.0,0.9888112714582905,90170.0,4.0
213,1329.0,44.0,0.981098459344113,90173.0,4.0
214,1477.0,51.0,0.9820885013846309,90176.0,4.0
215,1641.0,54.0,0.9709244543668464,90183.0,4.0
216,1445.0,56.0,0.9904027035519232,90187.0,4.0
217,1446.0,56.0,0.970931448871671,90188.0,4.0
218,1810.0,1.0,0.9869096801731287,90190.0,4.0
219,1826.0,4.0,0.9901730093960052,90191.0,4.0
220,1812.0,1.0,0.996688650887732,90193.0,4.0
221,1431.0,46.0,0.9929777013882212,90195.0,4.0
222,1461.0,55.0,0.9762657224931407,90200.0,4.0
223,1301.0,14.0,0.9958119415648962,90208.0,4.0
224,1423.0,45.0,0.969905935052362,90210.0,4.0
225,1397.0,7.0,0.9888442791967519,90211.0,4.0
226,1358.0,29.0,0.9600114033705263,90212.0,4.0
227,1325.0,35.0,0.9838029169495259,90215.0,4.0
228,1324.0,35.0,0.9610901262243022,90216.0,4.0
229,1359.0,29.0,0.9755604619175657,90219.0,4.0
230,1189.0,59.0,0.9785019022133747,90220.0,4.0
231,1330.0,44.0,0.9659540830543794,90223.0,4.0
232,1190.0,59.0,0.9906765354245359,90226.0,4.0
233,1792.0,58.0,1.0,90228.0,4.0
234,1396.0,7.0,0.9961297281000091,90229.0,4.0
235,1369.0,47.0,1.0,90231.0,4.0
236,1370.0,47.0,0.9565936238549411,90232.0,4.0
237,1516.0,22.0,0.9804848369212774,90234.0,4.0
238,1581.0,21.0,0.9906458682905868,90243.0,4.0
239,1424.0,49.0,0.957771150802013,90245.0,4.0
240,1423.0,49.0,0.9920464492345807,90246.0,4.0
241,1431.0,24.0,0.9592882273413157,90254.0,4.0
242,1383.0,12.0,0.9580721460999861,90258.0,4.0
243,1747.0,18.0,0.9731144727908285,90263.0,4.0
244,1768.0,37.0,0.9957954162023959,90264.0,4.0
245,1697.0,38.0,0.9938034746285525,90265.0,4.0
246,1772.0,36.0,0.9706403552730003,90266.0,4.0
247,1395.0,25.0,0.9915818786904859,90268.0,4.0
248,1479.0,51.0,1.0,90269.0,4.0
249,1568.0,39.0,0.984760151381498,90270.0,4.0
250,1346.0,43.0,0.9735217195349672,90271.0,4.0
251,1430.0,24.0,0.9889261675696707,90272.0,4.0
252,1345.0,43.0,0.9703792145948833,90273.0,4.0
253,1344.0,43.0,0.9735784189829714,90274.0,4.0
254,1813.0,2.0,0.9601967939320916,90277.0,4.0
255,1828.0,4.0,0.9884249938370705,90280.0,4.0
256,1439.0,27.0,0.982823913887566,90281.0,4.0
257,1440.0,27.0,0.9716346433371874,90282.0,4.0
258,1823.0,5.0,0.9914386504712722,90283.0,4.0
259,1829.0,4.0,0.9864916492461946,90286.0,4.0
260,1637.0,54.0,0.9846028866607873,90287.0,4.0
261,1371.0,42.0,0.9883389606060511,90292.0,4.0
262,1355.0,34.0,0.955807389212369,90293.0,4.0
263,1356.0,34.0,0.9579923991671866,90306.0,4.0
264,1447.0,56.0,0.9964732867560738,90308.0,4.0
265,1284.0,33.0,0.9559405146653849,90313.0,4.0
266,1503.0,52.0,0.9765565312553551,90317.0,4.0
267,1441.0,46.0,0.9861698964047158,90318.0,4.0
268,1379.0,42.0,0.9613046760369074,90323.0,4.0
269,1476.0,6.0,0.9904706501389164,90330.0,4.0
270,1441.0,27.0,0.9643197188235668,90336.0,4.0
271,1437.0,31.0,0.9674995161299449,90337.0,4.0
272,1417.0,28.0,0.9605180282965902,90340.0,4.0
273,1371.0,47.0,0.9817243751990952,90345.0,4.0
274,1385.0,12.0,0.9964618073470112,90346.0,4.0
275,1773.0,36.0,0.9724380727066345,90350.0,4.0
276,1381.0,17.0,0.9674266191900155,90354.0,4.0
277,1333.0,44.0,0.9965303297831667,90356.0,4.0
278,1380.0,17.0,0.9863046856686543,90357.0,4.0
279,1699.0,38.0,0.9784511418554267,90360.0,4.0
280,1348.0,43.0,0.9772191413971885,90363.0,4.0
281,1349.0,43.0,0.9558217181410583,90364.0,4.0
282,1350.0,43.0,0.9528880195135169,90365.0,4.0
283,1698.0,38.0,0.9927873417536656,90366.0,4.0
284,1776.0,36.0,0.9838168801917466,90371.0,4.0
285,1827.0,5.0,0.9869638142064726,90373.0,4.0
286,1815.0,2.0,0.9777536725681931,90377.0,4.0
287,1464.0,55.0,0.9602567285969281,90380.0,4.0
288,1361.0,29.0,0.9610183012489626,90382.0,4.0
289,1383.0,16.0,0.9711210535076796,90384.0,4.0
290,1571.0,39.0,0.9630505578787841,90386.0,4.0
291,1423.0,9.0,0.9705373670507651,90389.0,4.0
292,1302.0,14.0,0.9658777913256494,90390.0,4.0
293,1416.0,28.0,0.9930286959383856,90392.0,4.0
294,1831.0,5.0,0.9936434599842775,90393.0,4.0
295,1430.0,49.0,0.9809902064646691,90395.0,4.0
296,1329.0,35.0,0.9742638750231306,90398.0,4.0
297,1394.0,32.0,0.9582343717012498,90408.0,4.0
298,1427.0,49.0,0.9699536109162368,90409.0,4.0
299,1428.0,49.0,0.9669265397160316,90411.0,4.0
300,1353.0,10.0,0.9637325453010271,90413.0,4.0
301,1816.0,1.0,0.9950265892189145,90415.0,4.0
302,1814.0,1.0,0.9942342687371574,90416.0,4.0
303,1752.0,18.0,0.9859760165989959,90419.0,4.0
304,1793.0,58.0,0.9816655572278568,90421.0,4.0
305,1519.0,40.0,0.9616008270817169,90423.0,4.0
306,1429.0,8.0,0.9667810982128306,90426.0,4.0
307,1849.0,4.0,0.9891859858537134,90427.0,4.0
308,1847.0,4.0,0.9881743667542943,90428.0,4.0
309,1462.0,55.0,0.9720384087740256,90435.0,4.0
310,1839.0,4.0,0.9917422688744403,90437.0,4.0
311,1813.0,1.0,0.9889087286899798,90440.0,4.0
312,1574.0,39.0,0.989012988543316,90441.0,4.0
313,1376.0,42.0,0.9954108422908536,90447.0,4.0
314,1819.0,1.0,0.9886164188344453,90449.0,4.0
315,1644.0,54.0,0.9700065327550462,90450.0,4.0
316,1306.0,14.0,0.9922523492822876,90452.0,4.0
317,1384.0,16.0,0.9748761149187517,90463.0,4.0
318,1330.0,35.0,0.9772180447945067,90468.0,4.0
319,1351.0,43.0,0.960397865032893,90473.0,4.0
320,1358.0,34.0,0.9637818785526703,90478.0,4.0
321,1705.0,38.0,0.9921242636277325,90480.0,4.0
322,1445.0,46.0,0.9875414564805006,90483.0,4.0
323,1366.0,29.0,0.9604629886152274,90485.0,4.0
324,1364.0,29.0,0.9543697816072195,90486.0,4.0
325,1430.0,8.0,0.9901592209554085,90493.0,4.0
326,1435.0,15.0,0.9519456468910436,90494.0,4.0
327,1758.0,18.0,0.9614256424561104,90497.0,4.0
328,1757.0,18.0,0.9597791997175007,90498.0,4.0
329,1755.0,18.0,0.9915885184866051,90505.0,4.0
330,1526.0,40.0,0.9927773017355243,90508.0,4.0
331,1527.0,40.0,0.9591290772454869,90509.0,4.0
332,1529.0,40.0,0.9840424175032145,90511.0,4.0
333,1525.0,53.0,0.9946869196681339,90513.0,4.0
334,1355.0,43.0,0.9770043434525011,90514.0,4.0
335,1388.0,12.0,0.9735756514274087,90515.0,4.0
336,1390.0,12.0,0.96748417089222,90516.0,4.0
337,1701.0,38.0,0.9694509469235666,90520.0,4.0
338,1353.0,43.0,0.9779562534959887,90523.0,4.0
339,1352.0,43.0,0.9714088028710379,90524.0,4.0
340,1386.0,12.0,0.9737602188896323,90530.0,4.0
341,1336.0,44.0,0.9944330748101087,90532.0,4.0
342,1467.0,55.0,0.9828678262341225,90533.0,4.0
343,1859.0,4.0,0.9943273441908207,90534.0,4.0
344,1856.0,4.0,0.9893974988472751,90538.0,4.0
345,1855.0,4.0,0.9842579451116523,90539.0,4.0
346,1704.0,38.0,0.9809490397930684,90543.0,4.0
347,1480.0,6.0,0.9571141225523753,90544.0,4.0
348,1525.0,22.0,0.9609185525914555,90550.0,4.0
349,1436.0,49.0,0.9982038612347028,90552.0,4.0
350,1479.0,6.0,0.9631358962521155,90553.0,4.0
351,1461.0,48.0,0.9884481941636064,90555.0,4.0
352,1743.0,19.0,0.9851615023435224,90556.0,4.0
353,1851.0,4.0,0.9877604278434918,90559.0,4.0
354,1335.0,44.0,0.967070431127865,90560.0,4.0
355,1462.0,48.0,0.9695547473391192,90566.0,4.0
356,1776.0,37.0,0.9577123082995302,90570.0,4.0
357,1806.0,57.0,0.9833006652552699,90571.0,4.0
358,1333.0,35.0,0.9611680479247704,90574.0,4.0
359,1488.0,51.0,0.9942968142614393,90575.0,4.0
360,1436.0,24.0,0.9819840425971164,90578.0,4.0
361,1736.0,3.0,0.9932644165986315,90580.0,4.0
362,1837.0,5.0,0.9903299988821451,90587.0,4.0
363,1426.0,9.0,0.9763782225565968,90589.0,4.0
364,1425.0,50.0,0.9583665601025174,90590.0,4.0
365,1440.0,31.0,0.9720755975213712,90592.0,4.0
366,1420.0,28.0,0.9798469316456921,90596.0,4.0
367,1421.0,28.0,0.9951925036054303,90597.0,4.0
368,1817.0,2.0,0.987297071712522,90598.0,4.0
369,1422.0,28.0,0.990359482677183,90601.0,4.0
370,1434.0,49.0,0.9729513979807282,90606.0,4.0
371,1734.0,3.0,0.9640943157771278,90608.0,4.0
372,1650.0,54.0,0.9658675197898821,90613.0,4.0
373,1649.0,54.0,0.9873109765424969,90614.0,4.0
374,1735.0,3.0,0.9938925838740861,90615.0,4.0
375,1404.0,7.0,0.9579008935869844,90616.0,4.0
376,1308.0,14.0,0.9899744245265193,90619.0,4.0
377,1832.0,1.0,0.9900841793299843,90621.0,4.0
378,1398.0,26.0,0.9947358566845217,90623.0,4.0
379,1577.0,39.0,0.966080900038182,90624.0,4.0
380,1397.0,26.0,0.9828937761255842,90625.0,4.0
381,1407.0,7.0,0.9707104394362746,90627.0,4.0
382,1405.0,7.0,0.991551510047975,90628.0,4.0
383,1449.0,56.0,0.9614330380453335,90631.0,4.0
384,1571.0,23.0,0.96692959896876,90633.0,4.0
385,1584.0,21.0,0.9865111266759846,90634.0,4.0
386,1397.0,32.0,0.9685469272985736,90639.0,4.0
387,1435.0,24.0,0.9679076587918576,90643.0,4.0
388,1834.0,5.0,0.9807335450190475,90644.0,4.0
389,1833.0,5.0,0.9879315187086884,90645.0,4.0
390,1832.0,5.0,0.9878207768744607,90646.0,4.0
391,1432.0,49.0,0.9845670990215244,90648.0,4.0
392,1309.0,14.0,0.9891380228846939,90650.0,4.0
393,1423.0,30.0,0.9794732116496951,90653.0,4.0
394,1398.0,32.0,0.9542724898211706,90654.0,4.0
395,1489.0,51.0,0.9902425145304892,90657.0,4.0
396,1827.0,1.0,0.9817997221569531,90658.0,4.0
397,1490.0,51.0,0.9550311392100839,90659.0,4.0
398,1307.0,14.0,0.9966487741521382,90663.0,4.0
399,1824.0,1.0,0.9969327131076743,90664.0,4.0
400,1821.0,1.0,0.9666479417048607,90665.0,4.0
401,1823.0,1.0,0.9929438754279732,90667.0,4.0
402,1825.0,1.0,0.9914089330502931,90669.0,4.0
403,1291.0,33.0,0.9867609252710416,90679.0,4.0
404,1493.0,41.0,0.9926490514462006,90680.0,4.0
405,1386.0,17.0,0.9797852754774399,90684.0,4.0
406,1491.0,51.0,0.9640213694817114,90688.0,4.0
407,1361.0,34.0,0.9570602004220824,90703.0,4.0
408,1374.0,47.0,0.9760888383006552,90704.0,4.0
409,1298.0,33.0,0.9615994313262227,90705.0,4.0
410,1510.0,52.0,0.9564105667025208,90707.0,4.0
411,1768.0,18.0,0.9757796562795931,90717.0,4.0
412,1582.0,39.0,0.9943324907645332,90723.0,4.0
413,1433.0,45.0,0.9691843796067411,90726.0,4.0
414,1436.0,15.0,0.9640820155527446,90727.0,4.0
415,1432.0,45.0,0.9751597478841563,90728.0,4.0
416,1369.0,29.0,0.9730084718657267,90731.0,4.0
417,1451.0,56.0,0.965189092497974,90734.0,4.0
418,1589.0,21.0,0.9938831124202756,90739.0,4.0
419,1586.0,21.0,0.9892654893582422,90745.0,4.0
420,1362.0,34.0,0.9521332879635597,90746.0,4.0
421,1412.0,7.0,0.9646616065830793,90751.0,4.0
422,1699.0,20.0,0.9622589717424122,90752.0,4.0
423,1763.0,18.0,0.9911524748307571,90758.0,4.0
424,1765.0,18.0,0.9588496111600187,90760.0,4.0
425,1590.0,21.0,0.9985251879195614,90767.0,4.0
426,1411.0,7.0,0.9881494898398473,90768.0,4.0
427,1533.0,40.0,0.9679502939029158,90775.0,4.0
428,1532.0,40.0,0.9903504760261075,90776.0,4.0
429,1531.0,40.0,0.9913355055924352,90777.0,4.0
430,1439.0,49.0,0.9790943858230223,90782.0,4.0
431,1399.0,32.0,0.9691707481222318,90783.0,4.0
432,1414.0,13.0,0.9600944715752864,90784.0,4.0
433,1354.0,10.0,0.9817266637852913,90785.0,4.0
434,1528.0,53.0,0.990816911718505,90789.0,4.0
435,1816.0,57.0,0.9897551737357957,90791.0,4.0
436,1838.0,1.0,0.9925288577459073,90796.0,4.0
437,1340.0,35.0,0.9753443002566986,90798.0,4.0
438,1375.0,47.0,0.9742111075128713,90802.0,4.0
439,1343.0,44.0,0.9884113773144895,90804.0,4.0
440,1746.0,19.0,0.9932640062137771,90809.0,4.0
441,1342.0,44.0,0.9937991740437139,90813.0,4.0
442,1344.0,44.0,1.0,90814.0,4.0
443,1862.0,4.0,0.9813297539210716,90817.0,4.0
444,1430.0,9.0,0.9714781613620661,90818.0,4.0
445,1440.0,49.0,0.9918850461284322,90820.0,4.0
446,1471.0,55.0,0.9560467193825698,90821.0,4.0
447,1392.0,12.0,0.963892042250536,90822.0,4.0
448,1391.0,12.0,0.9882120648074035,90823.0,4.0
449,1381.0,42.0,0.9948184296639768,90825.0,4.0
450,1811.0,57.0,0.9877995095301817,90826.0,4.0
451,1810.0,57.0,0.9829098023742087,90827.0,4.0
452,1432.0,9.0,0.9700225313479434,90832.0,4.0
453,1437.0,24.0,0.9893484262619421,90837.0,4.0
454,1707.0,38.0,0.9614303521920036,90844.0,4.0
455,1372.0,29.0,0.9822906714189644,90847.0,4.0
456,1655.0,54.0,0.9889067364721128,90848.0,4.0
457,1413.0,7.0,0.9791499547121351,90849.0,4.0
458,1658.0,54.0,0.9897820048637782,90850.0,4.0
459,1441.0,31.0,0.9562327090471375,90853.0,4.0
460,1530.0,22.0,0.9862033337769701,90858.0,4.0
461,1575.0,23.0,0.9952797049387481,90861.0,4.0
462,1394.0,12.0,0.9756802932244663,90862.0,4.0
463,1393.0,12.0,0.99224105402086,90863.0,4.0
464,1363.0,34.0,0.9873682713697002,90865.0,4.0
465,1463.0,48.0,0.9650005448622686,90867.0,4.0
466,1427.0,28.0,0.9902624845057335,90869.0,4.0
467,1444.0,27.0,0.954494636273728,90870.0,4.0
468,1798.0,58.0,0.9732973618267619,90871.0,4.0
469,1797.0,58.0,0.961750412360301,90872.0,4.0
470,1813.0,57.0,0.9897149123277578,90876.0,4.0
471,1573.0,23.0,0.9508654263452962,90877.0,4.0
472,1819.0,2.0,0.977713683506996,90880.0,4.0
473,1442.0,31.0,0.981840135482223,90881.0,4.0
474,1841.0,5.0,0.9842910630329578,90882.0,4.0
475,1426.0,28.0,0.9761398890534344,90883.0,4.0
476,1299.0,33.0,0.9768277387116543,90887.0,4.0
477,1839.0,5.0,0.9843992223337068,90892.0,4.0
478,1300.0,33.0,0.9728881559848851,90897.0,4.0
479,1301.0,33.0,0.9637144975205204,90898.0,4.0
480,1341.0,35.0,0.9622605972812219,90909.0,4.0
481,1345.0,44.0,0.9624114591464296,90914.0,4.0
482,1373.0,29.0,0.9969348660870144,90917.0,4.0
483,1305.0,33.0,0.9505156105888518,90920.0,4.0
484,1449.0,49.0,0.9853386546832482,90921.0,4.0
485,1392.0,16.0,0.9939927686159685,90929.0,4.0
486,1708.0,38.0,0.9904031384707519,90931.0,4.0
487,1308.0,33.0,0.964622348488046,90942.0,4.0
488,1309.0,33.0,0.9689795176806336,90943.0,4.0
489,1458.0,46.0,0.9846079172973096,90945.0,4.0
490,1533.0,53.0,0.9555905029711735,90946.0,4.0
491,1414.0,7.0,0.9627876419422391,90948.0,4.0
492,1395.0,16.0,0.9507393743925976,90958.0,4.0
493,1453.0,49.0,0.9747794801357258,90962.0,4.0
494,1416.0,13.0,0.9797850746467653,90965.0,4.0
495,1538.0,53.0,0.987317190261933,90971.0,4.0
496,1432.0,8.0,0.967803061711752,90973.0,4.0
497,1599.0,21.0,0.9743299156468544,90975.0,4.0
498,1319.0,14.0,0.9939152169611323,90977.0,4.0
499,1321.0,14.0,0.9769399087878389,90980.0,4.0
500,1361.0,43.0,0.971851574758701,90981.0,4.0
501,1817.0,57.0,0.9947224307248531,90983.0,4.0
502,1749.0,19.0,0.9646763152396888,90985.0,4.0
503,1519.0,52.0,0.9872356168513068,90987.0,4.0
504,1477.0,55.0,0.9738960733446574,90998.0,4.0
505,1478.0,55.0,0.9666741064398178,90999.0,4.0
506,1406.0,32.0,0.9781118644907977,91004.0,4.0
507,1800.0,36.0,0.9670372805998204,91007.0,4.0
508,1436.0,8.0,0.9751361565639765,91010.0,4.0
509,1798.0,36.0,0.9515557511150784,91013.0,4.0
510,1741.0,3.0,0.9929394795143722,91014.0,4.0
511,1472.0,55.0,0.9676542520572774,91016.0,4.0
512,1473.0,55.0,0.9587853874563899,91017.0,4.0
513,1474.0,55.0,0.9515868007967138,91018.0,4.0
514,1475.0,55.0,0.9853512499564956,91019.0,4.0
515,1434.0,8.0,0.9523469619531941,91022.0,4.0
516,1777.0,18.0,0.9510333653974409,91025.0,4.0
517,1344.0,11.0,0.994673921001083,91027.0,4.0
518,1592.0,39.0,0.9581419291983072,91038.0,4.0
519,1440.0,45.0,0.9749143771659626,91041.0,4.0
520,1660.0,54.0,0.9873451182954504,91044.0,4.0
521,1342.0,11.0,0.9664171840369813,91053.0,4.0
522,1343.0,11.0,0.9683074277282447,91054.0,4.0
523,1437.0,8.0,0.9857502712487265,91057.0,4.0
524,1779.0,18.0,0.9860521922539588,91059.0,4.0
525,1536.0,40.0,0.9772099702061989,91061.0,4.0
526,1437.0,45.0,0.9757618261082962,91062.0,4.0
527,1700.0,20.0,0.9719745362288699,91063.0,4.0
528,1500.0,51.0,0.9648343048525609,91064.0,4.0
529,1379.0,47.0,0.992338896553724,91066.0,4.0
530,1589.0,39.0,0.9595876198953595,91068.0,4.0
531,1310.0,33.0,0.9541921392192353,91076.0,4.0
532,1594.0,39.0,0.9566871280168685,91078.0,4.0
533,1444.0,9.0,0.984197727642315,91081.0,4.0
534,1534.0,40.0,0.9877993711720108,91084.0,4.0
535,1795.0,36.0,0.9602668530782287,91087.0,4.0
536,1785.0,37.0,0.9778777435158738,91088.0,4.0
537,1446.0,27.0,0.9555992604304087,91090.0,4.0
538,1447.0,27.0,0.9861822185827741,91091.0,4.0
539,1449.0,27.0,0.9612043775166599,91093.0,4.0
540,1823.0,2.0,0.9910455775176029,91094.0,4.0
541,1801.0,58.0,0.9731291700726317,91098.0,4.0
542,1387.0,42.0,0.9711123835443629,91100.0,4.0
543,1396.0,16.0,0.989344574304506,91101.0,4.0
544,1467.0,48.0,0.990360190903245,91103.0,4.0
545,1388.0,42.0,0.9853155668760046,91108.0,4.0
546,1389.0,42.0,0.987558498055632,91109.0,4.0
547,1483.0,6.0,0.9566452850941621,91111.0,4.0
548,1344.0,35.0,0.9661971383737193,91114.0,4.0
549,1383.0,42.0,0.9616090940982961,91115.0,4.0
550,1790.0,37.0,0.989022844441325,91117.0,4.0
551,1533.0,22.0,0.9828646146379085,91123.0,4.0
552,1389.0,17.0,0.983290779380023,91125.0,4.0
553,1363.0,43.0,0.9662554784944941,91126.0,4.0
554,1416.0,7.0,0.9802079343659077,91128.0,4.0
555,1774.0,18.0,0.9708671960589711,91132.0,4.0
556,1709.0,38.0,0.9608417616248878,91138.0,4.0
557,1431.0,28.0,0.9676481026400752,91141.0,4.0
558,1432.0,28.0,0.9868086810503606,91142.0,4.0
559,1376.0,29.0,0.9737786859574772,91146.0,4.0
560,1466.0,48.0,0.9934293193091666,91149.0,4.0
561,1438.0,24.0,0.961800829582479,91152.0,4.0
562,1439.0,24.0,0.9537444003979744,91153.0,4.0
563,1794.0,36.0,0.9899738548398405,91166.0,4.0
564,1792.0,36.0,0.9504589707787588,91168.0,4.0
565,1382.0,47.0,0.9920129456349651,91170.0,4.0
566,1792.0,37.0,0.954473176912244,91171.0,4.0
567,1793.0,37.0,0.973530140321447,91172.0,4.0
568,1782.0,0.0,0.9728986288790472,91175.0,4.0
569,1851.0,1.0,0.977525848773663,91177.0,4.0
570,1787.0,37.0,0.9933431713151324,91178.0,4.0
571,1783.0,0.0,0.9613379077508716,91181.0,4.0
572,1384.0,47.0,0.9730562859915364,91184.0,4.0
573,1385.0,47.0,0.9655085942999582,91185.0,4.0
574,1788.0,37.0,0.9780376021477474,91188.0,4.0
575,1384.0,42.0,0.9691659680579457,91189.0,4.0
576,1399.0,12.0,0.9688770974277015,91190.0,4.0
577,1400.0,12.0,0.9905512879456282,91191.0,4.0
578,1601.0,21.0,0.991238930813221,91205.0,4.0
579,1540.0,53.0,0.974184279153264,91209.0,4.0
580,1506.0,51.0,0.9597673004256722,91210.0,4.0
581,1391.0,17.0,0.9732366145426179,91228.0,4.0
582,1350.0,11.0,0.9753873229427261,91237.0,4.0
583,1353.0,35.0,0.9653232192546126,91241.0,4.0
584,1354.0,35.0,0.9761799714966568,91242.0,4.0
585,1352.0,35.0,0.9769135992670748,91245.0,4.0
586,1365.0,43.0,0.9853040238421101,91248.0,4.0
587,1447.0,9.0,0.972427541228507,91250.0,4.0
588,1544.0,53.0,0.9709540527275345,91252.0,4.0
589,1498.0,41.0,0.9631740495709692,91253.0,4.0
590,1501.0,41.0,0.9761312405483685,91256.0,4.0
591,1455.0,31.0,0.9935724844229931,91259.0,4.0
592,1330.0,14.0,0.9869881877716886,91261.0,4.0
593,1460.0,49.0,0.9937649162126254,91272.0,4.0
594,1462.0,49.0,0.9519162888616236,91274.0,4.0
595,1328.0,14.0,0.9944263416394077,91279.0,4.0
596,1325.0,14.0,0.9886471156980914,91283.0,4.0
597,1346.0,11.0,0.9634738063011876,91287.0,4.0
598,1332.0,14.0,0.9810582067240459,91289.0,4.0
599,1443.0,45.0,0.9535855609498246,91291.0,4.0
600,1445.0,45.0,0.9725661433383637,91293.0,4.0
601,1446.0,45.0,0.957157923948781,91294.0,4.0
602,1348.0,11.0,0.9745539292244788,91298.0,4.0
603,1353.0,44.0,0.9934371988919313,91301.0,4.0
604,1670.0,54.0,0.9922988302357939,91306.0,4.0
605,1391.0,42.0,0.9676255387993837,91307.0,4.0
606,1395.0,42.0,0.9647290386498335,91308.0,4.0
607,1437.0,28.0,0.971286657505152,91309.0,4.0
608,1668.0,54.0,0.9909743037148355,91313.0,4.0
609,1713.0,38.0,0.9622856979706806,91315.0,4.0
610,1714.0,38.0,0.9641981834206839,91316.0,4.0
611,1442.0,8.0,0.9878494078585778,91319.0,4.0
612,1419.0,13.0,0.9736836825277762,91321.0,4.0
613,1390.0,42.0,0.9935299566632654,91322.0,4.0
614,1450.0,27.0,0.9641927347676408,91329.0,4.0
615,1664.0,54.0,0.9867518471292374,91335.0,4.0
616,1667.0,54.0,0.9873405335967597,91338.0,4.0
617,1463.0,56.0,0.9725991452271195,91339.0,4.0
618,1460.0,56.0,0.9564191185757874,91343.0,4.0
619,1510.0,51.0,0.9903489815120702,91345.0,4.0
620,1466.0,46.0,0.9657274442844185,91348.0,4.0
621,1463.0,46.0,0.9921372395800723,91363.0,4.0
622,1465.0,46.0,0.9934095890425859,91364.0,4.0
623,1440.0,8.0,0.9720368838063228,91366.0,4.0
624,1781.0,18.0,0.9922739000762734,91368.0,4.0
625,1396.0,25.0,0.9831506627683959,91369.0,4.0
626,1785.0,18.0,0.9585110105891147,91371.0,4.0
627,1786.0,18.0,0.9893884482665724,91372.0,4.0
628,1464.0,46.0,0.992495239035771,91373.0,4.0
629,1446.0,24.0,0.9711498854573573,91375.0,4.0
630,1429.0,30.0,0.9851283094124887,91379.0,4.0
631,1601.0,39.0,0.9728127442527507,91386.0,4.0
632,1539.0,22.0,0.9666763039396742,91387.0,4.0
633,1428.0,50.0,0.9905014519159715,91389.0,4.0
634,1701.0,20.0,0.9563103922969559,91393.0,4.0
635,1801.0,37.0,0.9911741983918234,91394.0,4.0
636,1474.0,48.0,0.9871567989265791,91398.0,4.0
637,1475.0,48.0,0.968919221437608,91399.0,4.0
638,1476.0,48.0,0.9737728779515957,91400.0,4.0
639,1803.0,58.0,0.9758733023105115,91401.0,4.0
640,1597.0,39.0,0.9815553681710489,91402.0,4.0
641,1598.0,39.0,0.9610408034172833,91403.0,4.0
642,1440.0,28.0,0.9714685035940983,91409.0,4.0
643,1828.0,2.0,0.9966933747900195,91413.0,4.0
644,1578.0,23.0,0.9933122431907736,91420.0,4.0
645,1579.0,23.0,0.9896153678327893,91421.0,4.0
646,1580.0,23.0,0.9832935780462864,91422.0,4.0
647,1536.0,22.0,0.9614844410678125,91425.0,4.0
648,1806.0,58.0,0.9795965074076849,91431.0,4.0
649,1393.0,17.0,0.9570620487392922,91433.0,4.0
650,1757.0,19.0,0.9606358920328673,91437.0,4.0
651,1742.0,3.0,0.996321843004985,91438.0,4.0
652,1743.0,3.0,0.962341786712239,91440.0,4.0
653,1744.0,3.0,0.9605231687411009,91441.0,4.0
654,1745.0,3.0,0.9636969966240415,91442.0,4.0
655,1851.0,5.0,0.988359594134617,91445.0,4.0
656,1419.0,7.0,0.9856508006022221,91446.0,4.0
657,1704.0,20.0,0.9523352515072332,91451.0,4.0
658,1378.0,29.0,0.9705775145228444,91466.0,4.0
659,1379.0,29.0,0.9884592514860797,91467.0,4.0
660,1785.0,0.0,0.9512212539135887,91469.0,4.0
661,1786.0,0.0,0.9806842881249659,91470.0,4.0
662,1787.0,0.0,0.9633562910479371,91471.0,4.0
663,1410.0,26.0,0.9511911269535984,91477.0,4.0
664,1412.0,26.0,0.9942348602196567,91479.0,4.0
665,1470.0,48.0,0.9627005592050134,91480.0,4.0
666,1418.0,7.0,0.9685772845826696,91482.0,4.0
667,1856.0,1.0,0.9954670894186625,91486.0,4.0
668,1315.0,33.0,0.9696840986065477,91491.0,4.0
669,1480.0,55.0,0.9905242008719406,91493.0,4.0
670,1595.0,39.0,0.9707393874322117,91494.0,4.0
671,1755.0,19.0,0.9653564178553569,91496.0,4.0
672,1753.0,19.0,0.9841917023444556,91497.0,4.0
673,1805.0,36.0,0.965612744742599,91498.0,4.0
674,1603.0,21.0,0.9886474687602506,91499.0,4.0
675,1473.0,48.0,0.9750832042755154,91502.0,4.0
676,1469.0,48.0,0.9844823480598129,91503.0,4.0
677,1797.0,37.0,0.9945224393844566,91510.0,4.0
678,1514.0,51.0,0.9620408560647397,91520.0,4.0
679,1317.0,33.0,0.9592609479408608,91521.0,4.0
680,1372.0,34.0,0.9782735569475673,91526.0,4.0
681,1446.0,15.0,0.9702995586528802,91527.0,4.0
682,1373.0,34.0,0.9894709346865489,91536.0,4.0
683,1548.0,53.0,1.0,91547.0,4.0
684,1516.0,51.0,0.953416651898143,91550.0,4.0
685,1321.0,33.0,0.9583766564631918,91555.0,4.0
686,1361.0,35.0,0.9738064813451278,91559.0,4.0
687,1464.0,56.0,0.9877293987461331,91562.0,4.0
688,1334.0,14.0,0.963603851121717,91566.0,4.0
689,1336.0,14.0,0.9813845433395005,91568.0,4.0
690,1337.0,14.0,0.9548788774896245,91569.0,4.0
691,1338.0,14.0,0.9872051635456784,91570.0,4.0
692,1860.0,1.0,0.993597860158232,91576.0,4.0
693,1861.0,1.0,0.9941569484945327,91577.0,4.0
694,1863.0,1.0,0.9571192630122131,91579.0,4.0
695,1864.0,1.0,0.994732952872442,91580.0,4.0
696,1542.0,40.0,0.9931911463510521,91581.0,4.0
697,1610.0,21.0,0.9625809197443403,91583.0,4.0
698,1824.0,57.0,0.9573102895766757,91585.0,4.0
699,1432.0,30.0,0.965032200861885,91590.0,4.0
700,1865.0,1.0,0.9585912246057808,91593.0,4.0
701,1821.0,57.0,0.9918147182747803,91598.0,4.0
702,1759.0,19.0,0.9684778142758317,91603.0,4.0
703,1539.0,40.0,0.9894748988066983,91606.0,4.0
704,1860.0,5.0,0.9905814681785565,91609.0,4.0
705,1858.0,5.0,0.9687424833898969,91610.0,4.0
706,1415.0,26.0,0.9585346883523455,91618.0,4.0
707,1607.0,21.0,0.9878471147160919,91623.0,4.0
708,1613.0,21.0,0.9709777140749106,91625.0,4.0
709,1340.0,14.0,0.9503000475372353,91635.0,4.0
710,1608.0,21.0,0.9973162959969197,91636.0,4.0
711,1423.0,7.0,0.9514972751982721,91638.0,4.0
712,1424.0,7.0,0.9865765302452151,91639.0,4.0
713,1446.0,28.0,0.9616694384387712,91645.0,4.0
714,1416.0,32.0,0.9967281062696043,91646.0,4.0
715,1418.0,32.0,0.9806635133303288,91648.0,4.0
716,1484.0,55.0,0.9794556826395111,91657.0,4.0
717,1455.0,27.0,0.9655836628724024,91660.0,4.0
718,1457.0,27.0,0.9732051279124012,91662.0,4.0
719,1420.0,13.0,0.959167406016965,91666.0,4.0
720,1396.0,42.0,0.9630043609393995,91670.0,4.0
721,1458.0,27.0,0.9968926795678247,91673.0,4.0
722,1462.0,27.0,0.9836526509418542,91676.0,4.0
723,1463.0,27.0,1.0,91677.0,4.0
724,1395.0,47.0,0.9921626037811168,91688.0,4.0
725,1487.0,55.0,0.9719549101268244,91689.0,4.0
726,1542.0,22.0,0.98296250248015,91691.0,4.0
727,1803.0,37.0,0.9642201418747527,91697.0,4.0
728,1405.0,16.0,0.9622582215242016,91700.0,4.0
729,1322.0,33.0,0.9649895671135662,91703.0,4.0
730,1323.0,33.0,0.9841099530483801,91704.0,4.0
731,1324.0,33.0,0.9763231212875404,91705.0,4.0
732,1325.0,33.0,0.9821745654342562,91706.0,4.0
733,1610.0,39.0,0.9845189523725173,91708.0,4.0
734,1454.0,24.0,0.9857475756562216,91709.0,4.0
735,1838.0,2.0,0.983802774667831,91718.0,4.0
736,1508.0,41.0,0.9634665085355222,91722.0,4.0
737,1510.0,41.0,0.9871610582097016,91724.0,4.0
738,1490.0,6.0,0.9931334187227443,91727.0,4.0
739,1471.0,46.0,0.9619331179720352,91738.0,4.0
740,1519.0,51.0,0.9932133288841198,91739.0,4.0
741,1398.0,47.0,0.9838483166291292,91740.0,4.0
742,1365.0,44.0,0.9828151431475457,91743.0,4.0
743,1396.0,47.0,0.9907804582084484,91748.0,4.0
744,1470.0,56.0,0.9782147302321372,91750.0,4.0
745,1836.0,2.0,0.9597806227527786,91752.0,4.0
746,1432.0,50.0,0.980052433046728,91755.0,4.0
747,1504.0,41.0,0.968699986147732,91756.0,4.0
748,1716.0,38.0,0.9570955669046155,91760.0,4.0
749,1415.0,32.0,0.9894768708002019,91765.0,4.0
750,1748.0,3.0,0.9697931859928612,91772.0,4.0
751,1466.0,56.0,0.9731939083461916,91781.0,4.0
752,1518.0,51.0,0.9838198056231868,91787.0,4.0
753,1678.0,54.0,0.9812150013604369,91789.0,4.0
754,1359.0,10.0,0.9588076052063154,91791.0,4.0
755,1360.0,10.0,0.9750292360403559,91792.0,4.0
756,1370.0,43.0,0.9892819582966106,91797.0,4.0
757,1364.0,44.0,0.9937455351437481,91800.0,4.0
758,1372.0,43.0,0.9776540783933564,91811.0,4.0
759,1472.0,46.0,0.9718446260720137,91814.0,4.0
760,1616.0,21.0,0.981821731843348,91817.0,4.0
761,1452.0,45.0,0.9656049146383424,91821.0,4.0
762,1467.0,49.0,0.9889516690213515,91824.0,4.0
763,1451.0,45.0,0.9962772629125299,91830.0,4.0
764,1382.0,29.0,0.9783770564926519,91831.0,4.0
765,1463.0,31.0,0.9651872609021707,91834.0,4.0
766,1386.0,29.0,0.9696182220171838,91836.0,4.0
767,1506.0,41.0,0.9942366168160078,91837.0,4.0
768,1717.0,38.0,0.990462379355616,91838.0,4.0
769,1458.0,31.0,0.9630654768812863,91844.0,4.0
770,1355.0,11.0,0.9887922512929794,91847.0,4.0
771,1550.0,53.0,0.9646020397158039,91848.0,4.0
772,1551.0,53.0,0.9626604257757113,91849.0,4.0
773,1468.0,49.0,0.969909722444532,91850.0,4.0
774,1461.0,31.0,0.986020615628094,91851.0,4.0
775,1420.0,32.0,0.9896080798662176,91853.0,4.0
776,1380.0,34.0,0.9565436879659939,91856.0,4.0
777,1446.0,8.0,0.9775943153506278,91858.0,4.0
778,1377.0,34.0,0.9751824138842888,91861.0,4.0
779,1750.0,3.0,0.970671159238394,91862.0,4.0
780,1363.0,35.0,0.9576354369462341,91863.0,4.0
781,1456.0,45.0,0.9512590329291705,91865.0,4.0
782,1458.0,45.0,0.9532707522353423,91868.0,4.0
783,1531.0,52.0,0.9607213645355349,91874.0,4.0
784,1489.0,55.0,0.9656551384700137,91884.0,4.0
785,1384.0,34.0,0.9632457197521589,91895.0,4.0
786,1459.0,45.0,0.9512197619458781,91896.0,4.0
787,1426.0,7.0,0.952274292061632,91897.0,4.0
788,1327.0,33.0,0.9879474302857593,91906.0,4.0
789,1474.0,46.0,0.9888512135809763,91908.0,4.0
790,1447.0,28.0,0.9751152172828306,91910.0,4.0
791,1534.0,52.0,0.9945189775302239,91911.0,4.0
792,1342.0,14.0,0.9875895592271924,91919.0,4.0
793,1493.0,55.0,0.9786466099739534,91921.0,4.0
794,1492.0,55.0,0.9587635302870222,91922.0,4.0
795,1456.0,8.0,0.978953286659167,91924.0,4.0
796,1347.0,14.0,0.9937480308048038,91926.0,4.0
797,1798.0,0.0,0.9816172865422773,91928.0,4.0
798,1494.0,55.0,0.977537042389984,91931.0,4.0
799,1720.0,38.0,0.98841136224079,91938.0,4.0
800,1521.0,41.0,0.9581563970831046,91939.0,4.0
801,1618.0,21.0,0.9933191504804624,91941.0,4.0
802,1751.0,3.0,0.9807896736218759,91942.0,4.0
803,1614.0,39.0,0.9951279919575696,91944.0,4.0
804,1613.0,39.0,0.9887612663249236,91945.0,4.0
805,1789.0,18.0,0.9952155661287594,91952.0,4.0
806,1813.0,36.0,0.9654837291242573,91955.0,4.0
807,1621.0,21.0,0.9577811746107769,91958.0,4.0
808,1620.0,21.0,0.9804426296705068,91959.0,4.0
809,1411.0,12.0,0.9829513037019791,91960.0,4.0
810,1451.0,15.0,0.9727712165914847,91966.0,4.0
811,1484.0,48.0,0.9670127932840542,91968.0,4.0
812,1849.0,2.0,0.9826471782434274,91969.0,4.0
813,1398.0,25.0,0.9617559304288672,91974.0,4.0
814,1481.0,48.0,0.9968305044856618,91975.0,4.0
815,1410.0,16.0,0.96851223482076,91978.0,4.0
816,1469.0,24.0,0.9939186174538518,91979.0,4.0
817,1362.0,10.0,0.963522445228222,91984.0,4.0
818,1800.0,0.0,0.9940342145000339,91988.0,4.0
819,1518.0,41.0,0.987868349127096,91991.0,4.0
820,1517.0,41.0,0.9903484855634143,91992.0,4.0
821,1515.0,41.0,0.967513305476322,91994.0,4.0
822,1461.0,24.0,0.9969943237395651,92001.0,4.0
823,1708.0,20.0,0.9768701361956642,92003.0,4.0
824,1399.0,25.0,0.9929020109439155,92005.0,4.0
825,1434.0,7.0,0.9667802599148679,92011.0,4.0
826,1764.0,19.0,0.9813633209196362,92016.0,4.0
827,1497.0,6.0,0.992469647472068,92018.0,4.0
828,1453.0,8.0,0.9777467443874729,92022.0,4.0
829,1685.0,54.0,0.99106330450142,92028.0,4.0
830,1466.0,27.0,1.0,92036.0,4.0
831,1686.0,54.0,0.9590017942667137,92038.0,4.0
832,1473.0,49.0,0.9676530770027452,92042.0,4.0
833,1495.0,55.0,0.9705216920488976,92044.0,4.0
834,1464.0,27.0,0.9725691058749794,92045.0,4.0
835,1870.0,1.0,0.9729477885011912,92047.0,4.0
836,1433.0,7.0,0.9913469447439713,92048.0,4.0
837,1539.0,52.0,0.9679137264504623,92053.0,4.0
838,1547.0,40.0,0.965887973065925,92066.0,4.0
839,1545.0,40.0,0.9577542001163715,92068.0,4.0
840,1496.0,6.0,0.9884269295472653,92074.0,4.0
841,1386.0,34.0,0.9600745982651893,92076.0,4.0
842,1724.0,38.0,0.9877638519227528,92087.0,4.0
843,1722.0,38.0,0.9935204183538368,92089.0,4.0
844,1472.0,56.0,0.968142816878567,92093.0,4.0
845,1531.0,51.0,0.9603790149363733,92094.0,4.0
846,1530.0,51.0,0.969125212153996,92095.0,4.0
847,1529.0,51.0,0.9665750861953119,92096.0,4.0
848,1472.0,49.0,0.9614896456173356,92097.0,4.0
849,1528.0,51.0,0.9761387885335036,92098.0,4.0
850,1449.0,28.0,0.9848492242952539,92106.0,4.0
851,1482.0,46.0,0.9982599911700887,92112.0,4.0
852,1458.0,9.0,0.9759272984605227,92114.0,4.0
853,1456.0,9.0,0.9522038664685213,92116.0,4.0
854,1454.0,9.0,0.9752507567014996,92118.0,4.0
855,1844.0,2.0,0.9548339706814026,92121.0,4.0
856,1481.0,46.0,0.9727997656500055,92124.0,4.0
857,1404.0,47.0,0.987164689592951,92126.0,4.0
858,1403.0,47.0,0.9922977575946078,92127.0,4.0
859,1429.0,32.0,0.9719492647966558,92128.0,4.0
860,1360.0,11.0,0.9671989713398609,92135.0,4.0
861,1757.0,3.0,0.9887206641554372,92138.0,4.0
862,1834.0,57.0,0.9931309123860426,92140.0,4.0
863,1431.0,32.0,0.9846517350551725,92141.0,4.0
864,1478.0,46.0,1.0,92142.0,4.0
865,1424.0,26.0,0.9665344403706478,92144.0,4.0
866,1373.0,44.0,0.964518999049478,92146.0,4.0
867,1469.0,27.0,0.9779329654616682,92149.0,4.0
868,1404.0,42.0,0.9672158779799076,92151.0,4.0
869,1454.0,28.0,0.9681391238044404,92154.0,4.0
870,1472.0,31.0,0.9869650439196123,92155.0,4.0
871,1480.0,46.0,0.994702325638259,92156.0,4.0
872,1471.0,31.0,0.9672543964816839,92157.0,4.0
873,1469.0,31.0,0.9898023785315644,92159.0,4.0
874,1465.0,31.0,0.9756901591196383,92163.0,4.0
875,1845.0,2.0,0.9749912964495591,92165.0,4.0
876,1833.0,57.0,0.9663108787496255,92166.0,4.0
877,1479.0,46.0,0.988529778108223,92169.0,4.0
878,1688.0,54.0,0.9919587199986777,92170.0,4.0
879,1390.0,29.0,0.9568074837648732,92179.0,4.0
880,1377.0,43.0,0.9721936667874982,92181.0,4.0
881,1375.0,43.0,0.9784047601867992,92183.0,4.0
882,1372.0,44.0,0.9930927772123508,92184.0,4.0
883,1371.0,44.0,0.9919053334623592,92185.0,4.0
884,1424.0,13.0,0.9743230620633967,92186.0,4.0
885,1760.0,3.0,0.9560313211650981,92187.0,4.0
886,1817.0,58.0,0.9902810407028256,92189.0,4.0
887,1816.0,58.0,0.9511890754953138,92190.0,4.0
888,1846.0,2.0,0.9628405078409741,92191.0,4.0
889,1549.0,22.0,0.9635303771568191,92194.0,4.0
890,1754.0,3.0,0.9658176982283341,92200.0,4.0
891,1363.0,10.0,0.9748283573232523,92204.0,4.0
892,1367.0,35.0,0.9574771520543978,92205.0,4.0
893,1389.0,29.0,0.995984223965226,92211.0,4.0
894,1453.0,15.0,0.9751349656834049,92214.0,4.0
895,1426.0,13.0,0.9710215809736581,92215.0,4.0
896,1425.0,13.0,0.9791017626990023,92216.0,4.0
897,1585.0,23.0,0.9695195586137559,92219.0,4.0
898,1584.0,23.0,0.9522136145177439,92220.0,4.0
899,1547.0,22.0,0.9700172010686268,92223.0,4.0
900,1558.0,53.0,0.9823470426413841,92226.0,4.0
901,1532.0,51.0,0.9896482983971265,92229.0,4.0
902,1551.0,22.0,0.9898179037221511,92230.0,4.0
903,1815.0,58.0,0.955972911794133,92231.0,4.0
904,1438.0,50.0,0.9536003667505332,92232.0,4.0
905,1431.0,26.0,0.9923503922717799,92240.0,4.0
906,1457.0,8.0,0.9611071332905721,92253.0,4.0
907,1550.0,40.0,0.9948392483328891,92258.0,4.0
908,1534.0,51.0,0.9957283751076307,92264.0,4.0
909,1350.0,14.0,0.9663072592631021,92271.0,4.0
910,1377.0,44.0,0.9659812111127021,92275.0,4.0
911,1474.0,56.0,0.9835290205331495,92279.0,4.0
912,1587.0,23.0,0.9691177643806206,92290.0,4.0
913,1445.0,50.0,0.9758530853793491,92292.0,4.0
914,1624.0,21.0,0.9898732143102129,92295.0,4.0
915,1765.0,3.0,0.9791757633382969,92296.0,4.0
916,1586.0,23.0,0.9916144318463559,92299.0,4.0
917,1733.0,38.0,0.976096495318672,92302.0,4.0
918,1565.0,53.0,0.9860274813500702,92303.0,4.0
919,1433.0,26.0,0.9775816498401081,92304.0,4.0
920,1434.0,26.0,0.9753824544769208,92305.0,4.0
921,1438.0,26.0,0.9953730709911802,92306.0,4.0
922,1440.0,26.0,0.9669973052699389,92308.0,4.0
923,1478.0,49.0,0.9648297656442396,92314.0,4.0
924,1559.0,22.0,0.969910321157217,92322.0,4.0
925,1570.0,53.0,0.9773997646036213,92328.0,4.0
926,1457.0,28.0,0.982092301115778,92329.0,4.0
927,1712.0,20.0,0.979574040321658,92330.0,4.0
928,1371.0,11.0,0.9904718773883113,92331.0,4.0
929,1332.0,33.0,0.9717286944159322,92333.0,4.0
930,1711.0,20.0,0.9640259308335369,92339.0,4.0
931,1529.0,41.0,0.9863575256459708,92344.0,4.0
932,1533.0,41.0,0.9740952974505367,92348.0,4.0
933,1556.0,22.0,0.9906674162214456,92350.0,4.0
934,1384.0,44.0,0.9704779230499307,92354.0,4.0
935,1762.0,3.0,0.9893178582638323,92363.0,4.0
936,1369.0,11.0,0.9685858794225318,92366.0,4.0
937,1437.0,32.0,0.9676009474747953,92372.0,4.0
938,1439.0,32.0,0.9709710180940319,92374.0,4.0
939,1840.0,57.0,0.9693561971006377,92377.0,4.0
940,1841.0,57.0,0.9800606835001853,92378.0,4.0
941,1460.0,8.0,0.9860607043443886,92382.0,4.0
942,1463.0,8.0,0.9677656911106816,92385.0,4.0
943,1506.0,55.0,0.9539072182607723,92394.0,4.0
944,1379.0,44.0,0.9634836822591245,92395.0,4.0
945,1381.0,44.0,0.9686014916925275,92401.0,4.0
946,1431.0,13.0,0.9576400885910231,92405.0,4.0
947,1432.0,13.0,0.9512966393485125,92406.0,4.0
948,1433.0,32.0,0.9920820710770056,92407.0,4.0
949,1838.0,57.0,0.9912800265074554,92408.0,4.0
950,1820.0,58.0,0.9703025347358784,92411.0,4.0
951,1821.0,58.0,0.9695949296437306,92412.0,4.0
952,1822.0,58.0,0.9957349605249325,92413.0,4.0
953,1588.0,23.0,0.9902180746617184,92415.0,4.0
954,1441.0,32.0,0.9802325093191528,92417.0,4.0
955,1567.0,53.0,0.9707031866901187,92419.0,4.0
956,1479.0,56.0,0.9553333379658674,92422.0,4.0
957,1627.0,21.0,0.9953800629551525,92426.0,4.0
958,1536.0,51.0,0.9576732011864235,92428.0,4.0
959,1483.0,56.0,0.9588846027739376,92431.0,4.0
960,1484.0,56.0,0.9858415005480026,92432.0,4.0
961,1475.0,31.0,0.9828058369886096,92433.0,4.0
962,1476.0,31.0,0.9745699605171954,92434.0,4.0
963,1415.0,16.0,0.9601366956312876,92448.0,4.0
964,1868.0,5.0,0.9926247090133593,92449.0,4.0
965,1545.0,52.0,0.9713421433890332,92453.0,4.0
966,1731.0,38.0,0.9868396294769521,92457.0,4.0
967,1858.0,2.0,0.9885039288948487,92463.0,4.0
968,1472.0,24.0,0.9928235002385457,92469.0,4.0
969,1772.0,19.0,0.9870553376089128,92472.0,4.0
970,1773.0,19.0,0.9764511245671613,92473.0,4.0
971,1774.0,19.0,0.974620894641402,92474.0,4.0
972,1544.0,52.0,0.9772790651545853,92478.0,4.0
973,1416.0,12.0,0.9743888491865531,92482.0,4.0
974,1853.0,2.0,0.9932661154925213,92485.0,4.0
975,1854.0,2.0,0.9639702956633928,92486.0,4.0
976,1808.0,0.0,0.9951190368361462,92488.0,4.0
977,1442.0,7.0,0.9750968492281135,92491.0,4.0
978,1633.0,21.0,0.9839228702128854,92499.0,4.0
979,1634.0,21.0,0.9641321046333912,92500.0,4.0
980,1407.0,42.0,0.9754149748291034,92505.0,4.0
981,1691.0,54.0,0.9565656581335612,92508.0,4.0
982,1810.0,37.0,0.9678010920029877,92516.0,4.0
983,1811.0,37.0,0.98090147301146,92517.0,4.0
984,1502.0,55.0,0.9740945573683163,92523.0,4.0
985,1793.0,18.0,0.9729927245515126,92524.0,4.0
986,1794.0,18.0,0.9630023899775263,92525.0,4.0
987,1500.0,6.0,0.9878715591376624,92527.0,4.0
988,1502.0,6.0,0.9871623375804813,92529.0,4.0
989,1503.0,6.0,0.9918965734014561,92530.0,4.0
990,1400.0,25.0,0.9813216781061377,92532.0,4.0
991,1494.0,48.0,0.9909616399350699,92534.0,4.0
992,1769.0,19.0,0.9671336865067316,92539.0,4.0
993,1766.0,3.0,0.9672489479005872,92540.0,4.0
994,1437.0,26.0,0.9721535169522811,92544.0,4.0
995,1522.0,41.0,0.9806392267211165,92545.0,4.0
996,1523.0,41.0,0.9937687278359083,92547.0,4.0
997,1476.0,24.0,0.9643562079826016,92554.0,4.0
998,1809.0,0.0,0.963642014686275,92564.0,4.0
999,1457.0,15.0,0.9734213364423864,92567.0,4.0
1000,1807.0,0.0,0.988590840023464,92573.0,4.0
1001,1437.0,30.0,0.9807975085690241,92574.0,4.0
1002,1438.0,30.0,0.97552939303004,92575.0,4.0
1003,1618.0,39.0,0.9867269818752933,92577.0,4.0
1004,1619.0,39.0,0.9602907063371957,92578.0,4.0
1005,1401.0,25.0,0.9910286469882413,92580.0,4.0
1006,1402.0,25.0,0.9926983308526045,92581.0,4.0
1007,1403.0,25.0,0.985594776455808,92582.0,4.0
1008,1391.0,34.0,0.9769444105530187,92585.0,4.0
1009,1492.0,48.0,0.9624221788718531,92590.0,4.0
1010,1333.0,33.0,0.9738434620073008,92596.0,4.0
1011,1356.0,14.0,0.9895518700584768,92597.0,4.0
1012,1464.0,8.0,0.9888341209636857,92599.0,4.0
1013,1535.0,41.0,0.9752905163725173,92600.0,4.0
1014,1465.0,8.0,0.9886580729090729,92618.0,4.0
1015,1487.0,46.0,0.9574912531009754,92621.0,4.0
1016,1374.0,35.0,0.9847007358591239,92623.0,4.0
1017,1375.0,35.0,0.9939826008893092,92629.0,4.0
1018,1397.0,34.0,0.9928351325598405,92634.0,4.0
1019,1481.0,24.0,0.9847299303204038,92636.0,4.0
1020,1478.0,24.0,0.9783692803582782,92639.0,4.0
1021,1498.0,48.0,0.9598387318543381,92641.0,4.0
1022,1497.0,48.0,0.9887992031276945,92642.0,4.0
1023,1495.0,48.0,0.988469682077444,92644.0,4.0
1024,1443.0,30.0,0.9747522910396179,92646.0,4.0
1025,1538.0,41.0,0.9902643034958101,92658.0,4.0
1026,1541.0,41.0,0.9908027633088077,92661.0,4.0
1027,1540.0,41.0,0.9711792359755119,92662.0,4.0
1028,1441.0,30.0,0.9886849453477076,92663.0,4.0
1029,1440.0,30.0,0.9799262388883735,92664.0,4.0
1030,1500.0,48.0,0.9933396140084411,92668.0,4.0
1031,1382.0,43.0,0.9934577352417687,92669.0,4.0
1032,1386.0,44.0,0.9689599878057032,92671.0,4.0
1033,1415.0,47.0,0.9748442405355824,92673.0,4.0
1034,1556.0,40.0,0.9789006588691188,92683.0,4.0
1035,1874.0,1.0,0.9858482112213593,92684.0,4.0
1036,1740.0,38.0,0.9717528631786935,92685.0,4.0
1037,1448.0,7.0,0.986670583038596,92691.0,4.0
1038,1422.0,12.0,0.9765743223559359,92694.0,4.0
1039,1779.0,19.0,0.9804553646679798,92695.0,4.0
1040,1448.0,30.0,0.9880435644302902,92699.0,4.0
1041,1446.0,30.0,0.9807413277929994,92701.0,4.0
1042,1780.0,19.0,0.9722528196301274,92704.0,4.0
1043,1565.0,22.0,0.9575182880470945,92705.0,4.0
1044,1383.0,43.0,0.9799632667697654,92717.0,4.0
1045,1463.0,9.0,0.9671671268416095,92718.0,4.0
1046,1462.0,9.0,0.9640958053240564,92719.0,4.0
1047,1601.0,23.0,0.962928048785349,92722.0,4.0
1048,1597.0,23.0,0.9689505038097864,92724.0,4.0
1049,1445.0,32.0,0.9938893297615266,92725.0,4.0
1050,1379.0,11.0,0.9882566971816508,92729.0,4.0
1051,1398.0,34.0,0.9783509138156383,92735.0,4.0
1052,1450.0,50.0,0.9742828789236276,92736.0,4.0
1053,1845.0,57.0,0.9665774138058633,92746.0,4.0
1054,1446.0,32.0,0.9912402212427519,92754.0,4.0
1055,1413.0,47.0,0.9858208007639636,92755.0,4.0
1056,1639.0,21.0,0.9746951343212984,92762.0,4.0
1057,1412.0,47.0,0.9616971854988458,92766.0,4.0
1058,1483.0,27.0,0.9769437784051259,92767.0,4.0
1059,1570.0,22.0,0.990000927744991,92771.0,4.0
1060,1569.0,22.0,0.9628298524926002,92772.0,4.0
1061,1568.0,22.0,0.9909524504501357,92773.0,4.0
1062,1566.0,22.0,0.9530894052323584,92774.0,4.0
1063,1625.0,39.0,0.9631601986829393,92775.0,4.0
1064,1598.0,23.0,0.9839109791811445,92777.0,4.0
1065,1830.0,58.0,0.9718737937740001,92781.0,4.0
1066,1626.0,39.0,1.0,92784.0,4.0
1067,1814.0,37.0,0.989493595126986,92785.0,4.0
1068,1563.0,22.0,0.9916890033125841,92790.0,4.0
1069,1772.0,3.0,0.9879044804954973,92795.0,4.0
1070,1376.0,35.0,0.9770134691514736,92797.0,4.0
1071,1773.0,3.0,0.983667520974703,92804.0,4.0
1072,1848.0,57.0,0.9866407176052361,92806.0,4.0
1073,1574.0,53.0,0.9899903001237804,92812.0,4.0
1074,1470.0,45.0,0.9620470650355061,92814.0,4.0
1075,1466.0,45.0,0.9908464643822256,92815.0,4.0
1076,1849.0,57.0,0.9862578938233137,92818.0,4.0
1077,1713.0,20.0,0.9603489900946988,92820.0,4.0
1078,1421.0,12.0,0.9867921712752178,92821.0,4.0
1079,1403.0,29.0,0.9727911590504214,92822.0,4.0
1080,1467.0,28.0,0.980149721253913,92833.0,4.0
1081,1468.0,28.0,0.9667524068593922,92836.0,4.0
1082,1471.0,8.0,0.9838875052126407,92843.0,4.0
1083,1470.0,8.0,0.989144334399284,92844.0,4.0
1084,1466.0,8.0,0.9634259833571317,92848.0,4.0
1085,1469.0,28.0,0.9854863919971508,92849.0,4.0
1086,1487.0,56.0,0.9700506657512921,92857.0,4.0
1087,1539.0,51.0,0.9584511954679403,92861.0,4.0
1088,1488.0,46.0,0.9834040508715763,92862.0,4.0
1089,1453.0,50.0,0.9707910034858289,92864.0,4.0
1090,1447.0,50.0,0.9898041783242083,92867.0,4.0
1091,1812.0,0.0,0.9639924381780145,92870.0,4.0
1092,1820.0,0.0,0.9831309081523059,92872.0,4.0
1093,1406.0,25.0,0.9671398270246897,92876.0,4.0
1094,1405.0,25.0,0.9869707738283175,92877.0,4.0
1095,1842.0,57.0,0.961261106943275,92880.0,4.0
1096,1815.0,0.0,1.0,92883.0,4.0
1097,1471.0,45.0,0.9796169726873868,92885.0,4.0
1098,1443.0,26.0,0.9631682085242232,92888.0,4.0
1099,1448.0,26.0,0.9598690409561559,92894.0,4.0
1100,1447.0,26.0,0.9932323508497306,92895.0,4.0
1101,1446.0,26.0,0.9857740651440958,92896.0,4.0
1102,1872.0,5.0,0.9968311295483888,92899.0,4.0
1103,1868.0,2.0,0.9970696545328036,92902.0,4.0
1104,1371.0,10.0,0.9888341424853493,92908.0,4.0
1105,1370.0,10.0,0.9935413479745295,92910.0,4.0
1106,1818.0,0.0,0.9655224573271342,92912.0,4.0
1107,1459.0,15.0,0.9652069910639176,92914.0,4.0
1108,1377.0,35.0,0.9733361857088269,92925.0,4.0
1109,1819.0,36.0,0.9866522498828466,92927.0,4.0
1110,1795.0,18.0,0.9891704258544887,92930.0,4.0
1111,1472.0,45.0,0.9912295237038702,92938.0,4.0
1112,1484.0,27.0,0.9648793126824169,92940.0,4.0
1113,1550.0,52.0,0.9915261917504916,92942.0,4.0
1114,1402.0,34.0,0.9980910873131399,92950.0,4.0
1115,1782.0,19.0,0.9673982874773676,92959.0,4.0
1116,1554.0,52.0,0.99067439684593,92967.0,4.0
1117,1555.0,52.0,0.9935370195072717,92968.0,4.0
1118,1556.0,52.0,0.9938622586588179,92969.0,4.0
1119,1874.0,2.0,0.9713258312840652,92972.0,4.0
1120,1819.0,37.0,0.9913323236621715,92973.0,4.0
1121,1818.0,37.0,0.9968683690223215,92983.0,4.0
1122,1552.0,52.0,0.9868556138135242,92985.0,4.0
1123,1787.0,19.0,0.9914367121545336,92987.0,4.0
1124,1456.0,30.0,0.9908643859601175,92992.0,4.0
1125,1455.0,30.0,0.9698902922499668,92993.0,4.0
1126,1454.0,30.0,0.987695280134122,92994.0,4.0
1127,1878.0,5.0,0.9934525148026015,92998.0,4.0
1128,1824.0,0.0,0.9786468234482216,92999.0,4.0
1129,1821.0,0.0,0.9950369957199451,93002.0,4.0
1130,1429.0,12.0,0.988812430518707,93006.0,4.0
1131,1427.0,12.0,0.9842738089898054,93008.0,4.0
1132,1869.0,2.0,0.9581763453940234,93010.0,4.0
1133,1450.0,26.0,0.9925660394972561,93011.0,4.0
1134,1880.0,5.0,0.9897236296946641,93012.0,4.0
1135,1879.0,5.0,0.9884576921126331,93013.0,4.0
1136,1876.0,5.0,0.9949345638554118,93016.0,4.0
1137,1723.0,20.0,0.9928147107412549,93020.0,4.0
1138,1513.0,55.0,0.9922173189984337,93026.0,4.0
1139,1461.0,50.0,0.9566537575527063,93030.0,4.0
1140,1703.0,54.0,0.9639378360091609,93032.0,4.0
1141,1699.0,54.0,0.9916871392877592,93035.0,4.0
1142,1831.0,58.0,0.9906410032694325,93037.0,4.0
1143,1701.0,54.0,0.9930970293640903,93039.0,4.0
1144,1834.0,58.0,0.9735514210086089,93041.0,4.0
1145,1836.0,58.0,0.9716682521420197,93043.0,4.0
1146,1643.0,21.0,0.9607463042994139,93051.0,4.0
1147,1463.0,50.0,0.9712960796002982,93056.0,4.0
1148,1459.0,50.0,0.968098060312329,93058.0,4.0
1149,1489.0,24.0,0.9941983888754121,93063.0,4.0
1150,1449.0,30.0,0.9860677525585402,93064.0,4.0
1151,1505.0,48.0,0.9865277800606062,93065.0,4.0
1152,1421.0,47.0,0.9851801386851619,93071.0,4.0
1153,1419.0,47.0,0.9594558210948804,93073.0,4.0
1154,1420.0,16.0,0.9687133131520782,93074.0,4.0
1155,1574.0,22.0,0.9907526473500723,93076.0,4.0
1156,1573.0,22.0,0.9773414952307926,93077.0,4.0
1157,1487.0,27.0,0.9937462345926525,93087.0,4.0
1158,1486.0,27.0,0.9879195293130157,93088.0,4.0
1159,1425.0,47.0,0.9909811128129599,93090.0,4.0
1160,1487.0,24.0,0.9669160932550944,93093.0,4.0
1161,1514.0,6.0,0.9815840108313028,93095.0,4.0
1162,1451.0,26.0,0.9691800875802327,93097.0,4.0
1163,1452.0,26.0,0.96954677654376,93098.0,4.0
1164,1453.0,26.0,0.9929806702142233,93099.0,4.0
1165,1512.0,6.0,0.9598012954463114,93102.0,4.0
1166,1513.0,6.0,0.9751078048532335,93103.0,4.0
1167,1511.0,6.0,0.9835804346898593,93106.0,4.0
1168,1743.0,38.0,0.9774448130254293,93108.0,4.0
1169,1378.0,10.0,0.9730100438532913,93115.0,4.0
1170,1442.0,13.0,0.991305461318006,93121.0,4.0
1171,1337.0,33.0,0.9939663662254282,93126.0,4.0
1172,1426.0,47.0,0.9500197332449426,93128.0,4.0
1173,1389.0,44.0,0.9951015991610342,93136.0,4.0
1174,1546.0,41.0,0.9898055780137709,93142.0,4.0
1175,1610.0,23.0,0.9795846404105124,93145.0,4.0
1176,1609.0,23.0,0.9601810075706931,93146.0,4.0
1177,1607.0,23.0,0.9790165156325744,93148.0,4.0
1178,1380.0,11.0,0.9611858881462215,93152.0,4.0
1179,1578.0,53.0,0.9878671271126447,93162.0,4.0
1180,1577.0,53.0,0.9896198893116427,93163.0,4.0
1181,1381.0,35.0,0.9818504770202957,93167.0,4.0
1182,1856.0,57.0,0.9895774205145935,93172.0,4.0
1183,1854.0,57.0,0.9788041524339585,93174.0,4.0
1184,1576.0,53.0,0.9872141714950556,93175.0,4.0
1185,1406.0,29.0,0.9558926291814196,93176.0,4.0
1186,1827.0,0.0,0.986688375151704,93185.0,4.0
1187,1406.0,34.0,0.9620443146166249,93190.0,4.0
1188,1451.0,32.0,0.9776909185761249,93191.0,4.0
1189,1580.0,53.0,0.9953370193602593,93196.0,4.0
1190,1404.0,34.0,0.9700064240851931,93198.0,4.0
1191,1492.0,46.0,0.9752494794326916,93202.0,4.0
1192,1491.0,46.0,0.9944437412603329,93203.0,4.0
1193,1482.0,31.0,0.9892053187661183,93204.0,4.0
1194,1484.0,31.0,0.9799463001349512,93205.0,4.0
1195,1577.0,22.0,0.9915186319438177,93215.0,4.0
1196,1541.0,51.0,0.9689373849028903,93219.0,4.0
1197,1582.0,53.0,0.9958383654310751,93220.0,4.0
1198,1491.0,27.0,0.9858413412127541,93221.0,4.0
1199,1832.0,0.0,0.9924695106871696,93229.0,4.0
1200,1412.0,34.0,0.9778304888383611,93230.0,4.0
1201,1836.0,0.0,0.9957158461253942,93232.0,4.0
1202,1565.0,40.0,0.9862310987168619,93235.0,4.0
1203,1615.0,23.0,0.9808181169764189,93240.0,4.0
1204,1613.0,23.0,0.9756556284410941,93243.0,4.0
1205,1860.0,57.0,0.9913426637950641,93253.0,4.0
1206,1494.0,46.0,0.9562841770940121,93255.0,4.0
1207,1410.0,29.0,0.9810706041122627,93269.0,4.0
1208,1486.0,8.0,0.9675055300639754,93280.0,4.0
1209,1584.0,53.0,0.9930871815978038,93281.0,4.0
1210,1727.0,20.0,0.9717072514763929,93287.0,4.0
1211,1558.0,52.0,0.9925387956089718,93290.0,4.0
1212,1559.0,52.0,0.9838234717451192,93291.0,4.0
1213,1796.0,19.0,0.955357223848966,93293.0,4.0
1214,1480.0,45.0,0.9639815201712406,93294.0,4.0
1215,1840.0,58.0,0.9666683671087819,93298.0,4.0
1216,1730.0,20.0,0.9681665867680694,93310.0,4.0
1217,1427.0,47.0,0.9718091504859551,93315.0,4.0
1218,1877.0,2.0,0.996587408299018,93319.0,4.0
1219,1469.0,50.0,0.9755641338480663,93323.0,4.0
1220,1478.0,45.0,0.9699011921864694,93329.0,4.0
1221,1483.0,49.0,0.9810452675557939,93331.0,4.0
1222,1491.0,24.0,0.9727521016106052,93335.0,4.0
1223,1482.0,45.0,0.9927641502165316,93352.0,4.0
1224,1783.0,3.0,0.9912430674737779,93356.0,4.0
1225,1833.0,0.0,0.9953741059569732,93357.0,4.0
1226,1455.0,32.0,0.9938094291638024,93359.0,4.0
1227,1411.0,25.0,0.961672003515622,93362.0,4.0
1228,1413.0,25.0,0.9930666796905022,93363.0,4.0
1229,1876.0,1.0,0.9938073937486215,93365.0,4.0
1230,1788.0,3.0,0.9853997671671872,93367.0,4.0
1231,1786.0,3.0,0.9686747710167573,93369.0,4.0
1232,1414.0,25.0,0.9721936109262256,93373.0,4.0
1233,1456.0,26.0,0.9767898707312074,93375.0,4.0
1234,1454.0,26.0,0.9771750956619751,93376.0,4.0
1235,1884.0,5.0,0.9772065419268537,93378.0,4.0
1236,1501.0,56.0,0.9657555604145013,93385.0,4.0
1237,1502.0,56.0,0.9796573611352564,93386.0,4.0
1238,1504.0,56.0,0.9611429528453747,93387.0,4.0
1239,1731.0,20.0,0.9731882285195187,93388.0,4.0
1240,1553.0,41.0,0.9638821336605382,93389.0,4.0
1241,1551.0,41.0,0.9932861970266239,93391.0,4.0
1242,1705.0,54.0,0.9951430006073716,93392.0,4.0
1243,1487.0,31.0,0.9582301776170413,93397.0,4.0
1244,1486.0,31.0,0.9822314227245756,93398.0,4.0
1245,1752.0,38.0,0.9968820581126002,93400.0,4.0
1246,1733.0,20.0,0.9669956807408872,93402.0,4.0
1247,1732.0,20.0,0.995285542584055,93403.0,4.0
1248,1455.0,7.0,0.990266668073721,93408.0,4.0
1249,1544.0,51.0,0.9929097510655419,93409.0,4.0
1250,1450.0,13.0,0.9863320572562986,93412.0,4.0
1251,1448.0,13.0,0.9832478233611467,93419.0,4.0
1252,1459.0,30.0,0.9639251245568035,93428.0,4.0
1253,1457.0,32.0,0.9897586876455506,93429.0,4.0
1254,1340.0,33.0,0.9859941991690657,93440.0,4.0
1255,1497.0,27.0,0.9585156016644727,93441.0,4.0
1256,1561.0,52.0,0.9866457604574383,93444.0,4.0
1257,1436.0,12.0,0.9892279100330841,93447.0,4.0
1258,1520.0,6.0,0.9777460816694044,93451.0,4.0
1259,1840.0,0.0,0.9667190854045096,93452.0,4.0
1260,1838.0,0.0,0.9624201186551593,93457.0,4.0
1261,1460.0,13.0,0.9737271979946673,93458.0,4.0
1262,1465.0,13.0,0.955217112326086,93460.0,4.0
1263,1422.0,42.0,0.9684706698340197,93476.0,4.0
1264,1421.0,42.0,0.9535676103829722,93479.0,4.0
1265,1386.0,11.0,0.9931443962857909,93494.0,4.0
1266,1388.0,11.0,0.9773239801947468,93496.0,4.0
1267,1390.0,11.0,0.9842023488697248,93498.0,4.0
1268,1735.0,20.0,0.9876198611438154,93500.0,4.0
1269,1458.0,13.0,0.9848983209264083,93501.0,4.0
1270,1821.0,37.0,0.9672281173854204,93503.0,4.0
1271,1734.0,20.0,0.9891773755750062,93507.0,4.0
1272,1755.0,38.0,0.9953367559842992,93510.0,4.0
1273,1388.0,10.0,0.9957576969991536,93518.0,4.0
1274,1706.0,54.0,0.9816584848556182,93519.0,4.0
1275,1823.0,37.0,0.99572202399535,93521.0,4.0
1276,1512.0,56.0,0.9861903721149844,93524.0,4.0
1277,1491.0,31.0,0.9846784903686345,93528.0,4.0
1278,1492.0,31.0,0.9810766041015281,93529.0,4.0
1279,1415.0,25.0,0.9897970580401166,93531.0,4.0
1280,1416.0,25.0,0.9957286882673911,93532.0,4.0
1281,1417.0,25.0,0.9585138030998707,93533.0,4.0
1282,1564.0,52.0,0.971222196038244,93535.0,4.0
1283,1565.0,52.0,1.0,93536.0,4.0
1284,1489.0,8.0,0.9940195411576261,93539.0,4.0
1285,1800.0,18.0,0.967404128182562,93552.0,4.0
1286,1500.0,27.0,0.9722991304265797,93561.0,4.0
1287,1467.0,9.0,0.9618578855291193,93563.0,4.0
1288,1484.0,45.0,0.9784873702232901,93565.0,4.0
1289,1437.0,12.0,0.9878776027569317,93568.0,4.0
1290,1438.0,12.0,0.9638363706570362,93569.0,4.0
1291,1844.0,58.0,0.9945890004632688,93573.0,4.0
1292,1846.0,58.0,0.9712055060095838,93575.0,4.0
1293,1492.0,24.0,0.9897965649494159,93577.0,4.0
1294,1494.0,24.0,0.9772296345260015,93578.0,4.0
1295,1524.0,6.0,0.9684784264730342,93581.0,4.0
1296,1797.0,19.0,0.970447431239178,93586.0,4.0
1297,1471.0,50.0,0.9927075404651047,93590.0,4.0
1298,1473.0,50.0,0.952792530681731,93592.0,4.0
1299,1471.0,30.0,1.0,93593.0,4.0
1300,1570.0,40.0,0.9882283942483663,93594.0,4.0
1301,1621.0,23.0,0.9768054222521878,93596.0,4.0
1302,1470.0,30.0,0.9841461930711272,93605.0,4.0
1303,1458.0,32.0,0.9920565320982099,93610.0,4.0
1304,1801.0,18.0,0.9660355412819641,93616.0,4.0
1305,1417.0,34.0,0.9850785151544094,93618.0,4.0
1306,1474.0,30.0,0.9654063746994768,93619.0,4.0
1307,1477.0,30.0,0.9941861139634649,93623.0,4.0
1308,1868.0,1.0,0.9556758084048257,92091.0,4.0
1309,1377.0,10.0,1.0,93116.0,4.0
1310,1611.0,21.0,0.9698187382613558,91584.0,4.0
1311,1478.0,48.0,0.9944005789911972,91587.0,4.0
1312,1435.0,50.0,0.9748915017455769,92102.0,4.0
1313,1807.0,57.0,0.9509561900119934,90569.0,4.0
1314,1486.0,56.0,0.9915374160976407,92617.0,4.0
1315,1745.0,19.0,1.0,90572.0,4.0
1316,1744.0,19.0,0.9681631541541706,90573.0,4.0
1317,1786.0,37.0,0.9949031237569353,91089.0,4.0
1318,1369.0,17.0,0.9875349741107337,90072.0,4.0
1319,1825.0,2.0,0.9839709063032464,91096.0,4.0
1320,1499.0,48.0,0.9892233741219777,92640.0,4.0
1321,1606.0,23.0,0.9743661113876246,93153.0,4.0
1322,1482.0,6.0,0.9810243945859142,91110.0,4.0
1323,1427.0,46.0,0.9783169301051738,90087.0,4.0
1324,1795.0,58.0,0.9683199939186041,90600.0,4.0
1325,1531.0,22.0,0.9792564132657838,91121.0,4.0
1326,1471.0,27.0,0.9780499187348449,92147.0,4.0
1327,1453.0,28.0,0.9763095910878914,92153.0,4.0
1328,1450.0,24.0,1.0,91643.0,4.0
1329,1426.0,25.0,0.9750014378782033,93694.0,4.0
1330,1826.0,0.0,0.9675481913085954,93186.0,4.0
1331,1873.0,1.0,0.9681920494088752,92675.0,4.0
1332,1441.0,15.0,1.0,91145.0,4.0
1333,1454.0,27.0,0.9747528806830175,91659.0,4.0
1334,1363.0,11.0,0.9726592068446602,92173.0,4.0
1335,1402.0,7.0,0.9741093422968217,90638.0,4.0
1336,1425.0,9.0,0.9550217712802112,90641.0,4.0
1337,1427.0,13.0,0.9732459722712252,92178.0,4.0
1338,1310.0,14.0,0.9619164606093432,90651.0,4.0
1339,1381.0,47.0,0.972265590850232,91169.0,4.0
1340,1756.0,3.0,0.9740265385375121,92198.0,4.0
1341,1755.0,3.0,0.9938593756028122,92199.0,4.0
1342,1582.0,23.0,0.9762013339175243,91690.0,4.0
1343,1461.0,9.0,0.9620939286285534,92720.0,4.0
1344,1339.0,44.0,1.0,90678.0,4.0
1345,1422.0,45.0,0.9678769207550021,90171.0,4.0
1346,1335.0,35.0,0.9517329986795533,90683.0,4.0
1347,1504.0,51.0,0.9515880113189736,91201.0,4.0
1348,1294.0,33.0,0.981357114549704,90693.0,4.0
1349,1509.0,51.0,0.980770906280272,91219.0,4.0
1350,1769.0,18.0,0.9651165352617188,90715.0,4.0
1351,1832.0,4.0,0.98292776007331,90204.0,4.0
1352,1384.0,29.0,0.9763568704413205,91742.0,4.0
1353,1483.0,24.0,0.9896813025807378,92769.0,4.0
1354,1800.0,57.0,0.9700013223504543,90214.0,4.0
1355,1366.0,43.0,0.9531116966930782,91240.0,4.0
1356,1584.0,39.0,0.9562525352179904,90732.0,4.0
1357,1401.0,26.0,0.9596216463878005,90733.0,4.0
1358,1409.0,7.0,0.9853282377505478,90736.0,4.0
1359,1399.0,26.0,0.9629525842005527,90740.0,4.0
1360,1421.0,13.0,0.9746450930441628,91770.0,4.0
1361,1770.0,36.0,0.9515747032140751,90236.0,4.0
1362,1588.0,21.0,0.9727812066455586,90753.0,4.0
1363,1459.0,49.0,0.9755788532803141,91271.0,4.0
1364,1382.0,12.0,0.9670048902438392,90257.0,4.0
1365,1491.0,41.0,0.9623833390520262,90275.0,4.0
1366,1490.0,41.0,1.0,90276.0,4.0
1367,1843.0,5.0,0.9709709432100093,90790.0,4.0
1368,1435.0,46.0,0.9815831523503629,90279.0,4.0
1369,1669.0,54.0,1.0,91305.0,4.0
1370,1438.0,28.0,0.9706713969493803,91310.0,4.0
1371,1705.0,20.0,0.9686644355998191,91832.0,4.0
1372,1374.0,42.0,0.9866560690213789,90300.0,4.0
1373,1712.0,38.0,0.9750374882336074,91327.0,4.0
1374,1408.0,32.0,0.9769557093344755,91331.0,4.0
1375,1488.0,31.0,0.9898304371291955,93381.0,4.0
1376,1354.0,11.0,0.9675776147686436,91846.0,4.0
1377,1461.0,56.0,0.9663482398432673,91344.0,4.0
1378,1445.0,8.0,0.9737598709920238,91857.0,4.0
1379,1377.0,42.0,0.9661342798204077,90322.0,4.0
1380,1462.0,31.0,0.9691118186116995,91860.0,4.0
1381,1457.0,45.0,0.9659268137218986,91866.0,4.0
1382,1820.0,2.0,0.9576485756459672,90852.0,4.0
1383,1384.0,12.0,1.0,90342.0,4.0
1384,1533.0,52.0,0.9743774989086434,91883.0,4.0
1385,1781.0,36.0,0.9948985529487429,90352.0,4.0
1386,1373.0,10.0,0.9686065897504053,92922.0,4.0
1387,1403.0,16.0,0.9510604210824127,91396.0,4.0
1388,1521.0,40.0,0.9583706202579674,90375.0,4.0
1389,1463.0,55.0,0.9536372725704568,90379.0,4.0
1390,1364.0,34.0,0.9508999518206095,90901.0,4.0
1391,1431.0,49.0,0.9630776194693889,90394.0,4.0
1392,1391.0,29.0,1.0,91933.0,4.0
1393,1391.0,16.0,0.9557330901009058,90912.0,4.0
1394,1435.0,30.0,0.9519369111812536,91936.0,4.0
1395,1537.0,22.0,0.9627081730256494,91426.0,4.0
1396,1633.0,39.0,0.9543758491505391,93989.0,4.0
1397,1753.0,18.0,0.9699009748322212,90420.0,4.0
1398,1366.0,34.0,0.9717223668640278,90938.0,4.0
1399,1434.0,32.0,0.9529095225407023,92502.0,4.0
1400,1536.0,53.0,0.9720436930539607,90969.0,4.0
1401,1709.0,20.0,0.979109574849862,92002.0,4.0
1402,1372.0,47.0,0.9690719957448442,90467.0,4.0
1403,1479.0,55.0,0.9537040200446666,91492.0,4.0
1404,1727.0,38.0,1.0,92519.0,4.0
1405,1501.0,6.0,0.9847610678851676,92528.0,4.0
1406,1356.0,44.0,0.954169463436707,91513.0,4.0
1407,1648.0,54.0,0.9537206262863801,90500.0,4.0
1408,1457.0,50.0,1.0,93060.0,4.0
1409,1525.0,40.0,0.9584771176741116,90507.0,4.0
1410,1177.0,59.0,0.9683877600581593,90009.0,4.0
1411,1354.0,43.0,0.9720450048737722,90529.0,4.0
1412,1316.0,35.0,0.9574411512715798,90018.0,4.0
1413,1525.0,52.0,1.0,91554.0,4.0
1414,1549.0,53.0,0.9596028262907895,91557.0,4.0
1415,1410.0,25.0,0.9693447710985366,93101.0,4.0
1416,1298.0,14.0,1.0,90031.0,4.0
1417,1805.0,37.0,1.0,91573.0,4.0
1418,1422.0,25.0,0.9750067814157491,93643.0,4.0
1419,1612.0,21.0,0.968102077960091,91595.0,4.0
1420,1826.0,57.0,0.9723278060356428,91599.0,4.0
1421,1879.0,2.0,1.0,93651.0,4.0
1422,1792.0,0.0,0.9742310330708394,91605.0,4.0
1423,1856.0,5.0,0.9622094820471787,91607.0,4.0
1424,1541.0,40.0,0.9731587114531274,91611.0,4.0
1425,1791.0,0.0,0.968087068552825,91614.0,4.0
1426,1424.0,25.0,0.9590124050534903,93664.0,4.0
1427,1741.0,20.0,1.0,93666.0,4.0
1428,1399.0,43.0,0.9834700932633238,93678.0,4.0
1429,1825.0,37.0,0.9631395170074815,93698.0,4.0
1430,1808.0,58.0,0.9742451065280743,91651.0,4.0
1431,1433.0,25.0,1.0,93712.0,4.0
1432,1807.0,58.0,0.9737350401101342,91665.0,4.0
1433,1428.0,25.0,0.9563229267871965,93714.0,4.0
1434,1677.0,54.0,1.0,91668.0,4.0
1435,1429.0,25.0,0.9721132825751981,93717.0,4.0
1436,1683.0,54.0,0.9849641141825323,91669.0,4.0
1437,1684.0,54.0,0.9553622662210645,91671.0,4.0
1438,1356.0,11.0,1.0,91678.0,4.0
1439,1391.0,11.0,0.9524770958438882,93727.0,4.0
1440,1543.0,22.0,0.9757392033472558,91682.0,4.0
1441,1604.0,39.0,0.9733040324519108,91683.0,4.0
1442,1606.0,39.0,0.9504166652537337,91685.0,4.0
1443,1489.0,45.0,0.9679673994032999,93743.0,4.0
1444,1481.0,30.0,0.9823496538282573,93746.0,4.0
1445,1707.0,54.0,0.9733758049448192,93747.0,4.0
1446,1459.0,27.0,0.9745073083962202,91702.0,4.0
1447,1845.0,0.0,0.9676530139488132,93757.0,4.0
1448,1787.0,18.0,0.9732063361030519,91732.0,4.0
1449,1469.0,49.0,0.9845164363782113,91735.0,4.0
1450,1460.0,31.0,0.972680871493898,91736.0,4.0
1451,1393.0,47.0,0.9694553132447272,91746.0,4.0
1452,1530.0,6.0,0.9755003090200657,93799.0,4.0
1453,1746.0,20.0,0.9794333775310706,93816.0,4.0
1454,1471.0,15.0,0.9749648183496777,93822.0,4.0
1455,1449.0,8.0,0.9728359406562853,91778.0,4.0
1456,1442.0,25.0,0.9635529034338266,93838.0,4.0
1457,1749.0,3.0,0.9695552736328944,91790.0,4.0
1458,1397.0,25.0,0.9767837780460483,91795.0,4.0
1459,1358.0,10.0,0.9759789594939242,91796.0,4.0
1460,1401.0,10.0,0.9725695935413743,93848.0,4.0
1461,1474.0,13.0,0.97590043907373,93850.0,4.0
1462,1458.0,7.0,0.9587378680602034,93855.0,4.0
1463,1585.0,22.0,0.9754550688579504,93857.0,4.0
1464,1371.0,43.0,1.0,91810.0,4.0
1465,1373.0,43.0,0.9605660340027437,91815.0,4.0
1466,1374.0,43.0,0.9782235859407775,91825.0,4.0
1467,1450.0,9.0,0.9710847631155027,91826.0,4.0
1468,1718.0,38.0,0.9645543639435843,91839.0,4.0
1469,1719.0,38.0,0.9857159179042997,91840.0,4.0
1470,1648.0,21.0,1.0,93891.0,4.0
1471,1447.0,8.0,0.9744137196590457,91859.0,4.0
1472,1359.0,11.0,0.9758277759322286,91869.0,4.0
1473,1382.0,34.0,0.9540803861953472,91876.0,4.0
1474,1813.0,58.0,0.9752462883482065,91877.0,4.0
1475,1489.0,50.0,0.9743362993100454,93927.0,4.0
1476,1553.0,53.0,0.9662478532627218,91882.0,4.0
1477,1449.0,15.0,0.9524994093610952,91887.0,4.0
1478,1326.0,33.0,0.9607155349388925,91889.0,4.0
1479,1511.0,41.0,0.9607033637912596,91892.0,4.0
1480,1526.0,51.0,0.9751670361657118,91898.0,4.0
1481,1398.0,17.0,0.9810512550326573,91901.0,4.0
1482,1422.0,32.0,1.0,91903.0,4.0
1483,1814.0,58.0,0.9726488951744345,91904.0,4.0
1484,1490.0,55.0,0.9642987880461141,91905.0,4.0
1485,1365.0,35.0,0.9577566351848052,91909.0,4.0
1486,1370.0,44.0,0.9800081441633407,91912.0,4.0
1487,1423.0,32.0,1.0,91913.0,4.0
1488,1642.0,23.0,0.9638752276568661,93963.0,4.0
1489,1475.0,46.0,0.973867702341629,91916.0,4.0
1490,1537.0,6.0,0.9915898605656924,93971.0,4.0
1491,1491.0,55.0,0.9727921429798572,91923.0,4.0
1492,1479.0,13.0,0.9553315767326883,93979.0,4.0
1493,1619.0,21.0,0.9736329940092503,91940.0,4.0
1494,1409.0,16.0,0.9555918076611191,91947.0,4.0
1495,1768.0,19.0,0.9577198105234819,91948.0,4.0
1496,1433.0,30.0,0.9737465782482843,91949.0,4.0
1497,1400.0,47.0,0.964979530153962,91950.0,4.0
1498,1402.0,47.0,0.9597909593565387,91971.0,4.0
1499,1401.0,47.0,0.9520793044322249,91972.0,4.0
1500,1425.0,26.0,0.9728782221951194,91980.0,4.0
1501,1466.0,24.0,0.9749699851706645,91982.0,4.0
1502,1429.0,15.0,0.964667893012713,89941.0,4.0
1503,1152.0,59.0,0.9505606010699523,89942.0,4.0
1504,1616.0,39.0,0.980646168860902,91996.0,4.0
1505,1463.0,24.0,0.9619414282152022,91999.0,4.0
1506,1462.0,24.0,0.9696951912486874,92000.0,4.0
1507,1156.0,59.0,0.9696079279110839,89953.0,4.0
1508,1360.0,17.0,0.9724381864737356,89954.0,4.0
1509,1161.0,59.0,0.9526881983999049,89962.0,4.0
1510,1166.0,59.0,0.9789468429781341,89970.0,4.0
1511,1455.0,8.0,1.0,92020.0,4.0
1512,1170.0,59.0,0.9755322789096321,89981.0,4.0
1513,1612.0,39.0,0.9768793740256182,92030.0,4.0
1514,1173.0,59.0,0.9710866682106674,89985.0,4.0
1515,1174.0,59.0,0.9764895015369871,90003.0,4.0
1516,1867.0,1.0,1.0,92052.0,4.0
1517,1493.0,6.0,0.9590168584756684,92054.0,4.0
1518,1175.0,59.0,0.9816550285136385,90010.0,4.0
1519,1762.0,19.0,0.9600734402495131,92061.0,4.0
1520,1427.0,7.0,0.9750953602372822,92063.0,4.0
1521,1431.0,15.0,1.0,90020.0,4.0
1522,1366.0,42.0,0.9505715919779518,90021.0,4.0
1523,1863.0,5.0,0.9735295588990501,92081.0,4.0
1524,1180.0,59.0,0.96036703539822,90035.0,4.0
1525,1725.0,38.0,0.9686965015996749,92086.0,4.0
1526,1379.0,12.0,0.971846866403008,90041.0,4.0
1527,1869.0,1.0,0.9702541022951644,92090.0,4.0
1528,1448.0,28.0,1.0,92107.0,4.0
1529,1366.0,17.0,0.9547225589041792,90066.0,4.0
1530,1426.0,46.0,0.964033554834463,90070.0,4.0
1531,1299.0,14.0,0.9724047802385685,90079.0,4.0
1532,1761.0,36.0,1.0,90081.0,4.0
1533,1428.0,32.0,0.9795608827857123,92129.0,4.0
1534,1392.0,26.0,0.9734933369480974,90088.0,4.0
1535,1828.0,57.0,0.9805280565282043,92137.0,4.0
1536,1470.0,27.0,0.9567818058000142,92148.0,4.0
1537,1765.0,36.0,0.9833480308113954,90102.0,4.0
1538,1372.0,17.0,0.9833719634603186,90111.0,4.0
1539,1379.0,16.0,0.9844057496105701,90113.0,4.0
1540,1374.0,17.0,0.9547226837512529,90114.0,4.0
1541,1473.0,31.0,0.9649501428303517,92164.0,4.0
1542,1471.0,56.0,0.9719286837684419,92168.0,4.0
1543,1393.0,26.0,0.9711762884610705,90125.0,4.0
1544,1411.0,16.0,0.9819518896568771,92175.0,4.0
1545,1423.0,13.0,0.9729671621292332,92176.0,4.0
1546,1766.0,36.0,0.9723630424811612,90134.0,4.0
1547,1421.0,49.0,0.976813892635763,90136.0,4.0
1548,1768.0,36.0,0.9764729219990961,90137.0,4.0
1549,1739.0,19.0,0.9703420615371763,90138.0,4.0
1550,1743.0,18.0,0.954487658414875,90143.0,4.0
1551,1550.0,22.0,0.9579293548894982,92193.0,4.0
1552,1429.0,24.0,0.9760539473138388,90146.0,4.0
1553,1428.0,46.0,0.9566218024631867,90150.0,4.0
1554,1752.0,3.0,0.9646038554639365,92202.0,4.0
1555,1369.0,42.0,0.988561276550086,90155.0,4.0
1556,1368.0,42.0,0.9735079083260465,90156.0,4.0
1557,1516.0,40.0,0.9779742490420292,90159.0,4.0
1558,1392.0,7.0,0.9703015148836062,90165.0,4.0
1559,1822.0,4.0,0.9643934881852545,90169.0,4.0
1560,1319.0,35.0,0.965754975878862,90172.0,4.0
1561,1320.0,35.0,1.0,90175.0,4.0
1562,1559.0,53.0,0.9633171086843625,92225.0,4.0
1563,1478.0,51.0,0.9670280340457537,90179.0,4.0
1564,1556.0,53.0,1.0,92228.0,4.0
1565,1422.0,9.0,0.9598470403852869,90186.0,4.0
1566,1436.0,50.0,1.0,92234.0,4.0
1567,1847.0,2.0,0.9680376003728289,92235.0,4.0
1568,1394.0,26.0,1.0,90189.0,4.0
1569,1412.0,12.0,0.9865651057965615,92246.0,4.0
1570,1387.0,34.0,0.9689195178718694,92247.0,4.0
1571,1833.0,4.0,0.9597408593803082,90202.0,4.0
1572,1498.0,6.0,0.975450117007267,92251.0,4.0
1573,1808.0,37.0,0.9759081512593578,92252.0,4.0
1574,1486.0,48.0,1.0,92255.0,4.0
1575,1432.0,26.0,0.97099262417254,92256.0,4.0
1576,1472.0,27.0,0.9777150962733009,92261.0,4.0
1577,1823.0,4.0,0.9760123445652268,90218.0,4.0
1578,1360.0,29.0,0.9851956164545302,90222.0,4.0
1579,1376.0,44.0,0.9728626018135521,92270.0,4.0
1580,1394.0,7.0,0.9716390995595628,90225.0,4.0
1581,1421.0,9.0,0.9544631100523822,90227.0,4.0
1582,1563.0,53.0,0.9738331672281211,92276.0,4.0
1583,1474.0,31.0,0.9852832746355302,92283.0,4.0
1584,1826.0,5.0,0.9675218159325605,90237.0,4.0
1585,1393.0,29.0,0.9775826048697228,92285.0,4.0
1586,1378.0,44.0,0.9591104675169688,92286.0,4.0
1587,1554.0,22.0,0.9694646059328041,92288.0,4.0
1588,1583.0,21.0,0.9758809697785851,90242.0,4.0
1589,1636.0,21.0,0.9768683849458647,92294.0,4.0
1590,1433.0,15.0,1.0,90250.0,4.0
1591,1492.0,41.0,0.982682303595308,90252.0,4.0
1592,1824.0,5.0,0.9788740184226802,90259.0,4.0
1593,1460.0,9.0,0.9597491714556372,92316.0,4.0
1594,1555.0,22.0,0.9745740518828694,92319.0,4.0
1595,1479.0,31.0,0.9931321221856366,92324.0,4.0
1596,1569.0,53.0,0.9832388905166815,92327.0,4.0
1597,1364.0,10.0,1.0,92334.0,4.0
1598,1734.0,38.0,0.9659204372287674,92335.0,4.0
1599,1367.0,11.0,0.9678715906501818,92336.0,4.0
1600,1327.0,35.0,0.9737863700979446,90290.0,4.0
1601,1372.0,42.0,0.9714201450966635,90295.0,4.0
1602,1740.0,19.0,0.9682179575451383,90297.0,4.0
1603,1530.0,41.0,0.9948358223074413,92345.0,4.0
1604,1438.0,46.0,0.9701247592559045,90301.0,4.0
1605,1331.0,44.0,1.0,90302.0,4.0
1606,1379.0,17.0,0.9719408107742716,90303.0,4.0
1607,1471.0,24.0,0.9900224886323424,92352.0,4.0
1608,1357.0,34.0,0.9895922093601117,90310.0,4.0
1609,1440.0,46.0,0.9906953569983111,90312.0,4.0
1610,1354.0,14.0,0.9600320057850881,92360.0,4.0
1611,1482.0,51.0,0.9512885960484536,90314.0,4.0
1612,1483.0,51.0,0.9503471595036123,90315.0,4.0
1613,1381.0,16.0,0.9631363278901754,90316.0,4.0
1614,1362.0,29.0,1.0,90328.0,4.0
1615,1347.0,43.0,0.977624380465523,90332.0,4.0
1616,1520.0,40.0,0.9899190777774987,90334.0,4.0
1617,1442.0,27.0,0.9709446702867102,90335.0,4.0
1618,1463.0,28.0,0.9757851104952466,92388.0,4.0
1619,1772.0,37.0,0.9678880827584089,90348.0,4.0
1620,1500.0,55.0,0.974096718146466,92397.0,4.0
1621,1380.0,44.0,0.975116041292232,92400.0,4.0
1622,1430.0,13.0,0.9743368235433962,92404.0,4.0
1623,1698.0,20.0,0.9631696299581599,90358.0,4.0
1624,1589.0,23.0,0.9623540716529623,92416.0,4.0
1625,1774.0,36.0,0.9829170909867555,90369.0,4.0
1626,1522.0,40.0,0.9748316813045422,90376.0,4.0
1627,1465.0,55.0,0.9706402673909458,90381.0,4.0
1628,1482.0,56.0,0.9573906364763299,92436.0,4.0
1629,1448.0,56.0,0.9721819438351136,90391.0,4.0
1630,1475.0,27.0,0.9722696841956434,92442.0,4.0
1631,1402.0,17.0,0.9880955110326359,92446.0,4.0
1632,1506.0,6.0,0.9540761577068753,92454.0,4.0
1633,1730.0,38.0,0.9720906765247674,92456.0,4.0
1634,1859.0,2.0,0.9715549844553701,92464.0,4.0
1635,1191.0,59.0,0.96600517500208,90417.0,4.0
1636,1487.0,48.0,1.0,92466.0,4.0
1637,1771.0,19.0,0.9632653850421853,92471.0,4.0
1638,1395.0,32.0,0.968183439333234,90424.0,4.0
1639,1400.0,7.0,0.9704944570769224,90425.0,4.0
1640,1844.0,4.0,0.9616692201098175,90432.0,4.0
1641,1846.0,4.0,0.9540522805737693,90434.0,4.0
1642,1838.0,4.0,0.9629550892090692,90436.0,4.0
1643,1398.0,7.0,0.972944800713819,90444.0,4.0
1644,1375.0,42.0,0.9739215129310116,90446.0,4.0
1645,1872.0,1.0,0.9772432201205772,92495.0,4.0
1646,1305.0,14.0,0.9716189624106558,90453.0,4.0
1647,1303.0,14.0,0.9679558285398921,90455.0,4.0
1648,1378.0,42.0,0.9744079218618606,90457.0,4.0
1649,1690.0,54.0,0.9531747275110716,92507.0,4.0
1650,1692.0,54.0,0.977216481841339,92509.0,4.0
1651,1438.0,31.0,0.9780126167830692,90466.0,4.0
1652,1466.0,55.0,0.9518631964199518,90469.0,4.0
1653,1434.0,24.0,0.9740513580726692,90470.0,4.0
1654,1812.0,37.0,1.0,92518.0,4.0
1655,1332.0,35.0,1.0,90476.0,4.0
1656,1289.0,33.0,0.9743286839174377,90479.0,4.0
1657,1444.0,46.0,0.9685098310498501,90482.0,4.0
1658,1493.0,48.0,0.9879650207578753,92533.0,4.0
1659,1365.0,29.0,0.9594294915368976,90487.0,4.0
1660,1435.0,26.0,0.9765809087542179,92542.0,4.0
1661,1524.0,41.0,0.9730050627634602,92548.0,4.0
1662,1523.0,40.0,0.9711508624941326,90502.0,4.0
1663,1367.0,29.0,0.9767892733964717,90503.0,4.0
1664,1524.0,40.0,0.98191479947839,90506.0,4.0
1665,1417.0,16.0,0.9746949228274286,92555.0,4.0
1666,1528.0,40.0,1.0,90510.0,4.0
1667,1387.0,12.0,0.9658247949219082,90512.0,4.0
1668,1702.0,38.0,0.9654396519690288,90519.0,4.0
1669,1620.0,39.0,1.0,92568.0,4.0
1670,1761.0,18.0,0.9791047774316959,90522.0,4.0
1671,1804.0,0.0,0.9521978050717191,92570.0,4.0
1672,1805.0,0.0,1.0,92571.0,4.0
1673,1389.0,12.0,0.9704350423541148,90528.0,4.0
1674,1338.0,44.0,0.9807765253612944,90531.0,4.0
1675,1464.0,45.0,0.9755815477444452,92601.0,4.0
1676,1852.0,4.0,0.9821053889301219,90558.0,4.0
1677,1808.0,57.0,0.9722486906823259,90562.0,4.0
1678,1374.0,11.0,0.9687379500559055,92610.0,4.0
1679,1526.0,22.0,0.9647324094284365,90564.0,4.0
1680,1464.0,28.0,0.9608335745553384,92611.0,4.0
1681,1547.0,52.0,0.9744835052130644,92613.0,4.0
1682,1700.0,38.0,0.964321004596568,90567.0,4.0
1683,1860.0,2.0,0.9766789279051634,92615.0,4.0
1684,1465.0,28.0,0.9522166357590451,92616.0,4.0
1685,1404.0,17.0,0.9716996766435761,92620.0,4.0
1686,1334.0,33.0,0.9741115494749627,92622.0,4.0
1687,1785.0,36.0,0.9939157450052977,90576.0,4.0
1688,1409.0,42.0,0.97027415769864,92624.0,4.0
1689,1624.0,39.0,0.9635720317353562,92626.0,4.0
1690,1786.0,36.0,0.9745854698379653,90579.0,4.0
1691,1813.0,37.0,0.9590290032400707,92627.0,4.0
1692,1465.0,45.0,0.9723796696249631,92631.0,4.0
1693,1835.0,5.0,0.9710884286011771,90584.0,4.0
1694,1409.0,47.0,0.9600283742687374,92632.0,4.0
1695,1396.0,34.0,0.9815444423780637,92633.0,4.0
1696,1444.0,30.0,0.9745572196051857,92635.0,4.0
1697,1424.0,28.0,0.9749930574759702,90588.0,4.0
1698,1479.0,24.0,0.967176180986449,92638.0,4.0
1699,1477.0,6.0,0.9662723656497658,90603.0,4.0
1700,1435.0,49.0,0.9589419172487865,90607.0,4.0
1701,1380.0,42.0,0.9885391302426682,90609.0,4.0
1702,1735.0,38.0,0.9700266205911153,92657.0,4.0
1703,1867.0,2.0,0.9688274164766688,92679.0,4.0
1704,1403.0,7.0,1.0,90632.0,4.0
1705,1816.0,37.0,0.9502181284587302,92686.0,4.0
1706,1449.0,50.0,0.9675628691886581,92688.0,4.0
1707,1447.0,30.0,0.9623378208409015,92700.0,4.0
1708,1783.0,36.0,0.9729237572207109,90655.0,4.0
1709,1777.0,19.0,0.9683417378145464,92707.0,4.0
1710,1861.0,2.0,0.969507952240519,92713.0,4.0
1711,1437.0,49.0,0.9701528347438187,90670.0,4.0
1712,1359.0,34.0,0.9514757450093099,90671.0,4.0
1713,1836.0,1.0,0.984260305096568,90673.0,4.0
1714,1334.0,35.0,0.9602167588203412,90674.0,4.0
1715,1594.0,23.0,0.972758954731749,92727.0,4.0
1716,1828.0,58.0,0.9780465814961622,92728.0,4.0
1717,1360.0,34.0,0.9719205579331988,90681.0,4.0
1718,1465.0,9.0,0.9622847090413148,92733.0,4.0
1719,1408.0,7.0,0.9937330109600964,90687.0,4.0
1720,1293.0,33.0,0.9802481361034888,90689.0,4.0
1721,1434.0,13.0,0.9715351088289386,92740.0,4.0
1722,1809.0,57.0,0.9871245943111174,90695.0,4.0
1723,1295.0,33.0,0.9743750331221791,90696.0,4.0
1724,1448.0,50.0,0.9758774885818055,92744.0,4.0
1725,1297.0,33.0,1.0,90700.0,4.0
1726,1778.0,3.0,0.9820848576357695,92749.0,4.0
1727,1449.0,32.0,0.9865014897800969,92751.0,4.0
1728,1480.0,27.0,1.0,92758.0,4.0
1729,1448.0,46.0,0.9743241155342512,90711.0,4.0
1730,1390.0,16.0,0.9826236888714576,90712.0,4.0
1731,1653.0,54.0,0.9734804704959708,90720.0,4.0
1732,1439.0,15.0,0.9671631068011329,90722.0,4.0
1733,1747.0,19.0,0.9561616372314641,90725.0,4.0
1734,1410.0,7.0,0.9705772610759642,90737.0,4.0
1735,1536.0,41.0,0.980363138512946,92788.0,4.0
1736,1825.0,58.0,0.962416685887389,92792.0,4.0
1737,1469.0,45.0,0.9737687469834345,92798.0,4.0
1738,1314.0,14.0,0.9719188318248265,90757.0,4.0
1739,1769.0,3.0,0.9813484902883233,92810.0,4.0
1740,1447.0,49.0,0.9799604685421517,90763.0,4.0
1741,1402.0,29.0,0.9750096340038696,92813.0,4.0
1742,1851.0,57.0,0.9687870043863096,92816.0,4.0
1743,1445.0,49.0,0.975585250982771,90770.0,4.0
1744,1714.0,20.0,0.9563975132377862,92819.0,4.0
1745,1441.0,49.0,0.9678987692975258,90774.0,4.0
1746,1438.0,13.0,0.9727315769175743,92827.0,4.0
1747,1403.0,32.0,0.9734686564164882,90780.0,4.0
1748,1815.0,57.0,0.9509469150908747,90792.0,4.0
1749,1814.0,57.0,0.9741156811755435,90793.0,4.0
1750,1840.0,1.0,0.9561904347214221,90794.0,4.0
1751,1466.0,28.0,0.9825166515455216,92840.0,4.0
1752,1468.0,8.0,0.9939982571403746,92846.0,4.0
1753,1737.0,3.0,0.9777488683758905,90799.0,4.0
1754,1739.0,3.0,0.9696383357861863,90801.0,4.0
1755,1376.0,47.0,0.9709472595144587,90803.0,4.0
1756,1489.0,46.0,0.9598757012901888,92851.0,4.0
1757,1426.0,50.0,0.9748070561794481,90805.0,4.0
1758,1470.0,55.0,0.9566746270466492,90806.0,4.0
1759,1812.0,57.0,0.9617766944552246,90808.0,4.0
1760,1431.0,9.0,0.9757239690966352,90819.0,4.0
1761,1382.0,42.0,0.9744515686777986,90824.0,4.0
1762,1437.0,15.0,0.9624271584537394,90829.0,4.0
1763,1789.0,36.0,1.0,90834.0,4.0
1764,1706.0,38.0,0.9642534086353318,90842.0,4.0
1765,1445.0,27.0,0.9687398860677712,90855.0,4.0
1766,1374.0,10.0,0.9747003521915192,92903.0,4.0
1767,1445.0,31.0,0.9877865054485196,90860.0,4.0
1768,1369.0,10.0,0.9503932523189114,92911.0,4.0
1769,1443.0,31.0,0.9697497474757202,90864.0,4.0
1770,1816.0,0.0,0.9510533492187384,92917.0,4.0
1771,1717.0,20.0,0.967033333570813,92919.0,4.0
1772,1574.0,23.0,0.9827096092637297,90878.0,4.0
1773,1796.0,18.0,0.9641339047005203,92929.0,4.0
1774,1738.0,3.0,1.0,90885.0,4.0
1775,1602.0,23.0,1.0,92933.0,4.0
1776,1494.0,56.0,0.977246573552594,92934.0,4.0
1777,1454.0,50.0,0.9761918880435214,92937.0,4.0
1778,1399.0,34.0,0.9766945950576057,92939.0,4.0
1779,1838.0,5.0,0.9695528738191289,90895.0,4.0
1780,1783.0,37.0,0.9713080650767074,90896.0,4.0
1781,1603.0,23.0,0.9680515434520889,92946.0,4.0
1782,1435.0,9.0,0.9696759698107403,90899.0,4.0
1783,1474.0,8.0,0.9627914139955001,92949.0,4.0
1784,1302.0,33.0,0.9893585082699945,90902.0,4.0
1785,1473.0,45.0,0.9507093391738037,92951.0,4.0
1786,1435.0,45.0,0.9749737894121026,90904.0,4.0
1787,1551.0,52.0,0.9548798672762241,92952.0,4.0
1788,1315.0,14.0,0.9819127692284115,90906.0,4.0
1789,1474.0,45.0,0.9519175409203935,92953.0,4.0
1790,1480.0,49.0,0.9568035698986519,92954.0,4.0
1791,1540.0,51.0,0.995195666514762,92957.0,4.0
1792,1409.0,25.0,1.0,92958.0,4.0
1793,1336.0,33.0,0.9753776382249768,92962.0,4.0
1794,1481.0,49.0,1.0,92964.0,4.0
1795,1820.0,37.0,0.9565644246815374,92965.0,4.0
1796,1553.0,52.0,0.9818721270965938,92966.0,4.0
1797,1355.0,10.0,0.9911483696017757,90924.0,4.0
1798,1358.0,43.0,1.0,90926.0,4.0
1799,1511.0,52.0,0.9618842022368116,90928.0,4.0
1800,1875.0,1.0,0.9707686348333978,92978.0,4.0
1801,1512.0,52.0,0.9638140284759984,90932.0,4.0
1802,1561.0,40.0,0.9611966051306672,92980.0,4.0
1803,1404.0,26.0,0.9512771953026179,90937.0,4.0
1804,1770.0,18.0,0.9638540949893263,90941.0,4.0
1805,1783.0,19.0,1.0,92991.0,4.0
1806,1440.0,15.0,0.9709107938773888,90947.0,4.0
1807,1453.0,30.0,1.0,92995.0,4.0
1808,1498.0,51.0,0.9668834073326037,90949.0,4.0
1809,1791.0,36.0,0.9546373681543019,90951.0,4.0
1810,1317.0,14.0,0.9645093826669245,90952.0,4.0
1811,1394.0,16.0,0.9915480395794959,90953.0,4.0
1812,1846.0,5.0,0.978630191257399,90963.0,4.0
1813,1802.0,58.0,0.9779425823057556,90967.0,4.0
1814,1872.0,2.0,0.9554561468399299,93022.0,4.0
1815,1408.0,26.0,0.9742968748506493,90988.0,4.0
1816,1594.0,21.0,0.9711542585263911,90990.0,4.0
1817,1595.0,21.0,0.9781080843406124,90991.0,4.0
1818,1596.0,21.0,0.9717117391020831,90992.0,4.0
1819,1865.0,4.0,0.9781686446175789,90995.0,4.0
1820,1476.0,55.0,0.9846823952898979,90997.0,4.0
1821,1832.0,58.0,0.9774097271380892,93045.0,4.0
1822,1485.0,24.0,0.9759247059896933,93047.0,4.0
1823,1473.0,28.0,0.9508867569491326,93048.0,4.0
1824,1396.0,12.0,0.9782702456542162,91005.0,4.0
1825,1548.0,41.0,0.9793377831897421,93053.0,4.0
1826,1504.0,48.0,0.9717929340177943,93066.0,4.0
1827,1751.0,19.0,1.0,91021.0,4.0
1828,1435.0,8.0,0.9693770716887423,91023.0,4.0
1829,1506.0,48.0,0.9675369346356288,93083.0,4.0
1830,1776.0,18.0,1.0,91040.0,4.0
1831,1798.0,18.0,0.9717300709831781,93096.0,4.0
1832,1663.0,54.0,0.9825526087898512,91050.0,4.0
1833,1797.0,18.0,1.0,93100.0,4.0
1834,1375.0,29.0,0.9670192930106949,91055.0,4.0
1835,1462.0,15.0,0.966679588138184,93104.0,4.0
1836,1780.0,18.0,0.965433279757545,91060.0,4.0
1837,1375.0,10.0,0.9591561340572012,93118.0,4.0
1838,1847.0,5.0,0.9888830250295447,91072.0,4.0
1839,1517.0,52.0,0.9803478085353673,91074.0,4.0
1840,1433.0,8.0,0.9832105244781009,91075.0,4.0
1841,1482.0,8.0,0.9902275701111772,93138.0,4.0
1842,1480.0,8.0,0.9586397183099412,93140.0,4.0
1843,1494.0,41.0,0.9691781981941746,91099.0,4.0
1844,1381.0,11.0,1.0,93151.0,4.0
1845,1475.0,8.0,0.959381250775874,93158.0,4.0
1846,1349.0,44.0,0.9669998430118463,91112.0,4.0
1847,1495.0,41.0,0.9721053271155409,91124.0,4.0
1848,1465.0,48.0,0.9700132587708162,91130.0,4.0
1849,1719.0,20.0,0.9506225199353922,93182.0,4.0
1850,1863.0,4.0,1.0,91135.0,4.0
1851,1828.0,0.0,0.9812470823434077,93184.0,4.0
1852,1407.0,26.0,0.9615420083240548,91139.0,4.0
1853,1829.0,0.0,0.964721110144455,93188.0,4.0
1854,1397.0,12.0,0.9748123844586714,91150.0,4.0
1855,1497.0,56.0,0.9682382445341833,93200.0,4.0
1856,1348.0,44.0,0.9631414840926217,91156.0,4.0
1857,1377.0,47.0,0.9900938465658032,91159.0,4.0
1858,1516.0,55.0,0.9715240017772021,93209.0,4.0
1859,1550.0,41.0,0.9705932131844347,93210.0,4.0
1860,1726.0,20.0,0.9802968497544793,93213.0,4.0
1861,1581.0,53.0,0.9740106415204529,93214.0,4.0
1862,1499.0,56.0,0.9676214618310773,93222.0,4.0
1863,1704.0,54.0,0.9753148359880426,93224.0,4.0
1864,1830.0,0.0,0.9829341586207367,93225.0,4.0
1865,1465.0,50.0,1.0,93226.0,4.0
1866,1831.0,0.0,0.986321019852972,93228.0,4.0
1867,1395.0,12.0,0.953365909931759,91182.0,4.0
1868,1383.0,47.0,0.9807183076617594,91183.0,4.0
1869,1401.0,12.0,0.9643617644833097,91186.0,4.0
1870,1619.0,23.0,0.9610077169368435,93238.0,4.0
1871,1616.0,23.0,0.9840881309526477,93241.0,4.0
1872,1614.0,23.0,0.9799008042560275,93242.0,4.0
1873,1347.0,35.0,0.9710053883045928,91199.0,4.0
1874,1859.0,57.0,0.9569485198797741,93254.0,4.0
1875,1520.0,52.0,0.9536034624786914,91208.0,4.0
1876,1312.0,33.0,0.9700095136035575,91211.0,4.0
1877,1646.0,21.0,0.9597397360217339,93259.0,4.0
1878,1462.0,30.0,0.9666989280386604,93264.0,4.0
1879,1389.0,43.0,0.972266445598482,93267.0,4.0
1880,1537.0,40.0,0.9943370057656478,91224.0,4.0
1881,1521.0,52.0,0.9711108697965117,91225.0,4.0
1882,1350.0,35.0,0.9813061047327578,91230.0,4.0
1883,1542.0,53.0,1.0,91231.0,4.0
1884,1385.0,11.0,0.9521441878728317,93278.0,4.0
1885,1387.0,47.0,0.988951640685901,91233.0,4.0
1886,1451.0,31.0,0.9816463123359535,91235.0,4.0
1887,1799.0,18.0,0.9519886369601163,93283.0,4.0
1888,1351.0,11.0,0.9755008954034224,91238.0,4.0
1889,1352.0,11.0,0.9771190761700567,91239.0,4.0
1890,1364.0,43.0,0.9947983668192304,91247.0,4.0
1891,1446.0,9.0,0.9767067611824409,91249.0,4.0
1892,1839.0,58.0,0.9904880714962174,93299.0,4.0
1893,1729.0,20.0,1.0,93311.0,4.0
1894,1866.0,4.0,0.9727666228227361,91264.0,4.0
1895,1728.0,20.0,1.0,93313.0,4.0
1896,1629.0,39.0,0.9530257424322683,93316.0,4.0
1897,1628.0,39.0,0.9622622451731042,93321.0,4.0
1898,1468.0,50.0,1.0,93322.0,4.0
1899,1479.0,45.0,0.9720910292185863,93327.0,4.0
1900,1329.0,14.0,0.9726205070266514,91280.0,4.0
1901,1830.0,2.0,1.0,91285.0,4.0
1902,1516.0,6.0,0.9770005526390403,93345.0,4.0
1903,1517.0,6.0,0.9712070049001568,93346.0,4.0
1904,1456.0,32.0,0.950281902851541,93358.0,4.0
1905,1826.0,2.0,0.9911479023229498,91314.0,4.0
1906,1877.0,1.0,0.9717984195528125,93364.0,4.0
1907,1439.0,8.0,0.98022820806703,91318.0,4.0
1908,1418.0,13.0,0.9679447607921564,91320.0,4.0
1909,1831.0,2.0,0.9821337966274807,91323.0,4.0
1910,1452.0,27.0,0.9686799573511923,91332.0,4.0
1911,1506.0,56.0,0.9716194261116754,93380.0,4.0
1912,1510.0,48.0,1.0,93383.0,4.0
1913,1462.0,56.0,0.9507754044378829,91347.0,4.0
1914,1485.0,6.0,0.9802039848881027,91355.0,4.0
1915,1409.0,32.0,0.9678958240945001,91358.0,4.0
1916,1410.0,32.0,0.9762351395111865,91359.0,4.0
1917,1365.0,14.0,0.9562128011898736,93406.0,4.0
1918,1356.0,10.0,0.9783241083492319,91361.0,4.0
1919,1357.0,10.0,0.9544497367889563,91362.0,4.0
1920,1457.0,30.0,1.0,93420.0,4.0
1921,1447.0,24.0,0.9813299275408148,91376.0,4.0
1922,1426.0,30.0,1.0,91377.0,4.0
1923,1458.0,30.0,0.9555664396595805,93424.0,4.0
1924,1444.0,24.0,0.9506856417952175,91384.0,4.0
1925,1483.0,55.0,0.972801644379374,91385.0,4.0
1926,1540.0,22.0,0.9842267849504183,91388.0,4.0
1927,1496.0,27.0,1.0,93437.0,4.0
1928,1587.0,53.0,0.9714676497698598,93439.0,4.0
1929,1428.0,30.0,0.9703046380780976,91392.0,4.0
1930,1406.0,17.0,0.9760442985146394,93442.0,4.0
1931,1402.0,16.0,0.9778221090505088,91395.0,4.0
1932,1545.0,51.0,0.9776695344255999,93445.0,4.0
1933,1562.0,52.0,0.9731230404587179,93450.0,4.0
1934,1600.0,39.0,0.9637083596337341,91405.0,4.0
1935,1839.0,0.0,0.9688099783647869,93456.0,4.0
1936,1462.0,13.0,0.9620029123622531,93461.0,4.0
1937,1463.0,13.0,0.9544958193263575,93462.0,4.0
1938,1464.0,15.0,0.9756713518573271,93464.0,4.0
1939,1389.0,47.0,0.9616114228557477,91418.0,4.0
1940,1534.0,22.0,0.9777555961123509,91424.0,4.0
1941,1804.0,58.0,0.9537737718987573,91429.0,4.0
1942,1647.0,21.0,0.9938093567568586,93480.0,4.0
1943,1674.0,54.0,0.9710375325906215,91436.0,4.0
1944,1746.0,3.0,0.9581743696777789,91443.0,4.0
1945,1387.0,11.0,1.0,93495.0,4.0
1946,1703.0,20.0,0.9529133053494411,91450.0,4.0
1947,1854.0,5.0,0.9765765992687783,91457.0,4.0
1948,1855.0,5.0,0.9832938331922997,91458.0,4.0
1949,1848.0,5.0,0.9793429858185821,91459.0,4.0
1950,1377.0,29.0,0.9514606408670125,91465.0,4.0
1951,1386.0,10.0,0.9895658144474277,93515.0,4.0
1952,1523.0,6.0,0.9845962684469426,93516.0,4.0
1953,1822.0,37.0,0.9646880540986813,93520.0,4.0
1954,1402.0,12.0,0.9873694226257677,91473.0,4.0
1955,1511.0,56.0,0.9709440179604288,93523.0,4.0
1956,1493.0,31.0,0.9808235314818571,93530.0,4.0
1957,1855.0,1.0,0.9563523030561287,91485.0,4.0
1958,1858.0,1.0,0.9644542942093753,91488.0,4.0
1959,1471.0,48.0,0.9815152699415186,91490.0,4.0
1960,1517.0,48.0,0.9768902084334112,93542.0,4.0
1961,1472.0,48.0,0.9538582163785566,91501.0,4.0
1962,1752.0,19.0,1.0,91504.0,4.0
1963,1477.0,28.0,0.969049270314845,93553.0,4.0
1964,1478.0,28.0,0.972520917960345,93554.0,4.0
1965,1796.0,37.0,0.9757103785174895,91509.0,4.0
1966,1431.0,50.0,0.9748227033287291,91514.0,4.0
1967,1316.0,33.0,0.9738328738579879,91519.0,4.0
1968,1371.0,34.0,0.9583424030917836,91524.0,4.0
1969,1394.0,17.0,0.9819878493950116,91525.0,4.0
1970,1469.0,46.0,0.9622018678910019,91530.0,4.0
1971,1368.0,43.0,0.9857417544998355,91532.0,4.0
1972,1319.0,33.0,0.9749183536537137,91535.0,4.0
1973,1358.0,44.0,0.9657209407440195,91537.0,4.0
1974,1449.0,9.0,0.9678472382983128,91538.0,4.0
1975,1358.0,35.0,0.9562276314126398,91539.0,4.0
1976,1515.0,51.0,0.9899863628515551,91540.0,4.0
1977,1369.0,43.0,1.0,91542.0,4.0
1978,1381.0,29.0,0.9775355447508888,91549.0,4.0
1979,1792.0,3.0,1.0,93597.0,4.0
1980,1517.0,51.0,0.9710215849118297,91551.0,4.0
1981,1863.0,57.0,0.9703920261008628,93600.0,4.0
1982,1449.0,45.0,0.9786909113240334,91560.0,4.0
1983,1375.0,34.0,1.0,91563.0,4.0
1984,1580.0,22.0,1.0,93611.0,4.0
1985,1394.0,44.0,0.9793323718500403,93613.0,4.0
1986,1590.0,53.0,0.97557512974283,93614.0,4.0
1987,1425.0,16.0,0.9696435793687711,93615.0,4.0
1988,1760.0,38.0,0.9671780133045093,93617.0,4.0
1989,1420.0,25.0,0.9642080168713955,93621.0,4.0
1990,1862.0,1.0,0.9691134671831816,91578.0,4.0
1991,1870.0,4.0,0.9702130912340665,92222.0,4.0
1992,1459.0,13.0,0.9588180158689132,93502.0,4.0
1993,1344.0,14.0,0.9754151509728284,92100.0,4.0
1994,1322.0,35.0,0.9505658795002835,90181.0,4.0
1995,1417.0,12.0,1.0,92487.0,4.0
1996,1404.0,32.0,0.9739458328893352,90839.0,4.0
1997,1502.0,51.0,0.9757038444275644,90968.0,4.0
1998,1488.0,55.0,0.9661303236747872,91745.0,4.0
1999,1799.0,58.0,0.9676335456183539,91106.0,4.0
2000,1585.0,53.0,0.9605543836376731,93282.0,4.0
2001,1383.0,34.0,0.9644251518492688,91881.0,4.0
2002,1455.0,45.0,0.9776649846713922,91829.0,4.0
2003,1167.0,59.0,0.9734707739058959,89971.0,4.0
2004,1443.0,46.0,0.9648257306236826,90484.0,4.0
2005,1464.0,9.0,0.9893856590664216,92787.0,4.0
2006,1500.0,41.0,0.9745007172465832,91255.0,4.0
2007,1401.0,42.0,0.9640612826643838,91768.0,4.0
2008,1548.0,52.0,0.9687509583777478,92665.0,4.0
2009,1771.0,3.0,0.9691119256197225,92796.0,4.0
2010,1494.0,31.0,0.9505071901827454,93696.0,4.0
2011,1409.0,26.0,0.9551225450461626,91140.0,4.0
2012,1477.0,56.0,0.9564801740972606,92420.0,4.0
2013,1488.0,30.0,0.9721460618743074,93960.0,4.0
2014,1518.0,40.0,0.9714507440456737,90387.0,4.0
2015,1453.0,27.0,0.9641676645098844,91672.0,4.0
2016,1590.0,23.0,0.9525629310831382,92440.0,4.0
2017,1401.0,29.0,0.9823624189487027,92824.0,4.0
2018,1467.0,50.0,1.0,93337.0,4.0
2019,1445.0,7.0,0.9522041731757405,92703.0,4.0
2020,1557.0,22.0,0.9905540552895434,92320.0,4.0
2021,1621.0,39.0,0.9629485598800056,92451.0,4.0
2022,1382.0,16.0,1.0,90406.0,4.0
2023,1443.0,25.0,0.9690372196360109,93867.0,4.0
2024,1452.0,49.0,0.9615990136307864,91187.0,4.0
2025,1441.0,28.0,0.9745959543532833,91701.0,4.0
2026,1185.0,59.0,0.9692261500842294,90042.0,4.0
2027,1404.0,25.0,0.9630225377076508,92606.0,4.0
2028,1393.0,34.0,0.9760505682873257,92609.0,4.0
2029,1811.0,4.0,0.9970367361447893,90050.0,4.0
2030,1357.0,14.0,0.957290714387491,92612.0,4.0
2031,1184.0,59.0,0.9734090094385583,90053.0,4.0
2032,1593.0,39.0,0.9813823921932867,91077.0,4.0
2033,1473.0,56.0,0.9927069106238919,92103.0,4.0
2034,1866.0,1.0,0.994950959314439,91594.0,4.0
2035,1549.0,41.0,0.9853904197171252,93132.0,4.0
2036,1749.0,38.0,0.9895598044200087,93134.0,4.0
2037,1388.0,44.0,0.9708895768967271,93137.0,4.0
2038,1397.0,29.0,0.9688606489082213,92628.0,4.0
2039,1800.0,58.0,0.9882070752165233,91097.0,4.0
2040,1480.0,28.0,0.9715809861372424,93658.0,4.0
2041,1836.0,5.0,0.9920175160231441,90586.0,4.0
2042,1408.0,12.0,0.9718995649053892,91613.0,4.0
2043,1425.0,25.0,0.9782525499156197,93663.0,4.0
2044,1426.0,32.0,0.9695546720464807,92131.0,4.0
2045,1539.0,41.0,0.9854264371344506,92645.0,4.0
2046,1818.0,2.0,0.9585661127802025,90599.0,4.0
2047,1795.0,3.0,0.981254950594114,93672.0,4.0
2048,1808.0,36.0,0.9641961464668403,91630.0,4.0
2049,1582.0,22.0,0.9777886142552398,93681.0,4.0
2050,1186.0,59.0,0.9855089341880982,90103.0,4.0
2051,1477.0,45.0,0.9595140712734529,93177.0,4.0
2052,1790.0,0.0,0.9913830666785196,91642.0,4.0
2053,1773.0,18.0,0.9811405526288214,91131.0,4.0
2054,1410.0,47.0,0.9540734571371376,92666.0,4.0
2055,1490.0,8.0,0.9678416749455191,93693.0,4.0
2056,1775.0,18.0,0.9940019429650278,91133.0,4.0
2057,1475.0,45.0,0.9946619336636149,93179.0,4.0
2058,1558.0,40.0,0.9923050409948982,92681.0,4.0
2059,1415.0,7.0,1.0,91148.0,4.0
2060,1822.0,2.0,0.9962636142839295,91158.0,4.0
2061,1446.0,13.0,0.9799814051084396,93207.0,4.0
2062,1454.0,56.0,0.9931785801627462,91163.0,4.0
2063,1357.0,11.0,0.9785617763284792,91679.0,4.0
2064,1330.0,33.0,0.9769842847492031,92196.0,4.0
2065,1803.0,19.0,0.9705459602313851,93733.0,4.0
2066,1485.0,31.0,0.9958372690915308,93223.0,4.0
2067,1850.0,1.0,0.9893710489091915,91176.0,4.0
2068,1469.0,13.0,0.9591080872074202,93740.0,4.0
2069,1831.0,57.0,0.990547355364222,92208.0,4.0
2070,1479.0,50.0,0.9775804922837362,93748.0,4.0
2071,1424.0,30.0,0.9741543044419727,90677.0,4.0
2072,1460.0,32.0,0.9925833487112558,93750.0,4.0
2073,1617.0,23.0,0.9749633955265724,93236.0,4.0
2074,1480.0,50.0,0.9581290397827675,93752.0,4.0
2075,1620.0,23.0,0.9692628129104162,93237.0,4.0
2076,1609.0,39.0,0.9827206892014622,91707.0,4.0
2077,1466.0,30.0,0.9634448981055636,93249.0,4.0
2078,1311.0,14.0,0.9661165289385683,90690.0,4.0
2079,1446.0,46.0,0.993509963019951,90691.0,4.0
2080,1321.0,35.0,0.9846833711664965,90180.0,4.0
2081,1367.0,34.0,0.9752558547827677,91203.0,4.0
2082,1449.0,24.0,0.9694843595674487,91716.0,4.0
2083,1509.0,41.0,0.9643979493357527,91723.0,4.0
2084,1779.0,3.0,0.9758448793183374,92748.0,4.0
2085,1545.0,22.0,0.9919802975953714,92238.0,4.0
2086,1436.0,25.0,0.9629216398185337,93776.0,4.0
2087,1428.0,26.0,0.9694609746849138,92243.0,4.0
2088,1312.0,14.0,0.9515172428772264,90709.0,4.0
2089,1349.0,35.0,0.973280202128057,91221.0,4.0
2090,1448.0,8.0,0.9721896213017681,91734.0,4.0
2091,1828.0,37.0,0.9904520911785164,93784.0,4.0
2092,1825.0,4.0,0.9944553691197993,90201.0,4.0
2093,1386.0,47.0,0.9547594040828884,91226.0,4.0
2094,1533.0,51.0,0.969271638560649,92248.0,4.0
2095,1540.0,52.0,0.9848882652909737,92249.0,4.0
2096,1638.0,21.0,0.99231726113442,92763.0,4.0
2097,1498.0,31.0,0.9568928207495493,93792.0,4.0
2098,1470.0,24.0,0.9870556610558582,92260.0,4.0
2099,1475.0,28.0,0.9650527352461183,93286.0,4.0
2100,1811.0,58.0,0.971065668476207,91753.0,4.0
2101,1477.0,49.0,0.9911623607853787,92267.0,4.0
2102,1375.0,44.0,0.9595535326484664,92269.0,4.0
2103,1438.0,7.0,0.9835071018223492,92272.0,4.0
2104,1681.0,54.0,0.982411536818522,91763.0,4.0
2105,1369.0,35.0,0.9662430772569764,92277.0,4.0
2106,1499.0,41.0,0.9932252362422596,91254.0,4.0
2107,1455.0,28.0,0.9853852647589797,92278.0,4.0
2108,1564.0,22.0,0.9804618332948473,92789.0,4.0
2109,1744.0,20.0,0.9903842141963716,93818.0,4.0
2110,1432.0,32.0,0.9706589470083572,92282.0,4.0
2111,1436.0,30.0,0.987078130845017,92284.0,4.0
2112,1531.0,6.0,0.9737173918566062,93824.0,4.0
2113,1839.0,2.0,0.9501721543589392,91776.0,4.0
2114,1573.0,53.0,0.9843750493383792,92803.0,4.0
2115,1635.0,21.0,0.9736496502522569,92293.0,4.0
2116,1575.0,53.0,0.9705709221282137,92811.0,4.0
2117,1591.0,21.0,0.9686052034423309,90766.0,4.0
2118,1838.0,58.0,0.9936583089164602,93330.0,4.0
2119,1507.0,27.0,0.9601215181395624,93851.0,4.0
2120,1774.0,3.0,0.9771433720395792,92831.0,4.0
2121,1495.0,27.0,0.9773454271391173,93343.0,4.0
2122,1367.0,43.0,0.9754398550317419,91304.0,4.0
2123,1695.0,54.0,0.9671555196032279,92841.0,4.0
2124,1527.0,52.0,0.9764635695953189,91820.0,4.0
2125,1830.0,4.0,0.9945376756872858,90285.0,4.0
2126,1839.0,1.0,0.9879040996919405,90797.0,4.0
2127,1793.0,0.0,0.9893075281324908,91823.0,4.0
2128,1281.0,33.0,0.9892556709600011,90294.0,4.0
2129,1360.0,44.0,0.9599602717695388,91833.0,4.0
2130,1373.0,42.0,0.9726997457096657,90299.0,4.0
2131,1362.0,35.0,0.972666710107115,91835.0,4.0
2132,1353.0,14.0,0.9838937237577747,92349.0,4.0
2133,1485.0,56.0,0.9585564142827809,92359.0,4.0
2134,1555.0,40.0,0.9912735915964145,92873.0,4.0
2135,1473.0,46.0,0.9920065737096881,91852.0,4.0
2136,1763.0,3.0,0.9758222115115016,92364.0,4.0
2137,1753.0,20.0,0.99080487049094,93902.0,4.0
2138,1810.0,0.0,0.9901086782051006,92882.0,4.0
2139,1436.0,32.0,0.9820867180112235,92371.0,4.0
2140,1803.0,57.0,0.987668340595929,90324.0,4.0
2141,1578.0,40.0,0.9689642085350448,93909.0,4.0
2142,1787.0,36.0,0.9763037985924545,90836.0,4.0
2143,1450.0,25.0,0.9776505806457363,93911.0,4.0
2144,1530.0,52.0,0.9913514893292001,91864.0,4.0
2145,1643.0,54.0,0.9814433434668767,90331.0,4.0
2146,1520.0,51.0,0.9754663763226874,91867.0,4.0
2147,1423.0,29.0,0.9756981903962044,93920.0,4.0
2148,1458.0,24.0,0.9634585008300594,91873.0,4.0
2149,1462.0,8.0,0.9927198275404732,92384.0,4.0
2150,1387.0,29.0,0.9973777262111578,91875.0,4.0
2151,1870.0,5.0,0.9899052470747203,92901.0,4.0
2152,1425.0,7.0,0.9926681251097511,91879.0,4.0
2153,1499.0,55.0,0.9924795039254556,92391.0,4.0
2154,1780.0,0.0,0.98891657261392,90857.0,4.0
2155,1784.0,18.0,0.9740503054307564,91370.0,4.0
2156,1846.0,57.0,0.9866587782719843,92905.0,4.0
2157,1693.0,54.0,0.9873153807409217,92396.0,4.0
2158,1422.0,26.0,0.9761478401768379,91886.0,4.0
2159,1485.0,46.0,0.9733846822571642,92399.0,4.0
2160,1488.0,50.0,0.9771904258396229,93936.0,4.0
2161,1525.0,51.0,0.9746718678768734,91894.0,4.0
2162,1536.0,6.0,0.9719360967441787,93943.0,4.0
2163,1392.0,44.0,0.9779822442328476,93432.0,4.0
2164,1796.0,58.0,0.9763055165160625,90873.0,4.0
2165,1483.0,45.0,0.9853178699305408,93433.0,4.0
2166,1468.0,30.0,0.9914139326235711,93436.0,4.0
2167,1560.0,52.0,0.9676868339457505,93438.0,4.0
2168,1414.0,34.0,0.9717878057571476,93443.0,4.0
2169,1426.0,12.0,0.9618486228746866,92935.0,4.0
2170,1625.0,21.0,0.9973674220703258,92424.0,4.0
2171,1498.0,27.0,0.9533564118588638,93448.0,4.0
2172,1481.0,55.0,0.970792522546795,91406.0,4.0
2173,1758.0,20.0,0.9766372705860752,93970.0,4.0
2174,1451.0,7.0,0.9843037854286104,92947.0,4.0
2175,1711.0,38.0,0.9916816922711954,91412.0,4.0
2176,1538.0,6.0,0.9706273618732778,93977.0,4.0
2177,1499.0,31.0,0.9794814247390926,93978.0,4.0
2178,1493.0,50.0,0.984661812973231,93980.0,4.0
2179,1392.0,29.0,0.9792277860860101,91932.0,4.0
2180,1566.0,53.0,0.9685017923864394,92447.0,4.0
2181,1495.0,51.0,0.9772595462192839,90915.0,4.0
2182,1732.0,38.0,0.9950919150080338,92458.0,4.0
2183,1428.0,28.0,0.9548813173288254,90927.0,4.0
2184,1454.0,13.0,1.0,93487.0,4.0
2185,1644.0,23.0,0.9930754371884374,94001.0,4.0
2186,1439.0,7.0,0.964486861961235,92467.0,4.0
2187,1576.0,22.0,0.9650509271388211,92986.0,4.0
2188,1766.0,20.0,0.9658501743841221,94012.0,4.0
2189,1848.0,4.0,0.995731289952497,90429.0,4.0
2190,1786.0,19.0,0.9665092849923362,92988.0,4.0
2191,1544.0,6.0,0.9742076041723335,94015.0,4.0
2192,1785.0,19.0,0.9643258859590083,92989.0,4.0
2193,1803.0,36.0,0.9775195925354487,91461.0,4.0
2194,1359.0,43.0,0.9683496179464224,90950.0,4.0
2195,1758.0,38.0,0.9675384295494819,93513.0,4.0
2196,1534.0,53.0,0.9647815819462865,90956.0,4.0
2197,1450.0,49.0,0.9638992514578463,90957.0,4.0
2198,1824.0,37.0,0.9854153784466215,93522.0,4.0
2199,1866.0,5.0,0.9895000064224371,92512.0,4.0
2200,1512.0,55.0,0.9573635537522038,93027.0,4.0
2201,1511.0,55.0,0.9653266692143709,93028.0,4.0
2202,1457.0,26.0,0.9699429885884705,93543.0,4.0
2203,1818.0,57.0,0.9934328893366897,90984.0,4.0
2204,1551.0,40.0,0.993021328347474,92522.0,4.0
2205,1806.0,37.0,0.9861631615519785,92012.0,4.0
2206,1163.0,59.0,0.9791623131057391,89969.0,4.0
2207,1454.0,8.0,0.9764132439771672,92021.0,4.0
2208,1801.0,4.0,0.9659405866597046,89976.0,4.0
2209,1844.0,1.0,0.9910398292012299,91001.0,4.0
2210,1792.0,18.0,0.9718975311015347,92026.0,4.0
2211,1499.0,27.0,0.9722434887224065,93560.0,4.0
2212,1799.0,36.0,0.9699463421587714,91006.0,4.0
2213,1468.0,46.0,0.9657037366160507,91518.0,4.0
2214,1473.0,24.0,0.9926202852731834,92551.0,4.0
2215,1474.0,49.0,0.9722884901135331,92041.0,4.0
2216,1801.0,19.0,0.9767605663406034,93584.0,4.0
2217,1366.0,10.0,0.9863192839411267,92561.0,4.0
2218,1391.0,47.0,0.9611245545440271,91541.0,4.0
2219,1405.0,12.0,0.9670128523887854,91545.0,4.0
2220,1453.0,56.0,0.9780923846487082,91035.0,4.0
2221,1852.0,2.0,0.9915891268105328,92060.0,4.0
2222,1441.0,9.0,0.9716901810503366,91037.0,4.0
2223,1623.0,23.0,0.9934734271641987,93601.0,4.0
2224,1862.0,5.0,0.9928380418438997,92071.0,4.0
2225,1622.0,39.0,0.9846816217271507,92583.0,4.0
2226,1625.0,23.0,0.9941319049872074,93607.0,4.0
2227,1415.0,34.0,0.9622245152145321,93608.0,4.0
2228,1416.0,34.0,0.9841720695676062,93609.0,4.0
2229,1406.0,12.0,0.9726249880987149,91564.0,4.0
2230,1623.0,39.0,0.9852513630004,92588.0,4.0
2231,1780.0,37.0,0.9603204529396069,90542.0,4.0
2232,1466.0,13.0,0.9693003272912516,93612.0,4.0
2233,1179.0,59.0,0.9840702344900705,90034.0,4.0
2234,1463.0,45.0,0.983352577384778,92598.0,4.0
2235,1761.0,37.0,0.9807863793122542,90040.0,4.0
2236,1818.0,58.0,0.9897560601983943,92092.0,4.0
2237,1459.0,46.0,0.9692895248259752,91071.0,4.0
2238,1813.0,4.0,0.9806677513945371,90048.0,4.0
2239,1812.0,4.0,0.9611660610326862,90049.0,4.0
2240,1345.0,14.0,0.9810363904773098,92099.0,4.0
2241,1440.0,13.0,0.9609117153464917,93123.0,4.0
2242,1486.0,55.0,0.9770921379610982,91591.0,4.0
2243,1535.0,40.0,0.985791290471843,91085.0,4.0
2244,1750.0,38.0,0.9639525759037889,93133.0,4.0
2245,1827.0,57.0,0.9847047679722399,91600.0,4.0
2246,1782.0,36.0,0.9865187783948411,90577.0,4.0
2247,1824.0,2.0,0.9587246707239572,91095.0,4.0
2248,1579.0,39.0,0.965744947976314,90585.0,4.0
2249,1583.0,22.0,0.9784973867435749,93661.0,4.0
2250,1572.0,23.0,0.9693072001904133,90591.0,4.0
2251,1425.0,32.0,0.9715383711466963,92132.0,4.0
2252,1418.0,26.0,0.97980229643012,91621.0,4.0
2253,1758.0,3.0,0.9706798115924136,92133.0,4.0
2254,1579.0,53.0,0.9828997026610266,93161.0,4.0
2255,1549.0,52.0,0.9672578021221268,92654.0,4.0
2256,1815.0,4.0,0.9854646338016932,90095.0,4.0
2257,1738.0,20.0,0.9666025640739997,93687.0,4.0
2258,1739.0,18.0,0.9606796097823361,90104.0,4.0
2259,1476.0,45.0,0.9843687636293448,93178.0,4.0
2260,1830.0,1.0,0.9543297141046849,90622.0,4.0
2261,1387.0,44.0,0.9951164746738045,92670.0,4.0
2262,1809.0,58.0,0.9731004722325692,91652.0,4.0
2263,1485.0,55.0,0.976489329733019,91658.0,4.0
2264,1477.0,46.0,0.9794014922363832,92171.0,4.0
2265,1456.0,27.0,0.9770610260722763,91661.0,4.0
2266,1405.0,34.0,0.9675779502742977,93197.0,4.0
2267,1682.0,54.0,0.9932658801093406,91663.0,4.0
2268,1398.0,12.0,0.9706967338817244,91151.0,4.0
2269,1429.0,46.0,0.968730902626225,90129.0,4.0
2270,1450.0,7.0,0.9825958626096883,92689.0,4.0
2271,1431.0,25.0,0.9909659674746885,93715.0,4.0
2272,1799.0,3.0,0.9895489171928783,93718.0,4.0
2273,1802.0,36.0,0.9650683957727555,91162.0,4.0
2274,1552.0,22.0,0.965337723105069,92192.0,4.0
2275,1759.0,3.0,0.9851381367549804,92197.0,4.0
2276,1607.0,39.0,0.9863750722395151,91686.0,4.0
2277,1486.0,45.0,0.9740597955495729,93735.0,4.0
2278,1380.0,12.0,0.97870457413609,90151.0,4.0
2279,1742.0,18.0,0.9566462177339238,90152.0,4.0
2280,1798.0,57.0,0.9701335629297018,90154.0,4.0
2281,1826.0,1.0,0.9942246092959797,90662.0,4.0
2282,1864.0,2.0,0.9603717566215831,92710.0,4.0
2283,1862.0,2.0,0.9859749465726072,92712.0,4.0
2284,1366.0,35.0,0.9692725516192355,92206.0,4.0
2285,1781.0,0.0,0.9588373817035913,91174.0,4.0
2286,1413.0,34.0,0.966253128204929,93233.0,4.0
2287,1600.0,23.0,0.9571531334182776,92723.0,4.0
2288,1583.0,23.0,0.9720825201198295,92221.0,4.0
2289,1611.0,23.0,0.9631399876507657,93246.0,4.0
2290,1467.0,30.0,0.9942055707593302,93247.0,4.0
2291,1507.0,55.0,0.9813827705691902,92738.0,4.0
2292,1472.0,13.0,0.9828098117528377,93764.0,4.0
2293,1544.0,22.0,0.9699380860547361,91717.0,4.0
2294,1764.0,38.0,0.9620388247037585,93768.0,4.0
2295,1507.0,41.0,1.0,91721.0,4.0
2296,1426.0,26.0,0.978638117961339,92236.0,4.0
2297,1417.0,42.0,0.9917471914139597,93262.0,4.0
2298,1502.0,41.0,0.9840924600080497,91729.0,4.0
2299,1432.0,46.0,0.9555602865216425,90194.0,4.0
2300,1623.0,21.0,0.9683902598240817,92244.0,4.0
2301,1454.0,49.0,0.9720723639609036,91222.0,4.0
2302,1383.0,29.0,0.9893763869985912,91741.0,4.0
2303,1827.0,58.0,0.9783651389015806,92765.0,4.0
2304,1652.0,54.0,0.9985375669523893,90719.0,4.0
2305,1459.0,31.0,0.9667148580669194,91744.0,4.0
2306,1583.0,53.0,0.9669881049672613,93277.0,4.0
2307,1483.0,50.0,0.9524833302766619,93794.0,4.0
2308,1397.0,47.0,0.9700489605571181,91749.0,4.0
2309,1799.0,57.0,0.9778121771081354,90213.0,4.0
2310,1434.0,45.0,0.9674474951792614,90729.0,4.0
2311,1593.0,23.0,0.9827094247810096,92778.0,4.0
2312,1351.0,35.0,1.0,91244.0,4.0
2313,1805.0,19.0,0.9661606871348019,93805.0,4.0
2314,1188.0,59.0,0.9645663382605045,90221.0,4.0
2315,1829.0,58.0,0.9623266308814711,92782.0,4.0
2316,1627.0,39.0,0.975383250996475,92783.0,4.0
2317,1371.0,29.0,0.9855167843056819,90738.0,4.0
2318,1339.0,33.0,0.9919464236353789,93300.0,4.0
2319,1748.0,20.0,0.9725636792320616,93814.0,4.0
2320,1492.0,51.0,0.9848184114112167,90742.0,4.0
2321,1572.0,53.0,0.9695653826469831,92794.0,4.0
2322,1747.0,3.0,0.993454002584957,91771.0,4.0
2323,1810.0,58.0,0.9666517591127258,91773.0,4.0
2324,1837.0,1.0,0.9886210229157985,90750.0,4.0
2325,1567.0,39.0,0.9933361235804464,90239.0,4.0
2326,1545.0,53.0,0.9887569892996259,91262.0,4.0
2327,1465.0,56.0,0.9921293205237073,91780.0,4.0
2328,1801.0,57.0,0.9895143388282629,90244.0,4.0
2329,1467.0,56.0,0.9658628715719939,91782.0,4.0
2330,1313.0,14.0,0.9684184260425146,90756.0,4.0
2331,1461.0,32.0,0.9687944715617149,93835.0,4.0
2332,1825.0,5.0,0.954275889223323,90253.0,4.0
2333,1576.0,40.0,0.9870597002249356,93839.0,4.0
2334,1443.0,50.0,0.9670382606543503,92309.0,4.0
2335,1629.0,21.0,0.986091712921042,92312.0,4.0
2336,1399.0,29.0,0.9903142689750475,92826.0,4.0
2337,1442.0,45.0,0.9593756728118662,91290.0,4.0
2338,1369.0,44.0,0.9560239394329189,91805.0,4.0
2339,1776.0,3.0,0.9819427396516133,92829.0,4.0
2340,1351.0,44.0,0.991444040737141,91299.0,4.0
2341,1518.0,6.0,0.9922606537867806,93348.0,4.0
2342,1413.0,32.0,0.9551087722381789,91813.0,4.0
2343,1453.0,32.0,0.9740621229687079,93360.0,4.0
2344,1372.0,35.0,0.9894691201126461,92340.0,4.0
2345,1438.0,8.0,0.9777612900704307,91317.0,4.0
2346,1496.0,24.0,0.9822861417942028,93878.0,4.0
2347,1542.0,52.0,0.9834040323318406,92343.0,4.0
2348,1490.0,56.0,0.9815731206415778,92854.0,4.0
2349,1469.0,55.0,0.9669286193251962,90807.0,4.0
2350,1531.0,41.0,0.9924334736579006,92346.0,4.0
2351,1335.0,33.0,0.9604135318373107,92871.0,4.0
2352,1665.0,54.0,0.9664479484216676,91336.0,4.0
2353,1804.0,57.0,0.9911893025579158,90319.0,4.0
2354,1752.0,20.0,0.9742169115055596,93904.0,4.0
2355,1817.0,1.0,0.9865393286898346,90321.0,4.0
2356,1645.0,54.0,0.9886555822124973,90326.0,4.0
2357,1443.0,32.0,0.9711262715631148,92375.0,4.0
2358,1444.0,26.0,0.975025378284718,92887.0,4.0
2359,1481.0,28.0,1.0,93913.0,4.0
2360,1458.0,56.0,0.9706422251529746,91351.0,4.0
2361,1451.0,46.0,0.9613438121829518,90843.0,4.0
2362,1370.0,34.0,0.971324559103303,91353.0,4.0
2363,1450.0,46.0,0.9728601258524868,90845.0,4.0
2364,1751.0,38.0,0.9729639915680893,93401.0,4.0
2365,1782.0,18.0,0.9684581589681527,91357.0,4.0
2366,1543.0,51.0,0.9586469120599823,93410.0,4.0
2367,1766.0,18.0,0.9659479903404469,90851.0,4.0
2368,1542.0,51.0,0.9740165280270141,93411.0,4.0
2369,1474.0,27.0,0.9751604477468289,92389.0,4.0
2370,1449.0,13.0,0.9652740383918553,93414.0,4.0
2371,1532.0,52.0,0.9732082374844824,91880.0,4.0
2372,1780.0,36.0,0.9895733182518639,90344.0,4.0
2373,1489.0,31.0,0.9676826784999869,93416.0,4.0
2374,1771.0,37.0,0.9552551097637815,90347.0,4.0
2375,1490.0,50.0,0.9669853457942482,93932.0,4.0
2376,1490.0,31.0,0.9752937249292238,93417.0,4.0
2377,1657.0,54.0,0.9826499434339397,90868.0,4.0
2378,1572.0,52.0,0.9869022516695268,93941.0,4.0
2379,1442.0,24.0,0.9683104149242976,91382.0,4.0
2380,1464.0,32.0,0.9886655729338764,93946.0,4.0
2381,1769.0,37.0,0.9697801679007778,90362.0,4.0
2382,1593.0,53.0,0.9653279625586192,93948.0,4.0
2383,1485.0,49.0,0.9709263874198096,93434.0,4.0
2384,1823.0,58.0,0.9606198232650363,92414.0,4.0
2385,1467.0,45.0,0.9685528224777893,92926.0,4.0
2386,1777.0,36.0,0.9667220660382502,90368.0,4.0
2387,1528.0,22.0,0.9612311184423128,90879.0,4.0
2388,1830.0,5.0,0.9732808111059735,90372.0,4.0
2389,1478.0,56.0,0.9643318354666444,92421.0,4.0
2390,1828.0,5.0,0.9672811737494009,90374.0,4.0
2391,1468.0,55.0,0.9892095942902713,90888.0,4.0
2392,1626.0,21.0,0.9777634535479661,92425.0,4.0
2393,1341.0,14.0,0.9611784208033406,91914.0,4.0
2394,1816.0,2.0,0.9944867908816365,90378.0,4.0
2395,1779.0,0.0,0.9954019446376309,90890.0,4.0
2396,1840.0,5.0,0.9665469619662427,90893.0,4.0
2397,1482.0,55.0,0.9668833397212658,91407.0,4.0
2398,1481.0,56.0,0.966919107256613,92435.0,4.0
2399,1492.0,50.0,0.9673530668530372,93972.0,4.0
2400,1799.0,0.0,0.9517244534066793,91927.0,4.0
2401,1485.0,51.0,0.9805705873707306,90397.0,4.0
2402,1741.0,19.0,0.9856444950063739,90401.0,4.0
2403,1802.0,57.0,0.9786690710452358,90402.0,4.0
2404,1520.0,22.0,0.9949380803870631,90403.0,4.0
2405,1805.0,58.0,0.960727114926908,91430.0,4.0
2406,1576.0,23.0,0.9685113488154353,91432.0,4.0
2407,1541.0,6.0,0.9793289549260533,93993.0,4.0
2408,1329.0,33.0,0.964812139542115,91946.0,4.0
2409,1540.0,6.0,0.9922984033739011,93994.0,4.0
2410,1873.0,2.0,1.0,92971.0,4.0
2411,1423.0,42.0,0.9921213362816912,93481.0,4.0
2412,1857.0,2.0,0.9894915299216197,92462.0,4.0
2413,1789.0,19.0,0.991528610597031,92974.0,4.0
2414,1457.0,13.0,0.9665757905971115,93484.0,4.0
2415,1538.0,40.0,0.9914428111172835,91449.0,4.0
2416,1631.0,21.0,0.971421204062913,92476.0,4.0
2417,1494.0,50.0,0.9870272820732193,94013.0,4.0
2418,1394.0,29.0,0.9699726152434612,92477.0,4.0
2419,1556.0,41.0,0.9852741998702497,93506.0,4.0
2420,1460.0,25.0,0.9916856270194897,94020.0,4.0
2421,1452.0,30.0,0.9949666818765983,92996.0,4.0
2422,1736.0,20.0,0.9702024192202231,93509.0,4.0
2423,1841.0,4.0,0.9743582552939508,90439.0,4.0
2424,1702.0,20.0,0.9649600044741169,91464.0,4.0
2425,1443.0,7.0,0.9759082561832669,92492.0,4.0
2426,1147.0,59.0,0.9501986111645861,89933.0,4.0
2427,1431.0,12.0,1.0,93004.0,4.0
2428,1499.0,51.0,0.9513040800873099,90959.0,4.0
2429,1801.0,0.0,0.966463679140492,91987.0,4.0
2430,1522.0,52.0,0.958951527892858,91476.0,4.0
2431,1520.0,41.0,0.97475547607089,91989.0,4.0
2432,1304.0,14.0,0.9634837923106644,90454.0,4.0
2433,1411.0,26.0,1.0,91478.0,4.0
2434,1537.0,53.0,0.9654050138054985,90970.0,4.0
2435,1296.0,14.0,0.9530587557187823,89947.0,4.0
2436,1800.0,4.0,0.9623408036968762,89948.0,4.0
2437,1465.0,24.0,0.9923952218943777,91997.0,4.0
2438,1347.0,44.0,0.959723752371893,90972.0,4.0
2439,1854.0,1.0,0.9813484807608319,91484.0,4.0
2440,1563.0,52.0,0.9681719962700114,93534.0,4.0
2441,1797.0,0.0,0.9653058228619671,92004.0,4.0
2442,1763.0,19.0,0.9809837800875021,92006.0,4.0
2443,1438.0,27.0,0.9650972114420672,89959.0,4.0
2444,1160.0,59.0,0.9731508015420455,89960.0,4.0
2445,1818.0,5.0,0.9651625829485567,89963.0,4.0
2446,1522.0,6.0,0.9660031908446415,93547.0,4.0
2447,1765.0,19.0,0.9925730134065008,92015.0,4.0
2448,1164.0,59.0,0.9659310678014367,89968.0,4.0
2449,1805.0,57.0,0.9594940209913736,90481.0,4.0
2450,1767.0,3.0,0.9833981642778157,92531.0,4.0
2451,1754.0,36.0,0.9722341470674685,89972.0,4.0
2452,1571.0,22.0,0.9677380232603123,93046.0,4.0
2453,1452.0,8.0,0.9793565751113068,92023.0,4.0
2454,1450.0,8.0,0.9647286731796159,92025.0,4.0
2455,1804.0,4.0,0.9745156706608525,89978.0,4.0
2456,1755.0,36.0,0.9697652803073605,89979.0,4.0
2457,1791.0,18.0,0.996225867559869,92027.0,4.0
2458,1642.0,21.0,0.9666584305248862,93052.0,4.0
2459,1630.0,39.0,0.9856230863435907,93562.0,4.0
2460,1687.0,54.0,0.9707283971805046,92031.0,4.0
2461,1451.0,28.0,0.9743378726537154,92032.0,4.0
2462,1754.0,18.0,0.9655290354061357,90496.0,4.0
2463,1846.0,1.0,0.98880323537038,91008.0,4.0
2464,1562.0,39.0,0.963268805440965,89987.0,4.0
2465,1467.0,27.0,0.9738759395346941,92035.0,4.0
2466,1849.0,1.0,0.9659441156523478,91011.0,4.0
2467,1408.0,47.0,0.964208928567248,92550.0,4.0
2468,1439.0,12.0,0.9514868350281084,93566.0,4.0
2469,1530.0,40.0,0.9775517659133959,90504.0,4.0
2470,1474.0,24.0,0.9863876057752209,92552.0,4.0
2471,1475.0,24.0,0.9634435806116516,92553.0,4.0
2472,1496.0,55.0,0.981649773249427,92043.0,4.0
2473,1178.0,59.0,0.9726944191773249,89996.0,4.0
2474,1466.0,49.0,0.9818835350908773,91528.0,4.0
2475,1422.0,47.0,0.9697309941275729,93070.0,4.0
2476,1572.0,40.0,0.9925383139011464,93580.0,4.0
2477,1844.0,5.0,0.9948867190132317,91024.0,4.0
2478,1428.0,8.0,0.9687284694120625,90001.0,4.0
2479,1798.0,19.0,0.973942612437857,93587.0,4.0
2480,1354.0,34.0,0.9869450424996119,90005.0,4.0
2481,1703.0,38.0,0.9898338549138037,90518.0,4.0
2482,1475.0,51.0,0.9746569292118155,90007.0,4.0
2483,1176.0,59.0,0.9943824224207278,90008.0,4.0
2484,1512.0,41.0,0.9767143866994715,92056.0,4.0
2485,1572.0,22.0,0.9786952597943162,93078.0,4.0
2486,1452.0,56.0,0.9918778731573574,91034.0,4.0
2487,1622.0,23.0,0.9857916026961371,93604.0,4.0
2488,1436.0,28.0,0.9713028186600061,91046.0,4.0
2489,1497.0,55.0,0.9645762288408023,92073.0,4.0
2490,1662.0,54.0,0.9971025946684214,91049.0,4.0
2491,1726.0,38.0,0.9963111309084668,92077.0,4.0
2492,1578.0,21.0,0.9928127822755107,90030.0,4.0
2493,1490.0,48.0,0.961686954715481,92589.0,4.0
2494,1803.0,0.0,0.9580751756718461,92594.0,4.0
2495,1861.0,5.0,0.9909954522433392,92083.0,4.0
2496,1437.0,7.0,0.9741777494565996,92084.0,4.0
2497,1762.0,37.0,0.9980818423632496,90037.0,4.0
2498,1540.0,40.0,0.9775928757318568,91574.0,4.0
2499,1763.0,37.0,0.97920784702558,90039.0,4.0
