,ms2_id,Sample_id,explained_Int(%),SummMS2Table_id,Slice_id
0,1690.0,58.0,0.9877199249278339,85432.0,4.0
1,1282.0,11.0,0.9920180883375436,85433.0,4.0
2,1589.0,20.0,0.9935432183422739,85434.0,4.0
3,1066.0,59.0,0.9953140752193752,81338.0,4.0
4,1405.0,41.0,0.9785584840790756,85436.0,4.0
5,1354.0,24.0,0.9937990168266705,85437.0,4.0
6,1567.0,18.0,0.9964208233918469,81339.0,4.0
7,1299.0,42.0,0.9721540823460819,85439.0,4.0
8,1283.0,10.0,0.9750918656809437,85440.0,4.0
9,1282.0,29.0,0.9980007274262842,85441.0,4.0
10,1549.0,54.0,0.9698466360197948,85442.0,4.0
11,1642.0,4.0,0.9957387845488943,81340.0,4.0
12,1279.0,9.0,0.9809563175063394,81341.0,4.0
13,1342.0,51.0,0.9670301867393543,81342.0,4.0
14,1352.0,9.0,0.992073146528204,85446.0,4.0
15,1692.0,58.0,0.9898136153451776,85447.0,4.0
16,1400.0,48.0,0.9940179987354942,85448.0,4.0
17,1342.0,30.0,0.9940064707909115,85449.0,4.0
18,1311.0,12.0,0.9882625849666019,85450.0,4.0
19,1284.0,10.0,0.9936687501357383,85451.0,4.0
20,1586.0,36.0,0.9840815673830824,81350.0,4.0
21,1568.0,18.0,0.9967088262386891,81351.0,4.0
22,1352.0,8.0,0.9934512070926035,85454.0,4.0
23,1377.0,55.0,0.974141634564351,85455.0,4.0
24,1569.0,18.0,0.9922881980233049,81352.0,4.0
25,1685.0,0.0,0.9610468408319938,85457.0,4.0
26,1662.0,36.0,0.9775813346307978,85458.0,4.0
27,1300.0,42.0,0.9624694621529312,85459.0,4.0
28,1294.0,34.0,0.9949790934183108,85460.0,4.0
29,1430.0,40.0,0.9704510819067593,85464.0,4.0
30,1343.0,51.0,0.9823497527930152,81370.0,4.0
31,1645.0,4.0,0.9524900492690702,81373.0,4.0
32,1312.0,12.0,0.9975749808194748,85471.0,4.0
33,1353.0,9.0,0.9931567399470634,85472.0,4.0
34,1344.0,51.0,0.9612670315048849,81377.0,4.0
35,1289.0,10.0,0.9761835655272757,85474.0,4.0
36,1408.0,41.0,0.9868840201046685,85475.0,4.0
37,1362.0,49.0,0.9865192099697713,85477.0,4.0
38,1209.0,44.0,1.0,81381.0,4.0
39,1367.0,52.0,0.9587679692046773,81386.0,4.0
40,1290.0,31.0,0.9922320411371007,81387.0,4.0
41,1335.0,13.0,0.9967843075314059,85485.0,4.0
42,1314.0,6.0,0.9940762572458673,81390.0,4.0
43,1339.0,48.0,0.9850186560109581,81391.0,4.0
44,1246.0,26.0,0.9814235020441763,81395.0,4.0
45,1592.0,20.0,0.9773498058071735,85492.0,4.0
46,1481.0,23.0,0.993148660346388,85493.0,4.0
47,1575.0,18.0,0.9936601093182243,81400.0,4.0
48,1323.0,26.0,0.9879850204822083,85498.0,4.0
49,1296.0,49.0,0.9760243839583527,81404.0,4.0
50,1286.0,10.0,0.986995758521236,85502.0,4.0
51,1287.0,10.0,0.9941843838512294,85503.0,4.0
52,1294.0,27.0,0.9829928989918535,81407.0,4.0
53,1354.0,9.0,0.9558330628814993,85507.0,4.0
54,1604.0,38.0,0.9866816110410501,85509.0,4.0
55,1411.0,21.0,0.9948595026038833,81413.0,4.0
56,1696.0,58.0,0.9956617289945705,85511.0,4.0
57,1684.0,0.0,0.9727520120309782,85512.0,4.0
58,1605.0,38.0,0.9734598695808858,85513.0,4.0
59,1340.0,48.0,0.9923939593855032,81415.0,4.0
60,1227.0,14.0,0.987474994231342,85515.0,4.0
61,1648.0,19.0,0.9936820973069073,85519.0,4.0
62,1269.0,30.0,0.9612832474889916,81425.0,4.0
63,1378.0,55.0,0.9896471379740657,85522.0,4.0
64,1242.0,7.0,0.9926570863945504,81426.0,4.0
65,1649.0,4.0,0.9599497372687475,81430.0,4.0
66,1345.0,51.0,0.9829092015677766,81434.0,4.0
67,1283.0,29.0,1.0,85531.0,4.0
68,1599.0,37.0,0.9728269429645521,81436.0,4.0
69,1308.0,25.0,0.9903502831362867,85535.0,4.0
70,1392.0,6.0,0.9900582339851219,85536.0,4.0
71,1076.0,59.0,0.9680295952349088,81439.0,4.0
72,1355.0,24.0,0.9667105438149477,85539.0,4.0
73,1291.0,10.0,0.9883933909037804,85540.0,4.0
74,1299.0,49.0,0.9852786612788722,81446.0,4.0
75,1697.0,58.0,0.9937584100604865,85543.0,4.0
76,1409.0,41.0,0.9951654459092529,85544.0,4.0
77,1368.0,52.0,0.9914298147384919,81447.0,4.0
78,1698.0,58.0,0.9947319573385581,85546.0,4.0
79,1431.0,40.0,0.9905210680521733,85547.0,4.0
80,1283.0,11.0,0.9683708445865274,85548.0,4.0
81,1311.0,25.0,0.9852396638136518,85549.0,4.0
82,1699.0,58.0,0.9902110142525193,85550.0,4.0
83,1597.0,20.0,0.9875780888963036,85551.0,4.0
84,1432.0,40.0,0.9961011565834752,85552.0,4.0
85,1576.0,18.0,0.9803574927692669,81450.0,4.0
86,1346.0,51.0,0.9809222537748906,81451.0,4.0
87,1643.0,3.0,0.9892531222428764,85555.0,4.0
88,1394.0,6.0,0.9922540900619333,85556.0,4.0
89,1716.0,1.0,0.964951305000433,85557.0,4.0
90,1338.0,13.0,1.0,85558.0,4.0
91,1644.0,3.0,0.9595354670497243,85559.0,4.0
92,1412.0,21.0,0.980932586412373,81455.0,4.0
93,1700.0,58.0,0.9970610255214086,85561.0,4.0
94,1301.0,42.0,0.9808918603938428,85562.0,4.0
95,1151.0,14.0,0.9818087262854686,81460.0,4.0
96,1599.0,20.0,0.9907630852237277,85564.0,4.0
97,1600.0,20.0,0.9532474813531111,85565.0,4.0
98,1585.0,18.0,0.9737307641362815,81465.0,4.0
99,1582.0,18.0,0.9767313145407862,81469.0,4.0
100,1304.0,17.0,0.9655290359325185,81472.0,4.0
101,1595.0,36.0,0.9864531392942587,81475.0,4.0
102,1381.0,15.0,0.9891052679078262,85572.0,4.0
103,1291.0,45.0,0.983895896361406,81477.0,4.0
104,1211.0,35.0,0.972940011549804,81478.0,4.0
105,1313.0,25.0,0.9688909634431704,85576.0,4.0
106,1322.0,7.0,0.9830354004163547,85577.0,4.0
107,1381.0,55.0,0.994564080779064,85578.0,4.0
108,1292.0,10.0,0.9922493859272824,85579.0,4.0
109,1240.0,12.0,0.9846113479055837,81486.0,4.0
110,1718.0,2.0,0.9616221119257621,85585.0,4.0
111,1284.0,11.0,0.9952204197795033,85586.0,4.0
112,1285.0,11.0,0.9888787162591173,85587.0,4.0
113,1281.0,9.0,0.9666219547307635,81489.0,4.0
114,1247.0,47.0,0.9678027825704206,81492.0,4.0
115,1260.0,13.0,0.9885791723685478,81494.0,4.0
116,1654.0,4.0,0.9769684065979424,81496.0,4.0
117,1349.0,28.0,0.9807655411988166,85597.0,4.0
118,1382.0,55.0,0.9863857938895763,85599.0,4.0
119,1706.0,57.0,0.9963090351487646,85601.0,4.0
120,1607.0,38.0,0.994004875025837,85602.0,4.0
121,1319.0,32.0,0.9934120046724397,85604.0,4.0
122,1293.0,31.0,0.9939532067750567,81508.0,4.0
123,1383.0,55.0,0.9742600560645421,85607.0,4.0
124,1314.0,25.0,0.9944230122493177,85608.0,4.0
125,1701.0,58.0,0.9955952233838372,85610.0,4.0
126,1293.0,10.0,0.9928819168033215,85611.0,4.0
127,1346.0,30.0,0.9586701593775753,85612.0,4.0
128,1294.0,10.0,0.97541074188883,85614.0,4.0
129,1382.0,15.0,0.995338164790741,85615.0,4.0
130,1295.0,27.0,0.9868229940172705,81521.0,4.0
131,1355.0,8.0,0.9814371247502331,85618.0,4.0
132,1729.0,5.0,0.993336217995148,85619.0,4.0
133,1449.0,53.0,0.9784009929293459,85621.0,4.0
134,1450.0,53.0,0.9970112337562016,85622.0,4.0
135,1282.0,43.0,0.9965103964037891,85623.0,4.0
136,1334.0,16.0,0.9847640400792672,85624.0,4.0
137,1604.0,20.0,0.9861561590914424,85625.0,4.0
138,1607.0,20.0,0.9848229406795942,85626.0,4.0
139,1605.0,20.0,0.990593950262118,85627.0,4.0
140,1315.0,12.0,0.9824229915432525,85629.0,4.0
141,1317.0,25.0,0.9602395234995762,85630.0,4.0
142,1303.0,49.0,0.984440340971383,81536.0,4.0
143,1287.0,29.0,0.9897229565859296,85634.0,4.0
144,1270.0,8.0,0.9822958276255299,81541.0,4.0
145,1646.0,3.0,0.990238236947013,85639.0,4.0
146,1385.0,55.0,0.9936017332680935,85641.0,4.0
147,1281.0,43.0,0.981967891813851,85642.0,4.0
148,1271.0,8.0,0.9925686064146483,81545.0,4.0
149,1603.0,37.0,0.9868329218714905,81547.0,4.0
150,1229.0,14.0,0.9945340800565948,85646.0,4.0
151,1608.0,38.0,0.9925614898068218,85647.0,4.0
152,1664.0,4.0,1.0,81551.0,4.0
153,1488.0,23.0,0.9917935212813244,85649.0,4.0
154,1430.0,52.0,0.9959294695401916,85650.0,4.0
155,1302.0,42.0,0.9933322931770556,85651.0,4.0
156,1489.0,23.0,0.9976675421067457,85652.0,4.0
157,1598.0,36.0,0.9977155759004454,81553.0,4.0
158,1609.0,38.0,0.9871425567130304,85654.0,4.0
159,1250.0,47.0,0.9643846362572591,81554.0,4.0
160,1470.0,54.0,0.9849802342000819,81556.0,4.0
161,1413.0,41.0,0.9916223327335894,85657.0,4.0
162,1265.0,44.0,0.9883809792478917,85658.0,4.0
163,1316.0,12.0,0.9900523710588138,85659.0,4.0
164,1284.0,56.0,0.9913899723183609,81558.0,4.0
165,1273.0,8.0,0.9815207363053204,81559.0,4.0
166,1348.0,30.0,0.9598130943099745,85664.0,4.0
167,1320.0,32.0,0.986472013692536,85665.0,4.0
168,1608.0,20.0,0.9966508608931353,85666.0,4.0
169,1386.0,55.0,0.9874760310350138,85667.0,4.0
170,1320.0,25.0,0.9762557991041731,85668.0,4.0
171,1281.0,50.0,0.9859891870934638,81569.0,4.0
172,1344.0,13.0,0.9692353565138078,85670.0,4.0
173,1283.0,28.0,0.9681724473431665,81573.0,4.0
174,1284.0,28.0,0.9904003576503124,81574.0,4.0
175,1719.0,2.0,0.9803637841286962,85673.0,4.0
176,1286.0,11.0,0.988619626513631,85674.0,4.0
177,1350.0,28.0,0.9914676509035869,85675.0,4.0
178,1349.0,30.0,0.9970134840493783,85676.0,4.0
179,1609.0,20.0,0.9914754109877336,85677.0,4.0
180,1707.0,57.0,0.9940407576250319,85678.0,4.0
181,1317.0,12.0,0.9962401428707208,85680.0,4.0
182,1317.0,17.0,0.9694677113073513,85681.0,4.0
183,1323.0,25.0,0.9751177971940123,85683.0,4.0
184,1222.0,33.0,0.9836626276026657,85684.0,4.0
185,1387.0,55.0,0.9777921812270826,85685.0,4.0
186,1415.0,21.0,0.9846140092405362,81589.0,4.0
187,1318.0,12.0,0.9879870918345918,85687.0,4.0
188,1341.0,48.0,0.9846020882485474,81594.0,4.0
189,1400.0,6.0,0.9784770214929163,85691.0,4.0
190,1610.0,20.0,0.9911380519450891,85692.0,4.0
191,1472.0,54.0,0.9842802754756851,81596.0,4.0
192,1321.0,32.0,0.9949232700512335,85694.0,4.0
193,1297.0,10.0,0.9964970568648553,85697.0,4.0
194,1720.0,2.0,0.9761563907747115,85698.0,4.0
195,1369.0,27.0,0.9947709581183075,85699.0,4.0
196,1303.0,42.0,0.9808752632454215,85706.0,4.0
197,1084.0,59.0,0.9848531815813584,81611.0,4.0
198,1212.0,35.0,0.9676604237344607,81615.0,4.0
199,1721.0,2.0,0.9955216561068299,85713.0,4.0
200,1389.0,53.0,0.9536752024538999,81617.0,4.0
201,1223.0,33.0,0.9822285134261796,85715.0,4.0
202,1402.0,6.0,0.9973499820635713,85716.0,4.0
203,1402.0,48.0,0.9913356155429752,85717.0,4.0
204,1329.0,25.0,0.951494092857543,85718.0,4.0
205,1354.0,51.0,1.0,81619.0,4.0
206,1305.0,17.0,0.9710785157524648,81620.0,4.0
207,1330.0,25.0,0.9918523452372567,85721.0,4.0
208,1331.0,25.0,0.9721336413539874,85722.0,4.0
209,1086.0,59.0,0.977247299544863,81621.0,4.0
210,1614.0,20.0,0.9951529002278146,85724.0,4.0
211,1285.0,28.0,0.9818500847295741,81622.0,4.0
212,1589.0,18.0,0.9769752440134669,81624.0,4.0
213,1352.0,51.0,0.9707968306276735,81630.0,4.0
214,1351.0,51.0,0.9787246192912312,81631.0,4.0
215,1350.0,51.0,1.0,81632.0,4.0
216,1605.0,37.0,0.9656683693330015,81634.0,4.0
217,1592.0,18.0,0.9825167950935781,81637.0,4.0
218,1287.0,46.0,0.9780608819100141,81638.0,4.0
219,1282.0,50.0,0.9901046933179934,81641.0,4.0
220,1587.0,18.0,0.9917074042205414,81657.0,4.0
221,1284.0,46.0,0.978525111008177,81665.0,4.0
222,1285.0,46.0,0.9844936886381811,81666.0,4.0
223,1316.0,16.0,0.9751549986021227,81669.0,4.0
224,1087.0,59.0,0.9930691322963088,81673.0,4.0
225,1674.0,4.0,0.9961980106194617,81675.0,4.0
226,1645.0,1.0,0.9793218597161928,81676.0,4.0
227,1675.0,4.0,0.9869591596830422,81684.0,4.0
228,1240.0,32.0,0.9689895589435762,81688.0,4.0
229,1211.0,44.0,0.9873364076728788,81689.0,4.0
230,1351.0,22.0,0.9930514773944354,81690.0,4.0
231,1404.0,39.0,0.9873070349786138,81693.0,4.0
232,1252.0,47.0,0.9874393018044886,81705.0,4.0
233,1287.0,28.0,0.9818522988496773,81706.0,4.0
234,1249.0,34.0,0.959059570183728,81707.0,4.0
235,1352.0,22.0,0.9906939731993716,81709.0,4.0
236,1621.0,57.0,0.9848119465567473,81710.0,4.0
237,1474.0,54.0,0.9904241138741805,81711.0,4.0
238,1285.0,56.0,0.9754422508001449,81712.0,4.0
239,1676.0,4.0,0.9980304183664418,81715.0,4.0
240,1677.0,4.0,0.9904016932005137,81722.0,4.0
241,1317.0,16.0,0.9755004818390505,81724.0,4.0
242,1607.0,37.0,0.9811344334650937,81727.0,4.0
243,1649.0,1.0,0.9851796989206948,81728.0,4.0
244,1250.0,7.0,0.9904570310620301,81731.0,4.0
245,1650.0,1.0,0.9502623917953154,81736.0,4.0
246,1355.0,22.0,0.9974728385600828,81737.0,4.0
247,1405.0,23.0,0.9809678024253772,81739.0,4.0
248,1279.0,8.0,0.966156904465546,81741.0,4.0
249,1278.0,8.0,0.9904413277202244,81743.0,4.0
250,1405.0,39.0,0.9581233861676763,81745.0,4.0
251,1157.0,14.0,1.0,81750.0,4.0
252,1252.0,26.0,0.9867865819703915,81756.0,4.0
253,1250.0,26.0,0.9942902724151735,81760.0,4.0
254,1613.0,36.0,0.9851458601158479,81767.0,4.0
255,1290.0,46.0,1.0,81773.0,4.0
256,1656.0,1.0,0.9914864153407751,81778.0,4.0
257,1355.0,51.0,0.9913035957488587,81783.0,4.0
258,1600.0,18.0,0.9801798889052856,81785.0,4.0
259,1567.0,19.0,0.990843169014952,81794.0,4.0
260,1294.0,45.0,0.9746722664173304,81797.0,4.0
261,1342.0,48.0,0.9920443199303779,81798.0,4.0
262,1679.0,4.0,0.9974435622961431,81800.0,4.0
263,1370.0,52.0,0.9701354963569088,81805.0,4.0
264,1293.0,45.0,0.9790896093595316,81806.0,4.0
265,1286.0,9.0,0.9772141771943826,81807.0,4.0
266,1652.0,1.0,0.9906553063788734,81808.0,4.0
267,1214.0,44.0,0.9799043780533935,81813.0,4.0
268,1289.0,46.0,0.9823738515280226,81818.0,4.0
269,1604.0,18.0,0.98792469316946,81820.0,4.0
270,1609.0,36.0,0.9780954489583443,81823.0,4.0
271,1253.0,47.0,0.9859488611434274,81829.0,4.0
272,1476.0,54.0,0.9920282119282864,81831.0,4.0
273,1601.0,18.0,0.9944679086503309,81841.0,4.0
274,1608.0,37.0,0.9959147589089796,81851.0,4.0
275,1356.0,22.0,0.9945274263328888,81854.0,4.0
276,1252.0,7.0,0.9824055019936004,81860.0,4.0
277,1254.0,7.0,0.9929041316897369,81866.0,4.0
278,1480.0,54.0,0.9730707508467046,81868.0,4.0
279,1310.0,49.0,0.9687404830494576,81871.0,4.0
280,1624.0,57.0,0.9910954325684598,81872.0,4.0
281,1687.0,4.0,0.988103725379823,81873.0,4.0
282,1288.0,9.0,0.9933777564336881,81877.0,4.0
283,1688.0,4.0,0.9872399494550509,81887.0,4.0
284,1318.0,16.0,0.955366934594118,81890.0,4.0
285,1482.0,54.0,0.9932473151457245,81893.0,4.0
286,1411.0,39.0,0.992954709216655,81900.0,4.0
287,1302.0,31.0,0.9896892063191683,81907.0,4.0
288,1660.0,1.0,0.9903279788412693,81908.0,4.0
289,1533.0,38.0,1.0,81909.0,4.0
290,1222.0,35.0,0.958692570521192,81912.0,4.0
291,1397.0,53.0,0.9581640260909297,81918.0,4.0
292,1309.0,17.0,0.9639431016126222,81924.0,4.0
293,1306.0,17.0,0.9739787763551326,81925.0,4.0
294,1357.0,51.0,0.9760421962015977,81926.0,4.0
295,1210.0,29.0,0.9956254092011605,81928.0,4.0
296,1614.0,37.0,0.9907866034784825,81930.0,4.0
297,1375.0,52.0,0.9952159149433805,81934.0,4.0
298,1307.0,17.0,0.952491961280435,81938.0,4.0
299,1231.0,43.0,0.9922843571380271,81951.0,4.0
300,1356.0,51.0,0.9713351653285093,81956.0,4.0
301,1308.0,17.0,0.9791081331249376,81960.0,4.0
302,1296.0,45.0,0.988879431994431,81963.0,4.0
303,1298.0,45.0,1.0,81964.0,4.0
304,1274.0,30.0,0.9938270153790872,81973.0,4.0
305,1191.0,33.0,0.9775923492021505,81977.0,4.0
306,1290.0,9.0,0.957464070482764,81994.0,4.0
307,1664.0,1.0,0.9697399367359022,81995.0,4.0
308,1366.0,52.0,0.9965356607286778,81343.0,4.0
309,1243.0,32.0,0.9701415434601891,82013.0,4.0
310,1219.0,35.0,0.987486830539748,82015.0,4.0
311,1297.0,45.0,1.0,82020.0,4.0
312,1358.0,22.0,0.99412599707264,82033.0,4.0
313,1659.0,1.0,0.9912989740302895,82039.0,4.0
314,1626.0,57.0,0.9859319948269162,82042.0,4.0
315,1212.0,29.0,0.9965070948444942,82044.0,4.0
316,1300.0,46.0,0.9906635843486467,82054.0,4.0
317,1694.0,4.0,0.9627686878597986,82056.0,4.0
318,1193.0,33.0,0.9895013468950421,82057.0,4.0
319,1294.0,9.0,0.9898449116022893,82060.0,4.0
320,1293.0,56.0,0.9874451480715117,82061.0,4.0
321,1188.0,33.0,0.994276168006212,81354.0,4.0
322,1279.0,24.0,0.9602003576199001,82068.0,4.0
323,1612.0,37.0,0.9754217808935333,82078.0,4.0
324,1301.0,46.0,0.9842450992559945,82081.0,4.0
325,1290.0,28.0,0.9955637712369668,82084.0,4.0
326,1292.0,34.0,0.979560535399541,85428.0,4.0
327,1258.0,47.0,0.979082120194972,82087.0,4.0
328,1247.0,32.0,0.9934151874492397,82093.0,4.0
329,1301.0,27.0,0.9934417241177461,82096.0,4.0
330,1305.0,31.0,0.9649446133134534,82098.0,4.0
331,1298.0,9.0,0.9976253718578019,82099.0,4.0
332,1306.0,31.0,0.9942529117422789,82102.0,4.0
333,1417.0,39.0,0.9907701932110639,82103.0,4.0
334,1617.0,37.0,0.9989605226886639,82106.0,4.0
335,1620.0,36.0,0.9899675299176104,82108.0,4.0
336,1307.0,31.0,0.9956755521040522,82110.0,4.0
337,1647.0,2.0,0.9883676816151385,82111.0,4.0
338,1377.0,52.0,0.9945519546537859,82114.0,4.0
339,1291.0,28.0,0.9935602674072136,82115.0,4.0
340,1308.0,31.0,0.9904795891716645,82122.0,4.0
341,1418.0,39.0,0.9973064999707603,82129.0,4.0
342,1299.0,9.0,0.9933194796619501,82130.0,4.0
343,1697.0,4.0,0.9807818240712187,82131.0,4.0
344,1170.0,14.0,0.9896717869285716,82132.0,4.0
345,1171.0,14.0,0.9847686753588989,82134.0,4.0
346,1651.0,2.0,0.9568820242149697,82138.0,4.0
347,1282.0,24.0,0.9722148217893405,82149.0,4.0
348,1285.0,24.0,0.980816135684218,82150.0,4.0
349,1196.0,33.0,0.9806674873481294,82154.0,4.0
350,1302.0,9.0,0.9880299910409325,82158.0,4.0
351,1297.0,56.0,0.970684580102886,82159.0,4.0
352,1624.0,37.0,0.9951997990265726,82163.0,4.0
353,1620.0,37.0,0.9890353503938357,82176.0,4.0
354,1287.0,24.0,0.9848026726155336,82181.0,4.0
355,1309.0,31.0,0.9977324671212872,82188.0,4.0
356,1262.0,7.0,0.996717710682489,82195.0,4.0
357,1619.0,37.0,0.9880146845015662,82197.0,4.0
358,1259.0,7.0,0.990060486509392,82198.0,4.0
359,1702.0,4.0,0.9600754819860379,82200.0,4.0
360,1435.0,21.0,0.9898614207469236,82212.0,4.0
361,1537.0,38.0,0.9810878324226553,82213.0,4.0
362,1296.0,28.0,0.993745753172231,82218.0,4.0
363,1420.0,39.0,0.981186207910889,82220.0,4.0
364,1561.0,3.0,0.9848856533989464,82247.0,4.0
365,1222.0,44.0,0.9887455732930414,82254.0,4.0
366,1441.0,21.0,0.9905250331961843,82255.0,4.0
367,1259.0,47.0,0.9921975631207343,82265.0,4.0
368,1436.0,21.0,0.9950591871966743,82268.0,4.0
369,1321.0,16.0,0.9685281676645191,82279.0,4.0
370,1352.0,15.0,0.9838481705392123,82290.0,4.0
371,1360.0,51.0,1.0,82307.0,4.0
372,1300.0,45.0,0.9765097907011159,82308.0,4.0
373,1422.0,39.0,0.9940819457028054,82323.0,4.0
374,1292.0,28.0,1.0,82324.0,4.0
375,1321.0,49.0,0.9775003045668264,82325.0,4.0
376,1367.0,22.0,1.0,82326.0,4.0
377,1249.0,42.0,0.9806590900300461,82328.0,4.0
378,1419.0,39.0,1.0,82332.0,4.0
379,1617.0,18.0,0.9888263394715622,82335.0,4.0
380,1615.0,18.0,0.97740248350942,82337.0,4.0
381,1263.0,13.0,0.9893184383096331,82346.0,4.0
382,1345.0,48.0,0.983320256434959,82352.0,4.0
383,1264.0,7.0,0.9882992703340383,82353.0,4.0
384,1353.0,15.0,0.992402167661585,82360.0,4.0
385,1495.0,54.0,0.9951962798118095,82361.0,4.0
386,1322.0,49.0,0.9870271138534081,82363.0,4.0
387,1496.0,54.0,0.9819107108488218,82364.0,4.0
388,1229.0,35.0,1.0,82368.0,4.0
389,1223.0,44.0,0.9608099723449063,82372.0,4.0
390,1289.0,8.0,0.9900832439688048,82378.0,4.0
391,1405.0,53.0,0.9802397652254117,82380.0,4.0
392,1675.0,1.0,0.9898110775019991,82383.0,4.0
393,1428.0,39.0,0.9924489745677555,82384.0,4.0
394,1289.0,24.0,0.9906669414634885,82389.0,4.0
395,1218.0,29.0,0.9762399625112125,82390.0,4.0
396,1315.0,31.0,0.9935709665217322,82391.0,4.0
397,1429.0,39.0,0.9920132987057544,82394.0,4.0
398,1290.0,8.0,0.9945402202175979,82401.0,4.0
399,1226.0,44.0,0.980442686640063,82403.0,4.0
400,1622.0,18.0,0.9876838611095301,82404.0,4.0
401,1262.0,26.0,0.9953903352740123,82407.0,4.0
402,1266.0,7.0,0.9924698349058609,82409.0,4.0
403,1253.0,32.0,0.9991274289793448,82411.0,4.0
404,1268.0,7.0,0.9866704598045806,82415.0,4.0
405,1370.0,22.0,0.9889401822491433,82416.0,4.0
406,1269.0,7.0,0.9809930610980669,82420.0,4.0
407,1382.0,52.0,0.9922115627327208,82421.0,4.0
408,1408.0,53.0,0.9679498144717115,82424.0,4.0
409,1682.0,1.0,0.9917716943503672,82430.0,4.0
410,1307.0,27.0,0.9911868395816148,82431.0,4.0
411,1630.0,37.0,0.9865499004871803,82450.0,4.0
412,1312.0,46.0,0.9763324683677209,82458.0,4.0
413,1321.0,6.0,0.987214240752038,82459.0,4.0
414,1332.0,49.0,0.9919648242501925,82467.0,4.0
415,1331.0,49.0,0.9715078800830945,82468.0,4.0
416,1310.0,17.0,0.9678998157751967,82476.0,4.0
417,1264.0,26.0,0.9823193800435142,82485.0,4.0
418,1231.0,35.0,0.9777055610360017,82500.0,4.0
419,1347.0,48.0,0.9977326580158273,82502.0,4.0
420,1290.0,24.0,0.9934271282659852,82505.0,4.0
421,1639.0,37.0,0.9832399111742244,82514.0,4.0
422,1638.0,37.0,0.9905878756778629,82515.0,4.0
423,1505.0,54.0,0.9730273380239813,82517.0,4.0
424,1632.0,36.0,0.9563185672669922,82519.0,4.0
425,1200.0,33.0,0.9530192462555326,82525.0,4.0
426,1304.0,45.0,0.976691848616634,82529.0,4.0
427,1232.0,35.0,0.9760494570573611,82531.0,4.0
428,1305.0,45.0,0.9967050398363739,82532.0,4.0
429,1635.0,36.0,0.9910904286665095,82533.0,4.0
430,1365.0,40.0,0.9948111277593188,82548.0,4.0
431,1381.0,52.0,0.9821597689524144,82551.0,4.0
432,1703.0,4.0,0.9928386670761596,82553.0,4.0
433,1286.0,50.0,0.9838751166658101,82558.0,4.0
434,1302.0,28.0,0.9650779102522776,82559.0,4.0
435,1637.0,37.0,0.9845538489168644,82561.0,4.0
436,1265.0,47.0,0.9662804210969003,82566.0,4.0
437,1371.0,51.0,0.9804870569226624,82580.0,4.0
438,1313.0,9.0,0.9916846543256981,82582.0,4.0
439,1653.0,4.0,0.9865455524352428,81457.0,4.0
440,1634.0,37.0,0.984420873202513,82585.0,4.0
441,1249.0,12.0,0.983646638986533,82587.0,4.0
442,1540.0,38.0,1.0,82590.0,4.0
443,1294.0,24.0,0.9680300745328975,82598.0,4.0
444,1292.0,24.0,0.9911625174596528,82600.0,4.0
445,1228.0,44.0,0.9524631138631546,82605.0,4.0
446,1562.0,3.0,0.988042254232535,82610.0,4.0
447,1253.0,42.0,0.9648778370196079,82613.0,4.0
448,1304.0,27.0,0.9887721946487894,82621.0,4.0
449,1305.0,27.0,0.9892723055243436,82622.0,4.0
450,1232.0,11.0,0.9823047871639278,82649.0,4.0
451,1255.0,34.0,0.9628154843532517,82651.0,4.0
452,1438.0,39.0,0.9953426061407916,82653.0,4.0
453,1297.0,24.0,0.9915395742600495,82654.0,4.0
454,1306.0,28.0,0.987304191642621,82655.0,4.0
455,1267.0,47.0,0.9950712362177915,82661.0,4.0
456,1410.0,23.0,0.9908211923614164,82662.0,4.0
457,1301.0,56.0,0.9909995708822846,82665.0,4.0
458,1323.0,31.0,0.9960018599615006,82666.0,4.0
459,1180.0,14.0,0.9789562583121516,82670.0,4.0
460,1641.0,57.0,0.9828741802297541,82676.0,4.0
461,1308.0,45.0,0.99873925998832,82677.0,4.0
462,1294.0,8.0,0.9753857003304508,82679.0,4.0
463,1677.0,5.0,0.983738367966465,82684.0,4.0
464,1509.0,54.0,0.9872146877372492,82685.0,4.0
465,1307.0,28.0,0.9926505280410532,82686.0,4.0
466,1510.0,54.0,0.9958395173090219,82691.0,4.0
467,1288.0,50.0,0.9824544848491543,82692.0,4.0
468,1324.0,31.0,0.9911873492124789,82695.0,4.0
469,1182.0,14.0,0.9898424431837963,82696.0,4.0
470,1233.0,35.0,0.9931132111964887,82698.0,4.0
471,1257.0,34.0,0.9963246033396614,82701.0,4.0
472,1183.0,14.0,0.994119699326757,82703.0,4.0
473,1269.0,26.0,0.9934295806177315,82706.0,4.0
474,1258.0,34.0,0.9853097806416538,82709.0,4.0
475,1263.0,32.0,0.9926368413283216,82720.0,4.0
476,1235.0,11.0,0.9912529054288014,82727.0,4.0
477,1302.0,56.0,0.9745526471320185,82732.0,4.0
478,1640.0,37.0,0.9841027526465786,82744.0,4.0
479,1311.0,45.0,0.9869486113727975,82749.0,4.0
480,1537.0,20.0,0.9748282782906316,82757.0,4.0
481,1320.0,46.0,1.0,82758.0,4.0
482,1412.0,23.0,0.9907645361298508,82762.0,4.0
483,1187.0,14.0,0.9800205026164389,82766.0,4.0
484,1186.0,14.0,0.988707775525458,82767.0,4.0
485,1237.0,11.0,0.9672008388826788,82770.0,4.0
486,1354.0,48.0,0.982677517418906,82771.0,4.0
487,1233.0,29.0,0.9607362720872852,82774.0,4.0
488,1237.0,35.0,0.9693466631606642,82778.0,4.0
489,1443.0,39.0,0.9944680074931054,82782.0,4.0
490,1256.0,42.0,0.9832864681393547,82784.0,4.0
491,1207.0,33.0,0.9560569301368516,82787.0,4.0
492,1277.0,30.0,0.9974596033124687,82790.0,4.0
493,1310.0,27.0,0.9873517853036664,82808.0,4.0
494,1646.0,37.0,0.9837510073619973,82810.0,4.0
495,1313.0,27.0,0.9614478019529555,82817.0,4.0
496,1259.0,34.0,0.9803288204913375,82825.0,4.0
497,1184.0,14.0,0.9921786233741416,82831.0,4.0
498,1311.0,17.0,0.9555478064358105,82833.0,4.0
499,1317.0,46.0,0.9735690691587483,82837.0,4.0
500,1203.0,33.0,0.9961260851361644,82840.0,4.0
501,1202.0,33.0,0.976496215540667,82841.0,4.0
502,1236.0,35.0,0.9593124681666209,82842.0,4.0
503,1322.0,16.0,0.9609228162882176,82843.0,4.0
504,1233.0,44.0,0.9505218390306988,82844.0,4.0
505,1272.0,26.0,0.9871482829734144,82858.0,4.0
506,1641.0,37.0,0.9792777211326839,82877.0,4.0
507,1291.0,50.0,0.9558674934123739,82883.0,4.0
508,1289.0,50.0,0.9860359121814624,82887.0,4.0
509,1229.0,29.0,0.9949604594408217,82888.0,4.0
510,1239.0,11.0,0.9859752685394071,82903.0,4.0
511,1311.0,27.0,0.9969971894027759,82905.0,4.0
512,1309.0,45.0,0.9883612139155035,82910.0,4.0
513,1441.0,39.0,0.9890621088881003,82913.0,4.0
514,1268.0,13.0,0.9933160360263404,82915.0,4.0
515,1278.0,7.0,0.9702848152550372,82937.0,4.0
516,1388.0,52.0,0.9907353417751378,82958.0,4.0
517,1517.0,54.0,0.9912999946829365,82963.0,4.0
518,1338.0,49.0,0.9891355468254716,82966.0,4.0
519,1513.0,54.0,0.958506455204533,82970.0,4.0
520,1524.0,54.0,0.99526090413782,82977.0,4.0
521,1307.0,56.0,0.9807506510048385,82982.0,4.0
522,1664.0,2.0,0.9853286464683334,82983.0,4.0
523,1411.0,53.0,0.9814238769690907,82988.0,4.0
524,1525.0,54.0,0.9821803336286243,82989.0,4.0
525,1452.0,21.0,0.9838760119566732,82993.0,4.0
526,1272.0,13.0,0.9887947071447132,82994.0,4.0
527,1236.0,44.0,0.9940123871012307,82995.0,4.0
528,1453.0,21.0,0.9855796374401955,82999.0,4.0
529,1312.0,17.0,0.9709182221125009,83001.0,4.0
530,1368.0,40.0,0.992092041892189,83002.0,4.0
531,1385.0,22.0,0.9888389131123015,83005.0,4.0
532,1649.0,57.0,0.9947531220283943,83008.0,4.0
533,1329.0,31.0,0.9818573840917986,83009.0,4.0
534,1390.0,52.0,0.9726327222384121,83010.0,4.0
535,1618.0,0.0,0.9790433872035651,83013.0,4.0
536,1253.0,25.0,0.9835564985428267,83014.0,4.0
537,1386.0,22.0,0.9668226346220389,83017.0,4.0
538,1339.0,49.0,0.9903219742100199,83019.0,4.0
539,1619.0,0.0,0.9924649862287663,83021.0,4.0
540,1387.0,22.0,0.9935800182846025,83023.0,4.0
541,1369.0,40.0,0.9972033664733391,83028.0,4.0
542,1313.0,45.0,0.9907188655375845,83033.0,4.0
543,1650.0,57.0,0.9911407245239567,83037.0,4.0
544,1341.0,49.0,0.9779700566559749,83042.0,4.0
545,1651.0,57.0,0.9975098086549007,83043.0,4.0
546,1345.0,41.0,0.990458439984432,83044.0,4.0
547,1209.0,33.0,1.0,83045.0,4.0
548,1293.0,50.0,0.9905580129605687,83047.0,4.0
549,1449.0,39.0,0.9886369838636228,83056.0,4.0
550,1313.0,28.0,0.9677261886847267,83057.0,4.0
551,1654.0,57.0,0.951779626708378,83060.0,4.0
552,1315.0,45.0,0.984928918663499,83061.0,4.0
553,1332.0,55.0,0.9836231230541383,83068.0,4.0
554,1284.0,30.0,0.9871687056447117,83070.0,4.0
555,1269.0,12.0,0.9955923522977856,83075.0,4.0
556,1281.0,26.0,0.9780065754738635,83077.0,4.0
557,1295.0,50.0,0.9903889044624377,83078.0,4.0
558,1238.0,44.0,0.9549998307201915,83089.0,4.0
559,1240.0,44.0,0.9590290683677939,83090.0,4.0
560,1379.0,51.0,0.9856958246578518,83091.0,4.0
561,1316.0,45.0,0.9886514510311322,83092.0,4.0
562,1320.0,45.0,0.9610976408738238,83093.0,4.0
563,1457.0,39.0,0.9913628757417863,83094.0,4.0
564,1324.0,46.0,0.9901109918572351,83099.0,4.0
565,1645.0,36.0,0.9907457159674191,83108.0,4.0
566,1643.0,36.0,0.9898693955487201,83113.0,4.0
567,1631.0,58.0,0.9570171279490035,83115.0,4.0
568,1374.0,40.0,0.9916263726410491,83124.0,4.0
569,1315.0,56.0,0.9856642636173583,83129.0,4.0
570,1318.0,27.0,0.9754578820849358,83139.0,4.0
571,1239.0,35.0,1.0,83145.0,4.0
572,1241.0,35.0,0.9864093591210981,83148.0,4.0
573,1337.0,31.0,0.9883784170788938,83152.0,4.0
574,1336.0,31.0,0.9893797522298249,83153.0,4.0
575,1450.0,39.0,0.9839525359897456,83154.0,4.0
576,1244.0,11.0,0.982770489797866,83155.0,4.0
577,1693.0,1.0,0.9671733216935476,83157.0,4.0
578,1419.0,23.0,0.9909848057652108,83158.0,4.0
579,1669.0,2.0,0.9861235644511841,83161.0,4.0
580,1418.0,23.0,0.9919441305102962,83163.0,4.0
581,1246.0,11.0,0.987152010343129,83167.0,4.0
582,1249.0,11.0,0.9760825622708023,83170.0,4.0
583,1348.0,41.0,0.9953446943024833,83174.0,4.0
584,1243.0,35.0,0.9753441167878427,83176.0,4.0
585,1242.0,35.0,0.984219964109668,83177.0,4.0
586,1325.0,16.0,0.9949732175453606,83184.0,4.0
587,1693.0,5.0,0.9889730360552205,83189.0,4.0
588,1692.0,5.0,0.9907486396300074,83190.0,4.0
589,1323.0,16.0,0.9860755296066387,83197.0,4.0
590,1284.0,26.0,0.9939123077152834,83203.0,4.0
591,1287.0,7.0,1.0,83206.0,4.0
592,1416.0,23.0,0.9906372289711235,83209.0,4.0
593,1195.0,14.0,0.9942458504920798,83212.0,4.0
594,1416.0,53.0,0.9890819488592265,83215.0,4.0
595,1415.0,53.0,0.9851958904737752,83216.0,4.0
596,1413.0,53.0,0.9905179742208773,83218.0,4.0
597,1412.0,53.0,0.9976574197887367,83219.0,4.0
598,1272.0,32.0,0.9551934391891406,83220.0,4.0
599,1418.0,53.0,0.9750349134992685,83222.0,4.0
600,1236.0,29.0,0.9896935202334826,83224.0,4.0
601,1235.0,29.0,0.9700883914910056,83225.0,4.0
602,1463.0,21.0,0.9721408058521049,83229.0,4.0
603,1460.0,21.0,0.9634507442959258,83232.0,4.0
604,1282.0,30.0,0.9949164658669383,83233.0,4.0
605,1306.0,24.0,0.9869557761185398,83234.0,4.0
606,1280.0,30.0,0.9911521547884766,83245.0,4.0
607,1667.0,2.0,0.9877461487457027,83257.0,4.0
608,1266.0,34.0,0.9943216296305435,83258.0,4.0
609,1392.0,52.0,0.9913292746412171,83259.0,4.0
610,1672.0,2.0,0.9668595476281515,83281.0,4.0
611,1342.0,49.0,0.9868082019110961,83284.0,4.0
612,1262.0,42.0,0.9536270329354504,83289.0,4.0
613,1337.0,6.0,0.9857043565640007,83291.0,4.0
614,1655.0,57.0,0.9729874316719184,83295.0,4.0
615,1644.0,36.0,0.9943100684378685,83299.0,4.0
616,1309.0,56.0,0.9503215380642663,83305.0,4.0
617,1313.0,17.0,0.9596285875643967,83306.0,4.0
618,1363.0,15.0,0.9722310953708176,83308.0,4.0
619,1361.0,15.0,1.0,83310.0,4.0
620,1362.0,15.0,0.9742451383818806,83321.0,4.0
621,1629.0,58.0,0.9953539486231013,83334.0,4.0
622,1360.0,15.0,0.9646321838967323,83335.0,4.0
623,1529.0,54.0,0.980873822103595,83336.0,4.0
624,1264.0,34.0,0.9635203170820128,83340.0,4.0
625,1661.0,57.0,0.981959249402821,83344.0,4.0
626,1323.0,9.0,0.9785659933351607,83351.0,4.0
627,1649.0,36.0,0.978007145812139,83352.0,4.0
628,1650.0,36.0,0.9854524892054236,83353.0,4.0
629,1211.0,33.0,0.9930407755992193,83355.0,4.0
630,1312.0,56.0,0.9942150693075894,83358.0,4.0
631,1285.0,30.0,0.9939837507296541,83365.0,4.0
632,1296.0,50.0,0.9909363093157278,83375.0,4.0
633,1375.0,40.0,0.989892323980632,83377.0,4.0
634,1533.0,54.0,0.9864833186265615,83378.0,4.0
635,1397.0,52.0,0.9936272967178554,83382.0,4.0
636,1329.0,46.0,0.9958219589293785,83386.0,4.0
637,1663.0,57.0,0.9973017254254318,83387.0,4.0
638,1339.0,31.0,0.9860134273967355,83389.0,4.0
639,1676.0,2.0,0.9798510626287724,83395.0,4.0
640,1458.0,39.0,0.9879782022821969,83396.0,4.0
641,1652.0,36.0,0.9879381559657797,83400.0,4.0
642,1198.0,14.0,1.0,83401.0,4.0
643,1578.0,3.0,0.9859000864487368,83402.0,4.0
644,1330.0,46.0,0.983255201969483,83403.0,4.0
645,1421.0,23.0,0.9929894842490384,83411.0,4.0
646,1274.0,47.0,0.9849660159602471,83417.0,4.0
647,1265.0,42.0,0.9680930095097688,83419.0,4.0
648,1320.0,56.0,0.9867297019414152,83420.0,4.0
649,1580.0,3.0,0.990374231594439,83423.0,4.0
650,1244.0,44.0,0.9901433474427326,83426.0,4.0
651,1213.0,33.0,0.9895826269127354,83428.0,4.0
652,1286.0,30.0,0.9833849484811521,83432.0,4.0
653,1377.0,40.0,0.9935352398307477,83434.0,4.0
654,1199.0,14.0,0.9764838584274957,83438.0,4.0
655,1399.0,22.0,0.980059608935635,83442.0,4.0
656,1276.0,32.0,0.9857139821130226,83443.0,4.0
657,1277.0,13.0,0.9864405358573797,83450.0,4.0
658,1287.0,30.0,0.9840560809101587,83452.0,4.0
659,1352.0,41.0,0.9940668772378234,83455.0,4.0
660,1313.0,8.0,0.9791756805037977,83457.0,4.0
661,1660.0,37.0,0.9959583564877141,83460.0,4.0
662,1216.0,33.0,0.9814484344896711,83471.0,4.0
663,1595.0,19.0,0.9911617430069227,83472.0,4.0
664,1596.0,19.0,0.978203293633049,83473.0,4.0
665,1696.0,5.0,0.9935518310570911,83475.0,4.0
666,1330.0,9.0,0.9903117732825637,83480.0,4.0
667,1332.0,9.0,0.9946357760230954,83482.0,4.0
668,1279.0,47.0,0.9633706664521982,83489.0,4.0
669,1333.0,9.0,0.9902699828537856,83492.0,4.0
670,1347.0,49.0,0.9748499568804384,83495.0,4.0
671,1348.0,49.0,0.9780803356088208,83496.0,4.0
672,1289.0,26.0,0.9968739304722573,83499.0,4.0
673,1642.0,58.0,0.9635593258169033,83503.0,4.0
674,1246.0,44.0,0.9765020098384738,83507.0,4.0
675,1687.0,2.0,0.9912021907051277,83516.0,4.0
676,1298.0,50.0,0.9876491112014979,83520.0,4.0
677,1241.0,29.0,0.9930043280103236,83522.0,4.0
678,1672.0,57.0,0.9825693187119552,83541.0,4.0
679,1536.0,54.0,0.9634373931803885,83552.0,4.0
680,1401.0,22.0,0.9827538846944112,83553.0,4.0
681,1324.0,28.0,0.9594151277160475,83560.0,4.0
682,1534.0,54.0,0.980777187226344,83564.0,4.0
683,1593.0,19.0,0.9954899313499359,83569.0,4.0
684,1597.0,19.0,0.9600250140511349,83571.0,4.0
685,1600.0,19.0,0.9805928312678864,83574.0,4.0
686,1601.0,19.0,0.9798049635342216,83575.0,4.0
687,1700.0,1.0,0.9681721691280819,83580.0,4.0
688,1333.0,27.0,0.99274444713685,83582.0,4.0
689,1337.0,46.0,0.9971523012290291,83587.0,4.0
690,1288.0,30.0,0.9823710028276118,83592.0,4.0
691,1338.0,46.0,0.9730488987904706,83596.0,4.0
692,1468.0,21.0,0.9935921682748398,83602.0,4.0
693,1592.0,19.0,0.9615250864756697,83604.0,4.0
694,1249.0,44.0,0.9915546567752825,83606.0,4.0
695,1342.0,31.0,0.9802937877011676,83615.0,4.0
696,1341.0,31.0,0.9592167988154015,83618.0,4.0
697,1294.0,7.0,0.9905773315742404,83628.0,4.0
698,1295.0,7.0,0.9899407710904271,83629.0,4.0
699,1255.0,25.0,0.9839249944337572,83633.0,4.0
700,1680.0,2.0,0.9697089579297833,83634.0,4.0
701,1248.0,35.0,0.9759124401371972,83639.0,4.0
702,1425.0,23.0,0.9936951788764506,83642.0,4.0
703,1426.0,23.0,0.9943103215708414,83643.0,4.0
704,1681.0,2.0,1.0,83645.0,4.0
705,1247.0,35.0,0.9694077886214425,83650.0,4.0
706,1300.0,7.0,0.9907004918086982,83653.0,4.0
707,1351.0,31.0,0.9670429559101871,83654.0,4.0
708,1297.0,7.0,1.0,83682.0,4.0
709,1295.0,30.0,0.9922087758955602,83694.0,4.0
710,1204.0,14.0,0.9809352539196461,83698.0,4.0
711,1630.0,0.0,0.9817929156021733,83701.0,4.0
712,1631.0,0.0,0.9895135678934439,83702.0,4.0
713,1360.0,41.0,0.9826464668811107,83704.0,4.0
714,1591.0,19.0,0.9751207516920392,83706.0,4.0
715,1354.0,41.0,0.9873566425093423,83731.0,4.0
716,1422.0,53.0,0.9721794652838945,83735.0,4.0
717,1336.0,55.0,0.9859642287244567,83737.0,4.0
718,1399.0,52.0,0.9816231848974243,83738.0,4.0
719,1322.0,28.0,0.9834959073345717,83742.0,4.0
720,1251.0,11.0,0.9898425977790453,83762.0,4.0
721,1401.0,52.0,0.9518573075516462,83764.0,4.0
722,1325.0,45.0,1.0,83768.0,4.0
723,1361.0,41.0,0.9905885289863634,83777.0,4.0
724,1407.0,22.0,0.9891526196261393,83779.0,4.0
725,1329.0,56.0,0.9969712084053187,83780.0,4.0
726,1388.0,51.0,0.9883703388774803,83782.0,4.0
727,1283.0,32.0,0.9852549472885113,83785.0,4.0
728,1330.0,56.0,1.0,83787.0,4.0
729,1335.0,9.0,0.9923384275496371,83789.0,4.0
730,1329.0,45.0,0.9869599760954879,83797.0,4.0
731,1698.0,5.0,0.995203234250803,83798.0,4.0
732,1350.0,49.0,0.9977648072064386,83800.0,4.0
733,1283.0,13.0,0.9858611494932146,83803.0,4.0
734,1688.0,2.0,0.9899258276818299,83804.0,4.0
735,1302.0,7.0,0.9761981164065996,83805.0,4.0
736,1294.0,26.0,0.9745998097828674,83808.0,4.0
737,1274.0,12.0,0.9866634196502796,83811.0,4.0
738,1336.0,9.0,0.9909362279748378,83812.0,4.0
739,1249.0,43.0,1.0,83813.0,4.0
740,1297.0,30.0,0.9896764090340061,83814.0,4.0
741,1408.0,22.0,0.9913367917843628,83816.0,4.0
742,1251.0,44.0,0.9721600529810314,83818.0,4.0
743,1366.0,48.0,0.9798589517690388,83820.0,4.0
744,1331.0,56.0,0.9895300703463994,83823.0,4.0
745,1560.0,38.0,0.9683617182728788,83833.0,4.0
746,1699.0,5.0,1.0,83842.0,4.0
747,1352.0,49.0,0.9800199220319933,83843.0,4.0
748,1283.0,47.0,0.9909476596490712,83845.0,4.0
749,1338.0,9.0,0.990289636684209,83847.0,4.0
750,1285.0,13.0,0.9909679348963527,83852.0,4.0
751,1321.0,8.0,0.9825362488633334,83853.0,4.0
752,1271.0,42.0,0.992259196523816,83855.0,4.0
753,1409.0,22.0,0.9824114011891171,83858.0,4.0
754,1370.0,48.0,0.9781142252235936,83865.0,4.0
755,1328.0,16.0,0.9841656830124182,83871.0,4.0
756,1324.0,24.0,0.9939331758873494,83872.0,4.0
757,1700.0,5.0,0.9883602832013312,83884.0,4.0
758,1474.0,21.0,0.9955709554268154,83887.0,4.0
759,1279.0,12.0,0.9881598317445361,83888.0,4.0
760,1205.0,14.0,0.9608363938686748,83891.0,4.0
761,1339.0,46.0,0.9958340621579083,83907.0,4.0
762,1566.0,38.0,0.9853378070319813,83912.0,4.0
763,1206.0,14.0,0.986987458401296,83915.0,4.0
764,1473.0,21.0,0.9913696589897226,83920.0,4.0
765,1656.0,36.0,0.9948831823579195,83922.0,4.0
766,1657.0,36.0,0.9560096179243361,83923.0,4.0
767,1208.0,14.0,0.9976860369971088,83926.0,4.0
768,1332.0,28.0,0.9854265859806085,83929.0,4.0
769,1290.0,32.0,0.9884848506844534,83934.0,4.0
770,1287.0,47.0,0.9792586106313472,83935.0,4.0
771,1338.0,27.0,0.9802269976905552,83938.0,4.0
772,1341.0,27.0,0.9756179817189504,83941.0,4.0
773,1250.0,43.0,0.9827820325770362,83942.0,4.0
774,1298.0,26.0,0.9657051020002118,83959.0,4.0
775,1432.0,53.0,0.9905608408251217,83964.0,4.0
776,1302.0,30.0,0.9979624990257053,83970.0,4.0
777,1372.0,48.0,0.973195653634919,83981.0,4.0
778,1347.0,55.0,0.982138369185499,83984.0,4.0
779,1362.0,41.0,0.9928895459575059,83987.0,4.0
780,1286.0,47.0,0.9915996506399926,83988.0,4.0
781,1707.0,1.0,0.9787797335819712,83992.0,4.0
782,1255.0,43.0,0.9795917443873459,83994.0,4.0
783,1285.0,47.0,0.9880699332928837,83996.0,4.0
784,1334.0,45.0,0.9722214725029164,83997.0,4.0
785,1365.0,41.0,0.9868991388189433,84002.0,4.0
786,1366.0,41.0,0.9883857779797062,84003.0,4.0
787,1349.0,6.0,0.9891401439125093,84018.0,4.0
788,1471.0,21.0,0.9905917188046122,84019.0,4.0
789,1679.0,57.0,0.9955795873019998,84028.0,4.0
790,1415.0,22.0,0.9732929103918272,84030.0,4.0
791,1327.0,24.0,0.9771034215875575,84032.0,4.0
792,1351.0,6.0,0.9954089147719901,84037.0,4.0
793,1346.0,6.0,0.9858508416672527,84038.0,4.0
794,1429.0,53.0,0.9856498291244088,84040.0,4.0
795,1253.0,11.0,0.9966117903010717,84044.0,4.0
796,1252.0,29.0,0.9662992050491304,84053.0,4.0
797,1287.0,32.0,0.9954296524476077,84054.0,4.0
798,1297.0,26.0,0.9776218496423122,84057.0,4.0
799,1348.0,6.0,0.9912181826699772,84064.0,4.0
800,1275.0,42.0,0.9510023629181601,84069.0,4.0
801,1277.0,42.0,0.9864459272777948,84071.0,4.0
802,1273.0,34.0,0.9851766716770046,84079.0,4.0
803,1692.0,2.0,0.9920367472035561,84081.0,4.0
804,1262.0,25.0,0.9916953988566751,84086.0,4.0
805,1366.0,15.0,0.986509813808254,84087.0,4.0
806,1335.0,56.0,1.0,84093.0,4.0
807,1333.0,56.0,0.9968190575225139,84095.0,4.0
808,1341.0,46.0,0.9746403305213723,84104.0,4.0
809,1340.0,46.0,0.991305709679907,84105.0,4.0
810,1676.0,57.0,0.9676996996966162,84111.0,4.0
811,1675.0,57.0,0.9926165876236539,84112.0,4.0
812,1596.0,3.0,0.9747308705994481,84113.0,4.0
813,1595.0,3.0,0.969174011405552,84114.0,4.0
814,1343.0,27.0,0.9901994245051424,84115.0,4.0
815,1658.0,36.0,0.9898327839655257,84117.0,4.0
816,1348.0,55.0,0.982622745407692,84118.0,4.0
817,1367.0,41.0,0.9875917888692213,84121.0,4.0
818,1349.0,55.0,0.9860706136090479,84122.0,4.0
819,1334.0,28.0,0.9874409442671971,84129.0,4.0
820,1304.0,30.0,0.9929568850688164,84133.0,4.0
821,1613.0,19.0,0.9621105856519582,84134.0,4.0
822,1640.0,0.0,0.9947026156308677,84137.0,4.0
823,1289.0,47.0,0.987332881746161,84140.0,4.0
824,1671.0,37.0,0.9510457981170563,84141.0,4.0
825,1341.0,9.0,0.993053395035219,84144.0,4.0
826,1471.0,39.0,0.9957309536882977,84145.0,4.0
827,1254.0,29.0,0.9917801623306717,84151.0,4.0
828,1280.0,42.0,0.9965641262886475,84155.0,4.0
829,1367.0,15.0,0.996628144467873,84156.0,4.0
830,1681.0,57.0,0.9916897248590983,84159.0,4.0
831,1290.0,47.0,0.9898635500901714,84168.0,4.0
832,1234.0,10.0,0.9908022341091067,84173.0,4.0
833,1331.0,24.0,0.9630408276077029,84178.0,4.0
834,1375.0,48.0,0.9851521380859559,84179.0,4.0
835,1294.0,32.0,0.9755760161720048,84180.0,4.0
836,1308.0,30.0,0.9941436554789256,84186.0,4.0
837,1307.0,50.0,0.9879409313677845,84188.0,4.0
838,1346.0,46.0,0.9704624719845473,84191.0,4.0
839,1544.0,54.0,0.9913699020978772,84194.0,4.0
840,1351.0,55.0,0.9793403237969855,84195.0,4.0
841,1289.0,13.0,0.9894445468891226,84196.0,4.0
842,1607.0,3.0,0.9922554775790448,84197.0,4.0
843,1299.0,26.0,0.9687846058994583,84199.0,4.0
844,1309.0,50.0,0.991440371325945,84205.0,4.0
845,1253.0,35.0,0.9935224251098519,84208.0,4.0
846,1618.0,19.0,0.9903751080237073,84209.0,4.0
847,1409.0,52.0,0.9658704432436057,84222.0,4.0
848,1576.0,38.0,0.9949503682419829,84224.0,4.0
849,1577.0,38.0,0.9695303411006434,84225.0,4.0
850,1708.0,5.0,0.9964344390579307,84227.0,4.0
851,1300.0,32.0,0.9885701925644684,84232.0,4.0
852,1214.0,14.0,0.9975405902405635,84241.0,4.0
853,1439.0,53.0,0.9809874055721928,84244.0,4.0
854,1395.0,40.0,0.9960218635240835,84249.0,4.0
855,1269.0,25.0,0.9673965047289529,84252.0,4.0
856,1276.0,34.0,0.9564854464825927,84256.0,4.0
857,1550.0,20.0,0.9837750160568489,84263.0,4.0
858,1421.0,22.0,0.9503980045751058,84267.0,4.0
859,1296.0,32.0,0.9738128610400725,84271.0,4.0
860,1419.0,22.0,0.9727782162293889,84275.0,4.0
861,1297.0,32.0,0.9557711124214315,84276.0,4.0
862,1372.0,15.0,0.9623172210870587,84286.0,4.0
863,1329.0,16.0,0.9866961837003625,84289.0,4.0
864,1217.0,33.0,0.9776493198883246,84290.0,4.0
865,1377.0,48.0,0.9946555156361788,84291.0,4.0
866,1306.0,26.0,0.9710094419703658,84292.0,4.0
867,1293.0,13.0,0.9876670300465279,84296.0,4.0
868,1330.0,16.0,0.9893591329939193,84299.0,4.0
869,1683.0,57.0,0.9859082589930921,84301.0,4.0
870,1295.0,32.0,0.9735113206658755,84303.0,4.0
871,1483.0,21.0,0.9951892168669144,84310.0,4.0
872,1327.0,8.0,0.9779483594984688,84321.0,4.0
873,1262.0,29.0,0.9511919752248875,84324.0,4.0
874,1369.0,15.0,0.9629881556413,84330.0,4.0
875,1370.0,15.0,0.9903584019195774,84331.0,4.0
876,1709.0,5.0,0.9979817315349367,84333.0,4.0
877,1711.0,1.0,0.976879363223081,84341.0,4.0
878,1312.0,30.0,0.9611083526692269,84349.0,4.0
879,1376.0,48.0,0.9933431605632963,84350.0,4.0
880,1377.0,41.0,0.9916642178140479,84359.0,4.0
881,1391.0,40.0,0.9799209582337954,84361.0,4.0
882,1284.0,12.0,0.9931762580919296,84364.0,4.0
883,1287.0,12.0,0.9591358481709457,84367.0,4.0
884,1378.0,41.0,0.9576577269768769,84369.0,4.0
885,1395.0,51.0,0.9810308390620717,84371.0,4.0
886,1380.0,41.0,0.989507017112799,84374.0,4.0
887,1347.0,27.0,0.9961446706077123,84375.0,4.0
888,1436.0,23.0,0.9801482954517574,84376.0,4.0
889,1282.0,12.0,0.9631130210634914,84378.0,4.0
890,1283.0,42.0,0.9649628602333243,84382.0,4.0
891,1301.0,26.0,0.9868993297124726,84387.0,4.0
892,1235.0,10.0,0.9822222179783106,84390.0,4.0
893,1396.0,51.0,0.9713860154874016,84394.0,4.0
894,1371.0,41.0,0.9821876722736286,84396.0,4.0
895,1373.0,41.0,0.9833315835821046,84398.0,4.0
896,1257.0,11.0,1.0,84405.0,4.0
897,1575.0,38.0,0.9700565543002387,84408.0,4.0
898,1312.0,50.0,0.9523625244251802,84412.0,4.0
899,1709.0,1.0,0.979770285226249,84413.0,4.0
900,1710.0,1.0,0.98980680090742,84414.0,4.0
901,1257.0,43.0,0.9739285712995459,84415.0,4.0
902,1307.0,26.0,0.9559556880793357,84418.0,4.0
903,1382.0,48.0,1.0,84424.0,4.0
904,1292.0,47.0,0.9583256990319287,84437.0,4.0
905,1705.0,5.0,0.9850917988205035,84438.0,4.0
906,1648.0,0.0,1.0,84443.0,4.0
907,1654.0,58.0,0.9899789365068988,84446.0,4.0
908,1615.0,3.0,0.9958356796364009,84447.0,4.0
909,1296.0,13.0,0.9913791736303367,84451.0,4.0
910,1608.0,3.0,0.9744279398274933,84457.0,4.0
911,1433.0,23.0,0.9882541884006169,84458.0,4.0
912,1313.0,50.0,0.9912342280018677,84459.0,4.0
913,1304.0,32.0,0.9883251697335811,84470.0,4.0
914,1305.0,32.0,0.9812083469512111,84475.0,4.0
915,1272.0,25.0,0.9731636528684804,84476.0,4.0
916,1237.0,10.0,0.989356118947859,84477.0,4.0
917,1710.0,5.0,0.990728522487355,84479.0,4.0
918,1441.0,23.0,0.9976158320429309,84483.0,4.0
919,1381.0,41.0,0.9917164249139439,84484.0,4.0
920,1357.0,49.0,0.9933458547959195,84487.0,4.0
921,1711.0,5.0,0.992007860334982,84488.0,4.0
922,1406.0,40.0,0.99766818576183,84490.0,4.0
923,1347.0,56.0,0.9911817780879221,84492.0,4.0
924,1258.0,43.0,0.9695412777956147,84494.0,4.0
925,1617.0,3.0,0.9887802586415034,84495.0,4.0
926,1337.0,24.0,0.9898944917000986,84498.0,4.0
927,1407.0,40.0,0.9897976783091262,84501.0,4.0
928,1442.0,23.0,0.9961311042568761,84504.0,4.0
929,1288.0,12.0,0.9750769051839169,84506.0,4.0
930,1618.0,3.0,0.9861750476409551,84509.0,4.0
931,1619.0,3.0,0.9767443782691028,84510.0,4.0
932,1275.0,25.0,0.9965865204126533,84517.0,4.0
933,1338.0,24.0,0.9771562907597576,84518.0,4.0
934,1484.0,21.0,0.9893396941395782,84520.0,4.0
935,1443.0,23.0,0.9943875472926071,84528.0,4.0
936,1339.0,24.0,0.9924052650162482,84529.0,4.0
937,1385.0,48.0,0.9942995601525912,84530.0,4.0
938,1340.0,24.0,0.9830359261204656,84533.0,4.0
939,1331.0,8.0,0.9935062422328418,84537.0,4.0
940,1423.0,22.0,0.9880183639918092,84544.0,4.0
941,1264.0,29.0,0.9899897562523484,84546.0,4.0
942,1472.0,39.0,0.9888235112145081,84549.0,4.0
943,1312.0,26.0,0.983733225941538,84552.0,4.0
944,1712.0,5.0,0.9931743793446891,84553.0,4.0
945,1289.0,12.0,0.9891579976499556,84556.0,4.0
946,1290.0,12.0,0.9866974981683502,84558.0,4.0
947,1659.0,0.0,0.9702294573075273,84571.0,4.0
948,1259.0,43.0,0.9887670615069042,84576.0,4.0
949,1389.0,48.0,0.9550002324278553,84578.0,4.0
950,1715.0,5.0,0.9874344767718052,84581.0,4.0
951,1314.0,17.0,0.991975696629142,84583.0,4.0
952,1261.0,43.0,0.9545878809368691,84589.0,4.0
953,1260.0,43.0,0.9610620854531918,84590.0,4.0
954,1389.0,41.0,0.9948543714052651,84591.0,4.0
955,1317.0,50.0,0.9693969683177842,84598.0,4.0
956,1324.0,30.0,0.9880689621138113,84600.0,4.0
957,1350.0,27.0,0.9902807998974608,84601.0,4.0
958,1367.0,6.0,0.9956821602753001,84606.0,4.0
959,1447.0,23.0,0.9860907256337275,84615.0,4.0
960,1656.0,0.0,0.9871130815730748,84621.0,4.0
961,1347.0,24.0,0.9943650278352507,84627.0,4.0
962,1321.0,50.0,0.9704297981477766,84628.0,4.0
963,1557.0,20.0,0.99576002782608,84631.0,4.0
964,1558.0,20.0,0.986184187017422,84632.0,4.0
965,1346.0,24.0,0.9782032368142497,84635.0,4.0
966,1348.0,56.0,0.9559131487999725,84640.0,4.0
967,1268.0,29.0,1.0,84642.0,4.0
968,1359.0,49.0,0.9583339200387533,84654.0,4.0
969,1488.0,21.0,0.9856913668831128,84655.0,4.0
970,1660.0,0.0,0.9743750380603872,84670.0,4.0
971,1313.0,7.0,0.993014505004097,84686.0,4.0
972,1332.0,8.0,0.9529528710274792,84701.0,4.0
973,1334.0,8.0,0.9914693213294606,84703.0,4.0
974,1486.0,21.0,0.9537367439661932,84710.0,4.0
975,1355.0,27.0,0.9914149864923686,84716.0,4.0
976,1289.0,42.0,0.9804065230427843,84722.0,4.0
977,1286.0,42.0,0.993220718172927,84724.0,4.0
978,1358.0,49.0,0.9962078338170192,84729.0,4.0
979,1658.0,58.0,0.9953207556739926,84732.0,4.0
980,1624.0,19.0,0.9966964444047416,84737.0,4.0
981,1288.0,42.0,1.0,84741.0,4.0
982,1309.0,32.0,1.0,84742.0,4.0
983,1301.0,13.0,0.993227849129038,84747.0,4.0
984,1279.0,34.0,0.9795279149272872,84765.0,4.0
985,1277.0,34.0,0.985458673128839,84767.0,4.0
986,1670.0,58.0,0.9963974185906783,84771.0,4.0
987,1443.0,53.0,0.9731155648368895,84773.0,4.0
988,1356.0,55.0,0.995283889952491,84775.0,4.0
989,1350.0,56.0,0.9834118963735603,84788.0,4.0
990,1353.0,46.0,0.9945684360929736,84789.0,4.0
991,1660.0,36.0,0.9591385962170881,84793.0,4.0
992,1659.0,36.0,0.9896699869360392,84794.0,4.0
993,1340.0,28.0,0.9971360564964017,84795.0,4.0
994,1325.0,50.0,0.9903487355048384,84796.0,4.0
995,1320.0,50.0,0.9850354123108943,84800.0,4.0
996,1262.0,11.0,0.9505675286146684,84803.0,4.0
997,1668.0,58.0,0.993828815959873,84804.0,4.0
998,1444.0,53.0,0.9857837943081791,84805.0,4.0
999,1390.0,48.0,0.9791975469031301,84815.0,4.0
1000,1476.0,39.0,0.9881209750381015,84821.0,4.0
1001,1315.0,7.0,0.9840193323655847,84822.0,4.0
1002,1426.0,22.0,0.992356226421402,84824.0,4.0
1003,1265.0,11.0,0.9867514408786042,84826.0,4.0
1004,1358.0,55.0,1.0,84829.0,4.0
1005,1671.0,58.0,0.9860537981455403,84830.0,4.0
1006,1371.0,6.0,0.9812491966780712,84831.0,4.0
1007,1626.0,19.0,0.9823268733022402,84832.0,4.0
1008,1298.0,12.0,0.9649766951743913,84833.0,4.0
1009,1279.0,25.0,0.9500464522602553,84836.0,4.0
1010,1299.0,12.0,0.9948552037347593,84837.0,4.0
1011,1315.0,26.0,0.9864017655151484,84838.0,4.0
1012,1359.0,55.0,0.984136974321262,84839.0,4.0
1013,1300.0,12.0,0.9972248195267859,84840.0,4.0
1014,1477.0,39.0,0.9802203980833657,84841.0,4.0
1015,1270.0,29.0,0.990314387064569,84842.0,4.0
1016,1490.0,21.0,0.9949868518100403,84843.0,4.0
1017,1311.0,32.0,0.9700260355993215,84845.0,4.0
1018,1672.0,58.0,0.9935716189675043,84850.0,4.0
1019,1360.0,55.0,0.9893200168921403,84851.0,4.0
1020,1316.0,26.0,0.989951212568435,84853.0,4.0
1021,1344.0,28.0,0.9954299596941131,84855.0,4.0
1022,1337.0,8.0,0.9881886572854445,84857.0,4.0
1023,1626.0,3.0,0.985808718322941,84859.0,4.0
1024,1457.0,23.0,0.992600433453888,84865.0,4.0
1025,1309.0,13.0,0.9937978237417653,84868.0,4.0
1026,1223.0,14.0,0.9877043971185383,84870.0,4.0
1027,1416.0,40.0,0.9952390136538474,84871.0,4.0
1028,1356.0,56.0,0.9944304525616087,84872.0,4.0
1029,1258.0,10.0,0.9938836696418205,84873.0,4.0
1030,1372.0,6.0,0.9964047318288579,84877.0,4.0
1031,1265.0,43.0,0.9909696246023073,84878.0,4.0
1032,1268.0,43.0,0.9932008377957096,84880.0,4.0
1033,1352.0,24.0,0.993036378099228,84885.0,4.0
1034,1393.0,41.0,0.9883743489254361,84889.0,4.0
1035,1402.0,51.0,0.9765570988410391,84892.0,4.0
1036,1362.0,27.0,0.9946183080026008,84901.0,4.0
1037,1361.0,27.0,0.9904471739702382,84902.0,4.0
1038,1592.0,38.0,0.9922414284628421,84912.0,4.0
1039,1630.0,3.0,0.9916571543657972,84915.0,4.0
1040,1459.0,23.0,0.9913259562976952,84916.0,4.0
1041,1394.0,48.0,0.9517286072489449,84918.0,4.0
1042,1465.0,23.0,0.9911039519624378,84921.0,4.0
1043,1349.0,24.0,0.9871754241919414,84926.0,4.0
1044,1295.0,42.0,0.9941228409544726,84927.0,4.0
1045,1315.0,17.0,0.9734955984663848,84928.0,4.0
1046,1590.0,38.0,0.9797345705010434,84930.0,4.0
1047,1632.0,3.0,0.9934461988978035,84934.0,4.0
1048,1266.0,43.0,0.9881139223234506,84936.0,4.0
1049,1262.0,10.0,1.0,84938.0,4.0
1050,1303.0,12.0,0.9766497646493637,84945.0,4.0
1051,1325.0,30.0,0.9926427034350597,84950.0,4.0
1052,1393.0,48.0,0.982143191350996,84953.0,4.0
1053,1666.0,0.0,0.9899411402437326,84966.0,4.0
1054,1669.0,0.0,0.9651604700947578,84971.0,4.0
1055,1287.0,34.0,0.9937700040635021,84976.0,4.0
1056,1282.0,34.0,0.983003974384937,84977.0,4.0
1057,1661.0,36.0,0.9770591904642604,84982.0,4.0
1058,1376.0,6.0,0.9940592090424679,84983.0,4.0
1059,1361.0,55.0,0.9862011303392016,84987.0,4.0
1060,1280.0,25.0,0.987623103335831,84988.0,4.0
1061,1285.0,34.0,1.0,84991.0,4.0
1062,1286.0,34.0,0.9768607942036575,84992.0,4.0
1063,1260.0,10.0,0.989255094065424,84998.0,4.0
1064,1330.0,50.0,0.9865256777316525,85003.0,4.0
1065,1331.0,50.0,0.9791770899777384,85004.0,4.0
1066,1373.0,6.0,0.9892119530780386,85005.0,4.0
1067,1352.0,45.0,0.989543852101731,85007.0,4.0
1068,1491.0,21.0,0.9825665962914407,85008.0,4.0
1069,1420.0,52.0,0.9948171543687446,85022.0,4.0
1070,1375.0,15.0,0.9833633819461232,85027.0,4.0
1071,1292.0,42.0,0.9726349284858915,85029.0,4.0
1072,1479.0,39.0,0.9978831288223243,85041.0,4.0
1073,1312.0,13.0,0.9696909779524124,85043.0,4.0
1074,1310.0,13.0,0.9833060277510086,85047.0,4.0
1075,1547.0,54.0,0.9945094647586458,85050.0,4.0
1076,1568.0,20.0,0.9804525170089388,85053.0,4.0
1077,1678.0,58.0,0.9914218554534562,85058.0,4.0
1078,1548.0,54.0,0.9595993390121864,85060.0,4.0
1079,1419.0,40.0,0.9918004260006084,85063.0,4.0
1080,1338.0,8.0,0.9947931918320347,85069.0,4.0
1081,1493.0,21.0,0.9952011187322954,85070.0,4.0
1082,1342.0,8.0,0.9910589161768246,85071.0,4.0
1083,1632.0,19.0,0.9816491645772664,85072.0,4.0
1084,1269.0,11.0,0.9912126239657717,85074.0,4.0
1085,1718.0,5.0,0.9845698051478226,85075.0,4.0
1086,1331.0,16.0,0.9899987939117065,85078.0,4.0
1087,1332.0,16.0,0.9875164468359572,85079.0,4.0
1088,1319.0,13.0,0.9944746723477328,85080.0,4.0
1089,1360.0,56.0,0.9823162709451497,85081.0,4.0
1090,1572.0,20.0,0.9908709743580632,85084.0,4.0
1091,1270.0,43.0,1.0,85085.0,4.0
1092,1305.0,12.0,0.9893217790907741,85086.0,4.0
1093,1266.0,10.0,0.994434738035781,85087.0,4.0
1094,1697.0,57.0,0.9713759754118395,85089.0,4.0
1095,1719.0,5.0,0.9847338135571546,85092.0,4.0
1096,1272.0,29.0,0.9940022236739688,85097.0,4.0
1097,1633.0,3.0,0.993812784592612,85098.0,4.0
1098,1633.0,19.0,0.97925722588512,85099.0,4.0
1099,1261.0,44.0,0.9699383553999559,85101.0,4.0
1100,1320.0,13.0,0.9908688991625995,85103.0,4.0
1101,1267.0,10.0,0.9915668363051434,85109.0,4.0
1102,1268.0,10.0,0.9891496452698018,85110.0,4.0
1103,1420.0,40.0,0.9937352854428255,85113.0,4.0
1104,1634.0,19.0,0.982710477120722,85114.0,4.0
1105,1288.0,34.0,0.951693921512209,85115.0,4.0
1106,1379.0,6.0,0.98904459957277,85117.0,4.0
1107,1383.0,6.0,0.9819785183018518,85119.0,4.0
1108,1698.0,57.0,0.9961215127570464,85122.0,4.0
1109,1424.0,40.0,0.9608463527029736,85128.0,4.0
1110,1429.0,22.0,0.9958213828305299,85137.0,4.0
1111,1347.0,8.0,0.9694759764465593,85139.0,4.0
1112,1350.0,9.0,0.9703497127334176,85140.0,4.0
1113,1297.0,42.0,0.9686814368340423,85142.0,4.0
1114,1316.0,17.0,0.9572161758735368,85145.0,4.0
1115,1274.0,29.0,0.9822798455841744,85147.0,4.0
1116,1303.0,47.0,0.9805204954607242,85149.0,4.0
1117,1634.0,3.0,0.9895098347860083,85155.0,4.0
1118,1683.0,58.0,0.9946358899040433,85156.0,4.0
1119,1421.0,40.0,0.9966645006604639,85159.0,4.0
1120,1422.0,40.0,0.9952931322559769,85161.0,4.0
1121,1272.0,43.0,0.9870229619268757,85164.0,4.0
1122,1291.0,25.0,0.9856212499560685,85172.0,4.0
1123,1318.0,7.0,0.9893689194146047,85176.0,4.0
1124,1262.0,44.0,0.9695417152346014,85180.0,4.0
1125,1679.0,0.0,0.9569155769280188,85181.0,4.0
1126,1263.0,44.0,0.9790595735692585,85182.0,4.0
1127,1321.0,13.0,0.9573978883980163,85185.0,4.0
1128,1635.0,3.0,0.9910740865886581,85193.0,4.0
1129,1677.0,0.0,0.9832981546097274,85197.0,4.0
1130,1470.0,23.0,0.9897912197405243,85198.0,4.0
1131,1221.0,33.0,0.9848848898296462,85201.0,4.0
1132,1370.0,55.0,0.9807769746650058,85206.0,4.0
1133,1220.0,33.0,0.9772101438767363,85210.0,4.0
1134,1639.0,19.0,0.9795026534509943,85211.0,4.0
1135,1676.0,0.0,1.0,85212.0,4.0
1136,1273.0,43.0,0.9793818934000582,85215.0,4.0
1137,1273.0,10.0,0.9850634519915235,85220.0,4.0
1138,1682.0,58.0,0.9822364306173792,85223.0,4.0
1139,1346.0,28.0,0.9853267203620355,85228.0,4.0
1140,1276.0,11.0,0.9522298301917307,85230.0,4.0
1141,1598.0,38.0,0.9861829943351897,85233.0,4.0
1142,1337.0,50.0,0.9803855608525545,85234.0,4.0
1143,1423.0,52.0,0.9916409570686028,85236.0,4.0
1144,1713.0,2.0,0.9955786135038777,85237.0,4.0
1145,1711.0,2.0,0.9807390538486894,85239.0,4.0
1146,1680.0,58.0,0.9888131658526064,85246.0,4.0
1147,1574.0,20.0,0.9887706668627847,85248.0,4.0
1148,1273.0,11.0,0.9541559506847808,85252.0,4.0
1149,1272.0,11.0,0.9932935079265343,85255.0,4.0
1150,1595.0,38.0,1.0,85256.0,4.0
1151,1226.0,14.0,0.9925063833215961,85257.0,4.0
1152,1576.0,20.0,0.9819443038593169,85263.0,4.0
1153,1481.0,39.0,0.991635463698281,85268.0,4.0
1154,1274.0,11.0,0.9876134378805359,85277.0,4.0
1155,1275.0,43.0,0.9738504016282197,85280.0,4.0
1156,1278.0,29.0,0.9940306395461667,85282.0,4.0
1157,1384.0,6.0,0.9921483603086532,85284.0,4.0
1158,1600.0,38.0,0.9808040400508062,85288.0,4.0
1159,1363.0,31.0,0.9881998125702199,85291.0,4.0
1160,1702.0,57.0,0.9839620275636752,85292.0,4.0
1161,1425.0,40.0,0.9831120900894258,85294.0,4.0
1162,1640.0,19.0,0.993448201024788,85295.0,4.0
1163,1294.0,25.0,0.9925726212559328,85296.0,4.0
1164,1349.0,8.0,0.9887705757731223,85298.0,4.0
1165,1276.0,43.0,0.9956521385478833,85301.0,4.0
1166,1722.0,5.0,0.9863300478088916,85302.0,4.0
1167,1291.0,34.0,0.9869954689468264,85303.0,4.0
1168,1426.0,40.0,0.9925384688182304,85304.0,4.0
1169,1723.0,5.0,0.9897819187009165,85305.0,4.0
1170,1279.0,29.0,0.9952987277664,85306.0,4.0
1171,1372.0,55.0,0.962423241400803,85310.0,4.0
1172,1387.0,6.0,0.9871899623809332,85312.0,4.0
1173,1296.0,25.0,0.996018135283469,85315.0,4.0
1174,1388.0,6.0,0.9918277506598161,85316.0,4.0
1175,1389.0,6.0,0.9927086349473783,85317.0,4.0
1176,1379.0,15.0,0.9839610660582525,85319.0,4.0
1177,1619.0,4.0,0.9954061553550853,81229.0,4.0
1178,1385.0,53.0,0.9959084835344137,81234.0,4.0
1179,1620.0,4.0,0.985385916891712,81235.0,4.0
1180,1298.0,25.0,0.9779954302322269,85330.0,4.0
1181,1264.0,44.0,0.964036374096315,85335.0,4.0
1182,1039.0,59.0,1.0,81241.0,4.0
1183,1350.0,22.0,0.9929316157790827,81242.0,4.0
1184,1278.0,43.0,0.9910055470344895,85338.0,4.0
1185,1319.0,7.0,1.0,85343.0,4.0
1186,1303.0,17.0,0.981638872609744,81248.0,4.0
1187,1242.0,47.0,0.9511829086538217,81250.0,4.0
1188,1622.0,4.0,0.9825749242827925,81251.0,4.0
1189,1642.0,19.0,0.9967143848869077,85348.0,4.0
1190,1644.0,19.0,0.9607918433602908,85351.0,4.0
1191,1187.0,33.0,0.9954256491493486,81257.0,4.0
1192,1282.0,10.0,0.9696745792466074,85355.0,4.0
1193,1387.0,53.0,0.9844093636421944,81262.0,4.0
1194,1048.0,59.0,0.9831731802474815,81263.0,4.0
1195,1478.0,23.0,0.9930471679345172,85358.0,4.0
1196,1204.0,35.0,0.988083897695634,81265.0,4.0
1197,1562.0,18.0,0.9954008490702478,81266.0,4.0
1198,1602.0,38.0,0.9621017925934332,85365.0,4.0
1199,1364.0,56.0,0.9841596559811173,85366.0,4.0
1200,1047.0,59.0,0.9836270122105549,81271.0,4.0
1201,1051.0,59.0,0.9654107299447111,81272.0,4.0
1202,1399.0,48.0,0.9867042588802601,85371.0,4.0
1203,1404.0,41.0,0.9903214368334987,85373.0,4.0
1204,1640.0,3.0,0.9933146020169614,85374.0,4.0
1205,1345.0,40.0,0.9903768797651049,81280.0,4.0
1206,1564.0,18.0,1.0,81281.0,4.0
1207,1307.0,47.0,0.9887908352453653,85376.0,4.0
1208,1634.0,1.0,0.9781442916910217,81283.0,4.0
1209,1329.0,13.0,0.994194780874828,85377.0,4.0
1210,1715.0,1.0,0.9784878007030304,85381.0,4.0
1211,1630.0,4.0,0.9930315010933202,81286.0,4.0
1212,1298.0,42.0,0.9697761122035765,85386.0,4.0
1213,1724.0,5.0,0.9955025019145519,85391.0,4.0
1214,1208.0,44.0,0.9889972413926713,81299.0,4.0
1215,1278.0,10.0,0.9879521125053436,85395.0,4.0
1216,1448.0,53.0,0.9849334926034684,85397.0,4.0
1217,1366.0,27.0,0.9935084780913135,85400.0,4.0
1218,1205.0,35.0,0.9901376631246628,81307.0,4.0
1219,1350.0,8.0,0.9685075665858347,85403.0,4.0
1220,1380.0,15.0,0.9711149709722846,85404.0,4.0
1221,1365.0,52.0,0.9968194034456854,81310.0,4.0
1222,1636.0,4.0,0.9925215875069209,81311.0,4.0
1223,1728.0,5.0,0.9980524623639564,85406.0,4.0
1224,1427.0,52.0,0.9732883267335407,85410.0,4.0
1225,1640.0,4.0,0.9967761379173152,81324.0,4.0
1226,1333.0,16.0,0.972994535533347,85420.0,4.0
1227,1682.0,0.0,0.9591465282069298,85422.0,4.0
1228,1207.0,35.0,0.9825233864063587,81327.0,4.0
1229,1289.0,31.0,0.9829096088747098,81328.0,4.0
1230,1727.0,5.0,0.9919414385662095,85426.0,4.0
1231,1635.0,1.0,0.9804817098916164,81331.0,4.0
1232,1280.0,50.0,0.9741042112369637,81332.0,4.0
1233,1566.0,18.0,0.9820806495470337,81333.0,4.0
1234,1365.0,56.0,0.9895429458304555,85430.0,4.0
1235,1322.0,25.0,0.9676457870599146,85693.0,4.0
1236,1574.0,3.0,0.9862380855345118,83133.0,4.0
1237,1352.0,30.0,0.9775015565503415,85701.0,4.0
1238,1495.0,21.0,0.9826143609091204,85320.0,4.0
1239,1527.0,54.0,0.9734083689570356,83274.0,4.0
1240,1238.0,32.0,0.9878206729758903,81359.0,4.0
1241,1640.0,58.0,0.9923592287757337,83536.0,4.0
1242,1582.0,3.0,0.9911669447303214,83665.0,4.0
1243,1667.0,5.0,0.9916289454123381,82128.0,4.0
1244,1284.0,43.0,0.9798625193303342,85719.0,4.0
1245,1208.0,29.0,1.0,81752.0,4.0
1246,1322.0,31.0,0.9679161865760569,82521.0,4.0
1247,1306.0,25.0,0.9769311349463643,85466.0,4.0
1248,1369.0,56.0,0.9792984558513689,85594.0,4.0
1249,1469.0,39.0,0.9939890745401051,83932.0,4.0
1250,1262.0,12.0,0.9934476352152212,82908.0,4.0
1251,1220.0,44.0,0.9843099946034763,82151.0,4.0
1252,1254.0,26.0,0.9916150267828191,81896.0,4.0
1253,1163.0,14.0,0.9771482898384442,82025.0,4.0
1254,1652.0,57.0,0.9910282695656759,83049.0,4.0
1255,1356.0,27.0,0.9948337757053346,84715.0,4.0
1256,1327.0,13.0,0.9893663715950026,85226.0,4.0
1257,1412.0,41.0,0.9860280940282572,85613.0,4.0
1258,1666.0,4.0,0.9918944357481548,81646.0,4.0
1259,1623.0,4.0,0.9836097933064921,81255.0,4.0
1260,1662.0,58.0,0.9867342091344818,84721.0,4.0
1261,1475.0,39.0,0.9858181412632244,84596.0,4.0
1262,1317.0,9.0,0.9900526302942545,82934.0,4.0
1263,1685.0,5.0,0.9734307035711017,82936.0,4.0
1264,1285.0,10.0,0.9919349099671878,85501.0,4.0
1265,1353.0,8.0,0.9768699314139857,85504.0,4.0
1266,1398.0,40.0,0.9855671527840514,84226.0,4.0
1267,1314.0,8.0,0.9760545290742697,83588.0,4.0
1268,1336.0,28.0,0.9962153531216956,84228.0,4.0
1269,1639.0,3.0,0.9876521185860382,85380.0,4.0
1270,1596.0,38.0,0.9773780237418879,85258.0,4.0
1271,1081.0,59.0,0.9941562976067776,81421.0,4.0
1272,1344.0,45.0,0.9793194553629482,84750.0,4.0
1273,1301.0,31.0,0.9924864353483761,81809.0,4.0
1274,1088.0,59.0,0.9712039642774952,81685.0,4.0
1275,1290.0,10.0,0.9674677736070244,85526.0,4.0
1276,1430.0,23.0,0.9859224073477768,83861.0,4.0
1277,1591.0,20.0,0.9796494508788769,85528.0,4.0
1278,1284.0,29.0,0.985080380262979,85532.0,4.0
1279,1704.0,57.0,0.982745266292372,85533.0,4.0
1280,1278.0,34.0,0.984861816565503,84766.0,4.0
1281,1341.0,6.0,0.9831610183255997,83488.0,4.0
1282,1265.0,13.0,0.9807680759619601,82596.0,4.0
1283,1345.0,24.0,0.9880880430226051,84644.0,4.0
1284,1399.0,6.0,0.9898093001543411,85672.0,4.0
1285,1638.0,4.0,0.9958868212439685,81322.0,4.0
1286,1394.0,22.0,0.9870990693971591,83243.0,4.0
1287,1333.0,28.0,0.9856497201056007,84012.0,4.0
1288,1443.0,21.0,0.9721496308562608,82477.0,4.0
1289,1492.0,23.0,0.9877849193688788,85679.0,4.0
1290,1416.0,21.0,0.9866116584164808,81591.0,4.0
1291,1494.0,54.0,0.9827868721843289,82233.0,4.0
1292,1374.0,22.0,0.9908767882702298,82489.0,4.0
1293,1701.0,57.0,0.9936818255296967,85179.0,4.0
1294,1089.0,59.0,0.9784339775167101,81821.0,4.0
1295,1648.0,4.0,0.9900169460935195,81406.0,4.0
1296,1677.0,58.0,0.9958191633015524,85054.0,4.0
1297,1447.0,21.0,0.9718801743609787,82496.0,4.0
1298,1053.0,59.0,0.9851868460382952,81277.0,4.0
1299,1457.0,21.0,0.9707154572989977,83266.0,4.0
1300,1467.0,39.0,0.9790165627651765,84099.0,4.0
1301,1616.0,3.0,0.9812114275816738,84422.0,4.0
1302,1381.0,40.0,0.9699976764653201,83687.0,4.0
1303,1630.0,57.0,0.9930320126371054,81961.0,4.0
1304,1393.0,6.0,0.9772085698670864,85514.0,4.0
1305,1320.0,6.0,0.9831029966029909,82288.0,4.0
1306,1676.0,58.0,0.9948003057504489,85039.0,4.0
1307,1726.0,5.0,0.9846944684441092,85424.0,4.0
1308,1635.0,4.0,0.996030034060807,81303.0,4.0
1309,1598.0,37.0,0.9694039884459646,81337.0,4.0
1310,1577.0,3.0,0.9948960027009501,83390.0,4.0
1311,1695.0,1.0,0.9891955051573516,83394.0,4.0
1312,1641.0,3.0,0.9967570953899069,85445.0,4.0
1313,1464.0,54.0,0.9928263114424076,81356.0,4.0
1314,1350.0,50.0,0.976097983659288,85452.0,4.0
1315,1584.0,36.0,0.9812461210844051,81362.0,4.0
1316,1071.0,59.0,0.9931549755355489,81365.0,4.0
1317,1353.0,50.0,0.9879635687857915,85462.0,4.0
1318,1305.0,25.0,0.9912829619040798,85468.0,4.0
1319,1587.0,36.0,0.9923608106848346,81375.0,4.0
1320,1312.0,24.0,0.9931366083056413,83431.0,4.0
1321,1634.0,58.0,0.9949542453098842,83433.0,4.0
1322,1354.0,45.0,0.9722580213877149,85482.0,4.0
1323,1336.0,13.0,0.9834700781323733,85484.0,4.0
1324,1073.0,59.0,0.9937424676337814,81389.0,4.0
1325,1322.0,26.0,0.9851473404542762,85487.0,4.0
1326,1321.0,56.0,0.9922532150476561,83441.0,4.0
1327,1331.0,46.0,0.9936995191266448,83448.0,4.0
1328,1297.0,49.0,0.9933983581137428,81402.0,4.0
1329,1635.0,58.0,0.9956421631703722,83451.0,4.0
1330,1378.0,40.0,0.9938561382136453,83453.0,4.0
1331,1639.0,1.0,0.9934580507337593,81408.0,4.0
1332,1331.0,27.0,0.9863982343234097,83465.0,4.0
1333,1082.0,59.0,0.9964692361653932,81423.0,4.0
1334,1571.0,18.0,0.9674060516859668,81429.0,4.0
1335,1280.0,9.0,0.9761758972492594,81435.0,4.0
1336,1310.0,25.0,0.9911593133970269,85545.0,4.0
1337,1270.0,30.0,0.9920582418250977,81471.0,4.0
1338,1318.0,32.0,0.9857916293359464,85575.0,4.0
1339,1646.0,5.0,0.9938293373904278,81480.0,4.0
1340,1603.0,20.0,0.9812317373100506,85580.0,4.0
1341,1639.0,58.0,0.9946090636343269,83535.0,4.0
1342,1380.0,40.0,0.9944566617783129,83542.0,4.0
1343,1655.0,4.0,0.9900097301999967,81495.0,4.0
1344,1342.0,13.0,0.9926117088369478,85600.0,4.0
1345,1282.0,46.0,0.9938825601479575,81505.0,4.0
1346,1657.0,4.0,0.9804507019632913,81509.0,4.0
1347,1685.0,2.0,0.9702799094570846,83557.0,4.0
1348,1315.0,25.0,0.9963702817070144,85609.0,4.0
1349,1246.0,47.0,0.9735216323868374,81517.0,4.0
1350,1292.0,7.0,0.9787658127616502,83565.0,4.0
1351,1591.0,36.0,0.9952215818720017,81522.0,4.0
1352,1697.0,1.0,0.9714797823929986,83577.0,4.0
1353,1606.0,20.0,0.9717769460494831,85628.0,4.0
1354,1414.0,21.0,0.9907051622892558,81535.0,4.0
1355,1597.0,36.0,0.993201374272145,81537.0,4.0
1356,1286.0,29.0,0.9834083540346179,85633.0,4.0
1357,1343.0,13.0,0.9880591602425987,85638.0,4.0
1358,1647.0,5.0,0.992517733373217,81543.0,4.0
1359,1592.0,3.0,0.9944723051658602,83599.0,4.0
1360,1347.0,30.0,0.9949253081728423,85648.0,4.0
1361,1323.0,7.0,0.9807659964544727,85656.0,4.0
1362,1619.0,57.0,0.9800221643801982,81562.0,4.0
1363,1648.0,5.0,0.9927162512578696,81563.0,4.0
1364,1358.0,50.0,0.9905057424672554,85660.0,4.0
1365,1669.0,57.0,0.9915653263780224,83620.0,4.0
1366,1397.0,6.0,0.9859576795148293,85669.0,4.0
1367,1462.0,39.0,0.9902386264121764,83624.0,4.0
1368,1600.0,36.0,0.9754031755705284,81578.0,4.0
1369,1293.0,7.0,0.9876640679827987,83627.0,4.0
1370,1268.0,34.0,0.9882175507724147,83630.0,4.0
1371,1321.0,45.0,0.9896386346656592,83635.0,4.0
1372,1603.0,36.0,0.9818913993306562,81587.0,4.0
1373,1629.0,0.0,0.9914840699701909,83636.0,4.0
1374,1703.0,58.0,0.9966952063819713,85689.0,4.0
1375,1274.0,8.0,0.9934625600378514,81603.0,4.0
1376,1355.0,9.0,0.9949253629671396,85700.0,4.0
1377,1645.0,2.0,0.9628022750442744,81610.0,4.0
1378,1351.0,28.0,0.9795867026921966,85708.0,4.0
1379,1271.0,30.0,0.9906506956145043,81614.0,4.0
1380,1383.0,40.0,0.9677047489794378,83673.0,4.0
1381,1294.0,31.0,0.9899267154375244,81639.0,4.0
1382,1296.0,31.0,1.0,81642.0,4.0
1383,1297.0,31.0,0.9717069850564385,81643.0,4.0
1384,1202.0,14.0,0.9725578416975293,83696.0,4.0
1385,1155.0,14.0,0.9782316622463579,81654.0,4.0
1386,1633.0,0.0,0.981663227835032,83709.0,4.0
1387,1286.0,46.0,0.9835369326430735,81667.0,4.0
1388,1385.0,51.0,0.9687917250250128,83715.0,4.0
1389,1353.0,41.0,0.9941547328314483,83722.0,4.0
1390,1345.0,31.0,0.9861352861616945,83736.0,4.0
1391,1421.0,53.0,0.9820698650498556,83743.0,4.0
1392,1646.0,1.0,0.9751184857535822,81703.0,4.0
1393,1249.0,26.0,0.9776691118691946,81723.0,4.0
1394,1353.0,22.0,0.9907240590353408,81732.0,4.0
1395,1644.0,58.0,0.9905004509981915,83781.0,4.0
1396,1645.0,58.0,0.9983142812192999,83786.0,4.0
1397,1277.0,8.0,0.9718619510162378,81742.0,4.0
1398,1595.0,18.0,0.986936104261768,81751.0,4.0
1399,1406.0,39.0,0.9894647834964259,81764.0,4.0
1400,1598.0,18.0,0.9881384800353774,81774.0,4.0
1401,1327.0,28.0,0.9926338383208699,83825.0,4.0
1402,1295.0,45.0,1.0,81789.0,4.0
1403,1652.0,5.0,0.9902014719985933,81793.0,4.0
1404,1568.0,19.0,0.9712712136382634,81795.0,4.0
1405,1287.0,9.0,0.9931124964288184,81810.0,4.0
1406,1431.0,23.0,0.9859713610537907,83860.0,4.0
1407,1654.0,1.0,0.9813550121023562,81817.0,4.0
1408,1606.0,19.0,0.9947550569783988,83879.0,4.0
1409,1309.0,55.0,0.9745631292720289,81833.0,4.0
1410,1423.0,21.0,0.9892693316935567,81836.0,4.0
1411,1623.0,57.0,0.9907451706871198,81843.0,4.0
1412,1340.0,55.0,0.9704857853132777,83893.0,4.0
1413,1341.0,56.0,0.9744717510641857,83896.0,4.0
1414,1609.0,37.0,0.9774214415724533,81855.0,4.0
1415,1685.0,4.0,0.997434961686355,81856.0,4.0
1416,1343.0,46.0,0.9638990477385291,83903.0,4.0
1417,1479.0,54.0,0.9859119087754,81858.0,4.0
1418,1340.0,56.0,0.9776078830597187,83905.0,4.0
1419,1481.0,54.0,0.9903158912102067,81876.0,4.0
1420,1605.0,19.0,0.9794743803388206,83924.0,4.0
1421,1468.0,39.0,0.9920263830807112,83928.0,4.0
1422,1424.0,21.0,0.9947545999152372,81883.0,4.0
1423,1570.0,19.0,0.99105101483395,81892.0,4.0
1424,1296.0,26.0,0.9731960755844263,83947.0,4.0
1425,1373.0,48.0,0.9846309587995694,83948.0,4.0
1426,1613.0,37.0,0.9762248830539787,81905.0,4.0
1427,1252.0,44.0,0.9630964627362726,83960.0,4.0
1428,1431.0,53.0,0.9696580940731725,83963.0,4.0
1429,1312.0,55.0,0.9870426685512977,81916.0,4.0
1430,1322.0,24.0,0.9936641670290535,83968.0,4.0
1431,1704.0,1.0,0.986867657285665,83971.0,4.0
1432,1363.0,41.0,0.9985490702839693,83972.0,4.0
1433,1276.0,12.0,0.9952580424341246,83975.0,4.0
1434,1387.0,40.0,0.9915685001398971,83979.0,4.0
1435,1328.0,24.0,0.9837180903518327,83982.0,4.0
1436,1388.0,40.0,0.9954204787550892,83985.0,4.0
1437,1618.0,58.0,0.9895951479316794,81947.0,4.0
1438,1627.0,57.0,0.9926940112791446,81948.0,4.0
1439,1364.0,41.0,0.9918447634978387,84001.0,4.0
1440,1483.0,54.0,0.9909540512286512,81958.0,4.0
1441,1665.0,5.0,0.9893467017644241,81968.0,4.0
1442,1604.0,3.0,0.9968063223776016,84016.0,4.0
1443,1613.0,18.0,0.9722154179839166,81974.0,4.0
1444,1598.0,3.0,0.9906775030187819,84024.0,4.0
1445,1165.0,14.0,0.9838143664623046,81984.0,4.0
1446,1611.0,18.0,0.9938015864047591,81988.0,4.0
1447,1651.0,58.0,0.9944383833555684,84046.0,4.0
1448,1615.0,36.0,0.987274541349307,81999.0,4.0
1449,1286.0,32.0,0.9828600360455054,84049.0,4.0
1450,1612.0,18.0,0.9866406933483359,82006.0,4.0
1451,1280.0,8.0,0.9894006503957624,82019.0,4.0
1452,1285.0,32.0,0.9891728976823463,84067.0,4.0
1453,1333.0,41.0,0.9693732665015313,82024.0,4.0
1454,1279.0,42.0,0.9884979669488848,84073.0,4.0
1455,1659.0,5.0,0.9856745637940885,82027.0,4.0
1456,1334.0,41.0,0.9906833364594639,82038.0,4.0
1457,1263.0,25.0,0.9951889049350694,84089.0,4.0
1458,1601.0,3.0,0.9971298310164788,84091.0,4.0
1459,1291.0,56.0,0.9830576907958789,82046.0,4.0
1460,1331.0,45.0,0.9630820421079958,84096.0,4.0
1461,1330.0,45.0,0.9800244111032055,84097.0,4.0
1462,1677.0,57.0,0.9935346442428394,84110.0,4.0
1463,1428.0,21.0,0.9912649736614333,82070.0,4.0
1464,1478.0,21.0,0.9948443124028871,84123.0,4.0
1465,1344.0,27.0,0.9936812315728086,84124.0,4.0
1466,1370.0,41.0,0.9924091176222124,84189.0,4.0
1467,1649.0,2.0,0.9958457519857382,82153.0,4.0
1468,1356.0,31.0,0.9950633907048041,84212.0,4.0
1469,1338.0,45.0,0.9801623700771476,84236.0,4.0
1470,1439.0,21.0,0.9833500394124588,82189.0,4.0
1471,1412.0,52.0,0.993256413774198,84238.0,4.0
1472,1438.0,53.0,0.9641482962827113,84243.0,4.0
1473,1393.0,40.0,0.9961687370797995,84247.0,4.0
1474,1394.0,40.0,0.9925040453836471,84248.0,4.0
1475,1285.0,42.0,0.9865602252868982,84250.0,4.0
1476,1221.0,44.0,0.9709292929246062,82203.0,4.0
1477,1270.0,25.0,0.9910805513924335,84253.0,4.0
1478,1420.0,22.0,0.994321883792263,84266.0,4.0
1479,1286.0,8.0,0.9793787789881592,82225.0,4.0
1480,1620.0,18.0,0.9853377263630804,82227.0,4.0
1481,1287.0,8.0,0.992039207844415,82230.0,4.0
1482,1617.0,19.0,0.9861950393411545,84285.0,4.0
1483,1650.0,0.0,0.9946875966841275,84294.0,4.0
1484,1560.0,3.0,0.9961895301949485,82251.0,4.0
1485,1440.0,21.0,0.9900638039282903,82256.0,4.0
1486,1409.0,23.0,0.9814637725990734,82257.0,4.0
1487,1379.0,52.0,0.993823640021172,82262.0,4.0
1488,1408.0,52.0,0.9877082433054934,84311.0,4.0
1489,1333.0,24.0,0.9899673623841478,84316.0,4.0
1490,1304.0,46.0,0.9630340747713465,82289.0,4.0
1491,1303.0,26.0,0.9743631806102894,84354.0,4.0
1492,1316.0,30.0,0.9863048571190093,84357.0,4.0
1493,1303.0,46.0,0.9943599318172688,82317.0,4.0
1494,1536.0,38.0,1.0,82330.0,4.0
1495,1616.0,18.0,0.9749049937464743,82336.0,4.0
1496,1300.0,26.0,0.9730267014324272,84386.0,4.0
1497,1262.0,47.0,0.9725931044669499,82342.0,4.0
1498,1290.0,13.0,0.9898639447243784,84403.0,4.0
1499,1291.0,13.0,0.9841385541027443,84404.0,4.0
1500,1316.0,55.0,0.9946421581828069,82358.0,4.0
1501,1353.0,55.0,0.9812798858459018,84426.0,4.0
1502,1546.0,20.0,0.9879002926700181,84429.0,4.0
1503,1548.0,20.0,0.990442060451518,84431.0,4.0
1504,1297.0,13.0,0.983566803656263,84450.0,4.0
1505,1611.0,3.0,0.9952166186191357,84453.0,4.0
1506,1609.0,3.0,0.9937037283780522,84455.0,4.0
1507,1378.0,48.0,0.9835146754248325,84461.0,4.0
1508,1325.0,49.0,0.9829903572036447,82419.0,4.0
1509,1436.0,53.0,0.993628455379507,84467.0,4.0
1510,1681.0,1.0,1.0,82429.0,4.0
1511,1430.0,39.0,0.9932851520473682,82432.0,4.0
1512,1319.0,31.0,0.9877087802363868,82433.0,4.0
1513,1306.0,32.0,0.9836161801283722,84480.0,4.0
1514,1339.0,28.0,0.9950972138707874,84486.0,4.0
1515,1297.0,47.0,0.9711372736083348,84489.0,4.0
1516,1178.0,14.0,0.9672026536888219,82442.0,4.0
1517,1629.0,37.0,0.9720611366338354,82448.0,4.0
1518,1408.0,40.0,0.9898552044164863,84515.0,4.0
1519,1448.0,21.0,0.9939441872846025,82469.0,4.0
1520,1384.0,48.0,0.9877267376121519,84523.0,4.0
1521,1349.0,27.0,0.9936633811202401,84525.0,4.0
1522,1266.0,13.0,0.9745618509370904,82481.0,4.0
1523,1250.0,12.0,0.9755068305054024,82501.0,4.0
1524,1251.0,12.0,0.9765828852965972,82509.0,4.0
1525,1348.0,48.0,0.9949947499531813,82511.0,4.0
1526,1296.0,24.0,0.9956574472156813,82527.0,4.0
1527,1319.0,55.0,0.9755546191433716,82530.0,4.0
1528,1300.0,56.0,0.9903849708930654,82534.0,4.0
1529,1372.0,22.0,0.9928301330227578,82537.0,4.0
1530,1323.0,30.0,0.98940622603771,84599.0,4.0
1531,1365.0,6.0,0.9755391244946874,84604.0,4.0
1532,1655.0,0.0,0.9646007949145208,84622.0,4.0
1533,1416.0,52.0,0.9581810977852177,84629.0,4.0
1534,1255.0,12.0,0.9880885839447987,82593.0,4.0
1535,1255.0,32.0,0.9802390651116383,82594.0,4.0
1536,1502.0,54.0,0.9825063471398092,82601.0,4.0
1537,1499.0,54.0,0.9873904927138292,82612.0,4.0
1538,1293.0,12.0,0.9746574737922898,84666.0,4.0
1539,1661.0,0.0,0.9918293815812904,84669.0,4.0
1540,1265.0,29.0,0.9881150900113643,84676.0,4.0
1541,1368.0,51.0,0.9784807548526205,82632.0,4.0
1542,1543.0,38.0,0.9722647024272641,82635.0,4.0
1543,1312.0,7.0,0.9955286411704911,84687.0,4.0
1544,1639.0,57.0,0.9890442065660272,82640.0,4.0
1545,1342.0,28.0,0.9686488341850452,84692.0,4.0
1546,1295.0,12.0,0.9915588486496996,84693.0,4.0
1547,1353.0,27.0,0.9799555813750361,84718.0,4.0
1548,1582.0,38.0,0.9935357342935424,84727.0,4.0
1549,1424.0,22.0,0.9880078140559454,84744.0,4.0
1550,1579.0,38.0,0.9869119960987843,84752.0,4.0
1551,1545.0,54.0,0.9957091483812601,84754.0,4.0
1552,1560.0,20.0,0.9962755975097339,84755.0,4.0
1553,1544.0,38.0,0.9894289734927145,82713.0,4.0
1554,1300.0,47.0,0.9897385925899947,84764.0,4.0
1555,1439.0,39.0,0.9918308507494555,82722.0,4.0
1556,1321.0,55.0,0.9969952547123895,82724.0,4.0
1557,1368.0,6.0,0.9782579134377055,84777.0,4.0
1558,1323.0,55.0,0.9793022902398363,82751.0,4.0
1559,1646.0,57.0,0.9868307562544588,82756.0,4.0
1560,1232.0,29.0,0.989746443987491,82786.0,4.0
1561,1327.0,6.0,0.982503679143444,82797.0,4.0
1562,1314.0,27.0,0.9729339211459425,82816.0,4.0
1563,1345.0,28.0,0.9911957680653496,84882.0,4.0
1564,1351.0,45.0,0.9919753870322349,84886.0,4.0
1565,1308.0,28.0,0.9862849787529094,82845.0,4.0
1566,1404.0,51.0,0.9821251168964727,84894.0,4.0
1567,1300.0,24.0,0.995480337553329,82847.0,4.0
1568,1285.0,25.0,0.9713318638641115,84904.0,4.0
1569,1461.0,23.0,0.9947244009627914,84913.0,4.0
1570,1460.0,23.0,0.9942146532986808,84914.0,4.0
1571,1263.0,12.0,0.9959544667273488,82867.0,4.0
1572,1464.0,23.0,1.0,84922.0,4.0
1573,1377.0,22.0,0.9918027288336191,82891.0,4.0
1574,1594.0,38.0,0.9794503113595358,84943.0,4.0
1575,1296.0,8.0,0.9766095422067409,82897.0,4.0
1576,1716.0,5.0,0.9879147458119375,84954.0,4.0
1577,1379.0,22.0,0.9861331984253345,82926.0,4.0
1578,1328.0,30.0,0.980108569536054,84981.0,4.0
1579,1662.0,2.0,0.9860092314377747,82941.0,4.0
1580,1458.0,23.0,0.9718848926107873,84993.0,4.0
1581,1628.0,19.0,0.9780557725060599,85000.0,4.0
1582,1344.0,41.0,0.9933585506145314,82957.0,4.0
1583,1710.0,2.0,0.9818281624262031,85018.0,4.0
1584,1418.0,52.0,0.9940988133319639,85020.0,4.0
1585,1235.0,44.0,0.9829491250984124,82973.0,4.0
1586,1329.0,6.0,0.9670377803772152,82976.0,4.0
1587,1665.0,2.0,0.9933463263474785,82984.0,4.0
1588,1308.0,56.0,0.9978381494970401,82998.0,4.0
1589,1311.0,13.0,0.9725127753562732,85048.0,4.0
1590,1301.0,8.0,0.990230107915244,83020.0,4.0
1591,1466.0,23.0,0.9914776067782836,85073.0,4.0
1592,1330.0,31.0,0.9935497714885945,83032.0,4.0
1593,1571.0,20.0,0.9864081656221981,85083.0,4.0
1594,1448.0,39.0,0.9957655737443122,83048.0,4.0
1595,1401.0,41.0,0.9931594841690515,85100.0,4.0
1596,1467.0,23.0,0.9968373408181436,85102.0,4.0
1597,1671.0,0.0,0.976768231769176,85105.0,4.0
1598,1360.0,49.0,0.9651395904349218,85127.0,4.0
1599,1348.0,28.0,0.9861902018982152,85130.0,4.0
1600,1361.0,49.0,0.9841364772297974,85131.0,4.0
1601,1431.0,22.0,0.9949824034313726,85136.0,4.0
1602,1305.0,24.0,0.9728329632098575,83103.0,4.0
1603,1447.0,53.0,0.9805731788069669,85153.0,4.0
1604,1320.0,26.0,0.993081478495842,85157.0,4.0
1605,1359.0,48.0,0.9874948820145756,83119.0,4.0
1606,1373.0,40.0,0.9905486597351953,83125.0,4.0
1607,1452.0,39.0,0.9910786634196654,83136.0,4.0
1608,1317.0,27.0,0.9942849513745899,83140.0,4.0
1609,1319.0,27.0,0.9872230824406157,83146.0,4.0
1610,1668.0,2.0,0.9757990351791752,83162.0,4.0
1611,1244.0,35.0,0.9734647509784556,83175.0,4.0
1612,1349.0,41.0,0.995046988236664,83183.0,4.0
1613,1239.0,44.0,0.9879356097258747,83185.0,4.0
1614,1225.0,14.0,0.9931361229169623,85240.0,4.0
1615,1289.0,7.0,0.9952556557455174,83194.0,4.0
1616,1415.0,23.0,0.978623074934062,83210.0,4.0
1617,1338.0,50.0,0.99290987901216,85260.0,4.0
1618,1290.0,34.0,0.9772088420200602,85267.0,4.0
1619,1482.0,39.0,0.9794099400698975,85271.0,4.0
1620,1635.0,19.0,0.9806419958258914,85274.0,4.0
1621,1309.0,12.0,0.9917140451939659,85283.0,4.0
1622,1692.0,1.0,0.996126384787226,83238.0,4.0
1623,1281.0,30.0,0.9956016847260966,83244.0,4.0
1624,1531.0,54.0,0.989559721532383,83246.0,4.0
1625,1385.0,6.0,0.9954053979370243,85297.0,4.0
1626,1237.0,29.0,0.9937757601939943,83250.0,4.0
1627,1386.0,6.0,0.9898842413995559,85307.0,4.0
1628,1552.0,38.0,0.9940027340554553,83268.0,4.0
1629,1550.0,38.0,0.9871393501081022,83270.0,4.0
1630,1528.0,54.0,0.9834580757775385,83273.0,4.0
1631,1393.0,22.0,0.9959362666100334,83276.0,4.0
1632,1586.0,20.0,0.9915866556016887,85327.0,4.0
1633,1343.0,49.0,0.9781401178223206,83280.0,4.0
1634,1584.0,20.0,0.980973102198311,85331.0,4.0
1635,1621.0,4.0,0.9949506408297303,81236.0,4.0
1636,1035.0,59.0,0.9959357533103412,81237.0,4.0
1637,1622.0,0.0,0.9589164907158088,83286.0,4.0
1638,1320.0,7.0,0.9895198523232759,85336.0,4.0
1639,1043.0,59.0,0.991966588913782,81247.0,4.0
1640,1660.0,57.0,0.9948897110285632,83296.0,4.0
1641,1276.0,10.0,0.978941648481062,85345.0,4.0
1642,1045.0,59.0,0.9914250189706877,81252.0,4.0
1643,1044.0,59.0,0.980734974106837,81253.0,4.0
1644,1338.0,6.0,0.9872783209195308,83300.0,4.0
1645,1316.0,56.0,0.9670220756524449,83302.0,4.0
1646,1311.0,56.0,0.9916946698357355,83304.0,4.0
1647,1596.0,37.0,0.9941951106885748,81261.0,4.0
1648,1280.0,29.0,0.9719175033389186,85359.0,4.0
1649,1147.0,14.0,0.965339056620092,81264.0,4.0
1650,1281.0,29.0,0.9919470757280366,85361.0,4.0
1651,1304.0,8.0,0.9932913629122553,83316.0,4.0
1652,1689.0,5.0,0.9811706806209219,83320.0,4.0
1653,1364.0,27.0,0.9698727721413866,85369.0,4.0
1654,1282.0,7.0,0.9792915891494978,83326.0,4.0
1655,1628.0,4.0,0.9971565972266844,81279.0,4.0
1656,1629.0,4.0,0.9868806453751315,81282.0,4.0
1657,1317.0,32.0,0.9773076998619327,85378.0,4.0
1658,1052.0,59.0,0.9905770865622089,81284.0,4.0
1659,1344.0,50.0,0.9755709545772813,85387.0,4.0
1660,1346.0,50.0,0.9738730991589691,85388.0,4.0
1661,1597.0,37.0,0.9951895645283471,81300.0,4.0
1662,1634.0,4.0,0.9888257001591596,81302.0,4.0
1663,1641.0,5.0,0.9775442159992176,81306.0,4.0
1664,1637.0,4.0,0.9917637895803139,81313.0,4.0
1665,1649.0,37.0,0.9732608166828546,83362.0,4.0
1666,1065.0,59.0,0.9928618129294265,81316.0,4.0
1667,1351.0,9.0,0.9948430969949402,85413.0,4.0
1668,1273.0,32.0,0.9833614722517013,83366.0,4.0
1669,1396.0,22.0,0.9959359343378622,83374.0,4.0
1670,1274.0,32.0,0.9921434398458785,83381.0,4.0
1671,1583.0,36.0,0.9979949915761114,81346.0,4.0
1672,1397.0,22.0,0.9916708886620401,83397.0,4.0
1673,1331.0,13.0,0.9930953331185021,85453.0,4.0
1674,1420.0,23.0,0.9898533271973581,83407.0,4.0
1675,1248.0,25.0,0.9858640134674275,81361.0,4.0
1676,1286.0,26.0,0.9926755655850318,83412.0,4.0
1677,1352.0,50.0,0.9849160520874398,85461.0,4.0
1678,1311.0,8.0,0.991754272672452,83414.0,4.0
1679,1351.0,50.0,0.993876044078456,85463.0,4.0
1680,1069.0,59.0,0.9912200102598498,81372.0,4.0
1681,1429.0,40.0,0.9867515889552396,85469.0,4.0
1682,1588.0,19.0,0.9858581551501816,83422.0,4.0
1683,1646.0,4.0,0.9928265528605876,81376.0,4.0
1684,1642.0,3.0,0.9955683947197705,85483.0,4.0
1685,1337.0,13.0,0.989161261581535,85486.0,4.0
1686,1281.0,46.0,0.9954755694298143,81392.0,4.0
1687,1308.0,47.0,0.9919975550862626,85495.0,4.0
1688,1428.0,52.0,0.9938012849467304,85499.0,4.0
1689,1658.0,37.0,0.987687914445945,83458.0,4.0
1690,1074.0,59.0,0.9964424203194111,81414.0,4.0
1691,1588.0,36.0,0.9919179814743897,81417.0,4.0
1692,1589.0,36.0,0.9931294512847909,81418.0,4.0
1693,1345.0,30.0,0.9924715501032166,85516.0,4.0
1694,1291.0,31.0,0.9935874193081435,81424.0,4.0
1695,1343.0,30.0,0.9884135542207405,85520.0,4.0
1696,1278.0,47.0,0.9743399107620357,83478.0,4.0
1697,1079.0,59.0,0.9885620215425154,81433.0,4.0
1698,1307.0,25.0,0.9815810387029169,85534.0,4.0
1699,1596.0,20.0,0.9916421999712869,85541.0,4.0
1700,1247.0,44.0,0.9816591334076185,83498.0,4.0
1701,1290.0,26.0,0.9893214970494116,83500.0,4.0
1702,1312.0,25.0,0.9887730509083329,85553.0,4.0
1703,1248.0,44.0,0.9694626945785298,83509.0,4.0
1704,1280.0,47.0,1.0,83519.0,4.0
1705,1242.0,29.0,0.9803440428441406,83523.0,4.0
1706,1210.0,35.0,0.9704751779347347,81482.0,4.0
1707,1363.0,48.0,0.9805383903243351,83533.0,4.0
1708,1292.0,26.0,0.9745401924086413,83539.0,4.0
1709,1395.0,6.0,0.9786743590770594,85592.0,4.0
1710,1396.0,6.0,0.9777486323028481,85593.0,4.0
1711,1247.0,26.0,0.9923359513384046,81498.0,4.0
1712,1344.0,6.0,0.9927323494936225,83551.0,4.0
1713,1429.0,52.0,0.9863688699656277,85606.0,4.0
1714,1238.0,42.0,0.979903058736661,81515.0,4.0
1715,1239.0,42.0,0.9723548998114329,81516.0,4.0
1716,1469.0,54.0,0.9848070739287115,81520.0,4.0
1717,1437.0,22.0,0.9900745619882868,85617.0,4.0
1718,1227.0,43.0,0.9691275746391753,81534.0,4.0
1719,1466.0,21.0,0.9967434912138016,83600.0,4.0
1720,1696.0,1.0,0.9873772845366872,83607.0,4.0
1721,1357.0,50.0,0.9792904912280647,85661.0,4.0
1722,1315.0,8.0,0.9901391819848716,83614.0,4.0
1723,1398.0,6.0,0.9956793386987078,85671.0,4.0
1724,1491.0,23.0,0.9868920288405061,85682.0,4.0
1725,1319.0,28.0,0.9876604792676272,83638.0,4.0
1726,1611.0,20.0,0.9908511371794798,85695.0,4.0
1727,1327.0,45.0,0.9963449176252276,83648.0,4.0
1728,1401.0,6.0,0.9809620710338453,85696.0,4.0
1729,1272.0,30.0,0.9855817355278316,81607.0,4.0
1730,1559.0,38.0,0.9940518200115444,83660.0,4.0
1731,1612.0,20.0,0.9875654662548972,85709.0,4.0
1732,1278.0,13.0,0.9877863248900871,83666.0,4.0
1733,1584.0,3.0,0.9892421426311746,83669.0,4.0
1734,1085.0,59.0,0.9969906393764256,81628.0,4.0
1735,1326.0,28.0,0.9936139573990493,83692.0,4.0
1736,1667.0,57.0,0.9986952061637004,83693.0,4.0
1737,1294.0,30.0,0.9925106896752591,83703.0,4.0
1738,1669.0,4.0,0.9951014513382717,81660.0,4.0
1739,1594.0,18.0,0.9901886909669848,81696.0,4.0
1740,1473.0,54.0,0.9869458736937957,81700.0,4.0
1741,1318.0,24.0,0.9976182899107703,83749.0,4.0
1742,1626.0,0.0,0.9930133189185524,83751.0,4.0
1743,1267.0,42.0,0.9817811921608004,83758.0,4.0
1744,1299.0,31.0,0.9957516560577919,81717.0,4.0
1745,1682.0,4.0,0.9919942475342955,81725.0,4.0
1746,1427.0,23.0,0.9966801243804075,83774.0,4.0
1747,1328.0,56.0,0.9917030300577269,83778.0,4.0
1748,1321.0,24.0,0.9906077675053208,83783.0,4.0
1749,1663.0,37.0,0.9970557830872671,83794.0,4.0
1750,1334.0,27.0,0.9830720575056142,83796.0,4.0
1751,1603.0,19.0,0.9839019006276641,83810.0,4.0
1752,1391.0,53.0,0.9860704113140156,81771.0,4.0
1753,1664.0,37.0,0.9905352215725696,83821.0,4.0
1754,1295.0,26.0,0.9961119993197319,83824.0,4.0
1755,1464.0,39.0,0.995368919205725,83827.0,4.0
1756,1332.0,56.0,0.9965957815439794,83829.0,4.0
1757,1542.0,54.0,0.9973371658025382,83830.0,4.0
1758,1599.0,18.0,0.992481561422473,81784.0,4.0
1759,1562.0,38.0,0.9712382410058437,83867.0,4.0
1760,1339.0,55.0,0.9936528312657991,83869.0,4.0
1761,1255.0,47.0,0.9882165460917536,81824.0,4.0
1762,1256.0,47.0,0.9942061985878385,81830.0,4.0
1763,1304.0,7.0,0.9906386641452865,83880.0,4.0
1764,1228.0,43.0,0.9777647280500601,81837.0,4.0
1765,1701.0,5.0,0.9891282750949177,83885.0,4.0
1766,1355.0,49.0,0.9822519880941674,83892.0,4.0
1767,1342.0,55.0,0.9822894620964148,83895.0,4.0
1768,1530.0,38.0,0.9943556189964957,81857.0,4.0
1769,1331.0,28.0,0.9828975142416938,83908.0,4.0
1770,1476.0,21.0,0.9974350738472209,83917.0,4.0
1771,1428.0,23.0,0.9966082166291346,83931.0,4.0
1772,1605.0,18.0,0.9945660441732194,81886.0,4.0
1773,1339.0,27.0,0.985031072387127,83939.0,4.0
1774,1426.0,21.0,0.9948833652583375,81898.0,4.0
1775,1290.0,56.0,0.9922247507489915,81901.0,4.0
1776,1343.0,55.0,1.0,83950.0,4.0
1777,1296.0,46.0,0.990417059325771,81911.0,4.0
1778,1430.0,53.0,0.9908404214599744,83962.0,4.0
1779,1433.0,53.0,0.9976895921716551,83965.0,4.0
1780,1257.0,47.0,0.9898990028711937,81922.0,4.0
1781,1657.0,5.0,0.998284962640719,81935.0,4.0
1782,1634.0,18.0,0.9936378516040051,83993.0,4.0
1783,1617.0,58.0,0.9971712340499624,81949.0,4.0
1784,1662.0,1.0,0.9968319366182151,81970.0,4.0
1785,1638.0,0.0,0.9947252025891917,84027.0,4.0
1786,1256.0,7.0,0.9959646829178921,81992.0,4.0
1787,1360.0,22.0,0.997237753816663,82003.0,4.0
1788,1359.0,22.0,0.9939921150346657,82004.0,4.0
1789,1251.0,29.0,0.9806798708941109,84052.0,4.0
1790,1232.0,43.0,0.9831501513336667,82009.0,4.0
1791,1609.0,19.0,0.9731071410733834,84061.0,4.0
1792,1220.0,35.0,1.0,82014.0,4.0
1793,1284.0,32.0,0.9718013061780155,84065.0,4.0
1794,1338.0,56.0,0.9688526085147431,84075.0,4.0
1795,1661.0,5.0,0.996249066308948,82029.0,4.0
1796,1407.0,52.0,0.975034651313427,84077.0,4.0
1797,1336.0,56.0,0.9930241434944708,84092.0,4.0
1798,1470.0,39.0,0.9954881977753702,84098.0,4.0
1799,1466.0,39.0,0.9856946284422752,84100.0,4.0
1800,1639.0,0.0,0.9936914895946439,84136.0,4.0
1801,1434.0,53.0,0.9983805758855199,84143.0,4.0
1802,1369.0,41.0,0.9947271710165374,84150.0,4.0
1803,1345.0,27.0,0.9975260948292874,84165.0,4.0
1804,1572.0,38.0,0.9761541162546128,84171.0,4.0
1805,1248.0,32.0,0.9897528993307472,82126.0,4.0
1806,1643.0,0.0,0.9801057197682097,84184.0,4.0
1807,1350.0,55.0,0.9948579024845962,84187.0,4.0
1808,1393.0,51.0,0.9941723697653259,84193.0,4.0
1809,1197.0,33.0,0.9948180079090824,82152.0,4.0
1810,1648.0,2.0,0.9756661938084806,82162.0,4.0
1811,1339.0,45.0,0.9974587871250907,84214.0,4.0
1812,1308.0,9.0,0.9928896426832694,82167.0,4.0
1813,1347.0,46.0,0.9816028914475232,84215.0,4.0
1814,1305.0,9.0,0.9953469958026072,82171.0,4.0
1815,1348.0,46.0,0.9909902914293506,84220.0,4.0
1816,1621.0,37.0,0.9762687832928949,82175.0,4.0
1817,1410.0,52.0,0.9818465646867903,84223.0,4.0
1818,1298.0,32.0,0.987141372021851,84230.0,4.0
1819,1700.0,4.0,0.993745196566771,82191.0,4.0
1820,1699.0,4.0,0.9965788921418246,82192.0,4.0
1821,1634.0,57.0,0.9929274233682894,82207.0,4.0
1822,1352.0,55.0,0.9837804812651593,84255.0,4.0
1823,1261.0,29.0,0.9838156691711962,84259.0,4.0
1824,1301.0,32.0,0.9842494131939337,84268.0,4.0
1825,1348.0,27.0,0.9909192757638564,84269.0,4.0
1826,1295.0,28.0,0.985257102753125,82222.0,4.0
1827,1301.0,9.0,0.9728437749472266,82224.0,4.0
1828,1259.0,29.0,0.9881999578162172,84273.0,4.0
1829,1256.0,44.0,0.9905108490011754,84278.0,4.0
1830,1302.0,32.0,0.9815014621185028,84281.0,4.0
1831,1317.0,49.0,0.9692541707331903,82234.0,4.0
1832,1335.0,24.0,0.9933053831519895,84287.0,4.0
1833,1336.0,24.0,0.9920243126974184,84288.0,4.0
1834,1490.0,54.0,0.9941479706491326,82250.0,4.0
1835,1227.0,35.0,0.9687538192422863,82266.0,4.0
1836,1330.0,8.0,0.9831871540771913,84325.0,4.0
1837,1633.0,57.0,0.9963307636371378,82284.0,4.0
1838,1632.0,57.0,0.9956210895328605,82285.0,4.0
1839,1363.0,51.0,0.9870623623668477,82287.0,4.0
1840,1480.0,21.0,0.9941620392063769,84336.0,4.0
1841,1216.0,14.0,0.9936627901401198,84342.0,4.0
1842,1311.0,30.0,0.9923793159888344,84348.0,4.0
1843,1361.0,51.0,0.960503925440908,82306.0,4.0
1844,1304.0,26.0,0.9786575327931384,84355.0,4.0
1845,1368.0,22.0,0.9941314705324991,82309.0,4.0
1846,1336.0,41.0,0.9970871050610745,82312.0,4.0
1847,1286.0,12.0,0.9950521160548852,84366.0,4.0
1848,1275.0,34.0,0.9774877316412569,84380.0,4.0
1849,1698.0,2.0,0.9929944389185309,84385.0,4.0
1850,1652.0,58.0,0.9910565095656244,84391.0,4.0
1851,1260.0,47.0,0.9797102255004678,82344.0,4.0
1852,1394.0,51.0,0.9795143857958885,84395.0,4.0
1853,1397.0,40.0,0.9932309037945405,84399.0,4.0
1854,1626.0,36.0,0.9979220191648712,82351.0,4.0
1855,1264.0,13.0,0.9874795839315186,82367.0,4.0
1856,1288.0,8.0,0.9967447544238783,82376.0,4.0
1857,1315.0,30.0,0.9879976042958195,84425.0,4.0
1858,1674.0,1.0,0.9962034537960042,82382.0,4.0
1859,1637.0,57.0,0.9943113976149779,82385.0,4.0
1860,1215.0,14.0,0.9928665813102212,84460.0,4.0
1861,1437.0,53.0,0.990486807070566,84468.0,4.0
1862,1702.0,2.0,0.983836951575787,84469.0,4.0
1863,1684.0,57.0,0.9915871190072558,84471.0,4.0
1864,1679.0,1.0,0.9922331513342222,82427.0,4.0
1865,1176.0,14.0,0.9923803572946162,82451.0,4.0
1866,1313.0,46.0,0.996068033982673,82457.0,4.0
1867,1307.0,32.0,0.9904166502437228,84508.0,4.0
1868,1620.0,3.0,0.9919521972240566,84514.0,4.0
1869,1704.0,2.0,0.9803000189262552,84527.0,4.0
1870,1310.0,7.0,0.993990420292993,84531.0,4.0
1871,1311.0,7.0,0.990366637346407,84532.0,4.0
1872,1444.0,23.0,0.9917017680024831,84542.0,4.0
1873,1349.0,48.0,1.0,82507.0,4.0
1874,1578.0,38.0,0.9733341609396413,84557.0,4.0
1875,1257.0,44.0,0.9970877802032239,84567.0,4.0
1876,1452.0,23.0,0.990071721195985,84569.0,4.0
1877,1327.0,49.0,0.9808990273537147,82522.0,4.0
1878,1363.0,6.0,0.9956920863566467,84572.0,4.0
1879,1221.0,14.0,0.9778602516909007,84573.0,4.0
1880,1248.0,10.0,0.9907800937232404,84584.0,4.0
1881,1247.0,10.0,0.9873194663905211,84585.0,4.0
1882,1347.0,45.0,0.9888826301149846,84607.0,4.0
1883,1303.0,28.0,0.9876909491928456,82560.0,4.0
1884,1440.0,53.0,0.9917638822191724,84618.0,4.0
1885,1369.0,51.0,0.9919743294805855,82573.0,4.0
1886,1633.0,37.0,0.9900052357290533,82577.0,4.0
1887,1417.0,52.0,0.9855918132023944,84630.0,4.0
1888,1666.0,58.0,0.9894581306123922,84638.0,4.0
1889,1333.0,49.0,0.9887424053517198,82595.0,4.0
1890,1293.0,24.0,0.9945152158967114,82597.0,4.0
1891,1622.0,3.0,0.9923626323607254,84645.0,4.0
1892,1487.0,21.0,0.9851995569531224,84647.0,4.0
1893,1633.0,36.0,0.9947726748345942,82603.0,4.0
1894,1410.0,40.0,0.9934309897629875,84652.0,4.0
1895,1294.0,12.0,0.9924717068296407,84665.0,4.0
1896,1239.0,43.0,0.9939710309716779,82625.0,4.0
1897,1712.0,1.0,0.992725928222498,84673.0,4.0
1898,1385.0,41.0,0.9922666116506789,84674.0,4.0
1899,1661.0,58.0,0.9935740832729545,84677.0,4.0
1900,1564.0,3.0,0.9921549917906539,82641.0,4.0
1901,1269.0,29.0,0.9893293976986206,84690.0,4.0
1902,1234.0,11.0,0.9963549619471845,82646.0,4.0
1903,1413.0,40.0,0.9946267045965633,84707.0,4.0
1904,1297.0,12.0,0.9934481419735842,84714.0,4.0
1905,1354.0,27.0,0.9784003194082649,84717.0,4.0
1906,1625.0,18.0,0.98967304457063,82689.0,4.0
1907,1254.0,10.0,0.9883002562672514,84740.0,4.0
1908,1243.0,10.0,0.9883692359222025,84759.0,4.0
1909,1642.0,57.0,0.997487712674571,82717.0,4.0
1910,1511.0,54.0,0.9935053464945747,82723.0,4.0
1911,1345.0,9.0,0.9914571714919314,84780.0,4.0
1912,1387.0,48.0,0.9808836384782434,84781.0,4.0
1913,1328.0,31.0,0.9946016331549083,82735.0,4.0
1914,1231.0,29.0,0.9916382173612227,82738.0,4.0
1915,1235.0,35.0,0.9895159702776002,82740.0,4.0
1916,1639.0,36.0,0.9910659062325933,82747.0,4.0
1917,1446.0,39.0,0.9977738430624672,82763.0,4.0
1918,1234.0,44.0,0.9838679874204318,82769.0,4.0
1919,1357.0,55.0,0.9921960623425552,84820.0,4.0
1920,1354.0,56.0,0.9967510283334627,84825.0,4.0
1921,1663.0,0.0,0.9876041601679829,84834.0,4.0
1922,1627.0,19.0,0.9766474340134214,84844.0,4.0
1923,1588.0,38.0,0.9954871522318087,84856.0,4.0
1924,1409.0,53.0,0.9944118267499678,82827.0,4.0
1925,1286.0,25.0,0.9902408986439525,84895.0,4.0
1926,1271.0,29.0,0.9853610780169059,84909.0,4.0
1927,1396.0,41.0,0.9870182050689373,84910.0,4.0
1928,1316.0,7.0,0.9915411605439611,84920.0,4.0
1929,1261.0,12.0,0.9968189814186297,82885.0,4.0
1930,1325.0,31.0,0.9930814025697509,82886.0,4.0
1931,1302.0,12.0,0.9895143761485146,84946.0,4.0
1932,1298.0,8.0,0.9813308111597836,82899.0,4.0
1933,1255.0,35.0,0.9899624049191499,84947.0,4.0
1934,1629.0,18.0,0.9922554231769387,82907.0,4.0
1935,1351.0,24.0,0.9952049942668663,84957.0,4.0
1936,1665.0,0.0,0.9917430548140698,84959.0,4.0
1937,1260.0,44.0,0.9893210610612062,84961.0,4.0
1938,1316.0,13.0,0.9922241154481587,84963.0,4.0
1939,1663.0,2.0,0.9764517033411425,82924.0,4.0
1940,1320.0,9.0,0.9876505832130397,82931.0,4.0
1941,1330.0,30.0,0.9959086839376078,84980.0,4.0
1942,1277.0,7.0,0.9941713698559347,82938.0,4.0
1943,1284.0,34.0,0.975650493313796,84990.0,4.0
1944,1522.0,54.0,0.9814296884976068,82946.0,4.0
1945,1224.0,10.0,0.9878214749062968,82950.0,4.0
1946,1343.0,41.0,0.9954445087387574,82953.0,4.0
1947,1629.0,19.0,0.9944915121045125,85001.0,4.0
1948,1373.0,51.0,0.9883563497167593,82961.0,4.0
1949,1492.0,21.0,0.9902471788399876,85009.0,4.0
1950,1361.0,31.0,0.9941496662056611,85010.0,4.0
1951,1350.0,45.0,0.9969392202302607,85014.0,4.0
1952,1318.0,26.0,0.9972257574017093,85016.0,4.0
1953,1419.0,52.0,0.9705603853483923,85021.0,4.0
1954,1687.0,5.0,0.9982015734454911,82975.0,4.0
1955,1358.0,27.0,0.9841010275715701,85023.0,4.0
1956,1357.0,27.0,0.9812130438797019,85028.0,4.0
1957,1648.0,37.0,0.9853050622080137,82985.0,4.0
1958,1549.0,38.0,0.9942790478494866,83011.0,4.0
1959,1447.0,39.0,0.9899299665118058,83018.0,4.0
1960,1417.0,40.0,0.9968235626344257,85066.0,4.0
1961,1314.0,13.0,0.9929519974949716,85067.0,4.0
1962,1191.0,14.0,0.9871549659560177,83026.0,4.0
1963,1688.0,5.0,0.9946193696404789,83036.0,4.0
1964,1400.0,41.0,0.9887983406377248,85094.0,4.0
1965,1454.0,39.0,0.9870769683930802,83058.0,4.0
1966,1396.0,52.0,0.9909646929883714,83064.0,4.0
1967,1314.0,28.0,0.9970649033236487,83066.0,4.0
1968,1630.0,18.0,0.987268096593571,83072.0,4.0
1969,1346.0,49.0,0.9705596485971,83073.0,4.0
1970,1270.0,12.0,0.9970358926360557,83074.0,4.0
1971,1307.0,12.0,0.9917733399603776,85120.0,4.0
1972,1243.0,44.0,1.0,83081.0,4.0
1973,1456.0,39.0,0.9938761898169867,83095.0,4.0
1974,1325.0,46.0,0.9927184029376063,83098.0,4.0
1975,1325.0,13.0,0.9935971288450132,85158.0,4.0
1976,1333.0,31.0,0.9854704999249605,83122.0,4.0
1977,1397.0,48.0,0.9801938107961684,85171.0,4.0
1978,1357.0,48.0,0.9746834914781152,83126.0,4.0
1979,1290.0,25.0,0.9939710147992121,85175.0,4.0
1980,1319.0,45.0,0.9978381397325334,83165.0,4.0
1981,1573.0,3.0,0.9884577994456815,83171.0,4.0
1982,1378.0,51.0,0.9769637315934501,83179.0,4.0
1983,1347.0,28.0,0.9805564328847066,85229.0,4.0
1984,1318.0,45.0,0.992679963668004,83195.0,4.0
1985,1339.0,50.0,0.9712298169757054,85245.0,4.0
1986,1194.0,14.0,0.9893150518005327,83198.0,4.0
1987,1263.0,34.0,0.9697236204370396,83199.0,4.0
1988,1577.0,20.0,0.9824586615622081,85247.0,4.0
1989,1193.0,14.0,0.9930273475580812,83201.0,4.0
1990,1334.0,31.0,0.9851531082310782,83204.0,4.0
1991,1288.0,7.0,0.9886700680513293,83205.0,4.0
1992,1271.0,32.0,0.9884260274772886,83221.0,4.0
1993,1677.0,37.0,0.9919286000808115,85279.0,4.0
1994,1582.0,20.0,0.9845050903489152,85281.0,4.0
1995,1433.0,22.0,0.9893048203534069,85285.0,4.0
1996,1691.0,1.0,0.9930646538489128,83239.0,4.0
1997,1371.0,55.0,0.9935251993528892,85289.0,4.0
1998,1641.0,19.0,0.9830880534461583,85308.0,4.0
1999,1714.0,2.0,0.9847124627902576,85309.0,4.0
2000,1685.0,58.0,0.9891357383482343,85311.0,4.0
2001,1459.0,21.0,0.9925952524816314,83271.0,4.0
2002,1348.0,50.0,0.9665498613042848,85328.0,4.0
2003,1621.0,0.0,0.9971478437402667,83287.0,4.0
2004,1261.0,42.0,0.9856837504709051,83290.0,4.0
2005,1299.0,25.0,0.9935379544510148,85340.0,4.0
2006,1643.0,19.0,0.983871332793558,85349.0,4.0
2007,1477.0,23.0,0.9956830850051576,85357.0,4.0
2008,1328.0,46.0,0.9964048746749323,83311.0,4.0
2009,1307.0,8.0,0.9877222042882239,83313.0,4.0
2010,1305.0,8.0,0.9783703747996142,83315.0,4.0
2011,1624.0,4.0,0.9945420798276219,81269.0,4.0
2012,1049.0,59.0,0.9973223056041237,81270.0,4.0
2013,1261.0,34.0,0.9730423482717456,83330.0,4.0
2014,1630.0,58.0,0.9902181821989092,83333.0,4.0
2015,1390.0,6.0,0.9947680658396606,85383.0,4.0
2016,1055.0,59.0,0.995676012864202,81288.0,4.0
2017,1631.0,4.0,0.990558525051353,81289.0,4.0
2018,1530.0,54.0,0.9978841074034107,83341.0,4.0
2019,1673.0,2.0,0.9953653380699097,83342.0,4.0
2020,1347.0,50.0,0.9835359687667558,85390.0,4.0
2021,1279.0,10.0,0.975708966275917,85392.0,4.0
2022,1264.0,42.0,0.9827090837383561,83345.0,4.0
2023,1583.0,20.0,0.9791942966632889,85393.0,4.0
2024,1344.0,49.0,1.0,83347.0,4.0
2025,1308.0,24.0,0.9961252238098838,83350.0,4.0
2026,1427.0,40.0,0.9942627633770291,85407.0,4.0
2027,1689.0,58.0,0.9891012831313397,85414.0,4.0
2028,1651.0,36.0,0.9931353698151979,83368.0,4.0
2029,1694.0,5.0,0.9941245957993196,83369.0,4.0
2030,1293.0,34.0,0.9913477592680271,85417.0,4.0
2031,1319.0,56.0,0.9925307716367344,83379.0,4.0
2032,1267.0,34.0,0.9861318435512784,83384.0,4.0
2033,1657.0,37.0,0.9941600387174305,83385.0,4.0
2034,1691.0,58.0,0.9877145614020342,85435.0,4.0
2035,1590.0,20.0,0.9937406759326278,85438.0,4.0
2036,1582.0,36.0,0.9905889989425302,81344.0,4.0
2037,1351.0,41.0,0.9912114237117277,83392.0,4.0
2038,1247.0,43.0,0.9892733455282219,83393.0,4.0
2039,1067.0,59.0,0.9926308856537783,81348.0,4.0
2040,1391.0,6.0,0.9905513366584485,85444.0,4.0
2041,1335.0,55.0,1.0,83405.0,4.0
2042,1272.0,12.0,0.9947487830512154,83406.0,4.0
2043,1332.0,13.0,0.9897692717202482,85456.0,4.0
2044,1310.0,8.0,0.9975455357770067,83409.0,4.0
2045,1273.0,47.0,0.979699605771138,83410.0,4.0
2046,1068.0,59.0,0.9969550851093314,81371.0,4.0
2047,1693.0,58.0,0.9934475595239933,85467.0,4.0
2048,1593.0,20.0,1.0,85470.0,4.0
2049,1419.0,53.0,0.9895704805188594,83424.0,4.0
2050,1355.0,45.0,0.9936394054717474,85479.0,4.0
2051,1205.0,29.0,0.9935011791622328,81385.0,4.0
2052,1266.0,42.0,0.9915217962753012,83436.0,4.0
2053,1275.0,47.0,0.9752039220157327,83437.0,4.0
2054,1275.0,32.0,0.9904264486700574,83439.0,4.0
2055,1200.0,14.0,0.9884388083589544,83440.0,4.0
2056,1333.0,13.0,0.9820063937760116,85489.0,4.0
2057,1405.0,51.0,0.9944855616527474,85491.0,4.0
2058,1276.0,47.0,0.987373400279348,83445.0,4.0
2059,1678.0,37.0,0.9901235395631152,85494.0,4.0
2060,1465.0,54.0,0.9929548261061605,81403.0,4.0
2061,1572.0,18.0,0.9905537600756922,81410.0,4.0
2062,1590.0,36.0,0.9891609114721566,81411.0,4.0
2063,1215.0,33.0,0.9864934694615229,83462.0,4.0
2064,1281.0,28.0,0.9901121468428624,81416.0,4.0
2065,1080.0,59.0,0.9934884689930712,81419.0,4.0
2066,1317.0,24.0,0.9786807214317284,83469.0,4.0
2067,1695.0,5.0,0.9927022456466789,83474.0,4.0
2068,1396.0,39.0,0.9885916191173671,81442.0,4.0
2069,1349.0,49.0,0.9938436755909521,83497.0,4.0
2070,1652.0,4.0,0.9918180073338384,81452.0,4.0
2071,1638.0,58.0,0.9939281147732307,83505.0,4.0
2072,1245.0,44.0,1.0,83506.0,4.0
2073,1577.0,18.0,0.9925451664231911,81462.0,4.0
2074,1280.0,32.0,0.9911463874694172,83511.0,4.0
2075,1404.0,22.0,0.9953405300345931,83512.0,4.0
2076,1661.0,4.0,0.9900865854526181,81467.0,4.0
2077,1290.0,7.0,0.9808955960702563,83515.0,4.0
2078,1601.0,20.0,0.996608860515699,85566.0,4.0
2079,1602.0,20.0,0.9825552173826889,85567.0,4.0
2080,1325.0,26.0,0.9588527558062861,85569.0,4.0
2081,1245.0,29.0,0.9912191260005195,83526.0,4.0
2082,1340.0,13.0,0.9813514389392419,85582.0,4.0
2083,1413.0,21.0,0.9946198044393174,81487.0,4.0
2084,1637.0,58.0,0.9931661609387804,83544.0,4.0
2085,1602.0,19.0,0.9974813931874085,83547.0,4.0
2086,1411.0,41.0,0.990247165575586,85596.0,4.0
2087,1658.0,4.0,0.991949230292537,81502.0,4.0
2088,1335.0,46.0,0.9920402987289073,83550.0,4.0
2089,1436.0,22.0,0.9887686458027103,85603.0,4.0
2090,1326.0,26.0,0.9944742123771083,85605.0,4.0
2091,1686.0,2.0,0.9850514723040382,83558.0,4.0
2092,1581.0,18.0,0.9891426666835398,81511.0,4.0
2093,1641.0,1.0,0.9934995456294737,81514.0,4.0
2094,1535.0,54.0,0.9957543510645315,83563.0,4.0
2095,1237.0,42.0,0.996311907812162,81518.0,4.0
2096,1301.0,49.0,0.9581680680811654,81529.0,4.0
2097,1578.0,18.0,0.9977243434492068,81530.0,4.0
2098,1285.0,29.0,0.9848755973697784,85632.0,4.0
2099,1272.0,8.0,0.9889027522220323,81546.0,4.0
2100,1291.0,30.0,0.975198514098072,83595.0,4.0
2101,1304.0,49.0,0.9979171544101879,81550.0,4.0
2102,1152.0,14.0,0.9936872849382717,81557.0,4.0
2103,1431.0,52.0,0.9942188519816623,85655.0,4.0
2104,1320.0,24.0,0.9887821439030291,83608.0,4.0
2105,1401.0,39.0,0.9951290277248996,81561.0,4.0
2106,1659.0,37.0,1.0,83609.0,4.0
2107,1240.0,42.0,0.9960291647474313,81567.0,4.0
2108,1256.0,25.0,0.9943091365680098,83617.0,4.0
2109,1643.0,1.0,0.998031137562228,81571.0,4.0
2110,1348.0,31.0,0.9881545224043174,83625.0,4.0
2111,1602.0,36.0,0.9933187524006327,81581.0,4.0
2112,1606.0,36.0,0.9861083862481629,81582.0,4.0
2113,1423.0,23.0,0.9902102391036195,83640.0,4.0
2114,1350.0,31.0,0.9927174307283707,83644.0,4.0
2115,1248.0,34.0,0.9895098976772043,81599.0,4.0
2116,1351.0,30.0,0.9923353580142432,85702.0,4.0
2117,1230.0,10.0,0.9835363853929711,83664.0,4.0
2118,1583.0,3.0,0.9868286221629181,83668.0,4.0
2119,1588.0,18.0,0.9946492827913244,81625.0,4.0
2120,1321.0,28.0,0.9972907671193127,83677.0,4.0
2121,1359.0,50.0,0.9728651034416229,85725.0,4.0
2122,1402.0,39.0,0.9960835858222974,81636.0,4.0
2123,1295.0,31.0,0.9860286414901468,81645.0,4.0
2124,1201.0,14.0,0.9828656018128802,83695.0,4.0
2125,1403.0,39.0,0.985891612759613,81650.0,4.0
2126,1667.0,4.0,0.995105340096776,81653.0,4.0
2127,1470.0,21.0,0.9888929034362277,83724.0,4.0
2128,1400.0,22.0,0.9904318271042216,83726.0,4.0
2129,1355.0,40.0,0.9883687508351494,81679.0,4.0
2130,1217.0,35.0,0.9942652355310971,81682.0,4.0
2131,1537.0,54.0,0.9932228442585745,83734.0,4.0
2132,1418.0,21.0,0.9910921033330057,81687.0,4.0
2133,1212.0,44.0,0.9895183184845703,81691.0,4.0
2134,1419.0,21.0,0.9969266272697884,81692.0,4.0
2135,1249.0,35.0,1.0,83739.0,4.0
2136,1245.0,7.0,0.9932578968142128,81694.0,4.0
2137,1404.0,52.0,0.986931747013456,83744.0,4.0
2138,1314.0,24.0,0.9890883135286801,83746.0,4.0
2139,1285.0,9.0,0.9956589542362915,81704.0,4.0
2140,1538.0,54.0,0.9981286662607244,83754.0,4.0
2141,1420.0,53.0,0.9882353619354579,83760.0,4.0
2142,1323.0,45.0,0.9843207848840353,83766.0,4.0
2143,1365.0,48.0,0.994757610358344,83769.0,4.0
2144,1293.0,26.0,0.992648834452661,83771.0,4.0
2145,1281.0,47.0,0.9852220936836574,83776.0,4.0
2146,1282.0,32.0,0.991523087488305,83784.0,4.0
2147,1405.0,52.0,0.984233068951852,83790.0,4.0
2148,1276.0,8.0,0.9952803315361461,81744.0,4.0
2149,1258.0,25.0,0.9940889308322062,83792.0,4.0
2150,1424.0,53.0,0.9912545644447661,83795.0,4.0
2151,1303.0,7.0,0.9930900416706046,83806.0,4.0
2152,1253.0,26.0,0.9894335380300766,81759.0,4.0
2153,1282.0,47.0,0.9871617304915495,83807.0,4.0
2154,1207.0,29.0,0.9821796990021872,81765.0,4.0
2155,1614.0,36.0,0.994916413645088,81766.0,4.0
2156,1242.0,32.0,0.9931792841024023,81769.0,4.0
2157,1650.0,5.0,0.9921796831687228,81770.0,4.0
2158,1270.0,34.0,0.988551446244435,83819.0,4.0
2159,1389.0,51.0,0.9875800014281342,83822.0,4.0
2160,1247.0,29.0,0.9894969547237064,83826.0,4.0
2161,1655.0,1.0,0.9917627998673371,81779.0,4.0
2162,1426.0,53.0,0.9945320080730936,83831.0,4.0
2163,1665.0,37.0,0.9833146152116324,83832.0,4.0
2164,1320.0,8.0,1.0,83834.0,4.0
2165,1465.0,39.0,0.9923523865081965,83836.0,4.0
2166,1636.0,0.0,0.9935690063824546,83837.0,4.0
2167,1335.0,27.0,0.9916078400107846,83839.0,4.0
2168,1337.0,9.0,0.9891124936064984,83840.0,4.0
2169,1653.0,5.0,0.9884447482520202,81796.0,4.0
2170,1336.0,27.0,0.994002342036683,83844.0,4.0
2171,1646.0,58.0,0.9944759012896903,83848.0,4.0
2172,1390.0,51.0,0.9884698448479269,83854.0,4.0
2173,1299.0,30.0,0.9949952955650806,83857.0,4.0
2174,1356.0,40.0,0.9842112150179424,81812.0,4.0
2175,1610.0,36.0,0.992521849147046,81822.0,4.0
2176,1251.0,35.0,0.9911988497869444,83870.0,4.0
2177,1260.0,25.0,0.9903922956785947,83881.0,4.0
2178,1654.0,5.0,0.9970802678330234,81835.0,4.0
2179,1341.0,55.0,0.9974092890047235,83894.0,4.0
2180,1335.0,45.0,0.9948456403363071,83898.0,4.0
2181,1287.0,56.0,0.9887407228428915,81859.0,4.0
2182,1253.0,7.0,0.9845147714222441,81864.0,4.0
2183,1333.0,45.0,0.9929309642955683,83914.0,4.0
2184,1532.0,38.0,0.9897351199160358,81870.0,4.0
2185,1477.0,21.0,0.9922397529544857,83918.0,4.0
2186,1406.0,23.0,0.9880756360634935,81875.0,4.0
2187,1230.0,43.0,0.9926023892437599,81880.0,4.0
2188,1393.0,53.0,0.9932189840657614,81884.0,4.0
2189,1253.0,43.0,0.9936926240190387,83933.0,4.0
2190,1161.0,14.0,0.9934946058026735,81889.0,4.0
2191,1337.0,27.0,0.9908775058923327,83937.0,4.0
2192,1394.0,53.0,0.987934903519202,81891.0,4.0
2193,1657.0,1.0,0.9923981579505089,81903.0,4.0
2194,1253.0,44.0,0.9765665392533942,83952.0,4.0
2195,1412.0,22.0,0.9918569545946614,83957.0,4.0
2196,1224.0,35.0,0.9939110549277359,81915.0,4.0
2197,1313.0,55.0,0.9831067672045999,81927.0,4.0
2198,1371.0,48.0,0.9894777320036968,83980.0,4.0
2199,1432.0,23.0,0.9958722250846639,83983.0,4.0
2200,1628.0,57.0,0.9905951345263814,81944.0,4.0
2201,1665.0,1.0,0.9970861159381073,81945.0,4.0
2202,1284.0,47.0,0.9933379896600072,83995.0,4.0
2203,1692.0,4.0,0.9945827665322634,81954.0,4.0
2204,1339.0,9.0,0.9969215015539621,84005.0,4.0
2205,1603.0,3.0,0.9939834039500245,84006.0,4.0
2206,1680.0,57.0,0.9919448932061621,84029.0,4.0
2207,1350.0,6.0,0.9919863804199055,84036.0,4.0
2208,1411.0,22.0,0.9908842548077816,84041.0,4.0
2209,1194.0,33.0,0.9828830460060161,81996.0,4.0
2210,1428.0,53.0,0.9941835930401731,84048.0,4.0
2211,1233.0,10.0,0.9947832975786357,84051.0,4.0
2212,1660.0,5.0,0.9908113031392127,82028.0,4.0
2213,1406.0,52.0,0.978517737831766,84076.0,4.0
2214,1693.0,2.0,0.9809681384889771,84082.0,4.0
2215,1293.0,9.0,0.9935329346604928,82035.0,4.0
2216,1292.0,56.0,0.989336858814532,82045.0,4.0
2217,1567.0,38.0,0.9843693008661452,84106.0,4.0
2218,1597.0,3.0,0.9927552457379079,84107.0,4.0
2219,1353.0,31.0,0.9930565076686028,84125.0,4.0
2220,1696.0,2.0,0.9888600405345181,84126.0,4.0
2221,1248.0,42.0,0.9871475363645227,82079.0,4.0
2222,1667.0,1.0,0.9874550662534265,82080.0,4.0
2223,1571.0,38.0,0.9914976741515348,84127.0,4.0
2224,1264.0,25.0,0.9946963087561878,84128.0,4.0
2225,1479.0,21.0,0.9949901987328266,84130.0,4.0
2226,1534.0,38.0,0.9806102183336973,82085.0,4.0
2227,1306.0,50.0,0.9847310729641588,84135.0,4.0
2228,1314.0,49.0,0.9943453374139203,82090.0,4.0
2229,1281.0,8.0,0.994472702180608,82091.0,4.0
2230,1535.0,38.0,0.9944063884234632,82094.0,4.0
2231,1293.0,32.0,0.993314011227713,84142.0,4.0
2232,1368.0,41.0,0.9896659282552774,84146.0,4.0
2233,1433.0,21.0,0.9896333831314278,82100.0,4.0
2234,1416.0,39.0,0.9965784685274535,82101.0,4.0
2235,1214.0,29.0,0.992866522474775,82104.0,4.0
2236,1408.0,23.0,0.988521578373922,82105.0,4.0
2237,1305.0,30.0,0.9929224578819379,84152.0,4.0
2238,1614.0,18.0,0.9896227621684821,82107.0,4.0
2239,1543.0,20.0,0.9932329232259172,84153.0,4.0
2240,1167.0,14.0,0.9970269577211122,82109.0,4.0
2241,1345.0,46.0,0.9961142705610805,84157.0,4.0
2242,1696.0,4.0,0.9991289207619352,82112.0,4.0
2243,1335.0,28.0,0.986698787998691,84160.0,4.0
2244,1329.0,24.0,0.9911404564153026,84161.0,4.0
2245,1435.0,53.0,0.9938858727369697,84162.0,4.0
2246,1359.0,51.0,0.9783527728505842,82116.0,4.0
2247,1356.0,6.0,0.992243191630026,84163.0,4.0
2248,1330.0,24.0,0.9952232895035307,84164.0,4.0
2249,1306.0,30.0,0.9891717498181515,84167.0,4.0
2250,1210.0,14.0,0.97726744063249,84169.0,4.0
2251,1374.0,48.0,0.9894842399485811,84170.0,4.0
2252,1235.0,43.0,0.9954535253405957,82123.0,4.0
2253,1305.0,7.0,0.9901865767307259,84175.0,4.0
2254,1255.0,29.0,0.9958686732559032,84177.0,4.0
2255,1316.0,49.0,0.9922516095123618,82133.0,4.0
2256,1307.0,30.0,0.9945593936212022,84182.0,4.0
2257,1219.0,44.0,0.9727505854269185,82135.0,4.0
2258,1342.0,56.0,0.9960645161509223,84183.0,4.0
2259,1225.0,35.0,0.9869043906147049,82137.0,4.0
2260,1265.0,25.0,0.9965405591048713,84185.0,4.0
2261,1606.0,3.0,0.9892040239369657,84190.0,4.0
2262,1195.0,33.0,0.984259272604174,82143.0,4.0
2263,1346.0,27.0,0.9943616427612206,84192.0,4.0
2264,1669.0,1.0,0.9941186099459166,82145.0,4.0
2265,1332.0,24.0,0.9906208615135372,84198.0,4.0
2266,1672.0,5.0,0.99484382928595,82155.0,4.0
2267,1311.0,50.0,0.9808733291173691,84207.0,4.0
2268,1296.0,56.0,0.995421990998785,82160.0,4.0
2269,1439.0,23.0,0.9931818145233037,84211.0,4.0
2270,1399.0,40.0,0.992698504906649,84218.0,4.0
2271,1334.0,24.0,0.9953857235646772,84221.0,4.0
2272,1246.0,12.0,0.9937056350206837,82177.0,4.0
2273,1283.0,50.0,0.9894695575956244,82180.0,4.0
2274,1337.0,28.0,0.994532498853127,84229.0,4.0
2275,1252.0,35.0,0.9795377118724475,84242.0,4.0
2276,1635.0,57.0,0.9847131659237545,82199.0,4.0
2277,1301.0,45.0,0.9692505986726997,82204.0,4.0
2278,1199.0,33.0,0.9714319556175007,82211.0,4.0
2279,1357.0,6.0,0.9936602808287771,84260.0,4.0
2280,1259.0,26.0,0.9976860989803513,82221.0,4.0
2281,1236.0,43.0,0.9898831391441946,82223.0,4.0
2282,1285.0,8.0,0.9937062294413623,82229.0,4.0
2283,1615.0,19.0,0.988859762939686,84283.0,4.0
2284,1311.0,31.0,0.9927793099080503,82239.0,4.0
2285,1612.0,0.0,0.9937726910888949,82248.0,4.0
2286,1488.0,54.0,0.9916140180626781,82252.0,4.0
2287,1416.0,22.0,0.9954858894358115,84302.0,4.0
2288,1364.0,51.0,0.9912406803065081,82258.0,4.0
2289,1274.0,34.0,0.9790204984319599,84306.0,4.0
2290,1345.0,56.0,0.9946448938522569,84308.0,4.0
2291,1363.0,40.0,0.9918018912042885,82263.0,4.0
2292,1343.0,56.0,0.9889586165866044,84315.0,4.0
2293,1545.0,20.0,0.9886320175201208,84322.0,4.0
2294,1369.0,22.0,0.9973651938259179,82278.0,4.0
2295,1319.0,6.0,0.9862255394367364,82281.0,4.0
2296,1424.0,39.0,0.9930653162512199,82282.0,4.0
2297,1700.0,2.0,0.9965444034583795,84329.0,4.0
2298,1368.0,15.0,0.9737181735069566,84334.0,4.0
2299,1346.0,56.0,0.9930976474656626,84335.0,4.0
2300,1401.0,40.0,0.992502786376094,84338.0,4.0
2301,1402.0,40.0,0.9898820454083094,84339.0,4.0
2302,1403.0,40.0,0.9946636497007607,84340.0,4.0
2303,1354.0,55.0,0.9945043938323791,84343.0,4.0
2304,1250.0,42.0,0.9962816896491048,82315.0,4.0
2305,1271.0,25.0,0.9956076038737265,84363.0,4.0
2306,1618.0,37.0,0.982050250699009,82321.0,4.0
2307,1697.0,2.0,0.9930672269429561,84379.0,4.0
2308,1671.0,1.0,0.9954407343910545,82333.0,4.0
2309,1237.0,43.0,0.9817544580688965,82345.0,4.0
2310,1620.0,58.0,0.9929467056329577,82348.0,4.0
2311,1372.0,41.0,0.9923419889379594,84397.0,4.0
2312,1247.0,12.0,0.9983332154934484,82357.0,4.0
2313,1292.0,13.0,0.9933250455158312,84406.0,4.0
2314,1302.0,27.0,0.9891710434219562,82359.0,4.0
2315,1265.0,7.0,0.9929912757191157,82362.0,4.0
2316,1252.0,32.0,0.991295095308091,82369.0,4.0
2317,1539.0,38.0,0.9864958106278567,82373.0,4.0
2318,1318.0,55.0,0.9939898833137849,82374.0,4.0
2319,1427.0,39.0,0.9917889116728767,82375.0,4.0
2320,1310.0,9.0,0.9931226211661791,82377.0,4.0
2321,1324.0,49.0,0.9892158893491848,82381.0,4.0
2322,1704.0,5.0,0.995797379135136,84432.0,4.0
2323,1647.0,0.0,0.9905161597052732,84434.0,4.0
2324,1224.0,44.0,0.9934781409642222,82387.0,4.0
2325,1309.0,46.0,0.9910781706492016,82396.0,4.0
2326,1627.0,37.0,0.9874967989308822,82397.0,4.0
2327,1297.0,28.0,0.9907663922739477,82398.0,4.0
2328,1317.0,31.0,0.9959713481771876,82399.0,4.0
2329,1252.0,42.0,0.9852467677537723,82410.0,4.0
2330,1267.0,7.0,0.9975041883041492,82414.0,4.0
2331,1381.0,48.0,0.9904911995209132,84463.0,4.0
2332,1298.0,28.0,0.9834191750234874,82418.0,4.0
2333,1677.0,1.0,0.9911054961350605,82425.0,4.0
2334,1685.0,57.0,0.9975149880864866,84473.0,4.0
2335,1405.0,40.0,0.9927021754534704,84474.0,4.0
2336,1680.0,1.0,0.9882418027909985,82428.0,4.0
2337,1238.0,10.0,0.9826982035313896,84482.0,4.0
2338,1624.0,18.0,0.9899304001996353,82436.0,4.0
2339,1310.0,46.0,0.991000058415582,82438.0,4.0
2340,1218.0,33.0,0.9892415634300299,84491.0,4.0
2341,1554.0,20.0,0.9926462795484434,84493.0,4.0
2342,1309.0,26.0,0.9735542194431626,84497.0,4.0
2343,1318.0,30.0,0.9930447548037896,84500.0,4.0
2344,1259.0,11.0,0.9942222326267076,84502.0,4.0
2345,1675.0,37.0,0.9948400760701129,84505.0,4.0
2346,1292.0,8.0,0.9933705902659479,82463.0,4.0
2347,1330.0,49.0,0.9939224029100778,82465.0,4.0
2348,1342.0,45.0,0.993640402756912,84516.0,4.0
2349,1413.0,52.0,0.9843387916613376,84519.0,4.0
2350,1315.0,50.0,0.9920573603043608,84521.0,4.0
2351,1355.0,15.0,1.0,82474.0,4.0
2352,1535.0,20.0,0.9912001783497578,82475.0,4.0
2353,1628.0,36.0,0.9879218821248743,82479.0,4.0
2354,1271.0,7.0,0.9930885243815084,82483.0,4.0
2355,1414.0,52.0,0.9800902202073991,84534.0,4.0
2356,1316.0,50.0,0.9926861874503199,84536.0,4.0
2357,1250.0,25.0,0.9911065559554345,82490.0,4.0
2358,1351.0,46.0,0.995003188822605,84538.0,4.0
2359,1261.0,11.0,0.9911729424116029,84541.0,4.0
2360,1230.0,35.0,0.9623601660161625,82497.0,4.0
2361,1254.0,35.0,0.9784227258045405,84548.0,4.0
2362,1398.0,51.0,0.9949669823806939,84554.0,4.0
2363,1291.0,12.0,0.9936098784552936,84559.0,4.0
2364,1263.0,26.0,0.9907701121066083,82520.0,4.0
2365,1201.0,33.0,0.9925114319280507,82526.0,4.0
2366,1676.0,37.0,0.9894392436900297,84582.0,4.0
2367,1304.0,28.0,0.991758983809127,82545.0,4.0
2368,1255.0,10.0,0.9920819406727005,84597.0,4.0
2369,1387.0,41.0,0.9904927248462954,84610.0,4.0
2370,1506.0,54.0,0.9978507649745063,82568.0,4.0
2371,1275.0,7.0,0.9952880619487181,82572.0,4.0
2372,1263.0,47.0,0.9861255328006999,82574.0,4.0
2373,1614.0,0.0,0.9853240500815827,82579.0,4.0
2374,1291.0,24.0,0.991574418820992,82583.0,4.0
2375,1343.0,45.0,0.9956169235373143,84634.0,4.0
2376,1240.0,43.0,0.9909678980830607,82589.0,4.0
2377,1425.0,22.0,0.9947542176007901,84646.0,4.0
2378,1345.0,45.0,0.9891217387172424,84657.0,4.0
2379,1500.0,54.0,0.9962244393088449,82611.0,4.0
2380,1386.0,41.0,0.9957539895454879,84660.0,4.0
2381,1652.0,0.0,0.9847681068036669,84671.0,4.0
2382,1367.0,51.0,0.9896076045183292,82631.0,4.0
2383,1451.0,23.0,0.9892353365165799,84681.0,4.0
2384,1450.0,23.0,0.9915259412326192,84682.0,4.0
2385,1621.0,3.0,0.9896576680523048,84683.0,4.0
2386,1342.0,24.0,0.99189592701017,84689.0,4.0
2387,1296.0,12.0,0.9940884635231212,84694.0,4.0
2388,1432.0,39.0,0.9978453826023572,82648.0,4.0
2389,1621.0,19.0,0.9835119503265118,84697.0,4.0
2390,1335.0,49.0,0.9946613408126864,82659.0,4.0
2391,1706.0,4.0,0.989085885851445,82667.0,4.0
2392,1314.0,46.0,0.9931923061873542,82668.0,4.0
2393,1225.0,29.0,0.982937158617616,82669.0,4.0
2394,1324.0,6.0,0.9968380411750674,82671.0,4.0
2395,1308.0,27.0,0.9942609226161718,82675.0,4.0
2396,1357.0,15.0,0.9844793636127183,82678.0,4.0
2397,1295.0,8.0,0.995068543697264,82687.0,4.0
2398,1320.0,55.0,0.9930101963748125,82688.0,4.0
2399,1258.0,12.0,0.9893778003461549,82690.0,4.0
2400,1181.0,14.0,0.986218131539709,82693.0,4.0
2401,1230.0,44.0,0.9969157250663406,82697.0,4.0
2402,1690.0,57.0,0.9946983692161111,84749.0,4.0
2403,1372.0,51.0,0.9933975842534734,82704.0,4.0
2404,1376.0,22.0,0.9921121477350392,82707.0,4.0
2405,1616.0,0.0,0.9844739858452152,82710.0,4.0
2406,1270.0,26.0,0.9924591984759853,82714.0,4.0
2407,1316.0,9.0,0.9925992580511814,82715.0,4.0
2408,1441.0,53.0,0.99034254443912,84763.0,4.0
2409,1271.0,26.0,0.9867771532216575,82719.0,4.0
2410,1231.0,44.0,0.9838686415369662,82721.0,4.0
2411,1512.0,54.0,0.9878089995363093,82725.0,4.0
2412,1249.0,10.0,0.9890697569105961,84774.0,4.0
2413,1322.0,55.0,0.9849233841000904,82728.0,4.0
2414,1565.0,3.0,0.9863832547105221,82729.0,4.0
2415,1386.0,48.0,0.9973090066582557,84778.0,4.0
2416,1346.0,9.0,0.9863112115523646,84779.0,4.0
2417,1326.0,31.0,0.9940531341796952,82733.0,4.0
2418,1567.0,3.0,0.9924877335170639,82752.0,4.0
2419,1566.0,3.0,0.9970386568720443,82753.0,4.0
2420,1306.0,56.0,0.996286853862199,82759.0,4.0
2421,1451.0,21.0,0.9897305602530824,82764.0,4.0
2422,1392.0,41.0,0.9889857629178817,84819.0,4.0
2423,1259.0,44.0,0.9903483931806264,84823.0,4.0
2424,1355.0,56.0,0.9953641129693993,84835.0,4.0
2425,1545.0,38.0,0.9887247482921165,82801.0,4.0
2426,1308.0,13.0,0.9953718899337063,84849.0,4.0
2427,1309.0,27.0,0.9976460700865498,82807.0,4.0
2428,1348.0,45.0,0.9929163982152165,84860.0,4.0
2429,1328.0,50.0,0.9878681449799948,84861.0,4.0
2430,1281.0,34.0,0.9959400173358631,84862.0,4.0
2431,1301.0,12.0,0.9921852151092437,84867.0,4.0
2432,1259.0,10.0,0.9916300191288168,84874.0,4.0
2433,1349.0,45.0,0.9905276990378891,84875.0,4.0
2434,1190.0,14.0,0.9777168985969144,82830.0,4.0
2435,1318.0,46.0,0.9910789770054342,82836.0,4.0
2436,1626.0,58.0,0.9965097560291251,82849.0,4.0
2437,1625.0,58.0,0.9934611473990114,82850.0,4.0
2438,1580.0,19.0,0.9901271700139316,82852.0,4.0
2439,1678.0,5.0,0.9885859756042872,82855.0,4.0
2440,1644.0,57.0,0.9958764920101278,82864.0,4.0
2441,1268.0,32.0,0.9959756243201068,82870.0,4.0
2442,1399.0,41.0,0.9960559143207415,84925.0,4.0
2443,1684.0,5.0,0.9910210052437276,82880.0,4.0
2444,1683.0,5.0,0.9924127497825196,82881.0,4.0
2445,1263.0,10.0,0.9865521729199316,84937.0,4.0
2446,1265.0,10.0,0.9901209460773185,84940.0,4.0
2447,1640.0,36.0,0.9920329845940776,82895.0,4.0
2448,1327.0,30.0,0.9952352539430013,84948.0,4.0
2449,1219.0,33.0,0.9855101851488032,84951.0,4.0
2450,1317.0,13.0,0.9906494593037904,84955.0,4.0
2451,1627.0,18.0,0.9952727612447978,82909.0,4.0
2452,1208.0,33.0,0.9906851896301657,82919.0,4.0
2453,1333.0,30.0,0.9958515275423742,84973.0,4.0
2454,1391.0,48.0,0.986332679897617,84974.0,4.0
2455,1659.0,2.0,0.980459461809733,82944.0,4.0
2456,1523.0,54.0,0.9934126722533687,82945.0,4.0
2457,1332.0,50.0,0.9702498989157022,84994.0,4.0
2458,1354.0,46.0,0.9920824433130758,85012.0,4.0
2459,1374.0,51.0,0.9885410209603394,82965.0,4.0
2460,1283.0,34.0,0.9934926362603291,85024.0,4.0
2461,1546.0,38.0,0.992090672938917,82978.0,4.0
2462,1389.0,52.0,0.9788377821343055,82981.0,4.0
2463,1290.0,42.0,0.9885054466748384,85031.0,4.0
2464,1692.0,57.0,0.992334220553609,85033.0,4.0
2465,1266.0,11.0,0.972261034077165,85057.0,4.0
2466,1355.0,46.0,0.9925259268305525,85062.0,4.0
2467,1260.0,34.0,0.9951776915997188,83015.0,4.0
2468,1584.0,19.0,0.9977464701995705,83016.0,4.0
2469,1313.0,13.0,0.9944602532047719,85068.0,4.0
2470,1310.0,28.0,0.9918473794755868,83025.0,4.0
2471,1364.0,55.0,0.9955590838608208,85076.0,4.0
2472,1388.0,22.0,0.9890276579478742,83029.0,4.0
2473,1296.0,42.0,0.9921400959017659,85077.0,4.0
2474,1331.0,31.0,0.995215956970381,83034.0,4.0
2475,1378.0,6.0,0.99317528132494,85082.0,4.0
2476,1237.0,44.0,0.9756587087121189,83039.0,4.0
2477,1666.0,2.0,0.9903502410813577,83040.0,4.0
2478,1679.0,58.0,0.9939020087050708,85088.0,4.0
2479,1421.0,52.0,0.9843848495215799,85091.0,4.0
2480,1653.0,57.0,0.9961005803520045,83054.0,4.0
2481,1363.0,27.0,0.9921359303496868,85104.0,4.0
2482,1362.0,31.0,0.9923132408569573,85106.0,4.0
2483,1315.0,28.0,0.9903928983448679,83065.0,4.0
2484,1672.0,0.0,0.9938586710469954,85116.0,4.0
2485,1328.0,13.0,0.9875779008956196,85118.0,4.0
2486,1294.0,50.0,0.9842051839091485,83079.0,4.0
2487,1313.0,32.0,0.9930682035470333,85144.0,4.0
2488,1333.0,55.0,0.9904243586422962,83097.0,4.0
2489,1538.0,20.0,0.9991878647438436,83101.0,4.0
2490,1301.0,47.0,0.9955190255901921,85154.0,4.0
2491,1372.0,40.0,0.9937521467937662,83116.0,4.0
2492,1358.0,48.0,0.9904205091437197,83120.0,4.0
2493,1275.0,29.0,0.9915708738059029,85168.0,4.0
2494,1469.0,23.0,0.9939033651414642,85170.0,4.0
2495,1320.0,27.0,0.9958347389386547,83135.0,4.0
2496,1245.0,35.0,0.9921367017234073,83138.0,4.0
2497,1314.0,32.0,0.99492250089826,85194.0,4.0
2498,1302.0,47.0,0.9623891528105599,85195.0,4.0
2499,1324.0,13.0,0.9927753039061669,85199.0,4.0
2500,1673.0,0.0,0.992490334587602,85209.0,4.0
2501,1245.0,11.0,0.9906322844490683,83166.0,4.0
2502,1381.0,6.0,0.9931420259217807,85227.0,4.0
2503,1599.0,38.0,0.9815923238431817,85231.0,4.0
2504,1350.0,41.0,0.9935291767086661,83186.0,4.0
2505,1293.0,25.0,0.9933521618556346,85235.0,4.0
2506,1620.0,0.0,0.9884175685646266,83192.0,4.0
2507,1425.0,52.0,0.9888343463607985,85241.0,4.0
2508,1192.0,14.0,0.9961798909133436,83202.0,4.0
2509,1271.0,11.0,0.9843384066722556,85254.0,4.0
2510,1289.0,34.0,0.9836343931415004,85265.0,4.0
2511,1637.0,19.0,0.9913904814880263,85273.0,4.0
2512,1226.0,10.0,0.9682629448645224,83237.0,4.0
2513,1473.0,23.0,0.9902990746846513,85293.0,4.0
2514,1295.0,25.0,0.9972530029309241,85300.0,4.0
2515,1651.0,37.0,0.9880170493504916,83254.0,4.0
2516,1458.0,21.0,0.9905353940737334,83265.0,4.0
2517,1343.0,50.0,0.9795259696627981,85318.0,4.0
2518,1716.0,2.0,0.9885897647256792,85322.0,4.0
2519,1034.0,59.0,0.9879161989903567,81233.0,4.0
2520,1038.0,59.0,0.9903668829083275,81239.0,4.0
2521,1300.0,25.0,0.9915574768331477,85341.0,4.0
2522,1236.0,12.0,0.994326713198556,81249.0,4.0
2523,1659.0,57.0,0.9928590547516993,83297.0,4.0
2524,1265.0,34.0,0.9824480617471136,83298.0,4.0
2525,1571.0,3.0,0.9889846739689997,83301.0,4.0
2526,1645.0,19.0,0.9929376044304795,85350.0,4.0
2527,1588.0,20.0,0.991852947385619,85352.0,4.0
2528,1646.0,19.0,0.986904478340395,85354.0,4.0
2529,1398.0,48.0,0.9939043642236017,85362.0,4.0
2530,1302.0,8.0,0.9949589133590077,83318.0,4.0
2531,1403.0,41.0,0.9949618369262068,85372.0,4.0
2532,1586.0,19.0,0.9827068641421505,83339.0,4.0
2533,1237.0,12.0,0.9972297352642162,81292.0,4.0
2534,1056.0,59.0,0.9942056353390171,81294.0,4.0
2535,1057.0,59.0,0.9971545953291133,81296.0,4.0
2536,1632.0,4.0,0.9920460315853408,81297.0,4.0
2537,1059.0,59.0,0.9931691648858632,81305.0,4.0
2538,1336.0,6.0,0.9830530958646102,83359.0,4.0
2539,1063.0,59.0,0.9920367004065811,81315.0,4.0
2540,1278.0,9.0,0.9709687131174203,81317.0,4.0
2541,1565.0,18.0,0.9975972787370918,81318.0,4.0
2542,1641.0,4.0,0.9915743046129532,81321.0,4.0
2543,1246.0,43.0,0.9870595044364896,83370.0,4.0
2544,1576.0,3.0,0.9907977772331844,83372.0,4.0
2545,1675.0,2.0,0.9875782895863269,83373.0,4.0
2546,1062.0,59.0,0.9956508799579586,81329.0,4.0
2547,1581.0,36.0,0.9917303760210104,81330.0,4.0
2548,1633.0,58.0,0.9965752520440438,83380.0,4.0
2549,1376.0,40.0,0.9979130289685322,83383.0,4.0
2550,1272.0,47.0,0.9960787936621912,83388.0,4.0
2551,1285.0,26.0,0.9896986921322982,83391.0,4.0
2552,1221.0,10.0,0.9896484939277405,81345.0,4.0
2553,1341.0,30.0,0.9936766484276793,85443.0,4.0
2554,1228.0,11.0,0.9857759057764752,81347.0,4.0
2555,1585.0,36.0,0.9922413714667222,81349.0,4.0
2556,1677.0,2.0,0.9913550513277481,83398.0,4.0
2557,1240.0,29.0,0.9896994070735151,83399.0,4.0
2558,1245.0,47.0,0.9934564585718965,81353.0,4.0
2559,1570.0,18.0,0.9948355008798209,81355.0,4.0
2560,1248.0,43.0,0.9953851567201993,83404.0,4.0
2561,1325.0,27.0,0.9799892433875731,83408.0,4.0
2562,1464.0,21.0,0.987218426126816,83413.0,4.0
2563,1287.0,26.0,0.9946705797751645,83415.0,4.0
2564,1398.0,22.0,0.9955758761337412,83416.0,4.0
2565,1579.0,3.0,0.992251418040841,83418.0,4.0
2566,1398.0,52.0,0.9921900439507298,83421.0,4.0
2567,1381.0,51.0,0.9917156282965124,83425.0,4.0
2568,1295.0,49.0,0.9932958260296826,81378.0,4.0
2569,1234.0,42.0,0.9939963211561373,81379.0,4.0
2570,1244.0,26.0,0.9951556010506755,81380.0,4.0
2571,1318.0,28.0,0.9937427666153379,83427.0,4.0
2572,1278.0,46.0,0.9937677574856858,81382.0,4.0
2573,1637.0,1.0,0.9874477936629537,81383.0,4.0
2574,1327.0,41.0,0.9893672285537074,81384.0,4.0
2575,1555.0,38.0,0.9918497191799797,83429.0,4.0
2576,1589.0,19.0,0.9889598878540445,83430.0,4.0
2577,1664.0,57.0,0.9975148416984426,83435.0,4.0
2578,1245.0,26.0,0.9923185297071487,81388.0,4.0
2579,1678.0,2.0,0.9843971141769595,83444.0,4.0
2580,1638.0,1.0,0.9818005117857385,81397.0,4.0
2581,1312.0,8.0,0.9863369067631153,83446.0,4.0
2582,1590.0,19.0,0.9822837336072154,83447.0,4.0
2583,1581.0,3.0,0.9941385891691317,83449.0,4.0
2584,1647.0,4.0,0.9980223329553297,81405.0,4.0
2585,1340.0,31.0,0.9947192507038337,83454.0,4.0
2586,1422.0,23.0,0.9959253463648857,83456.0,4.0
2587,1573.0,18.0,0.9887747024831346,81412.0,4.0
2588,1214.0,33.0,0.9948887415779797,83461.0,4.0
2589,1238.0,12.0,0.9912764979746514,81420.0,4.0
2590,1075.0,59.0,0.9845546524590054,81422.0,4.0
2591,1279.0,46.0,0.9818347573679069,81427.0,4.0
2592,1281.0,32.0,0.9961393706553924,83484.0,4.0
2593,1208.0,35.0,0.9961834537759324,81438.0,4.0
2594,1600.0,37.0,0.9513411524209445,81440.0,4.0
2595,1354.0,50.0,0.9940876332153047,85542.0,4.0
2596,1273.0,12.0,0.9937727971743441,83494.0,4.0
2597,1150.0,14.0,0.9924895522729155,81448.0,4.0
2598,1239.0,12.0,0.9931290973030592,81449.0,4.0
2599,1273.0,24.0,0.9984174559629105,81453.0,4.0
2600,1397.0,39.0,0.9896724891495575,81454.0,4.0
2601,1384.0,51.0,0.9602804225180998,83501.0,4.0
2602,1236.0,42.0,0.9889450204491624,81456.0,4.0
2603,1468.0,54.0,0.9916188641621314,81458.0,4.0
2604,1355.0,50.0,0.9900306242380768,85554.0,4.0
2605,1225.0,43.0,0.9913537503405319,81459.0,4.0
2606,1282.0,28.0,0.9941095100088748,81461.0,4.0
2607,1347.0,40.0,0.9951685372100834,81463.0,4.0
2608,1347.0,15.0,1.0,81464.0,4.0
2609,1327.0,56.0,0.988861839061961,83529.0,4.0
2610,1398.0,39.0,0.9681070361944553,81483.0,4.0
2611,1083.0,59.0,0.9895215861669998,81485.0,4.0
2612,1339.0,13.0,0.9848816145447972,85583.0,4.0
2613,1332.0,46.0,0.9958582793328086,83537.0,4.0
2614,1645.0,5.0,0.9959472899197154,81490.0,4.0
2615,1601.0,37.0,0.9692234256614428,81491.0,4.0
2616,1291.0,26.0,0.9934531195484839,83538.0,4.0
2617,1300.0,49.0,0.9975533013782969,81493.0,4.0
2618,1348.0,40.0,0.9969270373423716,81507.0,4.0
2619,1325.0,28.0,0.994364383914998,83559.0,4.0
2620,1584.0,18.0,0.9811342495255484,81512.0,4.0
2621,1228.0,10.0,0.9885363927268698,83562.0,4.0
2622,1599.0,19.0,0.9935995775644949,83573.0,4.0
2623,1282.0,9.0,0.9788772164130851,81528.0,4.0
2624,1326.0,27.0,0.9926248404074576,83583.0,4.0
2625,1388.0,53.0,0.9930674238837616,81538.0,4.0
2626,1249.0,47.0,0.9913048976077439,81539.0,4.0
2627,1296.0,27.0,0.9858153406519787,81540.0,4.0
2628,1615.0,58.0,0.9938010639444628,81542.0,4.0
2629,1663.0,4.0,0.9929982121926892,81544.0,4.0
2630,1243.0,7.0,0.9958249379379897,81548.0,4.0
2631,1527.0,38.0,0.9791940003648759,81549.0,4.0
2632,1275.0,24.0,0.9887802587716343,81552.0,4.0
2633,1349.0,51.0,0.9918572369767308,81555.0,4.0
2634,1404.0,23.0,0.9865493723541368,81560.0,4.0
2635,1364.0,15.0,0.9927943109139172,83610.0,4.0
2636,1210.0,44.0,0.9921199192424952,81564.0,4.0
2637,1642.0,1.0,0.998755011502171,81565.0,4.0
2638,1304.0,55.0,0.9762818890400752,81566.0,4.0
2639,1296.0,10.0,0.9920041024675702,85663.0,4.0
2640,1599.0,36.0,0.9941040715060151,81568.0,4.0
2641,1349.0,31.0,0.99397624055276,83616.0,4.0
2642,1241.0,42.0,0.987374208249918,81570.0,4.0
2643,1590.0,18.0,0.9917339704326612,81579.0,4.0
2644,1242.0,12.0,0.9899843704689131,81580.0,4.0
2645,1254.0,25.0,0.9921048341551949,83632.0,4.0
2646,1353.0,40.0,0.9898215113006059,81592.0,4.0
2647,1671.0,4.0,0.9904134542874543,81600.0,4.0
2648,1315.0,6.0,0.993510002729564,81605.0,4.0
2649,1627.0,0.0,0.989763480104324,83655.0,4.0
2650,1624.0,0.0,0.9925965451148827,83656.0,4.0
2651,1326.0,16.0,0.9809369914197733,83657.0,4.0
2652,1298.0,10.0,0.9781158860402522,85710.0,4.0
2653,1206.0,29.0,0.984172194391927,81616.0,4.0
2654,1305.0,55.0,0.9928248562420708,81633.0,4.0
2655,1277.0,32.0,0.9926109323128282,83683.0,4.0
2656,1323.0,28.0,0.991109482241845,83691.0,4.0
2657,1292.0,30.0,0.9948243427721051,83699.0,4.0
2658,1620.0,57.0,0.9957801821006282,81656.0,4.0
2659,1250.0,35.0,0.9821327938342452,83707.0,4.0
2660,1215.0,35.0,0.9879570470701545,81663.0,4.0
2661,1298.0,27.0,0.9712004962473634,81664.0,4.0
2662,1278.0,32.0,0.9879487063269499,83711.0,4.0
2663,1357.0,41.0,0.9950625163372295,83714.0,4.0
2664,1382.0,51.0,0.9921144609703396,83716.0,4.0
2665,1229.0,11.0,0.9825002879212907,81670.0,4.0
2666,1230.0,11.0,0.9941361258147128,81674.0,4.0
2667,1307.0,49.0,0.9917078580207656,81677.0,4.0
2668,1242.0,42.0,0.9905741585961345,81678.0,4.0
2669,1593.0,18.0,0.9929083664946348,81680.0,4.0
2670,1606.0,37.0,0.9885808708072936,81681.0,4.0
2671,1541.0,54.0,0.9926422833092469,83729.0,4.0
2672,1607.0,36.0,0.9848182684813508,81683.0,4.0
2673,1403.0,52.0,0.9707685073829033,83733.0,4.0
2674,1306.0,55.0,0.9931834951297986,81686.0,4.0
2675,1156.0,14.0,0.9825792167950467,81695.0,4.0
2676,1608.0,36.0,0.9877169910989191,81697.0,4.0
2677,1243.0,12.0,0.9934226170006505,81698.0,4.0
2678,1299.0,27.0,0.992271130567095,81699.0,4.0
2679,1275.0,8.0,0.9742439685053921,81701.0,4.0
2680,1246.0,7.0,0.9969932674390755,81702.0,4.0
2681,1243.0,42.0,0.9924884588538255,81708.0,4.0
2682,1307.0,55.0,0.9934671873166948,81713.0,4.0
2683,1300.0,27.0,0.9815675269322125,81714.0,4.0
2684,1421.0,21.0,0.9882064960170436,81719.0,4.0
2685,1277.0,24.0,0.9749541324486425,81720.0,4.0
2686,1406.0,22.0,0.9953188477054442,83770.0,4.0
2687,1540.0,20.0,0.992678668479713,83772.0,4.0
2688,1246.0,29.0,0.9946358027693222,83773.0,4.0
2689,1250.0,34.0,0.9760730501396312,81726.0,4.0
2690,1270.0,42.0,0.9876419150925798,83775.0,4.0
2691,1249.0,7.0,0.9914834964018716,81729.0,4.0
2692,1647.0,1.0,0.9951973824424999,81735.0,4.0
2693,1301.0,7.0,0.9920758762356513,83788.0,4.0
2694,1594.0,3.0,0.9884988244613458,83791.0,4.0
2695,1423.0,53.0,0.991191337680177,83793.0,4.0
2696,1463.0,39.0,0.9951826219956486,83799.0,4.0
2697,1229.0,43.0,0.9942105244365064,81753.0,4.0
2698,1269.0,34.0,0.9667980372104074,83801.0,4.0
2699,1702.0,1.0,0.9924978029268325,83802.0,4.0
2700,1351.0,49.0,0.9967172330016679,83809.0,4.0
2701,1189.0,33.0,0.9922063880720127,81762.0,4.0
2702,1425.0,53.0,0.9967507832709038,83815.0,4.0
2703,1284.0,13.0,0.9814910679881774,83817.0,4.0
2704,1683.0,4.0,0.9949327262925454,81775.0,4.0
2705,1372.0,52.0,0.9680309842014643,81776.0,4.0
2706,1635.0,0.0,0.9934833238041835,83828.0,4.0
2707,1286.0,56.0,0.9929980471130325,81781.0,4.0
2708,1357.0,40.0,0.9871696546891285,81787.0,4.0
2709,1259.0,25.0,0.9918140171538279,83835.0,4.0
2710,1689.0,2.0,0.9669859390249976,83838.0,4.0
2711,1703.0,1.0,0.9917220828499484,83841.0,4.0
2712,1427.0,53.0,0.9922479972705309,83846.0,4.0
2713,1541.0,20.0,0.9861306773255303,83849.0,4.0
2714,1681.0,4.0,0.9918256136165432,81802.0,4.0
2715,1298.0,30.0,0.9888436494473533,83850.0,4.0
2716,1345.0,6.0,0.9795175519863994,83851.0,4.0
2717,1248.0,29.0,0.9945378054417149,83856.0,4.0
2718,1247.0,7.0,0.9951588608566415,81811.0,4.0
2719,1218.0,35.0,0.9536460547747361,81815.0,4.0
2720,1368.0,48.0,0.9924796759587146,83863.0,4.0
2721,1254.0,47.0,1.0,81828.0,4.0
2722,1528.0,38.0,0.990588367916226,81832.0,4.0
2723,1702.0,5.0,0.9928561820883234,83886.0,4.0
2724,1244.0,12.0,0.9934498959777579,81850.0,4.0
2725,1429.0,23.0,0.9911540436392815,83899.0,4.0
2726,1273.0,30.0,0.9948693307136809,81852.0,4.0
2727,1684.0,4.0,0.9907500484252536,81853.0,4.0
2728,1343.0,48.0,0.9949263542356896,81861.0,4.0
2729,1686.0,4.0,0.9906812482639006,81862.0,4.0
2730,1531.0,38.0,0.9959785612478754,81863.0,4.0
2731,1667.0,37.0,0.9928194065547729,83910.0,4.0
2732,1410.0,39.0,0.9770771420724544,81865.0,4.0
2733,1190.0,33.0,0.9888118895459197,81867.0,4.0
2734,1288.0,56.0,0.9951575680205856,81869.0,4.0
2735,1472.0,21.0,0.9928470757600247,83919.0,4.0
2736,1542.0,20.0,0.9931608301828039,83921.0,4.0
2737,1311.0,55.0,0.9776665301788261,81874.0,4.0
2738,1317.0,6.0,0.9865793851233345,81878.0,4.0
2739,1331.0,41.0,0.9903507457603833,81879.0,4.0
2740,1294.0,46.0,0.9976686748526084,81881.0,4.0
2741,1392.0,53.0,0.9655054248075222,81882.0,4.0
2742,1625.0,57.0,0.9975082365554004,81885.0,4.0
2743,1656.0,5.0,0.9961052237500948,81888.0,4.0
2744,1311.0,49.0,0.9944956073603426,81894.0,4.0
2745,1425.0,21.0,0.9899707431122967,81895.0,4.0
2746,1289.0,9.0,0.9944771121287148,81897.0,4.0
2747,1289.0,56.0,0.994742620972841,81899.0,4.0
2748,1278.0,24.0,0.9971792242057798,81902.0,4.0
2749,1272.0,34.0,0.9941863492258287,83954.0,4.0
2750,1271.0,34.0,0.9737096549578353,83955.0,4.0
2751,1313.0,49.0,0.9906710229632211,81914.0,4.0
2752,1251.0,43.0,0.9919122513445934,83966.0,4.0
2753,1350.0,15.0,0.9695981693327305,81940.0,4.0
2754,1192.0,33.0,0.995083179626201,81942.0,4.0
2755,1360.0,40.0,0.9872721151388583,81953.0,4.0
2756,1318.0,6.0,0.989167653346531,81959.0,4.0
2757,1600.0,3.0,0.9911853490288814,84008.0,4.0
2758,1669.0,37.0,0.9837305211920033,84013.0,4.0
2759,1359.0,40.0,0.9953925991249499,81967.0,4.0
2760,1414.0,22.0,0.9912795574260918,84021.0,4.0
2761,1607.0,18.0,0.9912037145557049,81979.0,4.0
2762,1571.0,19.0,0.9925124931411111,81981.0,4.0
2763,1407.0,23.0,0.9836152100053539,81985.0,4.0
2764,1166.0,14.0,0.9834778561146268,81991.0,4.0
2765,1164.0,14.0,0.9893192556257491,81993.0,4.0
2766,1280.0,24.0,0.9919827926765264,82005.0,4.0
2767,1349.0,15.0,0.9715043213060844,82007.0,4.0
2768,1221.0,35.0,0.9936519434174929,82017.0,4.0
2769,1252.0,34.0,0.9526085423300196,82018.0,4.0
2770,1247.0,42.0,0.9933342292948345,82022.0,4.0
2771,1295.0,9.0,0.9947435170663599,82034.0,4.0
2772,1337.0,56.0,0.9932892699125799,84083.0,4.0
2773,1291.0,9.0,0.9960698990812158,82037.0,4.0
2774,1261.0,25.0,0.993817048475152,84085.0,4.0
2775,1395.0,53.0,0.9975042711081145,82040.0,4.0
2776,1559.0,3.0,0.9921199479644932,82047.0,4.0
2777,1662.0,5.0,0.9839817686517223,82053.0,4.0
2778,1251.0,34.0,0.9864551537920379,82064.0,4.0
2779,1292.0,32.0,0.9933068726945133,84116.0,4.0
2780,1429.0,21.0,1.0,82069.0,4.0
2781,1617.0,36.0,0.9927032812088338,82071.0,4.0
2782,1354.0,6.0,0.9871581149765698,84119.0,4.0
2783,1256.0,43.0,0.9947143213198785,84120.0,4.0
2784,1619.0,36.0,0.9952504945202315,82075.0,4.0
2785,1246.0,32.0,0.9896111887963215,82082.0,4.0
2786,1217.0,44.0,0.9817547608187744,82083.0,4.0
2787,1355.0,6.0,0.9913107294885117,84131.0,4.0
2788,1288.0,13.0,0.9910878932491427,84132.0,4.0
2789,1335.0,41.0,0.9905712979120547,82086.0,4.0
2790,1485.0,54.0,0.9879804559407644,82088.0,4.0
2791,1314.0,55.0,0.9890996139235618,82089.0,4.0
2792,1670.0,37.0,0.9701062421536694,84138.0,4.0
2793,1605.0,3.0,0.9975229940263602,84139.0,4.0
2794,1257.0,7.0,0.9928873773994036,82092.0,4.0
2795,1666.0,5.0,0.9923709222739516,82095.0,4.0
2796,1486.0,54.0,0.9934423163968986,82097.0,4.0
2797,1344.0,46.0,0.9967432511073463,84147.0,4.0
2798,1337.0,45.0,0.9957660875440911,84148.0,4.0
2799,1392.0,51.0,0.9899301473944316,84149.0,4.0
2800,1349.0,50.0,0.9867765243816939,85431.0,4.0
2801,1390.0,40.0,0.9945244669802575,84154.0,4.0
2802,1254.0,44.0,0.9934179002452648,84158.0,4.0
2803,1261.0,13.0,0.9788532293240092,82113.0,4.0
2804,1315.0,49.0,0.9954881542857335,82117.0,4.0
2805,1253.0,34.0,0.9906335962056741,82118.0,4.0
2806,1621.0,36.0,0.9915893897856413,82119.0,4.0
2807,1218.0,44.0,0.9831258293162691,82120.0,4.0
2808,1215.0,29.0,0.9887309591058254,82121.0,4.0
2809,1614.0,19.0,0.9937006597488353,84166.0,4.0
2810,1168.0,14.0,0.9929629845815289,82124.0,4.0
2811,1294.0,56.0,0.9902882758500696,82125.0,4.0
2812,1641.0,0.0,0.9916802384411395,84172.0,4.0
2813,1169.0,14.0,0.9970936200713827,82127.0,4.0
2814,1642.0,0.0,0.9916902051727798,84174.0,4.0
2815,1281.0,12.0,0.9951719445844994,84176.0,4.0
2816,1354.0,31.0,0.9881834751346126,84181.0,4.0
2817,1668.0,1.0,0.9920565210193688,82136.0,4.0
2818,1404.0,53.0,0.9937943550852661,82140.0,4.0
2819,1401.0,53.0,0.9876711004663543,82141.0,4.0
2820,1699.0,2.0,0.9924389783897739,84203.0,4.0
2821,1349.0,46.0,0.9834618750306455,84210.0,4.0
2822,1357.0,31.0,0.9974623271220097,84213.0,4.0
2823,1551.0,20.0,0.9893781422778923,84219.0,4.0
2824,1295.0,56.0,0.9850132824499556,82174.0,4.0
2825,1261.0,7.0,0.988014576105562,82196.0,4.0
2826,1355.0,31.0,0.9887883462251985,84246.0,4.0
2827,1411.0,52.0,0.9683654658904491,84257.0,4.0
2828,1538.0,38.0,0.9922486117684702,82214.0,4.0
2829,1482.0,21.0,0.9899486843973699,84272.0,4.0
2830,1262.0,13.0,0.9925910508325153,82232.0,4.0
2831,1423.0,39.0,0.9943496164466733,82243.0,4.0
2832,1174.0,14.0,0.9927045397110957,82244.0,4.0
2833,1613.0,0.0,0.9937445964414631,82261.0,4.0
2834,1437.0,21.0,0.9933599914998584,82267.0,4.0
2835,1198.0,33.0,0.9648721109494264,82269.0,4.0
2836,1319.0,49.0,0.9868053540848574,82274.0,4.0
2837,1320.0,16.0,0.975592861377573,82280.0,4.0
2838,1371.0,15.0,0.971103714339578,84332.0,4.0
2839,1631.0,57.0,0.9952738943263906,82286.0,4.0
2840,1306.0,46.0,0.986534560836398,82292.0,4.0
2841,1491.0,54.0,0.9895625635186285,82300.0,4.0
2842,1299.0,45.0,0.9891102464874983,82310.0,4.0
2843,1653.0,58.0,0.9889006050275798,84392.0,4.0
2844,1626.0,37.0,0.9890443339178815,82347.0,4.0
2845,1309.0,9.0,0.9929212517811263,82349.0,4.0
2846,1425.0,39.0,0.9926207184856731,82350.0,4.0
2847,1426.0,39.0,0.9941390799095682,82354.0,4.0
2848,1673.0,5.0,0.9898347570120111,82355.0,4.0
2849,1365.0,51.0,0.9866749413449919,82356.0,4.0
2850,1497.0,54.0,0.9921634081751107,82365.0,4.0
2851,1175.0,14.0,0.9812652101743851,82366.0,4.0
2852,1317.0,55.0,0.9875846233554345,82370.0,4.0
2853,1323.0,49.0,0.9954379405453617,82371.0,4.0
2854,1621.0,58.0,0.9967373095839754,82379.0,4.0
2855,1674.0,5.0,0.9886476741088354,82386.0,4.0
2856,1225.0,44.0,0.994333914962327,82388.0,4.0
2857,1621.0,18.0,0.9960574648510937,82392.0,4.0
2858,1298.0,56.0,0.9922508589357241,82393.0,4.0
2859,1316.0,31.0,0.9929496710140234,82395.0,4.0
2860,1318.0,31.0,0.9906482605235227,82400.0,4.0
2861,1614.0,3.0,0.998565729984787,84448.0,4.0
2862,1442.0,21.0,0.9911398022683248,82402.0,4.0
2863,1653.0,2.0,0.9915814127666064,82405.0,4.0
2864,1628.0,37.0,0.9832644352503661,82406.0,4.0
2865,1498.0,54.0,0.9917458407695563,82408.0,4.0
2866,1219.0,29.0,0.9930577573988777,82412.0,4.0
2867,1364.0,40.0,0.9922781567999237,82413.0,4.0
2868,1380.0,48.0,0.9963200904882166,84462.0,4.0
2869,1302.0,45.0,0.993083430426731,82417.0,4.0
2870,1440.0,23.0,0.9930613234868977,84472.0,4.0
2871,1273.0,25.0,0.991895438752209,84478.0,4.0
2872,1317.0,30.0,0.9946574679136976,84481.0,4.0
2873,1356.0,15.0,0.967399606357944,82434.0,4.0
2874,1258.0,11.0,0.9927888877838112,84485.0,4.0
2875,1306.0,27.0,0.9921005646066519,82444.0,4.0
2876,1307.0,45.0,0.9698518600040791,82447.0,4.0
2877,1555.0,20.0,0.989634960094598,84496.0,4.0
2878,1340.0,45.0,0.9958157834036334,84499.0,4.0
2879,1254.0,32.0,0.9947109642579427,82452.0,4.0
2880,1260.0,11.0,0.992936374616525,84503.0,4.0
2881,1319.0,30.0,0.9933421026744669,84507.0,4.0
2882,1274.0,25.0,0.9945554356909336,84511.0,4.0
2883,1341.0,45.0,0.9963636846662813,84512.0,4.0
2884,1382.0,41.0,0.9914367181541919,84513.0,4.0
2885,1310.0,26.0,0.998561870510798,84522.0,4.0
2886,1703.0,2.0,0.9754033556541112,84524.0,4.0
2887,1263.0,29.0,0.9951320927075883,84526.0,4.0
2888,1270.0,7.0,0.9856266186895294,82484.0,4.0
2889,1350.0,46.0,0.9931762495891485,84535.0,4.0
2890,1657.0,58.0,0.99134283394007,84539.0,4.0
2891,1422.0,22.0,0.9905926312589256,84540.0,4.0
2892,1311.0,26.0,0.9951983346496898,84543.0,4.0
2893,1619.0,19.0,0.9969649825134811,84545.0,4.0
2894,1256.0,32.0,0.9942214401597083,82499.0,4.0
2895,1485.0,21.0,0.9897945179880598,84547.0,4.0
2896,1556.0,20.0,0.9562527032064689,84550.0,4.0
2897,1299.0,13.0,0.9938147334974285,84551.0,4.0
2898,1415.0,52.0,0.98983475030464,84555.0,4.0
2899,1346.0,48.0,0.9928687705918896,82508.0,4.0
2900,1541.0,38.0,0.9814645695294894,82512.0,4.0
2901,1258.0,44.0,0.9726901627200076,84568.0,4.0
2902,1658.0,0.0,0.9944130801999171,84570.0,4.0
2903,1337.0,41.0,0.9927115254293899,82539.0,4.0
2904,1305.0,28.0,0.9880396046186495,82543.0,4.0
2905,1383.0,52.0,0.9914478419409328,82550.0,4.0
2906,1640.0,57.0,0.9959694677333898,82552.0,4.0
2907,1252.0,10.0,0.9931780457451965,84611.0,4.0
2908,1657.0,2.0,0.9949977330537874,82569.0,4.0
2909,1352.0,27.0,0.9926583640015848,84625.0,4.0
2910,1615.0,0.0,0.9898898466654379,82578.0,4.0
2911,1620.0,19.0,0.9864053947693663,84649.0,4.0
2912,1366.0,51.0,1.0,82627.0,4.0
2913,1638.0,57.0,0.9905398213550101,82638.0,4.0
2914,1343.0,24.0,0.989925811323477,84688.0,4.0
2915,1300.0,28.0,0.9870877547072104,82642.0,4.0
2916,1256.0,34.0,0.9795148650098321,82645.0,4.0
2917,1435.0,39.0,0.9903317971793426,82647.0,4.0
2918,1333.0,8.0,0.984692144909414,84702.0,4.0
2919,1241.0,43.0,0.9939026049742655,82656.0,4.0
2920,1229.0,44.0,0.9710711170309301,82657.0,4.0
2921,1266.0,47.0,0.9909144610369667,82658.0,4.0
2922,1636.0,36.0,0.994770237188983,82660.0,4.0
2923,1359.0,31.0,0.9927559308943684,84709.0,4.0
2924,1350.0,48.0,0.9935836705890809,82663.0,4.0
2925,1623.0,58.0,0.9929212607784766,82664.0,4.0
2926,1257.0,12.0,0.9864888149495336,82672.0,4.0
2927,1338.0,41.0,0.9894058638881977,82673.0,4.0
2928,1287.0,50.0,0.9971190032049972,82674.0,4.0
2929,1314.0,9.0,0.996186566978501,82680.0,4.0
2930,1262.0,32.0,0.993368175736706,82681.0,4.0
2931,1375.0,22.0,0.9869988631735193,82682.0,4.0
2932,1226.0,29.0,0.9905967917138214,82683.0,4.0
2933,1411.0,23.0,0.990793711014727,82694.0,4.0
2934,1315.0,9.0,0.9956676171868281,82699.0,4.0
2935,1339.0,41.0,0.998582388399719,82700.0,4.0
2936,1626.0,18.0,0.987737872431699,82702.0,4.0
2937,1234.0,35.0,0.9873091041665273,82705.0,4.0
2938,1325.0,6.0,0.9848808303684911,82708.0,4.0
2939,1579.0,19.0,0.9896963256908615,82711.0,4.0
2940,1536.0,20.0,0.9725390827222085,82712.0,4.0
2941,1351.0,48.0,0.9933768217660742,82716.0,4.0
2942,1624.0,58.0,0.9965127323755416,82718.0,4.0
2943,1669.0,58.0,0.989039131157789,84772.0,4.0
2944,1232.0,44.0,0.9916761116581801,82726.0,4.0
2945,1277.0,25.0,0.9888946060308537,84776.0,4.0
2946,1239.0,10.0,0.986284249472173,84792.0,4.0
2947,1617.0,0.0,0.9934919152602326,82745.0,4.0
2948,1647.0,57.0,0.9876976453598623,82755.0,4.0
2949,1374.0,15.0,0.9853472042606178,84814.0,4.0
2950,1256.0,10.0,0.9921074773135221,84816.0,4.0
2951,1445.0,53.0,0.9924491739987411,84817.0,4.0
2952,1326.0,50.0,0.9910457605467682,84818.0,4.0
2953,1269.0,47.0,0.995132178268865,82777.0,4.0
2954,1257.0,10.0,0.9981701330832007,84827.0,4.0
2955,1278.0,25.0,0.9908768937204606,84828.0,4.0
2956,1206.0,33.0,0.9718619093208352,82788.0,4.0
2957,1205.0,33.0,0.9807956015841075,82789.0,4.0
2958,1327.0,55.0,0.9676208496557583,82791.0,4.0
2959,1401.0,51.0,0.9939015951018842,84846.0,4.0
2960,1582.0,19.0,0.994982485835765,82799.0,4.0
2961,1280.0,34.0,0.9937885411288169,84847.0,4.0
2962,1348.0,24.0,0.9906307257752804,84848.0,4.0
2963,1358.0,15.0,0.9705132107465761,82804.0,4.0
2964,1327.0,50.0,0.9979544288653118,84852.0,4.0
2965,1343.0,28.0,0.9902552742463865,84854.0,4.0
2966,1478.0,39.0,0.9724137741074314,84858.0,4.0
2967,1562.0,20.0,0.9828204488672232,84863.0,4.0
2968,1329.0,50.0,0.9928803916312077,84864.0,4.0
2969,1264.0,43.0,0.9955732414101162,84866.0,4.0
2970,1627.0,3.0,0.9972914679582071,84869.0,4.0
2971,1589.0,38.0,0.9843480134758428,84876.0,4.0
2972,1627.0,58.0,0.9919165971063567,82834.0,4.0
2973,1642.0,37.0,0.9912802557243768,82860.0,4.0
2974,1643.0,57.0,0.9878858770489127,82865.0,4.0
2975,1267.0,32.0,0.9947653102173325,82871.0,4.0
2976,1204.0,33.0,0.9925621713066676,82873.0,4.0
2977,1279.0,26.0,0.9887723253742177,82874.0,4.0
2978,1266.0,32.0,0.9908282599303161,82875.0,4.0
2979,1259.0,12.0,0.9896040741378682,82879.0,4.0
2980,1227.0,29.0,0.9900545340516151,82890.0,4.0
2981,1644.0,37.0,0.9893994651196973,82894.0,4.0
2982,1297.0,8.0,0.9907248776312142,82896.0,4.0
2983,1299.0,8.0,0.9770028082134462,82898.0,4.0
2984,1326.0,30.0,0.9888985692411513,84949.0,4.0
2985,1363.0,55.0,0.969022708555269,84986.0,4.0
2986,1660.0,2.0,0.98855619207639,82943.0,4.0
2987,1564.0,20.0,0.9660731241942707,84996.0,4.0
2988,1223.0,10.0,0.9984256557650703,82951.0,4.0
2989,1352.0,48.0,0.9517615105807449,82959.0,4.0
2990,1382.0,22.0,0.996919248440727,82968.0,4.0
2991,1242.0,11.0,0.992975386444034,82979.0,4.0
2992,1316.0,27.0,0.9740953859150381,82980.0,4.0
2993,1384.0,22.0,0.981801143401014,82986.0,4.0
2994,1686.0,1.0,0.9918776309994608,82987.0,4.0
2995,1547.0,38.0,0.9948130215257287,82990.0,4.0
2996,1280.0,26.0,0.9954606237702612,82991.0,4.0
2997,1548.0,38.0,0.9907738128317085,82992.0,4.0
2998,1631.0,19.0,0.9834723673505844,85042.0,4.0
2999,1356.0,48.0,0.9975257610046693,82996.0,4.0
3000,1243.0,11.0,0.9662216066921533,82997.0,4.0
3001,1414.0,23.0,0.9943669487173338,83000.0,4.0
3002,1330.0,6.0,0.9960931773850411,83003.0,4.0
3003,1238.0,35.0,0.9677986565013031,83004.0,4.0
3004,1312.0,45.0,0.9938709896170751,83006.0,4.0
3005,1321.0,46.0,0.995478774176578,83007.0,4.0
3006,1252.0,25.0,0.9949276060630267,83012.0,4.0
3007,1303.0,24.0,0.9914154239543846,83022.0,4.0
3008,1687.0,1.0,0.9903106313601265,83024.0,4.0
3009,1340.0,49.0,0.9919912446551152,83027.0,4.0
3010,1311.0,28.0,0.9911830295288666,83030.0,4.0
3011,1331.0,6.0,0.9731585573321582,83031.0,4.0
3012,1322.0,46.0,0.9882892445271049,83035.0,4.0
3013,1628.0,58.0,0.9920112278837612,83038.0,4.0
3014,1454.0,21.0,0.993236246691827,83041.0,4.0
3015,1353.0,24.0,0.9905077297857675,85090.0,4.0
3016,1422.0,52.0,0.9918960995426167,85093.0,4.0
3017,1273.0,13.0,0.9637115894573193,83046.0,4.0
3018,1343.0,8.0,0.9958998917297447,85095.0,4.0
3019,1270.0,11.0,0.990475328372321,85096.0,4.0
3020,1281.0,7.0,0.9923658684775348,83050.0,4.0
3021,1270.0,47.0,0.9955813148292472,83051.0,4.0
3022,1322.0,9.0,0.9909115879492068,83052.0,4.0
3023,1391.0,52.0,0.9740643466331458,83053.0,4.0
3024,1274.0,13.0,0.9877410446985689,83055.0,4.0
3025,1396.0,48.0,0.995942149342961,85107.0,4.0
3026,1306.0,12.0,0.9929943795543379,85108.0,4.0
3027,1288.0,25.0,0.9914590653057367,85111.0,4.0
3028,1336.0,30.0,0.9953375602404636,85112.0,4.0
3029,1326.0,9.0,0.9897082299257116,83080.0,4.0
3030,1242.0,44.0,0.9738454123119082,83082.0,4.0
3031,1402.0,41.0,0.9924538791476787,85143.0,4.0
3032,1245.0,43.0,0.9951825177259174,83117.0,4.0
3033,1371.0,40.0,0.9951101452604497,83127.0,4.0
3034,1575.0,3.0,0.9951443720215131,83134.0,4.0
3035,1246.0,35.0,0.9943949363971201,83137.0,4.0
3036,1417.0,23.0,0.9874519313910347,83149.0,4.0
3037,1338.0,31.0,0.9940532108342743,83151.0,4.0
3038,1337.0,30.0,0.9938722530433572,85208.0,4.0
3039,1240.0,35.0,0.9854840104797662,83173.0,4.0
3040,1375.0,51.0,0.9918195072054595,83182.0,4.0
3041,1334.0,50.0,0.9944024053880737,85242.0,4.0
3042,1262.0,34.0,0.9616315348325809,83200.0,4.0
3043,1333.0,50.0,0.9894210215359173,85270.0,4.0
3044,1348.0,8.0,1.0,85286.0,4.0
3045,1277.0,11.0,0.9922961905986238,85287.0,4.0
3046,1472.0,23.0,0.9944976378555875,85290.0,4.0
3047,1321.0,26.0,0.995281493466926,85299.0,4.0
3048,1353.0,45.0,0.9935095358679858,85313.0,4.0
3049,1434.0,22.0,0.9895247092910981,85314.0,4.0
3050,1526.0,54.0,0.9981489912649406,83275.0,4.0
3051,1033.0,59.0,0.9908220140066871,81231.0,4.0
3052,1036.0,59.0,0.9866486051224974,81232.0,4.0
3053,1225.0,10.0,0.9924995002038749,83282.0,4.0
3054,1037.0,59.0,0.9876828896229306,81238.0,4.0
3055,1386.0,53.0,0.9893669981520986,81240.0,4.0
3056,1263.0,42.0,0.9957243531426989,83288.0,4.0
3057,1283.0,56.0,0.9936084578069762,81246.0,4.0
3058,1580.0,36.0,0.985521752264206,81254.0,4.0
3059,1046.0,59.0,0.9930611952326105,81258.0,4.0
3060,1561.0,18.0,0.9924506489559846,81259.0,4.0
3061,1324.0,9.0,0.9952148821834753,83307.0,4.0
3062,1303.0,8.0,0.9905865495664433,83317.0,4.0
3063,1271.0,24.0,0.9959314299443627,81273.0,4.0
3064,1625.0,4.0,0.992699120452339,81274.0,4.0
3065,1626.0,4.0,0.9872327155658978,81275.0,4.0
3066,1148.0,14.0,0.9911698865344498,81276.0,4.0
3067,1210.0,33.0,0.9798706887515208,83332.0,4.0
3068,1054.0,59.0,0.9921177413233087,81287.0,4.0
3069,1715.0,2.0,0.9851835919805588,85385.0,4.0
3070,1241.0,7.0,0.9978194460145876,81290.0,4.0
3071,1290.0,45.0,0.9856200151007806,81291.0,4.0
3072,1223.0,43.0,0.9863886184638992,81293.0,4.0
3073,1656.0,57.0,0.9908143363986717,83346.0,4.0
3074,1426.0,52.0,0.99197921811889,85401.0,4.0
3075,1642.0,5.0,0.9970935598778372,81308.0,4.0
3076,1243.0,47.0,0.993153979313939,81309.0,4.0
3077,1643.0,5.0,0.9885848488377655,81312.0,4.0
3078,1212.0,33.0,0.9942474068197695,83361.0,4.0
3079,1244.0,47.0,0.993993856918185,81314.0,4.0
3080,1197.0,14.0,0.9955151132731747,83363.0,4.0
3081,1317.0,28.0,0.9949877171332067,83364.0,4.0
3082,1463.0,54.0,0.9909114744084534,81319.0,4.0
3083,1639.0,4.0,0.9933675742378011,81320.0,4.0
3084,1309.0,8.0,0.9972923207266375,83367.0,4.0
3085,1232.0,42.0,0.9915699646259605,81323.0,4.0
3086,1395.0,22.0,0.9944143758806583,83371.0,4.0
3087,1206.0,35.0,0.9635929613451819,81326.0,4.0
3088,1276.0,13.0,0.9718371431992979,83376.0,4.0
3089,1060.0,59.0,0.9881817413278091,81334.0,4.0
3090,1064.0,59.0,0.9966519475694419,81335.0,4.0
3091,1061.0,59.0,0.9561369905052558,81336.0,4.0
3092,1159.0,14.0,0.9964300043490812,81848.0,4.0
3093,1647.0,58.0,0.9921831048604687,83897.0,4.0
3094,1309.0,30.0,0.9954364891172821,84410.0,4.0
3095,1290.0,50.0,0.9696888577569787,82884.0,4.0
3096,1267.0,25.0,1.0,84421.0,4.0
3097,1228.0,29.0,0.9889079558942165,82889.0,4.0
3098,1547.0,20.0,0.9799277740900924,84430.0,4.0
3099,1410.0,21.0,0.9547005383889015,81363.0,4.0
3100,1224.0,43.0,0.9755923986845595,81364.0,4.0
3101,1569.0,3.0,0.9885574372266162,82900.0,4.0
3102,1072.0,59.0,0.9692407864437501,81366.0,4.0
3103,1070.0,59.0,0.9589880957592903,81367.0,4.0
3104,1655.0,58.0,0.976279160986349,84445.0,4.0
3105,1334.0,30.0,0.9832788318814158,84967.0,4.0
3106,1330.0,55.0,1.0,82922.0,4.0
3107,1329.0,55.0,0.9791496588995875,82923.0,4.0
3108,1607.0,19.0,0.9890521032669342,83949.0,4.0
3109,1378.0,22.0,0.9803250855882976,82927.0,4.0
3110,1361.0,40.0,0.9804330908515465,81904.0,4.0
3111,1651.0,4.0,0.9720438514951104,81396.0,4.0
3112,1406.0,53.0,0.9733488102342178,82422.0,4.0
3113,1295.0,46.0,0.966150636979124,81913.0,4.0
3114,1276.0,7.0,0.960219961777443,82939.0,4.0
3115,1223.0,35.0,0.9737903228063687,81917.0,4.0
3116,1281.0,25.0,0.9878565113734784,84989.0,4.0
3117,1293.0,27.0,0.9631146235546508,81409.0,4.0
3118,1216.0,44.0,1.0,81923.0,4.0
3119,1220.0,29.0,0.9713530756421717,82437.0,4.0
3120,1289.0,28.0,1.0,81929.0,4.0
3121,1504.0,54.0,0.9914725616842269,82443.0,4.0
3122,1334.0,9.0,0.9818183540778814,83468.0,4.0
3123,1631.0,37.0,0.9756804683622751,82445.0,4.0
3124,1360.0,31.0,0.9671637058755673,85011.0,4.0
3125,1235.0,42.0,0.982757779632906,81431.0,4.0
3126,1622.0,58.0,0.9782023771926228,82460.0,4.0
3127,1209.0,35.0,0.9763250615225898,81437.0,4.0
3128,1515.0,54.0,0.9832392785264145,82972.0,4.0
3129,1303.0,30.0,1.0,83998.0,4.0
3130,1293.0,8.0,0.986257930575081,82464.0,4.0
3131,1644.0,5.0,0.9789271297534169,81441.0,4.0
3132,1312.0,49.0,0.9679280671407225,81957.0,4.0
3133,1578.0,19.0,1.0,82470.0,4.0
3134,1561.0,38.0,0.994903130944592,84010.0,4.0
3135,1437.0,39.0,1.0,82478.0,4.0
3136,1602.0,3.0,0.9685335597185798,84014.0,4.0
3137,1275.0,30.0,0.9651508640497971,81972.0,4.0
3138,1233.0,43.0,1.0,81976.0,4.0
3139,1686.0,0.0,0.9751274384993662,85563.0,4.0
3140,1662.0,4.0,0.9651538019290518,81468.0,4.0
3141,1566.0,20.0,0.9543279568855997,85051.0,4.0
3142,1244.0,32.0,0.9836740094450319,81983.0,4.0
3143,1292.0,31.0,0.9974279907173974,81473.0,4.0
3144,1344.0,48.0,1.0,81986.0,4.0
3145,1243.0,29.0,0.9878486410517479,83524.0,4.0
3146,1352.0,6.0,0.9849957628628818,84039.0,4.0
3147,1296.0,30.0,0.9738402171591597,83528.0,4.0
3148,1361.0,48.0,0.9565351580314555,83531.0,4.0
3149,1593.0,36.0,0.9796674491454282,81488.0,4.0
3150,1298.0,46.0,1.0,82000.0,4.0
3151,1610.0,37.0,0.9772446929379263,82002.0,4.0
3152,1252.0,12.0,0.9759630258230407,82516.0,4.0
3153,1671.0,57.0,0.9740407202117726,83540.0,4.0
3154,1265.0,26.0,0.9679733893317476,82518.0,4.0
3155,1301.0,28.0,1.0,82523.0,4.0
3156,1579.0,18.0,1.0,81503.0,4.0
3157,1229.0,10.0,0.9683437845335812,83561.0,4.0
3158,1273.0,7.0,0.9505841623293493,82538.0,4.0
3159,1231.0,11.0,0.9554324611866897,82032.0,4.0
3160,1565.0,38.0,0.9885066357471333,84080.0,4.0
3161,1367.0,40.0,0.9674158438596709,82546.0,4.0
3162,1248.0,47.0,0.9747516726268444,81523.0,4.0
3163,1356.0,50.0,0.9731712527826198,85620.0,4.0
3164,1592.0,36.0,0.9951306357182721,81524.0,4.0
3165,1302.0,49.0,0.9827324034844279,81525.0,4.0
3166,1241.0,12.0,0.9551230044079049,81527.0,4.0
3167,1345.0,49.0,0.9887405419815568,83063.0,4.0
3168,1658.0,1.0,0.9839936507291932,82041.0,4.0
3169,1598.0,19.0,0.972710800174602,83572.0,4.0
3170,1570.0,38.0,0.9874586678058201,84090.0,4.0
3171,1594.0,36.0,0.9768878184608698,81532.0,4.0
3172,1226.0,43.0,0.9764219866349932,81533.0,4.0
3173,1331.0,55.0,0.9750637452025198,83069.0,4.0
3174,1316.0,25.0,0.9686689556099566,85631.0,4.0
3175,1327.0,27.0,0.9743966992350069,83584.0,4.0
3176,1297.0,50.0,0.9865086705541034,83585.0,4.0
3177,1693.0,4.0,0.9665106003675142,82050.0,4.0
3178,1663.0,5.0,0.9926609876469049,82052.0,4.0
3179,1370.0,51.0,0.9690414524939979,82565.0,4.0
3180,1448.0,23.0,0.9757154602875174,84614.0,4.0
3181,1222.0,10.0,0.9900232650352718,82567.0,4.0
3182,1376.0,52.0,0.9761534019400346,82058.0,4.0
3183,1658.0,2.0,0.9887416867595503,82571.0,4.0
3184,1445.0,23.0,0.9888091243775056,84620.0,4.0
3185,1654.0,0.0,0.960446532634738,84623.0,4.0
3186,1257.0,26.0,0.9766600280314683,82066.0,4.0
3187,1430.0,21.0,0.9881060234451564,82074.0,4.0
3188,1432.0,21.0,0.9894421090219367,82077.0,4.0
3189,1319.0,8.0,0.9747335806874868,83613.0,4.0
3190,1254.0,12.0,0.9641024730844044,82591.0,4.0
3191,1292.0,45.0,0.9702052420756463,81572.0,4.0
3192,1539.0,20.0,0.9641203561602486,83109.0,4.0
3193,1284.0,9.0,0.9741557143969974,81575.0,4.0
3194,1632.0,58.0,0.9777944715122588,83114.0,4.0
3195,1304.0,13.0,0.9500112896818632,84650.0,4.0
3196,1605.0,36.0,0.9673002319312427,81583.0,4.0
3197,1417.0,21.0,0.9657679551434718,81584.0,4.0
3198,1295.0,24.0,0.9724476811505794,82609.0,4.0
3199,1433.0,39.0,0.989652259634458,82614.0,4.0
3200,1656.0,2.0,0.9747973235818129,82617.0,4.0
3201,1322.0,45.0,0.9578747744616386,83646.0,4.0
3202,1251.0,47.0,0.9796999277374097,81601.0,4.0
3203,1328.0,45.0,0.9582672303119715,83649.0,4.0
3204,1471.0,23.0,0.997077663588587,85186.0,4.0
3205,1286.0,28.0,1.0,81604.0,4.0
3206,1557.0,3.0,0.9859307179469352,81609.0,4.0
3207,1563.0,3.0,1.0,82637.0,4.0
3208,1670.0,57.0,0.9846353079068131,83662.0,4.0
3209,1347.0,9.0,0.9681207802594864,84685.0,4.0
3210,1153.0,14.0,0.9838333398864326,81618.0,4.0
3211,1279.0,13.0,1.0,83667.0,4.0
3212,1259.0,32.0,0.9592801040443993,82644.0,4.0
3213,1694.0,1.0,0.9917633742782216,83156.0,4.0
3214,1666.0,57.0,0.9782815815488816,83671.0,4.0
3215,1351.0,40.0,0.9967245831833658,81626.0,4.0
3216,1650.0,2.0,0.9691894909868847,82139.0,4.0
3217,1269.0,10.0,0.9827185364223464,85213.0,4.0
3218,1557.0,38.0,0.9866112618602706,83678.0,4.0
3219,1286.0,24.0,0.9729884731202928,82148.0,4.0
3220,1328.0,41.0,0.9636454259911479,81644.0,4.0
3221,1671.0,5.0,0.9830032407696944,82156.0,4.0
3222,1377.0,51.0,0.9815419877125847,83180.0,4.0
3223,1348.0,15.0,0.9788849994964216,81651.0,4.0
3224,1691.0,57.0,0.9612187656021951,84723.0,4.0
3225,1305.0,13.0,0.9529077972902456,84728.0,4.0
3226,1257.0,25.0,0.9948907313908444,83705.0,4.0
3227,1402.0,53.0,1.0,82173.0,4.0
3228,1634.0,0.0,0.9912842256781671,83710.0,4.0
3229,1245.0,12.0,1.0,82178.0,4.0
3230,1261.0,26.0,1.0,82182.0,4.0
3231,1673.0,4.0,0.9662951977001111,81671.0,4.0
3232,1632.0,18.0,0.9875363600672734,83720.0,4.0
3233,1383.0,41.0,0.9944604285834673,84746.0,4.0
3234,1489.0,54.0,0.9798866908591641,82187.0,4.0
3235,1300.0,13.0,1.0,84748.0,4.0
3236,1438.0,23.0,0.992664885125828,84237.0,4.0
3237,1559.0,20.0,0.9557500479739082,84751.0,4.0
3238,1415.0,40.0,0.9688875363399321,84756.0,4.0
3239,1250.0,10.0,0.9800300370363549,84757.0,4.0
3240,1389.0,22.0,0.9792511035186284,83227.0,4.0
3241,1216.0,29.0,0.9824312299678019,82210.0,4.0
3242,1254.0,34.0,1.0,82216.0,4.0
3243,1638.0,36.0,0.980510098164205,82730.0,4.0
3244,1539.0,54.0,0.9832852425343608,83755.0,4.0
3245,1250.0,44.0,0.9674697470386864,83757.0,4.0
3246,1353.0,56.0,0.9562123793479954,84785.0,4.0
3247,1532.0,54.0,0.9967746590073758,83251.0,4.0
3248,1258.0,42.0,0.9507154912948289,82742.0,4.0
3249,1324.0,45.0,0.9757614102492916,83767.0,4.0
3250,1256.0,11.0,0.9886466956059448,84279.0,4.0
3251,1383.0,22.0,0.9588270330355974,82746.0,4.0
3252,1260.0,42.0,0.9694797522107201,83262.0,4.0
3253,1310.0,56.0,0.9585432829883036,83264.0,4.0
3254,1248.0,7.0,0.9507767528503589,81730.0,4.0
3255,1708.0,1.0,0.9669999276607746,84293.0,4.0
3256,1625.0,37.0,0.9735090765390475,82246.0,4.0
3257,1651.0,0.0,1.0,84295.0,4.0
3258,1671.0,2.0,0.9614228046200084,83272.0,4.0
3259,1304.0,56.0,0.97369745478679,82761.0,4.0
3260,1328.0,8.0,0.9734850074506338,84298.0,4.0
3261,1370.0,6.0,0.9723515404512718,84806.0,4.0
3262,1369.0,6.0,0.9706853686819419,84810.0,4.0
3263,1249.0,32.0,0.9791065571037724,82253.0,4.0
3264,1392.0,22.0,0.96914693587126,83277.0,4.0
3265,1344.0,9.0,0.9962490437929593,84305.0,4.0
3266,1596.0,18.0,0.9916171914126118,81748.0,4.0
3267,1234.0,29.0,0.9836924801420439,82773.0,4.0
3268,1315.0,55.0,1.0,82264.0,4.0
3269,1042.0,59.0,0.9902927091720858,81244.0,4.0
3270,1444.0,39.0,0.9517589686209283,82781.0,4.0
3271,1244.0,42.0,0.9884666371290829,81758.0,4.0
3272,1283.0,8.0,1.0,82271.0,4.0
3273,1442.0,39.0,0.9642866879798141,82783.0,4.0
3274,1658.0,57.0,0.9878434149147526,83293.0,4.0
3275,1338.0,28.0,0.96744904898652,84318.0,4.0
3276,1146.0,14.0,0.992943465371278,81256.0,4.0
3277,1587.0,20.0,0.9663736652655012,85353.0,4.0
3278,1282.0,8.0,1.0,82283.0,4.0
3279,1050.0,59.0,0.9906483434684972,81260.0,4.0
3280,1326.0,6.0,0.9983212171745401,82796.0,4.0
3281,1581.0,19.0,0.9840131200872511,82798.0,4.0
3282,1476.0,23.0,0.9947208308951058,85356.0,4.0
3283,1640.0,5.0,0.9952948638346105,81267.0,4.0
3284,1240.0,7.0,0.9574426803366395,81268.0,4.0
3285,1351.0,15.0,1.0,82291.0,4.0
3286,1284.0,24.0,0.9600852219515618,82294.0,4.0
3287,1271.0,13.0,0.9834325422836064,82803.0,4.0
3288,1645.0,37.0,0.9652714606261145,82809.0,4.0
3289,1310.0,55.0,0.9842819782800434,81788.0,4.0
3290,1408.0,39.0,0.9783502565861951,81790.0,4.0
3291,1714.0,1.0,0.957545339257811,85382.0,4.0
3292,1366.0,22.0,0.9845698222291343,82311.0,4.0
3293,1318.0,56.0,0.9730844440179345,83337.0,4.0
3294,1249.0,25.0,0.9727227312254481,82314.0,4.0
3295,1238.0,11.0,1.0,82826.0,4.0
3296,1397.0,51.0,1.0,84368.0,4.0
3297,1379.0,41.0,0.9897984321748947,84370.0,4.0
3298,1394.0,41.0,0.9668928861753477,84887.0,4.0
3299,1362.0,40.0,0.9906490437902614,82329.0,4.0
3300,1333.0,6.0,0.9571795381923308,83354.0,4.0
3301,1563.0,38.0,0.9875030403173773,83868.0,4.0
3302,1288.0,24.0,1.0,82338.0,4.0
3303,1309.0,49.0,1.0,81827.0,4.0
3304,1380.0,52.0,0.9667074564847581,82339.0,4.0
3305,1319.0,46.0,0.9961454448100517,82851.0,4.0
3306,1303.0,50.0,0.9752316646046985,83875.0,4.0
3307,1302.0,26.0,0.9940958795189393,84388.0,4.0
3308,1397.0,41.0,0.9805210213476476,84903.0,4.0
3309,1359.0,56.0,0.9959694111531786,84908.0,4.0
3310,1149.0,14.0,0.9838273784286652,81325.0,4.0
3311,1681.0,0.0,1.0,85423.0,4.0
3312,1293.0,46.0,0.96705675909742,81846.0,4.0
3313,1233.0,42.0,0.9710135478406611,81357.0,4.0
3314,1277.0,46.0,0.9745564456169443,81358.0,4.0
3315,1644.0,4.0,0.9753232342976398,81369.0,4.0
3316,1643.0,4.0,0.9945133669113998,81374.0,4.0
3317,1484.0,23.0,0.981791148494888,85473.0,4.0
3318,1334.0,13.0,0.9741031124530272,85488.0,4.0
3319,1346.0,40.0,0.986141667030061,81394.0,4.0
3320,1272.0,24.0,0.9890476689719437,81398.0,4.0
3321,1288.0,10.0,0.9691071762268118,85505.0,4.0
3322,1591.0,3.0,0.9585428386665398,83459.0,4.0
3323,1641.0,58.0,0.9889603799779881,83467.0,4.0
3324,1482.0,23.0,0.9816857499749799,85527.0,4.0
3325,1331.0,9.0,1.0,83481.0,4.0
3326,1683.0,0.0,0.9680272802919202,85529.0,4.0
3327,1653.0,36.0,0.9794948868232501,83483.0,4.0
3328,1403.0,22.0,0.9759305293161529,83485.0,4.0
3329,1077.0,59.0,0.963159953431999,81443.0,4.0
3330,1078.0,59.0,0.9595163898131847,81444.0,4.0
3331,1301.0,50.0,0.9638788675224434,83491.0,4.0
3332,1710.0,4.0,0.9670611701104548,83493.0,4.0
3333,1643.0,58.0,0.9832027296012931,83504.0,4.0
3334,1350.0,40.0,0.9862636661653665,81466.0,4.0
3335,1632.0,0.0,0.9769130876721861,83514.0,4.0
3336,1299.0,50.0,0.9739072197043162,83521.0,4.0
3337,1349.0,40.0,0.9501683669765926,81474.0,4.0
3338,1435.0,22.0,0.9823886400064393,85571.0,4.0
3339,1596.0,36.0,0.9599945130524944,81476.0,4.0
3340,1360.0,48.0,0.9737099357415162,83530.0,4.0
3341,1656.0,4.0,0.9742863227812567,81497.0,4.0
3342,1465.0,21.0,0.9664882037218121,83546.0,4.0
3343,1401.0,48.0,0.9693168858476073,85598.0,4.0
3344,1636.0,58.0,1.0,83568.0,4.0
3345,1701.0,1.0,1.0,83581.0,4.0
3346,1317.0,8.0,1.0,83589.0,4.0
3347,1688.0,0.0,0.9676900428696289,85644.0,4.0
3348,1589.0,3.0,0.9591058580764104,83598.0,4.0
3349,1469.0,21.0,0.9549749804293127,83603.0,4.0
3350,1365.0,15.0,1.0,83611.0,4.0
3351,1459.0,39.0,0.9766586399392119,83621.0,4.0
3352,1461.0,39.0,0.9863683670926686,83623.0,4.0
3353,1343.0,31.0,0.973521248183194,83626.0,4.0
3354,1649.0,5.0,0.9900423565057141,81585.0,4.0
3355,1248.0,26.0,0.967395442054647,81586.0,4.0
3356,1352.0,40.0,0.9854994665860494,81588.0,4.0
3357,1604.0,36.0,0.9512339532844087,81590.0,4.0
3358,1702.0,58.0,0.966384909156252,85688.0,4.0
3359,1213.0,35.0,1.0,81593.0,4.0
3360,1298.0,7.0,0.97260867011257,83651.0,4.0
3361,1353.0,30.0,0.969449201067391,85711.0,4.0
3362,1252.0,11.0,0.9745396929567364,83672.0,4.0
3363,1384.0,40.0,0.9744934065678839,83674.0,4.0
3364,1320.0,28.0,1.0,83676.0,4.0
3365,1672.0,4.0,0.9652354332271031,81635.0,4.0
3366,1280.0,13.0,0.9717466386452734,83684.0,4.0
3367,1586.0,3.0,0.9828245677710472,83689.0,4.0
3368,1288.0,46.0,1.0,81647.0,4.0
3369,1216.0,35.0,0.9563051215756289,81648.0,4.0
3370,1668.0,4.0,0.9648545016370825,81652.0,4.0
3371,1293.0,30.0,0.9854254510121454,83700.0,4.0
3372,1154.0,14.0,0.9576528770427938,81655.0,4.0
3373,1327.0,16.0,0.9641398316505703,83708.0,4.0
3374,1244.0,7.0,1.0,81672.0,4.0
3375,1633.0,18.0,0.9601671996117348,83721.0,4.0
3376,1325.0,56.0,0.9790244166335214,83728.0,4.0
3377,1661.0,37.0,0.9601451958171948,83730.0,4.0
3378,1337.0,55.0,1.0,83740.0,4.0
3379,1269.0,42.0,1.0,83753.0,4.0
3380,1540.0,54.0,1.0,83756.0,4.0
3381,1268.0,42.0,0.9746689610692444,83759.0,4.0
3382,1532.0,20.0,0.965483486576983,81746.0,4.0
3383,1330.0,41.0,0.9639648981068502,81754.0,4.0
3384,1251.0,26.0,0.9770680285278757,81757.0,4.0
3385,1612.0,36.0,0.9789249190228506,81761.0,4.0
3386,1655.0,5.0,0.9828029500975177,81772.0,4.0
3387,1477.0,54.0,1.0,81804.0,4.0
3388,1564.0,38.0,0.9740618916962381,83859.0,4.0
3389,1367.0,48.0,0.9686845914344094,83862.0,4.0
3390,1604.0,19.0,0.9684109027161741,83866.0,4.0
3391,1291.0,46.0,0.9594981289070136,81819.0,4.0
3392,1308.0,49.0,0.9788385476123403,81825.0,4.0
3393,1308.0,55.0,0.9753523753214298,81826.0,4.0
3394,1325.0,24.0,0.9901268719843048,83873.0,4.0
3395,1305.0,50.0,0.9696846653074462,83878.0,4.0
3396,1529.0,38.0,0.9573566440064302,81834.0,4.0
3397,1622.0,57.0,0.9757863703170893,81840.0,4.0
3398,1158.0,14.0,0.9805235049261682,81847.0,4.0
3399,1328.0,28.0,0.9697254299959378,83900.0,4.0
3400,1329.0,28.0,0.9663504321737812,83901.0,4.0
3401,1339.0,56.0,0.9805887566817441,83904.0,4.0
3402,1666.0,37.0,0.9931961532628809,83909.0,4.0
3403,1668.0,37.0,1.0,83911.0,4.0
3404,1332.0,45.0,0.9863079592100613,83913.0,4.0
3405,1209.0,14.0,0.9717048789367841,83927.0,4.0
3406,1231.0,10.0,1.0,83943.0,4.0
3407,1300.0,30.0,0.9734029656533029,83945.0,4.0
3408,1340.0,9.0,0.9642780230637006,83946.0,4.0
3409,1287.0,13.0,0.9773006126134378,83956.0,4.0
3410,1211.0,29.0,1.0,81920.0,4.0
3411,1288.0,28.0,0.9770612213394664,81921.0,4.0
3412,1690.0,4.0,0.9806414043120321,81936.0,4.0
3413,1689.0,4.0,0.9789051643347929,81937.0,4.0
3414,1412.0,39.0,0.985495550621453,81941.0,4.0
3415,1705.0,1.0,1.0,83990.0,4.0
3416,1706.0,1.0,0.9739436542042301,83991.0,4.0
3417,1648.0,58.0,0.9604751690419701,83999.0,4.0
3418,1357.0,22.0,0.9703350000476908,81962.0,4.0
3419,1319.0,16.0,0.976504201034956,81965.0,4.0
3420,1358.0,40.0,0.9795820571549926,81966.0,4.0
3421,1410.0,22.0,0.956881900422824,84017.0,4.0
3422,1326.0,24.0,0.9773163115309934,84022.0,4.0
3423,1637.0,0.0,0.9799858987173783,84026.0,4.0
3424,1245.0,32.0,0.9700596539673608,81982.0,4.0
3425,1612.0,19.0,0.9655578761992796,84034.0,4.0
3426,1291.0,32.0,0.9537708747189058,84043.0,4.0
3427,1232.0,10.0,0.9677697371594636,84050.0,4.0
3428,1296.0,9.0,0.9554855569401325,82012.0,4.0
3429,1347.0,6.0,0.9716955391835779,84063.0,4.0
3430,1568.0,38.0,0.969631276858569,84066.0,4.0
3431,1274.0,42.0,1.0,84068.0,4.0
3432,1332.0,41.0,0.9673583047425519,82023.0,4.0
3433,1658.0,5.0,0.9964180512930765,82026.0,4.0
3434,1209.0,29.0,0.9871989602302662,82030.0,4.0
3435,1629.0,57.0,0.980238557622811,82031.0,4.0
3436,1322.0,8.0,0.9740367920115958,84088.0,4.0
3437,1213.0,29.0,0.9700438801834171,82043.0,4.0
3438,1558.0,3.0,0.9841082592672393,82048.0,4.0
3439,1281.0,24.0,0.9724256941237296,82049.0,4.0
3440,1664.0,5.0,1.0,82051.0,4.0
3441,1673.0,57.0,0.9502761968977892,84109.0,4.0
3442,1284.0,8.0,0.9750470527426399,82142.0,4.0
3443,1670.0,1.0,0.9609893262343318,82144.0,4.0
3444,1670.0,5.0,0.9869755443559529,82146.0,4.0
3445,1211.0,14.0,0.9921163527778394,84200.0,4.0
3446,1303.0,9.0,0.9910387640785588,82157.0,4.0
3447,1310.0,50.0,0.9669948122772816,84206.0,4.0
3448,1652.0,2.0,1.0,82166.0,4.0
3449,1258.0,26.0,0.9674452900789622,82183.0,4.0
3450,1250.0,32.0,0.9941515807525744,82201.0,4.0
3451,1251.0,32.0,0.9732043551026512,82215.0,4.0
3452,1258.0,7.0,0.9750995028078026,82217.0,4.0
3453,1318.0,49.0,0.9886804571209172,82231.0,4.0
3454,1090.0,59.0,0.9918478352155686,82235.0,4.0
3455,1294.0,28.0,0.9687501564113691,82241.0,4.0
3456,1619.0,58.0,0.9969584676231187,82249.0,4.0
3457,1636.0,57.0,0.9753258568251331,82259.0,4.0
3458,1344.0,56.0,0.9762935848474543,84307.0,4.0
3459,1266.0,25.0,0.9759150688725643,84314.0,4.0
3460,1674.0,37.0,0.9762879425650872,84317.0,4.0
3461,1673.0,1.0,1.0,82272.0,4.0
3462,1320.0,49.0,0.9756911746691649,82273.0,4.0
3463,1624.0,36.0,0.9678502193318526,82276.0,4.0
3464,1359.0,6.0,0.9815409861373382,84327.0,4.0
3465,1360.0,6.0,0.9640686181389294,84328.0,4.0
3466,1493.0,54.0,1.0,82298.0,4.0
3467,1283.0,24.0,0.9729367635902209,82302.0,4.0
3468,1573.0,19.0,0.9852125627351546,82303.0,4.0
3469,1434.0,23.0,0.989130704350717,84351.0,4.0
3470,1635.0,18.0,0.9636093142187643,84352.0,4.0
3471,1437.0,23.0,0.9743440297852398,84356.0,4.0
3472,1302.0,46.0,0.9706201366345404,82318.0,4.0
3473,1575.0,19.0,0.9597197858840577,82320.0,4.0
3474,1376.0,41.0,0.9672408884265519,84373.0,4.0
3475,1236.0,10.0,0.9791553552814194,84377.0,4.0
3476,1435.0,23.0,0.9785259616435225,84384.0,4.0
3477,1305.0,26.0,1.0,84389.0,4.0
3478,1656.0,58.0,0.9576115884647646,84401.0,4.0
3479,1574.0,38.0,1.0,84407.0,4.0
3480,1308.0,7.0,0.9892126104715395,84416.0,4.0
3481,1309.0,7.0,0.9647623053703757,84417.0,4.0
3482,1314.0,30.0,0.9960524019263406,84436.0,4.0
3483,1706.0,5.0,0.9834354566393788,84439.0,4.0
3484,1217.0,14.0,0.9711625094718331,84441.0,4.0
3485,1379.0,48.0,0.9754573865375478,84444.0,4.0
3486,1678.0,1.0,0.963067238853316,82426.0,4.0
3487,1253.0,12.0,0.9718757595968023,82440.0,4.0
3488,1705.0,4.0,1.0,82441.0,4.0
3489,1238.0,43.0,1.0,82449.0,4.0
3490,1311.0,46.0,1.0,82456.0,4.0
3491,1329.0,49.0,0.9848668155029549,82461.0,4.0
3492,1576.0,19.0,1.0,82462.0,4.0
3493,1675.0,5.0,0.9584289526263045,82466.0,4.0
3494,1272.0,7.0,0.9729654421020832,82482.0,4.0
3495,1179.0,14.0,0.9562834509315511,82491.0,4.0
3496,1291.0,8.0,0.9596979744897008,82498.0,4.0
3497,1322.0,30.0,1.0,84565.0,4.0
3498,1533.0,20.0,1.0,82524.0,4.0
3499,1630.0,36.0,0.9936866537952485,82536.0,4.0
3500,1246.0,10.0,0.9672936306619329,84586.0,4.0
3501,1263.0,43.0,0.9672750429993994,84587.0,4.0
3502,1268.0,26.0,0.9758283716588897,82542.0,4.0
3503,1473.0,39.0,0.9790747745704096,84594.0,4.0
3504,1366.0,40.0,0.9527393685992264,82547.0,4.0
3505,1474.0,39.0,0.9921188295851379,84595.0,4.0
3506,1253.0,10.0,0.9820638592442246,84602.0,4.0
3507,1364.0,6.0,0.9867983955179361,84603.0,4.0
3508,1366.0,6.0,0.9738329559624616,84605.0,4.0
3509,1636.0,37.0,1.0,82562.0,4.0
3510,1266.0,26.0,0.9854972958621869,82570.0,4.0
3511,1624.0,3.0,1.0,84619.0,4.0
3512,1355.0,55.0,1.0,84624.0,4.0
3513,1312.0,9.0,1.0,82581.0,4.0
3514,1276.0,25.0,1.0,84633.0,4.0
3515,1256.0,12.0,0.9761316372997336,82588.0,4.0
3516,1634.0,36.0,0.9645555101585072,82604.0,4.0
3517,1222.0,29.0,0.9759244524252032,82607.0,4.0
3518,1221.0,29.0,0.9743089526051173,82608.0,4.0
3519,1489.0,21.0,0.9921816674358396,84656.0,4.0
3520,1689.0,57.0,0.9675361162941383,84661.0,4.0
3521,1654.0,2.0,0.9698746188531246,82616.0,4.0
3522,1655.0,2.0,0.9647983409407287,82618.0,4.0
3523,1341.0,24.0,1.0,84672.0,4.0
3524,1248.0,12.0,0.9740998897233364,82626.0,4.0
3525,1384.0,41.0,0.972688097316079,84675.0,4.0
3526,1334.0,49.0,0.9810504201197553,82629.0,4.0
3527,1299.0,28.0,0.9633136775999342,82630.0,4.0
3528,1507.0,54.0,0.9726169314745607,82633.0,4.0
3529,1542.0,38.0,0.9669492855142113,82634.0,4.0
3530,1326.0,49.0,0.9518642778556784,82636.0,4.0
3531,1546.0,54.0,0.9767935603777764,84691.0,4.0
3532,1341.0,28.0,0.9939326764884898,84700.0,4.0
3533,1373.0,15.0,1.0,84713.0,4.0
3534,1663.0,58.0,0.9828675821995649,84720.0,4.0
3535,1310.0,32.0,0.9688007673999852,84726.0,4.0
3536,1705.0,2.0,0.9516211541013321,84733.0,4.0
3537,1336.0,8.0,0.9671360623887666,84745.0,4.0
3538,1623.0,3.0,0.9673750409439281,84761.0,4.0
3539,1230.0,29.0,0.9750585884853752,82737.0,4.0
3540,1259.0,42.0,0.9763898522464138,82743.0,4.0
3541,1240.0,10.0,0.96360574217265,84791.0,4.0
3542,1310.0,45.0,1.0,82750.0,4.0
3543,1648.0,57.0,0.9687849146642611,82754.0,4.0
3544,1305.0,56.0,0.9823054348378368,82760.0,4.0
3545,1449.0,23.0,0.9645103507853621,84808.0,4.0
3546,1456.0,23.0,0.9661049823225438,84812.0,4.0
3547,1450.0,21.0,0.9602314039963841,82765.0,4.0
3548,1185.0,14.0,0.9750254169810331,82768.0,4.0
3549,1326.0,55.0,0.9739306703092142,82792.0,4.0
3550,1325.0,55.0,0.9664669467193534,82793.0,4.0
3551,1324.0,55.0,0.9872084289351695,82794.0,4.0
3552,1267.0,13.0,0.9801640631348265,82795.0,4.0
3553,1583.0,19.0,0.9658117554146984,82800.0,4.0
3554,1270.0,13.0,0.9832170789536793,82802.0,4.0
3555,1440.0,39.0,0.9618357466193224,82813.0,4.0
3556,1681.0,5.0,0.9910147095042275,82820.0,4.0
3557,1358.0,56.0,0.9565746788657109,84897.0,4.0
3558,1287.0,25.0,0.9599935567748537,84898.0,4.0
3559,1251.0,25.0,0.9781418379864716,82854.0,4.0
3560,1283.0,25.0,0.9572496404773498,84906.0,4.0
3561,1265.0,12.0,0.9747439703146166,82861.0,4.0
3562,1664.0,0.0,0.968648006452368,84911.0,4.0
3563,1264.0,12.0,0.983245144041929,82866.0,4.0
3564,1328.0,55.0,1.0,82876.0,4.0
3565,1260.0,12.0,0.9717336194138423,82878.0,4.0
3566,1591.0,38.0,0.9767895514570777,84929.0,4.0
3567,1631.0,3.0,0.9819225067118625,84958.0,4.0
3568,1336.0,49.0,0.9614567251648463,82916.0,4.0
3569,1667.0,0.0,0.9513085265057636,84965.0,4.0
3570,1427.0,22.0,0.9646357997028241,84970.0,4.0
3571,1243.0,43.0,0.9618645364528551,82929.0,4.0
3572,1282.0,25.0,0.981570384043385,84978.0,4.0
3573,1329.0,30.0,0.9719502838474893,84979.0,4.0
3574,1242.0,43.0,0.9561179866807245,82940.0,4.0
3575,1516.0,54.0,0.953100367612932,82948.0,4.0
3576,1565.0,20.0,1.0,84997.0,4.0
3577,1342.0,41.0,0.9761970504223867,82954.0,4.0
3578,1341.0,41.0,0.9805672085743432,82955.0,4.0
3579,1278.0,26.0,0.9725617677086639,82962.0,4.0
3580,1518.0,54.0,0.9742033568035653,82964.0,4.0
3581,1682.0,5.0,0.9732547684973881,82969.0,4.0
3582,1708.0,2.0,0.9693819172723627,85019.0,4.0
3583,1381.0,22.0,0.9653525393957371,82974.0,4.0
3584,1348.0,9.0,0.9673965545007304,85037.0,4.0
3585,1567.0,20.0,1.0,85052.0,4.0
3586,1315.0,13.0,0.9514971313819479,85064.0,4.0
3587,1699.0,57.0,0.9898695780848192,85123.0,4.0
3588,1382.0,6.0,0.961343110607012,85125.0,4.0
3589,1378.0,15.0,0.9703487048919748,85134.0,4.0
3590,1713.0,1.0,0.9597504158455858,85141.0,4.0
3591,1446.0,53.0,1.0,85148.0,4.0
3592,1266.0,12.0,0.9648926544554244,83106.0,4.0
3593,1317.0,45.0,0.9608454720784199,83121.0,4.0
3594,1292.0,25.0,0.9731274246608347,85173.0,4.0
3595,1314.0,56.0,0.9601509202653388,83130.0,4.0
3596,1328.0,9.0,0.9815978926446374,83132.0,4.0
3597,1322.0,13.0,1.0,85184.0,4.0
3598,1323.0,27.0,1.0,83142.0,4.0
3599,1453.0,39.0,0.9817237642613085,83150.0,4.0
3600,1553.0,38.0,0.9812708038660448,83160.0,4.0
3601,1675.0,0.0,1.0,85217.0,4.0
3602,1572.0,3.0,0.9802014363659651,83172.0,4.0
3603,1347.0,41.0,0.9814044242988661,83187.0,4.0
3604,1324.0,16.0,0.9722324836608566,83196.0,4.0
3605,1340.0,50.0,0.9724461599980244,85244.0,4.0
3606,1575.0,20.0,0.9714535190959928,85249.0,4.0
3607,1270.0,32.0,0.9756312416047846,83214.0,4.0
3608,1580.0,20.0,0.987549373298364,85266.0,4.0
3609,1578.0,20.0,0.9702782600530013,85269.0,4.0
3610,1462.0,21.0,0.9530315433602353,83230.0,4.0
3611,1334.0,6.0,0.9565996466315271,83236.0,4.0
3612,1690.0,1.0,0.9785288474099588,83240.0,4.0
3613,1283.0,30.0,0.9512599544524016,83242.0,4.0
3614,1238.0,29.0,0.9805388569656851,83249.0,4.0
3615,1587.0,19.0,1.0,83252.0,4.0
3616,1652.0,37.0,0.9885844924085622,83253.0,4.0
3617,1390.0,22.0,0.9502866865278633,83256.0,4.0
3618,1456.0,21.0,1.0,83267.0,4.0
3619,1494.0,21.0,0.9820744313674968,85321.0,4.0
3620,1032.0,59.0,0.9817736983510539,81230.0,4.0
3621,1040.0,59.0,0.9857421783291641,81243.0,4.0
3622,1570.0,3.0,0.995972040234218,83292.0,4.0
3623,1041.0,59.0,0.9706783009276769,81245.0,4.0
3624,1321.0,7.0,1.0,85342.0,4.0
3625,1308.0,8.0,0.9777847781095427,83312.0,4.0
3626,1363.0,56.0,0.9801062220890318,85370.0,4.0
3627,1656.0,37.0,0.9683172980955227,83327.0,4.0
3628,1316.0,32.0,0.9722413246643122,85375.0,4.0
3629,1345.0,50.0,0.9676309765618646,85389.0,4.0
3630,1058.0,59.0,0.9636491793261968,81295.0,4.0
3631,1309.0,24.0,0.9553858978799645,83349.0,4.0
3632,1231.0,42.0,0.9756361073638228,81304.0,4.0
3633,1351.0,8.0,0.9675648565903717,85405.0,4.0
3634,1367.0,27.0,0.9653693066125112,85409.0,4.0
3635,1701.0,2.0,0.9634083441193484,84409.0,4.0
3636,1462.0,23.0,0.9906302537245079,84924.0,4.0
3637,1336.0,45.0,0.9746940647952613,83906.0,4.0
3638,1629.0,3.0,0.9710577799747238,84931.0,4.0
3639,1264.0,10.0,0.9599958300435592,84939.0,4.0
3640,1293.0,42.0,0.973797006987014,84941.0,4.0
3641,1313.0,30.0,0.9657042518579536,84433.0,4.0
3642,1356.0,49.0,1.0,84435.0,4.0
3643,1568.0,3.0,0.987191696974178,82901.0,4.0
3644,1308.0,26.0,0.9574171483170101,84440.0,4.0
3645,1410.0,53.0,1.0,82906.0,4.0
3646,1342.0,46.0,0.9578850016451994,83930.0,4.0
3647,1708.0,4.0,0.9677089790060158,82911.0,4.0
3648,1298.0,13.0,0.9773071835394814,84449.0,4.0
3649,1668.0,0.0,0.9558948535780403,84964.0,4.0
3650,1279.0,30.0,0.9894091651898814,82917.0,4.0
3651,1695.0,58.0,0.981283598476303,85478.0,4.0
3652,1278.0,30.0,0.9738823173395719,82918.0,4.0
3653,1595.0,20.0,0.9690214962400641,85480.0,4.0
3654,1313.0,12.0,0.9823311901101538,85481.0,4.0
3655,1280.0,7.0,0.9822797874413037,82920.0,4.0
3656,1254.0,43.0,0.9560000761733667,83944.0,4.0
3657,1281.0,42.0,0.9502072587076179,84456.0,4.0
3658,1628.0,3.0,0.9845179617581575,84969.0,4.0
3659,1375.0,6.0,0.9778024483898045,84975.0,4.0
3660,1355.0,48.0,0.9625133753072812,82928.0,4.0
3661,1319.0,9.0,0.9798596111686374,82932.0,4.0
3662,1318.0,9.0,0.9638822085730414,82933.0,4.0
3663,1407.0,53.0,0.9747293733452728,82423.0,4.0
3664,1304.0,25.0,0.9553260596142589,85496.0,4.0
3665,1594.0,20.0,0.9778949651173198,85497.0,4.0
3666,1368.0,27.0,0.971363439283312,85500.0,4.0
3667,1398.0,53.0,1.0,81919.0,4.0
3668,1323.0,24.0,1.0,83969.0,4.0
3669,1603.0,38.0,0.9638455575367432,85508.0,4.0
3670,1354.0,8.0,0.9539170172847763,85510.0,4.0
3671,1275.0,12.0,1.0,83974.0,4.0
3672,1630.0,19.0,0.9817602112442382,85002.0,4.0
3673,1309.0,25.0,0.974279594900738,85517.0,4.0
3674,1415.0,39.0,0.9639821140850336,81933.0,4.0
3675,1306.0,45.0,1.0,82446.0,4.0
3676,1288.0,26.0,0.9825406123754342,83470.0,4.0
3677,1380.0,55.0,0.9782834777616882,85521.0,4.0
3678,1379.0,55.0,0.9946908096481821,85523.0,4.0
3679,1280.0,43.0,1.0,85524.0,4.0
3680,1650.0,4.0,0.953862004250991,81428.0,4.0
3681,1396.0,53.0,1.0,81939.0,4.0
3682,1177.0,14.0,0.9754322555227516,82455.0,4.0
3683,1337.0,49.0,0.9747832371158022,82967.0,4.0
3684,1224.0,14.0,0.985065147541129,85013.0,4.0
3685,1709.0,2.0,0.9573029041705858,85015.0,4.0
3686,1427.0,21.0,0.9764156269790867,81952.0,4.0
3687,1342.0,27.0,1.0,84000.0,4.0
3688,1377.0,15.0,0.9600427481987308,85025.0,4.0
3689,1691.0,4.0,0.9805462231482619,81955.0,4.0
3690,1467.0,54.0,0.9758043272404023,81445.0,4.0
3691,1253.0,29.0,0.9538233625404396,84007.0,4.0
3692,1354.0,15.0,1.0,82472.0,4.0
3693,1339.0,8.0,0.9691949227438437,85035.0,4.0
3694,1362.0,48.0,0.9640963571924847,83502.0,4.0
3695,1353.0,6.0,0.9877381536466504,84015.0,4.0
3696,1428.0,22.0,0.9569640543661845,85038.0,4.0
3697,1661.0,1.0,0.9587349421306668,81971.0,4.0
3698,1359.0,41.0,0.9758462912714436,83508.0,4.0
3699,1413.0,22.0,0.9638795104780309,84020.0,4.0
3700,1707.0,2.0,0.9687831723102593,85046.0,4.0
3701,1320.0,31.0,0.977489141193723,82487.0,4.0
3702,1598.0,20.0,0.9754915147381711,85560.0,4.0
3703,1321.0,31.0,0.9838251075140966,82488.0,4.0
3704,1405.0,22.0,0.9758351782434063,83513.0,4.0
3705,1312.0,32.0,0.9698406050056458,85049.0,4.0
3706,1328.0,49.0,0.9626327480916309,82493.0,4.0
3707,1583.0,18.0,0.9736269934459775,81470.0,4.0
3708,1324.0,26.0,0.96574872148774,85568.0,4.0
3709,1611.0,19.0,0.9636103330084563,84033.0,4.0
3710,1314.0,12.0,0.9783850494910447,85573.0,4.0
3711,1410.0,41.0,0.9830108285821497,85574.0,4.0
3712,1322.0,56.0,0.9657972678641386,83527.0,4.0
3713,1400.0,39.0,0.9835723010375553,81481.0,4.0
3714,1418.0,40.0,0.9764967607053004,85065.0,4.0
3715,1616.0,36.0,0.9868679596672888,81998.0,4.0
3716,1650.0,58.0,0.9628447954603383,84047.0,4.0
3717,1228.0,14.0,0.9834116606378288,85584.0,4.0
3718,1341.0,13.0,1.0,85589.0,4.0
3719,1291.0,7.0,0.9738106883278684,83543.0,4.0
3720,1368.0,56.0,0.9665052471563211,85595.0,4.0
3721,1543.0,54.0,0.9551441172272622,84062.0,4.0
3722,1219.0,14.0,0.9926416823135501,84574.0,4.0
3723,1283.0,46.0,0.9684598597594354,81506.0,4.0
3724,1654.0,36.0,0.9749469151570407,83555.0,4.0
3725,1373.0,22.0,0.9758786789204785,82540.0,4.0
3726,1369.0,52.0,0.971332622421198,81519.0,4.0
3727,1587.0,3.0,0.9642400135198067,83567.0,4.0
3728,1388.0,41.0,0.9747575473066223,84592.0,4.0
3729,1713.0,5.0,0.9949298420759488,84593.0,4.0
3730,1451.0,39.0,0.9553497284793769,83059.0,4.0
3731,1292.0,9.0,0.9799194144155685,82036.0,4.0
3732,1314.0,45.0,1.0,83062.0,4.0
3733,1328.0,27.0,0.9596291134463633,83576.0,4.0
3734,1348.0,51.0,1.0,81531.0,4.0
3735,1455.0,39.0,0.9836463204402094,83067.0,4.0
3736,1311.0,9.0,0.9817173770740569,82557.0,4.0
3737,1631.0,18.0,0.962966035667799,83071.0,4.0
3738,1391.0,41.0,1.0,84609.0,4.0
3739,1721.0,5.0,0.997955991184957,85124.0,4.0
3740,1241.0,44.0,0.971065360993112,83083.0,4.0
3741,1344.0,8.0,0.9574901524413844,85133.0,4.0
3742,1503.0,54.0,0.964424099888088,82575.0,4.0
3743,1676.0,1.0,0.9528722216689332,82576.0,4.0
3744,1374.0,52.0,0.9743925508395681,82073.0,4.0
3745,1704.0,4.0,0.9699655353280713,82586.0,4.0
3746,1362.0,56.0,0.9749427747616412,85146.0,4.0
3747,1352.0,46.0,0.9727135006331509,84637.0,4.0
3748,1689.0,0.0,1.0,85662.0,4.0
3749,1388.0,48.0,0.9569628985531148,84639.0,4.0
3750,1632.0,37.0,0.9648360493448634,82592.0,4.0
3751,1304.0,47.0,0.9670831255109502,85150.0,4.0
3752,1305.0,47.0,1.0,85151.0,4.0
3753,1646.0,36.0,0.9969717595747233,83107.0,4.0
3754,1668.0,57.0,0.9591944569698669,83619.0,4.0
3755,1349.0,56.0,1.0,84643.0,4.0
3756,1455.0,21.0,0.9834739585294395,83110.0,4.0
3757,1227.0,44.0,0.9589300395846272,82599.0,4.0
3758,1720.0,5.0,0.9928899765796609,85162.0,4.0
3759,1274.0,43.0,0.9750316207608271,85163.0,4.0
3760,1323.0,13.0,0.9711486970465718,85166.0,4.0
3761,1346.0,45.0,0.9714950332408203,84658.0,4.0
3762,1434.0,39.0,0.9612340398391394,82615.0,4.0
3763,1370.0,40.0,0.9821798396868585,83128.0,4.0
3764,1424.0,23.0,0.987406067842841,83641.0,4.0
3765,1317.0,7.0,0.9790841096385567,85177.0,4.0
3766,1329.0,9.0,0.9924784835784077,83131.0,4.0
3767,1292.0,12.0,0.9751932918767456,84667.0,4.0
3768,1214.0,35.0,1.0,81597.0,4.0
3769,1700.0,57.0,1.0,85178.0,4.0
3770,1271.0,43.0,0.9754286393789633,85183.0,4.0
3771,1380.0,6.0,0.9612103795104868,85187.0,4.0
3772,1261.0,32.0,1.0,82628.0,4.0
3773,1277.0,29.0,0.9542143505184053,85188.0,4.0
3774,1306.0,49.0,0.9714829655750802,81606.0,4.0
3775,1273.0,29.0,0.9678728241020812,85189.0,4.0
3776,1321.0,27.0,0.9956652233178283,83144.0,4.0
3777,1636.0,3.0,0.9855931954496567,85191.0,4.0
3778,1586.0,18.0,1.0,81612.0,4.0
3779,1390.0,53.0,0.9656979222489332,81613.0,4.0
3780,1678.0,0.0,0.9727790408376863,85196.0,4.0
3781,1303.0,45.0,1.0,82639.0,4.0
3782,1327.0,25.0,0.9639286047211234,85712.0,4.0
3783,1554.0,38.0,0.9517940941799794,83159.0,4.0
3784,1314.0,26.0,0.96799180274748,84696.0,4.0
3785,1233.0,11.0,0.9586902395714347,82650.0,4.0
3786,1613.0,20.0,0.9791256627978763,85723.0,4.0
3787,1275.0,13.0,1.0,83164.0,4.0
3788,1353.0,51.0,1.0,81629.0,4.0
3789,1622.0,19.0,0.9734393398200092,84698.0,4.0
3790,1623.0,19.0,1.0,84699.0,4.0
3791,1270.0,10.0,0.9837447131718713,85214.0,4.0
3792,1714.0,5.0,0.9837036720762118,84705.0,4.0
3793,1347.0,31.0,0.9589922151608293,83685.0,4.0
3794,1282.0,13.0,0.9661859716418996,83686.0,4.0
3795,1604.0,37.0,0.9636962339429078,81640.0,4.0
3796,1423.0,40.0,0.9680140155313153,85224.0,4.0
3797,1665.0,57.0,0.9868209570678559,83690.0,4.0
3798,1672.0,37.0,0.9795786183162853,84204.0,4.0
3799,1376.0,51.0,1.0,83181.0,4.0
3800,1664.0,58.0,0.9524542989004393,84719.0,4.0
3801,1293.0,28.0,0.9743044721367853,82165.0,4.0
3802,1706.0,2.0,0.9796318193118149,84725.0,4.0
3803,1712.0,2.0,0.952911331169814,85238.0,4.0
3804,1312.0,28.0,0.9748247095797348,83193.0,4.0
3805,1287.0,42.0,0.9542230233297752,84734.0,4.0
3806,1263.0,11.0,0.9807675336642313,84735.0,4.0
3807,1286.0,7.0,0.9834900780299938,83207.0,4.0
3808,1387.0,51.0,0.9752195255305061,83719.0,4.0
3809,1299.0,32.0,0.9654070972636539,84231.0,4.0
3810,1378.0,52.0,0.9516478741415568,82186.0,4.0
3811,1342.0,50.0,0.9709385775848588,85261.0,4.0
3812,1213.0,14.0,0.9852868207388029,84240.0,4.0
3813,1411.0,40.0,0.95549945108133,84753.0,4.0
3814,1581.0,20.0,1.0,85264.0,4.0
3815,1701.0,4.0,0.9825584761289804,82202.0,4.0
3816,1227.0,10.0,0.9564511107952501,83226.0,4.0
3817,1623.0,36.0,0.9833433402117028,82206.0,4.0
3818,1461.0,21.0,0.9743496107327261,83231.0,4.0
3819,1256.0,29.0,0.9534108993397753,84254.0,4.0
3820,1276.0,30.0,0.9860253360688472,82209.0,4.0
3821,1573.0,38.0,0.9578280302846155,84258.0,4.0
3822,1587.0,38.0,0.9549434236177746,84768.0,4.0
3823,1319.0,24.0,0.9675045518646928,83750.0,4.0
3824,1257.0,29.0,0.9802507388898587,84264.0,4.0
3825,1302.0,24.0,0.9681514312032279,82731.0,4.0
3826,1327.0,31.0,0.9931328565439557,82734.0,4.0
3827,1250.0,11.0,0.9811149913487193,83761.0,4.0
3828,1619.0,18.0,0.9685302802141131,82228.0,4.0
3829,1251.0,7.0,0.9885799143854558,81716.0,4.0
3830,1402.0,52.0,0.966981962278415,83765.0,4.0
3831,1241.0,10.0,0.9796626193413598,84790.0,4.0
3832,1616.0,19.0,0.9763711905838182,84284.0,4.0
3833,1312.0,31.0,0.9783748361596104,82237.0,4.0
3834,1393.0,52.0,0.9747125839484224,83261.0,4.0
3835,1323.0,50.0,0.9762245149645546,84798.0,4.0
3836,1318.0,50.0,0.9733329576531631,84802.0,4.0
3837,1653.0,1.0,0.9537395709418025,81733.0,4.0
3838,1245.0,10.0,0.9692851016686295,84807.0,4.0
3839,1454.0,23.0,0.9914939745397652,84809.0,4.0
3840,1455.0,23.0,0.9836357711881283,84811.0,4.0
3841,1585.0,38.0,0.969533299239958,84813.0,4.0
3842,1281.0,11.0,0.951671988919692,85325.0,4.0
3843,1297.0,25.0,0.9716565763701567,85326.0,4.0
3844,1374.0,55.0,0.9745637523647838,85329.0,4.0
3845,1365.0,22.0,1.0,82260.0,4.0
3846,1597.0,18.0,0.9917738472541242,81749.0,4.0
3847,1623.0,0.0,1.0,83285.0,4.0
3848,1314.0,50.0,0.9725822599098571,84309.0,4.0
3849,1375.0,55.0,0.9764442356117952,85332.0,4.0
3850,1376.0,55.0,0.9720433348978086,85333.0,4.0
3851,1657.0,57.0,0.9717209545363498,83294.0,4.0
3852,1625.0,36.0,0.9856884436250444,82275.0,4.0
3853,1361.0,6.0,0.9704397360477899,84326.0,4.0
3854,1313.0,56.0,0.9659275968603788,83303.0,4.0
3855,1241.0,32.0,0.9602581666795662,81768.0,4.0
3856,1307.0,24.0,0.9821216479075936,83309.0,4.0
3857,1306.0,8.0,1.0,83314.0,4.0
3858,1651.0,5.0,0.9909229695429739,81782.0,4.0
3859,1684.0,1.0,0.982846493899499,82806.0,4.0
3860,1293.0,47.0,0.9729566880794466,84344.0,4.0
3861,1492.0,54.0,0.9625009190436562,82299.0,4.0
3862,1296.0,47.0,0.9721037808222828,84347.0,4.0
3863,1685.0,1.0,0.982957071787991,82814.0,4.0
3864,1655.0,37.0,0.9715127608872504,83328.0,4.0
3865,1362.0,51.0,0.9624867316296495,82305.0,4.0
3866,1654.0,37.0,0.9836394890589992,83329.0,4.0
3867,1300.0,8.0,0.9608243522685084,82819.0,4.0
3868,1305.0,46.0,0.9689709131780352,82316.0,4.0
3869,1285.0,12.0,0.9716762504575847,84365.0,4.0
3870,1673.0,58.0,0.9668474450732534,84883.0,4.0
3871,1310.0,24.0,0.9631190112264169,83348.0,4.0
3872,1674.0,58.0,0.9644608932758083,84884.0,4.0
3873,1316.0,46.0,0.967422650303912,82838.0,4.0
3874,1226.0,35.0,0.9719871888804347,82327.0,4.0
3875,1369.0,48.0,0.9708488099762328,83864.0,4.0
3876,1340.0,30.0,0.9903607932450207,85402.0,4.0
3877,1696.0,57.0,0.9529295737423484,84891.0,4.0
3878,1332.0,6.0,0.9546928686246441,83356.0,4.0
3879,1360.0,27.0,0.9752835129121945,84896.0,4.0
3880,1251.0,42.0,0.9712422892340181,82340.0,4.0
3881,1241.0,11.0,0.9545881070126966,82853.0,4.0
3882,1255.0,44.0,0.9708634686083023,84393.0,4.0
3883,1302.0,25.0,0.9637270098440883,85418.0,4.0
3884,1277.0,26.0,0.9627392148486323,82859.0,4.0
3885,1354.0,49.0,0.9654036895952156,83883.0,4.0
3886,1215.0,44.0,1.0,81838.0,4.0
3887,1386.0,40.0,0.9683280370895423,83890.0,4.0
3888,1264.0,32.0,0.9762676048584302,82869.0,4.0
3889,1463.0,23.0,0.9780415480979275,84919.0,4.0
3890,1694.0,58.0,0.9790103939188273,85465.0,4.0
3891,1303.0,25.0,0.9612930332277052,85476.0,4.0
3892,1366.0,56.0,0.991883168187952,85490.0,4.0
3893,1574.0,18.0,0.9575057652973988,81399.0,4.0
3894,1298.0,49.0,0.9672385351207587,81401.0,4.0
3895,1407.0,41.0,0.9831135819799217,85506.0,4.0
3896,1330.0,27.0,0.9693417996310749,83464.0,4.0
3897,1332.0,27.0,0.9731421042536603,83466.0,4.0
3898,1483.0,23.0,0.9507971744284537,85518.0,4.0
3899,1277.0,47.0,0.9566559513369964,83477.0,4.0
3900,1342.0,6.0,0.9579070359603874,83479.0,4.0
3901,1466.0,54.0,0.9706460858414503,81432.0,4.0
3902,1367.0,56.0,0.9562052744596848,85530.0,4.0
3903,1339.0,6.0,0.9597012067665389,83486.0,4.0
3904,1628.0,0.0,0.9716305437043595,83517.0,4.0
3905,1485.0,23.0,0.9763928654201546,85570.0,4.0
3906,1244.0,29.0,1.0,83525.0,4.0
3907,1602.0,37.0,0.959384968956373,81484.0,4.0
3908,1590.0,3.0,0.9892806350478273,83532.0,4.0
3909,1364.0,48.0,0.9724615137461657,83534.0,4.0
3910,1687.0,0.0,0.9700871587183513,85581.0,4.0
3911,1606.0,38.0,0.9709390233339433,85588.0,4.0
3912,1645.0,3.0,0.9573249506949246,85590.0,4.0
3913,1316.0,8.0,0.9760543317330621,83545.0,4.0
3914,1274.0,24.0,0.9739843643474932,81499.0,4.0
3915,1333.0,46.0,1.0,83548.0,4.0
3916,1659.0,4.0,0.9684144036024311,81504.0,4.0
3917,1655.0,36.0,0.9738530403572597,83556.0,4.0
3918,1580.0,18.0,0.9753733178664118,81510.0,4.0
3919,1640.0,1.0,0.9773271333353171,81513.0,4.0
3920,1295.0,10.0,0.9629412072758754,85616.0,4.0
3921,1699.0,1.0,0.9534067086851234,83579.0,4.0
3922,1343.0,6.0,0.961671545033812,83586.0,4.0
3923,1486.0,23.0,0.9852002513937896,85635.0,4.0
3924,1319.0,25.0,0.9544667096708033,85636.0,4.0
3925,1318.0,25.0,1.0,85637.0,4.0
3926,1379.0,40.0,0.9779285592613222,83590.0,4.0
3927,1326.0,56.0,0.9755691807809797,83591.0,4.0
3928,1289.0,30.0,0.9874717179746347,83593.0,4.0
3929,1290.0,30.0,1.0,83594.0,4.0
3930,1588.0,3.0,0.9837633859891649,83597.0,4.0
3931,1283.0,43.0,0.9695104514927237,85645.0,4.0
3932,1467.0,21.0,0.9954629542825678,83601.0,4.0
3933,1336.0,46.0,0.9632218019374575,83605.0,4.0
3934,1318.0,8.0,0.9552241885076552,83612.0,4.0
3935,1460.0,39.0,0.965207296027908,83622.0,4.0
3936,1321.0,25.0,0.9685374157203073,85690.0,4.0
3937,1644.0,1.0,0.9522252654456266,81595.0,4.0
3938,1326.0,45.0,0.9751109123527641,83647.0,4.0
3939,1276.0,24.0,0.9595273031912843,81602.0,4.0
3940,1305.0,49.0,0.9754672132185276,81608.0,4.0
3941,1647.0,3.0,0.9555198371041975,85704.0,4.0
3942,1682.0,2.0,0.9753444694274681,83658.0,4.0
3943,1683.0,2.0,0.975712978126963,83659.0,4.0
3944,1625.0,0.0,1.0,83663.0,4.0
3945,1585.0,3.0,0.971863214558778,83670.0,4.0
3946,1281.0,13.0,1.0,83675.0,4.0
3947,1298.0,31.0,0.9690475293287231,81649.0,4.0
3948,1670.0,4.0,0.9616474034041711,81661.0,4.0
3949,1356.0,41.0,1.0,83723.0,4.0
3950,1358.0,41.0,0.9618763450482456,83725.0,4.0
3951,1324.0,56.0,0.9871146182898584,83727.0,4.0
3952,1316.0,24.0,0.9750900359168323,83748.0,4.0
3953,1684.0,2.0,1.0,83752.0,4.0
3954,1422.0,21.0,0.9718601205958116,81721.0,4.0
3955,1611.0,36.0,0.9654615031739632,81740.0,4.0
3956,1245.0,42.0,0.9549287509594779,81755.0,4.0
3957,1678.0,4.0,0.9876360972416015,81763.0,4.0
3958,1409.0,39.0,0.9515320838824972,81777.0,4.0
3959,1407.0,39.0,0.982548862692714,81780.0,4.0
3960,1300.0,31.0,0.9844809112604528,81786.0,4.0
3961,1478.0,54.0,0.9710813907932498,81791.0,4.0
3962,1602.0,18.0,0.9547358492077778,81792.0,4.0
3963,1680.0,4.0,0.9773945642088467,81803.0,4.0
3964,1603.0,18.0,0.966609763863905,81814.0,4.0
3965,1213.0,44.0,0.9724677148702496,81816.0,4.0
3966,1302.0,50.0,0.9600052215665491,83874.0,4.0
3967,1304.0,50.0,1.0,83876.0,4.0
3968,1703.0,5.0,0.966404937022716,83877.0,4.0
3969,1353.0,49.0,1.0,83882.0,4.0
3970,1316.0,6.0,0.9555911644863613,81842.0,4.0
3971,1292.0,46.0,0.9570558556872081,81845.0,4.0
3972,1330.0,28.0,0.9686409733820933,83902.0,4.0
3973,1288.0,47.0,1.0,83936.0,4.0
3974,1340.0,27.0,0.9783502017216373,83940.0,4.0
3975,1344.0,55.0,0.978508887036154,83951.0,4.0
3976,1385.0,40.0,1.0,83953.0,4.0
3977,1303.0,31.0,0.9530751349091641,81906.0,4.0
3978,1297.0,46.0,0.9692397567222915,81910.0,4.0
3979,1649.0,58.0,0.9657486699368867,83958.0,4.0
3980,1345.0,55.0,0.9574294101846825,83961.0,4.0
3981,1255.0,11.0,0.9829883136248904,83967.0,4.0
3982,1252.0,43.0,0.9703771628427889,83973.0,4.0
3983,1277.0,12.0,0.98246474845827,83976.0,4.0
3984,1278.0,12.0,1.0,83977.0,4.0
3985,1301.0,30.0,0.9839107470498545,83978.0,4.0
3986,1413.0,39.0,0.9739102692590283,81931.0,4.0
3987,1414.0,39.0,1.0,81932.0,4.0
3988,1389.0,40.0,0.962311741067431,83986.0,4.0
3989,1666.0,1.0,1.0,81943.0,4.0
3990,1358.0,51.0,0.9653387895859908,81946.0,4.0
3991,1484.0,54.0,0.9525751831216799,81950.0,4.0
3992,1391.0,51.0,0.9703634465054849,84004.0,4.0
3993,1674.0,57.0,0.9618064405065787,84009.0,4.0
3994,1608.0,18.0,0.9837698757062638,81978.0,4.0
3995,1606.0,18.0,0.9776247174735151,81980.0,4.0
3996,1572.0,19.0,0.9822524418550619,81987.0,4.0
3997,1609.0,18.0,0.9761031065324266,81990.0,4.0
3998,1255.0,7.0,0.9638289768677013,81997.0,4.0
3999,1254.0,11.0,0.9575864825102957,84045.0,4.0
4000,1162.0,14.0,0.9782954867620237,82001.0,4.0
4001,1288.0,32.0,0.9686308488022566,84055.0,4.0
4002,1289.0,32.0,1.0,84056.0,4.0
4003,1272.0,42.0,0.9598418791686055,84058.0,4.0
4004,1297.0,9.0,0.9522209760841815,82011.0,4.0
4005,1273.0,42.0,1.0,84059.0,4.0
4006,1608.0,19.0,1.0,84060.0,4.0
4007,1615.0,37.0,0.965847253521708,82016.0,4.0
4008,1246.0,42.0,0.9696703469795978,82021.0,4.0
4009,1278.0,42.0,0.9598039731455407,84072.0,4.0
4010,1691.0,2.0,0.9531556738717327,84078.0,4.0
4011,1695.0,2.0,0.954578185810666,84084.0,4.0
4012,1324.0,8.0,0.9667416521963271,84102.0,4.0
4013,1299.0,46.0,0.9735755466306915,82055.0,4.0
4014,1695.0,4.0,0.9591109691877395,82059.0,4.0
4015,1304.0,31.0,0.9668395055898247,82062.0,4.0
4016,1255.0,26.0,0.9590129410328295,82063.0,4.0
4017,1611.0,37.0,0.978912944869539,82065.0,4.0
4018,1431.0,21.0,0.9904807081255358,82076.0,4.0
4019,1669.0,5.0,0.9875167146568139,82147.0,4.0
4020,1342.0,9.0,1.0,84201.0,4.0
4021,1613.0,3.0,0.9504938424036925,84202.0,4.0
4022,1307.0,9.0,0.9608999609450602,82168.0,4.0
4023,1553.0,20.0,0.9810744892720934,84217.0,4.0
4024,1306.0,9.0,0.9730756617860497,82170.0,4.0
4025,1304.0,9.0,0.9721357389959221,82172.0,4.0
4026,1668.0,5.0,0.9949165879970506,82179.0,4.0
4027,1698.0,4.0,0.9544269366299873,82185.0,4.0
4028,1417.0,22.0,0.977117844204125,84233.0,4.0
4029,1418.0,22.0,0.9747320321664593,84234.0,4.0
4030,1438.0,21.0,0.9821441532578692,82190.0,4.0
4031,1212.0,14.0,0.9585652376492928,84239.0,4.0
4032,1260.0,7.0,0.9580234010634272,82193.0,4.0
4033,1308.0,50.0,0.9729810885379621,84245.0,4.0
4034,1268.0,25.0,0.9678126158742031,84251.0,4.0
4035,1622.0,36.0,0.9753245556943123,82205.0,4.0
4036,1217.0,29.0,0.9752261059281253,82208.0,4.0
4037,1358.0,6.0,0.9793156715899703,84261.0,4.0
4038,1258.0,29.0,0.9779659028175789,84265.0,4.0
4039,1260.0,29.0,0.9726679950412379,84274.0,4.0
4040,1295.0,13.0,0.9719307734254851,84277.0,4.0
4041,1481.0,21.0,1.0,84280.0,4.0
4042,1303.0,32.0,1.0,84282.0,4.0
4043,1310.0,31.0,0.9921263802059779,82240.0,4.0
4044,1400.0,53.0,0.9546280615788444,82242.0,4.0
4045,1399.0,53.0,0.9665234862052164,82245.0,4.0
4046,1682.0,57.0,0.9618240374296892,84300.0,4.0
4047,1343.0,9.0,0.9806942528884869,84304.0,4.0
4048,1404.0,40.0,1.0,84313.0,4.0
4049,1434.0,21.0,0.9866539139956769,82270.0,4.0
4050,1326.0,8.0,0.975757117402077,84320.0,4.0
4051,1544.0,20.0,0.9789477209281753,84323.0,4.0
4052,1400.0,40.0,0.9562731743758001,84337.0,4.0
4053,1295.0,47.0,0.9720521448242456,84346.0,4.0
4054,1307.0,46.0,0.9668688206048697,82304.0,4.0
4055,1549.0,20.0,1.0,84358.0,4.0
4056,1392.0,40.0,1.0,84362.0,4.0
4057,1375.0,41.0,0.9773211731718903,84372.0,4.0
4058,1228.0,35.0,0.967785869556439,82331.0,4.0
4059,1282.0,42.0,0.9721220677385175,84381.0,4.0
4060,1672.0,1.0,0.9711572736272814,82334.0,4.0
4061,1284.0,42.0,0.9828721500240626,84383.0,4.0
4062,1403.0,53.0,0.9710521091717799,82341.0,4.0
4063,1374.0,41.0,1.0,84400.0,4.0
4064,1383.0,48.0,0.9616476967939748,84411.0,4.0
4065,1307.0,7.0,0.9755773346673962,84419.0,4.0
4066,1310.0,30.0,1.0,84420.0,4.0
4067,1649.0,0.0,0.9704746646135339,84423.0,4.0
4068,1291.0,47.0,0.968600614574791,84427.0,4.0
4069,1306.0,7.0,0.9789705767217216,84428.0,4.0
4070,1218.0,14.0,0.9533607895298707,84442.0,4.0
4071,1612.0,3.0,0.9806415337110519,84452.0,4.0
4072,1644.0,0.0,0.9738765196720381,84464.0,4.0
4073,1645.0,0.0,0.972107744589476,84465.0,4.0
4074,1646.0,0.0,0.9659764163681367,84466.0,4.0
4075,1274.0,7.0,0.9631235758604341,82471.0,4.0
4076,1285.0,50.0,0.9737075508581253,82480.0,4.0
4077,1258.0,32.0,0.9741651343964202,82504.0,4.0
4078,1284.0,50.0,0.9603817163639423,82510.0,4.0
4079,1371.0,22.0,0.9733387908168437,82513.0,4.0
4080,1453.0,23.0,0.9547434751028395,84561.0,4.0
4081,1320.0,30.0,0.9684927571534238,84563.0,4.0
4082,1220.0,14.0,0.9501781476934463,84575.0,4.0
4083,1436.0,39.0,0.980305216086139,82528.0,4.0
4084,1399.0,51.0,0.9707625192675318,84580.0,4.0
4085,1629.0,36.0,0.9800507766755076,82535.0,4.0
4086,1449.0,21.0,0.9785991305824552,82541.0,4.0
4087,1267.0,26.0,0.9717163664110123,82544.0,4.0
4088,1299.0,56.0,0.9697534252343586,82556.0,4.0
4089,1501.0,54.0,0.96656471089543,82584.0,4.0
4090,1584.0,38.0,0.9748570406520501,84636.0,4.0
4091,1267.0,29.0,0.9692908768795149,84641.0,4.0
4092,1224.0,29.0,0.9644399982651375,82602.0,4.0
4093,1665.0,58.0,0.9782715006586903,84651.0,4.0
4094,1222.0,14.0,0.9684761653500538,84653.0,4.0
4095,1266.0,29.0,0.9709435232676589,84659.0,4.0
4096,1688.0,57.0,0.9757795201375181,84662.0,4.0
4097,1687.0,57.0,0.9728953810094921,84663.0,4.0
4098,1686.0,57.0,0.9745548394351543,84664.0,4.0
4099,1431.0,39.0,0.9712169497556965,82619.0,4.0
4100,1303.0,27.0,0.959659553813764,82620.0,4.0
4101,1662.0,0.0,0.950098181399643,84668.0,4.0
4102,1255.0,42.0,0.9633241726549922,82624.0,4.0
4103,1344.0,24.0,0.9606106342259517,84680.0,4.0
4104,1314.0,7.0,1.0,84684.0,4.0
4105,1635.0,37.0,0.9632860177018224,82643.0,4.0
4106,1313.0,26.0,0.9831485488488302,84695.0,4.0
4107,1322.0,6.0,0.9608508104379349,82652.0,4.0
4108,1335.0,8.0,0.9521991017086986,84704.0,4.0
4109,1412.0,40.0,0.9707867827442026,84706.0,4.0
4110,1561.0,20.0,0.992743380253579,84711.0,4.0
4111,1358.0,31.0,0.9649903445553603,84712.0,4.0
4112,1306.0,13.0,0.977992203945619,84730.0,4.0
4113,1625.0,19.0,0.9563140808917077,84738.0,4.0
4114,1581.0,38.0,0.9765647027515554,84739.0,4.0
4115,1308.0,32.0,0.9640392538905341,84743.0,4.0
4116,1244.0,10.0,0.9526936462943756,84758.0,4.0
4117,1242.0,10.0,0.9510252884232652,84760.0,4.0
4118,1442.0,53.0,0.9661167743451511,84762.0,4.0
4119,1667.0,58.0,0.9691202484547834,84770.0,4.0
4120,1580.0,38.0,0.9556316094185611,84782.0,4.0
4121,1303.0,13.0,1.0,84783.0,4.0
4122,1302.0,13.0,0.9729372174744281,84784.0,4.0
4123,1637.0,36.0,0.9570413051111392,82748.0,4.0
4124,1319.0,50.0,1.0,84801.0,4.0
4125,1353.0,48.0,0.9678736600121042,82772.0,4.0
4126,1520.0,54.0,0.9758333463551707,82779.0,4.0
4127,1188.0,14.0,0.9826375453497845,82785.0,4.0
4128,1647.0,37.0,0.9595907684062084,82811.0,4.0
4129,1359.0,15.0,0.976171800880599,82812.0,4.0
4130,1315.0,27.0,0.9746111731074208,82815.0,4.0
4131,1386.0,52.0,0.965146501214603,82818.0,4.0
4132,1642.0,36.0,1.0,82823.0,4.0
4133,1309.0,28.0,0.973531548182341,82828.0,4.0
4134,1189.0,14.0,0.9743335161622111,82829.0,4.0
4135,1269.0,43.0,0.9656113993052523,84879.0,4.0
4136,1268.0,11.0,0.9691231757506904,84881.0,4.0
4137,1328.0,6.0,0.957415164158606,82835.0,4.0
4138,1315.0,46.0,1.0,82839.0,4.0
4139,1395.0,41.0,0.9842277984962917,84888.0,4.0
4140,1694.0,57.0,0.9796573816071961,84890.0,4.0
4141,1403.0,51.0,1.0,84893.0,4.0
4142,1299.0,24.0,0.9622509312549903,82848.0,4.0
4143,1398.0,41.0,0.9768331127297449,84899.0,4.0
4144,1273.0,26.0,0.9739807244072202,82857.0,4.0
4145,1645.0,57.0,0.9827996005918666,82863.0,4.0
4146,1643.0,37.0,0.9727353574071633,82868.0,4.0
4147,1395.0,48.0,1.0,84917.0,4.0
4148,1359.0,27.0,0.9725384806179044,84923.0,4.0
4149,1717.0,5.0,0.9732060501904148,84933.0,4.0
4150,1318.0,13.0,1.0,84935.0,4.0
4151,1304.0,12.0,0.9581004637375305,84944.0,4.0
4152,1312.0,27.0,0.9761558199063769,82904.0,4.0
4153,1332.0,30.0,0.9617085530840266,84952.0,4.0
4154,1392.0,48.0,0.967796783236235,84956.0,4.0
4155,1707.0,4.0,0.9725280092607556,82912.0,4.0
4156,1269.0,13.0,0.9642360736406074,82914.0,4.0
4157,1335.0,30.0,0.9773475213316015,84962.0,4.0
4158,1350.0,24.0,0.9742667810661282,84968.0,4.0
4159,1380.0,22.0,0.9848055268533579,82925.0,4.0
4160,1686.0,5.0,0.9911671523645191,82935.0,4.0
4161,1362.0,55.0,1.0,84984.0,4.0
4162,1521.0,54.0,0.9662349177126932,82947.0,4.0
4163,1563.0,20.0,0.951915569395621,84995.0,4.0
4164,1268.0,47.0,0.9615449693176507,82952.0,4.0
4165,1519.0,54.0,0.9693683549844798,82956.0,4.0
4166,1387.0,52.0,0.9622098089295722,82960.0,4.0
4167,1376.0,15.0,1.0,85026.0,4.0
4168,1693.0,57.0,0.9722879015177958,85032.0,4.0
4169,1341.0,8.0,0.9782614587637568,85034.0,4.0
4170,1570.0,20.0,0.9754722647792375,85045.0,4.0
4171,1319.0,26.0,0.9503496705969006,85055.0,4.0
4172,1675.0,58.0,0.9817976497441543,85059.0,4.0
4173,1267.0,43.0,1.0,85061.0,4.0
4174,1268.0,12.0,0.9799339426248396,83076.0,4.0
4175,1283.0,26.0,0.9691071205477848,83085.0,4.0
4176,1282.0,26.0,0.9525551514355644,83086.0,4.0
4177,1267.0,12.0,0.9727710884280178,83087.0,4.0
4178,1430.0,22.0,0.9793024514344773,85135.0,4.0
4179,1647.0,36.0,1.0,83096.0,4.0
4180,1323.0,46.0,0.9624482807383403,83100.0,4.0
4181,1311.0,24.0,0.9776998315287418,83102.0,4.0
4182,1335.0,31.0,0.965304523849838,83111.0,4.0
4183,1653.0,37.0,0.9883466332615595,83112.0,4.0
4184,1432.0,22.0,0.9710255051147724,85160.0,4.0
4185,1468.0,23.0,0.969606989079962,85165.0,4.0
4186,1271.0,12.0,0.9794467724674308,83118.0,4.0
4187,1361.0,56.0,0.9552865309223514,85167.0,4.0
4188,1332.0,31.0,0.9526753487821266,83123.0,4.0
4189,1289.0,25.0,0.9777117102552552,85174.0,4.0
4190,1322.0,27.0,0.973021337773573,83143.0,4.0
4191,1315.0,32.0,0.9671130757202729,85192.0,4.0
4192,1395.0,52.0,1.0,83147.0,4.0
4193,1638.0,19.0,0.9803775002218654,85200.0,4.0
4194,1366.0,55.0,0.9645099624613488,85202.0,4.0
4195,1369.0,55.0,0.9700972277386657,85204.0,4.0
4196,1368.0,55.0,0.9663953146789089,85205.0,4.0
4197,1367.0,55.0,0.978971454171315,85207.0,4.0
4198,1247.0,11.0,0.9593001438615746,83168.0,4.0
4199,1338.0,30.0,1.0,85218.0,4.0
4200,1346.0,8.0,0.9589465612517746,85221.0,4.0
4201,1681.0,58.0,0.9740687306878864,85222.0,4.0
4202,1380.0,51.0,0.9632985709877004,83178.0,4.0
4203,1597.0,38.0,1.0,85232.0,4.0
4204,1346.0,41.0,0.9624515855722194,83188.0,4.0
4205,1424.0,52.0,0.9679106646180774,85251.0,4.0
4206,1335.0,50.0,0.9744639196438817,85253.0,4.0
4207,1285.0,7.0,0.9693594423346962,83208.0,4.0
4208,1196.0,14.0,0.9723533375291967,83211.0,4.0
4209,1341.0,50.0,0.9610238300110114,85262.0,4.0
4210,1414.0,53.0,1.0,83217.0,4.0
4211,1269.0,32.0,0.9628057908769534,83223.0,4.0
4212,1636.0,19.0,0.9504494714559297,85272.0,4.0
4213,1274.0,10.0,0.9516881910868848,85275.0,4.0
4214,1275.0,11.0,0.9786372050489718,85276.0,4.0
4215,1271.0,47.0,0.974812251940478,83235.0,4.0
4216,1689.0,1.0,0.9728781228449551,83241.0,4.0
4217,1327.0,9.0,0.9584640140474106,83247.0,4.0
4218,1394.0,52.0,1.0,83260.0,4.0
4219,1585.0,19.0,0.958503221535398,83263.0,4.0
4220,1551.0,38.0,0.9739822531485428,83269.0,4.0
4221,1717.0,2.0,1.0,85323.0,4.0
4222,1279.0,11.0,0.9781767530032289,85324.0,4.0
4223,1391.0,22.0,1.0,83278.0,4.0
4224,1688.0,1.0,1.0,83279.0,4.0
4225,1474.0,23.0,0.9829165829440931,85337.0,4.0
4226,1647.0,19.0,1.0,85344.0,4.0
4227,1373.0,55.0,1.0,85346.0,4.0
4228,1275.0,10.0,0.9585193696588561,85347.0,4.0
4229,1475.0,23.0,0.9576518934752574,85360.0,4.0
4230,1690.0,5.0,0.9523960911216951,83319.0,4.0
4231,1601.0,38.0,0.9519507474073717,85367.0,4.0
4232,1284.0,7.0,0.9749814899915392,83324.0,4.0
4233,1563.0,18.0,1.0,81278.0,4.0
4234,1674.0,2.0,0.972128418401552,83331.0,4.0
4235,1306.0,47.0,1.0,85379.0,4.0
4236,1317.0,56.0,0.9602114834594137,83338.0,4.0
4237,1462.0,54.0,0.9771089744375095,81301.0,4.0
4238,1280.0,10.0,0.971052877008872,85399.0,4.0
4239,1335.0,6.0,0.9669934457073509,83360.0,4.0
4240,1428.0,40.0,1.0,85408.0,4.0
4241,1687.0,58.0,1.0,85415.0,4.0
4242,1277.0,10.0,0.9610618542994677,85419.0,4.0
4243,1301.0,25.0,0.9560821387620024,85421.0,4.0
4244,1725.0,5.0,0.9539789615786753,85425.0,4.0
4245,1278.0,11.0,0.9647071341590464,85427.0,4.0
4246,1585.0,20.0,0.9556387555735956,85429.0,4.0
4247,1265.0,32.0,1.0,82872.0,4.0
4248,1651.0,1.0,0.960126441473702,81849.0,4.0
4249,1292.0,50.0,0.9757300594040784,82882.0,4.0
4250,1593.0,38.0,0.956350986486176,84932.0,4.0
4251,1475.0,21.0,1.0,83916.0,4.0
4252,1628.0,18.0,1.0,82892.0,4.0
4253,1236.0,11.0,0.9543871755176432,82893.0,4.0
4254,1294.0,42.0,0.9692192248849063,84942.0,4.0
4255,1636.0,1.0,0.9697800610125872,81360.0,4.0
4256,1207.0,14.0,0.9617016566043106,83925.0,4.0
4257,1240.0,11.0,1.0,82902.0,4.0
4258,1395.0,39.0,0.9577397225354631,81368.0,4.0
4259,1377.0,6.0,0.9829149227271153,84960.0,4.0
4260,1610.0,3.0,0.9867226721363265,84454.0,4.0
4261,1279.0,7.0,0.9815707000155681,82921.0,4.0
4262,1331.0,30.0,0.9765423471607634,84972.0,4.0
4263,1280.0,46.0,0.9650233173315462,81393.0,4.0
4264,1321.0,9.0,0.9780917154017641,82930.0,4.0
4265,1670.0,0.0,0.960185984238908,84985.0,4.0
4266,1661.0,2.0,0.9761674926003231,82942.0,4.0
4267,1623.0,18.0,0.9683837617491816,82435.0,4.0
4268,1340.0,41.0,0.9809163966086826,82949.0,4.0
4269,1329.0,27.0,0.9716283451695852,83463.0,4.0
4270,1676.0,5.0,0.9716759187766891,82439.0,4.0
4271,1261.0,10.0,0.9604140942383084,84999.0,4.0
4272,1374.0,6.0,0.9525259455549933,85006.0,4.0
4273,1697.0,5.0,0.9681075061534078,83476.0,4.0
4274,1344.0,30.0,0.9740961605185354,85525.0,4.0
4275,1346.0,55.0,0.9748956048279921,83989.0,4.0
4276,1577.0,19.0,0.9516239944163835,82453.0,4.0
4277,1627.0,36.0,0.954695828861752,82454.0,4.0
4278,1317.0,26.0,0.9702226008675199,85017.0,4.0
4279,1514.0,54.0,1.0,82971.0,4.0
4280,1340.0,6.0,1.0,83487.0,4.0
4281,1480.0,23.0,0.9783063402751525,85537.0,4.0
4282,1300.0,50.0,0.9738276844245195,83490.0,4.0
4283,1406.0,41.0,0.9625041829332747,85538.0,4.0
4284,1291.0,42.0,0.9749670907553543,85030.0,4.0
4285,1534.0,20.0,0.9710438077778021,82473.0,4.0
4286,1569.0,38.0,0.9637055370656223,84011.0,4.0
4287,1340.0,8.0,0.9756577763579505,85036.0,4.0
4288,1480.0,39.0,0.9611709985931622,85040.0,4.0
4289,1663.0,1.0,0.966859451766919,81969.0,4.0
4290,1569.0,20.0,1.0,85044.0,4.0
4291,1662.0,37.0,0.9768197984685392,83510.0,4.0
4292,1610.0,19.0,0.9533046744660463,84023.0,4.0
4293,1234.0,43.0,0.9720989691269406,81975.0,4.0
4294,1599.0,3.0,0.9863005700466084,84025.0,4.0
4295,1631.0,36.0,1.0,82486.0,4.0
4296,1444.0,21.0,0.9712132863261181,82492.0,4.0
4297,1323.0,56.0,0.9824405898733733,83518.0,4.0
4298,1249.0,29.0,0.9706304679054962,84031.0,4.0
4299,1445.0,21.0,0.9684415595666573,82494.0,4.0
4300,1446.0,21.0,0.9691619137110015,82495.0,4.0
4301,1267.0,11.0,0.961297399432545,85056.0,4.0
4302,1250.0,29.0,0.9516620142653827,84035.0,4.0
4303,1610.0,18.0,0.9780229100339997,81989.0,4.0
4304,1399.0,39.0,1.0,81479.0,4.0
4305,1257.0,32.0,0.9571717072847865,82503.0,4.0
4306,1286.0,13.0,0.9732392028833624,84042.0,4.0
4307,1260.0,32.0,0.9664743578945492,82506.0,4.0
4308,1657.0,0.0,0.9513311208080325,84560.0,4.0
4309,1298.0,47.0,0.9667181535969602,84562.0,4.0
4310,1321.0,30.0,0.9542738844568852,84564.0,4.0
4311,1653.0,0.0,1.0,84566.0,4.0
4312,1705.0,57.0,0.9657090765491103,85591.0,4.0
4313,1616.0,37.0,0.9600095569397691,82008.0,4.0
4314,1618.0,36.0,0.9500281246699226,82010.0,4.0
4315,1660.0,4.0,1.0,81500.0,4.0
4316,1239.0,32.0,1.0,81501.0,4.0
4317,1334.0,46.0,0.9627651285341178,83549.0,4.0
4318,1351.0,27.0,0.9811032653894346,84577.0,4.0
4319,1402.0,22.0,0.9708455208206765,83554.0,4.0
4320,1400.0,51.0,0.9688107004424616,84579.0,4.0
4321,1276.0,42.0,0.9528731533630668,84070.0,4.0
4322,1694.0,2.0,0.9592996194610268,84074.0,4.0
4323,1262.0,43.0,1.0,84588.0,4.0
4324,1593.0,3.0,0.9859160792225822,83566.0,4.0
4325,1594.0,19.0,0.9726058469226706,83570.0,4.0
4326,1323.0,6.0,0.9629798262336565,82549.0,4.0
4327,1347.0,51.0,0.9737167408763778,81526.0,4.0
4328,1698.0,1.0,0.96681472986666,83578.0,4.0
4329,1384.0,52.0,0.9611311842119283,82554.0,4.0
4330,1385.0,52.0,0.9637910965945793,82555.0,4.0
4331,1334.0,56.0,0.967396654823814,84094.0,4.0
4332,1390.0,41.0,0.9507848887907258,84608.0,4.0
4333,1308.0,12.0,0.9774710617200912,85121.0,4.0
4334,1508.0,54.0,0.9734413688049895,82563.0,4.0
4335,1264.0,47.0,0.9784510724370376,82564.0,4.0
4336,1690.0,2.0,0.9815401474871528,84101.0,4.0
4337,1251.0,10.0,0.958587495025373,84612.0,4.0
4338,1323.0,8.0,0.9685965634581499,84103.0,4.0
4339,1384.0,55.0,0.9709323820169309,85640.0,4.0
4340,1299.0,47.0,1.0,84613.0,4.0
4341,1446.0,23.0,0.980048499449157,84616.0,4.0
4342,1487.0,23.0,0.9802315236935406,85643.0,4.0
4343,1678.0,57.0,0.9790634277706207,84108.0,4.0
4344,1625.0,3.0,0.9754227566501051,84617.0,4.0
4345,1684.0,58.0,1.0,85126.0,4.0
4346,1272.0,10.0,1.0,85129.0,4.0
4347,1244.0,43.0,0.963320949958671,83084.0,4.0
4348,1334.0,55.0,0.9553166716591732,83088.0,4.0
4349,1583.0,38.0,0.980088174258377,84626.0,4.0
4350,1256.0,26.0,0.9617711307489464,82067.0,4.0
4351,1345.0,8.0,0.9591673051599044,85132.0,4.0
4352,1490.0,23.0,0.9617252618800184,85653.0,4.0
4353,1349.0,9.0,1.0,85138.0,4.0
4354,1373.0,52.0,0.9674570232875918,82072.0,4.0
4355,1304.0,24.0,1.0,83104.0,4.0
4356,1648.0,36.0,1.0,83105.0,4.0
4357,1638.0,3.0,0.9832071630051382,85152.0,4.0
4358,1591.0,18.0,0.965089427202562,81576.0,4.0
4359,1646.0,2.0,0.9736371976156101,81577.0,4.0
4360,1409.0,40.0,0.9757423283742561,84648.0,4.0
4361,1223.0,29.0,0.9731513406928809,82606.0,4.0
4362,1556.0,38.0,0.9687761364884345,83631.0,4.0
4363,1276.0,29.0,0.9664829262447673,85169.0,4.0
4364,1352.0,31.0,0.9615739339161538,83637.0,4.0
4365,1324.0,25.0,1.0,85686.0,4.0
4366,1471.0,54.0,0.9697363733082981,81598.0,4.0
4367,1254.0,42.0,0.9735210394575505,82623.0,4.0
4368,1299.0,7.0,0.975697324233825,83652.0,4.0
4369,1324.0,27.0,1.0,83141.0,4.0
4370,1660.0,58.0,0.9636391641832633,84678.0,4.0
4371,1325.0,25.0,0.9678161671980516,85703.0,4.0
4372,1659.0,58.0,0.9852403973818535,84679.0,4.0
4373,1326.0,25.0,1.0,85705.0,4.0
4374,1637.0,3.0,0.992648380806998,85190.0,4.0
4375,1350.0,30.0,0.9802711452244259,85707.0,4.0
4376,1346.0,31.0,0.9757180315012454,83661.0,4.0
4377,1356.0,8.0,0.9560050934131306,85714.0,4.0
4378,1365.0,55.0,0.973606859624255,85203.0,4.0
4379,1665.0,4.0,0.9845123362631943,81623.0,4.0
4380,1328.0,25.0,0.9756908163870384,85720.0,4.0
4381,1354.0,40.0,0.9731441928668773,81627.0,4.0
4382,1558.0,38.0,0.9577001962844494,83679.0,4.0
4383,1679.0,2.0,0.9802354184283463,83680.0,4.0
4384,1296.0,7.0,0.9516072229121121,83681.0,4.0
4385,1248.0,11.0,0.9790113976192341,83169.0,4.0
4386,1674.0,0.0,1.0,85216.0,4.0
4387,1414.0,40.0,0.9674702871461405,84708.0,4.0
4388,1339.0,30.0,0.9693387569466969,85219.0,4.0
4389,1382.0,40.0,0.9767773096489041,83688.0,4.0
4390,1326.0,13.0,0.974150582532508,85225.0,4.0
4391,1203.0,14.0,0.9787447920872111,83697.0,4.0
4392,1622.0,37.0,0.9817539150493101,82161.0,4.0
4393,1623.0,37.0,0.9661529610370315,82164.0,4.0
4394,1691.0,5.0,0.9757133662142732,83191.0,4.0
4395,1552.0,20.0,0.9704642849333763,84216.0,4.0
4396,1618.0,18.0,0.9711541514355786,82169.0,4.0
4397,1283.0,9.0,1.0,81658.0,4.0
4398,1329.0,41.0,0.9828018975534657,81659.0,4.0
4399,1307.0,13.0,1.0,84731.0,4.0
4400,1579.0,20.0,0.9694572465733048,85243.0,4.0
4401,1297.0,27.0,0.9748781840295127,81662.0,4.0
4402,1279.0,32.0,0.9585864314948213,83712.0,4.0
4403,1344.0,31.0,0.9801553547465329,83713.0,4.0
4404,1264.0,11.0,0.9787550712526449,84736.0,4.0
4405,1573.0,20.0,0.9794759030183762,85250.0,4.0
4406,1601.0,36.0,0.9755205476665713,81668.0,4.0
4407,1383.0,51.0,0.9591172425982265,83717.0,4.0
4408,1386.0,51.0,0.9630793848413385,83718.0,4.0
4409,1260.0,26.0,0.9777067228504471,82184.0,4.0
4410,1673.0,37.0,0.9746400302691083,84235.0,4.0
4411,1271.0,10.0,0.972008920550383,85259.0,4.0
4412,1417.0,53.0,0.9680819778815358,83213.0,4.0
4413,1263.0,7.0,0.954975663818551,82194.0,4.0
4414,1355.0,41.0,0.9789050921658532,83732.0,4.0
4415,1316.0,28.0,1.0,83228.0,4.0
4416,1338.0,55.0,1.0,83741.0,4.0
4417,1336.0,50.0,0.9573628163426329,85278.0,4.0
4418,1313.0,24.0,1.0,83745.0,4.0
4419,1586.0,38.0,0.9555566366567481,84769.0,4.0
4420,1315.0,24.0,0.9683193337138765,83747.0,4.0
4421,1362.0,6.0,0.9780990297690493,84262.0,4.0
4422,1421.0,39.0,0.9669433653781984,82219.0,4.0
4423,1707.0,5.0,0.9551451672240078,84270.0,4.0
4424,1298.0,24.0,1.0,82736.0,4.0
4425,1325.0,9.0,0.9552576681328524,83248.0,4.0
4426,1300.0,9.0,1.0,82226.0,4.0
4427,1400.0,52.0,0.9561529994701929,83763.0,4.0
4428,1301.0,24.0,0.9740333084697402,82739.0,4.0
4429,1352.0,56.0,0.957606910303935,84786.0,4.0
4430,1371.0,52.0,1.0,81718.0,4.0
4431,1257.0,42.0,1.0,82741.0,4.0
4432,1351.0,56.0,0.9598847936176037,84787.0,4.0
4433,1650.0,37.0,0.9526232888196579,83255.0,4.0
4434,1314.0,31.0,0.9792465036946942,82236.0,4.0
4435,1324.0,50.0,0.9681904386505222,84797.0,4.0
4436,1313.0,31.0,0.9888732196144003,82238.0,4.0
4437,1322.0,50.0,0.9725261991998092,84799.0,4.0
4438,1648.0,1.0,0.9581547216044994,81734.0,4.0
4439,1294.0,13.0,0.9728195403994438,84297.0,4.0
4440,1354.0,22.0,1.0,81738.0,4.0
4441,1420.0,21.0,0.9731642697956726,81747.0,4.0
4442,1670.0,2.0,0.9820303501068062,83283.0,4.0
4443,1277.0,43.0,0.967748420317848,85334.0,4.0
4444,1276.0,26.0,0.970157204548495,82775.0,4.0
4445,1329.0,8.0,1.0,84312.0,4.0
4446,1275.0,26.0,0.9723022388981437,82776.0,4.0
4447,1279.0,43.0,0.9609351603981626,85339.0,4.0
4448,1445.0,39.0,1.0,82780.0,4.0
4449,1325.0,8.0,0.9762615234658949,84319.0,4.0
4450,1173.0,14.0,0.9787856705107162,82277.0,4.0
4451,1703.0,57.0,1.0,85363.0,4.0
4452,1680.0,0.0,0.9628393350631768,85364.0,4.0
4453,1363.0,22.0,1.0,82293.0,4.0
4454,1683.0,1.0,1.0,82805.0,4.0
4455,1362.0,22.0,0.9746946755968829,82295.0,4.0
4456,1361.0,22.0,1.0,82296.0,4.0
4457,1574.0,19.0,0.9532958469315012,82297.0,4.0
4458,1294.0,47.0,0.9558727743154083,84345.0,4.0
4459,1479.0,23.0,0.9601845858723956,85368.0,4.0
4460,1327.0,46.0,1.0,83322.0,4.0
4461,1172.0,14.0,0.9504599468420709,82301.0,4.0
4462,1326.0,46.0,0.9659741359098992,83323.0,4.0
4463,1283.0,7.0,1.0,83325.0,4.0
4464,1396.0,40.0,0.951984887083731,84353.0,4.0
4465,1680.0,5.0,0.9732222802444462,82821.0,4.0
4466,1679.0,5.0,0.9613934098020975,82822.0,4.0
4467,1616.0,58.0,0.959177350868425,81799.0,4.0
4468,1711.0,4.0,0.9573397111441698,84360.0,4.0
4469,1475.0,54.0,0.9750203576937281,81801.0,4.0
4470,1487.0,54.0,0.9623365868576697,82313.0,4.0
4471,1641.0,36.0,0.9501464574462909,82824.0,4.0
4472,1627.0,4.0,0.9832880307168871,81285.0,4.0
4473,1688.0,58.0,0.9626336344327173,85384.0,4.0
4474,1308.0,46.0,0.9519823797302279,82319.0,4.0
4475,1303.0,56.0,0.9503496253944426,82832.0,4.0
4476,1662.0,57.0,0.9740714999163843,83343.0,4.0
4477,1364.0,22.0,0.9677907814212079,82322.0,4.0
4478,1633.0,4.0,0.9682210849440586,81298.0,4.0
4479,1330.0,13.0,0.9691938233773464,85394.0,4.0
4480,1310.0,12.0,0.9637508940908512,85396.0,4.0
4481,1281.0,10.0,1.0,85398.0,4.0
4482,1239.0,29.0,0.9747396708087553,83357.0,4.0
4483,1413.0,23.0,0.9697687098223882,82846.0,4.0
4484,1365.0,27.0,0.9637351058915568,85411.0,4.0
4485,1695.0,57.0,0.9571791604957952,84900.0,4.0
4486,1686.0,58.0,0.9611665223228395,85412.0,4.0
4487,1261.0,47.0,0.9743884503754638,82343.0,4.0
4488,1274.0,26.0,0.9737972054009757,82856.0,4.0
4489,1284.0,25.0,0.9559832689663993,84905.0,4.0
4490,1280.0,11.0,0.9598912859072846,85416.0,4.0
4491,1357.0,56.0,0.9593064731350139,84907.0,4.0
4492,1709.0,4.0,0.9553849674175887,82862.0,4.0
4493,1569.0,19.0,0.9696841471373199,81839.0,4.0
4494,1280.0,12.0,0.952281022016972,83889.0,4.0
4495,1283.0,12.0,0.9668700979060293,84402.0,4.0
4496,1160.0,14.0,1.0,81844.0,4.0
