,ms2_id,Sample_id,explained_Int(%),SummMS2Table_id,Slice_id
0,1361.0,25.0,0.9941315660218171,89529.0,4.0
1,1764.0,0.0,0.9837772835458447,89532.0,4.0
2,1413.0,50.0,0.9820611392852514,89540.0,4.0
3,1517.0,53.0,0.9903755258261706,89541.0,4.0
4,1295.0,14.0,0.9701860835340377,89542.0,4.0
5,1463.0,6.0,0.9834589354372867,89545.0,4.0
6,1436.0,27.0,0.9765093954369714,89547.0,4.0
7,1386.0,13.0,0.9631967526426671,89556.0,4.0
8,1388.0,13.0,0.9658493912842165,89558.0,4.0
9,1493.0,52.0,0.9613176700867961,89569.0,4.0
10,1759.0,0.0,0.9582076998600971,89580.0,4.0
11,1481.0,41.0,0.9772506575257148,89583.0,4.0
12,1427.0,24.0,0.9879093637895626,89600.0,4.0
13,1727.0,19.0,0.9565432742066081,89603.0,4.0
14,1422.0,46.0,0.9809749943351973,89605.0,4.0
15,1725.0,19.0,0.9812757501236975,89606.0,4.0
16,1361.0,42.0,0.9872164220443373,89608.0,4.0
17,1419.0,45.0,0.9535540377185997,89617.0,4.0
18,1575.0,21.0,0.9718367725616797,89621.0,4.0
19,1757.0,37.0,0.9819747043493353,89623.0,4.0
20,1511.0,22.0,0.9922149856730996,89626.0,4.0
21,1325.0,44.0,0.9859177802034851,89627.0,4.0
22,1350.0,29.0,0.9505318554731627,89630.0,4.0
23,1497.0,52.0,0.9763241878262642,89631.0,4.0
24,1456.0,48.0,0.9776538581080879,89633.0,4.0
25,1816.0,5.0,0.9773240323240183,89643.0,4.0
26,1467.0,6.0,0.9648771125543657,89646.0,4.0
27,1415.0,50.0,0.9667028549697934,89649.0,4.0
28,1414.0,50.0,0.9528822100973365,89651.0,4.0
29,1802.0,2.0,0.9782158078396579,89664.0,4.0
30,1369.0,25.0,0.9680080297371285,89667.0,4.0
31,1370.0,25.0,0.9622641180006085,89668.0,4.0
32,1367.0,12.0,0.9575286545412129,89680.0,4.0
33,1773.0,58.0,0.9716994737938446,89686.0,4.0
34,1431.0,31.0,0.9600398858096217,89696.0,4.0
35,1469.0,6.0,0.9672245325306458,89702.0,4.0
36,1808.0,2.0,0.997381205361118,89704.0,4.0
37,1336.0,11.0,0.9695312196305151,89720.0,4.0
38,1562.0,23.0,0.9645773998324217,89723.0,4.0
39,1455.0,55.0,0.9776797422491657,89732.0,4.0
40,1780.0,58.0,0.9743662486724605,89738.0,4.0
41,1420.0,45.0,0.9737619269776966,89740.0,4.0
42,1342.0,10.0,0.9586491416094058,89741.0,4.0
43,1418.0,50.0,0.9583250692660044,89743.0,4.0
44,1416.0,50.0,0.9688699687224891,89744.0,4.0
45,1350.0,34.0,0.9710044014563174,89753.0,4.0
46,1680.0,20.0,0.9826992674475118,89761.0,4.0
47,1732.0,19.0,0.9797952414816485,89774.0,4.0
48,1351.0,34.0,0.9688498191800864,89776.0,4.0
49,1733.0,19.0,0.9724837637455332,89777.0,4.0
50,1391.0,26.0,0.968417830928103,89780.0,4.0
51,1513.0,22.0,0.9833105490317419,89796.0,4.0
52,1458.0,48.0,0.9696596526626661,89799.0,4.0
53,1423.0,50.0,0.9688860176987142,89813.0,4.0
54,1520.0,53.0,0.9946488197524646,89814.0,4.0
55,1341.0,43.0,0.9922800580367643,89816.0,4.0
56,1564.0,23.0,0.9940706606703915,89817.0,4.0
57,1403.0,13.0,0.9785172152803208,89818.0,4.0
58,1401.0,13.0,0.959370219408826,89823.0,4.0
59,1425.0,15.0,0.9871897841370197,89831.0,4.0
60,1683.0,20.0,0.9588233596779636,89832.0,4.0
61,1759.0,37.0,0.9689866880376888,89837.0,4.0
62,1687.0,20.0,0.9643111632695983,89849.0,4.0
63,1387.0,25.0,0.9790327312762152,89853.0,4.0
64,1499.0,52.0,0.9934933238509933,89859.0,4.0
65,1426.0,8.0,0.9830295235758204,89875.0,4.0
66,1406.0,13.0,0.9900983135461209,89880.0,4.0
67,1408.0,13.0,0.9749760548896619,89887.0,4.0
68,1691.0,20.0,1.0,89893.0,4.0
69,1350.0,10.0,0.9737807178007543,89906.0,4.0
70,1349.0,10.0,0.9871998653556041,89907.0,4.0
71,1694.0,20.0,0.9813557864197319,89914.0,4.0
72,1412.0,13.0,0.9715079725961102,89919.0,4.0
73,1791.0,58.0,0.9933341022922381,89920.0,4.0
74,1371.0,56.0,0.9944317759986009,86149.0,4.0
75,1101.0,59.0,0.9921752740644466,86150.0,4.0
76,1327.0,7.0,0.9714470430452069,86151.0,4.0
77,1103.0,59.0,0.952274302771378,86153.0,4.0
78,1356.0,46.0,0.9728347811757464,86154.0,4.0
79,1102.0,59.0,0.9716553240814679,86155.0,4.0
80,1389.0,55.0,0.9734365076961172,86156.0,4.0
81,1106.0,59.0,0.9866119107695372,86157.0,4.0
82,1336.0,25.0,0.9936067419804036,86159.0,4.0
83,1104.0,59.0,0.9594505039176495,86161.0,4.0
84,1727.0,4.0,0.9901041376788624,86162.0,4.0
85,1728.0,4.0,0.9917020648798691,86163.0,4.0
86,1309.0,42.0,0.9720063416445395,86164.0,4.0
87,1372.0,56.0,0.9726285765254729,86167.0,4.0
88,1493.0,39.0,0.9824448357898629,86168.0,4.0
89,1109.0,59.0,0.9687972214289645,86170.0,4.0
90,1117.0,59.0,0.9671011440276316,86173.0,4.0
91,1116.0,59.0,0.9721313144622586,86179.0,4.0
92,1747.0,5.0,0.9812626825845931,86181.0,4.0
93,1322.0,12.0,0.9703198415282143,86184.0,4.0
94,1112.0,59.0,0.9953185397221286,86185.0,4.0
95,1259.0,35.0,0.9666440791560288,86186.0,4.0
96,1288.0,43.0,0.9918631759791044,86187.0,4.0
97,1114.0,59.0,0.9736027892271961,86189.0,4.0
98,1748.0,5.0,0.9901818405500478,86191.0,4.0
99,1310.0,42.0,0.9741053137156224,86192.0,4.0
100,1123.0,59.0,0.9907973791280309,86194.0,4.0
101,1124.0,59.0,0.9772148890248039,86195.0,4.0
102,1680.0,36.0,0.9704007820980624,86197.0,4.0
103,1625.0,38.0,0.9578503473026437,86198.0,4.0
104,1323.0,12.0,0.9656909608123234,86200.0,4.0
105,1260.0,35.0,0.9883003418452521,86201.0,4.0
106,1442.0,40.0,0.9845923720817736,86202.0,4.0
107,1325.0,32.0,0.9553513644570002,86203.0,4.0
108,1749.0,5.0,0.9576073149284117,86204.0,4.0
109,1121.0,59.0,0.9674331427204022,86205.0,4.0
110,1269.0,44.0,0.9638265825901052,86207.0,4.0
111,1364.0,49.0,0.9589257966126649,86208.0,4.0
112,1126.0,59.0,0.9856035499120389,86209.0,4.0
113,1356.0,28.0,0.9559017039183445,86211.0,4.0
114,1326.0,17.0,0.9763327288718382,86212.0,4.0
115,1731.0,4.0,0.9541064045967852,86213.0,4.0
116,1288.0,11.0,0.9691869127741908,86217.0,4.0
117,1327.0,17.0,1.0,86218.0,4.0
118,1125.0,59.0,1.0,86220.0,4.0
119,1661.0,18.0,0.9651948365132976,86222.0,4.0
120,1563.0,54.0,0.9642466532897251,86224.0,4.0
121,1357.0,28.0,0.9636690190689006,86225.0,4.0
122,1312.0,42.0,0.9846503737041638,86232.0,4.0
123,1750.0,5.0,0.9798547641448485,86235.0,4.0
124,1311.0,42.0,0.972792318905262,86236.0,4.0
125,1130.0,59.0,0.9534547448768707,86237.0,4.0
126,1666.0,19.0,0.9878494050837756,86239.0,4.0
127,1681.0,36.0,0.9728494918074416,86241.0,4.0
128,1739.0,2.0,0.9502880745762418,86244.0,4.0
129,1361.0,30.0,0.9656297685747887,86245.0,4.0
130,1363.0,8.0,0.9921763718162492,86247.0,4.0
131,1313.0,42.0,0.9619981215007931,86249.0,4.0
132,1443.0,40.0,0.9916508052482267,86251.0,4.0
133,1373.0,56.0,0.9812085687720574,86252.0,4.0
134,1361.0,46.0,0.9594537013873858,86253.0,4.0
135,1662.0,18.0,0.9856303576641603,86257.0,4.0
136,1667.0,18.0,0.9804544513792386,86258.0,4.0
137,1310.0,47.0,0.9853768788139158,86260.0,4.0
138,1135.0,59.0,0.9711491747781472,86265.0,4.0
139,1133.0,59.0,0.9568042773006522,86266.0,4.0
140,1134.0,59.0,0.9663939460910171,86268.0,4.0
141,1408.0,51.0,0.9689293639534183,86269.0,4.0
142,1362.0,9.0,0.9714208439401011,86271.0,4.0
143,1359.0,46.0,0.9574338206554005,86272.0,4.0
144,1627.0,20.0,0.9743376760017022,86273.0,4.0
145,1328.0,17.0,0.9791287408396805,86274.0,4.0
146,1328.0,7.0,0.9507271150222675,86275.0,4.0
147,1733.0,4.0,0.9754598392836352,86280.0,4.0
148,1442.0,22.0,0.9835340583804658,86282.0,4.0
149,1262.0,35.0,0.9542510952300644,86283.0,4.0
150,1233.0,14.0,0.9730658224240739,86284.0,4.0
151,1232.0,14.0,0.9623134921459505,86285.0,4.0
152,1736.0,1.0,0.9674852755411592,86288.0,4.0
153,1738.0,4.0,0.9928823206839111,86292.0,4.0
154,1663.0,18.0,0.9780956363880815,86294.0,4.0
155,1363.0,9.0,0.9535878010291042,86297.0,4.0
156,1339.0,16.0,0.9716069633834561,86299.0,4.0
157,1136.0,59.0,0.9957287912176495,86301.0,4.0
158,1289.0,43.0,0.9511633264253195,86305.0,4.0
159,1366.0,49.0,0.9775279741081067,86306.0,4.0
160,1673.0,18.0,0.9940105440651364,86311.0,4.0
161,1740.0,4.0,0.985499643197789,86312.0,4.0
162,1272.0,44.0,0.9663490695049362,86314.0,4.0
163,1236.0,14.0,0.9663156066839838,86321.0,4.0
164,1311.0,47.0,0.9740209080243033,86327.0,4.0
165,1289.0,11.0,0.9665010950887872,86328.0,4.0
166,1235.0,14.0,0.9783169676737039,86331.0,4.0
167,1667.0,19.0,0.9539108970134071,86332.0,4.0
168,1495.0,39.0,0.9592992556962326,86333.0,4.0
169,1685.0,36.0,0.9578957015054865,86336.0,4.0
170,1365.0,24.0,0.9520877429899794,86341.0,4.0
171,1365.0,46.0,0.972739641612293,86342.0,4.0
172,1264.0,35.0,0.9869869830751647,86346.0,4.0
173,1363.0,46.0,0.9702875678988392,86347.0,4.0
174,1364.0,46.0,0.997057334059599,86348.0,4.0
175,1314.0,42.0,0.9897343474050739,86349.0,4.0
176,1708.0,0.0,0.9771911497870426,86355.0,4.0
177,1265.0,35.0,0.9652469273721771,86359.0,4.0
178,1266.0,35.0,0.97148956990324,86360.0,4.0
179,1237.0,14.0,1.0,86366.0,4.0
180,1626.0,38.0,0.9919107852635111,86371.0,4.0
181,1340.0,16.0,0.9805689021688133,86378.0,4.0
182,1324.0,12.0,0.9782403493147338,86380.0,4.0
183,1341.0,16.0,0.973499813826417,86381.0,4.0
184,1326.0,32.0,0.9697837810355655,86382.0,4.0
185,1374.0,56.0,0.9662112992367808,86385.0,4.0
186,1330.0,7.0,0.9656900892030682,86386.0,4.0
187,1627.0,38.0,0.9648223537665779,86387.0,4.0
188,1295.0,29.0,0.9828146172711918,86395.0,4.0
189,1140.0,59.0,0.9910388151748327,86398.0,4.0
190,1333.0,7.0,0.9785314975028777,86401.0,4.0
191,1740.0,2.0,0.9619722719680928,86403.0,4.0
192,1392.0,55.0,0.9583914685804382,86409.0,4.0
193,1751.0,5.0,0.9594083469150363,86410.0,4.0
194,1390.0,55.0,0.9604778416136698,86411.0,4.0
195,1391.0,55.0,0.986520153256826,86412.0,4.0
196,1565.0,54.0,0.996564309975961,86414.0,4.0
197,1681.0,18.0,0.9812325189114762,86417.0,4.0
198,1749.0,4.0,0.9657262261785087,86422.0,4.0
199,1454.0,53.0,0.9691696122471449,86424.0,4.0
200,1455.0,53.0,0.9881165471826577,86425.0,4.0
201,1331.0,7.0,0.9565127796080263,86428.0,4.0
202,1332.0,7.0,0.9768034308189938,86429.0,4.0
203,1751.0,4.0,0.9726725457687159,86433.0,4.0
204,1752.0,4.0,0.9693871736045987,86434.0,4.0
205,1739.0,1.0,0.9932880974110923,86437.0,4.0
206,1365.0,9.0,0.9563947214313222,86438.0,4.0
207,1312.0,47.0,0.973464020934607,86439.0,4.0
208,1313.0,47.0,0.9669697625423221,86440.0,4.0
209,1444.0,40.0,0.9757235285135012,86441.0,4.0
210,1445.0,40.0,1.0,86442.0,4.0
211,1680.0,18.0,0.9688657496430322,86448.0,4.0
212,1364.0,8.0,0.9890048295371082,86449.0,4.0
213,1365.0,8.0,0.988014580968405,86451.0,4.0
214,1317.0,42.0,0.971311169142401,86459.0,4.0
215,1319.0,42.0,0.9822906898279822,86461.0,4.0
216,1318.0,42.0,0.9639456773727234,86462.0,4.0
217,1370.0,46.0,0.9660490904864606,86469.0,4.0
218,1366.0,8.0,0.9611542276992356,86475.0,4.0
219,1451.0,40.0,0.9932238166022914,86478.0,4.0
220,1449.0,40.0,0.9904510829732522,86480.0,4.0
221,1448.0,40.0,0.9932837459423959,86481.0,4.0
222,1447.0,40.0,0.9950772483670959,86482.0,4.0
223,1335.0,7.0,0.9679130840917876,86483.0,4.0
224,1409.0,48.0,0.9544921548854999,86484.0,4.0
225,1290.0,11.0,0.95317807385391,86485.0,4.0
226,1314.0,47.0,0.9743793825070913,86486.0,4.0
227,1337.0,7.0,0.9583634369754671,86487.0,4.0
228,1336.0,7.0,0.9730372668961688,86488.0,4.0
229,1764.0,4.0,0.9703393325943003,86492.0,4.0
230,1763.0,4.0,0.9893690417881484,86494.0,4.0
231,1278.0,44.0,1.0,86496.0,4.0
232,1768.0,4.0,0.9773643111667089,86497.0,4.0
233,1498.0,39.0,0.9525818474241886,86502.0,4.0
234,1408.0,48.0,0.9532078284483448,86503.0,4.0
235,1457.0,53.0,0.9817511389895154,86507.0,4.0
236,1456.0,53.0,0.9797015225623448,86508.0,4.0
237,1749.0,1.0,0.9502961881362038,86509.0,4.0
238,1371.0,9.0,0.9575201972650086,86510.0,4.0
239,1753.0,5.0,0.9886279721654013,86513.0,4.0
240,1231.0,33.0,0.9703816422544419,86514.0,4.0
241,1414.0,51.0,0.996417177334123,86519.0,4.0
242,1692.0,36.0,0.9681339360636341,86528.0,4.0
243,1691.0,36.0,0.9655429830794792,86529.0,4.0
244,1326.0,12.0,0.9977886352272516,86533.0,4.0
245,1142.0,59.0,0.9621830725043018,86534.0,4.0
246,1756.0,5.0,0.9649502846438084,86535.0,4.0
247,1755.0,5.0,0.9729942546203961,86536.0,4.0
248,1376.0,56.0,0.9686449694784803,86538.0,4.0
249,1375.0,56.0,0.9550413640857127,86539.0,4.0
250,1232.0,33.0,0.9507834951941977,86541.0,4.0
251,1362.0,50.0,0.9597468055727247,86543.0,4.0
252,1291.0,43.0,0.9648413936629536,86546.0,4.0
253,1727.0,57.0,0.9657328968952138,86549.0,4.0
254,1629.0,38.0,0.9812746464398853,86550.0,4.0
255,1628.0,38.0,0.9753895106237513,86551.0,4.0
256,1368.0,9.0,0.9752033275586033,86552.0,4.0
257,1366.0,9.0,0.9794890365561223,86554.0,4.0
258,1414.0,6.0,0.9650436808697964,86557.0,4.0
259,1362.0,45.0,0.963692845483906,86558.0,4.0
260,1698.0,36.0,0.980802616022869,86561.0,4.0
261,1375.0,49.0,0.9919868896136684,86562.0,4.0
262,1374.0,49.0,0.965837780529041,86563.0,4.0
263,1372.0,49.0,1.0,86565.0,4.0
264,1370.0,49.0,0.963068690980023,86567.0,4.0
265,1364.0,45.0,0.9754443153235901,86569.0,4.0
266,1415.0,6.0,0.9822818750089618,86572.0,4.0
267,1376.0,49.0,0.9573587692681702,86575.0,4.0
268,1325.0,12.0,0.96929984248376,86577.0,4.0
269,1388.0,15.0,0.9601184491108588,86578.0,4.0
270,1628.0,20.0,0.9909127555911958,86582.0,4.0
271,1743.0,1.0,0.9687839112701272,86593.0,4.0
272,1510.0,21.0,0.9593667196441044,86600.0,4.0
273,1572.0,54.0,0.9625399305868328,86611.0,4.0
274,1573.0,54.0,0.9882308008158045,86612.0,4.0
275,1574.0,54.0,0.9639726386604359,86613.0,4.0
276,1321.0,42.0,0.9621985282774709,86614.0,4.0
277,1322.0,42.0,0.9694748830274943,86615.0,4.0
278,1381.0,56.0,0.9789597834974293,86619.0,4.0
279,1378.0,56.0,0.970703094987125,86621.0,4.0
280,1377.0,56.0,0.9613273328522026,86625.0,4.0
281,1671.0,19.0,0.9738035341589978,86626.0,4.0
282,1240.0,14.0,0.9703482707069024,86630.0,4.0
283,1422.0,51.0,1.0,86632.0,4.0
284,1423.0,51.0,0.9947739822027516,86633.0,4.0
285,1424.0,51.0,0.9740372093505062,86634.0,4.0
286,1418.0,51.0,0.9586912167492873,86635.0,4.0
287,1421.0,51.0,0.9875509263976837,86638.0,4.0
288,1281.0,44.0,0.977733036077532,86643.0,4.0
289,1422.0,41.0,1.0,86645.0,4.0
290,1338.0,7.0,0.9690923403642849,86651.0,4.0
291,1339.0,7.0,0.9934754916929356,86656.0,4.0
292,1461.0,53.0,0.9693212030431756,86660.0,4.0
293,1464.0,53.0,0.9665324204412674,86667.0,4.0
294,1701.0,36.0,0.9922382142141025,86668.0,4.0
295,1703.0,36.0,0.9969403567607412,86670.0,4.0
296,1329.0,32.0,0.9673097319508055,86679.0,4.0
297,1367.0,24.0,0.9764478732732489,86683.0,4.0
298,1368.0,24.0,0.9509907607699908,86686.0,4.0
299,1700.0,36.0,0.9504152558817501,86687.0,4.0
300,1283.0,44.0,0.9647953085617522,86688.0,4.0
301,1284.0,44.0,0.970339042858052,86689.0,4.0
302,1318.0,47.0,0.972502460720907,86690.0,4.0
303,1285.0,44.0,0.9838959163216375,86691.0,4.0
304,1771.0,4.0,0.9883865653225284,86694.0,4.0
305,1772.0,4.0,0.9831304608476199,86695.0,4.0
306,1664.0,3.0,0.986110039101049,86697.0,4.0
307,1752.0,1.0,0.9595742640303546,86698.0,4.0
308,1665.0,3.0,0.9894107483808413,86699.0,4.0
309,1753.0,1.0,0.9773956055380232,86703.0,4.0
310,1420.0,41.0,0.9724630640491634,86705.0,4.0
311,1373.0,9.0,0.9707496356113771,86709.0,4.0
312,1774.0,4.0,1.0,86717.0,4.0
313,1775.0,4.0,0.9706916122877067,86718.0,4.0
314,1776.0,4.0,0.9906653250655219,86719.0,4.0
315,1273.0,35.0,0.9640919413581134,86721.0,4.0
316,1760.0,5.0,0.9771938415790009,86723.0,4.0
317,1502.0,39.0,0.9612156160501566,86725.0,4.0
318,1270.0,35.0,0.9900413088099047,86728.0,4.0
319,1271.0,35.0,0.9753290512770585,86729.0,4.0
320,1235.0,33.0,0.987234327863113,86730.0,4.0
321,1394.0,55.0,0.9813684574956644,86731.0,4.0
322,1395.0,55.0,0.9621911925073233,86732.0,4.0
323,1237.0,33.0,0.9528540713732251,86734.0,4.0
324,1758.0,5.0,0.9663706434828515,86736.0,4.0
325,1512.0,21.0,0.9685320164003507,86738.0,4.0
326,1345.0,16.0,1.0,86739.0,4.0
327,1365.0,28.0,0.9918577196342496,86742.0,4.0
328,1378.0,49.0,0.9966894692936066,86745.0,4.0
329,1381.0,49.0,0.9678791071620902,86746.0,4.0
330,1379.0,49.0,0.9748185605438234,86748.0,4.0
331,1328.0,12.0,0.9744246126572453,86752.0,4.0
332,1293.0,43.0,0.9594453405879517,86754.0,4.0
333,1729.0,57.0,0.9946942558979383,86755.0,4.0
334,1301.0,34.0,0.9796858219228697,86757.0,4.0
335,1298.0,29.0,0.9869221356776053,86758.0,4.0
336,1382.0,49.0,1.0,86762.0,4.0
337,1294.0,43.0,0.9672409708636294,86763.0,4.0
338,1296.0,43.0,0.9756239007809581,86765.0,4.0
339,1440.0,52.0,0.9927151708646943,86769.0,4.0
340,1391.0,15.0,0.9588524289070196,86777.0,4.0
341,1376.0,31.0,0.9764590108423138,86779.0,4.0
342,1377.0,31.0,0.9566105022175478,86780.0,4.0
343,1378.0,31.0,0.9780211957023883,86781.0,4.0
344,1374.0,27.0,0.9690546919144534,86782.0,4.0
345,1511.0,21.0,0.9626364116698027,86785.0,4.0
346,1368.0,45.0,0.9579801853702795,86786.0,4.0
347,1693.0,18.0,0.9845943790897154,86787.0,4.0
348,1694.0,18.0,0.9626079877800027,86792.0,4.0
349,1700.0,18.0,0.9916201016491013,86799.0,4.0
350,1580.0,54.0,0.9607065225862255,86802.0,4.0
351,1393.0,15.0,0.9592245531698538,86806.0,4.0
352,1731.0,57.0,0.9828484716767553,86807.0,4.0
353,1732.0,57.0,0.9831524520820035,86809.0,4.0
354,1448.0,52.0,0.9713058124119904,86817.0,4.0
355,1388.0,49.0,0.9717861881891101,86819.0,4.0
356,1379.0,31.0,0.9829026284899147,86821.0,4.0
357,1503.0,39.0,0.991001475772064,86824.0,4.0
358,1504.0,39.0,0.9951257524252947,86826.0,4.0
359,1761.0,1.0,0.9738211434250703,86827.0,4.0
360,1762.0,1.0,0.9790014134194638,86829.0,4.0
361,1319.0,47.0,0.9584963924789297,86832.0,4.0
362,1384.0,31.0,0.9746356007287056,86838.0,4.0
363,1443.0,52.0,0.9567568398152837,86842.0,4.0
364,1297.0,43.0,0.9915239004931765,86847.0,4.0
365,1298.0,43.0,0.9690326745325686,86848.0,4.0
366,1582.0,54.0,0.9904374272675828,86849.0,4.0
367,1299.0,29.0,0.9893828192394124,86850.0,4.0
368,1300.0,29.0,0.9686443789816735,86851.0,4.0
369,1302.0,29.0,1.0,86853.0,4.0
370,1444.0,52.0,0.9797816442829577,86855.0,4.0
371,1759.0,1.0,0.9715405627364568,86859.0,4.0
372,1629.0,20.0,0.9935542992390839,86863.0,4.0
373,1342.0,17.0,0.9774713972247804,86868.0,4.0
374,1387.0,46.0,0.9766335533747322,86869.0,4.0
375,1303.0,34.0,0.9877842830673599,86876.0,4.0
376,1424.0,41.0,0.9836164051177173,86877.0,4.0
377,1292.0,11.0,0.9721398485644028,86878.0,4.0
378,1384.0,49.0,0.968075554467181,86882.0,4.0
379,1383.0,31.0,0.9878042042393049,86883.0,4.0
380,1509.0,39.0,0.9614829158381135,86884.0,4.0
381,1329.0,12.0,0.9501700961611379,86886.0,4.0
382,1301.0,43.0,0.9793357600308942,86892.0,4.0
383,1764.0,5.0,0.9754032941182222,86893.0,4.0
384,1385.0,46.0,0.977416304178444,86895.0,4.0
385,1386.0,46.0,0.9720437162456772,86896.0,4.0
386,1242.0,14.0,0.9628522676128043,86897.0,4.0
387,1383.0,56.0,0.9670366329399168,86899.0,4.0
388,1429.0,51.0,0.9539784558890335,86900.0,4.0
389,1244.0,14.0,1.0,86904.0,4.0
390,1246.0,14.0,0.9636679614936736,86906.0,4.0
391,1368.0,28.0,0.9770385550824072,86911.0,4.0
392,1418.0,6.0,0.9824709336320381,86918.0,4.0
393,1346.0,7.0,0.964502485355334,86925.0,4.0
394,1366.0,28.0,0.9592508257017212,86929.0,4.0
395,1367.0,28.0,0.9667467778208794,86930.0,4.0
396,1780.0,4.0,0.963931151575799,86933.0,4.0
397,1781.0,4.0,0.9557747550922504,86934.0,4.0
398,1398.0,55.0,0.9845420683768337,86940.0,4.0
399,1455.0,40.0,0.9888959760155516,86942.0,4.0
400,1673.0,19.0,0.9573892950343003,86943.0,4.0
401,1674.0,19.0,0.9966914190130773,86944.0,4.0
402,1410.0,48.0,0.9861890844015734,86946.0,4.0
403,1633.0,38.0,0.9599317261172244,86950.0,4.0
404,1396.0,55.0,0.9727930827848735,86957.0,4.0
405,1397.0,55.0,0.9743986022428192,86958.0,4.0
406,1399.0,55.0,0.9532311815080126,86959.0,4.0
407,1400.0,55.0,0.9641223892452133,86960.0,4.0
408,1455.0,22.0,0.9864798262493537,86966.0,4.0
409,1349.0,7.0,0.994851529584246,86968.0,4.0
410,1350.0,7.0,0.9564870674670533,86969.0,4.0
411,1411.0,48.0,0.9882066974971491,86970.0,4.0
412,1456.0,40.0,0.9515854995614956,86971.0,4.0
413,1666.0,3.0,0.990124481476597,86978.0,4.0
414,1502.0,23.0,0.9750315613287859,86979.0,4.0
415,1457.0,40.0,0.9905887158500468,86981.0,4.0
416,1341.0,7.0,0.9605142565013173,86984.0,4.0
417,1713.0,36.0,0.9818367823591366,86992.0,4.0
418,1714.0,36.0,0.9915273259113768,86993.0,4.0
419,1520.0,21.0,0.9661407652164185,86994.0,4.0
420,1289.0,44.0,0.9516350258806949,86996.0,4.0
421,1290.0,44.0,0.9644452199158692,86997.0,4.0
422,1715.0,36.0,0.9677474418881967,86998.0,4.0
423,1454.0,40.0,0.9723477033443296,86999.0,4.0
424,1465.0,53.0,0.9713274284834618,87000.0,4.0
425,1468.0,53.0,0.9721437948735014,87003.0,4.0
426,1716.0,36.0,0.9912138027328625,87005.0,4.0
427,1388.0,9.0,0.960694500488687,87008.0,4.0
428,1389.0,9.0,0.9693784590120655,87009.0,4.0
429,1333.0,32.0,0.9638763266249639,87011.0,4.0
430,1710.0,36.0,0.9796440888814866,87014.0,4.0
431,1632.0,38.0,0.9622153599844362,87018.0,4.0
432,1695.0,18.0,0.9760151696511888,87022.0,4.0
433,1696.0,18.0,0.974641718226552,87023.0,4.0
434,1370.0,45.0,0.9655224398517983,87028.0,4.0
435,1369.0,8.0,1.0,87029.0,4.0
436,1335.0,26.0,0.9709252597284626,87032.0,4.0
437,1378.0,27.0,0.9567130295530702,87034.0,4.0
438,1720.0,58.0,0.9702871452826615,87035.0,4.0
439,1369.0,45.0,0.9683246637976676,87036.0,4.0
440,1294.0,44.0,0.9645587149398613,87043.0,4.0
441,1308.0,34.0,0.9642701264700659,87044.0,4.0
442,1309.0,34.0,0.9964988421546932,87045.0,4.0
443,1304.0,34.0,0.9637524014339843,87047.0,4.0
444,1332.0,12.0,0.9558525974464313,87053.0,4.0
445,1250.0,14.0,0.9817194310525186,87056.0,4.0
446,1251.0,14.0,0.9642840218901622,87057.0,4.0
447,1370.0,28.0,0.978304253975603,87059.0,4.0
448,1745.0,2.0,0.9648087652583808,87060.0,4.0
449,1246.0,33.0,0.9868010868450698,87061.0,4.0
450,1306.0,34.0,0.969926633554955,87064.0,4.0
451,1307.0,34.0,0.9538493734163397,87065.0,4.0
452,1295.0,11.0,0.9599539517015401,87066.0,4.0
453,1299.0,11.0,0.9691081099297858,87070.0,4.0
454,1305.0,29.0,0.9696289464967816,87073.0,4.0
455,1307.0,43.0,0.983283546792177,87076.0,4.0
456,1331.0,12.0,0.9606069763653391,87079.0,4.0
457,1309.0,43.0,0.9753095245205142,87082.0,4.0
458,1258.0,33.0,0.9646093898817117,87087.0,4.0
459,1457.0,22.0,0.9603292712140563,87091.0,4.0
460,1714.0,37.0,0.9565215843039807,87092.0,4.0
461,1715.0,37.0,1.0,87093.0,4.0
462,1415.0,48.0,0.9723392075090734,87094.0,4.0
463,1585.0,54.0,0.9881383483282419,87097.0,4.0
464,1419.0,6.0,0.9954751774723957,87098.0,4.0
465,1248.0,33.0,0.9667192524493133,87099.0,4.0
466,1334.0,12.0,0.9856295287841571,87102.0,4.0
467,1434.0,51.0,0.9536318474125688,87105.0,4.0
468,1339.0,32.0,0.974111098748898,87109.0,4.0
469,1341.0,32.0,0.9918815443191653,87111.0,4.0
470,1634.0,38.0,0.971357804685985,87112.0,4.0
471,1637.0,38.0,0.9704268262930665,87113.0,4.0
472,1638.0,38.0,0.9682418723613705,87114.0,4.0
473,1362.0,30.0,0.961869523137264,87115.0,4.0
474,1326.0,42.0,0.9884902596831963,87117.0,4.0
475,1327.0,42.0,0.952531272582431,87118.0,4.0
476,1381.0,27.0,0.9601274946158805,87120.0,4.0
477,1587.0,54.0,0.9727583697383019,87121.0,4.0
478,1384.0,27.0,0.9661956979034181,87123.0,4.0
479,1723.0,58.0,0.9602885914538329,87126.0,4.0
480,1397.0,15.0,0.9779590995121953,87131.0,4.0
481,1766.0,1.0,0.9508708074930361,87134.0,4.0
482,1376.0,45.0,0.9652396751445105,87137.0,4.0
483,1375.0,45.0,0.9748281116909823,87138.0,4.0
484,1382.0,27.0,0.9692695950406461,87142.0,4.0
485,1767.0,1.0,0.9727007644114515,87144.0,4.0
486,1350.0,13.0,0.9736408902733028,87147.0,4.0
487,1351.0,13.0,0.9751090890670397,87148.0,4.0
488,1348.0,17.0,0.9651611037907698,87149.0,4.0
489,1517.0,39.0,0.9737763149178377,87161.0,4.0
490,1428.0,41.0,0.9518958903199198,87163.0,4.0
491,1767.0,5.0,0.9902409915138718,87164.0,4.0
492,1391.0,46.0,0.967269518286827,87165.0,4.0
493,1392.0,46.0,0.9728823233749228,87166.0,4.0
494,1393.0,46.0,0.9606919015742428,87167.0,4.0
495,1394.0,46.0,0.9623595383603015,87168.0,4.0
496,1295.0,44.0,0.9591633095664319,87169.0,4.0
497,1296.0,44.0,0.9923489046463351,87170.0,4.0
498,1321.0,47.0,0.9627920483639408,87171.0,4.0
499,1304.0,43.0,0.9676399256508463,87173.0,4.0
500,1305.0,43.0,0.9680412512645418,87174.0,4.0
501,1391.0,49.0,0.9782758185256479,87175.0,4.0
502,1392.0,49.0,0.9644316276789374,87176.0,4.0
503,1322.0,47.0,0.9621492350346398,87181.0,4.0
504,1771.0,1.0,0.955262492596095,87184.0,4.0
505,1773.0,1.0,0.9575611068085926,87186.0,4.0
506,1775.0,1.0,0.9511382132089042,87188.0,4.0
507,1392.0,9.0,0.9536516528471759,87189.0,4.0
508,1300.0,44.0,1.0,87191.0,4.0
509,1353.0,7.0,0.9924082593592465,87195.0,4.0
510,1461.0,22.0,0.9672505946455648,87196.0,4.0
511,1633.0,20.0,0.992728634504366,87199.0,4.0
512,1462.0,40.0,0.9712330253323613,87203.0,4.0
513,1463.0,40.0,0.9858085759185907,87204.0,4.0
514,1335.0,32.0,0.9661681907198488,87206.0,4.0
515,1375.0,24.0,0.9509521677575028,87208.0,4.0
516,1372.0,24.0,0.9649158338478472,87209.0,4.0
517,1387.0,56.0,0.9737504484008842,87210.0,4.0
518,1378.0,24.0,0.9975211885220918,87212.0,4.0
519,1373.0,24.0,0.9612057347717801,87215.0,4.0
520,1720.0,36.0,0.9593715310398594,87217.0,4.0
521,1630.0,20.0,0.9930346493844052,87218.0,4.0
522,1393.0,49.0,0.971176824149413,87219.0,4.0
523,1394.0,49.0,0.95035140293464,87220.0,4.0
524,1709.0,0.0,0.9931699631371176,87222.0,4.0
525,1721.0,36.0,0.9756126802768602,87223.0,4.0
526,1722.0,36.0,1.0,87224.0,4.0
527,1337.0,26.0,0.9622952557987672,87226.0,4.0
528,1590.0,54.0,0.9749276275414739,87231.0,4.0
529,1372.0,8.0,0.9769945855267549,87233.0,4.0
530,1373.0,8.0,0.9602293491073267,87234.0,4.0
531,1380.0,27.0,0.9655254182673396,87239.0,4.0
532,1703.0,18.0,0.9748135836229741,87241.0,4.0
533,1704.0,18.0,0.9849101798157366,87242.0,4.0
534,1470.0,53.0,0.9804298316634892,87248.0,4.0
535,1472.0,53.0,0.980351182181967,87250.0,4.0
536,1371.0,28.0,0.9780727913848711,87256.0,4.0
537,1718.0,36.0,0.9851739294429845,87258.0,4.0
538,1337.0,32.0,0.9814511372454501,87260.0,4.0
539,1791.0,4.0,0.9789773713108345,87262.0,4.0
540,1668.0,3.0,0.9631946536980462,87264.0,4.0
541,1256.0,33.0,0.9796134922309921,87268.0,4.0
542,1254.0,33.0,0.969359034276154,87271.0,4.0
543,1391.0,31.0,0.982650927539746,87274.0,4.0
544,1712.0,37.0,0.9933814675952893,87278.0,4.0
545,1439.0,51.0,0.9924668354604881,87284.0,4.0
546,1440.0,51.0,0.994304670859589,87285.0,4.0
547,1286.0,35.0,0.9832324080654344,87291.0,4.0
548,1287.0,35.0,0.9904670224367763,87292.0,4.0
549,1252.0,33.0,0.9597655285901533,87296.0,4.0
550,1253.0,33.0,0.9787489633279106,87297.0,4.0
551,1711.0,0.0,0.9661967365671953,87299.0,4.0
552,1712.0,0.0,0.96578910992773,87300.0,4.0
553,1631.0,20.0,0.9753538926738979,87301.0,4.0
554,1632.0,20.0,0.9663842274903057,87302.0,4.0
555,1505.0,23.0,0.963612505275773,87304.0,4.0
556,1710.0,0.0,0.9901136350567927,87308.0,4.0
557,1528.0,21.0,0.9825544926565076,87309.0,4.0
558,1413.0,48.0,0.9764039803870217,87319.0,4.0
559,1414.0,48.0,0.964111141761709,87320.0,4.0
560,1531.0,21.0,0.9892471723538518,87327.0,4.0
561,1260.0,33.0,0.9523283318140497,87339.0,4.0
562,1477.0,53.0,0.9594079079111235,87340.0,4.0
563,1727.0,58.0,0.9697485060414067,87341.0,4.0
564,1728.0,58.0,0.9822156561171276,87342.0,4.0
565,1729.0,58.0,0.9746350215512057,87343.0,4.0
566,1405.0,55.0,0.9609076188918777,87345.0,4.0
567,1406.0,55.0,0.9865142921780516,87346.0,4.0
568,1382.0,24.0,0.9649533616049792,87349.0,4.0
569,1342.0,26.0,1.0,87353.0,4.0
570,1343.0,26.0,0.9692903661947864,87354.0,4.0
571,1394.0,9.0,0.9845300800718305,87357.0,4.0
572,1728.0,36.0,1.0,87359.0,4.0
573,1730.0,36.0,0.9739272988709752,87361.0,4.0
574,1408.0,55.0,0.9700784770257148,87368.0,4.0
575,1476.0,53.0,0.9656071999547416,87371.0,4.0
576,1344.0,32.0,0.9728446715300614,87376.0,4.0
577,1716.0,37.0,0.9711202098066133,87384.0,4.0
578,1377.0,28.0,0.9686168711786253,87387.0,4.0
579,1726.0,58.0,0.9681019210393678,87390.0,4.0
580,1338.0,25.0,0.9817274042130456,87392.0,4.0
581,1676.0,3.0,0.9506796331301298,87394.0,4.0
582,1739.0,57.0,0.9682516959145899,87395.0,4.0
583,1741.0,57.0,0.9541323255511512,87397.0,4.0
584,1674.0,3.0,0.9815496210688125,87401.0,4.0
585,1311.0,34.0,0.9742736641159192,87408.0,4.0
586,1293.0,35.0,0.9782166379665735,87410.0,4.0
587,1373.0,28.0,0.9565528101028606,87411.0,4.0
588,1429.0,41.0,0.9619949454250944,87417.0,4.0
589,1430.0,41.0,0.9803972442758528,87418.0,4.0
590,1431.0,41.0,0.978801099482913,87419.0,4.0
591,1459.0,52.0,0.966086389525894,87420.0,4.0
592,1532.0,21.0,0.9754407633636898,87421.0,4.0
593,1382.0,45.0,0.964321362065494,87422.0,4.0
594,1301.0,10.0,0.993313478853459,87424.0,4.0
595,1506.0,23.0,0.978164983552624,87426.0,4.0
596,1715.0,0.0,0.9890338657013181,87428.0,4.0
597,1716.0,0.0,0.9805920543389535,87429.0,4.0
598,1460.0,52.0,0.9718186529227228,87431.0,4.0
599,1523.0,39.0,0.9744842619435635,87432.0,4.0
600,1399.0,49.0,0.9599152417195864,87433.0,4.0
601,1678.0,3.0,0.981411417098199,87441.0,4.0
602,1384.0,45.0,0.9843637055457902,87443.0,4.0
603,1369.0,30.0,0.9660475542448205,87450.0,4.0
604,1642.0,38.0,0.9674348159807403,87452.0,4.0
605,1345.0,32.0,0.9783772132988001,87454.0,4.0
606,1346.0,32.0,0.9700145722015334,87455.0,4.0
607,1368.0,30.0,0.9622411663499791,87458.0,4.0
608,1352.0,17.0,0.9686586646324781,87460.0,4.0
609,1252.0,14.0,0.9750844265241685,87463.0,4.0
610,1534.0,21.0,0.9760460370893135,87470.0,4.0
611,1535.0,21.0,0.9748127733951976,87471.0,4.0
612,1337.0,25.0,0.9808405764550606,87476.0,4.0
613,1713.0,0.0,0.9652917767628291,87478.0,4.0
614,1538.0,21.0,0.9608574788247649,87479.0,4.0
615,1366.0,30.0,0.9760672369834468,87483.0,4.0
616,1524.0,39.0,0.9962395339346986,87485.0,4.0
617,1329.0,42.0,0.9559339963241413,87489.0,4.0
618,1601.0,54.0,0.9894828523882581,87490.0,4.0
619,1600.0,54.0,0.9642090591098311,87492.0,4.0
620,1310.0,43.0,0.9685938807448083,87493.0,4.0
621,1527.0,39.0,1.0,87496.0,4.0
622,1529.0,39.0,0.9931839164010422,87498.0,4.0
623,1531.0,39.0,1.0,87500.0,4.0
624,1788.0,1.0,0.9847213740026465,87504.0,4.0
625,1640.0,38.0,0.9960919939868083,87506.0,4.0
626,1308.0,29.0,0.9708124497688194,87511.0,4.0
627,1777.0,5.0,0.9786265125582017,87513.0,4.0
628,1592.0,54.0,0.9715196857906071,87529.0,4.0
629,1383.0,45.0,0.9737964343141177,87534.0,4.0
630,1522.0,39.0,0.9942827664422011,87539.0,4.0
631,1395.0,31.0,0.9633322598482853,87540.0,4.0
632,1402.0,49.0,0.9658548536464172,87541.0,4.0
633,1311.0,29.0,0.9559403699653999,87542.0,4.0
634,1526.0,39.0,0.9585987846025334,87544.0,4.0
635,1677.0,3.0,1.0,87546.0,4.0
636,1394.0,31.0,0.9624213785258412,87548.0,4.0
637,1253.0,14.0,0.9797104070733881,87551.0,4.0
638,1364.0,50.0,0.9724161889667137,87552.0,4.0
639,1771.0,5.0,0.9675134743539714,87556.0,4.0
640,1421.0,48.0,0.9553869664219463,87559.0,4.0
641,1425.0,48.0,0.960700092541195,87563.0,4.0
642,1335.0,12.0,0.9857121749395227,87574.0,4.0
643,1327.0,47.0,0.9732012445137513,87578.0,4.0
644,1718.0,37.0,0.9650743667058502,87583.0,4.0
645,1719.0,37.0,0.9850486774202923,87584.0,4.0
646,1301.0,11.0,0.9753105397728808,87585.0,4.0
647,1708.0,18.0,0.981879578520665,87587.0,4.0
648,1709.0,18.0,0.9583754339433627,87588.0,4.0
649,1710.0,18.0,0.9841945446383277,87589.0,4.0
650,1712.0,18.0,0.9760044988604725,87591.0,4.0
651,1724.0,58.0,0.9726186375878327,87592.0,4.0
652,1399.0,46.0,0.9538857679072006,87602.0,4.0
653,1307.0,29.0,0.9658275790785722,87603.0,4.0
654,1784.0,1.0,1.0,87604.0,4.0
655,1747.0,2.0,0.971736513660651,87605.0,4.0
656,1748.0,2.0,0.9692944684890658,87606.0,4.0
657,1786.0,1.0,0.974161559090685,87610.0,4.0
658,1400.0,46.0,0.9887873287153439,87612.0,4.0
659,1752.0,2.0,0.9536233825646572,87618.0,4.0
660,1753.0,2.0,0.978885463520061,87619.0,4.0
661,1536.0,21.0,0.980410640013355,87620.0,4.0
662,1386.0,27.0,0.9845623103989707,87621.0,4.0
663,1419.0,48.0,0.9929853033256661,87623.0,4.0
664,1388.0,27.0,0.9695980370184274,87637.0,4.0
665,1762.0,2.0,0.9860776078376674,87639.0,4.0
666,1732.0,58.0,0.95852066552505,87642.0,4.0
667,1756.0,2.0,0.9625336734456136,87644.0,4.0
668,1754.0,2.0,0.9656732510835682,87646.0,4.0
669,1389.0,27.0,1.0,87648.0,4.0
670,1687.0,19.0,0.9667972697486374,87651.0,4.0
671,1685.0,19.0,0.9944511590901536,87653.0,4.0
672,1383.0,8.0,0.9944033190252864,87660.0,4.0
673,1403.0,46.0,0.9844636464195107,87661.0,4.0
674,1683.0,19.0,0.970947942634774,87664.0,4.0
675,1410.0,46.0,0.9770684244005985,87666.0,4.0
676,1408.0,46.0,0.9765615615999669,87668.0,4.0
677,1730.0,37.0,0.9903626566095981,87673.0,4.0
678,1430.0,48.0,0.9883319176397589,87674.0,4.0
679,1429.0,48.0,0.963722776384606,87675.0,4.0
680,1311.0,11.0,0.9793823861190785,87680.0,4.0
681,1310.0,11.0,0.966774318364739,87681.0,4.0
682,1308.0,11.0,0.9735384762716872,87683.0,4.0
683,1765.0,2.0,0.9596562336118523,87685.0,4.0
684,1391.0,27.0,1.0,87688.0,4.0
685,1307.0,44.0,0.9721305701967798,87692.0,4.0
686,1794.0,4.0,0.9925094888535607,87695.0,4.0
687,1406.0,49.0,0.9701872364008359,87701.0,4.0
688,1382.0,8.0,0.9657071457775264,87704.0,4.0
689,1474.0,22.0,0.9751723503353528,87706.0,4.0
690,1399.0,56.0,0.9557654285328667,87712.0,4.0
691,1398.0,56.0,0.9766621239501919,87713.0,4.0
692,1688.0,19.0,1.0,87717.0,4.0
693,1729.0,37.0,0.9605675755640098,87724.0,4.0
694,1732.0,37.0,0.9623668870029338,87727.0,4.0
695,1717.0,18.0,0.9637437479186586,87729.0,4.0
696,1716.0,18.0,0.9757950508669669,87730.0,4.0
697,1465.0,52.0,0.9775538688245716,87732.0,4.0
698,1635.0,20.0,0.9831928002525584,87736.0,4.0
699,1316.0,29.0,0.9719768991885397,87741.0,4.0
700,1315.0,29.0,0.9815698531726723,87742.0,4.0
701,1681.0,3.0,0.9957255433934413,87747.0,4.0
702,1679.0,3.0,0.9627529901211255,87749.0,4.0
703,1313.0,29.0,0.9764118421754991,87750.0,4.0
704,1354.0,13.0,0.9675264386648049,87757.0,4.0
705,1448.0,51.0,0.9857129447373705,87759.0,4.0
706,1338.0,42.0,0.9964150019613168,87762.0,4.0
707,1337.0,42.0,0.9938078879559739,87769.0,4.0
708,1393.0,45.0,0.9803981276935845,87771.0,4.0
709,1610.0,54.0,0.9936054592667577,87776.0,4.0
710,1602.0,54.0,0.965949548808559,87782.0,4.0
711,1604.0,54.0,1.0,87792.0,4.0
712,1319.0,29.0,1.0,87793.0,4.0
713,1324.0,29.0,0.9623372524755085,87794.0,4.0
714,1313.0,43.0,0.9662353755011205,87796.0,4.0
715,1311.0,43.0,0.9709706073499501,87798.0,4.0
716,1309.0,44.0,0.9731261264890491,87799.0,4.0
717,1397.0,56.0,0.9800554930965242,87801.0,4.0
718,1511.0,23.0,0.9502488384414145,87803.0,4.0
719,1310.0,44.0,0.9726260070991797,87807.0,4.0
720,1436.0,41.0,0.9866892498195983,87809.0,4.0
721,1534.0,39.0,0.9920480727740061,87814.0,4.0
722,1540.0,39.0,0.9721076232167741,87815.0,4.0
723,1358.0,26.0,0.9725697133733573,87816.0,4.0
724,1791.0,1.0,0.9885740759259752,87819.0,4.0
725,1649.0,38.0,0.9789923957800812,87821.0,4.0
726,1613.0,54.0,0.9927839443838289,87822.0,4.0
727,1607.0,54.0,0.9877370747649511,87824.0,4.0
728,1605.0,54.0,0.9787335123912223,87826.0,4.0
729,1357.0,26.0,0.9555408682152011,87829.0,4.0
730,1403.0,31.0,0.9645179282640481,87835.0,4.0
731,1542.0,21.0,0.9702466555713585,87843.0,4.0
732,1541.0,21.0,0.9777819219005075,87844.0,4.0
733,1551.0,21.0,0.9943766227453104,87845.0,4.0
734,1550.0,21.0,0.9939685724698436,87846.0,4.0
735,1307.0,11.0,0.9705786999739775,87847.0,4.0
736,1543.0,21.0,0.9645748754126774,87853.0,4.0
737,1398.0,9.0,0.9888640487452813,87856.0,4.0
738,1397.0,9.0,0.9661248615475556,87857.0,4.0
739,1396.0,9.0,0.9622569722631661,87858.0,4.0
740,1720.0,0.0,0.9694959921910408,87859.0,4.0
741,1719.0,0.0,0.9749438993295686,87860.0,4.0
742,1718.0,0.0,0.9590000182547472,87861.0,4.0
743,1637.0,20.0,0.9916277108789274,87863.0,4.0
744,1387.0,24.0,0.9866573053241459,87864.0,4.0
745,1260.0,14.0,0.9679822911461894,87869.0,4.0
746,1760.0,2.0,0.9719336796770202,87870.0,4.0
747,1422.0,6.0,1.0,87874.0,4.0
748,1466.0,52.0,0.9719632052917215,87876.0,4.0
749,1340.0,12.0,0.9700178544998079,87880.0,4.0
750,1447.0,51.0,0.9932993803310404,87883.0,4.0
751,1372.0,30.0,0.9760668687585821,87893.0,4.0
752,1256.0,14.0,0.9650663395622691,87902.0,4.0
753,1373.0,50.0,0.9526997416541946,87904.0,4.0
754,1371.0,50.0,0.9888210979422063,87906.0,4.0
755,1370.0,50.0,0.9576838110761302,87907.0,4.0
756,1301.0,35.0,0.9533776668961534,87909.0,4.0
757,1302.0,10.0,0.966464291192502,87912.0,4.0
758,1634.0,20.0,0.9590073064611261,87913.0,4.0
759,1404.0,31.0,0.9527341052311926,87914.0,4.0
760,1382.0,28.0,0.9634566640136126,87926.0,4.0
761,1347.0,26.0,0.9710936500102297,87932.0,4.0
762,1346.0,26.0,0.9831535828748355,87933.0,4.0
763,1353.0,26.0,0.963158332514362,87936.0,4.0
764,1352.0,26.0,0.9609821068680617,87937.0,4.0
765,1722.0,37.0,0.9729645694894604,87940.0,4.0
766,1313.0,34.0,0.9773073253895813,87941.0,4.0
767,1333.0,47.0,0.9641999789428497,87946.0,4.0
768,1723.0,37.0,0.9813404766008336,87947.0,4.0
769,1340.0,25.0,0.9655723105187322,87948.0,4.0
770,1339.0,25.0,0.9895510983335069,87949.0,4.0
771,1379.0,28.0,0.9958502530907168,87952.0,4.0
772,1385.0,8.0,0.9887334594716565,87953.0,4.0
773,1335.0,47.0,0.9801316311608856,87955.0,4.0
774,1470.0,22.0,0.9688036788556386,87957.0,4.0
775,1264.0,33.0,0.9607346022298225,87961.0,4.0
776,1796.0,4.0,0.9824942230320232,87962.0,4.0
777,1380.0,28.0,0.9740352981855009,87964.0,4.0
778,1267.0,33.0,0.9614498217071238,87965.0,4.0
779,1469.0,40.0,0.9797916391887537,87971.0,4.0
780,1394.0,24.0,0.9769514025283149,87972.0,4.0
781,1393.0,24.0,0.952979801394397,87973.0,4.0
782,1364.0,7.0,0.9832617985896651,87975.0,4.0
783,1748.0,57.0,0.9700857529905286,87978.0,4.0
784,1745.0,57.0,0.9508860513056017,87979.0,4.0
785,1349.0,32.0,0.9736732693452232,87982.0,4.0
786,1467.0,40.0,0.9669254233118699,87983.0,4.0
787,1413.0,55.0,0.9617760783445932,87987.0,4.0
788,1410.0,55.0,0.9747173655152152,87990.0,4.0
789,1746.0,57.0,0.9597678267756814,87992.0,4.0
790,1468.0,40.0,0.9887622158734657,87994.0,4.0
791,1481.0,53.0,0.9947831432618846,87998.0,4.0
792,1357.0,16.0,0.966891419300145,88002.0,4.0
793,1355.0,16.0,0.9731540633593436,88004.0,4.0
794,1352.0,32.0,0.9795849667418914,88005.0,4.0
795,1356.0,26.0,1.0,88006.0,4.0
796,1648.0,38.0,0.9884557797984752,88009.0,4.0
797,1360.0,7.0,0.9578089267777659,88013.0,4.0
798,1338.0,47.0,0.9528962477581616,88020.0,4.0
799,1403.0,56.0,0.9720699588231606,88025.0,4.0
800,1405.0,56.0,0.9631492975150312,88027.0,4.0
801,1407.0,56.0,0.9595132839979879,88028.0,4.0
802,1692.0,19.0,0.9827287072832323,88030.0,4.0
803,1359.0,16.0,0.9606461817632683,88032.0,4.0
804,1360.0,16.0,0.9687905595290061,88033.0,4.0
805,1319.0,34.0,0.9607003329106111,88035.0,4.0
806,1267.0,14.0,0.9781221094186591,88037.0,4.0
807,1419.0,55.0,0.953916992314542,88040.0,4.0
808,1268.0,33.0,0.951231636604807,88043.0,4.0
809,1270.0,33.0,0.961515990632843,88045.0,4.0
810,1392.0,28.0,0.9790828298469584,88046.0,4.0
811,1271.0,33.0,0.9920027305942773,88051.0,4.0
812,1490.0,53.0,1.0,88053.0,4.0
813,1433.0,6.0,0.9938015957578408,88056.0,4.0
814,1434.0,6.0,0.9598811018051345,88057.0,4.0
815,1513.0,23.0,0.9681204651004051,88062.0,4.0
816,1342.0,25.0,0.9960525498472822,88064.0,4.0
817,1343.0,25.0,0.9803531136357126,88065.0,4.0
818,1341.0,47.0,0.9644609754186175,88070.0,4.0
819,1342.0,47.0,0.9902033855727195,88071.0,4.0
820,1734.0,58.0,0.9874268677679557,88075.0,4.0
821,1773.0,2.0,0.9775811176158186,88079.0,4.0
822,1365.0,26.0,1.0,88081.0,4.0
823,1357.0,32.0,0.9563210404723583,88087.0,4.0
824,1391.0,28.0,0.9652976782462739,88093.0,4.0
825,1390.0,28.0,0.9647147319233144,88094.0,4.0
826,1385.0,28.0,0.9869798150880782,88096.0,4.0
827,1737.0,37.0,0.9598091674887109,88098.0,4.0
828,1476.0,52.0,0.9701223284064477,88101.0,4.0
829,1343.0,12.0,0.9560726051147578,88103.0,4.0
830,1455.0,51.0,0.9536587899347554,88105.0,4.0
831,1402.0,9.0,0.9723172754233556,88107.0,4.0
832,1734.0,37.0,0.9535767331896726,88109.0,4.0
833,1736.0,37.0,0.9915787340179968,88111.0,4.0
834,1456.0,51.0,0.9945610589308711,88112.0,4.0
835,1389.0,8.0,0.9735610039313779,88113.0,4.0
836,1433.0,48.0,0.9878306503862953,88117.0,4.0
837,1796.0,1.0,0.9704272860939062,88119.0,4.0
838,1443.0,41.0,0.9830471472586333,88122.0,4.0
839,1435.0,48.0,0.9810890231059243,88124.0,4.0
840,1344.0,12.0,0.9784950648556799,88125.0,4.0
841,1793.0,5.0,0.9863349580845168,88127.0,4.0
842,1397.0,45.0,0.9746845543773363,88129.0,4.0
843,1689.0,3.0,0.9903450156860257,88138.0,4.0
844,1479.0,22.0,0.9670683706873482,88141.0,4.0
845,1481.0,22.0,0.9873290749831796,88142.0,4.0
846,1482.0,22.0,0.9624497336110598,88143.0,4.0
847,1403.0,15.0,0.9553393312889655,88145.0,4.0
848,1436.0,6.0,0.9627409924505189,88149.0,4.0
849,1478.0,22.0,0.9847032772599108,88150.0,4.0
850,1492.0,53.0,0.975717232552674,88153.0,4.0
851,1494.0,53.0,0.9973596846669538,88155.0,4.0
852,1400.0,9.0,0.9798566292324836,88163.0,4.0
853,1473.0,40.0,0.9782271302553798,88164.0,4.0
854,1686.0,3.0,0.9670429597750679,88168.0,4.0
855,1429.0,6.0,0.9872623157791133,88177.0,4.0
856,1684.0,3.0,0.9644879597507982,88180.0,4.0
857,1683.0,3.0,0.9538822305414022,88190.0,4.0
858,1688.0,3.0,0.9731402678443909,88191.0,4.0
859,1355.0,13.0,0.9804981376064904,88194.0,4.0
860,1655.0,38.0,0.9842545660607253,88196.0,4.0
861,1305.0,10.0,0.9952118885396594,88197.0,4.0
862,1357.0,13.0,0.9903058361019242,88198.0,4.0
863,1358.0,13.0,0.9748389015847341,88199.0,4.0
864,1396.0,24.0,0.9667276777831925,88203.0,4.0
865,1356.0,13.0,0.9713768433528498,88204.0,4.0
866,1360.0,32.0,0.978407587153414,88205.0,4.0
867,1303.0,10.0,0.9824990003203627,88214.0,4.0
868,1317.0,43.0,0.9597767155551667,88216.0,4.0
869,1791.0,5.0,0.9820519751160078,88224.0,4.0
870,1792.0,5.0,0.9646322090442266,88225.0,4.0
871,1361.0,32.0,0.9925916518343646,88226.0,4.0
872,1641.0,20.0,0.9691392093539486,88230.0,4.0
873,1378.0,30.0,0.9598521170088997,88234.0,4.0
874,1446.0,41.0,0.993655216112395,88238.0,4.0
875,1448.0,41.0,0.9850524449963961,88240.0,4.0
876,1414.0,49.0,0.96745728463038,88244.0,4.0
877,1405.0,31.0,0.9906289404129686,88246.0,4.0
878,1475.0,52.0,0.9846025806373225,88249.0,4.0
879,1387.0,8.0,0.9845999457463244,88254.0,4.0
880,1757.0,57.0,0.9732977457168586,88259.0,4.0
881,1642.0,20.0,0.9715664956955343,88262.0,4.0
882,1643.0,20.0,0.9718796816914611,88263.0,4.0
883,1345.0,12.0,0.9881598072990629,88266.0,4.0
884,1650.0,38.0,0.9639418415093537,88267.0,4.0
885,1394.0,27.0,0.9789188916035726,88269.0,4.0
886,1395.0,27.0,0.9674743704471567,88270.0,4.0
887,1397.0,24.0,0.9599494371290496,88273.0,4.0
888,1542.0,39.0,0.9949286280613725,88276.0,4.0
889,1414.0,46.0,0.9739182918275117,88283.0,4.0
890,1452.0,51.0,0.9676647687775513,88290.0,4.0
891,1387.0,28.0,0.9597546811916926,88300.0,4.0
892,1742.0,36.0,0.978894480569456,88303.0,4.0
893,1556.0,21.0,0.9771401568427318,88307.0,4.0
894,1558.0,21.0,0.9809021424215494,88309.0,4.0
895,1514.0,23.0,0.9740003202954698,88312.0,4.0
896,1315.0,11.0,0.9754625381622277,88321.0,4.0
897,1720.0,18.0,0.9759521349063752,88322.0,4.0
898,1403.0,27.0,0.9790109026913754,88325.0,4.0
899,1400.0,27.0,1.0,88328.0,4.0
900,1724.0,0.0,0.9849548368501498,88332.0,4.0
901,1417.0,46.0,0.966700228789827,88353.0,4.0
902,1347.0,12.0,0.9634521909601546,88358.0,4.0
903,1346.0,12.0,0.9861288852471722,88359.0,4.0
904,1644.0,20.0,0.9826415828154738,88360.0,4.0
905,1410.0,31.0,0.9520569398012118,88363.0,4.0
906,1304.0,35.0,0.9642871509986221,88365.0,4.0
907,1410.0,24.0,0.9696758607364173,88371.0,4.0
908,1409.0,24.0,0.9890090593733661,88372.0,4.0
909,1408.0,24.0,0.9925516531314401,88373.0,4.0
910,1658.0,38.0,0.9573289205020571,88376.0,4.0
911,1385.0,50.0,0.9519169636669884,88386.0,4.0
912,1660.0,38.0,0.9578087661571129,88391.0,4.0
913,1409.0,27.0,0.991396984729703,88394.0,4.0
914,1383.0,50.0,1.0,88395.0,4.0
915,1372.0,7.0,0.9802594529049374,88402.0,4.0
916,1562.0,21.0,0.9706163434891073,88408.0,4.0
917,1561.0,21.0,0.96939365108262,88409.0,4.0
918,1560.0,21.0,0.9900533839328312,88410.0,4.0
919,1414.0,27.0,0.9650396293936033,88411.0,4.0
920,1412.0,27.0,0.9943919943897978,88413.0,4.0
921,1368.0,32.0,0.9714073379473872,88417.0,4.0
922,1387.0,50.0,0.9600319973557877,88420.0,4.0
923,1384.0,50.0,0.9600313878396801,88422.0,4.0
924,1479.0,40.0,0.9796896208763416,88423.0,4.0
925,1330.0,29.0,0.956516144748088,88425.0,4.0
926,1745.0,36.0,0.9736526733251959,88430.0,4.0
927,1398.0,45.0,0.9670433239094337,88433.0,4.0
928,1551.0,39.0,0.9748022621568782,88437.0,4.0
929,1549.0,39.0,0.954073526043106,88439.0,4.0
930,1384.0,30.0,0.9881309469240926,88442.0,4.0
931,1381.0,30.0,0.9620559874959627,88443.0,4.0
932,1477.0,52.0,0.979551392808524,88444.0,4.0
933,1413.0,31.0,0.9966220967866902,88445.0,4.0
934,1697.0,3.0,0.9893488364646816,88446.0,4.0
935,1400.0,45.0,0.9702950442301383,88447.0,4.0
936,1383.0,30.0,0.9709219581602009,88453.0,4.0
937,1382.0,30.0,0.9829572168123258,88454.0,4.0
938,1415.0,31.0,0.9910474861413596,88458.0,4.0
939,1487.0,22.0,0.9826137807064147,88468.0,4.0
940,1722.0,18.0,0.9719637287392712,88470.0,4.0
941,1647.0,20.0,0.9659843158996059,88472.0,4.0
942,1775.0,2.0,0.9885753631778452,88475.0,4.0
943,1329.0,29.0,0.96701956539216,88480.0,4.0
944,1362.0,13.0,0.9618939782715273,88481.0,4.0
945,1334.0,29.0,0.9930913439891177,88483.0,4.0
946,1516.0,23.0,0.9689386651439829,88488.0,4.0
947,1328.0,29.0,0.9715268137886641,88491.0,4.0
948,1371.0,26.0,0.9704183569721326,88493.0,4.0
949,1273.0,14.0,0.9701825627109827,88497.0,4.0
950,1326.0,43.0,0.9728879129553516,88498.0,4.0
951,1743.0,37.0,0.9759989340942199,88499.0,4.0
952,1693.0,3.0,0.9559723737377201,88502.0,4.0
953,1768.0,57.0,0.9607381428282936,88503.0,4.0
954,1766.0,57.0,0.9785271220376852,88505.0,4.0
955,1763.0,57.0,0.9647720725931824,88506.0,4.0
956,1738.0,58.0,0.9776095076490853,88520.0,4.0
957,1401.0,8.0,0.9909310624504855,88522.0,4.0
958,1398.0,8.0,0.990840486363421,88525.0,4.0
959,1396.0,8.0,0.9860495438210753,88527.0,4.0
960,1407.0,15.0,0.9623475735351159,88529.0,4.0
961,1459.0,51.0,0.955668072973083,88536.0,4.0
962,1747.0,37.0,0.9814599227084063,88537.0,4.0
963,1399.0,45.0,0.9749364881302301,88542.0,4.0
964,1456.0,41.0,0.9681598978353196,88544.0,4.0
965,1454.0,41.0,0.9799144611883458,88546.0,4.0
966,1746.0,37.0,0.973301820501555,88548.0,4.0
967,1497.0,53.0,0.9846115952360093,88551.0,4.0
968,1496.0,53.0,0.9961451059882083,88552.0,4.0
969,1442.0,48.0,0.9665744757166803,88553.0,4.0
970,1390.0,8.0,0.994321086964183,88554.0,4.0
971,1416.0,56.0,0.9519272480255445,88555.0,4.0
972,1452.0,41.0,0.9896767625766932,88559.0,4.0
973,1309.0,10.0,0.9693575489211356,88564.0,4.0
974,1623.0,54.0,0.974135084355017,88570.0,4.0
975,1621.0,54.0,0.9833408192739166,88572.0,4.0
976,1489.0,22.0,0.9787961316753406,88576.0,4.0
977,1488.0,22.0,0.9574256815325002,88578.0,4.0
978,1522.0,23.0,0.9616973560890405,88580.0,4.0
979,1520.0,23.0,0.9764724709139402,88582.0,4.0
980,1370.0,26.0,0.9939251081235987,88583.0,4.0
981,1344.0,25.0,0.9688051619635158,88585.0,4.0
982,1318.0,44.0,0.9616881102077004,88586.0,4.0
983,1325.0,34.0,0.9664869459034319,88588.0,4.0
984,1421.0,55.0,0.9650427896249903,88593.0,4.0
985,1323.0,34.0,0.9732085382651693,88595.0,4.0
986,1370.0,32.0,0.9854217462151821,88597.0,4.0
987,1351.0,47.0,0.9753596453235815,88599.0,4.0
988,1349.0,47.0,0.9750618043544684,88601.0,4.0
989,1441.0,48.0,0.9585086899984939,88605.0,4.0
990,1322.0,34.0,0.9707817195321269,88606.0,4.0
991,1321.0,34.0,0.9600058716492557,88607.0,4.0
992,1441.0,6.0,0.970707184744612,88611.0,4.0
993,1346.0,25.0,0.9883565620376344,88612.0,4.0
994,1345.0,25.0,0.9832605526081634,88613.0,4.0
995,1424.0,55.0,0.9706876588693042,88614.0,4.0
996,1484.0,22.0,0.9781251125619564,88618.0,4.0
997,1439.0,6.0,0.9655419770036583,88629.0,4.0
998,1799.0,1.0,0.9623367976728707,88631.0,4.0
999,1437.0,6.0,0.9707079704774854,88635.0,4.0
1000,1305.0,35.0,0.9694277526219927,88639.0,4.0
1001,1518.0,23.0,0.9871094250264904,88642.0,4.0
1002,1519.0,23.0,0.991763976313104,88648.0,4.0
1003,1401.0,28.0,0.9562547596614756,88658.0,4.0
1004,1391.0,50.0,0.9880368444614133,88661.0,4.0
1005,1375.0,7.0,0.9722971519500988,88662.0,4.0
1006,1376.0,7.0,0.9584077784880493,88663.0,4.0
1007,1333.0,34.0,0.9664488275141067,88664.0,4.0
1008,1742.0,0.0,0.9500672941422742,88669.0,4.0
1009,1744.0,0.0,0.9563690494821376,88671.0,4.0
1010,1395.0,50.0,0.9898642105329376,88673.0,4.0
1011,1749.0,37.0,0.9722536158374024,88674.0,4.0
1012,1783.0,2.0,0.9526517167200383,88677.0,4.0
1013,1784.0,2.0,0.9748901211801243,88678.0,4.0
1014,1349.0,42.0,0.9562479393354504,88680.0,4.0
1015,1350.0,42.0,0.9857201692596639,88681.0,4.0
1016,1748.0,37.0,0.9631705322988487,88683.0,4.0
1017,1524.0,23.0,0.9858099771830177,88684.0,4.0
1018,1752.0,37.0,0.9803559798138438,88687.0,4.0
1019,1801.0,1.0,1.0,88688.0,4.0
1020,1320.0,11.0,0.9767258975728477,88689.0,4.0
1021,1338.0,29.0,0.9558468991168386,88695.0,4.0
1022,1374.0,32.0,0.952620859945169,88698.0,4.0
1023,1280.0,14.0,0.9745775615023528,88709.0,4.0
1024,1740.0,0.0,0.9714808937015286,88713.0,4.0
1025,1773.0,57.0,0.9770404503824589,88720.0,4.0
1026,1742.0,58.0,0.9666086173013388,88721.0,4.0
1027,1444.0,48.0,0.9926810759081597,88725.0,4.0
1028,1468.0,41.0,0.9735464820927875,88731.0,4.0
1029,1748.0,58.0,0.990861984461504,88734.0,4.0
1030,1749.0,58.0,0.9790545685340099,88735.0,4.0
1031,1750.0,58.0,0.9880786433027707,88736.0,4.0
1032,1778.0,2.0,0.9699496804094541,88737.0,4.0
1033,1746.0,0.0,0.9749786700659466,88747.0,4.0
1034,1447.0,6.0,0.9788986064341899,88749.0,4.0
1035,1448.0,6.0,0.9717624138210142,88750.0,4.0
1036,1407.0,9.0,0.9781237454259686,88751.0,4.0
1037,1463.0,51.0,0.9961032723320093,88753.0,4.0
1038,1461.0,51.0,0.9897572635022235,88761.0,4.0
1039,1462.0,51.0,0.9929973615391968,88762.0,4.0
1040,1668.0,38.0,0.9689605253186715,88769.0,4.0
1041,1442.0,6.0,0.9579810017044933,88776.0,4.0
1042,1444.0,6.0,0.9787754222370337,88778.0,4.0
1043,1374.0,26.0,0.9811362466705976,88781.0,4.0
1044,1375.0,26.0,0.9860242396589052,88782.0,4.0
1045,1458.0,41.0,0.9671441748718559,88799.0,4.0
1046,1421.0,56.0,0.9760873085644455,88807.0,4.0
1047,1424.0,56.0,1.0,88809.0,4.0
1048,1330.0,34.0,0.996018094267366,88811.0,4.0
1049,1406.0,9.0,0.9735898164496242,88813.0,4.0
1050,1313.0,10.0,0.9756946164002771,88817.0,4.0
1051,1355.0,47.0,0.9728227318932563,88819.0,4.0
1052,1356.0,47.0,0.9673438746371683,88820.0,4.0
1053,1322.0,11.0,0.9562950111680685,88826.0,4.0
1054,1419.0,46.0,0.9734047167412363,88829.0,4.0
1055,1314.0,10.0,0.983457416522983,88837.0,4.0
1056,1315.0,10.0,0.9943283544192074,88838.0,4.0
1057,1497.0,22.0,0.9812944327104406,88840.0,4.0
1058,1348.0,25.0,0.9827776980720356,88846.0,4.0
1059,1395.0,30.0,0.9827429869839464,88852.0,4.0
1060,1701.0,3.0,0.9775902245681364,88854.0,4.0
1061,1779.0,2.0,0.9587793121373885,88857.0,4.0
1062,1738.0,0.0,0.99174246435904,88858.0,4.0
1063,1393.0,30.0,1.0,88860.0,4.0
1064,1388.0,30.0,0.9668706183492396,88865.0,4.0
1065,1421.0,27.0,0.9511264558442737,88868.0,4.0
1066,1483.0,40.0,0.9861738967632846,88870.0,4.0
1067,1421.0,31.0,0.9885600083617198,88872.0,4.0
1068,1702.0,19.0,0.9817057563718241,88874.0,4.0
1069,1703.0,19.0,0.9910356658060134,88875.0,4.0
1070,1492.0,22.0,0.9831480327314721,88876.0,4.0
1071,1494.0,22.0,0.9575296305158834,88878.0,4.0
1072,1495.0,22.0,0.9878936174092277,88879.0,4.0
1073,1371.0,13.0,0.9796432379680553,88882.0,4.0
1074,1625.0,54.0,0.9678244245150249,88885.0,4.0
1075,1803.0,5.0,0.9903867621616266,88886.0,4.0
1076,1390.0,30.0,0.9534067293023825,88887.0,4.0
1077,1391.0,30.0,0.9952313009697528,88888.0,4.0
1078,1392.0,30.0,0.9564283979474495,88889.0,4.0
1079,1417.0,31.0,0.97197295606497,88890.0,4.0
1080,1429.0,55.0,0.9704679055416635,88891.0,4.0
1081,1411.0,15.0,0.9502271617325878,88893.0,4.0
1082,1405.0,8.0,0.9505895364942176,88894.0,4.0
1083,1772.0,57.0,0.9867117001484804,88900.0,4.0
1084,1431.0,55.0,0.9755785368054719,88902.0,4.0
1085,1307.0,35.0,0.986979423472258,88905.0,4.0
1086,1308.0,35.0,0.9782910854208171,88906.0,4.0
1087,1410.0,15.0,0.9734323256444559,88907.0,4.0
1088,1403.0,45.0,0.9923839392276737,88909.0,4.0
1089,1404.0,45.0,0.9863848966968847,88910.0,4.0
1090,1670.0,38.0,0.9744822058370811,88911.0,4.0
1091,1413.0,24.0,0.9683477897579388,88912.0,4.0
1092,1414.0,24.0,0.967077249692638,88913.0,4.0
1093,1775.0,57.0,0.9914100431913032,88916.0,4.0
1094,1777.0,57.0,0.9953327086997729,88918.0,4.0
1095,1671.0,38.0,0.9953415630499083,88922.0,4.0
1096,1410.0,8.0,0.9841733722466276,88925.0,4.0
1097,1349.0,12.0,0.9780013507636643,88928.0,4.0
1098,1350.0,12.0,0.9738986355527314,88929.0,4.0
1099,1530.0,23.0,0.9951755942101375,88935.0,4.0
1100,1370.0,13.0,0.9960437376525189,88943.0,4.0
1101,1322.0,44.0,0.9663097636035861,88949.0,4.0
1102,1484.0,52.0,0.9924532757522131,88954.0,4.0
1103,1800.0,5.0,0.9920674970687714,88956.0,4.0
1104,1802.0,5.0,0.9776682087250702,88958.0,4.0
1105,1310.0,35.0,0.952864946500309,88963.0,4.0
1106,1707.0,3.0,0.9633877806756315,88974.0,4.0
1107,1708.0,3.0,0.9851003523974253,88975.0,4.0
1108,1379.0,32.0,0.9686008886563149,88980.0,4.0
1109,1379.0,26.0,0.9887457165743373,88982.0,4.0
1110,1491.0,40.0,0.9792955828211518,88986.0,4.0
1111,1749.0,0.0,0.995180821378586,88990.0,4.0
1112,1487.0,40.0,0.9615519247744407,88997.0,4.0
1113,1413.0,8.0,1.0,88999.0,4.0
1114,1430.0,27.0,0.9652561890253739,89004.0,4.0
1115,1419.0,8.0,0.9881197979860293,89018.0,4.0
1116,1470.0,41.0,0.9781918409609973,89019.0,4.0
1117,1472.0,41.0,0.9704536697507778,89021.0,4.0
1118,1804.0,1.0,0.9637873641401415,89024.0,4.0
1119,1755.0,37.0,0.9749812266383324,89025.0,4.0
1120,1452.0,6.0,0.9891025156288952,89028.0,4.0
1121,1328.0,11.0,0.9621463405061232,89033.0,4.0
1122,1378.0,26.0,0.955148370163865,89042.0,4.0
1123,1782.0,57.0,0.9805825725466838,89046.0,4.0
1124,1783.0,57.0,0.9889126131855416,89047.0,4.0
1125,1474.0,41.0,0.9647377555088853,89050.0,4.0
1126,1330.0,43.0,0.9767317944146687,89053.0,4.0
1127,1381.0,26.0,0.9570486734806296,89057.0,4.0
1128,1402.0,50.0,0.9817825003992904,89059.0,4.0
1129,1409.0,28.0,1.0,89065.0,4.0
1130,1673.0,38.0,1.0,89067.0,4.0
1131,1342.0,29.0,0.9842031696491117,89070.0,4.0
1132,1400.0,50.0,0.9562376501341876,89078.0,4.0
1133,1284.0,14.0,0.9685791974964069,89084.0,4.0
1134,1488.0,52.0,0.9569771698844937,89093.0,4.0
1135,1489.0,52.0,0.9730425056541101,89094.0,4.0
1136,1420.0,24.0,0.9864652694285808,89105.0,4.0
1137,1421.0,24.0,0.9589173721510073,89106.0,4.0
1138,1485.0,52.0,0.9746633595587744,89109.0,4.0
1139,1486.0,52.0,1.0,89110.0,4.0
1140,1311.0,35.0,0.9886681673955297,89114.0,4.0
1141,1710.0,19.0,0.9859591664652873,89117.0,4.0
1142,1711.0,19.0,1.0,89118.0,4.0
1143,1652.0,20.0,0.9936952203697372,89121.0,4.0
1144,1655.0,20.0,0.969148029455915,89124.0,4.0
1145,1555.0,39.0,0.9855292224125386,89126.0,4.0
1146,1567.0,21.0,0.9763186827064912,89128.0,4.0
1147,1556.0,39.0,0.9543571260635652,89131.0,4.0
1148,1274.0,33.0,0.9599825299285439,89136.0,4.0
1149,1352.0,25.0,0.9571903800069613,89137.0,4.0
1150,1353.0,25.0,0.9833013368603929,89138.0,4.0
1151,1354.0,25.0,0.9911643513654573,89139.0,4.0
1152,1356.0,25.0,0.9511067144832994,89141.0,4.0
1153,1432.0,56.0,0.996713164866696,89145.0,4.0
1154,1533.0,23.0,0.9503851164171502,89153.0,4.0
1155,1373.0,13.0,1.0,89156.0,4.0
1156,1374.0,13.0,0.9940146979019115,89157.0,4.0
1157,1534.0,23.0,0.9723455406898507,89165.0,4.0
1158,1535.0,23.0,0.9732346564828702,89166.0,4.0
1159,1780.0,57.0,0.9961479365507431,89171.0,4.0
1160,1428.0,31.0,0.9930644314783647,89175.0,4.0
1161,1322.0,10.0,0.9832978400364841,89179.0,4.0
1162,1360.0,47.0,0.9757402562034898,89186.0,4.0
1163,1400.0,30.0,0.9510778701609547,89188.0,4.0
1164,1401.0,30.0,0.9802151944505041,89189.0,4.0
1165,1502.0,22.0,0.964217662721137,89196.0,4.0
1166,1751.0,58.0,0.9528359242939414,89199.0,4.0
1167,1410.0,45.0,0.9772100149161124,89202.0,4.0
1168,1511.0,53.0,0.9705498147128263,89203.0,4.0
1169,1512.0,53.0,1.0,89204.0,4.0
1170,1536.0,23.0,0.994865106893495,89210.0,4.0
1171,1705.0,3.0,0.9809216868439463,89213.0,4.0
1172,1411.0,45.0,0.979799131646387,89214.0,4.0
1173,1426.0,31.0,0.9624049864091765,89218.0,4.0
1174,1427.0,31.0,0.96593919079178,89219.0,4.0
1175,1381.0,32.0,0.9612764599507293,89223.0,4.0
1176,1413.0,45.0,0.9698696719616376,89227.0,4.0
1177,1515.0,53.0,0.9916101128508871,89241.0,4.0
1178,1359.0,25.0,0.9816270892914271,89242.0,4.0
1179,1468.0,51.0,0.9843866069643131,89246.0,4.0
1180,1469.0,51.0,0.9608796378740049,89247.0,4.0
1181,1340.0,34.0,0.996218517470654,89252.0,4.0
1182,1812.0,5.0,0.9870414409363071,89257.0,4.0
1183,1445.0,55.0,0.9783294599218384,89258.0,4.0
1184,1344.0,34.0,0.9648790085761129,89261.0,4.0
1185,1718.0,19.0,0.9808936760063655,89275.0,4.0
1186,1728.0,18.0,0.9629211450362566,89289.0,4.0
1187,1505.0,22.0,0.9756278048806719,89290.0,4.0
1188,1787.0,57.0,0.9913024137969798,89292.0,4.0
1189,1763.0,58.0,0.9957226459240863,89295.0,4.0
1190,1478.0,41.0,0.9869057435757493,89301.0,4.0
1191,1477.0,41.0,0.9808285675137371,89309.0,4.0
1192,1760.0,58.0,0.954471191733185,89310.0,4.0
1193,1359.0,17.0,0.9749159474447896,89316.0,4.0
1194,1759.0,58.0,0.9854415915052682,89317.0,4.0
1195,1421.0,8.0,0.9703016681683451,89319.0,4.0
1196,1331.0,11.0,1.0,89322.0,4.0
1197,1432.0,27.0,0.9773916985206329,89323.0,4.0
1198,1753.0,0.0,0.9862211806311467,89326.0,4.0
1199,1755.0,0.0,0.9856275567159271,89328.0,4.0
1200,1385.0,7.0,0.987300884616598,89329.0,4.0
1201,1434.0,56.0,0.9554679749109493,89330.0,4.0
1202,1541.0,23.0,0.9634350069080985,89333.0,4.0
1203,1542.0,23.0,0.9825699702826735,89334.0,4.0
1204,1459.0,6.0,0.9661327913313925,89344.0,4.0
1205,1406.0,50.0,0.9788979209087045,89359.0,4.0
1206,1409.0,50.0,0.97738045085642,89362.0,4.0
1207,1411.0,28.0,0.9793952469530335,89363.0,4.0
1208,1407.0,50.0,0.9630694524344712,89364.0,4.0
1209,1387.0,26.0,0.971598065489418,89368.0,4.0
1210,1313.0,35.0,0.9522685141036326,89369.0,4.0
1211,1429.0,31.0,0.9943543684290808,89379.0,4.0
1212,1719.0,3.0,0.9882803715457728,89382.0,4.0
1213,1490.0,52.0,0.9901280989594466,89385.0,4.0
1214,1491.0,52.0,0.9920751576677775,89387.0,4.0
1215,1795.0,2.0,0.965952274943181,89390.0,4.0
1216,1327.0,10.0,0.9632042341980371,89394.0,4.0
1217,1324.0,44.0,0.9729093794491684,89395.0,4.0
1218,1328.0,10.0,0.97892927486699,89396.0,4.0
1219,1330.0,10.0,0.9573134900754223,89398.0,4.0
1220,1331.0,10.0,0.990757314310828,89399.0,4.0
1221,1381.0,13.0,0.9811640491849614,89405.0,4.0
1222,1792.0,2.0,0.9801005282369999,89406.0,4.0
1223,1379.0,13.0,0.9695997693843226,89411.0,4.0
1224,1386.0,26.0,0.9602458383010891,89416.0,4.0
1225,1378.0,13.0,0.985042459804847,89421.0,4.0
1226,1365.0,47.0,0.9775057720686091,89427.0,4.0
1227,1287.0,14.0,0.9555493503230784,89428.0,4.0
1228,1405.0,30.0,0.954681227718536,89430.0,4.0
1229,1630.0,54.0,1.0,89432.0,4.0
1230,1407.0,30.0,0.9784703185258893,89435.0,4.0
1231,1495.0,52.0,0.9869138997977022,89441.0,4.0
1232,1347.0,34.0,0.9764722707760115,89442.0,4.0
1233,1494.0,52.0,0.9617553206550651,89443.0,4.0
1234,1719.0,19.0,1.0,89447.0,4.0
1235,1723.0,19.0,0.9588474632915618,89452.0,4.0
1236,1721.0,19.0,0.9604511104138802,89453.0,4.0
1237,1418.0,45.0,0.9751871022563913,89469.0,4.0
1238,1346.0,29.0,0.9725450937135359,89473.0,4.0
1239,1389.0,32.0,0.9581458294936142,89481.0,4.0
1240,1340.0,10.0,0.9772395840111734,89483.0,4.0
1241,1790.0,57.0,1.0,89489.0,4.0
1242,1414.0,30.0,0.9618786042239094,89491.0,4.0
1243,1553.0,23.0,0.9555789350379607,89493.0,4.0
1244,1554.0,23.0,0.9629217938709331,89496.0,4.0
1245,1470.0,51.0,0.9809183081477877,89506.0,4.0
1246,1413.0,30.0,0.9610775915428815,89508.0,4.0
1247,1561.0,39.0,0.9920632135090581,89512.0,4.0
1248,1769.0,58.0,0.9909328566407251,89517.0,4.0
1249,1417.0,8.0,0.965359249179511,89016.0,4.0
1250,1742.0,37.0,0.981317262568623,88510.0,4.0
1251,1461.0,6.0,0.9820472307352549,89535.0,4.0
1252,1479.0,53.0,0.983965555524299,88000.0,4.0
1253,1735.0,0.0,0.9933433246697566,88516.0,4.0
1254,1435.0,27.0,0.9737327287698386,89543.0,4.0
1255,1684.0,18.0,0.9744769731231933,86473.0,4.0
1256,1462.0,6.0,0.984806987632308,89546.0,4.0
1257,1343.0,7.0,0.9658793807526885,86986.0,4.0
1258,1645.0,38.0,0.9759977567477359,88012.0,4.0
1259,1361.0,28.0,0.9757964992094152,86476.0,4.0
1260,1360.0,28.0,0.9819846513792492,86477.0,4.0
1261,1397.0,8.0,0.9929705674683296,88526.0,4.0
1262,1344.0,7.0,0.9786805607774118,86987.0,4.0
1263,1786.0,2.0,0.9682699985696049,89043.0,4.0
1264,1303.0,44.0,0.9647654453040154,87508.0,4.0
1265,1732.0,0.0,0.9866784909360721,88533.0,4.0
1266,1361.0,26.0,0.9647019090787688,88023.0,4.0
1267,1766.0,4.0,0.9652956287954455,86490.0,4.0
1268,1537.0,21.0,0.9921275264512135,87518.0,4.0
1269,1434.0,41.0,0.9753409216657714,87527.0,4.0
1270,1717.0,36.0,0.976156638951334,87015.0,4.0
1271,1403.0,50.0,0.9771761429062107,89063.0,4.0
1272,1347.0,7.0,0.9618266978885214,87019.0,4.0
1273,1595.0,54.0,0.9948777078598879,87532.0,4.0
1274,1756.0,58.0,0.9801271433087615,89072.0,4.0
1275,1797.0,2.0,0.9927659106376878,89586.0,4.0
1276,1764.0,57.0,0.988064343928257,88568.0,4.0
1277,1377.0,27.0,0.9743227540712373,87033.0,4.0
1278,1417.0,24.0,0.9727968814930502,89081.0,4.0
1279,1558.0,23.0,0.9702446017181993,89595.0,4.0
1280,1622.0,54.0,0.9757359665653716,88571.0,4.0
1281,1747.0,1.0,0.985591845457905,86524.0,4.0
1282,1620.0,54.0,0.9806733068415803,88573.0,4.0
1283,1328.0,32.0,0.9793597843177995,86530.0,4.0
1284,1378.0,8.0,0.982083624400257,87558.0,4.0
1285,1735.0,58.0,0.9807933066209448,88076.0,4.0
1286,1422.0,55.0,0.9853768232605696,88592.0,4.0
1287,1669.0,20.0,0.9785342539294106,89619.0,4.0
1288,1789.0,1.0,0.9945104547292098,87573.0,4.0
1289,1356.0,32.0,0.964975918461894,88086.0,4.0
1290,1496.0,52.0,0.9850561622852124,89629.0,4.0
1291,1654.0,20.0,0.9704542814269841,89123.0,4.0
1292,1471.0,51.0,0.9648019224922438,89636.0,4.0
1293,1566.0,21.0,0.9966156010874114,89127.0,4.0
1294,1783.0,1.0,0.9613283142952799,87595.0,4.0
1295,1391.0,56.0,0.9595645312277528,87596.0,4.0
1296,1507.0,23.0,0.9616605293230879,87597.0,4.0
1297,1483.0,22.0,0.9710625253537852,88619.0,4.0
1298,1752.0,58.0,0.9866275381787639,89132.0,4.0
1299,1423.0,55.0,0.9689991317343972,88625.0,4.0
1300,1333.0,26.0,0.9593427992826209,86579.0,4.0
1301,1430.0,56.0,0.96738605956394,89143.0,4.0
1302,1442.0,51.0,0.9843205184630874,87609.0,4.0
1303,1699.0,36.0,0.9521457212030043,86586.0,4.0
1304,1698.0,19.0,0.9867405154762876,88634.0,4.0
1305,1464.0,6.0,0.9585544769068428,89660.0,4.0
1306,1673.0,20.0,0.9715965030746303,89661.0,4.0
1307,1731.0,0.0,0.9589123489932417,88636.0,4.0
1308,1333.0,12.0,0.9813285634539399,87101.0,4.0
1309,1426.0,55.0,0.9808300358387657,88640.0,4.0
1310,1341.0,42.0,0.9825454538378265,88131.0,4.0
1311,1426.0,41.0,0.9939459376801106,87107.0,4.0
1312,1383.0,32.0,0.9933121776118984,89155.0,4.0
1313,1499.0,22.0,0.9783362140638029,89162.0,4.0
1314,1723.0,18.0,0.974289890921612,88653.0,4.0
1315,1518.0,53.0,0.9700686547380306,89681.0,4.0
1316,1805.0,2.0,0.9920188148770527,89682.0,4.0
1317,1416.0,55.0,0.992157182091245,88158.0,4.0
1318,1501.0,23.0,0.9786110574593881,86623.0,4.0
1319,1794.0,1.0,0.9912047251149855,88161.0,4.0
1320,1359.0,47.0,0.9661341516334719,89185.0,4.0
1321,1782.0,2.0,0.9781199610543327,88676.0,4.0
1322,1468.0,6.0,0.9774798130049756,89703.0,4.0
1323,1785.0,2.0,0.9669251955687113,88679.0,4.0
1324,1403.0,30.0,0.9677722239447676,89191.0,4.0
1325,1417.0,50.0,0.9625902698069962,89706.0,4.0
1326,1408.0,56.0,0.9800967188593787,88172.0,4.0
1327,1411.0,46.0,0.9627718526194853,87665.0,4.0
1328,1327.0,29.0,0.9589283474612208,88181.0,4.0
1329,1376.0,46.0,0.9774899918823229,86648.0,4.0
1330,1377.0,46.0,0.9632860787011781,86649.0,4.0
1331,1373.0,32.0,0.9771087074937777,88697.0,4.0
1332,1616.0,54.0,0.9887510001154814,88187.0,4.0
1333,1769.0,5.0,0.9919379033260498,87160.0,4.0
1334,1706.0,3.0,0.9753967648750553,89212.0,4.0
1335,1806.0,5.0,0.9722214921395458,89216.0,4.0
1336,1457.0,55.0,0.9923294112044871,89730.0,4.0
1337,1278.0,14.0,0.9651371098321637,88707.0,4.0
1338,1380.0,32.0,0.9608741540365224,89220.0,4.0
1339,1316.0,47.0,0.9855165466924186,86662.0,4.0
1340,1415.0,45.0,0.9760316950177226,89229.0,4.0
1341,1633.0,54.0,0.9942955891878222,89230.0,4.0
1342,1713.0,18.0,0.9698739420728998,87696.0,4.0
1343,1631.0,38.0,0.9528604390570693,86673.0,4.0
1344,1758.0,37.0,0.973226215153419,89746.0,4.0
1345,1364.0,24.0,0.9633027405076654,86166.0,4.0
1346,1466.0,41.0,0.973214111345717,88729.0,4.0
1347,1407.0,48.0,0.9708303324028341,86171.0,4.0
1348,1496.0,22.0,0.9935584579345965,88732.0,4.0
1349,1466.0,51.0,0.971514442078141,89244.0,4.0
1350,1111.0,59.0,0.9816620489295829,86178.0,4.0
1351,1360.0,25.0,0.979770222508835,89251.0,4.0
1352,1678.0,20.0,0.9914029073486105,89764.0,4.0
1353,1110.0,59.0,0.9915877697583866,86180.0,4.0
1354,1401.0,56.0,0.9583015937503787,87719.0,4.0
1355,1377.0,24.0,0.9874769358374745,87211.0,4.0
1356,1751.0,1.0,0.9617199599311317,86701.0,4.0
1357,1380.0,24.0,0.9919338362886237,87214.0,4.0
1358,1731.0,37.0,0.9926376318083089,87728.0,4.0
1359,1439.0,41.0,0.9856072233703812,87734.0,4.0
1360,1734.0,19.0,0.9766336176256257,89784.0,4.0
1361,1474.0,52.0,0.9946989895713384,88248.0,4.0
1362,1470.0,6.0,0.993986757094191,89786.0,4.0
1363,1558.0,39.0,0.9745566290232313,89272.0,4.0
1364,1419.0,31.0,0.9604343252887667,88767.0,4.0
1365,1756.0,57.0,0.9968468010244006,88258.0,4.0
1366,1379.0,27.0,0.9635269561455568,87238.0,4.0
1367,1716.0,19.0,0.9905915630003522,89286.0,4.0
1368,1395.0,56.0,0.9930291297131827,87753.0,4.0
1369,1782.0,5.0,0.9765159451833434,87754.0,4.0
1370,1353.0,13.0,0.975774034647305,87758.0,4.0
1371,1671.0,3.0,0.9839770056377908,87247.0,4.0
1372,1509.0,40.0,0.9838369008028128,89808.0,4.0
1373,1569.0,21.0,0.992180252722823,89296.0,4.0
1374,1127.0,59.0,0.9804115361641318,86226.0,4.0
1375,1724.0,18.0,0.9689328263119789,88786.0,4.0
1376,1422.0,50.0,0.9579511786223858,89812.0,4.0
1377,1759.0,5.0,0.9842514881239232,86740.0,4.0
1378,1544.0,39.0,0.9949742492999687,88278.0,4.0
1379,1744.0,58.0,0.993595082891386,88788.0,4.0
1380,1745.0,58.0,0.9686316812686904,88789.0,4.0
1381,1475.0,41.0,0.990488310282522,89307.0,4.0
1382,1635.0,38.0,0.9726476960939355,87261.0,4.0
1383,1128.0,59.0,0.9916494668785871,86240.0,4.0
1384,1788.0,5.0,0.9858801359500784,87777.0,4.0
1385,1727.0,0.0,0.9699588477677158,88289.0,4.0
1386,1474.0,51.0,0.9656196233318228,89827.0,4.0
1387,1787.0,4.0,0.990659918634922,87266.0,4.0
1388,1400.0,13.0,0.9672450660888814,89830.0,4.0
1389,1731.0,3.0,0.9903380726384032,89840.0,4.0
1390,1500.0,52.0,0.9619588000497482,89841.0,4.0
1391,1737.0,19.0,0.9915537702176388,89842.0,4.0
1392,1682.0,36.0,0.9871656266967717,86256.0,4.0
1393,1666.0,18.0,0.9743401933462352,86261.0,4.0
1394,1442.0,52.0,0.9844850539633272,86774.0,4.0
1395,1132.0,59.0,0.9923625555102916,86264.0,4.0
1396,1368.0,8.0,0.9803648525992433,86776.0,4.0
1397,1718.0,18.0,0.9845069009845284,88314.0,4.0
1398,1312.0,44.0,0.9858177917891562,87811.0,4.0
1399,1535.0,39.0,0.9830790761168823,87813.0,4.0
1400,1432.0,31.0,0.9737645084783775,89862.0,4.0
1401,1507.0,53.0,0.9701017161413682,88844.0,4.0
1402,1730.0,57.0,1.0,86804.0,4.0
1403,1743.0,57.0,0.9913468969302323,87830.0,4.0
1404,1734.0,57.0,0.9935561096458554,86808.0,4.0
1405,1547.0,21.0,0.9947840330520484,87833.0,4.0
1406,1681.0,38.0,0.9773946426333903,89372.0,4.0
1407,1387.0,49.0,0.9744420817193977,86813.0,4.0
1408,1138.0,59.0,0.9943021843708204,86302.0,4.0
1409,1398.0,49.0,0.9696141740692658,87326.0,4.0
1410,1390.0,24.0,0.9802403562672058,87840.0,4.0
1411,1294.0,14.0,0.9667017147673722,89375.0,4.0
1412,1409.0,13.0,0.9653710787182076,89890.0,4.0
1413,1796.0,5.0,0.9688459335460079,88356.0,4.0
1414,1345.0,29.0,0.9727088045846113,89384.0,4.0
1415,1505.0,53.0,0.9719721434659196,88873.0,4.0
1416,1732.0,3.0,0.9698484620263216,89901.0,4.0
1417,1274.0,44.0,0.9527870917237211,86317.0,4.0
1418,1493.0,22.0,0.9831981607572189,88877.0,4.0
1419,1796.0,2.0,0.9602681348440811,89391.0,4.0
1420,1656.0,20.0,0.9680480692320177,89392.0,4.0
1421,1410.0,13.0,0.9676209802148754,89910.0,4.0
1422,1717.0,0.0,0.9823120067850076,87862.0,4.0
1423,1518.0,21.0,0.991305259043184,86840.0,4.0
1424,1416.0,31.0,0.9558040094174288,88378.0,4.0
1425,1501.0,53.0,0.9600644126658259,88379.0,4.0
1426,1500.0,53.0,0.9660416479401703,88380.0,4.0
1427,1510.0,39.0,0.9831581391877606,86843.0,4.0
1428,1384.0,46.0,0.990481097931439,86845.0,4.0
1429,1547.0,23.0,0.970021615274457,89403.0,4.0
1430,1663.0,38.0,0.9780223387252245,88388.0,4.0
1431,1384.0,32.0,0.9566892136193764,89412.0,4.0
1432,1744.0,4.0,0.9694280372152163,86345.0,4.0
1433,1410.0,27.0,0.9688750965501793,88393.0,4.0
1434,1697.0,20.0,0.9886818839884158,89931.0,4.0
1435,1492.0,52.0,0.985560639414147,89419.0,4.0
1436,1793.0,4.0,0.9753994007114587,87374.0,4.0
1437,1356.0,7.0,0.9707897433012145,87378.0,4.0
1438,1744.0,37.0,0.9586203104264761,88403.0,4.0
1439,1460.0,51.0,0.9860727838339242,88405.0,4.0
1440,1371.0,30.0,0.9796915766903304,87894.0,4.0
1441,1468.0,22.0,0.9591734377918301,87382.0,4.0
1442,1506.0,39.0,0.9818843076301136,86873.0,4.0
1443,1634.0,54.0,0.9752169116879845,89433.0,4.0
1444,1740.0,1.0,0.991251676505102,86363.0,4.0
1445,1706.0,19.0,0.9781377536434203,88931.0,4.0
1446,1405.0,45.0,0.9698462173689258,88932.0,4.0
1447,1503.0,40.0,0.9686132052727087,89445.0,4.0
1448,1549.0,21.0,0.9979457889658194,87910.0,4.0
1449,1721.0,37.0,0.9540198358074149,87398.0,4.0
1450,1673.0,3.0,0.989957383158236,87400.0,4.0
1451,1675.0,3.0,0.9850510159154684,87402.0,4.0
1452,1348.0,29.0,0.9824471910991188,89450.0,4.0
1453,1707.0,19.0,0.9737197810190873,88940.0,4.0
1454,1383.0,46.0,0.9919735542698952,86894.0,4.0
1455,1470.0,52.0,0.9621372283301757,87919.0,4.0
1456,1360.0,13.0,0.9670648714385736,88432.0,4.0
1457,1292.0,35.0,0.9748846283545305,87409.0,4.0
1458,1382.0,56.0,0.9702133094274165,86898.0,4.0
1459,1388.0,45.0,0.951067148440339,87415.0,4.0
1460,1349.0,26.0,0.9758263665355409,87930.0,4.0
1461,1294.0,29.0,0.990341187368637,86394.0,4.0
1462,1247.0,14.0,0.9819788281318927,86907.0,4.0
1463,1714.0,0.0,0.9931070767472985,87427.0,4.0
1464,1312.0,34.0,0.9794758973396571,87942.0,4.0
1465,1419.0,41.0,0.980569472775414,86406.0,4.0
1466,1693.0,37.0,0.98499176072195,86407.0,4.0
1467,1690.0,36.0,0.9929543273362353,86408.0,4.0
1468,1765.0,57.0,0.992434807284863,88455.0,4.0
1469,1402.0,45.0,0.9754608197079627,88456.0,4.0
1470,1477.0,40.0,0.9849962196284163,88459.0,4.0
1471,1412.0,45.0,0.9848980833192841,88973.0,4.0
1472,1746.0,4.0,0.9797450352187042,86419.0,4.0
1473,1334.0,47.0,0.9599508852954669,87956.0,4.0
1474,1555.0,23.0,0.9719382188983926,89495.0,4.0
1475,1490.0,40.0,0.9950129154239977,88985.0,4.0
1476,1726.0,36.0,0.9859741552522353,87449.0,4.0
1477,1447.0,22.0,0.9890592769453139,86427.0,4.0
1478,1484.0,40.0,0.9761053624188416,88987.0,4.0
1479,1643.0,38.0,0.9740393060498242,87453.0,4.0
1480,1471.0,40.0,0.9901506850158557,87970.0,4.0
1481,1727.0,36.0,0.9904097018326,87459.0,4.0
1482,1427.0,51.0,0.9858284934445778,86949.0,4.0
1483,1414.0,8.0,0.983365584237749,89000.0,4.0
1484,1517.0,23.0,0.9788421526236959,88489.0,4.0
1485,1403.0,55.0,0.9894458030679709,87467.0,4.0
1486,1431.0,27.0,0.9755270202942348,89005.0,4.0
1487,1768.0,58.0,0.9958627949523721,89518.0,4.0
1488,1271.0,14.0,0.957183003585338,88495.0,4.0
1489,1786.0,4.0,0.9763634956564559,86963.0,4.0
1490,1540.0,21.0,0.9763017934581356,87481.0,4.0
1491,1769.0,0.0,0.9634691467083287,89530.0,4.0
1492,1458.0,51.0,0.9755196964268049,88509.0,4.0
1493,1525.0,21.0,0.9709665895625998,86975.0,4.0
1494,1664.0,20.0,0.9603968219074106,89538.0,4.0
1495,1570.0,54.0,0.9721368704470095,86466.0,4.0
1496,1569.0,54.0,0.9552879751828077,86467.0,4.0
1497,1734.0,0.0,0.9669314676197033,88517.0,4.0
1498,1395.0,8.0,0.9718088216892713,88518.0,4.0
1499,1685.0,18.0,0.996003596122338,86472.0,4.0
1500,1342.0,7.0,0.9640011971075908,86985.0,4.0
1501,1646.0,38.0,0.9664849911653363,88011.0,4.0
1502,1776.0,5.0,0.9714970136476448,87503.0,4.0
1503,1521.0,21.0,0.9941814360083502,86995.0,4.0
1504,1334.0,32.0,0.966277512930571,87001.0,4.0
1505,1388.0,56.0,0.9872753694266293,87514.0,4.0
1506,1354.0,12.0,0.9724809723456006,89052.0,4.0
1507,1736.0,58.0,0.9881310297799895,88029.0,4.0
1508,1381.0,7.0,0.9832557099515411,89056.0,4.0
1509,1737.0,58.0,0.9608233217583811,88034.0,4.0
1510,1774.0,5.0,0.979881705099584,87523.0,4.0
1511,1457.0,52.0,0.9759552795475024,87524.0,4.0
1512,1745.0,1.0,0.9829687657276067,86499.0,4.0
1513,1478.0,52.0,0.9664899755297501,88547.0,4.0
1514,1382.0,26.0,0.9736998222579918,89060.0,4.0
1515,1458.0,53.0,0.983877076188283,86505.0,4.0
1516,1380.0,7.0,0.9871264119545735,89068.0,4.0
1517,1721.0,58.0,0.9596255966178845,87021.0,4.0
1518,1453.0,41.0,0.9770406116710576,88558.0,4.0
1519,1798.0,2.0,0.9526804625511912,89585.0,4.0
1520,1757.0,58.0,0.9785505602031755,89073.0,4.0
1521,1492.0,40.0,0.9790526007943958,89075.0,4.0
1522,1641.0,38.0,0.9630385962018309,87549.0,4.0
1523,1417.0,30.0,0.986710348194066,89597.0,4.0
1524,1341.0,25.0,0.9704645234903707,88063.0,4.0
1525,1698.0,18.0,0.9630031084774181,87037.0,4.0
1526,1772.0,5.0,0.9728717602440212,87557.0,4.0
1527,1343.0,47.0,0.9792760509020886,88072.0,4.0
1528,1374.0,8.0,0.9740890188831973,87564.0,4.0
1529,1506.0,40.0,0.9913705824607638,89613.0,4.0
1530,1674.0,20.0,0.9655178501692417,89614.0,4.0
1531,1774.0,2.0,0.9836330547107497,88590.0,4.0
1532,1296.0,29.0,0.9847228352679293,86544.0,4.0
1533,1248.0,14.0,0.9648214663186352,87054.0,4.0
1534,1419.0,24.0,0.9800328829900187,89104.0,4.0
1535,1353.0,32.0,0.9811525552238212,88083.0,4.0
1536,1354.0,32.0,1.0,88084.0,4.0
1537,1348.0,13.0,0.9923785080550652,86548.0,4.0
1538,1305.0,34.0,0.9755104995562903,87063.0,4.0
1539,1427.0,56.0,0.992402774150778,89111.0,4.0
1540,1701.0,19.0,0.975706546039575,88603.0,4.0
1541,1692.0,3.0,0.9777691089419555,88100.0,4.0
1542,1390.0,32.0,0.9692599456720866,89639.0,4.0
1543,1465.0,22.0,0.9855352451857442,87593.0,4.0
1544,1694.0,3.0,0.9735408729743662,88620.0,4.0
1545,1696.0,37.0,0.9646504641881913,86573.0,4.0
1546,1736.0,0.0,0.9605849226669156,88626.0,4.0
1547,1670.0,19.0,0.9829450469086877,86580.0,4.0
1548,1787.0,1.0,0.9623339061600319,87611.0,4.0
1549,1766.0,5.0,0.967420758182278,87103.0,4.0
1550,1750.0,2.0,0.9741366754702624,87616.0,4.0
1551,1751.0,2.0,0.9782139664683926,87617.0,4.0
1552,1425.0,55.0,0.9932614387290335,88641.0,4.0
1553,1689.0,18.0,0.9739508507546145,86596.0,4.0
1554,1682.0,19.0,0.9702734811838223,87622.0,4.0
1555,1804.0,2.0,0.9963120843108795,89670.0,4.0
1556,1618.0,54.0,0.970387568774359,88136.0,4.0
1557,1420.0,55.0,0.9578117742726642,88647.0,4.0
1558,1509.0,21.0,0.9873008336596686,86601.0,4.0
1559,1690.0,3.0,1.0,88139.0,4.0
1560,1392.0,50.0,0.9611375853509883,88656.0,4.0
1561,1571.0,54.0,0.9867175691065087,86610.0,4.0
1562,1454.0,52.0,0.9598698438349806,87125.0,4.0
1563,1450.0,55.0,0.955788856041619,89689.0,4.0
1564,1379.0,56.0,0.9782942651475746,86620.0,4.0
1565,1755.0,2.0,0.9744978520600144,87645.0,4.0
1566,1380.0,56.0,0.96496514036524,86622.0,4.0
1567,1387.0,27.0,0.9843169213378885,87650.0,4.0
1568,1474.0,40.0,0.9932990908387203,88165.0,4.0
1569,1473.0,53.0,0.9658111158805033,87141.0,4.0
1570,1473.0,22.0,0.9731385109332006,87655.0,4.0
1571,1472.0,22.0,0.9575246590090015,87656.0,4.0
1572,1471.0,22.0,0.9647201013726537,87657.0,4.0
1573,1687.0,3.0,0.9632553420155626,88169.0,4.0
1574,1694.0,38.0,0.9538381682539859,89707.0,4.0
1575,1519.0,39.0,0.9615259182200788,87146.0,4.0
1576,1420.0,50.0,0.9906819784139463,89709.0,4.0
1577,1698.0,37.0,0.9592132270447695,86639.0,4.0
1578,1699.0,37.0,0.9642991535660143,86640.0,4.0
1579,1722.0,58.0,0.9936747655873978,87152.0,4.0
1580,1407.0,46.0,0.9788931628439569,87669.0,4.0
1581,1339.0,29.0,0.9810301061592922,88696.0,4.0
1582,1378.0,46.0,0.9915400938680482,86650.0,4.0
1583,1776.0,1.0,0.9658292173696101,87162.0,4.0
1584,1396.0,50.0,0.9832605698567731,88702.0,4.0
1585,1453.0,40.0,0.9940997900776177,86658.0,4.0
1586,1279.0,14.0,0.9575009196060444,88708.0,4.0
1587,1689.0,37.0,0.9686987689224472,86152.0,4.0
1588,1485.0,53.0,0.9577618368402031,87689.0,4.0
1589,1399.0,13.0,0.9640795163299654,89737.0,4.0
1590,1525.0,23.0,0.9602831831236471,88715.0,4.0
1591,1526.0,23.0,0.9711921955562982,88716.0,4.0
1592,1306.0,44.0,0.9668857948841516,87693.0,4.0
1593,1105.0,59.0,0.9803003588331841,86158.0,4.0
1594,1743.0,36.0,0.9867101115733848,88206.0,4.0
1595,1750.0,57.0,0.9684182649455423,88208.0,4.0
1596,1145.0,59.0,0.9679760971665589,87697.0,4.0
1597,1414.0,45.0,0.9758243666666683,89228.0,4.0
1598,1770.0,1.0,0.9714557466164442,87183.0,4.0
1599,1419.0,30.0,0.9634955926842346,89748.0,4.0
1600,1107.0,59.0,0.992487990938654,86165.0,4.0
1601,1697.0,37.0,0.9742046405461926,86678.0,4.0
1602,1513.0,53.0,0.9594082172572439,89233.0,4.0
1603,1465.0,41.0,0.971119357676709,88728.0,4.0
1604,1514.0,53.0,0.9662602132247484,89234.0,4.0
1605,1467.0,41.0,0.9919149607337289,88730.0,4.0
1606,1705.0,36.0,0.9751139765050164,86684.0,4.0
1607,1733.0,58.0,0.9734801950026268,87709.0,4.0
1608,1119.0,59.0,0.985098636695373,86174.0,4.0
1609,1682.0,20.0,0.9563583892911545,89759.0,4.0
1610,1681.0,20.0,0.9905991327091992,89760.0,4.0
1611,1789.0,5.0,0.9931052422694107,88222.0,4.0
1612,1706.0,36.0,0.9817291641642336,86685.0,4.0
1613,1679.0,20.0,0.9658172532439612,89763.0,4.0
1614,1467.0,51.0,0.9700774379870205,89245.0,4.0
1615,1678.0,38.0,0.9647397112119546,89250.0,4.0
1616,1400.0,56.0,0.9579902009681328,87720.0,4.0
1617,1510.0,23.0,0.9918064059547183,87721.0,4.0
1618,1464.0,51.0,0.9602710064773563,88744.0,4.0
1619,1113.0,59.0,0.9647349237642544,86188.0,4.0
1620,1730.0,19.0,0.9907123646760061,89779.0,4.0
1621,1122.0,59.0,0.9745902118821173,86196.0,4.0
1622,1462.0,41.0,0.9942991931128169,88758.0,4.0
1623,1729.0,4.0,0.9700329735909793,86199.0,4.0
1624,1463.0,41.0,0.9703556372085846,88759.0,4.0
1625,1559.0,39.0,0.9790560153481862,89273.0,4.0
1626,1713.0,19.0,0.9903050138500564,89274.0,4.0
1627,1120.0,59.0,0.9725226805546379,86206.0,4.0
1628,1441.0,41.0,0.9987192790350413,87744.0,4.0
1629,1636.0,38.0,0.9737616317879131,87235.0,4.0
1630,1680.0,3.0,0.9714049529716681,87748.0,4.0
1631,1712.0,19.0,0.9767817553766114,89285.0,4.0
1632,1732.0,4.0,0.9934477715873496,86214.0,4.0
1633,1730.0,4.0,0.9723727457009413,86215.0,4.0
1634,1728.0,3.0,0.995389810958685,89800.0,4.0
1635,1392.0,45.0,0.9624178423237949,87756.0,4.0
1636,1670.0,3.0,0.9654088303654654,87246.0,4.0
1637,1757.0,5.0,0.9880231477412743,86737.0,4.0
1638,1143.0,59.0,0.9942156388202427,86741.0,4.0
1639,1734.0,1.0,0.9649853172941615,86230.0,4.0
1640,1144.0,59.0,0.9856114001671774,86743.0,4.0
1641,1506.0,22.0,0.9854906093483433,89304.0,4.0
1642,1399.0,27.0,0.9762514337611486,88281.0,4.0
1643,1726.0,0.0,0.9829124233968142,88288.0,4.0
1644,1728.0,57.0,0.9760454287335136,86753.0,4.0
1645,1802.0,1.0,0.9937635081457105,88801.0,4.0
1646,1453.0,51.0,0.974347872551283,88291.0,4.0
1647,1713.0,3.0,0.9801720626919553,89314.0,4.0
1648,1652.0,38.0,0.960608866446395,88293.0,4.0
1649,1317.0,29.0,0.9755740663200984,87784.0,4.0
1650,1722.0,0.0,0.9703987186163179,88296.0,4.0
1651,1402.0,46.0,0.9665627927296699,87786.0,4.0
1652,1685.0,20.0,0.9724107200478043,89834.0,4.0
1653,1723.0,0.0,0.9727766648207103,88297.0,4.0
1654,1423.0,56.0,0.9848793215223386,88808.0,4.0
1655,1503.0,22.0,0.9900388088148043,89320.0,4.0
1656,1754.0,0.0,0.9605272157189373,89327.0,4.0
1657,1397.0,27.0,0.9710081593409639,88305.0,4.0
1658,1516.0,21.0,0.9945728990720291,86775.0,4.0
1659,1711.0,37.0,0.9898369664808288,87289.0,4.0
1660,1512.0,23.0,0.9813791579357539,87802.0,4.0
1661,1285.0,35.0,0.9916323994599427,87290.0,4.0
1662,1545.0,23.0,0.9836410313715922,89337.0,4.0
1663,1779.0,5.0,0.9811147920889963,87805.0,4.0
1664,1434.0,27.0,0.9724677601646732,89341.0,4.0
1665,1503.0,53.0,1.0,88831.0,4.0
1666,1746.0,58.0,0.9623413099183505,88833.0,4.0
1667,1760.0,57.0,0.9730995730592396,88323.0,4.0
1668,1536.0,39.0,0.9707662952920116,87812.0,4.0
1669,1457.0,6.0,0.9790109702312856,89349.0,4.0
1670,1692.0,18.0,0.9581830261330199,86790.0,4.0
1671,1504.0,23.0,0.9614858267595646,87303.0,4.0
1672,1792.0,1.0,0.9920623635323043,87818.0,4.0
1673,1577.0,54.0,0.9644955968329118,86797.0,4.0
1674,1529.0,21.0,0.9734726128273802,87310.0,4.0
1675,1530.0,21.0,0.9922364066848686,87311.0,4.0
1676,1404.0,13.0,0.9948997985151289,89873.0,4.0
1677,1458.0,22.0,0.9893292195178948,87314.0,4.0
1678,1737.0,4.0,0.9945560891492629,86291.0,4.0
1679,1460.0,22.0,0.9973706304170417,87316.0,4.0
1680,1691.0,37.0,0.9506223062495088,86293.0,4.0
1681,1742.0,57.0,0.9885467170590156,87831.0,4.0
1682,1626.0,54.0,0.9830259895084713,88856.0,4.0
1683,1425.0,24.0,0.9714975672180703,89370.0,4.0
1684,1407.0,13.0,0.9733180599408517,89886.0,4.0
1685,1402.0,55.0,0.9786394355732337,87328.0,4.0
1686,1416.0,8.0,0.9653351379083772,89015.0,4.0
1687,1672.0,18.0,0.97359439331952,86309.0,4.0
1688,1674.0,18.0,0.9937753104374805,86310.0,4.0
1689,1737.0,0.0,0.9591577809200983,88871.0,4.0
1690,1522.0,53.0,0.9803095150046073,89897.0,4.0
1691,1411.0,31.0,0.9860142784766773,88362.0,4.0
1692,1763.0,1.0,1.0,86830.0,4.0
1693,1362.0,46.0,0.9921426922200881,86320.0,4.0
1694,1404.0,55.0,0.9983405055284881,87344.0,4.0
1695,1741.0,4.0,0.9639654659178167,86322.0,4.0
1696,1742.0,4.0,0.9681890664032181,86325.0,4.0
1697,1386.0,24.0,0.9586414165092274,87865.0,4.0
1698,1413.0,28.0,0.969204016431406,89915.0,4.0
1699,1352.0,12.0,0.9940452724296278,88892.0,4.0
1700,1686.0,36.0,0.9737374170746282,86335.0,4.0
1701,1475.0,6.0,0.986602889842368,89922.0,4.0
1702,1684.0,36.0,0.9589529419381458,86339.0,4.0
1703,1683.0,36.0,0.9752095717962111,86340.0,4.0
1704,1609.0,54.0,0.9685841622512191,87877.0,4.0
1705,1771.0,57.0,0.9853241353495499,88899.0,4.0
1706,1432.0,55.0,0.9785387988938882,88903.0,4.0
1707,1671.0,18.0,0.9586196515783715,86344.0,4.0
1708,1409.0,55.0,0.9571812147050913,87369.0,4.0
1709,1424.0,50.0,0.9814165150448987,89930.0,4.0
1710,1395.0,45.0,0.9621510421555447,87884.0,4.0
1711,1428.0,51.0,0.9646594125599217,86860.0,4.0
1712,1760.0,1.0,0.9849790007710378,86861.0,4.0
1713,1413.0,56.0,0.9909433586360082,88399.0,4.0
1714,1466.0,40.0,0.9749413169412726,87372.0,4.0
1715,1514.0,39.0,0.9668730868898975,86865.0,4.0
1716,1755.0,4.0,0.9848919823727575,86357.0,4.0
1717,1255.0,14.0,0.9780037418061325,87895.0,4.0
1718,1563.0,21.0,0.9914362193384363,88407.0,4.0
1719,1267.0,35.0,0.969744461297499,86361.0,4.0
1720,1505.0,39.0,0.9869102380334318,86872.0,4.0
1721,1423.0,41.0,0.9920252234227163,86875.0,4.0
1722,1672.0,38.0,0.973553067180888,88923.0,4.0
1723,1406.0,30.0,0.9578701238374666,89436.0,4.0
1724,1725.0,58.0,0.9699936769765592,87389.0,4.0
1725,1366.0,46.0,0.9706842997110339,86369.0,4.0
1726,1504.0,40.0,0.9701460849791834,89446.0,4.0
1727,1668.0,19.0,0.9933522917232904,86376.0,4.0
1728,1548.0,39.0,0.9915449212467069,88426.0,4.0
1729,1547.0,39.0,0.9776095798407157,88427.0,4.0
1730,1649.0,20.0,0.9819490379878667,88944.0,4.0
1731,1687.0,36.0,0.9736141379707274,86388.0,4.0
1732,1688.0,36.0,0.9901166918124763,86389.0,4.0
1733,1720.0,19.0,0.9871933780250902,89460.0,4.0
1734,1481.0,52.0,1.0,88951.0,4.0
1735,1689.0,38.0,0.9638746479669278,89461.0,4.0
1736,1350.0,26.0,0.978957548125871,87929.0,4.0
1737,1238.0,14.0,0.9693374802160137,86393.0,4.0
1738,1483.0,52.0,0.9923367294929408,88953.0,4.0
1739,1416.0,45.0,0.9644369929096563,89468.0,4.0
1740,1583.0,54.0,0.992264189434645,86914.0,4.0
1741,1726.0,57.0,0.9816301215947836,86404.0,4.0
1742,1509.0,22.0,0.9624852816876625,89476.0,4.0
1743,1778.0,5.0,0.9789302042725923,87435.0,4.0
1744,1424.0,31.0,0.9648455932876895,88972.0,4.0
1745,1731.0,58.0,0.9823898347739533,87950.0,4.0
1746,1567.0,54.0,0.9857389507492635,86415.0,4.0
1747,1683.0,38.0,0.9742876281748797,89486.0,4.0
1748,1378.0,32.0,0.9580408246964051,88979.0,4.0
1749,1748.0,4.0,0.9904130773457052,86421.0,4.0
1750,1742.0,2.0,0.959089325306858,86936.0,4.0
1751,1646.0,20.0,0.9606610522478017,88473.0,4.0
1752,1486.0,40.0,0.994052726926752,88989.0,4.0
1753,1551.0,23.0,0.9807824834670167,89501.0,4.0
1754,1347.0,32.0,0.9638737399676283,87456.0,4.0
1755,1790.0,2.0,0.9745637167832157,88994.0,4.0
1756,1384.0,56.0,0.9657933569796582,86947.0,4.0
1757,1385.0,56.0,0.9941944603528183,86948.0,4.0
1758,1677.0,19.0,0.9637638353474097,86952.0,4.0
1759,1703.0,37.0,0.9693808660472885,86955.0,4.0
1760,1678.0,18.0,1.0,86446.0,4.0
1761,1787.0,2.0,0.952383926545062,89006.0,4.0
1762,1737.0,57.0,0.9859922449386974,87473.0,4.0
1763,1363.0,25.0,0.9668185635304309,89522.0,4.0
1764,1412.0,55.0,0.976735959039312,87988.0,4.0
1765,1747.0,57.0,0.9893214509248629,87991.0,4.0
1766,1357.0,25.0,0.9559704882442024,89248.0,4.0
1767,1740.0,57.0,0.9801566225353998,87396.0,4.0
1768,1400.0,24.0,0.9516914300725612,88285.0,4.0
1769,1330.0,12.0,0.9528737576243018,87078.0,4.0
1770,1364.0,30.0,0.9734870528749829,87482.0,4.0
1771,1762.0,0.0,0.9702555516373489,89534.0,4.0
1772,1533.0,39.0,0.9586243475512043,87487.0,4.0
1773,1663.0,20.0,0.9559136255370672,89537.0,4.0
1774,1780.0,1.0,0.9745800749725333,87495.0,4.0
1775,1383.0,13.0,0.979528748330691,89549.0,4.0
1776,1775.0,5.0,0.9582874795676789,87502.0,4.0
1777,1388.0,7.0,1.0,89553.0,4.0
1778,1384.0,13.0,0.979470280463575,89554.0,4.0
1779,1666.0,20.0,0.9622011171058681,89559.0,4.0
1780,1435.0,41.0,0.9772916939633298,87517.0,4.0
1781,1335.0,10.0,0.9792215145230704,89568.0,4.0
1782,1779.0,1.0,0.9725801415379426,87521.0,4.0
1783,1458.0,52.0,0.9695524438766905,87525.0,4.0
1784,1766.0,58.0,0.9737738666400745,89576.0,4.0
1785,1366.0,25.0,0.9686314655347302,89587.0,4.0
1786,1310.0,29.0,0.953533605956051,87543.0,4.0
1787,1422.0,48.0,0.9738688658868344,87560.0,4.0
1788,1424.0,48.0,0.9667224457129872,87562.0,4.0
1789,1375.0,8.0,0.9684889807844363,87566.0,4.0
1790,1379.0,8.0,0.9756205156834017,87568.0,4.0
1791,1343.0,32.0,0.9945220298691976,87570.0,4.0
1792,1300.0,11.0,0.9691823247638648,87572.0,4.0
1793,1336.0,12.0,0.9709604809166658,87579.0,4.0
1794,1707.0,18.0,0.967510838041723,87586.0,4.0
1795,1711.0,18.0,0.958780942136054,87590.0,4.0
1796,1441.0,56.0,0.9762922499134284,89642.0,4.0
1797,1776.0,58.0,0.9765517428222709,89647.0,4.0
1798,1397.0,46.0,0.9717111072072437,87600.0,4.0
1799,1722.0,3.0,1.0,89650.0,4.0
1800,1749.0,2.0,0.9556965865869846,87607.0,4.0
1801,1367.0,25.0,0.9504012056557719,89669.0,4.0
1802,1376.0,8.0,0.9625960776537394,87625.0,4.0
1803,1377.0,8.0,0.9795732909854834,87626.0,4.0
1804,1801.0,2.0,0.9826209737838151,89673.0,4.0
1805,1763.0,2.0,0.9890989055649201,87638.0,4.0
1806,1450.0,51.0,1.0,87641.0,4.0
1807,1676.0,20.0,1.0,89694.0,4.0
1808,1686.0,19.0,0.9645851254021087,87652.0,4.0
1809,1395.0,13.0,0.9745567214642362,89700.0,4.0
1810,1419.0,50.0,0.9699995030692525,89701.0,4.0
1811,1509.0,23.0,0.9790812273804098,87662.0,4.0
1812,1409.0,46.0,0.9723664682732852,87667.0,4.0
1813,1406.0,46.0,1.0,87670.0,4.0
1814,1473.0,51.0,0.9728724200002317,89718.0,4.0
1815,1519.0,53.0,0.9742572091392235,89726.0,4.0
1816,1793.0,57.0,0.9648257516779942,89729.0,4.0
1817,1309.0,11.0,0.9673877084494067,87682.0,4.0
1818,1323.0,29.0,0.9532445722113462,87684.0,4.0
1819,1392.0,27.0,0.9658802450196347,87687.0,4.0
1820,1764.0,2.0,0.9668902631072652,87698.0,4.0
1821,1359.0,26.0,0.980206027672054,87707.0,4.0
1822,1786.0,5.0,1.0,87708.0,4.0
1823,1512.0,22.0,0.9528025328055768,89756.0,4.0
1824,1402.0,56.0,0.9897891508328535,87718.0,4.0
1825,1728.0,37.0,0.9592254650593601,87725.0,4.0
1826,1378.0,25.0,0.9771683025573388,89775.0,4.0
1827,1314.0,34.0,0.9840731869683276,87731.0,4.0
1828,1682.0,3.0,1.0,87746.0,4.0
1829,1809.0,2.0,0.9706288073885199,89805.0,4.0
1830,1390.0,45.0,0.9587628762981826,87766.0,4.0
1831,1391.0,45.0,0.9603003071464068,87767.0,4.0
1832,1638.0,20.0,0.9724832955026645,87770.0,4.0
1833,1612.0,54.0,0.9735144423100469,87773.0,4.0
1834,1463.0,52.0,1.0,87775.0,4.0
1835,1472.0,6.0,0.9571243610328589,89825.0,4.0
1836,1471.0,6.0,0.9595640960651717,89826.0,4.0
1837,1442.0,41.0,0.9734659958943457,87779.0,4.0
1838,1603.0,54.0,0.9543271956134723,87781.0,4.0
1839,1338.0,12.0,0.9521174077475172,87785.0,4.0
1840,1577.0,21.0,0.9853850916787577,89843.0,4.0
1841,1313.0,44.0,0.9711329988809261,87810.0,4.0
1842,1405.0,13.0,0.9551520700101864,89881.0,4.0
1843,1778.0,0.0,0.9790277415771981,89884.0,4.0
1844,1389.0,24.0,0.9705721374489614,87841.0,4.0
1845,1724.0,37.0,0.990148631051165,87852.0,4.0
1846,1348.0,32.0,0.9899255505487663,87866.0,4.0
1847,1259.0,14.0,0.955588013042244,87875.0,4.0
1848,1341.0,12.0,0.971600486927181,87879.0,4.0
1849,1783.0,5.0,0.9589046031090784,87882.0,4.0
1850,1299.0,35.0,0.9568277169886134,87889.0,4.0
1851,1744.0,57.0,0.9871301056606521,87899.0,4.0
1852,1639.0,20.0,0.9709899537931926,87901.0,4.0
1853,1381.0,28.0,1.0,87927.0,4.0
1854,1348.0,26.0,0.9704080174201947,87931.0,4.0
1855,1470.0,40.0,0.9847135389824934,87958.0,4.0
1856,1266.0,33.0,0.9555453248354626,87966.0,4.0
1857,1355.0,17.0,0.9609316767516591,87985.0,4.0
1858,1411.0,55.0,0.9563592564844974,87989.0,4.0
1859,1361.0,7.0,0.9825072779660525,87993.0,4.0
1860,1268.0,14.0,0.9518057753127185,88038.0,4.0
1861,1393.0,28.0,0.9821193624744513,88047.0,4.0
1862,1377.0,50.0,0.9715613948230922,88061.0,4.0
1863,1320.0,34.0,0.961075783117008,88088.0,4.0
1864,1359.0,32.0,0.9627507710934589,88092.0,4.0
1865,1432.0,48.0,0.970283491263969,88116.0,4.0
1866,1653.0,38.0,0.9640712185366329,88123.0,4.0
1867,1326.0,29.0,0.9629575726555126,88134.0,4.0
1868,1358.0,16.0,0.9688321998934967,88148.0,4.0
1869,1493.0,53.0,0.9562393338293408,88154.0,4.0
1870,1495.0,53.0,0.9783579778723529,88156.0,4.0
1871,1415.0,55.0,0.9806438001214745,88157.0,4.0
1872,1272.0,33.0,0.9793958959820694,88160.0,4.0
1873,1795.0,1.0,0.9878634253729178,88162.0,4.0
1874,1488.0,53.0,0.9657932310704214,88171.0,4.0
1875,1428.0,6.0,0.9773100501740234,88176.0,4.0
1876,1739.0,37.0,0.9629301379819035,88178.0,4.0
1877,1345.0,42.0,0.9712115108229699,88183.0,4.0
1878,1319.0,43.0,0.9744650392653009,88184.0,4.0
1879,1320.0,43.0,0.9877272663478224,88185.0,4.0
1880,1615.0,54.0,0.979719849092449,88189.0,4.0
1881,1721.0,18.0,0.9745295527061124,88202.0,4.0
1882,1402.0,24.0,0.9775812756388101,88207.0,4.0
1883,1759.0,57.0,0.968041808388121,88211.0,4.0
1884,1108.0,59.0,0.9570611798469627,86169.0,4.0
1885,1118.0,59.0,1.0,86175.0,4.0
1886,1115.0,59.0,1.0,86177.0,4.0
1887,1444.0,41.0,0.986674077242641,88236.0,4.0
1888,1445.0,41.0,0.9719614100815767,88237.0,4.0
1889,1749.0,57.0,0.9775519328517875,88245.0,4.0
1890,1406.0,31.0,1.0,88247.0,4.0
1891,1436.0,48.0,1.0,88252.0,4.0
1892,1793.0,1.0,0.9871939794384719,88268.0,4.0
1893,1345.0,47.0,1.0,88272.0,4.0
1894,1399.0,24.0,0.9764598017304421,88275.0,4.0
1895,1129.0,59.0,0.9655562272242476,86229.0,4.0
1896,1545.0,39.0,0.9719374875048475,88279.0,4.0
1897,1546.0,39.0,0.9705878180559747,88280.0,4.0
1898,1270.0,44.0,0.9525321467389193,86238.0,4.0
1899,1298.0,34.0,0.9801946981167386,86243.0,4.0
1900,1331.0,26.0,0.973632425455125,86248.0,4.0
1901,1555.0,21.0,0.9817349376326466,88306.0,4.0
1902,1131.0,59.0,0.9703452041749173,86267.0,4.0
1903,1271.0,44.0,0.9946028419473928,86276.0,4.0
1904,1734.0,4.0,1.0,86279.0,4.0
1905,1387.0,15.0,0.961247852871186,86298.0,4.0
1906,1137.0,59.0,0.9676399979684032,86300.0,4.0
1907,1269.0,14.0,0.9731803527622841,88350.0,4.0
1908,1315.0,42.0,0.9710910196157325,86307.0,4.0
1909,1365.0,49.0,0.9706611663745011,86308.0,4.0
1910,1412.0,31.0,0.9716986480776686,88361.0,4.0
1911,1263.0,35.0,0.9808144050234865,86329.0,4.0
1912,1380.0,50.0,0.9762818472646428,88377.0,4.0
1913,1499.0,53.0,0.9747434642967376,88381.0,4.0
1914,1416.0,27.0,0.9649275463850032,88382.0,4.0
1915,1412.0,56.0,0.9749648896752439,88384.0,4.0
1916,1664.0,38.0,0.9540629801207214,88387.0,4.0
1917,1661.0,38.0,0.971818833792809,88390.0,4.0
1918,1728.0,0.0,0.9696064248719195,88415.0,4.0
1919,1366.0,24.0,0.9551164303962357,86375.0,4.0
1920,1364.0,32.0,0.9717451991550495,88429.0,4.0
1921,1367.0,49.0,0.9752703210724825,86383.0,4.0
1922,1657.0,38.0,0.9833446566568279,88435.0,4.0
1923,1656.0,38.0,0.9861831615919484,88436.0,4.0
1924,1293.0,29.0,0.9573743012100739,86390.0,4.0
1925,1290.0,43.0,0.9518762701695261,86391.0,4.0
1926,1141.0,59.0,1.0,86399.0,4.0
1927,1139.0,59.0,1.0,86402.0,4.0
1928,1689.0,36.0,0.9553056473996733,86405.0,4.0
1929,1347.0,47.0,0.9747509190050133,88465.0,4.0
1930,1752.0,5.0,0.9765502408840152,86418.0,4.0
1931,1747.0,4.0,1.0,86420.0,4.0
1932,1334.0,17.0,0.9645213194845258,86436.0,4.0
1933,1446.0,40.0,0.9737536905293119,86443.0,4.0
1934,1332.0,29.0,0.972299486732127,88492.0,4.0
1935,1367.0,46.0,0.9538869609312125,86455.0,4.0
1936,1316.0,42.0,0.9525666021432284,86458.0,4.0
1937,1800.0,1.0,0.9634735061484762,88508.0,4.0
1938,1320.0,42.0,0.9641058674430439,86463.0,4.0
1939,1404.0,9.0,0.9504580299730748,88513.0,4.0
1940,1403.0,9.0,0.9766975099034054,88514.0,4.0
1941,1415.0,51.0,0.9523309355847205,86468.0,4.0
1942,1400.0,28.0,0.9657756942565279,88519.0,4.0
1943,1399.0,8.0,0.9759512633440236,88524.0,4.0
1944,1450.0,40.0,0.9563111837571392,86479.0,4.0
1945,1439.0,48.0,0.979914216885981,88528.0,4.0
1946,1481.0,40.0,0.9798163532929549,88535.0,4.0
1947,1767.0,4.0,0.9789605983189998,86498.0,4.0
1948,1499.0,39.0,0.9727461376267169,86500.0,4.0
1949,1449.0,22.0,0.958627806482481,86501.0,4.0
1950,1307.0,10.0,0.971770939451429,88556.0,4.0
1951,1369.0,9.0,0.989690787801562,86512.0,4.0
1952,1451.0,41.0,1.0,88560.0,4.0
1953,1741.0,58.0,0.9535965708399294,88561.0,4.0
1954,1568.0,54.0,0.9871617579058538,86515.0,4.0
1955,1372.0,46.0,0.9608347972383109,86516.0,4.0
1956,1740.0,58.0,0.9735332689871655,88562.0,4.0
1957,1758.0,4.0,1.0,86526.0,4.0
1958,1368.0,26.0,1.0,88575.0,4.0
1959,1239.0,14.0,0.9530814565304055,86545.0,4.0
1960,1299.0,34.0,1.0,86547.0,4.0
1961,1700.0,19.0,0.9802191733224174,88604.0,4.0
1962,1373.0,49.0,0.9662415779467738,86564.0,4.0
1963,1669.0,19.0,0.9662233917948575,86574.0,4.0
1964,1409.0,15.0,1.0,88622.0,4.0
1965,1408.0,15.0,1.0,88623.0,4.0
1966,1696.0,36.0,0.9567448617573887,86581.0,4.0
1967,1798.0,1.0,0.994198283969311,88632.0,4.0
1968,1440.0,6.0,0.9714923040341432,88633.0,4.0
1969,1694.0,36.0,0.9751124961950315,86588.0,4.0
1970,1315.0,47.0,0.98291264136952,86590.0,4.0
1971,1754.0,5.0,0.9580945854954569,86591.0,4.0
1972,1663.0,3.0,0.9726547083195818,86592.0,4.0
1973,1273.0,33.0,0.9750414321145786,88638.0,4.0
1974,1393.0,50.0,0.9559264995409281,88657.0,4.0
1975,1402.0,28.0,0.9702035171590295,88659.0,4.0
1976,1324.0,42.0,0.9800087399461331,86617.0,4.0
1977,1241.0,14.0,0.9642834597333275,86631.0,4.0
1978,1751.0,37.0,0.9505222928643938,88686.0,4.0
1979,1672.0,19.0,0.9520745171618565,86642.0,4.0
1980,1282.0,44.0,1.0,86644.0,4.0
1981,1452.0,40.0,1.0,86657.0,4.0
1982,1762.0,5.0,1.0,86663.0,4.0
1983,1630.0,38.0,0.9813921187200104,86672.0,4.0
1984,1317.0,47.0,0.975912835405878,86675.0,4.0
1985,1330.0,32.0,0.9673163769175726,86680.0,4.0
1986,1565.0,21.0,0.9847960477363829,88733.0,4.0
1987,1349.0,25.0,0.9577448080829982,88738.0,4.0
1988,1350.0,25.0,0.9640162036251554,88739.0,4.0
1989,1351.0,25.0,1.0,88740.0,4.0
1990,1417.0,27.0,0.979662143465915,88741.0,4.0
1991,1745.0,0.0,0.9616552573203342,88746.0,4.0
1992,1365.0,16.0,0.9669900180663882,88748.0,4.0
1993,1421.0,41.0,0.9531207309690821,86707.0,4.0
1994,1461.0,41.0,0.9563121511077834,88757.0,4.0
1995,1464.0,41.0,0.9815171452825605,88760.0,4.0
1996,1379.0,9.0,0.9740832849643243,86714.0,4.0
1997,1627.0,54.0,0.964497704089792,88765.0,4.0
1998,1777.0,4.0,0.9623047150523841,86720.0,4.0
1999,1420.0,31.0,0.9735395126173003,88768.0,4.0
2000,1393.0,55.0,0.9599361221707889,86722.0,4.0
2001,1761.0,5.0,0.9688653712166662,86724.0,4.0
2002,1449.0,6.0,0.9701563901466107,88773.0,4.0
2003,1425.0,27.0,0.9551588737222511,88775.0,4.0
2004,1743.0,58.0,0.992336175364443,88787.0,4.0
2005,1523.0,23.0,0.9515926563308543,88795.0,4.0
2006,1380.0,49.0,0.9673544197330021,86749.0,4.0
2007,1327.0,12.0,0.9745585263720288,86750.0,4.0
2008,1410.0,9.0,0.9658145161112031,88798.0,4.0
2009,1300.0,34.0,0.97939419390585,86756.0,4.0
2010,1366.0,45.0,0.9693667808321308,86759.0,4.0
2011,1297.0,29.0,0.9585859667341841,86767.0,4.0
2012,1325.0,42.0,0.9807161009274117,86770.0,4.0
2013,1513.0,21.0,0.9817297835094763,86771.0,4.0
2014,1318.0,10.0,0.9703142228167329,88825.0,4.0
2015,1375.0,31.0,0.9722075592906987,86778.0,4.0
2016,1430.0,55.0,0.9570190994744734,88832.0,4.0
2017,1367.0,8.0,0.97534463206397,86791.0,4.0
2018,1422.0,56.0,0.971368574186346,88841.0,4.0
2019,1576.0,54.0,0.984215005179415,86796.0,4.0
2020,1347.0,25.0,0.9751116968021137,88845.0,4.0
2021,1665.0,38.0,0.9668753384871499,88850.0,4.0
2022,1392.0,15.0,0.9728755868894474,86805.0,4.0
2023,1349.0,13.0,0.9679244366406582,86812.0,4.0
2024,1387.0,30.0,0.9696982244364922,88864.0,4.0
2025,1420.0,27.0,0.9755216289907772,88867.0,4.0
2026,1345.0,17.0,0.9542148332390352,86823.0,4.0
2027,1303.0,43.0,0.9835831397679251,86834.0,4.0
2028,1351.0,12.0,0.9958562464906439,88901.0,4.0
2029,1341.0,17.0,0.973157516980214,86867.0,4.0
2030,1389.0,46.0,0.9600478577912386,86871.0,4.0
2031,1413.0,15.0,0.9611043503263967,88924.0,4.0
2032,1293.0,11.0,0.9581442443694478,86879.0,4.0
2033,1302.0,34.0,0.9634650847047598,86880.0,4.0
2034,1428.0,55.0,0.962753419684915,88934.0,4.0
2035,1512.0,39.0,0.9734362341084083,86888.0,4.0
2036,1369.0,13.0,0.976813893857833,88942.0,4.0
2037,1747.0,58.0,0.9676938478876085,88947.0,4.0
2038,1430.0,51.0,0.9685742103455222,86901.0,4.0
2039,1431.0,51.0,0.9759117234148561,86902.0,4.0
2040,1480.0,52.0,1.0,88950.0,4.0
2041,1245.0,14.0,0.9729097343811265,86905.0,4.0
2042,1302.0,43.0,0.9576330555630385,86909.0,4.0
2043,1765.0,5.0,0.982619301082064,86910.0,4.0
2044,1245.0,33.0,0.9820565885606848,86913.0,4.0
2045,1309.0,35.0,0.9704094850632213,88962.0,4.0
2046,1300.0,43.0,1.0,86915.0,4.0
2047,1242.0,33.0,0.9908380627228215,86923.0,4.0
2048,1345.0,7.0,0.977979532057965,86924.0,4.0
2049,1278.0,35.0,0.9696549646187569,86938.0,4.0
2050,1279.0,35.0,0.9588784445405287,86939.0,4.0
2051,1485.0,40.0,0.9604462723786177,88988.0,4.0
2052,1426.0,51.0,0.9547901800630995,86941.0,4.0
2053,1675.0,19.0,0.9613887290584544,86945.0,4.0
2054,1789.0,2.0,0.9657390731885235,88993.0,4.0
2055,1676.0,19.0,0.9578631537066203,86951.0,4.0
2056,1415.0,8.0,0.9513238635068022,89001.0,4.0
2057,1324.0,11.0,0.9763704599260474,89002.0,4.0
2058,1427.0,27.0,0.9754856481437855,89008.0,4.0
2059,1401.0,55.0,0.9500475404957124,86961.0,4.0
2060,1456.0,22.0,0.9687988195379195,86967.0,4.0
2061,1418.0,8.0,1.0,89017.0,4.0
2062,1522.0,21.0,1.0,86972.0,4.0
2063,1281.0,35.0,0.9864766050589605,86976.0,4.0
2064,1453.0,6.0,0.9654431866200138,89029.0,4.0
2065,1340.0,7.0,0.9868480922452458,86983.0,4.0
2066,1329.0,11.0,0.9744494844644681,89034.0,4.0
2067,1726.0,18.0,0.9778456060457122,89036.0,4.0
2068,1325.0,11.0,0.9759389485901188,89039.0,4.0
2069,1326.0,11.0,0.9529548862544227,89040.0,4.0
2070,1711.0,36.0,0.9686249155866989,87006.0,4.0
2071,1753.0,37.0,0.9764266011740158,89054.0,4.0
2072,1708.0,36.0,0.9833632240702428,87012.0,4.0
2073,1709.0,3.0,0.9627644375698454,89069.0,4.0
2074,1755.0,58.0,0.9519157982760904,89071.0,4.0
2075,1386.0,9.0,0.9819581349786257,87026.0,4.0
2076,1387.0,9.0,0.9521333838028225,87027.0,4.0
2077,1282.0,14.0,0.9706807436096423,89080.0,4.0
2078,1406.0,28.0,0.9573665622565797,89082.0,4.0
2079,1727.0,18.0,0.9566595553574563,89090.0,4.0
2080,1357.0,12.0,0.9715072799689658,89091.0,4.0
2081,1651.0,20.0,0.9686036353697297,89098.0,4.0
2082,1293.0,44.0,1.0,87052.0,4.0
2083,1418.0,24.0,0.9692583433311952,89103.0,4.0
2084,1326.0,10.0,0.9790608476325662,89108.0,4.0
2085,1708.0,19.0,0.9716609974181896,89115.0,4.0
2086,1304.0,29.0,0.9745021696137149,87072.0,4.0
2087,1306.0,43.0,0.9692116610211501,87075.0,4.0
2088,1390.0,49.0,0.9710695399738575,87077.0,4.0
2089,1370.0,16.0,1.0,89135.0,4.0
2090,1746.0,2.0,0.9626589512462571,87088.0,4.0
2091,1416.0,48.0,0.9738732059326831,87095.0,4.0
2092,1249.0,33.0,0.9557423233194828,87100.0,4.0
2093,1650.0,20.0,1.0,89151.0,4.0
2094,1435.0,51.0,0.9553505586915457,87106.0,4.0
2095,1498.0,22.0,0.9655692956105154,89161.0,4.0
2096,1371.0,45.0,0.9651913801998586,87116.0,4.0
2097,1436.0,55.0,0.9568364886957181,89164.0,4.0
2098,1377.0,13.0,0.9703501087573952,89169.0,4.0
2099,1376.0,32.0,0.9617308364705741,89174.0,4.0
2100,1372.0,45.0,0.96164213635013,87127.0,4.0
2101,1396.0,15.0,0.9606640799025836,87130.0,4.0
2102,1321.0,10.0,0.9615919992380068,89178.0,4.0
2103,1324.0,10.0,0.9698152768258292,89181.0,4.0
2104,1509.0,53.0,0.9708710995120922,89182.0,4.0
2105,1735.0,57.0,0.9685208479227679,87135.0,4.0
2106,1510.0,53.0,0.9801193302019119,89183.0,4.0
2107,1404.0,30.0,0.9680826807175029,89192.0,4.0
2108,1516.0,39.0,0.9677400836420795,87145.0,4.0
2109,1501.0,22.0,0.9531786612785476,89195.0,4.0
2110,1487.0,52.0,0.9696342873701268,89197.0,4.0
2111,1778.0,1.0,0.968726448429746,87155.0,4.0
2112,1347.0,16.0,1.0,87157.0,4.0
2113,1348.0,16.0,0.9650919746134634,87158.0,4.0
2114,1426.0,56.0,0.9533337404079572,89208.0,4.0
2115,1428.0,56.0,0.9626717340318404,89209.0,4.0
2116,1425.0,31.0,0.9693199871240121,89217.0,4.0
2117,1398.0,30.0,0.97112207119913,89222.0,4.0
2118,1452.0,52.0,0.9733376721796259,87179.0,4.0
2119,1386.0,56.0,0.9561359371324676,87180.0,4.0
2120,1729.0,18.0,0.9502316694141675,89235.0,4.0
2121,1292.0,44.0,0.9675028181411851,87193.0,4.0
2122,1370.0,24.0,0.9747265594386424,87194.0,4.0
2123,1538.0,23.0,0.9847825337277263,89243.0,4.0
2124,1463.0,22.0,1.0,87198.0,4.0
2125,1461.0,40.0,0.9533481341458017,87202.0,4.0
2126,1421.0,46.0,0.9642259544475023,89260.0,4.0
2127,1379.0,24.0,1.0,87213.0,4.0
2128,1557.0,39.0,0.969037677436516,89270.0,4.0
2129,1723.0,36.0,0.9800845478805731,87225.0,4.0
2130,1339.0,26.0,0.9664443898421374,87237.0,4.0
2131,1702.0,18.0,0.9650453164125635,87240.0,4.0
2132,1705.0,37.0,0.9652501755309219,87245.0,4.0
2133,1762.0,58.0,0.9733746271022404,89294.0,4.0
2134,1450.0,48.0,0.9544460448211449,89298.0,4.0
2135,1417.0,49.0,0.9893301239926687,89305.0,4.0
2136,1719.0,36.0,0.9644604042152793,87259.0,4.0
2137,1667.0,3.0,0.9746459649421213,87263.0,4.0
2138,1669.0,3.0,0.9583617613937216,87265.0,4.0
2139,1788.0,4.0,0.950738891862214,87267.0,4.0
2140,1790.0,4.0,0.953927146801016,87270.0,4.0
2141,1390.0,31.0,1.0,87273.0,4.0
2142,1717.0,3.0,0.9686017905410162,89325.0,4.0
2143,1540.0,23.0,0.9720347388297507,89332.0,4.0
2144,1805.0,1.0,0.9748285130029738,89338.0,4.0
2145,1756.0,37.0,0.97227472007784,89339.0,4.0
2146,1433.0,27.0,0.9744499270518987,89340.0,4.0
2147,1456.0,6.0,0.9704396477885157,89342.0,4.0
2148,1568.0,21.0,0.9596284670505139,89354.0,4.0
2149,1632.0,54.0,0.9574325272052602,89356.0,4.0
2150,1757.0,0.0,1.0,89360.0,4.0
2151,1459.0,40.0,0.9557227183745733,87313.0,4.0
2152,1758.0,0.0,0.9649206604308912,89361.0,4.0
2153,1411.0,50.0,0.9686480509843679,89366.0,4.0
2154,1410.0,50.0,1.0,89367.0,4.0
2155,1323.0,47.0,0.9790517590579602,87321.0,4.0
2156,1325.0,47.0,0.9732808449178612,87323.0,4.0
2157,1412.0,50.0,1.0,89376.0,4.0
2158,1292.0,14.0,0.9659972551592308,89378.0,4.0
2159,1284.0,35.0,0.9698868831970242,87331.0,4.0
2160,1793.0,2.0,0.9728825942004241,89383.0,4.0
2161,1359.0,7.0,0.9674098950450896,87358.0,4.0
2162,1549.0,23.0,0.9561813346380119,89409.0,4.0
2163,1644.0,38.0,0.951019484005277,87362.0,4.0
2164,1341.0,26.0,0.972588832087295,87364.0,4.0
2165,1385.0,26.0,0.9667292874390112,89414.0,4.0
2166,1351.0,17.0,0.9575836953509583,87370.0,4.0
2167,1792.0,4.0,1.0,87373.0,4.0
2168,1375.0,28.0,0.9903825746174233,87375.0,4.0
2169,1357.0,7.0,0.9585875739678688,87379.0,4.0
2170,1334.0,10.0,0.9752983380210317,89431.0,4.0
2171,1376.0,28.0,0.9637885066585229,87386.0,4.0
2172,1672.0,3.0,0.9615955566405611,87399.0,4.0
2173,1420.0,15.0,0.9688853995425081,89448.0,4.0
2174,1722.0,19.0,0.9926224184626354,89454.0,4.0
2175,1354.0,7.0,0.9738380815369327,87407.0,4.0
2176,1508.0,22.0,0.951121736612552,89457.0,4.0
2177,1660.0,20.0,1.0,89471.0,4.0
2178,1510.0,22.0,0.9723324551322897,89475.0,4.0
2179,1388.0,32.0,0.9682889113426975,89482.0,4.0
2180,1410.0,30.0,0.9741677109819711,89484.0,4.0
2181,1331.0,42.0,0.9800377627972657,87437.0,4.0
2182,1456.0,52.0,0.9525138006954785,87438.0,4.0
2183,1461.0,52.0,0.9534141246127013,87439.0,4.0
2184,1380.0,45.0,0.9582234002264496,87447.0,4.0
2185,1370.0,30.0,0.9812576789082302,87451.0,4.0
2186,1557.0,23.0,0.9953245982269101,89500.0,4.0
2187,1550.0,23.0,0.9535038823446954,89502.0,4.0
2188,1571.0,21.0,0.9561186998977556,89504.0,4.0
2189,1725.0,36.0,0.9648920525258652,87457.0,4.0
2190,1409.0,30.0,0.9569422487292655,89510.0,4.0
2191,1302.0,44.0,0.9734401932393724,87466.0,4.0
2192,1736.0,57.0,0.9593100802222199,87472.0,4.0
2193,1738.0,57.0,0.9726557909153701,87474.0,4.0
2194,1766.0,0.0,0.9647676823591681,89523.0,4.0
2195,1767.0,0.0,0.9619603264979315,89524.0,4.0
