,ms2_id,Sample_id,explained_Int(%),SummMS2Table_id,Slice_id
0,2200.0,3.0,0.9613405447456311,114745.0,6.0
1,2159.0,37.0,1.0,114746.0,6.0
2,1926.0,41.0,0.970636731930801,114750.0,6.0
3,1816.0,45.0,0.9606960259715048,114762.0,6.0
4,1927.0,41.0,1.0,114764.0,6.0
5,1979.0,22.0,0.9836896404494639,114765.0,6.0
6,1850.0,30.0,1.0,114774.0,6.0
7,1872.0,51.0,0.9591336923226388,114776.0,6.0
8,1815.0,13.0,0.9538134877726098,114777.0,6.0
9,1740.0,34.0,0.9652510848788256,114778.0,6.0
10,2201.0,3.0,0.9927462269198791,114779.0,6.0
11,1873.0,51.0,0.9827646714743028,114782.0,6.0
12,1880.0,24.0,0.9809916968636995,114783.0,6.0
13,2075.0,54.0,0.9672962724960282,114784.0,6.0
14,1801.0,25.0,0.9794109449936954,114786.0,6.0
15,1816.0,13.0,1.0,114800.0,6.0
16,2203.0,3.0,0.9512966235249589,114801.0,6.0
17,1792.0,50.0,0.9583163187093664,114805.0,6.0
18,2040.0,39.0,0.9673005632049093,114806.0,6.0
19,2162.0,37.0,1.0,114824.0,6.0
20,2139.0,18.0,0.9628248144853303,114829.0,6.0
21,1903.0,6.0,0.993843600066922,114830.0,6.0
22,1752.0,16.0,0.993955606906764,114831.0,6.0
23,1885.0,31.0,1.0,114832.0,6.0
24,1753.0,16.0,0.9574848269901447,114833.0,6.0
25,1836.0,46.0,0.9927391406909654,114835.0,6.0
26,2163.0,37.0,1.0,114836.0,6.0
27,1786.0,29.0,0.9602544032037522,114837.0,6.0
28,2228.0,57.0,1.0,114838.0,6.0
29,2204.0,3.0,0.9676311164367917,114841.0,6.0
30,2185.0,36.0,0.9612687340921474,114846.0,6.0
31,1915.0,52.0,0.9768698326669659,114850.0,6.0
32,2087.0,38.0,0.9769418210946493,114854.0,6.0
33,1795.0,50.0,0.9540537413283656,114857.0,6.0
34,1858.0,28.0,0.9786185122117094,114862.0,6.0
35,1742.0,34.0,0.9822016374867252,114876.0,6.0
36,1794.0,15.0,0.9761377389727764,114883.0,6.0
37,1754.0,16.0,0.9854527261498957,114893.0,6.0
38,1817.0,13.0,0.9827436655139966,114898.0,6.0
39,1755.0,16.0,0.9844861709627126,114900.0,6.0
40,1837.0,46.0,0.9887465309297658,114901.0,6.0
41,1889.0,31.0,1.0,114903.0,6.0
42,1821.0,45.0,1.0,114905.0,6.0
43,1980.0,22.0,0.9713148136793378,114906.0,6.0
44,1822.0,32.0,1.0,114907.0,6.0
45,1802.0,25.0,1.0,114915.0,6.0
46,1890.0,31.0,0.9861529814517604,114921.0,6.0
47,1822.0,26.0,0.9755995669083145,114925.0,6.0
48,1887.0,27.0,0.9939170012511439,114926.0,6.0
49,1760.0,47.0,0.9517520371414665,114927.0,6.0
50,2164.0,37.0,0.9592489705663522,114928.0,6.0
51,1823.0,26.0,1.0,114931.0,6.0
52,1905.0,6.0,1.0,114932.0,6.0
53,2054.0,20.0,1.0,114933.0,6.0
54,2077.0,54.0,0.9629029261927458,114938.0,6.0
55,2263.0,1.0,1.0,114942.0,6.0
56,1906.0,6.0,0.9509250444912121,114943.0,6.0
57,1839.0,46.0,0.978262368208587,114946.0,6.0
58,2237.0,2.0,1.0,114952.0,6.0
59,1889.0,27.0,1.0,114957.0,6.0
60,1855.0,30.0,0.9813652161878554,114958.0,6.0
61,1817.0,49.0,1.0,114959.0,6.0
62,1907.0,6.0,0.9640651121490309,114962.0,6.0
63,2264.0,1.0,0.9863055920595726,114963.0,6.0
64,2024.0,23.0,0.9653203374056647,114965.0,6.0
65,1806.0,12.0,1.0,114967.0,6.0
66,1807.0,12.0,0.983863476420993,114968.0,6.0
67,1960.0,40.0,0.9514241920158454,114969.0,6.0
68,1956.0,53.0,0.9736311280647512,114971.0,6.0
69,2180.0,0.0,1.0,114976.0,6.0
70,1918.0,52.0,0.9819874220714918,114988.0,6.0
71,1963.0,40.0,0.9646834393391401,114990.0,6.0
72,1890.0,27.0,0.977851144748615,114991.0,6.0
73,1822.0,7.0,1.0,114994.0,6.0
74,1983.0,22.0,0.9818948998796546,114995.0,6.0
75,2266.0,1.0,0.9818913230476163,114997.0,6.0
76,1845.0,48.0,0.9666904642117768,115004.0,6.0
77,1860.0,28.0,0.957670185017971,115008.0,6.0
78,2166.0,37.0,0.9629658458625905,115014.0,6.0
79,1919.0,52.0,0.9684136018056237,115015.0,6.0
80,1803.0,25.0,1.0,115018.0,6.0
81,1835.0,56.0,0.9536760718743545,115019.0,6.0
82,2059.0,21.0,0.9549513260571965,115020.0,6.0
83,1818.0,49.0,1.0,115024.0,6.0
84,1804.0,25.0,1.0,115027.0,6.0
85,1746.0,34.0,0.9750351864365976,115028.0,6.0
86,1958.0,53.0,1.0,115029.0,6.0
87,1791.0,29.0,0.9746518489383229,115034.0,6.0
88,1909.0,6.0,0.9810303140976198,115037.0,6.0
89,1877.0,51.0,0.9795789497614584,115039.0,6.0
90,2140.0,18.0,1.0,115041.0,6.0
91,2060.0,21.0,0.9830740163924604,115042.0,6.0
92,1984.0,22.0,0.9616981886625666,115044.0,6.0
93,2027.0,23.0,1.0,115045.0,6.0
94,1858.0,30.0,0.9800915632537218,115051.0,6.0
95,1960.0,53.0,0.9848231433563692,115055.0,6.0
96,2029.0,23.0,0.9842468572091683,115058.0,6.0
97,1910.0,6.0,0.982998488188138,115068.0,6.0
98,2196.0,58.0,0.9791235527808921,115072.0,6.0
99,1793.0,29.0,1.0,115075.0,6.0
100,2055.0,20.0,0.9515068322326723,115076.0,6.0
101,1985.0,22.0,0.9694285209125416,115079.0,6.0
102,2056.0,20.0,1.0,115084.0,6.0
103,1732.0,11.0,1.0,115085.0,6.0
104,1961.0,53.0,0.9646804644736411,115089.0,6.0
105,2231.0,57.0,0.9805970280157971,115091.0,6.0
106,1894.0,27.0,0.9634166684842209,115097.0,6.0
107,1893.0,31.0,0.9776873646829055,115099.0,6.0
108,1861.0,28.0,1.0,115105.0,6.0
109,2168.0,37.0,0.9749614941324122,115106.0,6.0
110,2241.0,2.0,0.959414075919349,115108.0,6.0
111,1894.0,31.0,1.0,115109.0,6.0
112,1878.0,51.0,0.9792818265375085,115110.0,6.0
113,1801.0,50.0,0.9797132310706405,115112.0,6.0
114,2267.0,1.0,0.9520923334740067,115117.0,6.0
115,1733.0,11.0,0.9768613661307348,115126.0,6.0
116,1713.0,43.0,1.0,115129.0,6.0
117,1749.0,42.0,1.0,115131.0,6.0
118,2232.0,57.0,0.987870244693071,115135.0,6.0
119,1827.0,32.0,0.9681268224951635,115138.0,6.0
120,2211.0,3.0,0.972920696865864,115150.0,6.0
121,1657.0,33.0,1.0,115163.0,6.0
122,1819.0,49.0,0.9742654951878095,115185.0,6.0
123,1880.0,51.0,0.9821986597050452,115192.0,6.0
124,1911.0,6.0,0.9613516986419945,115196.0,6.0
125,1761.0,17.0,0.9624487930532942,115201.0,6.0
126,1888.0,24.0,0.9738125992566624,115203.0,6.0
127,2197.0,58.0,1.0,115205.0,6.0
128,2186.0,0.0,1.0,115206.0,6.0
129,1841.0,56.0,0.9642893725841449,115207.0,6.0
130,1762.0,16.0,0.975870506909424,115209.0,6.0
131,1727.0,10.0,1.0,115210.0,6.0
132,1728.0,10.0,1.0,115212.0,6.0
133,1828.0,7.0,0.9947224872098097,115214.0,6.0
134,2170.0,37.0,1.0,115215.0,6.0
135,1808.0,50.0,1.0,115220.0,6.0
136,1763.0,16.0,0.9621795459223778,115225.0,6.0
137,2245.0,2.0,1.0,115227.0,6.0
138,2063.0,21.0,0.9929910607976218,115229.0,6.0
139,2032.0,23.0,1.0,115230.0,6.0
140,2045.0,39.0,1.0,115231.0,6.0
141,1828.0,26.0,0.9724491409957511,115235.0,6.0
142,1865.0,55.0,0.9908823681960008,115238.0,6.0
143,2188.0,0.0,0.9728666323783421,115256.0,6.0
144,1822.0,13.0,0.9649639464546986,115265.0,6.0
145,1861.0,8.0,0.9802295412596278,115266.0,6.0
146,2213.0,3.0,0.9841440926038724,115268.0,6.0
147,2247.0,2.0,0.9732030324863399,115275.0,6.0
148,1829.0,32.0,0.9747543217561268,115283.0,6.0
149,1809.0,50.0,0.9959801316021,115292.0,6.0
150,1866.0,55.0,1.0,115293.0,6.0
151,1823.0,13.0,0.9867091388592221,115294.0,6.0
152,1891.0,24.0,0.9794963534457576,115296.0,6.0
153,1913.0,6.0,0.9754871248777465,115298.0,6.0
154,1892.0,24.0,1.0,115299.0,6.0
155,1810.0,50.0,1.0,115304.0,6.0
156,1753.0,34.0,1.0,115309.0,6.0
157,1805.0,25.0,1.0,115313.0,6.0
158,1730.0,10.0,0.9588829639690046,115315.0,6.0
159,1811.0,50.0,0.9824000866588992,115317.0,6.0
160,1916.0,6.0,0.9848299035755472,115322.0,6.0
161,1824.0,13.0,1.0,115323.0,6.0
162,1864.0,30.0,0.9546274224970236,115325.0,6.0
163,2061.0,20.0,1.0,115326.0,6.0
164,1832.0,26.0,1.0,115331.0,6.0
165,2303.0,5.0,0.9812116221116858,115333.0,6.0
166,2096.0,38.0,0.9609217531524807,115334.0,6.0
167,2237.0,57.0,0.995557103928086,115335.0,6.0
168,2083.0,54.0,0.9789339355091126,115336.0,6.0
169,1831.0,32.0,0.9713931782888434,115337.0,6.0
170,1938.0,41.0,1.0,115347.0,6.0
171,1731.0,10.0,0.9791936195409464,115349.0,6.0
172,1806.0,25.0,0.9538618109939122,115350.0,6.0
173,1847.0,48.0,0.962500343740256,115351.0,6.0
174,2304.0,5.0,0.9595636955535206,115352.0,6.0
175,1901.0,27.0,0.977086781481014,115353.0,6.0
176,1923.0,52.0,1.0,115354.0,6.0
177,1753.0,42.0,0.9608054691792361,115358.0,6.0
178,1739.0,11.0,0.9886999614312517,115359.0,6.0
179,1830.0,7.0,0.9662240048762394,115364.0,6.0
180,2097.0,38.0,0.9581700803472823,115366.0,6.0
181,2062.0,20.0,0.9549249893205536,115376.0,6.0
182,1940.0,41.0,0.9767308420006775,115377.0,6.0
183,1769.0,47.0,0.9803270388449216,115380.0,6.0
184,2202.0,58.0,0.9826648686613625,115382.0,6.0
185,2084.0,54.0,0.9576018726273741,115389.0,6.0
186,1831.0,7.0,0.9965711579588592,115400.0,6.0
187,2179.0,37.0,0.9687481590891296,115404.0,6.0
188,1717.0,43.0,0.9821993511573823,115405.0,6.0
189,2038.0,23.0,1.0,115408.0,6.0
190,1903.0,27.0,0.9813284129715202,115412.0,6.0
191,1943.0,41.0,1.0,115413.0,6.0
192,1966.0,53.0,0.9725963581397987,115414.0,6.0
193,1967.0,53.0,0.9624340219940962,115417.0,6.0
194,1894.0,24.0,0.9817311811337845,115421.0,6.0
195,1826.0,45.0,0.9924940952952812,115422.0,6.0
196,1796.0,29.0,1.0,115426.0,6.0
197,1896.0,31.0,0.9761433976663685,115427.0,6.0
198,2269.0,1.0,0.9784588481853753,115431.0,6.0
199,1897.0,31.0,0.9628128638408455,115446.0,6.0
200,1827.0,45.0,0.9900780145873916,115449.0,6.0
201,1733.0,10.0,0.9636185983614738,115458.0,6.0
202,1917.0,6.0,1.0,115468.0,6.0
203,2251.0,2.0,0.9574695929479814,115469.0,6.0
204,2194.0,0.0,0.9748175599133224,115471.0,6.0
205,2181.0,37.0,0.9632898066115888,115473.0,6.0
206,1819.0,12.0,0.9619695327844607,115475.0,6.0
207,2243.0,57.0,0.9833832247902029,115476.0,6.0
208,1734.0,10.0,0.9582690946868492,115478.0,6.0
209,1817.0,50.0,0.953983760249198,115479.0,6.0
210,2195.0,0.0,0.9735237774844527,115482.0,6.0
211,2204.0,58.0,0.983070690013889,115483.0,6.0
212,1974.0,40.0,1.0,115484.0,6.0
213,1867.0,30.0,0.9616169362269463,115488.0,6.0
214,2048.0,39.0,1.0,115490.0,6.0
215,1896.0,24.0,0.9702816063577627,115493.0,6.0
216,1945.0,41.0,0.9696558814886556,115494.0,6.0
217,1808.0,25.0,0.9872041709284132,115498.0,6.0
218,1833.0,26.0,0.9708757938485074,115501.0,6.0
219,1919.0,6.0,0.9833552515202046,115509.0,6.0
220,1866.0,8.0,0.9789003170490015,115510.0,6.0
221,1818.0,50.0,1.0,115517.0,6.0
222,1899.0,31.0,0.9757648796944444,115519.0,6.0
223,1819.0,50.0,0.9832980205051273,115520.0,6.0
224,2114.0,19.0,1.0,115521.0,6.0
225,2246.0,57.0,0.9819678509434231,115524.0,6.0
226,1843.0,46.0,1.0,115527.0,6.0
227,1799.0,29.0,0.9822294336921039,115528.0,6.0
228,1844.0,46.0,0.9833096250620931,115530.0,6.0
229,1833.0,7.0,1.0,115531.0,6.0
230,1969.0,53.0,1.0,115532.0,6.0
231,1990.0,22.0,0.9779545836483172,115534.0,6.0
232,1834.0,26.0,0.9562856028394326,115536.0,6.0
233,2197.0,0.0,0.9748928966097566,115537.0,6.0
234,2117.0,19.0,0.9604127777779461,115544.0,6.0
235,1820.0,50.0,0.9825397636817449,115548.0,6.0
236,1771.0,47.0,0.9793540063505262,115550.0,6.0
237,2119.0,19.0,0.9850670120140352,115553.0,6.0
238,1948.0,41.0,0.9669161365243132,115560.0,6.0
239,1836.0,32.0,0.962225223110856,115561.0,6.0
240,2120.0,19.0,0.9721433774311411,115562.0,6.0
241,2308.0,5.0,1.0,115564.0,6.0
242,1871.0,30.0,0.957885864081591,115566.0,6.0
243,1834.0,7.0,0.9765561005209996,115569.0,6.0
244,1851.0,48.0,0.9683750456139638,115571.0,6.0
245,1837.0,32.0,0.9933074653802977,115573.0,6.0
246,1848.0,56.0,0.9841010108525068,115575.0,6.0
247,2247.0,57.0,1.0,115578.0,6.0
248,2207.0,58.0,1.0,115579.0,6.0
249,2248.0,57.0,1.0,115580.0,6.0
250,1971.0,53.0,0.9611544738769793,115581.0,6.0
251,1846.0,9.0,0.9757129483973715,115591.0,6.0
252,2253.0,2.0,0.9677495446692205,115593.0,6.0
253,1949.0,41.0,0.986772148621452,115606.0,6.0
254,2103.0,38.0,0.9628552618764727,115607.0,6.0
255,2200.0,0.0,0.9759243264655982,115608.0,6.0
256,2066.0,20.0,1.0,115611.0,6.0
257,2218.0,3.0,0.9762610130789187,115613.0,6.0
258,1902.0,31.0,0.9701498716389494,115614.0,6.0
259,1926.0,52.0,0.9550433972630157,115615.0,6.0
260,1849.0,56.0,0.9587221443301676,115616.0,6.0
261,1921.0,6.0,1.0,115620.0,6.0
262,2089.0,54.0,0.9877078233919199,115621.0,6.0
263,2209.0,58.0,0.9921053121164765,115625.0,6.0
264,2068.0,20.0,0.9672670530226611,115632.0,6.0
265,2220.0,3.0,0.9879081818064349,115642.0,6.0
266,1830.0,13.0,0.9553571208126024,115643.0,6.0
267,2121.0,19.0,0.9826270785996736,115644.0,6.0
268,2311.0,5.0,0.9844596170112633,115649.0,6.0
269,1832.0,13.0,0.9818486389240573,115651.0,6.0
270,1840.0,32.0,0.9565697490264152,115654.0,6.0
271,2250.0,57.0,0.9853429144211385,115656.0,6.0
272,2070.0,21.0,0.9957388593836396,115658.0,6.0
273,1765.0,16.0,0.9901332262689623,115668.0,6.0
274,2201.0,0.0,1.0,115692.0,6.0
275,2043.0,23.0,1.0,115697.0,6.0
276,2122.0,19.0,0.9612284474311664,115698.0,6.0
277,1812.0,25.0,1.0,115702.0,6.0
278,2052.0,39.0,1.0,115709.0,6.0
279,1833.0,13.0,0.9588240603136192,115712.0,6.0
280,1852.0,56.0,0.9586190756148807,115713.0,6.0
281,1874.0,30.0,0.9527320989949724,115714.0,6.0
282,2070.0,20.0,0.9577754665989993,115717.0,6.0
283,2212.0,58.0,0.9701447499234445,115721.0,6.0
284,1805.0,15.0,1.0,115724.0,6.0
285,1718.0,44.0,0.9731207889602717,115730.0,6.0
286,1741.0,10.0,0.9786297538413493,115734.0,6.0
287,1804.0,29.0,0.9784932943766593,115736.0,6.0
288,1832.0,45.0,0.961029073858918,115737.0,6.0
289,1928.0,52.0,0.981945135598491,115741.0,6.0
290,2259.0,2.0,0.9793131243745389,115746.0,6.0
291,1929.0,52.0,0.9888812297532724,115749.0,6.0
292,1903.0,31.0,0.977810047603704,115750.0,6.0
293,1742.0,10.0,1.0,115755.0,6.0
294,2124.0,19.0,0.9824328222411278,115759.0,6.0
295,2215.0,58.0,0.9631213950587229,115764.0,6.0
296,1822.0,12.0,0.9614058983722172,115770.0,6.0
297,1980.0,40.0,0.9638254777328152,115775.0,6.0
298,1846.0,46.0,0.9838672253262624,115777.0,6.0
299,1843.0,32.0,1.0,115785.0,6.0
300,1995.0,22.0,0.9825156981830407,115786.0,6.0
301,2071.0,21.0,0.9698250297413923,115791.0,6.0
302,2260.0,2.0,0.9772733809107169,115793.0,6.0
303,1825.0,50.0,0.9734051192715184,115794.0,6.0
304,1837.0,13.0,1.0,115805.0,6.0
305,1876.0,30.0,0.9521488078483421,115810.0,6.0
306,1815.0,25.0,1.0,115814.0,6.0
307,1996.0,22.0,0.9514140685705003,115820.0,6.0
308,2206.0,0.0,0.9834513231793842,115822.0,6.0
309,1924.0,6.0,0.9593044163644161,115823.0,6.0
310,2253.0,57.0,0.9752192514567123,115825.0,6.0
311,1744.0,10.0,0.9545998650708717,115826.0,6.0
312,1973.0,53.0,0.9525368707831873,115827.0,6.0
313,2223.0,3.0,0.9673590691015824,115828.0,6.0
314,1775.0,47.0,1.0,115829.0,6.0
315,1839.0,13.0,0.9568708419895438,115837.0,6.0
316,1997.0,22.0,1.0,115840.0,6.0
317,2073.0,20.0,0.9869886439522118,115841.0,6.0
318,2208.0,0.0,0.9955095388484951,115842.0,6.0
319,2309.0,4.0,0.9740286915240542,115843.0,6.0
320,1872.0,55.0,0.9856372811243801,115847.0,6.0
321,1745.0,10.0,0.9806766270848579,115848.0,6.0
322,1868.0,28.0,1.0,115850.0,6.0
323,1887.0,51.0,1.0,115853.0,6.0
324,1838.0,26.0,0.971477621330949,115863.0,6.0
325,2255.0,57.0,0.9828814127627064,115864.0,6.0
326,1857.0,48.0,0.9781097494362785,115866.0,6.0
327,1817.0,25.0,1.0,115870.0,6.0
328,2220.0,58.0,0.9920032536783142,115874.0,6.0
329,1957.0,41.0,0.9803921305543017,115878.0,6.0
330,2049.0,23.0,0.9871399191719481,115880.0,6.0
331,2050.0,23.0,0.9774300009802448,115890.0,6.0
332,1819.0,25.0,0.9797056872060715,115908.0,6.0
333,1818.0,25.0,0.9812087965743412,115909.0,6.0
334,1910.0,27.0,0.9792105112980478,115918.0,6.0
335,1748.0,10.0,0.9719152388109957,115921.0,6.0
336,1753.0,11.0,0.9620553947682432,115928.0,6.0
337,1879.0,30.0,0.9804721242811529,115934.0,6.0
338,1766.0,34.0,0.9834670798491485,115939.0,6.0
339,2221.0,58.0,1.0,115944.0,6.0
340,1840.0,26.0,0.9812390889637369,115949.0,6.0
341,1750.0,10.0,0.9786943104340656,115953.0,6.0
342,1855.0,56.0,0.9718404934109665,115957.0,6.0
343,1999.0,22.0,1.0,115963.0,6.0
344,1889.0,51.0,0.9833132346421758,115965.0,6.0
345,2225.0,58.0,0.9805293079831509,115966.0,6.0
346,1820.0,25.0,1.0,115968.0,6.0
347,2052.0,23.0,0.978836183751589,115970.0,6.0
348,2073.0,21.0,0.9757599714904962,115971.0,6.0
349,1841.0,26.0,0.9857142595882463,115972.0,6.0
350,2053.0,23.0,0.9662183009196987,115973.0,6.0
351,1838.0,7.0,0.9524693055769197,115974.0,6.0
352,1905.0,24.0,0.9957114362875621,115987.0,6.0
353,1721.0,44.0,0.9808039386458677,115994.0,6.0
354,1890.0,51.0,0.9847965557410205,115996.0,6.0
355,2213.0,0.0,0.9726394649215304,115998.0,6.0
356,2214.0,0.0,1.0,116000.0,6.0
357,2055.0,23.0,0.9678824019755516,116002.0,6.0
358,2094.0,54.0,1.0,116004.0,6.0
359,1759.0,42.0,1.0,116008.0,6.0
360,2115.0,38.0,0.9661086045614107,116009.0,6.0
361,1907.0,24.0,0.9777592777761055,116010.0,6.0
362,1960.0,41.0,1.0,116011.0,6.0
363,1881.0,30.0,0.9731624987704367,116012.0,6.0
364,1882.0,30.0,1.0,116013.0,6.0
365,2227.0,58.0,0.9876495752402742,116014.0,6.0
366,1824.0,25.0,0.973643744874589,116016.0,6.0
367,2075.0,21.0,1.0,116017.0,6.0
368,2259.0,57.0,0.9604707407987526,116018.0,6.0
369,2056.0,23.0,1.0,116019.0,6.0
370,1722.0,44.0,0.9819051838449186,116029.0,6.0
371,1891.0,51.0,0.9927707803525564,116032.0,6.0
372,1834.0,45.0,0.953901139777256,116034.0,6.0
373,1825.0,25.0,0.9801741797160587,116036.0,6.0
374,2319.0,5.0,0.9667730561762975,116039.0,6.0
375,1809.0,15.0,1.0,116041.0,6.0
376,1961.0,41.0,1.0,116043.0,6.0
377,1913.0,27.0,1.0,116044.0,6.0
378,1723.0,44.0,0.9722367124464117,116045.0,6.0
379,1878.0,8.0,0.968094308369908,116047.0,6.0
380,1907.0,31.0,0.9831605628641517,116054.0,6.0
381,1931.0,52.0,1.0,116055.0,6.0
382,2263.0,57.0,0.9853434678036,116059.0,6.0
383,2217.0,0.0,0.9748008563483798,116061.0,6.0
384,2265.0,2.0,0.9558338096425542,116066.0,6.0
385,2077.0,20.0,1.0,116067.0,6.0
386,2135.0,19.0,0.985323867893878,116070.0,6.0
387,1841.0,13.0,0.9587251973121209,116076.0,6.0
388,1827.0,25.0,0.9547585062519383,116083.0,6.0
389,1842.0,26.0,0.9656953371638394,116084.0,6.0
390,1832.0,50.0,0.9656511533689035,116089.0,6.0
391,1908.0,31.0,0.9808279831986252,116090.0,6.0
392,2266.0,57.0,0.9670188487651973,116101.0,6.0
393,1888.0,30.0,0.9594393885222569,116110.0,6.0
394,1878.0,55.0,1.0,116116.0,6.0
395,1753.0,10.0,0.962317679782311,116131.0,6.0
396,1868.0,48.0,0.9823984162329868,116141.0,6.0
397,2137.0,19.0,0.9643687493036777,116142.0,6.0
398,1769.0,34.0,0.9693510779525863,116152.0,6.0
399,1730.0,35.0,0.9835303162015087,116153.0,6.0
400,2078.0,21.0,0.970224404903892,116156.0,6.0
401,1932.0,52.0,0.9632258765465862,116162.0,6.0
402,2220.0,0.0,1.0,116167.0,6.0
403,1731.0,35.0,0.965950671470622,116170.0,6.0
404,1736.0,14.0,0.9554317868888973,116173.0,6.0
405,1909.0,31.0,1.0,116175.0,6.0
406,1834.0,50.0,0.9564812049408099,116178.0,6.0
407,1849.0,32.0,1.0,116181.0,6.0
408,1845.0,13.0,0.9652303506931138,116182.0,6.0
409,1846.0,13.0,0.9641991081933731,116185.0,6.0
410,1976.0,53.0,0.9763895167501296,116187.0,6.0
411,1964.0,41.0,0.952500794531082,116192.0,6.0
412,1891.0,30.0,0.9734466534314574,116193.0,6.0
413,1758.0,11.0,0.9531715348832972,116197.0,6.0
414,2221.0,0.0,1.0,116198.0,6.0
415,2056.0,39.0,0.9687214048017453,116202.0,6.0
416,2222.0,0.0,0.9875912746442835,116203.0,6.0
417,2141.0,19.0,0.9961105189490341,116207.0,6.0
418,1871.0,28.0,0.9670561701134246,116210.0,6.0
419,1732.0,35.0,0.9835246075351656,116225.0,6.0
420,1837.0,50.0,0.9745399484694564,116227.0,6.0
421,2121.0,38.0,0.9571283244381399,116232.0,6.0
422,1965.0,41.0,0.9878050476980176,116240.0,6.0
423,1966.0,41.0,1.0,116241.0,6.0
424,2143.0,19.0,0.9839919247464781,116242.0,6.0
425,1872.0,28.0,1.0,116243.0,6.0
426,1884.0,8.0,0.9897967063640282,116249.0,6.0
427,2188.0,37.0,0.9597799099421985,116255.0,6.0
428,2272.0,57.0,0.9960839116189655,116264.0,6.0
429,1761.0,11.0,0.9801640179526064,116293.0,6.0
430,1836.0,25.0,0.9773657303926018,116295.0,6.0
431,1873.0,28.0,0.9816902750936002,116296.0,6.0
432,1893.0,51.0,0.9541943767608546,116298.0,6.0
433,2081.0,21.0,1.0,116299.0,6.0
434,1771.0,34.0,0.9666676549214162,116302.0,6.0
435,1909.0,24.0,0.9542253489015703,116303.0,6.0
436,2189.0,37.0,0.9811921306645528,116307.0,6.0
437,1851.0,32.0,0.9625995822462199,116309.0,6.0
438,2123.0,38.0,0.959643382902704,116311.0,6.0
439,1810.0,29.0,0.9586442691514154,116322.0,6.0
440,2083.0,20.0,1.0,116335.0,6.0
441,1936.0,52.0,0.9765004735346807,116340.0,6.0
442,2235.0,3.0,0.9816957036108894,116343.0,6.0
443,1847.0,26.0,0.9878070299315516,116346.0,6.0
444,1864.0,56.0,1.0,116347.0,6.0
445,1910.0,24.0,1.0,116348.0,6.0
446,1762.0,11.0,0.9770482171700893,116354.0,6.0
447,1889.0,55.0,0.9767698531209986,116357.0,6.0
448,1936.0,6.0,0.9577991654591044,116360.0,6.0
449,1888.0,8.0,1.0,116370.0,6.0
450,2085.0,20.0,0.981243779269748,116371.0,6.0
451,2272.0,2.0,0.9767280229816097,116376.0,6.0
452,2005.0,22.0,0.9774417043558858,116379.0,6.0
453,1760.0,10.0,0.9688959731996274,116382.0,6.0
454,1733.0,35.0,1.0,116386.0,6.0
455,1728.0,43.0,0.9785888720220378,116409.0,6.0
456,2239.0,58.0,0.9924608689189773,116435.0,6.0
457,1848.0,26.0,0.9796888607222592,116438.0,6.0
458,2240.0,58.0,1.0,116442.0,6.0
459,1764.0,11.0,0.9757992200640467,116444.0,6.0
460,1844.0,25.0,1.0,116445.0,6.0
461,2150.0,19.0,1.0,116452.0,6.0
462,1842.0,50.0,0.9719347217311965,116453.0,6.0
463,1843.0,50.0,0.9682328224271104,116455.0,6.0
464,2230.0,0.0,1.0,116459.0,6.0
465,1845.0,25.0,1.0,116460.0,6.0
466,1899.0,30.0,0.9697036582308305,116461.0,6.0
467,2231.0,0.0,0.9804097125232014,116465.0,6.0
468,1849.0,46.0,0.9839027782264803,116467.0,6.0
469,1844.0,50.0,0.9721600901371382,116489.0,6.0
470,1979.0,53.0,1.0,116500.0,6.0
471,1862.0,13.0,0.9699768030982912,116501.0,6.0
472,2242.0,58.0,0.9966092536317631,116511.0,6.0
473,1937.0,52.0,0.9830230081325996,116524.0,6.0
474,1938.0,52.0,0.9570819896546251,116525.0,6.0
475,1850.0,25.0,0.9553730191097822,116527.0,6.0
476,1845.0,50.0,0.9727632562526066,116530.0,6.0
477,1769.0,10.0,0.950652846865362,116533.0,6.0
478,1819.0,15.0,0.9912850470384873,116539.0,6.0
479,2236.0,0.0,0.9533083906495432,116550.0,6.0
480,2006.0,22.0,0.9577356501937212,116559.0,6.0
481,2101.0,20.0,0.953947111142695,116560.0,6.0
482,1997.0,40.0,0.9600740416847999,116561.0,6.0
483,1838.0,45.0,0.9605136413612089,116569.0,6.0
484,1940.0,52.0,0.9926519389740863,116570.0,6.0
485,1891.0,8.0,0.9687434888579501,116579.0,6.0
486,1853.0,25.0,0.9532670712614536,116580.0,6.0
487,1944.0,6.0,0.9897262624190075,116591.0,6.0
488,2103.0,20.0,0.9801927495970495,116597.0,6.0
489,1941.0,52.0,0.956406185500524,116598.0,6.0
490,2273.0,2.0,0.978232758225351,116604.0,6.0
491,2106.0,20.0,0.9853743272947497,116625.0,6.0
492,2113.0,20.0,0.9620237800225292,116658.0,6.0
493,1818.0,29.0,0.9795140476021407,116660.0,6.0
494,2114.0,20.0,0.9808907519865508,116663.0,6.0
495,2257.0,58.0,0.9668343171698416,116667.0,6.0
496,1780.0,47.0,0.9853288876011936,116680.0,6.0
497,1774.0,10.0,0.9627596379960683,116683.0,6.0
498,1796.0,56.0,0.9818489918475132,112629.0,6.0
499,1673.0,35.0,0.9774825298753509,112630.0,6.0
500,1379.0,59.0,0.9691482921773616,112631.0,6.0
501,1380.0,59.0,0.9879356320896107,112632.0,6.0
502,1382.0,59.0,0.9641508605154376,112635.0,6.0
503,1911.0,53.0,0.9765626923529737,112636.0,6.0
504,1385.0,59.0,0.9588571803970362,112644.0,6.0
505,1782.0,46.0,0.976044536137606,112646.0,6.0
506,1706.0,17.0,0.983287794605355,112648.0,6.0
507,2241.0,4.0,0.9798633648964034,112649.0,6.0
508,1387.0,59.0,0.9578257310153969,112650.0,6.0
509,1388.0,59.0,0.9896814467247929,112651.0,6.0
510,1674.0,35.0,1.0,112652.0,6.0
511,1668.0,14.0,0.9613025781986692,112657.0,6.0
512,1984.0,39.0,1.0,112659.0,6.0
513,1797.0,56.0,0.9693342946669125,112660.0,6.0
514,1702.0,42.0,0.9688700647902266,112661.0,6.0
515,2242.0,4.0,0.9793903844402851,112662.0,6.0
516,1391.0,59.0,0.9732146895702312,112663.0,6.0
517,2243.0,4.0,0.9627456105519343,112664.0,6.0
518,1776.0,12.0,0.9773390378938849,112666.0,6.0
519,1717.0,47.0,0.9774784629952077,112670.0,6.0
520,1792.0,9.0,1.0,112673.0,6.0
521,2255.0,5.0,0.9867311538729621,112675.0,6.0
522,1395.0,59.0,0.9851913018876777,112676.0,6.0
523,1396.0,59.0,0.9831071511859668,112677.0,6.0
524,1397.0,59.0,0.9807481438641257,112678.0,6.0
525,1675.0,35.0,1.0,112679.0,6.0
526,1764.0,49.0,0.9583787221256497,112681.0,6.0
527,1929.0,40.0,0.9750813914320523,112683.0,6.0
528,1703.0,42.0,0.9650608520840132,112688.0,6.0
529,1604.0,33.0,0.9811282276812041,112689.0,6.0
530,1398.0,59.0,0.9847429117094213,112690.0,6.0
531,2075.0,18.0,0.9842330715672969,112691.0,6.0
532,1798.0,56.0,0.9778457919010697,112692.0,6.0
533,1712.0,17.0,0.9909811599244388,112693.0,6.0
534,1930.0,40.0,1.0,112694.0,6.0
535,1713.0,17.0,1.0,112695.0,6.0
536,1399.0,59.0,0.9512672401930834,112696.0,6.0
537,1714.0,17.0,0.9941048680095237,112697.0,6.0
538,1715.0,17.0,0.9648001319625799,112698.0,6.0
539,2121.0,36.0,1.0,112700.0,6.0
540,1400.0,59.0,0.9850565563177065,112701.0,6.0
541,1401.0,59.0,0.9787823469126091,112702.0,6.0
542,1669.0,14.0,1.0,112703.0,6.0
543,1718.0,47.0,0.9689286960438495,112706.0,6.0
544,1838.0,24.0,0.9795215393262255,112708.0,6.0
545,2083.0,19.0,1.0,112709.0,6.0
546,2244.0,4.0,0.9786624597433707,112710.0,6.0
547,1810.0,28.0,0.9639040337916915,112725.0,6.0
548,1811.0,28.0,0.9714147234447177,112726.0,6.0
549,1403.0,59.0,0.9811634257340711,112727.0,6.0
550,1704.0,42.0,0.9544547819437935,112728.0,6.0
551,2167.0,0.0,0.9794470548192953,112729.0,6.0
552,2060.0,38.0,0.9766809600051851,112734.0,6.0
553,1705.0,42.0,0.9708309763354744,112735.0,6.0
554,2080.0,18.0,0.9681876241466206,112736.0,6.0
555,1407.0,59.0,0.9859938555223159,112740.0,6.0
556,1765.0,49.0,0.9705972865746275,112741.0,6.0
557,1408.0,59.0,0.9808154956851733,112747.0,6.0
558,1409.0,59.0,0.9850624416440354,112748.0,6.0
559,1794.0,9.0,0.9760393072931933,112750.0,6.0
560,1823.0,8.0,0.9528679435472932,112753.0,6.0
561,1786.0,46.0,0.9580960954721198,112755.0,6.0
562,1719.0,47.0,1.0,112757.0,6.0
563,1411.0,59.0,0.9907119962455131,112760.0,6.0
564,1787.0,46.0,0.9796957655263051,112762.0,6.0
565,1770.0,15.0,1.0,112765.0,6.0
566,1720.0,47.0,0.9548625006777515,112767.0,6.0
567,1719.0,17.0,0.9846808244234206,112768.0,6.0
568,2202.0,1.0,0.9857070695745634,112769.0,6.0
569,2026.0,54.0,0.9675346700337547,112770.0,6.0
570,1857.0,27.0,1.0,112773.0,6.0
571,1784.0,32.0,1.0,112774.0,6.0
572,1412.0,59.0,0.9891326014879739,112776.0,6.0
573,1678.0,35.0,0.9631566778209232,112777.0,6.0
574,1788.0,46.0,1.0,112779.0,6.0
575,1771.0,15.0,1.0,112780.0,6.0
576,1676.0,43.0,0.9537956165990967,112781.0,6.0
577,2084.0,19.0,0.9708117683909085,112782.0,6.0
578,1772.0,15.0,0.9759821192829631,112784.0,6.0
579,1670.0,14.0,0.9807126316766073,112786.0,6.0
580,1720.0,17.0,0.985705569655072,112791.0,6.0
581,1773.0,15.0,0.9909875789786736,112793.0,6.0
582,1721.0,47.0,0.968889657361175,112794.0,6.0
583,1677.0,43.0,0.9832813580342946,112798.0,6.0
584,1775.0,7.0,0.9531432654460953,112801.0,6.0
585,2127.0,36.0,1.0,112803.0,6.0
586,1796.0,9.0,1.0,112806.0,6.0
587,1767.0,49.0,1.0,112807.0,6.0
588,1789.0,46.0,0.9639700420821533,112809.0,6.0
589,1666.0,44.0,1.0,112814.0,6.0
590,1679.0,35.0,1.0,112815.0,6.0
591,2249.0,4.0,0.9742045822900665,112816.0,6.0
592,1667.0,44.0,0.9743889997632403,112820.0,6.0
593,1791.0,46.0,1.0,112821.0,6.0
594,1607.0,33.0,0.9690167372262996,112825.0,6.0
595,1799.0,56.0,0.9598944251188867,112834.0,6.0
596,1777.0,12.0,0.9755258017992506,112835.0,6.0
597,1824.0,55.0,0.995132479626246,112838.0,6.0
598,2129.0,36.0,1.0,112839.0,6.0
599,1986.0,39.0,0.9501224857486159,112840.0,6.0
600,1668.0,44.0,0.9643038647523783,112842.0,6.0
601,1914.0,53.0,0.9747329501648065,112843.0,6.0
602,1672.0,14.0,0.961529507828462,112846.0,6.0
603,1800.0,9.0,1.0,112847.0,6.0
604,2252.0,4.0,0.9824787133498732,112848.0,6.0
605,1678.0,43.0,0.9818915921686189,112854.0,6.0
606,2256.0,5.0,0.9600609357201627,112857.0,6.0
607,1774.0,15.0,0.9545466004613886,112858.0,6.0
608,1727.0,17.0,0.990639553660902,112859.0,6.0
609,2253.0,4.0,0.9735421921906562,112865.0,6.0
610,1674.0,14.0,0.9901312995046886,112866.0,6.0
611,1813.0,28.0,0.9659459212925645,112870.0,6.0
612,1417.0,59.0,1.0,112873.0,6.0
613,1675.0,14.0,1.0,112874.0,6.0
614,1769.0,49.0,0.9887319765011655,112876.0,6.0
615,1729.0,17.0,0.9781818628160489,112878.0,6.0
616,2209.0,1.0,1.0,112881.0,6.0
617,1774.0,45.0,0.968103320105955,112882.0,6.0
618,1775.0,15.0,1.0,112883.0,6.0
619,1828.0,51.0,0.9710962816717805,112884.0,6.0
620,1824.0,8.0,0.9932827064976344,112887.0,6.0
621,2131.0,36.0,0.9673547934609806,112889.0,6.0
622,2258.0,4.0,0.9525421199634386,112891.0,6.0
623,1825.0,55.0,0.9895389500275958,112892.0,6.0
624,1676.0,14.0,0.985494595425683,112895.0,6.0
625,1800.0,56.0,0.9784398568085368,112897.0,6.0
626,1669.0,44.0,0.9599854367312393,112900.0,6.0
627,1730.0,17.0,0.9550623850150491,112903.0,6.0
628,2132.0,36.0,0.9896057624959606,112907.0,6.0
629,1724.0,16.0,0.9529816377308703,112908.0,6.0
630,1840.0,24.0,1.0,112913.0,6.0
631,2013.0,21.0,1.0,112916.0,6.0
632,1801.0,9.0,0.9822236293057025,112919.0,6.0
633,1932.0,40.0,0.9723642547447732,112920.0,6.0
634,1830.0,51.0,0.9749377938429206,112923.0,6.0
635,2211.0,1.0,0.9802885029500986,112924.0,6.0
636,1677.0,14.0,1.0,112925.0,6.0
637,1990.0,39.0,0.9739663221545818,112927.0,6.0
638,1801.0,56.0,0.9782160486183736,112928.0,6.0
639,2257.0,5.0,0.9711967330790328,112930.0,6.0
640,2088.0,18.0,0.9676322670035475,112932.0,6.0
641,1902.0,41.0,0.9646211120378003,112936.0,6.0
642,2262.0,4.0,0.9815822096819168,112937.0,6.0
643,1771.0,49.0,0.9828382078534891,112941.0,6.0
644,2061.0,38.0,1.0,112942.0,6.0
645,2263.0,4.0,0.9932475021134622,112945.0,6.0
646,1611.0,33.0,0.9548314292670391,112946.0,6.0
647,1714.0,34.0,0.983776502436902,112949.0,6.0
648,1815.0,28.0,0.9540225191578561,112966.0,6.0
649,1681.0,43.0,0.9869191302148606,112967.0,6.0
650,1707.0,42.0,1.0,112968.0,6.0
651,2265.0,4.0,0.9827934419826598,112973.0,6.0
652,1778.0,45.0,0.9811636380399823,112978.0,6.0
653,1880.0,6.0,0.9853354437484401,112979.0,6.0
654,2085.0,19.0,1.0,112982.0,6.0
655,1942.0,22.0,0.9630357730012903,112983.0,6.0
656,1826.0,55.0,0.9944551387164734,112985.0,6.0
657,1814.0,48.0,1.0,112988.0,6.0
658,1752.0,29.0,0.9747787395768873,112989.0,6.0
659,1728.0,47.0,1.0,112991.0,6.0
660,2137.0,36.0,0.976323891928937,112992.0,6.0
661,1776.0,7.0,0.9908749047694472,112997.0,6.0
662,2091.0,18.0,0.9830856351559176,112999.0,6.0
663,1877.0,52.0,0.9788892567698617,113005.0,6.0
664,2062.0,38.0,0.9690706709012767,113007.0,6.0
665,1709.0,42.0,0.9813009046401995,113009.0,6.0
666,1777.0,15.0,0.9925820776139873,113013.0,6.0
667,1825.0,8.0,1.0,113015.0,6.0
668,1682.0,43.0,1.0,113017.0,6.0
669,1710.0,42.0,0.9621328091278719,113019.0,6.0
670,1725.0,16.0,0.9510833961206081,113023.0,6.0
671,2214.0,1.0,0.9695616535802225,113026.0,6.0
672,1421.0,59.0,1.0,113027.0,6.0
673,2267.0,4.0,0.994958162844669,113030.0,6.0
674,1933.0,40.0,0.9715356687238013,113033.0,6.0
675,1815.0,48.0,0.9755571226159219,113034.0,6.0
676,2186.0,58.0,0.9751722526001447,113036.0,6.0
677,2015.0,21.0,1.0,113039.0,6.0
678,2203.0,2.0,0.9689472662172355,113041.0,6.0
679,1832.0,51.0,0.9620481081551121,113042.0,6.0
680,2259.0,5.0,0.9784274176009607,113043.0,6.0
681,2007.0,23.0,0.974026566243556,113045.0,6.0
682,1737.0,17.0,0.986441190014274,113046.0,6.0
683,1774.0,49.0,1.0,113048.0,6.0
684,1712.0,42.0,1.0,113049.0,6.0
685,1777.0,7.0,1.0,113050.0,6.0
686,2095.0,18.0,0.9726369077771148,113056.0,6.0
687,1679.0,14.0,0.9700082941395595,113057.0,6.0
688,1674.0,44.0,1.0,113058.0,6.0
689,1802.0,56.0,0.9831413724468765,113059.0,6.0
690,2178.0,3.0,0.9857829307817,113060.0,6.0
691,1779.0,45.0,1.0,113062.0,6.0
692,1683.0,43.0,0.9603097752583418,113063.0,6.0
693,1685.0,35.0,0.9818738389834512,113064.0,6.0
694,2017.0,21.0,0.9811514170481005,113069.0,6.0
695,2140.0,36.0,0.9584110843033576,113071.0,6.0
696,2261.0,5.0,0.9902800409958228,113081.0,6.0
697,2271.0,4.0,0.981629885845429,113083.0,6.0
698,1782.0,26.0,0.9816419030115873,113087.0,6.0
699,1778.0,7.0,1.0,113092.0,6.0
700,1803.0,56.0,0.9583451257196013,113093.0,6.0
701,2018.0,21.0,1.0,113094.0,6.0
702,1730.0,47.0,1.0,113097.0,6.0
703,1680.0,14.0,0.9870828431772344,113104.0,6.0
704,1779.0,7.0,1.0,113107.0,6.0
705,1779.0,12.0,1.0,113108.0,6.0
706,1816.0,48.0,0.9609116755153464,113110.0,6.0
707,1731.0,47.0,0.9595402312152564,113114.0,6.0
708,1798.0,46.0,0.9652745982570877,113116.0,6.0
709,1677.0,44.0,1.0,113118.0,6.0
710,2204.0,2.0,1.0,113122.0,6.0
711,1681.0,14.0,0.9696076279083584,113123.0,6.0
712,1827.0,55.0,0.9673016251872121,113124.0,6.0
713,1685.0,43.0,0.9572927699023703,113130.0,6.0
714,1778.0,49.0,1.0,113131.0,6.0
715,2217.0,1.0,0.9616885480867937,113132.0,6.0
716,1779.0,49.0,0.9522517816283504,113142.0,6.0
717,1686.0,43.0,1.0,113143.0,6.0
718,1780.0,12.0,0.953180678872079,113144.0,6.0
719,1732.0,47.0,0.9596146455852251,113145.0,6.0
720,2218.0,1.0,1.0,113146.0,6.0
721,1716.0,34.0,0.9915650195305953,113150.0,6.0
722,2008.0,23.0,0.9787817673420781,113152.0,6.0
723,1780.0,7.0,1.0,113153.0,6.0
724,1786.0,32.0,0.972257715606156,113154.0,6.0
725,1778.0,15.0,0.9790802911217806,113155.0,6.0
726,2144.0,36.0,0.9902177594106459,113158.0,6.0
727,2036.0,54.0,0.9855177682637987,113160.0,6.0
728,1995.0,39.0,0.9803946783643548,113162.0,6.0
729,1817.0,48.0,0.9784821387628265,113163.0,6.0
730,1881.0,52.0,0.9678457553340559,113167.0,6.0
731,1779.0,15.0,1.0,113168.0,6.0
732,2037.0,54.0,1.0,113170.0,6.0
733,1817.0,28.0,1.0,113171.0,6.0
734,1688.0,35.0,1.0,113172.0,6.0
735,1614.0,33.0,0.9787044788266142,113173.0,6.0
736,1727.0,16.0,1.0,113175.0,6.0
737,1717.0,34.0,1.0,113176.0,6.0
738,1715.0,42.0,0.9952468226512554,113180.0,6.0
739,2097.0,18.0,0.9965224125376824,113182.0,6.0
740,1728.0,16.0,1.0,113186.0,6.0
741,1785.0,50.0,0.9644410461132706,113189.0,6.0
742,1755.0,29.0,1.0,113190.0,6.0
743,1828.0,55.0,1.0,113191.0,6.0
744,1780.0,49.0,0.9810795542170683,113192.0,6.0
745,1689.0,35.0,1.0,113193.0,6.0
746,2127.0,37.0,1.0,113194.0,6.0
747,1729.0,16.0,0.9925744565778477,113195.0,6.0
748,1730.0,16.0,0.9897288312610835,113198.0,6.0
749,1883.0,52.0,0.9691638796282641,113202.0,6.0
750,2146.0,36.0,0.9919806321342757,113203.0,6.0
751,1918.0,53.0,0.9674223111048987,113205.0,6.0
752,1882.0,6.0,0.992943869109701,113206.0,6.0
753,2279.0,4.0,0.9803232206131565,113208.0,6.0
754,2038.0,54.0,0.9507581490227653,113209.0,6.0
755,1936.0,40.0,1.0,113211.0,6.0
756,1781.0,12.0,0.9758870846881862,113212.0,6.0
757,1788.0,32.0,0.9823224096401687,113213.0,6.0
758,1803.0,46.0,0.9631408137663687,113214.0,6.0
759,2213.0,57.0,0.9835177721668618,113217.0,6.0
760,1782.0,12.0,1.0,113219.0,6.0
761,2262.0,5.0,0.9707278493408071,113222.0,6.0
762,2100.0,18.0,0.9811153690886028,113226.0,6.0
763,1919.0,53.0,1.0,113227.0,6.0
764,1617.0,33.0,0.9744940066497321,113233.0,6.0
765,1742.0,17.0,0.9531922262220884,113253.0,6.0
766,1720.0,34.0,1.0,113262.0,6.0
767,1818.0,48.0,0.9522799088666372,113263.0,6.0
768,2009.0,23.0,0.9794785822805906,113264.0,6.0
769,1786.0,26.0,1.0,113265.0,6.0
770,1710.0,11.0,0.9626972458991778,113266.0,6.0
771,1682.0,14.0,1.0,113270.0,6.0
772,1846.0,31.0,0.9766083394016277,113275.0,6.0
773,2000.0,39.0,1.0,113282.0,6.0
774,1805.0,56.0,0.9857350457524003,113284.0,6.0
775,1688.0,43.0,0.9626776315242599,113285.0,6.0
776,1814.0,9.0,0.9675162854072947,113286.0,6.0
777,1721.0,34.0,0.9887085595482308,113288.0,6.0
778,1819.0,48.0,1.0,113289.0,6.0
779,1757.0,29.0,0.9651906107587642,113290.0,6.0
780,1885.0,52.0,0.9783686146834645,113292.0,6.0
781,1711.0,11.0,0.9557267385172682,113293.0,6.0
782,1784.0,45.0,0.9826118867724913,113294.0,6.0
783,1847.0,31.0,1.0,113298.0,6.0
784,2088.0,19.0,0.9655797993926453,113303.0,6.0
785,1820.0,48.0,0.9829223758635672,113304.0,6.0
786,2151.0,36.0,0.976136063589422,113305.0,6.0
787,1884.0,6.0,0.9755264880002742,113307.0,6.0
788,1736.0,16.0,1.0,113308.0,6.0
789,2153.0,36.0,0.9821890363948905,113312.0,6.0
790,2010.0,23.0,0.952582386325164,113315.0,6.0
791,1784.0,12.0,0.966494712310788,113318.0,6.0
792,1783.0,7.0,1.0,113319.0,6.0
793,2024.0,21.0,0.9506993195826074,113325.0,6.0
794,1712.0,11.0,1.0,113327.0,6.0
795,1737.0,16.0,0.9770957452701348,113330.0,6.0
796,1784.0,7.0,0.9543505101564377,113332.0,6.0
797,1789.0,26.0,0.9785387510560088,113333.0,6.0
798,1713.0,11.0,1.0,113334.0,6.0
799,2224.0,1.0,0.982739501691614,113338.0,6.0
800,1945.0,22.0,1.0,113339.0,6.0
801,2103.0,18.0,0.9732835985433765,113340.0,6.0
802,1860.0,27.0,0.9604854382813806,113341.0,6.0
803,1861.0,27.0,0.9813488841076281,113342.0,6.0
804,1784.0,49.0,0.9673703633137678,113343.0,6.0
805,1789.0,32.0,0.9882351827997247,113344.0,6.0
806,1681.0,44.0,0.9607794180638007,113346.0,6.0
807,1685.0,14.0,1.0,113348.0,6.0
808,1846.0,24.0,0.9774032582935727,113349.0,6.0
809,1694.0,35.0,0.9949285131531833,113351.0,6.0
810,1937.0,40.0,0.9632566271404153,113354.0,6.0
811,2225.0,1.0,0.9864828857621802,113355.0,6.0
812,1938.0,40.0,0.9736428993418207,113358.0,6.0
813,1785.0,7.0,0.9514866622676521,113361.0,6.0
814,1790.0,32.0,0.9619572735177159,113364.0,6.0
815,2064.0,38.0,0.9637365758578008,113365.0,6.0
816,1758.0,29.0,1.0,113366.0,6.0
817,2001.0,39.0,0.9733260432682032,113367.0,6.0
818,1786.0,50.0,0.9886650529263752,113372.0,6.0
819,1848.0,24.0,0.9776440647722816,113374.0,6.0
820,2040.0,54.0,0.969362389852707,113379.0,6.0
821,1759.0,29.0,0.9848497777618418,113381.0,6.0
822,1785.0,12.0,0.9653461464740805,113384.0,6.0
823,1760.0,29.0,0.9534403772526557,113386.0,6.0
824,1761.0,29.0,1.0,113390.0,6.0
825,2026.0,21.0,1.0,113392.0,6.0
826,1619.0,33.0,0.9731716602331906,113393.0,6.0
827,1862.0,27.0,0.9574473935393784,113397.0,6.0
828,1829.0,8.0,0.9644703494260397,113399.0,6.0
829,1722.0,34.0,0.964164429503912,113400.0,6.0
830,1808.0,46.0,0.9638536290247326,113403.0,6.0
831,1886.0,52.0,0.9695460277651167,113404.0,6.0
832,1831.0,55.0,0.9683780001012272,113405.0,6.0
833,2027.0,21.0,0.9821305844801013,113407.0,6.0
834,1785.0,49.0,1.0,113409.0,6.0
835,1686.0,14.0,0.9681499997712384,113416.0,6.0
836,2264.0,5.0,1.0,113418.0,6.0
837,1684.0,44.0,0.9813479981051093,113422.0,6.0
838,1744.0,17.0,0.9546023371482742,113426.0,6.0
839,1818.0,9.0,1.0,113427.0,6.0
840,1621.0,33.0,0.9701200819466561,113436.0,6.0
841,1717.0,42.0,0.971412679733602,113439.0,6.0
842,1687.0,14.0,0.9654143827682615,113446.0,6.0
843,1736.0,47.0,0.984925067824314,113450.0,6.0
844,1697.0,35.0,0.9947938075789312,113453.0,6.0
845,2228.0,1.0,1.0,113456.0,6.0
846,1786.0,12.0,0.9783976898525512,113459.0,6.0
847,2066.0,38.0,0.9776221716639033,113460.0,6.0
848,2042.0,54.0,1.0,113463.0,6.0
849,1820.0,9.0,1.0,113464.0,6.0
850,1810.0,46.0,0.9669969542597427,113465.0,6.0
851,1822.0,48.0,1.0,113467.0,6.0
852,1832.0,55.0,1.0,113468.0,6.0
853,2266.0,5.0,0.9830814379572997,113469.0,6.0
854,2004.0,39.0,0.9810782868292126,113470.0,6.0
855,2067.0,38.0,0.9531474947539976,113471.0,6.0
856,2216.0,57.0,0.9691329111952024,113472.0,6.0
857,1823.0,48.0,1.0,113473.0,6.0
858,1687.0,44.0,0.9877013919119345,113480.0,6.0
859,2267.0,5.0,0.9735974283907974,113481.0,6.0
860,1839.0,51.0,1.0,113483.0,6.0
861,1763.0,29.0,1.0,113484.0,6.0
862,1740.0,16.0,0.9957017059101378,113486.0,6.0
863,2268.0,5.0,0.9644566333713466,113488.0,6.0
864,1693.0,43.0,0.9572236070717142,113489.0,6.0
865,1808.0,56.0,0.9808080899362814,113490.0,6.0
866,2005.0,39.0,0.9578123306391464,113491.0,6.0
867,1823.0,28.0,0.9882566635174076,113493.0,6.0
868,1789.0,7.0,0.9721723706253054,113495.0,6.0
869,1723.0,34.0,0.9514814608026658,113497.0,6.0
870,1939.0,40.0,0.9701189068114029,113499.0,6.0
871,2110.0,18.0,1.0,113500.0,6.0
872,1850.0,24.0,0.9768259448878122,113501.0,6.0
873,2269.0,5.0,0.9548698665678099,113502.0,6.0
874,1906.0,41.0,0.9746163285000831,113506.0,6.0
875,1688.0,14.0,1.0,113507.0,6.0
876,1864.0,27.0,1.0,113511.0,6.0
877,1812.0,46.0,0.9878942026123414,113512.0,6.0
878,1694.0,43.0,0.9684860161625799,113516.0,6.0
879,2286.0,4.0,1.0,113519.0,6.0
880,1813.0,46.0,0.9894478724616583,113520.0,6.0
881,1833.0,55.0,0.9845346187872991,113523.0,6.0
882,2068.0,38.0,1.0,113524.0,6.0
883,1741.0,16.0,0.9818913866733878,113527.0,6.0
884,2028.0,21.0,0.9595524443564287,113528.0,6.0
885,1789.0,45.0,0.950390732547167,113531.0,6.0
886,1850.0,31.0,0.9717284420506646,113535.0,6.0
887,1816.0,46.0,0.9631255501861551,113536.0,6.0
888,1742.0,16.0,0.9826915946784239,113538.0,6.0
889,1781.0,15.0,0.9740180784087991,113541.0,6.0
890,1623.0,33.0,0.9707070310480006,113542.0,6.0
891,1792.0,7.0,0.9583289696798367,113543.0,6.0
892,1834.0,55.0,1.0,113546.0,6.0
893,1824.0,28.0,1.0,113548.0,6.0
894,1695.0,43.0,0.956714017893399,113549.0,6.0
895,2181.0,3.0,0.962058458636252,113550.0,6.0
896,1696.0,43.0,1.0,113553.0,6.0
897,2008.0,39.0,0.9830523587778595,113554.0,6.0
898,2029.0,21.0,0.9824018519122057,113556.0,6.0
899,1831.0,8.0,0.9896050884508593,113557.0,6.0
900,2270.0,5.0,0.9820088769265103,113562.0,6.0
901,1835.0,55.0,0.9794023297043344,113564.0,6.0
902,2089.0,19.0,0.9780768604587161,113565.0,6.0
903,1791.0,49.0,0.9732895828378932,113566.0,6.0
904,2159.0,36.0,0.990874111602283,113567.0,6.0
905,1691.0,44.0,0.9716888812039295,113568.0,6.0
906,2133.0,37.0,0.9629982285651698,113569.0,6.0
907,1715.0,10.0,0.9688416953182541,113574.0,6.0
908,2046.0,20.0,0.9692388906297826,113581.0,6.0
909,1823.0,9.0,1.0,113582.0,6.0
910,1825.0,48.0,1.0,113587.0,6.0
911,1940.0,40.0,0.9795164571254089,113589.0,6.0
912,1941.0,40.0,1.0,113590.0,6.0
913,1824.0,9.0,0.9648753773878896,113595.0,6.0
914,1826.0,48.0,0.9594417876469806,113597.0,6.0
915,1845.0,51.0,0.9572694850571013,113598.0,6.0
916,2232.0,1.0,0.9919795960789956,113599.0,6.0
917,2182.0,3.0,1.0,113600.0,6.0
918,1792.0,26.0,0.9571529725231888,113601.0,6.0
919,1827.0,28.0,1.0,113602.0,6.0
920,2233.0,1.0,0.995412291507731,113603.0,6.0
921,1690.0,14.0,0.962037458073349,113604.0,6.0
922,2161.0,36.0,0.9607905479128726,113605.0,6.0
923,1791.0,45.0,0.9507928420199548,113610.0,6.0
924,2288.0,4.0,0.9610257775741723,113611.0,6.0
925,1942.0,40.0,1.0,113616.0,6.0
926,1691.0,14.0,0.9938572320404226,113617.0,6.0
927,2044.0,54.0,0.9535082000569102,113622.0,6.0
928,1722.0,42.0,1.0,113623.0,6.0
929,1832.0,8.0,1.0,113626.0,6.0
930,1793.0,45.0,0.9671595497095734,113630.0,6.0
931,1698.0,35.0,1.0,113631.0,6.0
932,1792.0,32.0,1.0,113633.0,6.0
933,1853.0,24.0,1.0,113637.0,6.0
934,2011.0,23.0,0.976680888858831,113638.0,6.0
935,2162.0,36.0,0.9939996795222257,113640.0,6.0
936,2111.0,18.0,1.0,113642.0,6.0
937,1793.0,32.0,0.9573859958664245,113643.0,6.0
938,1928.0,53.0,1.0,113647.0,6.0
939,1694.0,44.0,1.0,113652.0,6.0
940,2290.0,4.0,0.9940056204507804,113653.0,6.0
941,1929.0,53.0,0.992696629173362,113658.0,6.0
942,1828.0,9.0,0.958679083656992,113662.0,6.0
943,2183.0,3.0,0.9911398383254002,113668.0,6.0
944,1627.0,33.0,0.9824160439976408,113678.0,6.0
945,1727.0,42.0,0.9686571329885417,113684.0,6.0
946,1699.0,35.0,0.9510443700191542,113688.0,6.0
947,2069.0,38.0,1.0,113693.0,6.0
948,1728.0,42.0,0.9685420067011489,113696.0,6.0
949,2047.0,20.0,0.958754109261447,113697.0,6.0
950,1833.0,8.0,0.9584892495816979,113702.0,6.0
951,2030.0,21.0,0.9660681489848675,113704.0,6.0
952,1765.0,29.0,0.9873972585918173,113705.0,6.0
953,1856.0,24.0,0.9865420090794319,113706.0,6.0
954,2070.0,38.0,0.9811509372083356,113709.0,6.0
955,1943.0,40.0,0.9587965513379882,113712.0,6.0
956,2112.0,18.0,1.0,113714.0,6.0
957,1829.0,48.0,0.9676927950329237,113715.0,6.0
958,1716.0,11.0,1.0,113721.0,6.0
959,1854.0,31.0,1.0,113722.0,6.0
960,1834.0,30.0,0.9743986308932889,113723.0,6.0
961,1740.0,47.0,1.0,113730.0,6.0
962,1788.0,12.0,0.96046563485934,113731.0,6.0
963,2219.0,57.0,1.0,113733.0,6.0
964,1695.0,44.0,0.9748417071808584,113736.0,6.0
965,2165.0,36.0,1.0,113746.0,6.0
966,2032.0,21.0,0.9925445258414249,113747.0,6.0
967,1846.0,51.0,1.0,113751.0,6.0
968,2014.0,39.0,0.9764921893633567,113752.0,6.0
969,1783.0,15.0,1.0,113753.0,6.0
970,1893.0,52.0,1.0,113755.0,6.0
971,1701.0,35.0,0.973229910484112,113756.0,6.0
972,2184.0,3.0,1.0,113757.0,6.0
973,1693.0,14.0,1.0,113759.0,6.0
974,1795.0,45.0,0.982325096353592,113760.0,6.0
975,1794.0,32.0,1.0,113761.0,6.0
976,1799.0,49.0,1.0,113764.0,6.0
977,1796.0,45.0,1.0,113770.0,6.0
978,1858.0,24.0,0.9651348277063884,113771.0,6.0
979,1767.0,29.0,0.9760783527058813,113777.0,6.0
980,1698.0,43.0,0.9761291845669475,113780.0,6.0
981,2047.0,54.0,0.9751195416853876,113781.0,6.0
982,1699.0,43.0,0.9760348648913777,113782.0,6.0
983,1717.0,11.0,1.0,113783.0,6.0
984,1789.0,12.0,0.9623562648451622,113784.0,6.0
985,2237.0,1.0,0.9798820684714797,113785.0,6.0
986,2091.0,19.0,0.9824969510903638,113787.0,6.0
987,1725.0,34.0,0.9752720113025777,113790.0,6.0
988,1859.0,24.0,1.0,113793.0,6.0
989,2115.0,18.0,1.0,113797.0,6.0
990,1839.0,55.0,0.9697759712707806,113799.0,6.0
991,2116.0,18.0,1.0,113805.0,6.0
992,2049.0,54.0,0.9629999399565936,113808.0,6.0
993,2035.0,21.0,0.9832395195406414,113813.0,6.0
994,2166.0,36.0,1.0,113819.0,6.0
995,1726.0,34.0,0.9723932979167236,113820.0,6.0
996,1791.0,12.0,1.0,113821.0,6.0
997,1835.0,30.0,0.9836287991007233,113824.0,6.0
998,2167.0,36.0,0.9830766099601285,113826.0,6.0
999,2273.0,5.0,0.9751033500618431,113827.0,6.0
1000,1931.0,53.0,0.9893204868381914,113829.0,6.0
1001,1718.0,11.0,0.9502324678038271,113832.0,6.0
1002,2274.0,5.0,0.9777719974131065,113833.0,6.0
1003,1860.0,31.0,1.0,113834.0,6.0
1004,2036.0,21.0,0.9726088951493636,113835.0,6.0
1005,1932.0,53.0,1.0,113836.0,6.0
1006,1801.0,49.0,0.9672665874085152,113837.0,6.0
1007,2185.0,3.0,0.9610383064224028,113838.0,6.0
1008,1833.0,28.0,0.9571994024805766,113839.0,6.0
1009,1747.0,17.0,0.996302602845785,113840.0,6.0
1010,1910.0,41.0,0.9826367939363754,113841.0,6.0
1011,1796.0,32.0,1.0,113844.0,6.0
1012,1862.0,24.0,0.9617454417837354,113845.0,6.0
1013,1953.0,22.0,1.0,113847.0,6.0
1014,2213.0,2.0,0.9713356989257164,113848.0,6.0
1015,2214.0,2.0,1.0,113851.0,6.0
1016,1798.0,26.0,1.0,113853.0,6.0
1017,1945.0,40.0,0.9546229356188543,113854.0,6.0
1018,2293.0,4.0,0.9799278156652262,113859.0,6.0
1019,1849.0,51.0,0.9911848931201525,113860.0,6.0
1020,2137.0,37.0,1.0,113863.0,6.0
1021,2169.0,36.0,0.9799114100566736,113864.0,6.0
1022,1768.0,29.0,0.9695527046391482,113867.0,6.0
1023,1836.0,8.0,1.0,113871.0,6.0
1024,1861.0,31.0,0.9634642060721321,113874.0,6.0
1025,1727.0,34.0,0.9775958832662139,113886.0,6.0
1026,1629.0,33.0,0.9698285074189523,113888.0,6.0
1027,1630.0,33.0,1.0,113901.0,6.0
1028,1731.0,42.0,1.0,113903.0,6.0
1029,1792.0,12.0,0.9527981349296145,113905.0,6.0
1030,1699.0,44.0,0.9620889279953576,113910.0,6.0
1031,1798.0,32.0,0.9787103257166798,113912.0,6.0
1032,1832.0,48.0,0.96393245028042,113914.0,6.0
1033,1700.0,43.0,0.9786060813407159,113918.0,6.0
1034,1632.0,33.0,1.0,113922.0,6.0
1035,1912.0,41.0,0.9944102212777497,113928.0,6.0
1036,1805.0,49.0,1.0,113930.0,6.0
1037,1695.0,14.0,0.9651514406660718,113932.0,6.0
1038,1769.0,29.0,1.0,113935.0,6.0
1039,1701.0,44.0,0.9692286171995785,113937.0,6.0
1040,1833.0,48.0,0.9735824740789984,113938.0,6.0
1041,1900.0,52.0,0.9829901762332734,113939.0,6.0
1042,1800.0,32.0,1.0,113940.0,6.0
1043,1793.0,12.0,0.9524810361927414,113941.0,6.0
1044,2017.0,39.0,0.9809777682035713,113944.0,6.0
1045,1728.0,34.0,0.9779586061141202,113945.0,6.0
1046,2123.0,18.0,1.0,113948.0,6.0
1047,2296.0,4.0,0.9751475156457581,113950.0,6.0
1048,2124.0,18.0,0.9919276290552198,113951.0,6.0
1049,1946.0,40.0,0.9754708380661068,113952.0,6.0
1050,1796.0,7.0,0.9693307759507919,113956.0,6.0
1051,1806.0,49.0,1.0,113959.0,6.0
1052,1799.0,26.0,0.9525559845694804,113960.0,6.0
1053,2140.0,37.0,1.0,113963.0,6.0
1054,1889.0,6.0,0.9782635805411117,113964.0,6.0
1055,2020.0,39.0,0.9736509913744581,113965.0,6.0
1056,1842.0,55.0,0.9933308840475692,113966.0,6.0
1057,1914.0,41.0,1.0,113967.0,6.0
1058,1800.0,26.0,1.0,113969.0,6.0
1059,1957.0,22.0,0.9758791465500475,113974.0,6.0
1060,1807.0,49.0,0.9619205910066957,113975.0,6.0
1061,2186.0,3.0,0.9615484682036789,113983.0,6.0
1062,1936.0,53.0,0.996167263020861,113989.0,6.0
1063,1835.0,28.0,1.0,113991.0,6.0
1064,2141.0,37.0,1.0,114001.0,6.0
1065,1839.0,8.0,0.9763852666394853,114002.0,6.0
1066,2172.0,36.0,0.9942075541709006,114006.0,6.0
1067,1815.0,56.0,0.9693533489188997,114007.0,6.0
1068,1750.0,17.0,0.9781516557328743,114010.0,6.0
1069,1793.0,25.0,1.0,114011.0,6.0
1070,1809.0,49.0,1.0,114012.0,6.0
1071,2187.0,58.0,1.0,114013.0,6.0
1072,1816.0,56.0,1.0,114014.0,6.0
1073,2238.0,1.0,0.9543833698357218,114015.0,6.0
1074,1915.0,41.0,1.0,114018.0,6.0
1075,1833.0,9.0,0.9787886105656889,114020.0,6.0
1076,1637.0,33.0,0.9746561434191638,114022.0,6.0
1077,1902.0,52.0,1.0,114027.0,6.0
1078,1827.0,46.0,0.9809387456839761,114029.0,6.0
1079,1865.0,31.0,0.9843959350100037,114030.0,6.0
1080,2240.0,1.0,1.0,114031.0,6.0
1081,1868.0,27.0,0.9790274958612201,114036.0,6.0
1082,1835.0,48.0,0.9851320860027004,114040.0,6.0
1083,2073.0,38.0,1.0,114044.0,6.0
1084,2053.0,54.0,0.9648081358762091,114047.0,6.0
1085,1735.0,42.0,0.975600590017864,114048.0,6.0
1086,1638.0,33.0,1.0,114055.0,6.0
1087,2126.0,18.0,1.0,114056.0,6.0
1088,1851.0,51.0,0.9781658509895744,114057.0,6.0
1089,2023.0,39.0,0.9815740151855775,114060.0,6.0
1090,2188.0,58.0,1.0,114061.0,6.0
1091,2298.0,4.0,1.0,114062.0,6.0
1092,1916.0,41.0,0.9905075447897596,114076.0,6.0
1093,1798.0,7.0,0.966035314443986,114083.0,6.0
1094,1700.0,14.0,0.9664512518726079,114087.0,6.0
1095,1837.0,28.0,0.9702131098104111,114088.0,6.0
1096,1771.0,29.0,0.9828901766847298,114089.0,6.0
1097,2223.0,57.0,1.0,114094.0,6.0
1098,1795.0,12.0,0.9834643730336629,114095.0,6.0
1099,1837.0,30.0,0.9813155855957241,114096.0,6.0
1100,1702.0,44.0,1.0,114097.0,6.0
1101,2048.0,20.0,1.0,114098.0,6.0
1102,1938.0,53.0,0.9588701235510069,114100.0,6.0
1103,1701.0,14.0,0.9823501643291337,114103.0,6.0
1104,2127.0,18.0,0.9670828161652067,114106.0,6.0
1105,1854.0,51.0,0.9912250840708948,114107.0,6.0
1106,2147.0,37.0,0.9726420197382031,114109.0,6.0
1107,1838.0,28.0,1.0,114110.0,6.0
1108,1701.0,43.0,1.0,114111.0,6.0
1109,1818.0,56.0,0.9910847987938037,114112.0,6.0
1110,2218.0,2.0,0.9788576110733271,114117.0,6.0
1111,1804.0,32.0,0.9725670772748307,114118.0,6.0
1112,1795.0,25.0,0.9778282852073206,114125.0,6.0
1113,1870.0,27.0,1.0,114126.0,6.0
1114,2148.0,37.0,0.965996363008163,114127.0,6.0
1115,1712.0,35.0,0.9878782468776712,114128.0,6.0
1116,2189.0,58.0,0.9931561766901367,114129.0,6.0
1117,2057.0,54.0,0.9829761667487275,114130.0,6.0
1118,2224.0,57.0,0.987143959761496,114131.0,6.0
1119,1829.0,46.0,0.9870772687585921,114134.0,6.0
1120,2049.0,20.0,0.979030649898285,114135.0,6.0
1121,1721.0,11.0,1.0,114136.0,6.0
1122,2190.0,3.0,0.9793932431246262,114138.0,6.0
1123,2191.0,3.0,0.9813039885998331,114140.0,6.0
1124,1747.0,16.0,0.966503163298625,114143.0,6.0
1125,2094.0,19.0,0.9873871710410363,114146.0,6.0
1126,1893.0,6.0,0.954423648047664,114152.0,6.0
1127,1774.0,29.0,0.9637414992829302,114155.0,6.0
1128,2128.0,18.0,1.0,114156.0,6.0
1129,1841.0,8.0,0.9838426347403776,114159.0,6.0
1130,1856.0,51.0,0.9636682749966656,114168.0,6.0
1131,1806.0,13.0,0.9635989362125623,114171.0,6.0
1132,1713.0,35.0,0.9707885401853328,114173.0,6.0
1133,1835.0,9.0,0.9600163715671424,114176.0,6.0
1134,2026.0,39.0,1.0,114177.0,6.0
1135,1872.0,27.0,1.0,114181.0,6.0
1136,1836.0,9.0,0.968803891249276,114183.0,6.0
1137,1753.0,17.0,1.0,114189.0,6.0
1138,2219.0,2.0,0.9818359488218974,114196.0,6.0
1139,2220.0,2.0,0.9909528014845809,114197.0,6.0
1140,1730.0,34.0,0.9828055554913896,114199.0,6.0
1141,1644.0,33.0,0.9687113148478221,114206.0,6.0
1142,1645.0,33.0,0.9752680044876608,114207.0,6.0
1143,1703.0,14.0,1.0,114216.0,6.0
1144,1810.0,49.0,0.988915596228551,114228.0,6.0
1145,2247.0,1.0,1.0,114229.0,6.0
1146,2221.0,2.0,1.0,114234.0,6.0
1147,1964.0,22.0,1.0,114236.0,6.0
1148,2302.0,4.0,0.9819929809839388,114237.0,6.0
1149,1756.0,17.0,0.9845119813382682,114239.0,6.0
1150,2130.0,18.0,1.0,114240.0,6.0
1151,1871.0,31.0,0.9839370783974924,114241.0,6.0
1152,1965.0,22.0,1.0,114242.0,6.0
1153,1704.0,14.0,1.0,114246.0,6.0
1154,1807.0,13.0,1.0,114247.0,6.0
1155,1799.0,7.0,1.0,114248.0,6.0
1156,1811.0,49.0,1.0,114252.0,6.0
1157,1797.0,12.0,0.9542803648590884,114254.0,6.0
1158,1894.0,6.0,0.9604736074302972,114255.0,6.0
1159,2225.0,57.0,0.9879970529085151,114259.0,6.0
1160,1808.0,26.0,1.0,114261.0,6.0
1161,2170.0,0.0,0.9667281729219379,114262.0,6.0
1162,2190.0,58.0,0.9810314878599083,114267.0,6.0
1163,2222.0,2.0,0.9527834912498983,114271.0,6.0
1164,1799.0,12.0,0.9525493802370539,114272.0,6.0
1165,1808.0,13.0,0.979626918370823,114274.0,6.0
1166,2150.0,37.0,1.0,114276.0,6.0
1167,1858.0,51.0,1.0,114278.0,6.0
1168,2192.0,3.0,0.9778349461199535,114280.0,6.0
1169,1842.0,8.0,0.9812462544501575,114283.0,6.0
1170,2191.0,58.0,0.9801956359230323,114285.0,6.0
1171,1840.0,30.0,0.9733483125327818,114286.0,6.0
1172,1967.0,22.0,1.0,114288.0,6.0
1173,1875.0,31.0,1.0,114290.0,6.0
1174,1948.0,40.0,0.9739074049743144,114293.0,6.0
1175,1775.0,29.0,0.9778503477273212,114296.0,6.0
1176,1745.0,47.0,0.9953481757562754,114297.0,6.0
1177,2028.0,39.0,0.9743093534646912,114298.0,6.0
1178,2283.0,5.0,0.9526387189458955,114299.0,6.0
1179,2014.0,23.0,0.9675082955584831,114301.0,6.0
1180,2249.0,1.0,0.978268273604227,114303.0,6.0
1181,2096.0,19.0,1.0,114305.0,6.0
1182,2015.0,23.0,0.956652621683989,114312.0,6.0
1183,1873.0,27.0,1.0,114314.0,6.0
1184,1822.0,56.0,0.9830637141283323,114315.0,6.0
1185,1843.0,8.0,1.0,114317.0,6.0
1186,2077.0,38.0,0.9838408208162408,114318.0,6.0
1187,1806.0,45.0,0.9509227597418234,114319.0,6.0
1188,1746.0,47.0,1.0,114320.0,6.0
1189,1809.0,13.0,0.9584722487739739,114322.0,6.0
1190,1807.0,45.0,0.9595476231845872,114326.0,6.0
1191,2171.0,0.0,0.9779410076792069,114328.0,6.0
1192,1800.0,12.0,0.9614789788558424,114330.0,6.0
1193,1874.0,27.0,1.0,114331.0,6.0
1194,2050.0,20.0,0.962245441720975,114333.0,6.0
1195,2099.0,19.0,1.0,114336.0,6.0
1196,1810.0,13.0,0.9601008213320282,114342.0,6.0
1197,1876.0,27.0,0.9678297183936941,114343.0,6.0
1198,1841.0,30.0,1.0,114344.0,6.0
1199,1844.0,8.0,0.9737964433841524,114345.0,6.0
1200,1706.0,44.0,0.9657743740644162,114347.0,6.0
1201,2045.0,21.0,0.9798624209021396,114348.0,6.0
1202,1845.0,8.0,0.9590226171175319,114355.0,6.0
1203,1842.0,30.0,0.9698262134811972,114356.0,6.0
1204,2061.0,54.0,0.9912249720140125,114358.0,6.0
1205,1870.0,24.0,1.0,114362.0,6.0
1206,1707.0,44.0,0.9785326183480402,114365.0,6.0
1207,2016.0,23.0,0.974721085880268,114366.0,6.0
1208,1850.0,55.0,0.971315545018729,114372.0,6.0
1209,1862.0,51.0,0.9817800162446284,114373.0,6.0
1210,1798.0,25.0,1.0,114374.0,6.0
1211,1787.0,15.0,0.9694938497017067,114376.0,6.0
1212,1741.0,42.0,0.9621949967120902,114379.0,6.0
1213,1851.0,55.0,0.9852290383674664,114381.0,6.0
1214,1876.0,31.0,1.0,114383.0,6.0
1215,2030.0,39.0,1.0,114384.0,6.0
1216,1748.0,47.0,0.9681667425412185,114389.0,6.0
1217,1846.0,8.0,0.9520190573373059,114391.0,6.0
1218,2031.0,39.0,0.9823562551258974,114395.0,6.0
1219,2226.0,57.0,0.9780348029900626,114397.0,6.0
1220,1810.0,26.0,0.9615505123692927,114403.0,6.0
1221,2063.0,54.0,0.9850766208525691,114404.0,6.0
1222,2176.0,36.0,0.9817597306657817,114405.0,6.0
1223,2252.0,1.0,0.9823556149169386,114407.0,6.0
1224,1813.0,32.0,0.9882881615581619,114409.0,6.0
1225,2288.0,5.0,0.9790471654728594,114415.0,6.0
1226,1802.0,12.0,0.9956618959230671,114416.0,6.0
1227,2101.0,19.0,1.0,114418.0,6.0
1228,1838.0,9.0,1.0,114421.0,6.0
1229,1733.0,34.0,0.9541309470164175,114423.0,6.0
1230,1788.0,15.0,0.9900641047239006,114424.0,6.0
1231,1742.0,42.0,0.9820256525802793,114427.0,6.0
1232,2153.0,37.0,0.9695230867962499,114429.0,6.0
1233,1950.0,40.0,0.9819839015168728,114431.0,6.0
1234,1789.0,15.0,0.9844406247781143,114432.0,6.0
1235,1918.0,41.0,0.9604034061566501,114433.0,6.0
1236,2154.0,37.0,0.9923522095653905,114438.0,6.0
1237,1919.0,41.0,0.9762214558856782,114439.0,6.0
1238,1951.0,40.0,0.9510892267584928,114441.0,6.0
1239,2195.0,3.0,0.968922996236538,114444.0,6.0
1240,1952.0,40.0,1.0,114445.0,6.0
1241,1718.0,35.0,0.9634760248068864,114446.0,6.0
1242,2033.0,39.0,0.9609648097968363,114447.0,6.0
1243,1806.0,7.0,0.9567581907829239,114449.0,6.0
1244,1972.0,22.0,0.9825225180527707,114450.0,6.0
1245,2177.0,36.0,0.9898793472764563,114451.0,6.0
1246,1907.0,52.0,0.9789152055531606,114452.0,6.0
1247,1839.0,9.0,0.9746547016486943,114456.0,6.0
1248,1877.0,27.0,0.9801728498722846,114463.0,6.0
1249,2078.0,38.0,0.9799654215573753,114464.0,6.0
1250,2194.0,58.0,0.9865868987389349,114465.0,6.0
1251,1809.0,7.0,1.0,114474.0,6.0
1252,1824.0,56.0,1.0,114477.0,6.0
1253,1750.0,47.0,0.9713305241827114,114480.0,6.0
1254,2178.0,36.0,0.9508444720202897,114484.0,6.0
1255,1974.0,22.0,0.9527237082417496,114485.0,6.0
1256,1790.0,50.0,1.0,114487.0,6.0
1257,1845.0,30.0,0.9819412436951859,114493.0,6.0
1258,1650.0,33.0,0.9771757197072445,114499.0,6.0
1259,1652.0,33.0,0.9584548409387822,114501.0,6.0
1260,2079.0,38.0,0.9849942189882285,114504.0,6.0
1261,1651.0,33.0,0.9626791684556594,114506.0,6.0
1262,1649.0,33.0,0.9532777527558265,114512.0,6.0
1263,1751.0,47.0,0.958808869648486,114518.0,6.0
1264,1840.0,9.0,0.9875494066336511,114534.0,6.0
1265,1811.0,45.0,0.9949260483268169,114545.0,6.0
1266,2080.0,38.0,0.952423144423419,114552.0,6.0
1267,2052.0,20.0,0.9743186423286255,114553.0,6.0
1268,1758.0,17.0,1.0,114561.0,6.0
1269,1855.0,55.0,0.9654570260968802,114562.0,6.0
1270,2227.0,2.0,0.974914173629232,114563.0,6.0
1271,2291.0,5.0,0.9740209695620499,114566.0,6.0
1272,2017.0,23.0,1.0,114569.0,6.0
1273,2156.0,37.0,0.9820429778182208,114571.0,6.0
1274,2102.0,19.0,0.9957770008265334,114572.0,6.0
1275,1841.0,48.0,0.9684945217234971,114573.0,6.0
1276,2229.0,2.0,1.0,114574.0,6.0
1277,1848.0,28.0,0.968973172728966,114575.0,6.0
1278,2068.0,54.0,1.0,114577.0,6.0
1279,2175.0,0.0,0.9704190899231846,114578.0,6.0
1280,1737.0,34.0,0.9528354216339747,114581.0,6.0
1281,1856.0,55.0,0.9869180179818637,114587.0,6.0
1282,1813.0,45.0,1.0,114588.0,6.0
1283,2018.0,23.0,0.9610138457976418,114592.0,6.0
1284,1814.0,45.0,0.988452954029335,114597.0,6.0
1285,1708.0,43.0,0.973284766678154,114606.0,6.0
1286,2069.0,54.0,0.9535701979129857,114614.0,6.0
1287,2081.0,38.0,0.959813097042887,114615.0,6.0
1288,1811.0,13.0,0.9872388944014573,114617.0,6.0
1289,2197.0,3.0,0.9751343630027909,114623.0,6.0
1290,1850.0,8.0,0.9634949340761142,114628.0,6.0
1291,2071.0,54.0,0.9934171657319438,114631.0,6.0
1292,1858.0,55.0,1.0,114636.0,6.0
1293,1853.0,28.0,0.9744229114280482,114642.0,6.0
1294,2157.0,37.0,1.0,114650.0,6.0
1295,1753.0,47.0,0.9589393438789129,114653.0,6.0
1296,1854.0,28.0,0.9620826155672129,114656.0,6.0
1297,1819.0,26.0,0.9584671207317108,114657.0,6.0
1298,2135.0,18.0,0.9763449748283646,114658.0,6.0
1299,1867.0,51.0,0.9616043308548093,114661.0,6.0
1300,1800.0,25.0,0.9842656085529232,114662.0,6.0
1301,2082.0,38.0,1.0,114667.0,6.0
1302,1743.0,42.0,1.0,114668.0,6.0
1303,2138.0,18.0,0.967639901223355,114669.0,6.0
1304,1878.0,24.0,1.0,114672.0,6.0
1305,1859.0,55.0,0.9971721099994298,114673.0,6.0
1306,1812.0,13.0,0.9656557668513609,114674.0,6.0
1307,1728.0,11.0,1.0,114675.0,6.0
1308,1835.0,46.0,0.9750101153693823,114678.0,6.0
1309,1950.0,53.0,1.0,114681.0,6.0
1310,1879.0,24.0,0.9916671743089946,114682.0,6.0
1311,1976.0,22.0,1.0,114687.0,6.0
1312,1723.0,35.0,1.0,114688.0,6.0
1313,1713.0,14.0,0.9795978716619271,114690.0,6.0
1314,1901.0,6.0,0.9686883423524252,114691.0,6.0
1315,1709.0,43.0,1.0,114694.0,6.0
1316,2021.0,23.0,0.9787974827469771,114699.0,6.0
1317,1848.0,30.0,0.9529705411867272,114704.0,6.0
1318,1744.0,42.0,0.9601859271070926,114706.0,6.0
1319,1815.0,45.0,0.9667728151042239,114710.0,6.0
1320,1851.0,8.0,0.9660197480302362,114712.0,6.0
1321,1818.0,32.0,0.9709064325676475,114714.0,6.0
1322,1831.0,56.0,1.0,114718.0,6.0
1323,1755.0,47.0,0.9807911459357032,114720.0,6.0
1324,1813.0,13.0,1.0,114721.0,6.0
1325,2074.0,54.0,1.0,114726.0,6.0
1326,2199.0,3.0,0.9830633447191283,114738.0,6.0
1327,1978.0,22.0,0.9788724677860728,114740.0,6.0
1328,1885.0,27.0,0.9770357436507917,114742.0,6.0
1329,2301.0,4.0,0.9623027449023434,114170.0,6.0
1330,2218.0,57.0,1.0,113724.0,6.0
1331,1872.0,30.0,0.9798282366210815,115588.0,6.0
1332,2244.0,58.0,0.9694626465284544,116552.0,6.0
1333,2284.0,5.0,1.0,114346.0,6.0
1334,1390.0,59.0,1.0,112656.0,6.0
1335,1781.0,7.0,1.0,113165.0,6.0
1336,2260.0,1.0,1.0,114768.0,6.0
1337,2206.0,2.0,1.0,113328.0,6.0
1338,1676.0,35.0,0.9683558140584749,112699.0,6.0
1339,1912.0,52.0,0.975590993779401,114747.0,6.0
1340,1723.0,10.0,1.0,114756.0,6.0
1341,1785.0,46.0,0.9529050133749819,112723.0,6.0
1342,1856.0,28.0,1.0,114775.0,6.0
1343,1722.0,16.0,1.0,112737.0,6.0
1344,1820.0,26.0,1.0,114789.0,6.0
1345,1881.0,24.0,1.0,114795.0,6.0
1346,1781.0,26.0,1.0,112754.0,6.0
1347,1741.0,34.0,0.988061712494931,114807.0,6.0
1348,2161.0,37.0,0.967823621602,114813.0,6.0
1349,1766.0,49.0,1.0,112766.0,6.0
1350,1883.0,31.0,1.0,114819.0,6.0
1351,1884.0,31.0,1.0,114820.0,6.0
1352,1841.0,9.0,0.985158147963258,114822.0,6.0
1353,1914.0,52.0,1.0,114823.0,6.0
1354,1606.0,33.0,1.0,112778.0,6.0
1355,1413.0,59.0,0.9554448142889104,112802.0,6.0
1356,1414.0,59.0,0.9649108291202869,112805.0,6.0
1357,1839.0,24.0,0.9555808840161341,112810.0,6.0
1358,1797.0,9.0,1.0,112811.0,6.0
1359,1759.0,17.0,1.0,114867.0,6.0
1360,1415.0,59.0,1.0,112823.0,6.0
1361,1723.0,17.0,1.0,112824.0,6.0
1362,1416.0,59.0,1.0,112830.0,6.0
1363,1680.0,35.0,1.0,112832.0,6.0
1364,1931.0,40.0,1.0,112833.0,6.0
1365,1608.0,33.0,1.0,112861.0,6.0
1366,1712.0,44.0,1.0,114911.0,6.0
1367,1758.0,16.0,1.0,114916.0,6.0
1368,1875.0,52.0,1.0,112869.0,6.0
1369,2055.0,21.0,1.0,114923.0,6.0
1370,1805.0,12.0,1.0,114924.0,6.0
1371,1679.0,43.0,0.9757892828550574,112880.0,6.0
1372,2257.0,4.0,0.9542490191602587,112885.0,6.0
1373,1681.0,35.0,0.9510466736695332,112890.0,6.0
1374,1770.0,49.0,1.0,112893.0,6.0
1375,1987.0,39.0,1.0,112896.0,6.0
1376,1891.0,31.0,1.0,114947.0,6.0
1377,1857.0,8.0,1.0,114950.0,6.0
1378,1929.0,41.0,0.9707009889645928,114953.0,6.0
1379,1706.0,42.0,1.0,112906.0,6.0
1380,2090.0,38.0,0.9623788556112657,114960.0,6.0
1381,2057.0,21.0,1.0,114961.0,6.0
1382,1724.0,47.0,1.0,112929.0,6.0
1383,1821.0,7.0,0.9661387810815104,114977.0,6.0
1384,2042.0,39.0,1.0,114978.0,6.0
1385,1778.0,12.0,1.0,112935.0,6.0
1386,1776.0,45.0,1.0,112938.0,6.0
1387,1932.0,41.0,1.0,114992.0,6.0
1388,1789.0,29.0,1.0,114993.0,6.0
1389,1799.0,50.0,1.0,114999.0,6.0
1390,2165.0,37.0,1.0,115002.0,6.0
1391,2181.0,0.0,1.0,115003.0,6.0
1392,1720.0,14.0,0.9887810037864705,115005.0,6.0
1393,1724.0,10.0,1.0,115012.0,6.0
1394,1724.0,35.0,1.0,115016.0,6.0
1395,2264.0,4.0,1.0,112969.0,6.0
1396,1672.0,44.0,1.0,112972.0,6.0
1397,2026.0,23.0,1.0,115021.0,6.0
1398,1727.0,47.0,1.0,112976.0,6.0
1399,2109.0,19.0,1.0,115026.0,6.0
1400,1773.0,49.0,0.9609463893060017,112981.0,6.0
1401,2034.0,54.0,1.0,112987.0,6.0
1402,2138.0,36.0,1.0,112993.0,6.0
1403,1800.0,50.0,1.0,115049.0,6.0
1404,1794.0,46.0,0.9712244364867091,113010.0,6.0
1405,2258.0,5.0,1.0,113012.0,6.0
1406,1863.0,55.0,1.0,115061.0,6.0
1407,1837.0,56.0,1.0,115065.0,6.0
1408,1993.0,39.0,1.0,113018.0,6.0
1409,2177.0,3.0,0.978835140736427,113020.0,6.0
1410,1753.0,29.0,1.0,113031.0,6.0
1411,2030.0,23.0,0.9543175789046427,115082.0,6.0
1412,1754.0,29.0,1.0,113035.0,6.0
1413,1711.0,42.0,0.9826735701710556,113038.0,6.0
1414,2079.0,54.0,0.9558316149622612,115087.0,6.0
1415,2183.0,0.0,0.9502798311806784,115093.0,6.0
1416,2260.0,5.0,1.0,113054.0,6.0
1417,1916.0,53.0,1.0,113055.0,6.0
1418,1775.0,49.0,0.9546845305872841,113072.0,6.0
1419,1825.0,7.0,1.0,115137.0,6.0
1420,1729.0,47.0,1.0,113090.0,6.0
1421,1715.0,34.0,1.0,113096.0,6.0
1422,1784.0,26.0,1.0,113102.0,6.0
1423,1684.0,43.0,1.0,113103.0,6.0
1424,1934.0,40.0,1.0,113113.0,6.0
1425,1656.0,33.0,1.0,115166.0,6.0
1426,2141.0,36.0,0.9690380527333589,113121.0,6.0
1427,1935.0,40.0,1.0,113128.0,6.0
1428,2142.0,36.0,1.0,113137.0,6.0
1429,1843.0,24.0,0.9708414120908102,113141.0,6.0
1430,1890.0,24.0,1.0,115217.0,6.0
1431,1729.0,10.0,0.9610340629958712,115221.0,6.0
1432,1787.0,32.0,1.0,113174.0,6.0
1433,2086.0,19.0,1.0,113179.0,6.0
1434,1718.0,34.0,1.0,113183.0,6.0
1435,1687.0,43.0,0.9871600770375311,113185.0,6.0
1436,2145.0,36.0,0.9503596978694268,113187.0,6.0
1437,1860.0,8.0,1.0,115237.0,6.0
1438,2064.0,21.0,0.9902711160440263,115240.0,6.0
1439,1719.0,34.0,0.9674432146466655,113196.0,6.0
1440,2087.0,19.0,0.9839378592795239,113197.0,6.0
1441,1765.0,47.0,1.0,115245.0,6.0
1442,1733.0,47.0,1.0,113200.0,6.0
1443,1967.0,40.0,1.0,115254.0,6.0
1444,2082.0,54.0,1.0,115259.0,6.0
1445,1898.0,27.0,1.0,115267.0,6.0
1446,1764.0,16.0,1.0,115269.0,6.0
1447,1804.0,46.0,0.9767772037803099,113223.0,6.0
1448,1862.0,30.0,1.0,115276.0,6.0
1449,1815.0,12.0,0.9886605146899572,115280.0,6.0
1450,1881.0,51.0,0.9530703755084492,115284.0,6.0
1451,2268.0,1.0,1.0,115286.0,6.0
1452,1615.0,33.0,0.9538547273028696,113240.0,6.0
1453,2236.0,57.0,1.0,115290.0,6.0
1454,1616.0,33.0,1.0,113244.0,6.0
1455,2045.0,20.0,1.0,113252.0,6.0
1456,2060.0,20.0,1.0,115302.0,6.0
1457,2214.0,57.0,0.9796162723349003,113255.0,6.0
1458,1805.0,46.0,0.9761117542929779,113260.0,6.0
1459,1863.0,30.0,1.0,115316.0,6.0
1460,1900.0,27.0,1.0,115318.0,6.0
1461,2022.0,21.0,1.0,113271.0,6.0
1462,2283.0,4.0,0.9722993331555161,113277.0,6.0
1463,1678.0,44.0,1.0,113278.0,6.0
1464,1783.0,45.0,0.9592704597548023,113279.0,6.0
1465,2214.0,3.0,0.9720429819746449,115327.0,6.0
1466,1727.0,14.0,0.9885397461107989,115328.0,6.0
1467,1756.0,29.0,1.0,113283.0,6.0
1468,1752.0,42.0,0.9525315699707583,115339.0,6.0
1469,2189.0,0.0,1.0,115340.0,6.0
1470,2175.0,37.0,1.0,115342.0,6.0
1471,1787.0,26.0,1.0,113296.0,6.0
1472,1782.0,7.0,0.9860940991607909,113297.0,6.0
1473,2215.0,3.0,0.9785315538526513,115345.0,6.0
1474,1964.0,53.0,1.0,115346.0,6.0
1475,1939.0,41.0,1.0,115348.0,6.0
1476,1783.0,12.0,0.9641988122709806,113302.0,6.0
1477,1827.0,8.0,0.9526711652760832,113309.0,6.0
1478,1829.0,55.0,0.9572231392185384,113316.0,6.0
1479,2036.0,23.0,1.0,115365.0,6.0
1480,2216.0,3.0,0.9717353492000441,115368.0,6.0
1481,2141.0,18.0,1.0,115370.0,6.0
1482,1867.0,55.0,1.0,115375.0,6.0
1483,1971.0,40.0,1.0,115386.0,6.0
1484,2177.0,37.0,0.9721190932368995,115390.0,6.0
1485,1845.0,56.0,1.0,115393.0,6.0
1486,1684.0,14.0,0.9520155495730093,113347.0,6.0
1487,2099.0,38.0,1.0,115395.0,6.0
1488,1904.0,41.0,1.0,113350.0,6.0
1489,1807.0,25.0,1.0,115415.0,6.0
1490,1689.0,43.0,1.0,113370.0,6.0
1491,1695.0,35.0,1.0,113373.0,6.0
1492,1838.0,51.0,1.0,113375.0,6.0
1493,2101.0,38.0,0.9572616505346999,115423.0,6.0
1494,1866.0,30.0,1.0,115424.0,6.0
1495,1816.0,9.0,1.0,113378.0,6.0
1496,1830.0,55.0,1.0,113380.0,6.0
1497,2180.0,37.0,1.0,115429.0,6.0
1498,1817.0,9.0,1.0,113385.0,6.0
1499,1716.0,42.0,1.0,113387.0,6.0
1500,2002.0,39.0,1.0,113391.0,6.0
1501,1738.0,16.0,1.0,113394.0,6.0
1502,2065.0,38.0,0.9861190582805321,113395.0,6.0
1503,1848.0,31.0,1.0,113398.0,6.0
1504,1690.0,43.0,1.0,113401.0,6.0
1505,2106.0,18.0,1.0,113410.0,6.0
1506,1835.0,32.0,1.0,115474.0,6.0
1507,2102.0,38.0,1.0,115486.0,6.0
1508,2215.0,57.0,1.0,113448.0,6.0
1509,1868.0,55.0,0.9664239042032188,115496.0,6.0
1510,2265.0,5.0,1.0,113457.0,6.0
1511,1686.0,44.0,1.0,113462.0,6.0
1512,1787.0,12.0,0.964347672416306,113474.0,6.0
1513,1719.0,42.0,1.0,113476.0,6.0
1514,1867.0,8.0,1.0,115525.0,6.0
1515,1790.0,26.0,1.0,113487.0,6.0
1516,1744.0,11.0,0.9726075375080372,115535.0,6.0
1517,1829.0,45.0,1.0,115538.0,6.0
1518,1758.0,34.0,1.0,115541.0,6.0
1519,1833.0,30.0,1.0,113505.0,6.0
1520,1821.0,50.0,1.0,115563.0,6.0
1521,2088.0,54.0,1.0,115565.0,6.0
1522,2183.0,37.0,0.9520364773327816,115567.0,6.0
1523,2041.0,23.0,0.9608134834195592,115572.0,6.0
1524,2157.0,36.0,1.0,113526.0,6.0
1525,2231.0,1.0,1.0,113529.0,6.0
1526,2158.0,36.0,0.9630245295027448,113534.0,6.0
1527,1821.0,9.0,0.9564646743776621,113537.0,6.0
1528,1809.0,25.0,1.0,115585.0,6.0
1529,1810.0,25.0,1.0,115592.0,6.0
1530,2132.0,37.0,1.0,113545.0,6.0
1531,1992.0,22.0,1.0,115602.0,6.0
1532,1828.0,13.0,0.950256555775304,115603.0,6.0
1533,2255.0,2.0,0.9872750661148092,115605.0,6.0
1534,1817.0,46.0,1.0,113560.0,6.0
1535,1843.0,51.0,1.0,113561.0,6.0
1536,1838.0,32.0,1.0,115609.0,6.0
1537,1822.0,50.0,1.0,115610.0,6.0
1538,2208.0,58.0,0.9726180188085435,115612.0,6.0
1539,1950.0,41.0,1.0,115617.0,6.0
1540,1721.0,42.0,1.0,113570.0,6.0
1541,1790.0,45.0,1.0,113572.0,6.0
1542,2209.0,2.0,0.9590657173626199,113573.0,6.0
1543,1824.0,48.0,1.0,113578.0,6.0
1544,1907.0,27.0,0.954144122340708,115631.0,6.0
1545,2249.0,57.0,1.0,115636.0,6.0
1546,1791.0,26.0,1.0,113596.0,6.0
1547,1852.0,48.0,1.0,115645.0,6.0
1548,1885.0,51.0,0.9583934977018818,115646.0,6.0
1549,2211.0,58.0,1.0,115648.0,6.0
1550,2142.0,18.0,1.0,115653.0,6.0
1551,1692.0,44.0,0.9585693871050351,113606.0,6.0
1552,1804.0,13.0,1.0,113613.0,6.0
1553,1852.0,24.0,1.0,113629.0,6.0
1554,1793.0,7.0,1.0,113632.0,6.0
1555,2235.0,1.0,1.0,113639.0,6.0
1556,1854.0,24.0,0.9545406658379801,113646.0,6.0
1557,1829.0,28.0,0.9539632489180907,113650.0,6.0
1558,1810.0,56.0,1.0,113651.0,6.0
1559,1855.0,48.0,1.0,115699.0,6.0
1560,1813.0,25.0,1.0,115703.0,6.0
1561,1740.0,10.0,1.0,115706.0,6.0
1562,1834.0,13.0,1.0,115716.0,6.0
1563,1899.0,24.0,0.9524675626935459,115720.0,6.0
1564,2270.0,1.0,1.0,115725.0,6.0
1565,1828.0,48.0,1.0,113692.0,6.0
1566,1908.0,41.0,0.9717985459136301,113695.0,6.0
1567,1891.0,52.0,1.0,113700.0,6.0
1568,1724.0,34.0,0.9750435801200747,113708.0,6.0
1569,2143.0,18.0,0.9533966362213588,115756.0,6.0
1570,1930.0,53.0,0.988487227315859,113711.0,6.0
1571,1806.0,15.0,1.0,115763.0,6.0
1572,2204.0,0.0,1.0,115767.0,6.0
1573,1768.0,16.0,1.0,115787.0,6.0
1574,1796.0,26.0,1.0,113740.0,6.0
1575,1923.0,6.0,0.9603680774231688,115792.0,6.0
1576,1866.0,28.0,1.0,115798.0,6.0
1577,2217.0,58.0,1.0,115807.0,6.0
1578,1848.0,9.0,0.9762717613481601,115812.0,6.0
1579,1800.0,49.0,1.0,113766.0,6.0
1580,1743.0,10.0,0.9861056099506177,115816.0,6.0
1581,2113.0,18.0,1.0,113769.0,6.0
1582,1805.0,13.0,1.0,113772.0,6.0
1583,1766.0,29.0,1.0,113776.0,6.0
1584,1858.0,31.0,0.9855223907467482,113786.0,6.0
1585,1847.0,46.0,0.9614097453416829,115838.0,6.0
1586,2048.0,54.0,1.0,113801.0,6.0
1587,2209.0,0.0,1.0,115849.0,6.0
1588,1719.0,44.0,0.9538776636398529,115851.0,6.0
1589,2092.0,19.0,1.0,113804.0,6.0
1590,1790.0,12.0,1.0,113806.0,6.0
1591,1840.0,55.0,1.0,113814.0,6.0
1592,2256.0,57.0,1.0,115868.0,6.0
1593,1798.0,45.0,1.0,113822.0,6.0
1594,1944.0,40.0,1.0,113825.0,6.0
1595,1694.0,14.0,0.9620463917386831,113828.0,6.0
1596,1826.0,50.0,0.9534018917026982,115877.0,6.0
1597,2128.0,19.0,1.0,115879.0,6.0
1598,1749.0,11.0,1.0,115887.0,6.0
1599,1839.0,26.0,1.0,115940.0,6.0
1600,1754.0,11.0,1.0,115945.0,6.0
1601,1755.0,11.0,1.0,115947.0,6.0
1602,2223.0,58.0,0.9656010565436803,115952.0,6.0
1603,1856.0,56.0,1.0,115960.0,6.0
1604,2074.0,20.0,0.9620854461160357,115964.0,6.0
1605,1821.0,25.0,0.9587911535733086,115977.0,6.0
1606,1822.0,25.0,1.0,115978.0,6.0
1607,2212.0,0.0,1.0,115981.0,6.0
1608,2114.0,38.0,0.9601196562221779,115984.0,6.0
1609,1857.0,56.0,1.0,115986.0,6.0
1610,1808.0,15.0,0.9519091764058124,115988.0,6.0
1611,1864.0,31.0,0.9674882771458168,113943.0,6.0
1612,2018.0,39.0,1.0,113949.0,6.0
1613,1749.0,17.0,1.0,113958.0,6.0
1614,1865.0,48.0,1.0,116007.0,6.0
1615,1801.0,26.0,1.0,113979.0,6.0
1616,1719.0,11.0,1.0,113981.0,6.0
1617,1826.0,49.0,1.0,116031.0,6.0
1618,1869.0,28.0,1.0,116033.0,6.0
1619,2057.0,23.0,1.0,116035.0,6.0
1620,2216.0,2.0,1.0,113988.0,6.0
1621,2262.0,57.0,0.9590950430680729,116042.0,6.0
1622,1810.0,15.0,1.0,116046.0,6.0
1623,1794.0,12.0,0.9518864830312086,113999.0,6.0
1624,1930.0,6.0,1.0,116049.0,6.0
1625,2000.0,22.0,1.0,116051.0,6.0
1626,1834.0,48.0,1.0,114004.0,6.0
1627,1836.0,28.0,1.0,114009.0,6.0
1628,2218.0,0.0,1.0,116068.0,6.0
1629,1959.0,22.0,0.9521481389307593,114024.0,6.0
1630,2072.0,38.0,1.0,114032.0,6.0
1631,1866.0,31.0,1.0,114035.0,6.0
1632,1844.0,55.0,0.9551367579779682,114039.0,6.0
1633,1886.0,30.0,1.0,116088.0,6.0
1634,2278.0,5.0,1.0,114043.0,6.0
1635,1881.0,8.0,1.0,116092.0,6.0
1636,1699.0,14.0,1.0,114049.0,6.0
1637,2226.0,3.0,1.0,116097.0,6.0
1638,1860.0,56.0,0.9612157693659932,116109.0,6.0
1639,1801.0,32.0,0.9594933707486282,114069.0,6.0
1640,2245.0,1.0,1.0,114070.0,6.0
1641,1817.0,56.0,0.9608790195669756,114073.0,6.0
1642,1770.0,29.0,1.0,114075.0,6.0
1643,2173.0,36.0,1.0,114078.0,6.0
1644,1720.0,11.0,0.9661359550377013,114081.0,6.0
1645,2042.0,21.0,1.0,114082.0,6.0
1646,1892.0,6.0,1.0,114086.0,6.0
1647,1772.0,29.0,1.0,114108.0,6.0
1648,2299.0,4.0,0.9797494096297391,114114.0,6.0
1649,1975.0,53.0,0.9803943574085427,116176.0,6.0
1650,1844.0,13.0,0.9737751467416461,116180.0,6.0
1651,1834.0,9.0,0.9514051169686388,114148.0,6.0
1652,1751.0,17.0,1.0,114153.0,6.0
1653,1836.0,50.0,1.0,116204.0,6.0
1654,2281.0,5.0,1.0,114158.0,6.0
1655,2140.0,19.0,1.0,116206.0,6.0
1656,1805.0,32.0,1.0,114160.0,6.0
1657,2300.0,4.0,1.0,114161.0,6.0
1658,2129.0,18.0,1.0,114167.0,6.0
1659,2270.0,2.0,1.0,116219.0,6.0
1660,1759.0,11.0,1.0,116223.0,6.0
1661,1866.0,24.0,1.0,114179.0,6.0
1662,2080.0,21.0,1.0,116233.0,6.0
1663,1849.0,13.0,0.9645248525038923,116235.0,6.0
1664,2081.0,20.0,0.9542620388614618,116250.0,6.0
1665,1919.0,27.0,1.0,116252.0,6.0
1666,1851.0,13.0,1.0,116253.0,6.0
1667,2062.0,23.0,1.0,116260.0,6.0
1668,1639.0,33.0,1.0,114213.0,6.0
1669,1796.0,12.0,0.9877798927234333,114232.0,6.0
1670,1755.0,17.0,1.0,114233.0,6.0
1671,1720.0,10.0,1.0,114263.0,6.0
1672,1807.0,32.0,1.0,114268.0,6.0
1673,1732.0,34.0,0.9685522049807,114269.0,6.0
1674,1837.0,25.0,1.0,116321.0,6.0
1675,1740.0,42.0,1.0,114275.0,6.0
1676,1758.0,10.0,1.0,116326.0,6.0
1677,2282.0,5.0,1.0,114279.0,6.0
1678,1800.0,7.0,1.0,114281.0,6.0
1679,2027.0,39.0,1.0,114282.0,6.0
1680,2223.0,2.0,1.0,114289.0,6.0
1681,1905.0,52.0,1.0,114291.0,6.0
1682,2013.0,23.0,0.950725404024156,114292.0,6.0
1683,1809.0,32.0,0.9566114598361878,114307.0,6.0
1684,1715.0,35.0,1.0,114313.0,6.0
1685,1797.0,25.0,0.9603571530247853,114325.0,6.0
1686,1875.0,27.0,1.0,114334.0,6.0
1687,2193.0,3.0,0.9884005447805599,114341.0,6.0
1688,1861.0,51.0,1.0,114349.0,6.0
1689,2060.0,54.0,0.989652093764404,114353.0,6.0
1690,2046.0,21.0,1.0,114354.0,6.0
1691,1896.0,6.0,1.0,114361.0,6.0
1692,1704.0,43.0,0.9642031842117931,114363.0,6.0
1693,2303.0,4.0,1.0,114368.0,6.0
1694,1896.0,30.0,1.0,116425.0,6.0
1695,1841.0,50.0,1.0,116430.0,6.0
1696,1872.0,24.0,1.0,114388.0,6.0
1697,1843.0,25.0,1.0,116439.0,6.0
1698,1809.0,45.0,1.0,114400.0,6.0
1699,1970.0,22.0,1.0,114408.0,6.0
1700,1847.0,8.0,0.9677001867277818,114410.0,6.0
1701,2032.0,39.0,1.0,114413.0,6.0
1702,1848.0,8.0,1.0,114417.0,6.0
1703,1749.0,47.0,1.0,114430.0,6.0
1704,2051.0,20.0,1.0,114437.0,6.0
1705,1971.0,22.0,1.0,114440.0,6.0
1706,1877.0,31.0,1.0,114460.0,6.0
1707,2289.0,5.0,1.0,114471.0,6.0
1708,1865.0,13.0,1.0,116520.0,6.0
1709,1864.0,51.0,1.0,114478.0,6.0
1710,2253.0,1.0,1.0,114486.0,6.0
1711,1866.0,13.0,0.9514754889329292,116534.0,6.0
1712,1947.0,53.0,1.0,114488.0,6.0
1713,1975.0,22.0,0.9781805735688871,114490.0,6.0
1714,2254.0,1.0,1.0,114494.0,6.0
1715,1899.0,6.0,1.0,114496.0,6.0
1716,2100.0,20.0,0.9668623112701908,116558.0,6.0
1717,1942.0,6.0,1.0,116563.0,6.0
1718,2246.0,58.0,0.9546209844477453,116571.0,6.0
1719,1792.0,15.0,1.0,114538.0,6.0
1720,1945.0,6.0,1.0,116612.0,6.0
1721,1880.0,27.0,1.0,114567.0,6.0
1722,2105.0,20.0,0.9701576305872744,116617.0,6.0
1723,2251.0,58.0,0.9872903293946629,116622.0,6.0
1724,1909.0,52.0,1.0,114579.0,6.0
1725,1865.0,51.0,0.9513164727346896,114582.0,6.0
1726,1955.0,40.0,0.9538026220888461,114598.0,6.0
1727,2230.0,2.0,0.9688380149385417,114601.0,6.0
1728,1956.0,40.0,1.0,114603.0,6.0
1729,1847.0,30.0,0.9773908554505503,114611.0,6.0
1730,2070.0,54.0,0.9623923804895985,114618.0,6.0
1731,2134.0,18.0,1.0,114625.0,6.0
1732,1852.0,28.0,1.0,114626.0,6.0
1733,1722.0,10.0,1.0,114629.0,6.0
1734,1949.0,53.0,1.0,114635.0,6.0
1735,1778.0,29.0,1.0,114640.0,6.0
1736,2305.0,4.0,1.0,114641.0,6.0
1737,1882.0,27.0,1.0,114646.0,6.0
1738,1855.0,28.0,1.0,114670.0,6.0
1739,1381.0,59.0,0.967408243187624,112633.0,6.0
1740,2198.0,3.0,1.0,114684.0,6.0
1741,1768.0,15.0,1.0,112641.0,6.0
1742,1386.0,59.0,0.9791728566713457,112645.0,6.0
1743,2036.0,39.0,1.0,114695.0,6.0
1744,1389.0,59.0,0.9784498880474017,112654.0,6.0
1745,1842.0,48.0,1.0,114703.0,6.0
1746,1714.0,14.0,0.9534206819595397,114705.0,6.0
1747,1708.0,17.0,0.987425978920017,112665.0,6.0
1748,1718.0,16.0,0.956753521606792,112667.0,6.0
1749,1781.0,29.0,1.0,114715.0,6.0
1750,2105.0,19.0,1.0,114719.0,6.0
1751,2195.0,58.0,0.9869766753306729,114722.0,6.0
1752,1951.0,53.0,1.0,114724.0,6.0
1753,1977.0,22.0,0.9532158719093815,114725.0,6.0
1754,1815.0,7.0,0.9853425739379487,114730.0,6.0
1755,1902.0,6.0,1.0,114733.0,6.0
1756,2232.0,2.0,1.0,114744.0,6.0
1757,1793.0,15.0,0.9966488189796242,114757.0,6.0
1758,1664.0,44.0,0.9567094039771815,112713.0,6.0
1759,2053.0,21.0,0.9831182207161969,114769.0,6.0
1760,2234.0,2.0,0.9816457387344039,114771.0,6.0
1761,1404.0,59.0,0.9786548345409846,112730.0,6.0
1762,1405.0,59.0,0.9895874257068348,112731.0,6.0
1763,1406.0,59.0,0.9930838364170619,112738.0,6.0
1764,1677.0,35.0,0.9778415521342492,112743.0,6.0
1765,1716.0,14.0,0.9984307335671174,114793.0,6.0
1766,2261.0,1.0,0.9788863389808113,114794.0,6.0
1767,1874.0,51.0,0.9655965219256822,114802.0,6.0
1768,1410.0,59.0,0.9839870020870104,112759.0,6.0
1769,2082.0,18.0,0.9833199124563934,112761.0,6.0
1770,1952.0,53.0,0.9676106487198871,114810.0,6.0
1771,2085.0,38.0,0.9511256625261599,114834.0,6.0
1772,1821.0,32.0,0.9632577592232552,114839.0,6.0
1773,1812.0,28.0,1.0,112796.0,6.0
1774,1886.0,27.0,0.9891973193874481,114845.0,6.0
1775,2248.0,4.0,1.0,112800.0,6.0
1776,2128.0,36.0,0.9516025177568612,112808.0,6.0
1777,1855.0,8.0,0.964265668219502,114860.0,6.0
1778,1719.0,14.0,0.9829394399321097,114861.0,6.0
1779,1790.0,46.0,0.9650010515467352,112817.0,6.0
1780,2250.0,4.0,0.9867285538676893,112819.0,6.0
1781,1888.0,31.0,0.9802543095143539,114870.0,6.0
1782,1794.0,50.0,0.9731019497999982,114872.0,6.0
1783,1820.0,45.0,1.0,114874.0,6.0
1784,1883.0,24.0,0.9641698996142896,114881.0,6.0
1785,1954.0,53.0,0.9599931463367863,114882.0,6.0
1786,1744.0,34.0,0.9794637874515385,114887.0,6.0
1787,1731.0,11.0,0.9816337856035385,114890.0,6.0
1788,1758.0,47.0,1.0,114896.0,6.0
1789,1785.0,32.0,0.9658273852563566,112853.0,6.0
1790,2177.0,0.0,0.9580536503353398,114909.0,6.0
1791,1609.0,33.0,0.9563968165022705,112862.0,6.0
1792,2207.0,1.0,0.9921587831859107,112864.0,6.0
1793,2255.0,4.0,0.9872461294704801,112868.0,6.0
1794,2056.0,21.0,0.9928982122362134,114934.0,6.0
1795,1875.0,51.0,0.985552687224559,114935.0,6.0
1796,1820.0,7.0,0.9620964495265983,114937.0,6.0
1797,2262.0,1.0,0.9921777549846577,114940.0,6.0
1798,2236.0,2.0,1.0,114941.0,6.0
1799,1955.0,53.0,1.0,114945.0,6.0
1800,1723.0,16.0,0.9928705360560295,112904.0,6.0
1801,2029.0,54.0,0.9816581393737742,112905.0,6.0
1802,2260.0,4.0,0.993446827080734,112910.0,6.0
1803,1419.0,59.0,0.9890919004738783,112914.0,6.0
1804,1731.0,17.0,0.9919651974407121,112917.0,6.0
1805,2134.0,36.0,0.9849398036813519,112922.0,6.0
1806,1961.0,40.0,0.9822558879861705,114970.0,6.0
1807,1840.0,46.0,0.9580172276934719,114973.0,6.0
1808,2091.0,38.0,0.9756282314299944,114974.0,6.0
1809,1931.0,41.0,0.9672380713077232,114982.0,6.0
1810,2108.0,19.0,0.9888882988319382,114986.0,6.0
1811,2136.0,36.0,1.0,112947.0,6.0
1812,1726.0,47.0,0.9835741420956997,112951.0,6.0
1813,2135.0,36.0,0.9961777670979839,112957.0,6.0
1814,1892.0,27.0,0.981636839932065,115006.0,6.0
1815,2209.0,57.0,0.982026917612954,112959.0,6.0
1816,1732.0,17.0,0.9915545010713861,112963.0,6.0
1817,2167.0,37.0,0.9936960827816851,115022.0,6.0
1818,1836.0,56.0,0.9708163109921976,115025.0,6.0
1819,2296.0,5.0,0.9608667590628722,115031.0,6.0
1820,2032.0,54.0,0.9682231440202792,112984.0,6.0
1821,1842.0,9.0,0.9899270512830668,115043.0,6.0
1822,1708.0,11.0,0.989363176388824,113003.0,6.0
1823,1959.0,53.0,0.9834342267245764,115054.0,6.0
1824,2092.0,38.0,0.9799136803177698,115057.0,6.0
1825,2182.0,0.0,0.978270436635437,115060.0,6.0
1826,2078.0,54.0,0.9910360427422479,115067.0,6.0
1827,1420.0,59.0,0.9930921267372199,113024.0,6.0
1828,1933.0,41.0,0.9641499735762113,115073.0,6.0
1829,1838.0,56.0,0.9624707511083943,115074.0,6.0
1830,2062.0,21.0,0.9971361543337812,115080.0,6.0
1831,2215.0,1.0,0.989054860216024,113052.0,6.0
1832,2094.0,18.0,0.993382598659034,113053.0,6.0
1833,2093.0,38.0,0.9661326013267011,115100.0,6.0
1834,1920.0,52.0,0.9800833336844811,115101.0,6.0
1835,2016.0,21.0,0.9678758403182072,113065.0,6.0
1836,1686.0,35.0,0.9726034066833246,113066.0,6.0
1837,2300.0,5.0,0.9527693475767071,115120.0,6.0
1838,1811.0,12.0,0.9939232765530227,115123.0,6.0
1839,1833.0,51.0,0.965202325103527,113089.0,6.0
1840,2216.0,1.0,0.9887152187540564,113091.0,6.0
1841,1749.0,34.0,0.9636639183740381,115153.0,6.0
1842,1422.0,59.0,0.9938244428329743,113106.0,6.0
1843,1813.0,12.0,0.9546350344464586,115157.0,6.0
1844,1834.0,51.0,0.9855204390270745,113112.0,6.0
1845,1828.0,32.0,0.9682846772305513,115164.0,6.0
1846,2179.0,3.0,1.0,113117.0,6.0
1847,1826.0,26.0,0.9829244229746944,115165.0,6.0
1848,1895.0,31.0,1.0,115167.0,6.0
1849,1826.0,7.0,0.9527042968246296,115170.0,6.0
1850,2044.0,39.0,0.9719786883134327,115173.0,6.0
1851,1822.0,49.0,0.9664840549062589,115178.0,6.0
1852,1859.0,8.0,0.9750371968735728,115184.0,6.0
1853,1986.0,22.0,0.9831368228470212,115193.0,6.0
1854,1912.0,6.0,0.9902094112334828,115197.0,6.0
1855,2233.0,57.0,0.9849824090004438,115198.0,6.0
1856,2277.0,4.0,0.9863554822489761,113157.0,6.0
1857,2212.0,57.0,0.9668880464934098,113164.0,6.0
1858,2278.0,4.0,0.9937192160688751,113166.0,6.0
1859,1896.0,27.0,0.955216698016633,115222.0,6.0
1860,2187.0,0.0,0.9584686731914248,115223.0,6.0
1861,1987.0,22.0,1.0,115239.0,6.0
1862,1937.0,41.0,0.9901413693014697,115249.0,6.0
1863,2147.0,36.0,0.9895849401287942,113204.0,6.0
1864,1829.0,26.0,0.9909300408815632,115255.0,6.0
1865,2280.0,4.0,1.0,113218.0,6.0
1866,2063.0,38.0,0.9554438812652163,113224.0,6.0
1867,2035.0,23.0,0.9689657998478839,115273.0,6.0
1868,1825.0,45.0,1.0,115277.0,6.0
1869,1691.0,35.0,0.9810283794307194,113232.0,6.0
1870,2173.0,37.0,0.9823160162083685,115282.0,6.0
1871,2128.0,37.0,0.9662764716455421,113236.0,6.0
1872,1963.0,53.0,0.9980013077008959,115287.0,6.0
1873,1690.0,35.0,0.9624038486589362,113243.0,6.0
1874,1944.0,22.0,0.9706742592360863,113257.0,6.0
1875,2199.0,58.0,0.9831550582150703,115306.0,6.0
1876,1863.0,8.0,0.9670705573402735,115311.0,6.0
1877,2180.0,3.0,0.9675830826230875,113269.0,6.0
1878,1804.0,56.0,0.9859728512827842,113281.0,6.0
1879,1755.0,34.0,0.9954529171674397,115338.0,6.0
1880,2205.0,2.0,0.9729270616669211,113313.0,6.0
1881,2201.0,58.0,0.9769443458384823,115363.0,6.0
1882,1970.0,40.0,0.9672355098107163,115372.0,6.0
1883,1941.0,41.0,0.9910846719047122,115378.0,6.0
1884,1729.0,14.0,0.969010864576205,115383.0,6.0
1885,1859.0,27.0,0.9680718449532631,113336.0,6.0
1886,2047.0,39.0,0.9802906025221435,115394.0,6.0
1887,2241.0,57.0,0.9809305146836751,115399.0,6.0
1888,2192.0,0.0,1.0,115402.0,6.0
1889,2155.0,36.0,0.9971165760547059,113356.0,6.0
1890,2104.0,18.0,0.9715258838163786,113357.0,6.0
1891,2037.0,23.0,0.965943513706052,115406.0,6.0
1892,2263.0,5.0,0.9640218774475753,113362.0,6.0
1893,1972.0,40.0,0.9768275587609784,115416.0,6.0
1894,2250.0,2.0,0.9926022447660544,115418.0,6.0
1895,2085.0,54.0,0.9876618065775699,115420.0,6.0
1896,2156.0,36.0,0.9808890148626352,113377.0,6.0
1897,1973.0,40.0,0.9661145181921108,115430.0,6.0
1898,1865.0,8.0,0.981530112057745,115432.0,6.0
1899,1904.0,27.0,0.9848011352078175,115433.0,6.0
1900,2068.0,21.0,0.984032234049728,115434.0,6.0
1901,1715.0,44.0,0.9842966203062881,115442.0,6.0
1902,1828.0,45.0,0.9815912954452533,115450.0,6.0
1903,1734.0,47.0,0.9776299585535281,113406.0,6.0
1904,2226.0,1.0,0.9924382548191142,113411.0,6.0
1905,1833.0,32.0,0.9913621259513937,115459.0,6.0
1906,1818.0,12.0,0.9677595728023044,115460.0,6.0
1907,1809.0,46.0,0.9841773030032964,113414.0,6.0
1908,1817.0,12.0,0.9840767897451025,115461.0,6.0
1909,1895.0,24.0,0.9840741063399111,115463.0,6.0
1910,1691.0,43.0,0.9847697238669004,113419.0,6.0
1911,2086.0,54.0,0.9804150355094403,115467.0,6.0
1912,1788.0,7.0,0.9856158942265643,113431.0,6.0
1913,2217.0,3.0,0.9630776628034304,115480.0,6.0
1914,2227.0,1.0,0.9877422487388122,113445.0,6.0
1915,2305.0,5.0,0.9818526455530887,115499.0,6.0
1916,1905.0,41.0,0.9831413638099392,113452.0,6.0
1917,1830.0,8.0,0.9836393941994559,113466.0,6.0
1918,1975.0,40.0,1.0,115516.0,6.0
1919,2245.0,57.0,0.9664644836849519,115523.0,6.0
1920,1863.0,27.0,0.962237060277026,113478.0,6.0
1921,2205.0,58.0,0.9908725473631526,115526.0,6.0
1922,1789.0,49.0,0.990634341992622,113494.0,6.0
1923,2182.0,37.0,0.9660583075935067,115543.0,6.0
1924,2065.0,20.0,0.9914530423074169,115545.0,6.0
1925,2118.0,19.0,0.9543723103651242,115551.0,6.0
1926,1887.0,52.0,1.0,113504.0,6.0
1927,1847.0,56.0,0.9870759613673185,115554.0,6.0
1928,2049.0,39.0,0.9756551863069464,115559.0,6.0
1929,1809.0,56.0,0.9655907963933728,113515.0,6.0
1930,2230.0,1.0,0.9734138234706406,113518.0,6.0
1931,2206.0,58.0,0.9792896237310496,115568.0,6.0
1932,2198.0,0.0,0.9568739468654575,115584.0,6.0
1933,1925.0,52.0,0.9829384495599593,115595.0,6.0
1934,2199.0,0.0,0.9795572531156287,115597.0,6.0
1935,1884.0,51.0,0.9650681154516594,115601.0,6.0
1936,1927.0,52.0,0.9620296791993391,115652.0,6.0
1937,2256.0,2.0,0.996343906475821,115657.0,6.0
1938,2289.0,4.0,1.0,113618.0,6.0
1939,2104.0,38.0,0.9775465438004219,115666.0,6.0
1940,1925.0,53.0,0.9522903412104338,113620.0,6.0
1941,1767.0,16.0,0.9939257343574067,115667.0,6.0
1942,1837.0,26.0,0.9719607912811606,115669.0,6.0
1943,1831.0,45.0,0.9657412283464284,115675.0,6.0
1944,2051.0,39.0,0.9857431910902696,115678.0,6.0
1945,1873.0,30.0,1.0,115684.0,6.0
1946,1842.0,32.0,1.0,115688.0,6.0
1947,1830.0,45.0,0.9525096639759948,115693.0,6.0
1948,2050.0,39.0,0.9872955290372226,115694.0,6.0
1949,1841.0,32.0,0.9613530041179573,115695.0,6.0
1950,2090.0,54.0,0.9873927497772946,115696.0,6.0
1951,2044.0,23.0,0.9673689728149145,115700.0,6.0
1952,1855.0,24.0,0.9935490380969502,113657.0,6.0
1953,1793.0,49.0,0.9860695814903144,113660.0,6.0
1954,1738.0,47.0,0.9775811160719027,113667.0,6.0
1955,1993.0,22.0,0.98552564668744,115715.0,6.0
1956,1795.0,49.0,0.9834572335076527,113673.0,6.0
1957,1978.0,40.0,0.975084796027714,115722.0,6.0
1958,1836.0,55.0,0.9943765149722948,113699.0,6.0
1959,2214.0,58.0,0.9930928340596585,115752.0,6.0
1960,2221.0,3.0,0.9938969821056669,115769.0,6.0
1961,2186.0,37.0,0.9606859334852317,115773.0,6.0
1962,1838.0,55.0,0.9933979679488305,113728.0,6.0
1963,1717.0,10.0,0.9888284025284816,113739.0,6.0
1964,1628.0,33.0,0.9921172047351758,113741.0,6.0
1965,1870.0,55.0,0.9866610384853014,115796.0,6.0
1966,1904.0,31.0,0.9929405126158691,115801.0,6.0
1967,2212.0,2.0,0.981607827616559,113762.0,6.0
1968,2220.0,57.0,0.994238668641562,113779.0,6.0
1969,2054.0,39.0,0.9743898651143378,115833.0,6.0
1970,1871.0,55.0,0.9904326020817854,115836.0,6.0
1971,1895.0,52.0,0.9949247541491132,113802.0,6.0
1972,1909.0,41.0,0.9834254061709623,113803.0,6.0
1973,1888.0,51.0,0.9831033123114644,115855.0,6.0
1974,2050.0,54.0,0.987409108515904,113812.0,6.0
1975,2144.0,18.0,0.9820873861098546,115892.0,6.0
1976,1877.0,30.0,0.9861769989678247,115893.0,6.0
1977,1807.0,29.0,0.9667174555306478,115894.0,6.0
1978,1812.0,56.0,0.9902399722070135,113855.0,6.0
1979,1876.0,8.0,0.9617299288434777,115910.0,6.0
1980,1830.0,50.0,0.984742795269576,115911.0,6.0
1981,1860.0,48.0,0.9913818805395618,115913.0,6.0
1982,2295.0,4.0,0.9937867251106769,113869.0,6.0
1983,1749.0,10.0,0.9648277867549294,115919.0,6.0
1984,1841.0,55.0,0.9872204889352831,113872.0,6.0
1985,2039.0,21.0,0.9656051982217705,113875.0,6.0
1986,1902.0,24.0,0.9649936220700783,115926.0,6.0
1987,1823.0,46.0,0.9654119872843621,113879.0,6.0
1988,1660.0,33.0,0.9744123064750929,115931.0,6.0
1989,1836.0,7.0,0.9650463475727339,115936.0,6.0
1990,2121.0,18.0,0.9643703669131604,113889.0,6.0
1991,2221.0,57.0,0.992214624266835,113890.0,6.0
1992,1804.0,49.0,0.9556661749107757,113895.0,6.0
1993,2224.0,58.0,0.9932054194815318,115955.0,6.0
1994,1904.0,24.0,0.978110667279173,115958.0,6.0
1995,2113.0,38.0,0.9627472116331501,115959.0,6.0
1996,2134.0,19.0,0.9691491589749677,115980.0,6.0
1997,1899.0,52.0,0.9658365819195758,113933.0,6.0
1998,1956.0,22.0,0.9822387550194047,113942.0,6.0
1999,1824.0,46.0,0.9831108545265153,113947.0,6.0
2000,1847.0,32.0,0.9691209305968883,115999.0,6.0
2001,2263.0,2.0,0.9887005931066306,116003.0,6.0
2002,2095.0,54.0,0.9850174351166461,116005.0,6.0
2003,1913.0,41.0,0.9836908860942135,113962.0,6.0
2004,2276.0,5.0,0.981110198900876,113971.0,6.0
2005,2277.0,5.0,0.9819804700483656,113973.0,6.0
2006,2318.0,5.0,0.9668078824051833,116024.0,6.0
2007,1875.0,55.0,0.9833858173716991,116026.0,6.0
2008,2021.0,39.0,0.9825778862214216,113982.0,6.0
2009,2075.0,20.0,1.0,116030.0,6.0
2010,2125.0,18.0,0.9815783567300911,113985.0,6.0
2011,1813.0,56.0,0.9854862603249642,113987.0,6.0
2012,2264.0,2.0,0.987775394300636,116040.0,6.0
2013,2187.0,3.0,0.9860034157773547,113994.0,6.0
2014,2188.0,3.0,0.9544976023863985,113997.0,6.0
2015,1814.0,56.0,0.990508682374278,114000.0,6.0
2016,1826.0,46.0,0.9947411822487348,114008.0,6.0
2017,1892.0,51.0,1.0,116065.0,6.0
2018,1831.0,50.0,0.9895497291543662,116069.0,6.0
2019,1698.0,14.0,0.9728936782813554,114026.0,6.0
2020,2058.0,23.0,0.9670203984469299,116079.0,6.0
2021,1850.0,51.0,0.9935159553832557,114037.0,6.0
2022,2002.0,22.0,0.9695246727599293,116087.0,6.0
2023,2242.0,1.0,0.9899759113147999,114050.0,6.0
2024,1974.0,53.0,0.9690613551754956,116102.0,6.0
2025,1869.0,27.0,0.9774941780164517,114064.0,6.0
2026,1734.0,14.0,0.9675847132507044,116118.0,6.0
2027,2189.0,3.0,0.9516006687113325,114074.0,6.0
2028,1736.0,42.0,0.9981290279573226,114077.0,6.0
2029,1843.0,26.0,0.9825461067798319,116126.0,6.0
2030,2060.0,23.0,0.9681947366354728,116132.0,6.0
2031,1802.0,32.0,1.0,114085.0,6.0
2032,1828.0,12.0,0.9748149499093477,116135.0,6.0
2033,1916.0,27.0,0.9673745589790596,116137.0,6.0
2034,2138.0,19.0,0.9832454394323397,116143.0,6.0
2035,1933.0,6.0,0.9808973624892243,116145.0,6.0
2036,1870.0,28.0,0.9700937108804258,116147.0,6.0
2037,1835.0,45.0,0.9618881397261713,116154.0,6.0
2038,2321.0,5.0,0.9610498379526909,116165.0,6.0
2039,2187.0,37.0,0.9803162648178974,116177.0,6.0
2040,1933.0,52.0,0.9519266460355448,116211.0,6.0
2041,2223.0,0.0,0.9621503858449779,116214.0,6.0
2042,2075.0,38.0,1.0,114172.0,6.0
2043,2169.0,0.0,0.9614607523041145,114180.0,6.0
2044,1941.0,53.0,0.9645090553231046,114182.0,6.0
2045,1837.0,9.0,0.9886231737513125,114184.0,6.0
2046,1705.0,44.0,0.9640812436542723,114186.0,6.0
2047,1731.0,34.0,0.9665735928240318,114198.0,6.0
2048,2230.0,3.0,0.9661491952415133,116248.0,6.0
2049,2012.0,23.0,0.9822685741557937,114201.0,6.0
2050,1702.0,43.0,0.9921473022301526,114205.0,6.0
2051,1991.0,40.0,0.9825718291099391,116256.0,6.0
2052,2057.0,39.0,0.9587174062327887,116262.0,6.0
2053,1806.0,26.0,0.9670426290351355,114219.0,6.0
2054,1852.0,13.0,0.967691075419452,116267.0,6.0
2055,1719.0,10.0,0.9715397976202558,114221.0,6.0
2056,1885.0,8.0,0.9863776585888058,116268.0,6.0
2057,1704.0,44.0,0.974961016194454,114223.0,6.0
2058,1835.0,25.0,1.0,116272.0,6.0
2059,1830.0,12.0,0.9831817964515988,116273.0,6.0
2060,2145.0,19.0,0.9673751664579087,116269.0,6.0
2061,1894.0,30.0,0.9681385570409893,116278.0,6.0
2062,1804.0,45.0,0.9805481796508457,114231.0,6.0
2063,1846.0,26.0,0.981539389462705,116281.0,6.0
2064,1867.0,24.0,0.9986645587084262,114235.0,6.0
2065,2175.0,36.0,0.9967800272571675,114238.0,6.0
2066,1830.0,46.0,0.9936029372518932,114250.0,6.0
2067,1966.0,22.0,1.0,114253.0,6.0
2068,2271.0,2.0,0.9861289202922889,116301.0,6.0
2069,2043.0,21.0,0.9671204779898845,114256.0,6.0
2070,2149.0,37.0,0.9643677150723295,114257.0,6.0
2071,1894.0,51.0,0.9529409256315404,116306.0,6.0
2072,2146.0,19.0,0.9828637692466717,116312.0,6.0
2073,1934.0,52.0,0.9862138012401724,116315.0,6.0
2074,1853.0,13.0,0.9848482611939169,116316.0,6.0
2075,1820.0,56.0,0.9939412367911743,114287.0,6.0
2076,1808.0,32.0,0.9825430510855048,114294.0,6.0
2077,2275.0,57.0,0.9657646612776869,116349.0,6.0
2078,2147.0,19.0,0.969928417990059,116351.0,6.0
2079,2004.0,22.0,1.0,116363.0,6.0
2080,2044.0,21.0,0.994600254459542,114316.0,6.0
2081,2064.0,23.0,0.9716674957088437,116366.0,6.0
2082,2234.0,58.0,0.9934601160488336,116367.0,6.0
2083,1978.0,53.0,0.9838610655732088,116377.0,6.0
2084,1858.0,13.0,0.9842275610316965,116381.0,6.0
2085,1895.0,30.0,1.0,116389.0,6.0
2086,1761.0,10.0,1.0,116392.0,6.0
2087,1859.0,13.0,0.9561219128527554,116393.0,6.0
2088,1937.0,6.0,0.9516943498632018,116397.0,6.0
2089,1803.0,7.0,0.9558215508701693,114350.0,6.0
2090,1812.0,29.0,0.9541348982893714,116401.0,6.0
2091,2148.0,19.0,0.9964339494674385,116404.0,6.0
2092,2029.0,39.0,0.9832478048373356,114360.0,6.0
2093,2089.0,20.0,0.9822612641665954,116427.0,6.0
2094,2276.0,57.0,0.9552418630707207,116433.0,6.0
2095,1852.0,55.0,0.9874289026485701,114386.0,6.0
2096,2062.0,54.0,0.9966755064549219,114393.0,6.0
2097,1845.0,28.0,0.9813671929070438,114399.0,6.0
2098,1897.0,30.0,0.9613503361960453,116450.0,6.0
2099,2091.0,20.0,0.9646207963108591,116456.0,6.0
2100,2151.0,19.0,0.9753295494093762,116457.0,6.0
2101,2190.0,37.0,0.9929713606770987,116458.0,6.0
2102,2132.0,18.0,0.974571872687032,114426.0,6.0
2103,2092.0,20.0,0.9663437641769246,116478.0,6.0
2104,1939.0,6.0,0.982498872257683,116490.0,6.0
2105,2192.0,58.0,0.9928785954679292,114443.0,6.0
2106,1941.0,6.0,0.9961431322918937,116493.0,6.0
2107,1815.0,29.0,0.9873943585070054,116495.0,6.0
2108,2193.0,58.0,0.9530485354533885,114448.0,6.0
2109,1810.0,45.0,0.9899265060472514,114457.0,6.0
2110,2155.0,37.0,1.0,114462.0,6.0
2111,2095.0,20.0,0.9797969544803666,116516.0,6.0
2112,2096.0,20.0,0.9612023412501678,116518.0,6.0
2113,1849.0,8.0,0.9841274940275883,114472.0,6.0
2114,1705.0,43.0,0.9944671639457295,114473.0,6.0
2115,1867.0,13.0,0.9630714276875527,116536.0,6.0
2116,1868.0,13.0,0.9832274078422343,116537.0,6.0
2117,1850.0,46.0,0.9851624653477273,116538.0,6.0
2118,1837.0,45.0,0.9501648997833911,116540.0,6.0
2119,2098.0,20.0,0.9786602388273188,116542.0,6.0
2120,1939.0,52.0,1.0,116543.0,6.0
2121,1847.0,50.0,0.9803006906222002,116546.0,6.0
2122,1736.0,34.0,0.9708090906020406,114507.0,6.0
2123,1954.0,40.0,0.9641832358596945,114511.0,6.0
2124,1810.0,7.0,0.9816225715877773,114513.0,6.0
2125,1815.0,26.0,0.9830051022696716,114516.0,6.0
2126,1831.0,46.0,0.984596111359051,114525.0,6.0
2127,2007.0,22.0,0.9544884087341976,116574.0,6.0
2128,1791.0,15.0,0.995823899958973,114528.0,6.0
2129,2072.0,23.0,0.9811142547233197,116576.0,6.0
2130,1725.0,44.0,0.9663979194387955,116584.0,6.0
2131,2196.0,3.0,1.0,114537.0,6.0
2132,1841.0,12.0,1.0,116586.0,6.0
2133,1943.0,6.0,0.960396035164454,116587.0,6.0
2134,1709.0,14.0,0.9859479823588931,114542.0,6.0
2135,1902.0,30.0,0.95847494126013,116592.0,6.0
2136,1777.0,29.0,0.9853524404934398,114546.0,6.0
2137,1870.0,13.0,0.9665412741956464,116594.0,6.0
2138,1875.0,24.0,0.9893683365056603,114548.0,6.0
2139,1853.0,55.0,0.9883569286803083,114551.0,6.0
2140,2255.0,1.0,0.9901916499770664,114555.0,6.0
2141,1854.0,55.0,0.9873208581531774,114557.0,6.0
2142,2174.0,0.0,0.9622540786919572,114565.0,6.0
2143,2001.0,40.0,0.9808158498019672,116620.0,6.0
2144,1849.0,50.0,0.9670271652154456,116627.0,6.0
2145,1947.0,6.0,1.0,116628.0,6.0
2146,1873.0,13.0,0.9826502458624574,116631.0,6.0
2147,1712.0,14.0,0.9859716123379073,114595.0,6.0
2148,1922.0,41.0,0.9829489983423199,114596.0,6.0
2149,2111.0,20.0,0.9720201180998397,116646.0,6.0
2150,1876.0,28.0,1.0,116649.0,6.0
2151,1903.0,30.0,0.9650363154142054,116650.0,6.0
2152,1948.0,6.0,0.9533258624455773,116652.0,6.0
2153,1923.0,41.0,0.9938880076430853,114609.0,6.0
2154,1850.0,50.0,0.9557041138214742,116661.0,6.0
2155,1846.0,12.0,0.9738029512564155,116668.0,6.0
2156,1813.0,7.0,0.9736320371724776,114624.0,6.0
2157,1851.0,50.0,0.9716734296312525,116673.0,6.0
2158,1911.0,31.0,0.9555161418660271,116674.0,6.0
2159,1819.0,29.0,0.981504818277504,116681.0,6.0
2160,2076.0,23.0,1.0,116684.0,6.0
2161,2049.0,21.0,1.0,114637.0,6.0
2162,1867.0,25.0,0.9633184618868055,116685.0,6.0
2163,1799.0,25.0,0.9911401772501617,114645.0,6.0
2164,2136.0,18.0,0.9630814712958397,114664.0,6.0
2165,2137.0,18.0,0.9658256119499421,114666.0,6.0
2166,2083.0,38.0,0.9802246412417608,114679.0,6.0
2167,1384.0,59.0,0.9815599732444948,112642.0,6.0
2168,2184.0,36.0,0.9802072874369085,114711.0,6.0
2169,1394.0,59.0,0.9662453638765377,112671.0,6.0
2170,2293.0,5.0,0.9843193565366845,114736.0,6.0
2171,2113.0,19.0,0.9716425828970531,115258.0,6.0
2172,2125.0,19.0,1.0,115771.0,6.0
2173,2271.0,5.0,0.9523805009502675,113726.0,6.0
2174,1783.0,29.0,0.9733936610854704,114751.0,6.0
2175,1720.0,16.0,0.9877186141197188,112704.0,6.0
2176,1870.0,51.0,0.9910962504302641,114753.0,6.0
2177,1767.0,47.0,0.9861875337857725,115264.0,6.0
2178,2092.0,54.0,0.9615297156069967,115774.0,6.0
2179,1865.0,27.0,0.9958644301463465,113729.0,6.0
2180,1824.0,50.0,0.9954828724186863,115779.0,6.0
2181,2122.0,38.0,0.9824288001317629,116286.0,6.0
2182,2245.0,4.0,0.9844507355303054,112711.0,6.0
2183,2122.0,36.0,0.9883892785789936,112712.0,6.0
2184,1872.0,31.0,0.9802993970361976,114244.0,6.0
2185,2123.0,36.0,0.9859153136301897,112714.0,6.0
2186,2038.0,39.0,1.0,114763.0,6.0
2187,2124.0,36.0,0.9680671538658547,112716.0,6.0
2188,2121.0,37.0,0.98757058409002,112717.0,6.0
2189,2131.0,18.0,0.965759551806267,114249.0,6.0
2190,2200.0,1.0,0.98106643024767,112720.0,6.0
2191,1892.0,52.0,0.9835682593879606,113745.0,6.0
2192,1784.0,46.0,0.9562702580833518,112722.0,6.0
2193,1874.0,28.0,0.9964693497371873,116304.0,6.0
2194,1402.0,59.0,0.9674200584359778,112724.0,6.0
2195,2129.0,37.0,0.966806221149327,113237.0,6.0
2196,1857.0,24.0,0.9651064705481804,113750.0,6.0
2197,1857.0,28.0,0.9765153707137368,114781.0,6.0
2198,1854.0,13.0,0.9928523426631246,116320.0,6.0
2199,2202.0,3.0,0.9829479184436204,114785.0,6.0
2200,2246.0,4.0,0.986191789996559,112739.0,6.0
2201,1920.0,27.0,0.9948302600152331,116323.0,6.0
2202,2122.0,37.0,0.9835550998337668,112742.0,6.0
2203,2227.0,57.0,0.9609774684416194,114791.0,6.0
2204,2126.0,19.0,0.9936012396809295,115815.0,6.0
2205,1847.0,51.0,0.9668259197097278,113768.0,6.0
2206,2219.0,58.0,0.9817629961259704,115818.0,6.0
2207,1855.0,13.0,0.9955020078740567,116329.0,6.0
2208,2249.0,2.0,0.9863429196163572,115310.0,6.0
2209,1832.0,12.0,0.9695057435119557,116334.0,6.0
2210,1816.0,12.0,0.9844889161644357,115312.0,6.0
2211,1772.0,34.0,0.9714411847591115,116336.0,6.0
2212,1881.0,31.0,0.968841781981449,114803.0,6.0
2213,1851.0,30.0,0.9922067680058692,114804.0,6.0
2214,1675.0,43.0,0.996229409575289,112758.0,6.0
2215,1748.0,11.0,0.9853507257289742,115831.0,6.0
2216,1868.0,24.0,0.973096107843119,114295.0,6.0
2217,2025.0,54.0,0.9627454510021217,112764.0,6.0
2218,1906.0,52.0,0.9940558939866809,114300.0,6.0
2219,1913.0,52.0,0.9919435860811169,114815.0,6.0
2220,2272.0,5.0,0.9823212156075918,113791.0,6.0
2221,1949.0,40.0,0.9650620965564799,114304.0,6.0
2222,1703.0,35.0,0.9943892753938436,113794.0,6.0
2223,2125.0,36.0,0.9513488444514392,112771.0,6.0
2224,2203.0,1.0,0.9801576124613557,112772.0,6.0
2225,1848.0,55.0,0.969602333907256,114306.0,6.0
2226,1821.0,56.0,0.9811233120316046,114310.0,6.0
2227,1683.0,14.0,0.9831580999958396,113287.0,6.0
2228,1759.0,10.0,0.9893965173648165,116362.0,6.0
2229,2239.0,57.0,0.9970819852304603,115343.0,6.0
2230,1774.0,34.0,0.9975160907170669,116369.0,6.0
2231,1704.0,35.0,0.9922551901869067,113810.0,6.0
2232,2236.0,3.0,1.0,116374.0,6.0
2233,2126.0,36.0,0.9833191286269694,112792.0,6.0
2234,2200.0,58.0,0.9863826481067692,115356.0,6.0
2235,1738.0,11.0,0.9832576487679763,115357.0,6.0
2236,1916.0,52.0,0.9691981012247738,114852.0,6.0
2237,2086.0,38.0,0.9887937062470659,114855.0,6.0
2238,2102.0,18.0,0.9832827513802934,113323.0,6.0
2239,1798.0,9.0,0.9965394837600889,112812.0,6.0
2240,1788.0,26.0,0.9943854990585781,113324.0,6.0
2241,1828.0,8.0,0.996287820096159,113329.0,6.0
2242,2205.0,1.0,0.9802495556485011,112818.0,6.0
2243,2129.0,19.0,0.9910281152788578,115889.0,6.0
2244,2286.0,5.0,0.9707355560864507,114357.0,6.0
2245,1671.0,14.0,1.0,112822.0,6.0
2246,1423.0,59.0,0.9633811550492705,113335.0,6.0
2247,1819.0,45.0,0.956721068463846,114873.0,6.0
2248,2083.0,18.0,0.9816152329345266,112826.0,6.0
2249,1800.0,45.0,0.9933702299188424,113849.0,6.0
2250,2130.0,19.0,0.9630603751212916,115899.0,6.0
2251,1940.0,22.0,0.9530427782949473,112829.0,6.0
2252,2087.0,20.0,0.9882920340945153,116410.0,6.0
2253,1803.0,13.0,0.9910197933575102,112831.0,6.0
2254,2086.0,20.0,1.0,116411.0,6.0
2255,1872.0,48.0,0.9739005941424647,116414.0,6.0
2256,1843.0,31.0,0.9802752277491944,112836.0,6.0
2257,2085.0,18.0,1.0,112841.0,6.0
2258,2100.0,38.0,0.9823510620693919,115403.0,6.0
2259,1821.0,26.0,0.9887315568102303,114892.0,6.0
2260,1722.0,47.0,0.9807881203395508,112845.0,6.0
2261,1655.0,33.0,0.9868560762165637,114894.0,6.0
2262,1698.0,44.0,0.9728112060407446,113868.0,6.0
2263,2275.0,5.0,0.9798074785609443,113873.0,6.0
2264,1825.0,49.0,0.9948362877709385,115768.0,6.0
2265,2025.0,21.0,0.9859208514738668,113369.0,6.0
2266,2119.0,18.0,0.9669840093329714,113881.0,6.0
2267,1911.0,41.0,0.9615381107753428,113883.0,6.0
2268,1673.0,14.0,0.9877549934322948,112860.0,6.0
2269,2071.0,38.0,0.9827419779181855,113884.0,6.0
2270,2250.0,1.0,0.9817025150700214,114396.0,6.0
2271,2130.0,36.0,1.0,112863.0,6.0
2272,2287.0,5.0,0.9606826893272533,114398.0,6.0
2273,2240.0,3.0,0.9599192149267586,116447.0,6.0
2274,1787.0,29.0,0.9972032143595753,114914.0,6.0
2275,2254.0,4.0,0.9933394548688712,112867.0,6.0
2276,1969.0,22.0,0.9846257420711789,114401.0,6.0
2277,1728.0,17.0,0.9915508018741068,112872.0,6.0
2278,1723.0,47.0,0.996878645892193,112875.0,6.0
2279,1802.0,15.0,0.9971816118806169,115438.0,6.0
2280,2208.0,1.0,0.980772028211519,112879.0,6.0
2281,1897.0,6.0,0.9880937863428214,114414.0,6.0
2282,2151.0,37.0,0.9828167977001367,114419.0,6.0
2283,1849.0,24.0,0.9885718364993057,113396.0,6.0
2284,1418.0,59.0,0.964428066252224,112886.0,6.0
2285,1843.0,30.0,0.9898832154459931,114422.0,6.0
2286,2086.0,18.0,0.9682272579575257,112888.0,6.0
2287,2051.0,23.0,0.9635780177174087,115962.0,6.0
2288,1831.0,48.0,0.9775463681305206,113915.0,6.0
2289,1823.0,56.0,0.96883078068424,114428.0,6.0
2290,2178.0,0.0,0.9797656634502446,114944.0,6.0
2291,1934.0,53.0,0.9561344906707933,113920.0,6.0
2292,1631.0,33.0,0.9937501794841186,113923.0,6.0
2293,1922.0,53.0,0.9641641190738368,113412.0,6.0
2294,1849.0,48.0,1.0,115465.0,6.0
2295,2047.0,21.0,0.9646767008662517,114442.0,6.0
2296,2179.0,0.0,0.9604179454414827,114955.0,6.0
2297,1927.0,6.0,0.9626188534792611,115979.0,6.0
2298,1834.0,32.0,1.0,115470.0,6.0
2299,2039.0,23.0,0.9668888505037995,115472.0,6.0
2300,1837.0,8.0,0.9731486682728102,113936.0,6.0
2301,2093.0,20.0,0.9666496047250849,116498.0,6.0
2302,1821.0,48.0,0.9861556668768526,113428.0,6.0
2303,1787.0,7.0,0.9635791444511961,113430.0,6.0
2304,1846.0,32.0,0.9530931320936886,115991.0,6.0
2305,1802.0,9.0,0.9872110039949402,112921.0,6.0
2306,1808.0,7.0,0.9914267554144397,114459.0,6.0
2307,1714.0,11.0,0.9977268407434521,113438.0,6.0
2308,1947.0,22.0,0.9793485420484282,113442.0,6.0
2309,1725.0,47.0,0.9924858509493222,112939.0,6.0
2310,1873.0,24.0,0.9967818992275518,114476.0,6.0
2311,1849.0,25.0,0.9934924992605021,116526.0,6.0
2312,2034.0,39.0,0.9691182043726119,114482.0,6.0
2313,1707.0,11.0,0.9827723381547518,112948.0,6.0
2314,1838.0,8.0,0.9882206040064107,113976.0,6.0
2315,1734.0,34.0,0.9732736277242129,114491.0,6.0
2316,1827.0,13.0,0.9950788439138777,115518.0,6.0
2317,1878.0,27.0,0.9802570156546447,114497.0,6.0
2318,1900.0,31.0,0.992978807494888,115522.0,6.0
2319,1957.0,53.0,0.9947606513815213,115011.0,6.0
2320,1846.0,50.0,0.9907388279841373,116545.0,6.0
2321,1788.0,45.0,0.973970035361912,113477.0,6.0
2322,2076.0,20.0,0.9823102810495177,116037.0,6.0
2323,1688.0,44.0,0.9871830677056828,113482.0,6.0
2324,1708.0,42.0,0.97675835035706,112971.0,6.0
2325,1848.0,50.0,0.9945742882191337,116554.0,6.0
2326,1843.0,55.0,1.0,113998.0,6.0
2327,1811.0,7.0,0.9871772289091407,114514.0,6.0
2328,2102.0,20.0,1.0,116566.0,6.0
2329,1970.0,53.0,0.9961270135147585,115549.0,6.0
2330,1884.0,30.0,0.9844177917373849,116064.0,6.0
2331,1814.0,32.0,0.9864628052811382,114530.0,6.0
2332,1793.0,46.0,0.9934821742309077,112996.0,6.0
2333,2040.0,23.0,0.9824110519429069,115557.0,6.0
2334,1776.0,15.0,0.9945182329289481,112998.0,6.0
2335,1683.0,35.0,0.9848331649459073,113000.0,6.0
2336,1790.0,7.0,0.9931638598143315,113513.0,6.0
2337,2028.0,23.0,0.9576644984688786,115050.0,6.0
2338,1709.0,35.0,0.991130234745425,114025.0,6.0
2339,1920.0,6.0,0.9899982910446755,115574.0,6.0
2340,1803.0,26.0,0.9704554855820651,114038.0,6.0
2341,1864.0,55.0,0.9810336237829866,115064.0,6.0
2342,2003.0,22.0,0.9517167122605419,116091.0,6.0
2343,1801.0,45.0,0.978006803855394,114045.0,6.0
2344,2210.0,57.0,0.9788932607085347,113022.0,6.0
2345,1842.0,13.0,0.9950535383478376,116094.0,6.0
2346,1673.0,44.0,0.9857445046287987,113025.0,6.0
2347,2208.0,2.0,0.9896091755806208,113539.0,6.0
2348,1795.0,46.0,0.988903539199108,113028.0,6.0
2349,1827.0,49.0,0.9934243670175573,116100.0,6.0
2350,1845.0,55.0,0.9667930549139081,114054.0,6.0
2351,1720.0,42.0,0.9873800228075823,113544.0,6.0
2352,1987.0,40.0,1.0,116105.0,6.0
2353,1659.0,33.0,0.9976128483274719,115594.0,6.0
2354,2228.0,2.0,0.9587882482635094,114568.0,6.0
2355,1806.0,9.0,0.9935461670841291,113044.0,6.0
2356,1859.0,30.0,0.9930826757822857,115092.0,6.0
2357,1875.0,28.0,0.969659234573684,116630.0,6.0
2358,1724.0,44.0,0.9914150579447737,116119.0,6.0
2359,1803.0,12.0,0.9915853318230007,114584.0,6.0
2360,1962.0,53.0,0.9938127859205192,115103.0,6.0
2361,2210.0,2.0,1.0,113575.0,6.0
2362,1846.0,30.0,0.9961270182544476,114599.0,6.0
2363,1906.0,27.0,0.9963287672765342,115626.0,6.0
2364,2024.0,39.0,0.9645568877350517,114090.0,6.0
2365,1814.0,49.0,0.9981059468789208,114604.0,6.0
2366,1810.0,12.0,0.9815482313387751,115118.0,6.0
2367,1794.0,29.0,0.9840495307633108,115121.0,6.0
2368,2210.0,58.0,0.964789557544066,115635.0,6.0
2369,1826.0,8.0,0.9741661612961299,113076.0,6.0
2370,2217.0,57.0,0.9967827584957848,113588.0,6.0
2371,1852.0,51.0,0.9737791039031238,114101.0,6.0
2372,2168.0,0.0,1.0,113593.0,6.0
2373,1811.0,25.0,0.996689523914582,115641.0,6.0
2374,1826.0,32.0,0.9961368054850325,115134.0,6.0
2375,1794.0,25.0,0.9835841300096939,114113.0,6.0
2376,2280.0,5.0,0.9559838650188269,114115.0,6.0
2377,1860.0,30.0,0.9668905543435443,115141.0,6.0
2378,1734.0,11.0,1.0,115142.0,6.0
2379,2056.0,54.0,0.9838418582109366,114121.0,6.0
2380,1844.0,9.0,0.9855508838537843,115146.0,6.0
2381,1773.0,29.0,0.9910324998250675,114122.0,6.0
2382,1957.0,40.0,1.0,114633.0,6.0
2383,1826.0,56.0,1.0,114634.0,6.0
2384,1793.0,26.0,0.9983075308389542,113615.0,6.0
2385,1858.0,27.0,0.9628924499078374,113109.0,6.0
2386,1846.0,55.0,0.9704916265939427,114133.0,6.0
2387,1828.0,56.0,0.9536159718783668,114648.0,6.0
2388,2176.0,0.0,0.9781518332098478,114649.0,6.0
2389,1835.0,50.0,0.995571811108822,116188.0,6.0
2390,1963.0,41.0,1.0,116190.0,6.0
2391,1903.0,41.0,0.9805100898833026,113120.0,6.0
2392,2243.0,2.0,0.9897559605543471,115171.0,6.0
2393,1692.0,14.0,0.9898891179539459,113636.0,6.0
2394,2069.0,20.0,0.9701119747069988,115686.0,6.0
2395,1833.0,25.0,0.9940718879954255,116201.0,6.0
2396,1840.0,28.0,0.9659525006898649,114154.0,6.0
2397,2035.0,54.0,0.9968085541162559,113134.0,6.0
2398,2236.0,1.0,1.0,113649.0,6.0
2399,2142.0,19.0,0.98697880924294,116209.0,6.0
2400,2211.0,57.0,0.9884138196699499,113139.0,6.0
2401,1917.0,41.0,0.9913477228476841,114166.0,6.0
2402,2269.0,57.0,0.9696912177911511,116215.0,6.0
2403,1739.0,10.0,0.9950631132700715,115704.0,6.0
2404,1718.0,10.0,0.9979549554477178,114169.0,6.0
2405,2238.0,4.0,0.9901095413886917,112634.0,6.0
2406,2185.0,0.0,0.9635261363979738,115195.0,6.0
2407,2019.0,21.0,0.959598068920141,113149.0,6.0
2408,2228.0,3.0,0.950346143476813,116222.0,6.0
2409,1851.0,56.0,0.9863199640516405,115711.0,6.0
2410,1383.0,59.0,0.9691087960745594,112637.0,6.0
2411,2239.0,4.0,0.9835803549271787,112638.0,6.0
2412,2120.0,37.0,0.9528062924948064,112639.0,6.0
2413,1717.0,16.0,0.9916862513631446,112640.0,6.0
2414,2240.0,4.0,0.9520995692566449,112643.0,6.0
2415,1868.0,51.0,1.0,114693.0,6.0
2416,1707.0,17.0,0.9941333957987599,112647.0,6.0
2417,1794.0,49.0,0.9732212236068665,113672.0,6.0
2418,1667.0,14.0,0.9954714588870746,112653.0,6.0
2419,1724.0,42.0,0.9594577268251628,113681.0,6.0
2420,1674.0,43.0,0.9804987677854614,112658.0,6.0
2421,1856.0,48.0,0.9948618618160148,115732.0,6.0
2422,1990.0,40.0,0.980884539820468,116244.0,6.0
2423,1814.0,12.0,0.9765132485423401,115226.0,6.0
2424,1868.0,31.0,0.990180485532137,114204.0,6.0
2425,1392.0,59.0,0.9795452986240359,112668.0,6.0
2426,1393.0,59.0,0.9686127724941515,112669.0,6.0
2427,1857.0,51.0,0.9654071912603334,114211.0,6.0
2428,1795.0,29.0,0.993874155450381,115236.0,6.0
2429,2231.0,3.0,0.9711350347059932,116259.0,6.0
2430,2213.0,58.0,0.9708610997766585,115751.0,6.0
2431,1793.0,9.0,0.9934611707193676,112680.0,6.0
2432,2076.0,38.0,0.98149343972126,114217.0,6.0
2433,2094.0,38.0,1.0,115242.0,6.0
2434,1967.0,41.0,0.9678775096125708,116266.0,6.0
2435,2037.0,39.0,0.9971954248136149,114728.0,6.0
2436,2012.0,21.0,0.9652271304667865,112682.0,6.0
2437,1716.0,10.0,0.9887152441833282,113710.0,6.0
2438,1783.0,46.0,0.9919946198382742,112684.0,6.0
2439,2246.0,2.0,0.9571729629445127,115248.0,6.0
2440,1719.0,16.0,0.9986271310214757,112685.0,6.0
2441,1711.0,17.0,0.9977879521421934,112686.0,6.0
2442,2081.0,54.0,0.9502573669326053,115251.0,6.0
2443,2198.0,58.0,0.96634837458564,115252.0,6.0
2444,1837.0,55.0,0.9943925315741162,113717.0,6.0
2445,1769.0,15.0,0.9875428217436556,112687.0,6.0
2446,1911.0,52.0,0.9968599378583346,114735.0,6.0
2447,1811.0,56.0,0.9720822279324974,113720.0,6.0
