,median_mz(Da),N_spectra,min_mz,max_mz,IQR_mz(ppm),mean_Int,min_Int,max_Int,median_Int,Int_Q1,Int_Q3
0,40.008742339568215,3.0,40.00835596260399,40.00983946036772,20.599633382521432,0.0031504763149216427,0.0,0.0,0.0,0.0,0.0
1,40.01275509485227,3.0,40.012250530805794,40.01405540490193,25.059704806973407,0.0021645016380531404,0.0,0.0,0.0,0.0,0.0
2,40.06454648121917,3.0,40.06447263278545,40.06591065684834,19.940379395877624,0.0010636480339787267,0.0,0.0,0.0,0.0,0.0
3,40.08069720663168,4.0,40.07989788499974,40.08135963198281,22.35808311475042,0.006971713321925753,0.0,0.0,0.0,0.0,0.0
4,40.091949226334734,3.0,40.0919297880209,40.092544134284324,8.513017856840026,0.003446433714337775,0.0,0.0,0.0,0.0,0.0
5,40.09585143130696,5.0,40.09546050543788,40.097360286550966,27.16021879849445,0.0017772428769467622,0.0,0.0,0.0,0.0,0.0
6,40.1140443395504,3.0,40.11340913949884,40.11529388164522,26.102553044502006,0.001374288228682005,0.0,0.0,0.0,0.0,0.0
7,40.123368312949154,3.0,40.122103824750944,40.123530804145666,19.75821980386845,0.005608076598700801,0.0,0.0,0.0,0.0,0.0
8,40.1460362284826,4.0,40.14512018397672,40.14666222070475,22.79746317679761,0.003978412733189192,0.0,0.0,0.0,0.0,0.0
9,40.15259477446898,3.0,40.1524580289774,40.15323773380229,10.788078568629427,0.00203847416150217,0.0,0.0,0.0,0.0,0.0
10,40.19665458954144,6.0,40.195293619312395,40.19835364213111,45.13839330515428,0.0022621867894894957,0.0,0.0,0.0,0.0,0.0
11,40.203932037396186,5.0,40.202926861790914,40.20515836015605,23.93302014405512,0.0026356273132672036,0.0,0.0,0.0,0.0,0.0
12,40.22352048110648,6.0,40.22147923561719,40.22505511996852,63.593103802650056,0.005799263717141203,0.0,0.0,0.0,0.0,0.0
13,40.24014768407552,5.0,40.23768931892616,40.24177215634423,54.50126220890746,0.005575761892970481,0.0,0.0,0.0,0.0,0.0
14,40.25387801424468,4.0,40.252615885591396,40.255027479189565,21.811553530563547,0.002276254848679432,0.0,0.0,0.0,0.0,0.0
15,40.27897916283459,4.0,40.27870477153906,40.27984241652945,13.219563820308498,0.002177918737789156,0.0,0.0,0.0,0.0,0.0
16,40.298701213465534,3.0,40.29837319878665,40.29988226431381,20.8038897550395,0.0051041915120127795,0.0,0.0,0.0,0.0,0.0
17,40.308395101557494,6.0,40.30734592061111,40.310544192731776,36.91361550989449,0.01196723397464078,0.0,0.0,0.0,0.0,0.0
18,40.313787904909255,3.0,40.313261158663316,40.31417486587868,12.591600691112319,0.002875498473665357,0.0,0.0,0.0,0.0,0.0
19,40.31609733312666,3.0,40.31593637301732,40.317116911848274,16.26781731044817,0.002527689463698836,0.0,0.0,0.0,0.0,0.0
20,40.335343997544435,6.0,40.33287721477778,40.33666851805762,61.762137268496396,0.0034416372699110336,0.0,0.0,0.0,0.0,0.0
21,40.35203941812058,3.0,40.35148755296941,40.35207401847325,8.074292489172215,0.0009575333111840498,0.0,0.0,0.0,0.0,0.0
22,40.36886542180258,5.0,40.367788278890174,40.37042132982401,54.87129367286983,0.0027365887511213035,0.0,0.0,0.0,0.0,0.0
23,40.37632140133952,5.0,40.37579112442293,40.37714319048953,23.14387618055911,0.005947026608281247,0.0,0.0,0.0,0.0,0.0
24,40.38240516531182,4.0,40.381407864347906,40.38333682063638,23.10379763790694,0.0030224774901024625,0.0,0.0,0.0,0.0,0.0
25,40.41787282414671,9.0,40.41537929819335,40.4202544625484,49.40595314695357,0.005939342532590762,0.0,0.0,0.0,0.0,0.0
26,40.442632536736454,6.0,40.44008607535105,40.44327149569875,42.41998858161543,0.005859806340645146,0.0,0.0,0.0,0.0,0.0
27,40.44682809399937,6.0,40.44521072661694,40.44904313549845,65.84650749957873,0.0033784697695416824,0.0,0.0,0.0,0.0,0.0
28,40.4658225808104,3.0,40.464852029049645,40.46674914832155,26.045563486215872,0.0018404836700128282,0.0,0.0,0.0,0.0,0.0
29,40.468686430595525,3.0,40.468656581380074,40.469188187173195,7.2979030895030785,0.0027327236996953965,0.0,0.0,0.0,0.0,0.0
30,40.48153930969431,4.0,40.48092795453918,40.481704718197335,7.040215498098005,0.0024030595624645623,0.0,0.0,0.0,0.0,0.0
31,40.49842887478467,6.0,40.497700762947304,40.50004905785417,30.669368968152433,0.00420211268044901,0.0,0.0,0.0,0.0,0.0
32,40.5117681505063,5.0,40.510876416363416,40.51311319868764,9.529973613874924,0.004150567499266576,0.0,0.0,0.0,0.0,0.0
33,40.5212163406248,8.0,40.51893620635538,40.52268264531387,58.769596693863576,0.004421538394833458,0.0,0.0,0.0,0.0,0.0
34,40.535682846967845,3.0,40.535490218027654,40.53572388137236,3.20243696829373,0.0018188387265046214,0.0,0.0,0.0,0.0,0.0
35,40.5517936904947,15.0,40.54733387676285,40.556165817007745,159.7630094854206,0.00945624191325607,0.0,0.0,0.0,0.0,0.0
36,40.55960880955211,3.0,40.55906730103059,40.55962569377355,7.648451245952957,0.002702868054331788,0.0,0.0,0.0,0.0,0.0
37,40.56489138798436,5.0,40.56364184932723,40.56561822323927,29.456374238513163,0.004423853504039342,0.0,0.0,0.0,0.0,0.0
38,40.57197864488427,6.0,40.570938298060895,40.57277493319024,17.735926745629673,0.008646484923665603,0.0,0.0,0.0,0.0,0.0
39,40.58062519276404,3.0,40.579279207817144,40.5812138080259,26.485000875425058,0.005170240289822839,0.0,0.0,0.0,0.0,0.0
40,40.58582569985434,4.0,40.58470867062564,40.58648422139975,17.46625463049069,0.003295272760031577,0.0,0.0,0.0,0.0,0.0
41,40.58870998273944,3.0,40.58844816117288,40.58929433335127,11.581931400695867,0.0024946387114957625,0.0,0.0,0.0,0.0,0.0
42,40.593087750219446,7.0,40.591503132566004,40.594720938446514,38.4920046148356,0.006551482051193061,0.0,0.0,0.0,0.0,0.0
43,40.64974764893393,4.0,40.649039607168675,40.650691171144935,29.43283717850004,0.003923895808381916,0.0,0.0,0.0,0.0,0.0
44,40.67606510067912,11.0,40.673772500598915,40.67789746664619,48.772356703279485,0.008860073864856885,0.0,0.0,0.0,0.0,0.0
45,40.70576197503038,4.0,40.70454331208014,40.706890201277616,38.98343032330937,0.0038652452321995363,0.0,0.0,0.0,0.0,0.0
46,40.7228453802736,3.0,40.72138575823427,40.72410976887365,37.1619229935185,0.0012978400697471507,0.0,0.0,0.0,0.0,0.0
47,40.7402301341868,4.0,40.7398672452276,40.740634977191995,10.112880342579603,0.005074727504456028,0.0,0.0,0.0,0.0,0.0
48,40.7516063708344,9.0,40.749983359051214,40.75369060916809,59.827379762573855,0.008499542979788917,0.0,0.0,0.0,0.0,0.0
49,40.769822757415085,7.0,40.76911813381943,40.77282622096323,65.31666713490085,0.003763092648038767,0.0,0.0,0.0,0.0,0.0
50,40.808252124925716,10.0,40.80559761367004,40.80991871733635,79.5680931827154,0.009201374675107319,0.0,0.0,0.0,0.0,0.0
51,40.8160645033268,5.0,40.814294954532,40.8183414586546,55.724751752419024,0.002201035727913674,0.0,0.0,0.0,0.0,0.0
52,40.82404654782704,5.0,40.82198190386201,40.825417189628965,48.119202146754034,0.011265699921439077,0.0,0.0,0.0,0.0,0.0
53,40.84665397611053,3.0,40.845936403616356,40.84673317975149,10.836956404433787,0.0032656207080075574,0.0,0.0,0.0,0.0,0.0
54,40.85711853225352,13.0,40.853742030262005,40.85921829360008,94.9429945477193,0.01586984370210508,0.0,0.0,0.0,0.0,0.0
55,40.863716675643104,5.0,40.86264386080285,40.86529910663299,45.98679957849574,0.005722535895632579,0.0,0.0,0.0,0.0,0.0
56,40.87950810783798,9.0,40.876224868100735,40.88222865488046,73.3870874966301,0.002718533165743408,0.0,0.0,0.0,0.0,0.0
57,40.89394599339168,5.0,40.89365719766283,40.89495086693314,13.999155227846472,0.0029963049970494434,0.0,0.0,0.0,0.0,0.0
58,40.90446328699214,11.0,40.9021856260888,40.90678956595305,51.73263874161897,0.007956465870673425,0.0,0.0,0.0,0.0,0.0
59,40.925586155631066,7.0,40.923258067404824,40.927791968953976,55.71050416607639,0.006523857618129379,0.0,0.0,0.0,0.0,0.0
60,40.938749400244276,4.0,40.938095162352134,40.94023717505126,19.539547077277508,0.004332936238288774,0.0,0.0,0.0,0.0,0.0
61,40.96337472385949,8.0,40.96120533427237,40.9641791386003,48.03842469326547,0.006852876612656314,0.0,0.0,0.0,0.0,0.0
62,40.973714821472925,5.0,40.97347411903329,40.97512831963618,6.204578507491716,0.002858370573944053,0.0,0.0,0.0,0.0,0.0
63,40.983177772979886,7.0,40.98150216521731,40.98467600680554,47.04879522986584,0.00260216530036176,0.0,0.0,0.0,0.0,0.0
64,40.99749869310276,3.0,40.9965247011441,40.99849222040893,26.66177920798973,0.004946286062965966,0.0,0.0,0.0,0.0,0.0
65,41.00997195863418,6.0,41.00854772610657,41.01072314362315,29.31676297061294,0.005271920307266236,0.0,0.0,0.0,0.0,0.0
66,41.02177330291862,3.0,41.02172596556045,41.02251441938857,10.677985597567572,0.003900356199425166,0.0,0.0,0.0,0.0,0.0
67,41.027606008415056,3.0,41.026797521866854,41.02848550002822,22.856942835323935,0.006683189880016261,0.0,0.0,0.0,0.0,0.0
68,41.04196995026474,4.0,41.04127258166777,41.042653411825704,26.37512337542359,0.0035925210205662926,0.0,0.0,0.0,0.0,0.0
69,41.04778455444546,7.0,41.045119447051164,41.04867175109735,49.05298058828184,0.0073790291686800765,0.0,0.0,0.0,0.0,0.0
70,41.06708301373797,7.0,41.06614741623296,41.06945597497014,53.55078867185293,0.004232492379901086,0.0,0.0,0.0,0.0,0.0
71,41.07359726929793,4.0,41.07344818383015,41.074707973558105,12.826334417731195,0.005391445298060551,0.0,0.0,0.0,0.0,0.0
72,41.08477632566621,5.0,41.0841718689651,41.08560496749862,33.03455657834166,0.0035665617261096396,0.0,0.0,0.0,0.0,0.0
73,41.10716680808105,14.0,41.103322376695864,41.11169590760945,113.02967713239377,0.021587362321332324,0.0,0.0,0.0,0.0,0.0
74,41.12664229670317,4.0,41.1260732459847,41.12765431154667,12.073282043219129,0.001992280939936558,0.0,0.0,0.0,0.0,0.0
75,41.13386387611729,3.0,41.13370038422277,41.134672669596654,13.131723843799366,0.003252616342743455,0.0,0.0,0.0,0.0,0.0
76,41.13961154106451,6.0,41.138184189459906,41.14148012149227,37.9735812265929,0.003379974193500532,0.0,0.0,0.0,0.0,0.0
77,41.14572525603866,6.0,41.143951804044136,41.14744653062273,61.589004065827574,0.0020086217590826357,0.0,0.0,0.0,0.0,0.0
78,41.151984539860834,4.0,41.151192646474236,41.15257429217086,18.96029720737311,0.0036070466338366906,0.0,0.0,0.0,0.0,0.0
79,41.15870184318398,8.0,41.15700073936988,41.16067025019463,55.25946045572883,0.010784635489682995,0.0,0.0,0.0,0.0,0.0
80,41.171597967862056,5.0,41.169694188818696,41.17295143430901,42.031549110515144,0.004333517970085694,0.0,0.0,0.0,0.0,0.0
81,41.17951874545095,3.0,41.17858487202625,41.18055980303517,26.64392220388907,0.0030723955404263243,0.0,0.0,0.0,0.0,0.0
82,41.18720639447808,6.0,41.185320663533034,41.18931613765234,50.148133386895815,0.0014723150272302518,0.0,0.0,0.0,0.0,0.0
83,41.201546902783,7.0,41.199729718380446,41.20248319539179,28.457143515862615,0.0049246777585706366,0.0,0.0,0.0,0.0,0.0
84,41.22278664058727,6.0,41.22063831417596,41.224336402056835,55.60821051176709,0.00391169218504039,0.0,0.0,0.0,0.0,0.0
85,41.2324737381196,9.0,41.230554953448625,41.2355009272732,82.68584503476248,0.006312706777988914,0.0,0.0,0.0,0.0,0.0
86,41.252506347443656,3.0,41.25151716057331,41.25296835337467,19.54349673171798,0.004899898439827069,0.0,0.0,0.0,0.0,0.0
87,41.26972207153666,3.0,41.26955798714178,41.270040418645934,6.4942890054538385,0.003087109764200332,0.0,0.0,0.0,0.0,0.0
88,41.276527825610984,8.0,41.275063982579816,41.27793892609211,26.176545101034762,0.0049169090722560324,0.0,0.0,0.0,0.0,0.0
89,41.29171177332752,9.0,41.28956406389896,41.29363787892428,27.07242061982686,0.00578211521741938,0.0,0.0,0.0,0.0,0.0
90,41.296641665799996,4.0,41.29600204012082,41.29734294434685,12.05950559010731,0.009724840750826936,0.0,0.0,0.0,0.0,0.0
91,41.31308006989921,10.0,41.30996814437708,41.31699269774703,89.93591670201542,0.010865352806500158,0.0,0.0,0.0,0.0,0.0
92,41.329687952211366,4.0,41.32879820182687,41.330366468575725,32.102736666706754,0.006947407369694042,0.0,0.0,0.0,0.0,0.0
93,41.347236364332176,5.0,41.34531451290746,41.34910271227998,29.59596861748623,0.01067346463862617,0.0,0.0,0.0,0.0,0.0
94,41.35656701503655,7.0,41.35426938741753,41.35865444745257,82.7644303415552,0.0029425721877398264,0.0,0.0,0.0,0.0,0.0
95,41.39059398319224,5.0,41.388430591589085,41.3913561709767,25.56756279333979,0.0017461379310408551,0.0,0.0,0.0,0.0,0.0
96,41.41852957659332,9.0,41.41594738581506,41.42084646199338,75.92981154906539,0.01209539085365463,0.0,0.0,0.0,0.0,0.0
97,41.43076418821029,4.0,41.43025748220954,41.43157475242336,11.787854318259662,0.00293457834214621,0.0,0.0,0.0,0.0,0.0
98,41.44633375717963,6.0,41.445032019508744,41.44791699775944,23.544920332212,0.0036200518038689692,0.0,0.0,0.0,0.0,0.0
99,41.48524609293899,13.0,41.481675753474015,41.48800043437961,103.07639094214464,0.007012559942154262,0.0,0.0,0.0,0.0,0.0
100,41.49558443472084,6.0,41.49381290056054,41.49705817157133,55.51150695100391,0.003299062145138861,0.0,0.0,0.0,0.0,0.0
101,41.5137008366816,4.0,41.512296893398975,41.514255499586575,28.031021651543007,0.0037070476965245227,0.0,0.0,0.0,0.0,0.0
102,41.5244737003583,6.0,41.52333649995896,41.524834491237314,13.839980914486837,0.004035897296591157,0.0,0.0,0.0,0.0,0.0
103,41.533844039998456,4.0,41.53308477953625,41.534699619164094,29.18841522431763,0.006570932929339848,0.0,0.0,0.0,0.0,0.0
104,41.53889374506812,6.0,41.536984220023015,41.54011658235918,55.41660424275411,0.006848314539588066,0.0,0.0,0.0,0.0,0.0
105,41.55625117548748,5.0,41.55448359724752,41.55873268371795,67.81011821254783,0.005935607209733182,0.0,0.0,0.0,0.0,0.0
106,41.562631876097925,3.0,41.56197317645262,41.563912527950045,25.922744781493787,0.006299631078116353,0.0,0.0,0.0,0.0,0.0
107,41.57655740089514,3.0,41.575997010964876,41.57736798064671,18.31921329838275,0.0025660043447189593,0.0,0.0,0.0,0.0,0.0
108,41.58509637676488,3.0,41.58423809313423,41.58570741213029,19.629348066157466,0.0029212803218753094,0.0,0.0,0.0,0.0,0.0
109,41.59612321986167,7.0,41.5952284758352,41.59854202887615,46.256868280917566,0.0065862135609972795,0.0,0.0,0.0,0.0,0.0
110,41.60368227252357,5.0,41.60320665270719,41.60435689865318,6.034225594825267,0.0053668736201238024,0.0,0.0,0.0,0.0,0.0
111,41.62486659621521,12.0,41.62162387949748,41.62873787451447,92.40870557789785,0.009323347389517624,0.0,0.0,0.0,0.0,0.0
112,41.63059994859097,7.0,41.630458340636366,41.63343533715511,33.62494560537406,0.005131196133291642,0.0,0.0,0.0,0.0,0.0
113,41.64953565777763,3.0,41.6493723369204,41.65057280697523,16.01285098877941,0.0034458252480322167,0.0,0.0,0.0,0.0,0.0
114,41.6555647189381,3.0,41.65480789468687,41.65634571782662,20.509773292238297,0.0032540398271837176,0.0,0.0,0.0,0.0,0.0
115,41.66361506752686,4.0,41.66354053425287,41.66471797758758,8.936969543006745,0.0020648930793356677,0.0,0.0,0.0,0.0,0.0
116,41.67963227177322,9.0,41.67623936121134,41.68139260977603,47.78883365831829,0.006884546482557534,0.0,0.0,0.0,0.0,0.0
117,41.68422778440853,3.0,41.683328684521115,41.684677421905945,17.975589016782127,0.00306529028086688,0.0,0.0,0.0,0.0,0.0
118,41.70944160811399,11.0,41.70575267835333,41.713090161241205,136.85621806124172,0.008460089321204334,0.0,0.0,0.0,0.0,0.0
119,41.72276737022134,4.0,41.72222188194826,41.72376492014073,24.59840605314019,0.0023008498785171143,0.0,0.0,0.0,0.0,0.0
120,41.73068009526315,3.0,41.73036761820352,41.731852600673754,19.769394108914245,0.0025305489856512946,0.0,0.0,0.0,0.0,0.0
121,41.775955446179495,8.0,41.77460690469972,41.777919461410676,41.99887440684335,0.005000267913895569,0.0,0.0,0.0,0.0,0.0
122,41.78691841660739,5.0,41.78571522673474,41.78799433862261,22.102280795150715,0.0021698196537101345,0.0,0.0,0.0,0.0,0.0
123,41.79423668435651,4.0,41.793706274147816,41.79551861912996,14.423030265180728,0.00934303308271253,0.0,0.0,0.0,0.0,0.0
124,41.81768770513691,3.0,41.817679677609085,41.81842362524089,9.883479038970687,0.005152469941294468,0.0,0.0,0.0,0.0,0.0
125,41.82873457812743,7.0,41.827796502524706,41.83065378794003,39.128849630209025,0.010766172788521456,0.0,0.0,0.0,0.0,0.0
126,41.83311790465602,5.0,41.83259131407033,41.83400203808608,27.68939227771458,0.0018294572908314703,0.0,0.0,0.0,0.0,0.0
127,41.84122833474365,3.0,41.8404578700005,41.841512302462625,14.000444910412597,0.003761514475433906,0.0,0.0,0.0,0.0,0.0
128,41.84652771807334,3.0,41.84611305803084,41.84659565729748,6.407000014428546,0.0033964614311838967,0.0,0.0,0.0,0.0,0.0
129,41.84901157902098,3.0,41.8488486804555,41.84980280032251,12.66616755761721,0.0013383761568470083,0.0,0.0,0.0,0.0,0.0
130,41.855726828249566,11.0,41.853363205070416,41.8568359153069,48.64192510508589,0.009916076446361501,0.0,0.0,0.0,0.0,0.0
131,41.884390312072114,5.0,41.88310684381831,41.88570575476241,13.543308158321882,0.00938872015912252,0.0,0.0,0.0,0.0,0.0
132,41.90255170608134,3.0,41.90199862713167,41.90387927849837,24.934193081271335,0.0041524057223726995,0.0,0.0,0.0,0.0,0.0
133,41.93158549238119,3.0,41.93145952508404,41.93238743512741,12.293968224572993,0.003323538271586183,0.0,0.0,0.0,0.0,0.0
134,41.95191616601181,3.0,41.95099254048185,41.953094594566885,27.836817283831945,0.001623680796392969,0.0,0.0,0.0,0.0,0.0
135,41.95586264812573,3.0,41.95545659982848,41.956886365304875,18.932137332361737,0.002144792404677732,0.0,0.0,0.0,0.0,0.0
136,41.96638171516538,3.0,41.96502984844691,41.96696125613325,25.56818639910678,0.003527327482962831,0.0,0.0,0.0,0.0,0.0
137,41.99834823875411,20.0,41.99095643288361,42.00256880718144,139.8926689311942,0.025656015002828807,0.0,0.0,0.0,0.0,0.0
138,42.01693854108022,4.0,42.015967580242055,42.01795312659175,19.14046970784064,0.0026729680024490396,0.0,0.0,0.0,0.0,0.0
139,42.036220314846375,4.0,42.03592924716336,42.037084342983945,9.290568464168363,0.002785168679926542,0.0,0.0,0.0,0.0,0.0
140,42.06238232494082,4.0,42.06077655707895,42.06391872236443,40.1346048692412,0.003352777499173834,0.0,0.0,0.0,0.0,0.0
141,42.07987791370841,3.0,42.079477739039966,42.080271687303906,10.482025869069039,0.004555759149679106,0.0,0.0,0.0,0.0,0.0
142,42.1216208040929,4.0,42.120825178064564,42.12307212289536,38.9362496208251,0.002181925844464575,0.0,0.0,0.0,0.0,0.0
143,42.13412186279359,3.0,42.13358463278253,42.13445133341802,11.427800835975509,0.0034558286028872607,0.0,0.0,0.0,0.0,0.0
144,42.15606055610855,6.0,42.15334327364752,42.15756207292573,67.30690363632444,0.004220487905415832,0.0,0.0,0.0,0.0,0.0
145,42.16931688211002,5.0,42.168199409730825,42.17112513420902,46.75654674293032,0.00420382431849232,0.0,0.0,0.0,0.0,0.0
146,42.19331215119532,3.0,42.192383982761285,42.19380502035528,18.710674505906802,0.003487789970296149,0.0,0.0,0.0,0.0,0.0
147,42.19982061742738,3.0,42.19907249267314,42.20044771684539,18.104660585013757,0.002301506204995907,0.0,0.0,0.0,0.0,0.0
148,42.20319903647403,4.0,42.20231822565136,42.2045669319175,40.29496370363943,0.004160779154621027,0.0,0.0,0.0,0.0,0.0
149,42.20954222414535,5.0,42.20723674218402,42.2107817384984,42.686251834603894,0.002583684577518487,0.0,0.0,0.0,0.0,0.0
150,42.22058602760771,3.0,42.220270351144755,42.22204853497363,23.398062364346195,0.0016290374535202652,0.0,0.0,0.0,0.0,0.0
151,42.22611703385486,4.0,42.225573870321355,42.22650002895689,14.349048957216977,0.0017564755490271295,0.0,0.0,0.0,0.0,0.0
152,42.23999266768037,3.0,42.23883207703571,42.24001611818113,15.572934434790087,0.00262267853978,0.0,0.0,0.0,0.0,0.0
153,42.25360033461179,9.0,42.251704083172875,42.255929050332426,66.08868828527359,0.008560087484760627,0.0,0.0,0.0,0.0,0.0
154,42.26679743330726,7.0,42.26302116046114,42.268396832374215,77.39407198923755,0.007544100410312825,0.0,0.0,0.0,0.0,0.0
155,42.27169139672134,3.0,42.27168836230364,42.27187494620892,2.4521783191162965,0.0014362516444617903,0.0,0.0,0.0,0.0,0.0
156,42.30134108314623,4.0,42.3010260070506,42.30160621630683,7.5731230909675435,0.0027371583415105277,0.0,0.0,0.0,0.0,0.0
157,42.316236847876276,4.0,42.314109571654015,42.316956827928934,42.913446233797615,0.004506627375628819,0.0,0.0,0.0,0.0,0.0
158,42.33053639672276,5.0,42.329531163728326,42.332370847114476,56.77198930325353,0.005622636097292027,0.0,0.0,0.0,0.0,0.0
159,42.34076696231545,8.0,42.33791887466824,42.342781926843664,57.93882711566445,0.004829676647673187,0.0,0.0,0.0,0.0,0.0
160,42.36350925573185,4.0,42.36316606893263,42.36423696420514,16.936853719726898,0.004182957845253437,0.0,0.0,0.0,0.0,0.0
161,42.38170099026882,16.0,42.37579133554619,42.38734693163236,165.83440169934605,0.006774169721160954,0.0,0.0,0.0,0.0,0.0
162,42.4014311406921,14.0,42.3954828293097,42.4056667012661,128.53148547097783,0.008587425244078451,0.0,0.0,0.0,0.0,0.0
163,42.40993966651618,4.0,42.409713791163014,42.41078888837021,9.252737563178663,0.003482406100215895,0.0,0.0,0.0,0.0,0.0
164,42.41699875454248,4.0,42.416005120309826,42.417973873151006,20.306808985283173,0.0020920214773288838,0.0,0.0,0.0,0.0,0.0
165,42.42461652342493,4.0,42.4234201276302,42.42517615002549,28.93238617393438,0.003783960965126365,0.0,0.0,0.0,0.0,0.0
166,42.43252505594772,5.0,42.43199277962066,42.434251186396736,41.87877795333228,0.0027521127720677805,0.0,0.0,0.0,0.0,0.0
167,42.4420266165395,9.0,42.44064367470186,42.444989097205514,65.58755910279574,0.007778249750790031,0.0,0.0,0.0,0.0,0.0
168,42.45086516415961,5.0,42.44996220498106,42.45326661378088,57.808053026458765,0.0037828432329645363,0.0,0.0,0.0,0.0,0.0
169,42.46142209329623,5.0,42.46060803393822,42.46342129890862,39.31082372438038,0.010531438774304323,0.0,0.0,0.0,0.0,0.0
170,42.46700449576935,3.0,42.466583683167556,42.46807916182538,19.563929371375067,0.002504553807849052,0.0,0.0,0.0,0.0,0.0
171,42.47659311052109,3.0,42.475108638509674,42.47700912092439,24.856597161281925,0.007541087939459784,0.0,0.0,0.0,0.0,0.0
172,42.48808878292876,13.0,42.4828177439514,42.49232437722977,94.19006155679764,0.008701868131685886,0.0,0.0,0.0,0.0,0.0
173,42.496152941696025,5.0,42.49511322210536,42.49858235869463,47.06204940407451,0.0026367600459367407,0.0,0.0,0.0,0.0,0.0
174,42.50918767394853,3.0,42.50801094967312,42.5093117037489,16.999646258897023,0.0013955117335967108,0.0,0.0,0.0,0.0,0.0
175,42.52421834188813,3.0,42.52414847530951,42.524803049968035,8.551658378458503,0.0019505682106564829,0.0,0.0,0.0,0.0,0.0
176,42.56392201342086,5.0,42.56256196862761,42.56535225855916,46.514492393091615,0.0027564994393568256,0.0,0.0,0.0,0.0,0.0
177,42.58847885507966,3.0,42.58761339227391,42.58867795137424,13.886894726084371,0.002717955941724676,0.0,0.0,0.0,0.0,0.0
178,42.59271639987559,3.0,42.5925858474065,42.592892187462915,3.9957282517220776,0.0033897691441335427,0.0,0.0,0.0,0.0,0.0
179,42.60527468974841,3.0,42.60410614428556,42.60529852198806,15.548123131993233,0.001763065239022719,0.0,0.0,0.0,0.0,0.0
180,42.61364453701341,7.0,42.61032219320776,42.614241212605286,54.076159780664305,0.00880522589903797,0.0,0.0,0.0,0.0,0.0
181,42.6375852501061,7.0,42.63572796131274,42.639674572433286,65.94180188469319,0.00729485629148755,0.0,0.0,0.0,0.0,0.0
182,42.64743143704924,5.0,42.645595702085096,42.64857354074248,60.20721930416685,0.002890085623207264,0.0,0.0,0.0,0.0,0.0
183,42.67497571641239,4.0,42.67368860307521,42.67724033563263,52.28105216146653,0.002620674949471327,0.0,0.0,0.0,0.0,0.0
184,42.684503731590745,3.0,42.68299855556901,42.68485968508793,24.223330563951574,0.0019282783827324747,0.0,0.0,0.0,0.0,0.0
185,42.69702088019224,3.0,42.696809010778914,42.697204769115174,5.149439886758204,0.0016269264810352237,0.0,0.0,0.0,0.0,0.0
186,42.70264994797387,3.0,42.7026118581296,42.703320884843045,9.22433924281752,0.003769835712147939,0.0,0.0,0.0,0.0,0.0
187,42.7129844057807,3.0,42.71234239592636,42.71397381389408,21.21938628285302,0.0021772155415663826,0.0,0.0,0.0,0.0,0.0
188,42.7321462696373,7.0,42.73114761914498,42.73477076590604,60.38125549426708,0.004457830799759569,0.0,0.0,0.0,0.0,0.0
189,42.75096411915726,7.0,42.74843338311903,42.75238377305797,62.5127194501023,0.003574852634749529,0.0,0.0,0.0,0.0,0.0
190,42.76157470252394,10.0,42.75854889896553,42.76530607205082,69.96864209682505,0.0038381139553986905,0.0,0.0,0.0,0.0,0.0
191,42.77182262110157,5.0,42.770044674446886,42.772113017663855,14.618781711743589,0.004572761199890373,0.0,0.0,0.0,0.0,0.0
192,42.77931510688481,7.0,42.77708192668175,42.78124052362978,70.53729860238904,0.004299367378231835,0.0,0.0,0.0,0.0,0.0
193,42.783926474716736,3.0,42.783755368031294,42.78458309615593,10.748171007668768,0.004452788750415255,0.0,0.0,0.0,0.0,0.0
194,42.80403048455975,7.0,42.80278636401166,42.80511611879455,24.533045440641857,0.0046144910470981215,0.0,0.0,0.0,0.0,0.0
195,42.808934523048336,4.0,42.80790656261104,42.80962008608446,26.311022408990095,0.0019321065565944043,0.0,0.0,0.0,0.0,0.0
196,42.82013458313561,7.0,42.81798401161134,42.82135145993921,37.668926276273986,0.0034240005603265685,0.0,0.0,0.0,0.0,0.0
197,42.834402073468866,10.0,42.83121759738631,42.83559434992593,39.65923155800429,0.004402384120489566,0.0,0.0,0.0,0.0,0.0
198,42.866468205460365,4.0,42.8645155203962,42.867224879384324,35.470604395584324,0.0012829641186079051,0.0,0.0,0.0,0.0,0.0
199,42.87791745758093,9.0,42.87439354325614,42.88083901316653,74.59852798389117,0.004009652180296887,0.0,0.0,0.0,0.0,0.0
200,42.89597904510532,5.0,42.89479167146609,42.89685435009728,7.596708446062863,0.005181481752969574,0.0,0.0,0.0,0.0,0.0
201,42.90229125077682,3.0,42.90213787240105,42.90232683720475,2.446965964602074,0.0043723462665627485,0.0,0.0,0.0,0.0,0.0
202,42.92449970614478,6.0,42.922081705238924,42.92722458711664,87.81316410332438,0.004467548103014299,0.0,0.0,0.0,0.0,0.0
203,42.935587232021994,4.0,42.93491516678505,42.937156784301536,30.63566848893843,0.003174650520771526,0.0,0.0,0.0,0.0,0.0
204,42.950905232202544,4.0,42.949676169632646,42.95133298420576,21.40729114086107,0.0038287891256032487,0.0,0.0,0.0,0.0,0.0
205,42.97624289277536,7.0,42.975560644866874,42.97805729383311,27.509093091965397,0.006967784890308256,0.0,0.0,0.0,0.0,0.0
206,42.994338086169776,4.0,42.992569560835314,42.99504567995562,39.38000422558713,0.0028269155365107956,0.0,0.0,0.0,0.0,0.0
207,43.0177822517539,1193.0,43.01765370418952,43.017970199814485,2.139963503362202,1.2731193088109576,0.0,2.7630745235497556,0.0,0.0,0.0
208,43.05159381167918,3.0,43.05033313600461,43.05161092663425,16.489138270564677,0.004080759815498465,0.0,0.0,0.0,0.0,0.0
209,43.05419448302496,10.0,43.054003495613735,43.05435417414467,4.257833998722964,0.003132137950016676,0.0,0.0,0.0,0.0,0.0
210,43.07485452187992,3.0,43.07437154335261,43.07498334549799,7.890684357252754,0.007472238024348992,0.0,0.0,0.0,0.0,0.0
211,43.12731814739784,5.0,43.125642743589964,43.129179474048634,53.133759247226735,0.005136902476347274,0.0,0.0,0.0,0.0,0.0
212,43.147016910741065,6.0,43.1467901106949,43.14823674121174,18.889886391445394,0.009507385913393767,0.0,0.0,0.0,0.0,0.0
213,43.161321781231806,5.0,43.15984504587337,43.164163728978444,43.79007518890999,0.006744147669590363,0.0,0.0,0.0,0.0,0.0
214,43.21342531014213,3.0,43.21313202148799,43.21369678073899,7.260594067531607,0.002010045464583936,0.0,0.0,0.0,0.0,0.0
215,43.243701177313696,6.0,43.24232402596357,43.24601922759891,45.43891134637247,0.009587532058337647,0.0,0.0,0.0,0.0,0.0
216,43.28438115789747,3.0,43.28354322992554,43.285374862942746,23.509031923833025,0.004661363400609443,0.0,0.0,0.0,0.0,0.0
217,43.29279814353399,5.0,43.29082745481479,43.29445955239383,54.27895679192146,0.003579797279111675,0.0,0.0,0.0,0.0,0.0
218,43.30175725211367,3.0,43.301633358227434,43.30182027638026,2.3981340443105377,0.002512368331649488,0.0,0.0,0.0,0.0,0.0
219,43.31227882941202,7.0,43.310179093649126,43.31455254029944,56.43838812999145,0.0159242870893744,0.0,0.0,0.0,0.0,0.0
220,43.35240530563626,7.0,43.35109706563261,43.35433709385664,27.07758316133165,0.0029113208756922832,0.0,0.0,0.0,0.0,0.0
221,43.36111851473105,6.0,43.3607124751492,43.362450778790574,16.952017024250278,0.003388982788628103,0.0,0.0,0.0,0.0,0.0
222,43.368219340106336,4.0,43.36784092935209,43.36952218564313,19.096513696731062,0.0025145749560281025,0.0,0.0,0.0,0.0,0.0
223,43.38549108570632,6.0,43.384358099800906,43.38626389340526,33.123237634826936,0.0063004925450605145,0.0,0.0,0.0,0.0,0.0
224,43.40631742323527,3.0,43.404961896973624,43.40704638369472,26.67925424520089,0.0030772536674448458,0.0,0.0,0.0,0.0,0.0
225,43.42954668545369,4.0,43.42877557970856,43.43036803901521,30.57445470320401,0.002490741070483009,0.0,0.0,0.0,0.0,0.0
226,43.43624993829738,3.0,43.43478646662831,43.43721987170461,31.123582514236066,0.002901893917923464,0.0,0.0,0.0,0.0,0.0
227,43.4677207296551,9.0,43.46553954219509,43.46916388888947,42.34465262793502,0.00764886586516165,0.0,0.0,0.0,0.0,0.0
228,43.474685914680975,4.0,43.47387330735143,43.475840459829186,38.59243694367734,0.009574555524996517,0.0,0.0,0.0,0.0,0.0
229,43.49283880694017,3.0,43.49162276174328,43.49417821975221,32.64212989521905,0.0012198778222173106,0.0,0.0,0.0,0.0,0.0
230,43.49986847307117,3.0,43.499267755519874,43.500857730109175,20.30625027792865,0.0014630074688230033,0.0,0.0,0.0,0.0,0.0
231,43.52689583852336,3.0,43.5258094298194,43.52779275250164,25.314139989798054,0.001959797484173234,0.0,0.0,0.0,0.0,0.0
232,43.537288849182346,3.0,43.53721249457673,43.537628340503915,5.30638267132789,0.0014132407590755507,0.0,0.0,0.0,0.0,0.0
233,43.56532144523516,9.0,43.5621713130749,43.5681332946703,84.65037100418625,0.0031980606087412262,0.0,0.0,0.0,0.0,0.0
234,43.57584372756969,5.0,43.57284665272237,43.577494271021784,47.30328201816803,0.00922798167415083,0.0,0.0,0.0,0.0,0.0
235,43.5820144543771,4.0,43.58053036807104,43.58253949914447,24.689897260837544,0.006054663873013233,0.0,0.0,0.0,0.0,0.0
236,43.590112917827994,4.0,43.58914561180513,43.59071445143875,24.77896087860655,0.007834792413624872,0.0,0.0,0.0,0.0,0.0
237,43.59566761372599,3.0,43.594488280123215,43.59663053354894,27.299519819584173,0.0030682045503008476,0.0,0.0,0.0,0.0,0.0
238,43.60042734812573,3.0,43.60000917236771,43.600790021851346,9.949564604517544,0.0025252835797487743,0.0,0.0,0.0,0.0,0.0
239,43.605281688689,6.0,43.60321096300028,43.606861615512244,55.674316955024445,0.004947128612256145,0.0,0.0,0.0,0.0,0.0
240,43.635722356334355,6.0,43.63355811345211,43.637542070681,49.21995443567909,0.008770842473036626,0.0,0.0,0.0,0.0,0.0
241,43.64575736463188,4.0,43.645011773222805,43.64672378632565,16.79396952064556,0.0033836690169580298,0.0,0.0,0.0,0.0,0.0
242,43.6715199936593,8.0,43.668865684705544,43.67461537276473,73.42486136081457,0.0074589359908632785,0.0,0.0,0.0,0.0,0.0
243,43.690336278722484,6.0,43.6896788201647,43.69206453531128,27.278922893267918,0.006552572972043009,0.0,0.0,0.0,0.0,0.0
244,43.70335350235809,11.0,43.69832203879392,43.70824671275483,129.07093266386175,0.014829243120421125,0.0,0.0,0.0,0.0,0.0
245,43.72793030633086,8.0,43.72435208053995,43.73075420986484,83.06985451760274,0.006549519126187713,0.0,0.0,0.0,0.0,0.0
246,43.78526855542546,3.0,43.7850742518709,43.78652807914403,18.446428332066873,0.0020456505047196146,0.0,0.0,0.0,0.0,0.0
247,43.791880685574,4.0,43.79093037952533,43.7927900269421,22.049181840412718,0.002075510485994348,0.0,0.0,0.0,0.0,0.0
248,43.796962176379125,4.0,43.7962545267173,43.798362785371005,19.44854435126134,0.005918493179781704,0.0,0.0,0.0,0.0,0.0
249,43.820696777425496,4.0,43.819115017789116,43.82135797084094,23.95222282928586,0.0030837102190579856,0.0,0.0,0.0,0.0,0.0
250,43.84656729555778,4.0,43.84644576595973,43.84686835616285,4.157518893813544,0.004928438411468604,0.0,0.0,0.0,0.0,0.0
251,43.861311594722245,8.0,43.85928386769434,43.86382298569018,73.12877129043983,0.004150227447910933,0.0,0.0,0.0,0.0,0.0
252,43.89573522371105,3.0,43.89527890158967,43.89622020426299,11.913365317889859,0.004769932763490727,0.0,0.0,0.0,0.0,0.0
253,43.91474065955374,3.0,43.913190914222945,43.914857785768355,21.08721885969748,0.0028283694226427705,0.0,0.0,0.0,0.0,0.0
254,43.9180593219807,6.0,43.91680959023181,43.91839570510619,20.90271173120844,0.005149667343630617,0.0,0.0,0.0,0.0,0.0
255,43.97260953442094,4.0,43.972035958776324,43.97372713092288,23.662431304715657,0.002125270209170181,0.0,0.0,0.0,0.0,0.0
256,43.9809430273625,4.0,43.9792075824831,43.981502421419975,23.965072113682695,0.01089817340846892,0.0,0.0,0.0,0.0,0.0
257,43.98574606904179,5.0,43.98384435596288,43.986663938886345,24.62697546295193,0.0019655652170247734,0.0,0.0,0.0,0.0,0.0
258,43.99694891791443,4.0,43.99636421977637,43.99764450400425,19.298479278851715,0.001410710943014729,0.0,0.0,0.0,0.0,0.0
259,44.021153834402256,18.0,44.01941986661487,44.02124473941417,3.257365510238393,0.005735294961634689,0.0,0.0,0.0,0.0,0.0
260,44.037254816010375,7.0,44.0350306907538,44.03905262962064,53.100862120885296,0.005809967117360011,0.0,0.0,0.0,0.0,0.0
261,44.049745168055935,20.0,44.04676590709229,44.05376257464631,80.9690362080845,0.008955088002610122,0.0,0.0,0.0,0.0,0.0
262,44.08509415949956,14.0,44.079858321656474,44.08977635262319,152.18690484841798,0.009351783309130838,0.0,0.0,0.0,0.0,0.0
263,44.09482010512359,9.0,44.092612759766666,44.09813652894957,61.98377719113648,0.013053412931025531,0.0,0.0,0.0,0.0,0.0
264,44.10710650265176,4.0,44.10593552076532,44.107314642929694,12.55458100635007,0.0025575462563577375,0.0,0.0,0.0,0.0,0.0
265,44.12873944294229,6.0,44.12640599248752,44.12894645831507,27.985425513689414,0.00768843960733441,0.0,0.0,0.0,0.0,0.0
266,44.13250738122713,5.0,44.13177885042945,44.133478914079475,21.744887225689986,0.0020225871122152217,0.0,0.0,0.0,0.0,0.0
267,44.14043801696879,6.0,44.13787546722489,44.14219358861668,58.92108804168319,0.004145340471994928,0.0,0.0,0.0,0.0,0.0
268,44.15977673942683,8.0,44.156123811558636,44.16235169328515,71.46469988292648,0.005606124249998008,0.0,0.0,0.0,0.0,0.0
269,44.19662916712556,3.0,44.19550565446029,44.19697398048565,18.45698860120959,0.0031293381936389466,0.0,0.0,0.0,0.0,0.0
270,44.219572635322805,5.0,44.21767863720293,44.22053922766759,43.277163376711,0.003041939432620279,0.0,0.0,0.0,0.0,0.0
271,44.25649987155401,3.0,44.255973900768396,44.257916964268894,24.391439124916584,0.005479410829156332,0.0,0.0,0.0,0.0,0.0
272,44.278297719182376,9.0,44.277040053485024,44.28162014937389,58.92627403871134,0.005917640423932646,0.0,0.0,0.0,0.0,0.0
273,44.2883202296363,5.0,44.28724090012483,44.28856898900552,8.342230950781937,0.0063439716727767504,0.0,0.0,0.0,0.0,0.0
274,44.294241082750275,4.0,44.29217253460233,44.295096583844376,45.679457969261804,0.0048437212112787485,0.0,0.0,0.0,0.0,0.0
275,44.37277592088906,4.0,44.37251095655981,44.37375679842376,12.457197194056777,0.007678839448978849,0.0,0.0,0.0,0.0,0.0
276,44.39252785953309,3.0,44.391515461992284,44.39275969124872,15.571054614924126,0.0009944734210712643,0.0,0.0,0.0,0.0,0.0
277,44.397763079759635,4.0,44.397668533681546,44.39819734016999,4.538152177078252,0.0030228938219635697,0.0,0.0,0.0,0.0,0.0
278,44.41136177561741,6.0,44.4084437557651,44.41266338666477,40.064369636436794,0.004458371464452175,0.0,0.0,0.0,0.0,0.0
279,44.42368865127787,8.0,44.42296248439363,44.42664742046944,31.482110969237468,0.006308448659057437,0.0,0.0,0.0,0.0,0.0
280,44.43501060098837,7.0,44.43263668127541,44.43684939005526,57.18929168652627,0.0033127754661892673,0.0,0.0,0.0,0.0,0.0
281,44.45917999539207,4.0,44.4582640690853,44.460264606469785,33.73003950905219,0.002129769922777509,0.0,0.0,0.0,0.0,0.0
282,44.47230656479154,3.0,44.47188682425759,44.47312417778612,15.457229005164608,0.002665941854917526,0.0,0.0,0.0,0.0,0.0
283,44.5000519419455,10.0,44.498409117135964,44.501652082740016,40.31638687076188,0.013152842115626763,0.0,0.0,0.0,0.0,0.0
284,44.5202560877958,7.0,44.51741106074869,44.52231043708957,64.20930110517642,0.0036832195001147484,0.0,0.0,0.0,0.0,0.0
285,44.52716753239328,3.0,44.52716280344776,44.527250688745525,1.0965252930899512,0.0026325168662834973,0.0,0.0,0.0,0.0,0.0
286,44.58571351099653,3.0,44.58491159823998,44.58646961725806,19.41353077018292,0.003755951417574434,0.0,0.0,0.0,0.0,0.0
287,44.59248646020946,3.0,44.59134520225754,44.59317841616585,22.839098066194175,0.0023390174612553487,0.0,0.0,0.0,0.0,0.0
288,44.59960007224852,4.0,44.599181758127486,44.5998615271944,12.432436221480687,0.003586468764624683,0.0,0.0,0.0,0.0,0.0
289,44.61176281047794,9.0,44.60951829170767,44.61402393128531,74.42564627741763,0.0028240355842784446,0.0,0.0,0.0,0.0,0.0
290,44.62637365874539,4.0,44.6252969682651,44.62691170535786,12.32465355143116,0.0038411362324379163,0.0,0.0,0.0,0.0,0.0
291,44.65421048403466,7.0,44.65208245141842,44.656051750791896,46.82853194997209,0.0045466963059911806,0.0,0.0,0.0,0.0,0.0
292,44.66819285979062,6.0,44.665831778032114,44.6697810206503,45.54968098530198,0.013470312699760055,0.0,0.0,0.0,0.0,0.0
293,44.685919391082614,8.0,44.683466560284536,44.68924005091049,97.6830716560795,0.004640162865042221,0.0,0.0,0.0,0.0,0.0
294,44.707058498524134,4.0,44.70550292410521,44.70763037537905,17.15244669835577,0.00215741380713731,0.0,0.0,0.0,0.0,0.0
295,44.713178732538566,3.0,44.71303779107685,44.71383837476779,9.94715047767126,0.0025502841868832887,0.0,0.0,0.0,0.0,0.0
296,44.71685138694242,4.0,44.71631640604322,44.71735999857351,13.398118376543442,0.003317299578803729,0.0,0.0,0.0,0.0,0.0
297,44.73164740952549,5.0,44.729645586504255,44.733157868001236,53.188418721140536,0.00598921050436546,0.0,0.0,0.0,0.0,0.0
298,44.73579650870172,3.0,44.73540533377968,44.737105852626165,21.118047877045207,0.0030405004104571455,0.0,0.0,0.0,0.0,0.0
299,44.75868690424906,4.0,44.757019185974656,44.759828897750666,40.77446035908703,0.00227334146090136,0.0,0.0,0.0,0.0,0.0
300,44.77104257477641,11.0,44.766751566772754,44.77501566887578,127.60403433980386,0.008381177454967375,0.0,0.0,0.0,0.0,0.0
301,44.792494339277326,13.0,44.788229577788336,44.79573404575607,93.59528525152568,0.006455510786675972,0.0,0.0,0.0,0.0,0.0
302,44.84096116691848,17.0,44.83646413742026,44.84511083515735,113.07332253412591,0.011913428842751166,0.0,0.0,0.0,0.0,0.0
303,44.85929022125093,4.0,44.858804256074514,44.859567734769676,10.87223011120164,0.0018435199526124417,0.0,0.0,0.0,0.0,0.0
304,44.86836975597237,3.0,44.86823478412771,44.86900455824894,9.531264271457495,0.004395863425484468,0.0,0.0,0.0,0.0,0.0
305,44.876144825170286,10.0,44.87157769518924,44.87975642183515,116.5828289894226,0.003477233889657359,0.0,0.0,0.0,0.0,0.0
306,44.883307901835806,7.0,44.88242180397404,44.88568522508439,44.556091600865,0.006409959861254188,0.0,0.0,0.0,0.0,0.0
307,44.89571732204436,8.0,44.89385361784676,44.89710041461252,39.64736551014775,0.007692343194132951,0.0,0.0,0.0,0.0,0.0
308,44.91954003282042,3.0,44.91948595226767,44.91982902865304,4.243097585935581,0.005852819029808808,0.0,0.0,0.0,0.0,0.0
309,44.95053962546496,7.0,44.94848272569444,44.951988051109964,39.1467359752891,0.007860804662010288,0.0,0.0,0.0,0.0,0.0
310,44.95695799124984,8.0,44.954502499385995,44.958699304356855,38.215417686032424,0.008970150538906482,0.0,0.0,0.0,0.0,0.0
311,44.96326605443919,4.0,44.96189080157132,44.965021121594425,42.406752149263774,0.006890814522917936,0.0,0.0,0.0,0.0,0.0
312,44.97013116016655,5.0,44.96984773154881,44.97224242601909,18.479307402205357,0.006742335940037619,0.0,0.0,0.0,0.0,0.0
313,44.9822499255445,6.0,44.97973844856088,44.983001092660274,34.1298377129351,0.0065901296593108205,0.0,0.0,0.0,0.0,0.0
314,44.99926053760696,8.0,44.99821325843082,45.000873739257536,19.42585503518302,0.006099387765690139,0.0,0.0,0.0,0.0,0.0
315,45.01438537521168,3.0,45.01433143980048,45.01476477932017,5.348160940181783,0.005142652559223845,0.0,0.0,0.0,0.0,0.0
316,45.02453016054033,5.0,45.02267392950294,45.02514518745248,46.711381578202925,0.0019320942040346504,0.0,0.0,0.0,0.0,0.0
317,45.033465046796564,8.0,45.033178766993146,45.03470857081703,5.969118839408076,0.0062496633388654105,0.0,0.0,0.0,0.0,0.0
318,45.04301399828788,11.0,45.039959576031826,45.04559167886166,88.94278831124234,0.006735222666571222,0.0,0.0,0.0,0.0,0.0
319,45.06028232654499,10.0,45.05877290517455,45.0632516541726,26.51972793928866,0.004076989063928192,0.0,0.0,0.0,0.0,0.0
320,45.08305020572296,7.0,45.08121023103439,45.08409213877995,29.733248430436152,0.007325779049408705,0.0,0.0,0.0,0.0,0.0
321,45.089192488193945,4.0,45.08759704349886,45.08991477468907,36.09597541976628,0.0016579162262882268,0.0,0.0,0.0,0.0,0.0
322,45.09566462729863,3.0,45.094334800302995,45.0959256636185,19.59862351204678,0.0015928944865297382,0.0,0.0,0.0,0.0,0.0
323,45.120546976630266,3.0,45.119818653908354,45.121583031078444,21.724238836138337,0.002528423575801664,0.0,0.0,0.0,0.0,0.0
324,45.13097356030111,3.0,45.13029565960584,45.1309786085928,8.40700020251774,0.007842441930349667,0.0,0.0,0.0,0.0,0.0
325,45.15994842018985,6.0,45.15896215698531,45.162444993619374,44.59388139699297,0.005039210126672162,0.0,0.0,0.0,0.0,0.0
326,45.18092246475769,4.0,45.18016698690558,45.18132235243262,13.95845883898951,0.002703495119273336,0.0,0.0,0.0,0.0,0.0
327,45.18808800962957,3.0,45.188058968594135,45.18961165595089,19.08919197699977,0.005456196574118266,0.0,0.0,0.0,0.0,0.0
328,45.19788547838161,4.0,45.19677968176192,45.19966268109746,45.42282751951752,0.0026239193213603764,0.0,0.0,0.0,0.0,0.0
329,45.2057063688699,3.0,45.20419607620017,45.2069291712437,33.5883731780555,0.006520866210545271,0.0,0.0,0.0,0.0,0.0
330,45.21288066050496,5.0,45.21236919803759,45.21334198901524,12.885279569112928,0.003167773867357707,0.0,0.0,0.0,0.0,0.0
331,45.22086632127913,3.0,45.220078760927734,45.22087385092571,9.767983267068523,0.005689174240712526,0.0,0.0,0.0,0.0,0.0
332,45.246631106472805,6.0,45.2455003909493,45.24731747833499,13.959633819188355,0.004947545982322061,0.0,0.0,0.0,0.0,0.0
333,45.25368786289316,4.0,45.25190462453155,45.25485811974584,36.086727106607945,0.001873275708034295,0.0,0.0,0.0,0.0,0.0
334,45.27025848337928,4.0,45.269188189849935,45.27098591473336,22.27040025335948,0.0013617089348016862,0.0,0.0,0.0,0.0,0.0
335,45.30864695472572,13.0,45.304760940474196,45.3142782407662,98.39678377433476,0.014864817909798777,0.0,0.0,0.0,0.0,0.0
336,45.31963335770804,3.0,45.319025017004044,45.319849242185406,10.103852229250464,0.002054412611744322,0.0,0.0,0.0,0.0,0.0
337,45.32686655498648,3.0,45.32613795755195,45.3280463990425,23.391100093812526,0.002340953734949387,0.0,0.0,0.0,0.0,0.0
338,45.33607552106018,6.0,45.333237235479,45.336791766065396,42.765052014247374,0.009669438268039296,0.0,0.0,0.0,0.0,0.0
339,45.34159728483528,5.0,45.33900605511174,45.341970310377825,41.268509782400386,0.002604156654297962,0.0,0.0,0.0,0.0,0.0
340,45.36602120161154,5.0,45.36406193573021,45.366969095530685,30.569995329832643,0.004602097860271123,0.0,0.0,0.0,0.0,0.0
341,45.38869153775825,8.0,45.38616869982985,45.39108230640855,52.00935542195646,0.007123028131659917,0.0,0.0,0.0,0.0,0.0
342,45.40081080629592,3.0,45.399886979031336,45.402103997794676,27.1289668372957,0.005291058963538026,0.0,0.0,0.0,0.0,0.0
343,45.45295755210839,5.0,45.451467971898914,45.45490711779965,51.20405141968133,0.012241692864362403,0.0,0.0,0.0,0.0,0.0
344,45.48427080006287,4.0,45.48398025617606,45.48531544382357,16.7242688307512,0.0029027324494231344,0.0,0.0,0.0,0.0,0.0
345,45.48937535175375,5.0,45.48791233350186,45.490206287339454,31.6131162773198,0.009635164802668544,0.0,0.0,0.0,0.0,0.0
346,45.522101930365835,4.0,45.520298126450285,45.52309197464821,45.456732582801,0.0038822951204926432,0.0,0.0,0.0,0.0,0.0
347,45.56842558918026,6.0,45.566875080403776,45.56933442845221,26.900106993301755,0.003975268053479136,0.0,0.0,0.0,0.0,0.0
348,45.60705426443288,4.0,45.606607719993065,45.60851392195618,16.79917369399066,0.002355158433159755,0.0,0.0,0.0,0.0,0.0
349,45.62412012013077,4.0,45.62250024546944,45.62500512740221,33.95552115735925,0.0016234035210877635,0.0,0.0,0.0,0.0,0.0
350,45.63988364700504,3.0,45.63843989876025,45.64090112201274,29.959459624561248,0.002302139404933862,0.0,0.0,0.0,0.0,0.0
351,45.64649507547479,3.0,45.64593774516701,45.64699333610272,12.84741375561501,0.002285298132668175,0.0,0.0,0.0,0.0,0.0
352,45.64998671761923,4.0,45.64953889273274,45.65073734531164,16.403625072093366,0.006653599502478683,0.0,0.0,0.0,0.0,0.0
353,45.68013677477639,9.0,45.67791303490888,45.68319024158406,88.22498998547036,0.003252696777760704,0.0,0.0,0.0,0.0,0.0
354,45.703203719447416,8.0,45.70075317256392,45.70536621690062,35.28959180055887,0.009369733987568515,0.0,0.0,0.0,0.0,0.0
355,45.711603830965366,8.0,45.708464272234266,45.713096389294556,46.80424868302333,0.005160744455958089,0.0,0.0,0.0,0.0,0.0
356,45.71750908778789,4.0,45.715697954797875,45.71932273008432,43.00327193480747,0.003309208896762354,0.0,0.0,0.0,0.0,0.0
357,45.725991209239396,4.0,45.72556581586974,45.72687481368415,9.804770143876405,0.001430282991763536,0.0,0.0,0.0,0.0,0.0
358,45.739373332121644,3.0,45.73853414795566,45.7398080087396,15.472455872555592,0.0011001179588782464,0.0,0.0,0.0,0.0,0.0
359,45.74955320285287,5.0,45.748589002930586,45.75026099661207,22.4723368176431,0.003840571409215225,0.0,0.0,0.0,0.0,0.0
360,45.75700827231052,3.0,45.75542676296372,45.757706119914616,27.67465498673641,0.003486562807826054,0.0,0.0,0.0,0.0,0.0
361,45.76351240656379,8.0,45.761019527605306,45.76535981609916,60.398829019363504,0.0055772596404023945,0.0,0.0,0.0,0.0,0.0
362,45.776249363386704,3.0,45.77542862863272,45.77704426423403,19.607882833295008,0.0027810277640652214,0.0,0.0,0.0,0.0,0.0
363,45.78006340793912,3.0,45.77907766011006,45.78022184103799,13.884997611390153,0.0013926955651170656,0.0,0.0,0.0,0.0,0.0
364,45.81161483249039,7.0,45.81072857308025,45.81412702046707,45.238908237788955,0.004753534318441222,0.0,0.0,0.0,0.0,0.0
365,45.82637690510093,5.0,45.82581162635593,45.82790933045921,22.627936494675165,0.011433758086623592,0.0,0.0,0.0,0.0,0.0
366,45.84358281966189,5.0,45.841501252414325,45.84464911892112,42.62182805359276,0.011626304713887033,0.0,0.0,0.0,0.0,0.0
367,45.85786702536771,4.0,45.85617594964787,45.85997520770107,48.97031356908857,0.002513273257942008,0.0,0.0,0.0,0.0,0.0
368,45.93209779738747,9.0,45.928775437145504,45.93404998127462,63.08599214042153,0.003138747832616815,0.0,0.0,0.0,0.0,0.0
369,45.943868226216296,6.0,45.94299476232713,45.9461374349991,45.5213330193607,0.002759262166000095,0.0,0.0,0.0,0.0,0.0
370,45.957118856731064,12.0,45.95250376284231,45.95992611871106,112.40549183152372,0.01072588486740473,0.0,0.0,0.0,0.0,0.0
371,45.97900297129101,3.0,45.97837572503774,45.97917708149174,9.682637752834935,0.0020308417411574672,0.0,0.0,0.0,0.0,0.0
372,45.99072791335841,3.0,45.989229039403476,45.99112076093433,22.851484499345037,0.0009681372299460728,0.0,0.0,0.0,0.0,0.0
373,45.99748304338836,4.0,45.9957128879445,45.99796733374679,21.833042073052205,0.0016298628162666425,0.0,0.0,0.0,0.0,0.0
374,46.02291133262602,4.0,46.02174276001585,46.02425527469059,34.07646270455835,0.0033532908712170114,0.0,0.0,0.0,0.0,0.0
375,46.028697456624116,164.0,46.028545983043394,46.028840032219385,2.237558133117592,0.1417314674621698,0.0,0.0,0.0,0.0,0.0
376,46.051853583910216,4.0,46.050899843348155,46.05300594737715,29.58327766928331,0.0026385130424735658,0.0,0.0,0.0,0.0,0.0
377,46.062497033281886,20.0,46.05730689319484,46.06874430124051,171.05957243691347,0.013690674632929677,0.0,0.0,0.0,0.0,0.0
378,46.07275636243728,3.0,46.071893052642615,46.072810842070105,11.066909287083597,0.0027213176305621646,0.0,0.0,0.0,0.0,0.0
379,46.09233488494661,7.0,46.09161356396055,46.095261399840425,55.16680597032458,0.00581328726042144,0.0,0.0,0.0,0.0,0.0
380,46.10723154483805,5.0,46.10480015494279,46.10824207718278,27.60248977984993,0.0030223033498194257,0.0,0.0,0.0,0.0,0.0
381,46.12892685751071,3.0,46.128779582613326,46.12950400189817,8.724572316519023,0.005021002320563383,0.0,0.0,0.0,0.0,0.0
382,46.15383290312461,4.0,46.15291900226605,46.15518928880889,17.33436877418404,0.0022899515475757804,0.0,0.0,0.0,0.0,0.0
383,46.1634397577117,7.0,46.16040551856026,46.16482537983558,56.584709695668344,0.007845515492684014,0.0,0.0,0.0,0.0,0.0
384,46.16933630646243,3.0,46.16805954533461,46.17000093893311,23.36078630223732,0.0036037336119156445,0.0,0.0,0.0,0.0,0.0
385,46.17429566304901,5.0,46.172227362008066,46.175680354034554,41.236330136975305,0.005197841606642516,0.0,0.0,0.0,0.0,0.0
386,46.19573695952046,8.0,46.19230281087475,46.199312601017525,87.87811318410961,0.008739873501885041,0.0,0.0,0.0,0.0,0.0
387,46.24728612448673,6.0,46.24375536169319,46.24937040033785,80.27313683651946,0.004127929877329718,0.0,0.0,0.0,0.0,0.0
388,46.26406529173816,5.0,46.26099925632771,46.26429815050576,39.8437835721268,0.005278941904016754,0.0,0.0,0.0,0.0,0.0
389,46.27544344446288,4.0,46.273692472175306,46.27616021481321,36.32156214889209,0.011091966295612477,0.0,0.0,0.0,0.0,0.0
390,46.28074791686633,4.0,46.28030702932067,46.28267489102967,26.50370189589594,0.005686244270225744,0.0,0.0,0.0,0.0,0.0
391,46.291844805424915,8.0,46.29004616805312,46.29420044502471,29.92427575958846,0.01035311228854174,0.0,0.0,0.0,0.0,0.0
392,46.33522171377687,3.0,46.33479781315495,46.336463958200575,19.976944152240396,0.0036499398905005774,0.0,0.0,0.0,0.0,0.0
393,46.35467599109201,7.0,46.352674495312804,46.356572508934164,46.72733527804764,0.005233491088901525,0.0,0.0,0.0,0.0,0.0
394,46.36355774242256,3.0,46.36219607565873,46.36359664585638,16.78246002112365,0.004028459216286665,0.0,0.0,0.0,0.0,0.0
395,46.39433553511297,4.0,46.393456673821,46.39490543131372,9.384720140916471,0.004593392711627084,0.0,0.0,0.0,0.0,0.0
396,46.440095207572654,6.0,46.43831948014105,46.44203850784244,40.123985859815946,0.007554672211688117,0.0,0.0,0.0,0.0,0.0
397,46.453929427221645,4.0,46.45306960120567,46.4549099437884,33.8627264157334,0.0027235329038423537,0.0,0.0,0.0,0.0,0.0
398,46.45858747049509,3.0,46.45833399165001,46.45865072116791,3.78747725360674,0.009561000241168717,0.0,0.0,0.0,0.0,0.0
399,46.47950131267973,4.0,46.47834883560314,46.479776049450855,13.503221471574044,0.0049846429820085015,0.0,0.0,0.0,0.0,0.0
400,46.48757516620417,3.0,46.48681913534017,46.488518710066145,20.31097939008873,0.00234139332559906,0.0,0.0,0.0,0.0,0.0
401,46.50989674969081,6.0,46.508710799254025,46.51066484699879,21.68419897253147,0.009874450491759454,0.0,0.0,0.0,0.0,0.0
402,46.54349405849388,3.0,46.54312153823265,46.544743341060425,19.35827099390653,0.0036685132825839736,0.0,0.0,0.0,0.0,0.0
403,46.57074334353755,9.0,46.56717576963097,46.57506785198381,86.6889213854707,0.007508483012001344,0.0,0.0,0.0,0.0,0.0
404,46.59260325787548,7.0,46.59013096386933,46.593565680761316,43.94328291575834,0.004606126525370279,0.0,0.0,0.0,0.0,0.0
405,46.59724783755168,6.0,46.59661629580089,46.59947576271557,21.52006697193033,0.0026396521863735352,0.0,0.0,0.0,0.0,0.0
406,46.6132946708625,7.0,46.61264286500735,46.61425796270981,22.131828544502575,0.0024667290681638205,0.0,0.0,0.0,0.0,0.0
407,46.63156103767356,3.0,46.6310285668211,46.63192781058754,10.713342189858054,0.0036567067505320055,0.0,0.0,0.0,0.0,0.0
408,46.64235656663544,10.0,46.639033676549644,46.644638933858694,52.9890401627813,0.007663107452847533,0.0,0.0,0.0,0.0,0.0
409,46.65034955873848,4.0,46.64872722011528,46.65235059183012,45.87347358452641,0.005731892558217859,0.0,0.0,0.0,0.0,0.0
410,46.65708624655088,5.0,46.65626199826546,46.659291665673166,44.87659324248426,0.003373640524333018,0.0,0.0,0.0,0.0,0.0
411,46.69143316345978,5.0,46.68936224803486,46.69408719024535,56.83389259118266,0.0038087975373967973,0.0,0.0,0.0,0.0,0.0
412,46.71218482451664,7.0,46.71062096494639,46.71595749189406,62.45171277379311,0.010071149880228118,0.0,0.0,0.0,0.0,0.0
413,46.720485912032856,6.0,46.718303772321775,46.7219239197033,47.99493493023313,0.002821019304110098,0.0,0.0,0.0,0.0,0.0
414,46.72841066105353,5.0,46.725453150018865,46.730885129414965,70.02072148251584,0.005439963152378418,0.0,0.0,0.0,0.0,0.0
415,46.74294230315248,5.0,46.73975308651455,46.74431003265283,41.29032168703739,0.0037790474191239,0.0,0.0,0.0,0.0,0.0
416,46.761359085292696,10.0,46.7582807653981,46.763953902166705,64.58259163036983,0.007904936496776063,0.0,0.0,0.0,0.0,0.0
417,46.76689272535664,3.0,46.766810280085885,46.76738563902916,6.834832052045032,0.0028062253544720614,0.0,0.0,0.0,0.0,0.0
418,46.77579056158939,9.0,46.771003017622746,46.77853447198364,84.49103462271562,0.005203589741351282,0.0,0.0,0.0,0.0,0.0
419,46.78558075051378,4.0,46.78407861101032,46.785716346556946,11.40458688100786,0.0022877328784801634,0.0,0.0,0.0,0.0,0.0
420,46.83166824518361,4.0,46.82934703088118,46.83283194604551,50.06233829301229,0.005920116908203193,0.0,0.0,0.0,0.0,0.0
421,46.84255409421412,4.0,46.84234363109957,46.84281163741917,9.108734384945382,0.00248100618389063,0.0,0.0,0.0,0.0,0.0
422,46.86160285536985,3.0,46.86103993820908,46.862094658103395,12.503957635563648,0.002719400692264802,0.0,0.0,0.0,0.0,0.0
423,46.87369116275264,3.0,46.87358909565779,46.874206520023726,7.317826442231718,0.0020809061583852155,0.0,0.0,0.0,0.0,0.0
424,46.91478347264529,3.0,46.913900497086416,46.91524976093808,15.97771476740592,0.001348189496986913,0.0,0.0,0.0,0.0,0.0
425,46.92856525395171,3.0,46.92733664860833,46.92867621928926,15.858271605244646,0.003220395835482187,0.0,0.0,0.0,0.0,0.0
426,46.93666870799039,4.0,46.9360007513137,46.9377029313463,21.24611090986703,0.0027201324328095713,0.0,0.0,0.0,0.0,0.0
427,46.96269198567744,4.0,46.9617637715965,46.96336951031937,13.94138094740715,0.0014732075422127012,0.0,0.0,0.0,0.0,0.0
428,46.975485393367165,8.0,46.97272335943359,46.97784849374609,38.01555430930684,0.005124666353485615,0.0,0.0,0.0,0.0,0.0
429,46.98967801346112,3.0,46.988043966373795,46.99033094483049,27.038780446428895,0.0033151915072868235,0.0,0.0,0.0,0.0,0.0
430,46.997307040921754,8.0,46.995417372958165,46.99858854909389,29.610154152663217,0.006093135339122918,0.0,0.0,0.0,0.0,0.0
431,47.011232267141054,6.0,47.009721493172236,47.014175098704484,44.07253745065595,0.003973806947599263,0.0,0.0,0.0,0.0,0.0
432,47.01964526785747,4.0,47.018871732906284,47.01981424959107,8.651498940229548,0.004090868952990383,0.0,0.0,0.0,0.0,0.0
433,47.03032325802919,7.0,47.02738483532909,47.032735123049186,64.93244176736329,0.0078078431133405835,0.0,0.0,0.0,0.0,0.0
434,47.0415191794829,3.0,47.04104007796487,47.04153450128902,5.839089156044228,0.0019801840987799706,0.0,0.0,0.0,0.0,0.0
435,47.089328796879414,4.0,47.08809849536184,47.09075644534606,43.65468449257706,0.004050386980565755,0.0,0.0,0.0,0.0,0.0
436,47.17159860403317,5.0,47.170003790301024,47.173268425542254,56.37721512810738,0.002874095543057302,0.0,0.0,0.0,0.0,0.0
437,47.17706829181528,3.0,47.175660226157326,47.177733809306304,24.418444808699615,0.00876592909667594,0.0,0.0,0.0,0.0,0.0
438,47.18322422618723,5.0,47.18200848038942,47.18485354676537,28.390382750634476,0.0056967390344271705,0.0,0.0,0.0,0.0,0.0
439,47.18800875259172,5.0,47.18713655471142,47.188271337222076,11.727525263707845,0.007566534419750316,0.0,0.0,0.0,0.0,0.0
440,47.19420500991573,3.0,47.193171373441146,47.194905447301124,20.412980077659654,0.001696264613569272,0.0,0.0,0.0,0.0,0.0
441,47.20621958969508,10.0,47.203854302174335,47.209275827802735,43.480942787976815,0.0174442443266285,0.0,0.0,0.0,0.0,0.0
442,47.23178362267928,6.0,47.23028558006818,47.23375541741715,43.27938158382924,0.007869973593827004,0.0,0.0,0.0,0.0,0.0
443,47.26831483552099,6.0,47.26496197495107,47.27014524171534,67.19775898250921,0.002229997266918467,0.0,0.0,0.0,0.0,0.0
444,47.27254084772298,3.0,47.27252689002809,47.27306412833611,6.313722963205812,0.004546453868480399,0.0,0.0,0.0,0.0,0.0
445,47.29443540480318,3.0,47.29411772937756,47.2946076982534,5.75553822965306,0.003239303129894436,0.0,0.0,0.0,0.0,0.0
446,47.33807214275399,3.0,47.33712269822894,47.33822030130553,12.881375590331738,0.0023509439558462328,0.0,0.0,0.0,0.0,0.0
447,47.34521718464882,6.0,47.342609220403894,47.34661320215169,49.99939656652707,0.0035191879324016316,0.0,0.0,0.0,0.0,0.0
448,47.38614284603403,12.0,47.38375774465973,47.38830420742918,49.8741363815869,0.0071950687144058875,0.0,0.0,0.0,0.0,0.0
449,47.40569612379463,5.0,47.40291168604054,47.40700935768162,49.03530879744985,0.008816444209569054,0.0,0.0,0.0,0.0,0.0
450,47.41160400661876,4.0,47.41107029976314,47.41321907642109,19.560892072126258,0.001635624484360116,0.0,0.0,0.0,0.0,0.0
451,47.4468281463873,3.0,47.44675260052861,47.44739315275073,7.500234673567976,0.001024193014192485,0.0,0.0,0.0,0.0,0.0
452,47.46253578025684,8.0,47.459808391085524,47.46439735018616,68.62733576606976,0.005838018733506105,0.0,0.0,0.0,0.0,0.0
453,47.47379128893793,3.0,47.47226135843326,47.47486832666404,30.507689494295633,0.0019170116973574282,0.0,0.0,0.0,0.0,0.0
454,47.50332507385791,4.0,47.50196783691234,47.50574782251318,50.179415826706915,0.002777236904791698,0.0,0.0,0.0,0.0,0.0
455,47.5088938103519,3.0,47.50835119480727,47.50910687290084,8.836685711269103,0.0030301424896760827,0.0,0.0,0.0,0.0,0.0
456,47.52544149260291,3.0,47.52460865711021,47.5268479028472,26.175988489074726,0.005387226661450984,0.0,0.0,0.0,0.0,0.0
457,47.53232769766258,3.0,47.531552720844104,47.53294841107987,16.3127602175795,0.0026869285721616617,0.0,0.0,0.0,0.0,0.0
458,47.53885322847064,11.0,47.53599036034586,47.54274723462774,73.07705003176511,0.004714826751904206,0.0,0.0,0.0,0.0,0.0
459,47.549562761603056,4.0,47.54838737914114,47.5506997973277,20.302848659433273,0.002687045938834536,0.0,0.0,0.0,0.0,0.0
460,47.595419127499525,6.0,47.59270998398458,47.597755692435484,75.56350801629213,0.008498691273761204,0.0,0.0,0.0,0.0,0.0
461,47.60524205369937,4.0,47.60344637733125,47.60633745537682,43.78443287152055,0.00338469109265358,0.0,0.0,0.0,0.0,0.0
462,47.617149918824566,3.0,47.61708997169324,47.61811485541673,11.957453298927824,0.0040641040204861135,0.0,0.0,0.0,0.0,0.0
463,47.6217836561312,3.0,47.620669265496765,47.622798559908865,24.840340895030796,0.002676557705907528,0.0,0.0,0.0,0.0,0.0
464,47.625782516422326,3.0,47.62496528894616,47.626848968296876,21.973151366513715,0.0025413800751260393,0.0,0.0,0.0,0.0,0.0
465,47.64882128836747,8.0,47.64771592115633,47.65160906946854,27.741478726122672,0.008778522751543167,0.0,0.0,0.0,0.0,0.0
466,47.65716420310383,4.0,47.65617459474229,47.65883442440723,32.239164916384254,0.00419259517956647,0.0,0.0,0.0,0.0,0.0
467,47.664204655021166,9.0,47.661618563743936,47.66705583330128,83.76915753170873,0.007700246746869496,0.0,0.0,0.0,0.0,0.0
468,47.687530561192474,14.0,47.68445023101332,47.69254108651742,94.49080357553181,0.014155906226298956,0.0,0.0,0.0,0.0,0.0
469,47.71380247851874,3.0,47.71335539429619,47.7154686569811,24.605769483255948,0.0012312553315626483,0.0,0.0,0.0,0.0,0.0
470,47.719515560105,4.0,47.71852270781273,47.71985965060828,17.612479998033454,0.0049817248050211165,0.0,0.0,0.0,0.0,0.0
471,47.74791582851097,5.0,47.74593709698165,47.749213087344664,33.08639861502477,0.006877237212752097,0.0,0.0,0.0,0.0,0.0
472,47.759261394221326,4.0,47.75802289264011,47.759846162690586,26.82503041941249,0.00451679000521951,0.0,0.0,0.0,0.0,0.0
473,47.80194843738484,3.0,47.80081792451046,47.80329353122503,28.771569122352336,0.002332627015302244,0.0,0.0,0.0,0.0,0.0
474,47.81836468585436,6.0,47.81727660563074,47.81997752214524,36.98720264424562,0.0029737471089959547,0.0,0.0,0.0,0.0,0.0
475,47.831870378159,3.0,47.83151830062477,47.832756131109655,14.37710039930233,0.006743688259273859,0.0,0.0,0.0,0.0,0.0
476,47.853236298579816,3.0,47.85169805962979,47.85393144238862,25.92861623006015,0.003773188242182753,0.0,0.0,0.0,0.0,0.0
477,47.88685896857064,7.0,47.88444049991526,47.88813006879799,38.498273972433246,0.003930293562588161,0.0,0.0,0.0,0.0,0.0
478,47.917792929260756,10.0,47.91398994001157,47.91978129852589,56.96808616378068,0.015901254298471952,0.0,0.0,0.0,0.0,0.0
479,47.94736697386728,3.0,47.94595403760532,47.94772506133708,20.52046098251659,0.0021420664340525827,0.0,0.0,0.0,0.0,0.0
480,47.97638386691917,4.0,47.97429087314344,47.97825720724426,42.77852469457921,0.004578012145036278,0.0,0.0,0.0,0.0,0.0
481,47.994130859701485,4.0,47.99371048551525,47.995111409594635,10.197364018366494,0.003506720109096729,0.0,0.0,0.0,0.0,0.0
482,48.00629619186074,6.0,48.005106781560464,48.008290155732986,40.50220344076159,0.0033446470129385964,0.0,0.0,0.0,0.0,0.0
483,48.01174061657792,5.0,48.01080260477475,48.01246691747015,30.970521950312875,0.008098256069009768,0.0,0.0,0.0,0.0,0.0
484,48.03299015884599,5.0,48.031056830218674,48.03339254048004,29.519280396250615,0.005702574603436301,0.0,0.0,0.0,0.0,0.0
485,48.04508379259427,4.0,48.04342219324771,48.04529065147816,16.241910156544,0.005318442150024828,0.0,0.0,0.0,0.0,0.0
486,48.05829173739519,11.0,48.05567849720222,48.06148674451008,31.712146713550403,0.00936524930336037,0.0,0.0,0.0,0.0,0.0
487,48.07541504424225,10.0,48.07058411268246,48.07832947803873,97.04486801057546,0.007063134575193863,0.0,0.0,0.0,0.0,0.0
488,48.1494371202448,8.0,48.146907731360855,48.15148395231736,53.43866264441591,0.003825097115419177,0.0,0.0,0.0,0.0,0.0
489,48.18923995561693,5.0,48.18843520240626,48.19120637687912,40.4672505436088,0.002379471956367113,0.0,0.0,0.0,0.0,0.0
490,48.1950119172891,5.0,48.19376225487333,48.196564126828974,14.406968275433002,0.01067806689169865,0.0,0.0,0.0,0.0,0.0
491,48.20005773063934,5.0,48.199259399646756,48.20110413199453,23.487314995808966,0.002972160786019975,0.0,0.0,0.0,0.0,0.0
492,48.21322253955378,4.0,48.21251519139549,48.21355114682552,6.8069930969652,0.0031369431718603178,0.0,0.0,0.0,0.0,0.0
493,48.253928941676136,4.0,48.25304279871341,48.25526493320763,35.64429148867446,0.0050407767761419826,0.0,0.0,0.0,0.0,0.0
494,48.27032727598921,8.0,48.26898657355542,48.27291849810199,45.35238649327733,0.0050801197499253,0.0,0.0,0.0,0.0,0.0
495,48.28364517007459,3.0,48.2833881175689,48.2842685950904,10.130846105060982,0.00330267518051994,0.0,0.0,0.0,0.0,0.0
496,48.2929162640788,3.0,48.29216818133527,48.294234255521125,23.767854189237323,0.005541852981695971,0.0,0.0,0.0,0.0,0.0
497,48.29962735419562,3.0,48.29891067055976,48.30085901053727,22.410340574210032,0.004711417068949626,0.0,0.0,0.0,0.0,0.0
498,48.39667177155118,6.0,48.39453509792045,48.39849924727646,50.45492939305471,0.005757281099157606,0.0,0.0,0.0,0.0,0.0
499,48.42399772162308,3.0,48.42305915388301,48.424951883636716,21.7147814990259,0.0010699485612604802,0.0,0.0,0.0,0.0,0.0
500,48.452590468852875,4.0,48.450409788462906,48.454764910908736,45.35725220675911,0.0028383501139151684,0.0,0.0,0.0,0.0,0.0
501,48.46322133319424,3.0,48.461942050480516,48.46430845494779,27.127151524934266,0.0029519439179201894,0.0,0.0,0.0,0.0,0.0
502,48.48476346089028,5.0,48.4829831371833,48.48706999009184,45.237716840676896,0.0033797043411946154,0.0,0.0,0.0,0.0,0.0
503,48.49531395634764,3.0,48.495042946253996,48.496984205419494,22.238794353147693,0.0023146405515694713,0.0,0.0,0.0,0.0,0.0
504,48.51654546913734,3.0,48.516532212402524,48.51685343250316,3.6782423345059594,0.00428344001064747,0.0,0.0,0.0,0.0,0.0
505,48.52341028412708,3.0,48.522724671940395,48.523804678207384,12.365237277114451,0.00573244457249955,0.0,0.0,0.0,0.0,0.0
506,48.53480334053332,5.0,48.533494464931714,48.53690514167179,25.884576900671764,0.0043916534913670735,0.0,0.0,0.0,0.0,0.0
507,48.56104121159657,5.0,48.55924009018429,48.56249521138345,47.97371918117863,0.004707817699968783,0.0,0.0,0.0,0.0,0.0
508,48.604389065967226,3.0,48.603677515695225,48.60507696708391,15.995942108353768,0.003578648622011983,0.0,0.0,0.0,0.0,0.0
509,48.6117104089774,12.0,48.607932598028256,48.61976543699465,123.09562243832661,0.006626652930809446,0.0,0.0,0.0,0.0,0.0
510,48.64268185558517,3.0,48.64180932779783,48.64344355331388,18.664741125257315,0.006542507576021263,0.0,0.0,0.0,0.0,0.0
511,48.67593643789206,6.0,48.67457662705742,48.67786264861567,44.856874078019366,0.004528296625164086,0.0,0.0,0.0,0.0,0.0
512,48.69681239773611,7.0,48.69542913314595,48.69932253335649,33.80260006187615,0.0075559216053034655,0.0,0.0,0.0,0.0,0.0
513,48.74129254998641,3.0,48.73993074438436,48.7414279996602,17.065786380768238,0.0026858415910149375,0.0,0.0,0.0,0.0,0.0
514,48.75383429901385,6.0,48.75238711417933,48.75595560961281,39.49242251998282,0.005963822529799501,0.0,0.0,0.0,0.0,0.0
515,48.77114589352311,3.0,48.7696725118113,48.772262434993785,29.50199725936935,0.0026733281266535943,0.0,0.0,0.0,0.0,0.0
516,48.787479937356295,3.0,48.78629127336703,48.787515945847105,13.945659847860629,0.002052646706530173,0.0,0.0,0.0,0.0,0.0
517,48.80321529259357,3.0,48.80177444390488,48.80365164715993,21.36930304687419,0.0019414671481127047,0.0,0.0,0.0,0.0,0.0
518,48.84268185727675,3.0,48.84131978256622,48.84425140686252,33.34542868415296,0.0035641277144594814,0.0,0.0,0.0,0.0,0.0
519,48.8500340215554,3.0,48.84837977493321,48.850131916057265,19.926531374710166,0.004042521402855289,0.0,0.0,0.0,0.0,0.0
520,48.85613881825863,8.0,48.8544195589445,48.858668056431746,39.62337203898051,0.00536793027080161,0.0,0.0,0.0,0.0,0.0
521,48.87039664481536,3.0,48.86989316377148,48.871185147729655,14.687191324944692,0.003929672079159437,0.0,0.0,0.0,0.0,0.0
522,48.878715210954,6.0,48.87705364027585,48.880576384776155,36.79831083794851,0.014560783627840013,0.0,0.0,0.0,0.0,0.0
523,48.88566510097013,7.0,48.88365672110528,48.88845466240619,42.03100384825931,0.00910453322885389,0.0,0.0,0.0,0.0,0.0
524,48.89816147809782,9.0,48.895752702749895,48.900024410029275,46.975588826470734,0.0074775485343287285,0.0,0.0,0.0,0.0,0.0
525,48.905522215912654,5.0,48.90397151320035,48.908513476003534,38.86780277465123,0.004576444762958424,0.0,0.0,0.0,0.0,0.0
526,48.923425155719265,6.0,48.92087867433948,48.92588602856084,65.13832983488076,0.0029335362144023995,0.0,0.0,0.0,0.0,0.0
527,48.93658144677808,5.0,48.93556708502174,48.93812103803884,38.70477269212031,0.0042467773308582195,0.0,0.0,0.0,0.0,0.0
528,48.95233612992393,3.0,48.95126940718506,48.953609667229216,26.55939576681597,0.0036391781613564866,0.0,0.0,0.0,0.0,0.0
529,49.008903730284125,4.0,49.00769779312323,49.01036291433899,39.11643333565547,0.006502386634712046,0.0,0.0,0.0,0.0,0.0
530,49.01475304030126,6.0,49.0129402787271,49.01526458304817,33.5049968088828,0.003627306327573028,0.0,0.0,0.0,0.0,0.0
531,49.04004696124591,3.0,49.03907623288415,49.04007614958018,11.327666060563654,0.00785094026209602,0.0,0.0,0.0,0.0,0.0
532,49.04651682242579,4.0,49.046313333671456,49.048091989072226,14.882567823818825,0.003317367952792247,0.0,0.0,0.0,0.0,0.0
533,49.0700958640959,3.0,49.069927137658055,49.07055382957143,7.09520060967464,0.0012456668627924444,0.0,0.0,0.0,0.0,0.0
534,49.07689584949476,3.0,49.07659699441254,49.077693143004986,12.40851585475524,0.0025571279424468013,0.0,0.0,0.0,0.0,0.0
535,49.126559827513866,6.0,49.125513172074605,49.12759390833374,24.957674203451838,0.003979639442019409,0.0,0.0,0.0,0.0,0.0
536,49.13752538007844,7.0,49.13552190496311,49.138940578627604,42.09243821439985,0.006707966982735616,0.0,0.0,0.0,0.0,0.0
537,49.15220425882625,5.0,49.15138446250056,49.15422212306086,18.256550425102827,0.00222315843781787,0.0,0.0,0.0,0.0,0.0
538,49.161749906778084,4.0,49.16129965151407,49.16209383006357,11.851344337357412,0.002876926933946774,0.0,0.0,0.0,0.0,0.0
539,49.19275323918319,6.0,49.189836892181326,49.19392503189685,54.66821763213951,0.004415639627445829,0.0,0.0,0.0,0.0,0.0
540,49.20395222522458,3.0,49.203599290676095,49.20543227840142,20.696030867657072,0.0056130260718307776,0.0,0.0,0.0,0.0,0.0
541,49.21989891112803,7.0,49.21779054198302,49.22159543817268,27.698589612360383,0.004765933993116314,0.0,0.0,0.0,0.0,0.0
542,49.23527423482513,3.0,49.234174529948056,49.23566271297598,16.79219546743801,0.0019456604107339628,0.0,0.0,0.0,0.0,0.0
543,49.243168855262326,6.0,49.24027318427294,49.24432316504398,60.922395693778746,0.0033850538881708457,0.0,0.0,0.0,0.0,0.0
544,49.27143016444813,3.0,49.27106821528802,49.27226565173566,13.501586389833157,0.0015587940264448355,0.0,0.0,0.0,0.0,0.0
545,49.2797614899597,6.0,49.277867248680344,49.282011963296775,55.71286205024043,0.007087498938060033,0.0,0.0,0.0,0.0,0.0
546,49.31713961278977,13.0,49.31417660937203,49.32266267469545,96.38482954791557,0.007934831073597907,0.0,0.0,0.0,0.0,0.0
547,49.39506586454788,10.0,49.39234105661229,49.3968929034331,57.859560185416825,0.007209713625312284,0.0,0.0,0.0,0.0,0.0
548,49.43259780299963,3.0,49.43189906648727,49.43275435899565,9.612331250529378,0.0024207288418731307,0.0,0.0,0.0,0.0,0.0
549,49.44947314770719,4.0,49.4484647053671,49.45063960355438,27.527813782933517,0.0012864033416064493,0.0,0.0,0.0,0.0,0.0
550,49.45412057207656,3.0,49.45381990259868,49.45502002719027,13.481907604396124,0.005551196502857309,0.0,0.0,0.0,0.0,0.0
551,49.47319105877066,3.0,49.47273029816872,49.473563575313065,9.357224325853892,0.0026277795178474774,0.0,0.0,0.0,0.0,0.0
552,49.47838466328625,3.0,49.478365469518366,49.478429667168086,0.7208271085859498,0.011521355304296578,0.0,0.0,0.0,0.0,0.0
553,49.48699496326158,5.0,49.485051239477144,49.48887844772257,25.53954901712266,0.007157610737672325,0.0,0.0,0.0,0.0,0.0
554,49.50828459146622,7.0,49.505506771055515,49.510345615873476,62.74171881826162,0.005527789284597323,0.0,0.0,0.0,0.0,0.0
555,49.51554372338624,10.0,49.51334425596203,49.51882793439568,72.82705251697433,0.005885199986919065,0.0,0.0,0.0,0.0,0.0
556,49.54906933572708,5.0,49.547574395672484,49.550460947951166,38.9981656869971,0.005581076208398313,0.0,0.0,0.0,0.0,0.0
557,49.58840019924375,3.0,49.58694937140385,49.58855142773011,17.94837681369455,0.0022122136987803662,0.0,0.0,0.0,0.0,0.0
558,49.60838525098025,4.0,49.608279926327164,49.60846335654558,1.7975997032330024,0.002590430895623949,0.0,0.0,0.0,0.0,0.0
559,49.63035868366702,10.0,49.626196175092595,49.63456560398478,120.31969058494977,0.005863365939360849,0.0,0.0,0.0,0.0,0.0
560,49.64150049359933,3.0,49.64060270121494,49.64160617016957,11.230175297401663,0.013128843668073131,0.0,0.0,0.0,0.0,0.0
561,49.66325706768774,9.0,49.65999124975521,49.66555470562073,81.46784398143492,0.0032041187910682514,0.0,0.0,0.0,0.0,0.0
562,49.69411145511682,3.0,49.69274943291608,49.694619405272796,20.905364863028435,0.0031000475905998757,0.0,0.0,0.0,0.0,0.0
563,49.70133804428511,4.0,49.70039646193452,49.70159556269264,13.348636321811874,0.0061879909144661,0.0,0.0,0.0,0.0,0.0
564,49.70923107993842,3.0,49.70897846493314,49.709631857342835,7.302381776529891,0.0026770837119089023,0.0,0.0,0.0,0.0,0.0
565,49.72155067224072,6.0,49.718460248491084,49.7221954014654,33.545655316321856,0.006399167624176821,0.0,0.0,0.0,0.0,0.0
566,49.734106947138386,4.0,49.733578067689585,49.735717098204276,25.189551279971667,0.00393759231151919,0.0,0.0,0.0,0.0,0.0
567,49.75885701848094,9.0,49.75583019027438,49.760507192803075,65.67635723648738,0.004677361907796434,0.0,0.0,0.0,0.0,0.0
568,49.788485062312304,5.0,49.787989847012355,49.78974724199781,8.143701510741357,0.004998239282061482,0.0,0.0,0.0,0.0,0.0
569,49.7926493422827,3.0,49.79231863781924,49.79362899551621,14.6201599620438,0.002340901111357144,0.0,0.0,0.0,0.0,0.0
570,49.815628130898695,4.0,49.81424994885139,49.8166742108194,20.222622121643017,0.003909942282080966,0.0,0.0,0.0,0.0,0.0
571,49.83321332411456,3.0,49.831946052272755,49.834631608886085,29.939387745208293,0.0017052507661150186,0.0,0.0,0.0,0.0,0.0
572,49.87820167933792,4.0,49.87717819764791,49.87918261066576,30.300653318977734,0.002682056720585383,0.0,0.0,0.0,0.0,0.0
573,49.893919808910574,5.0,49.891831659129515,49.89586631599659,35.36613555041379,0.004543129514339078,0.0,0.0,0.0,0.0,0.0
574,49.90808346480424,11.0,49.902764651719714,49.909780471790086,67.21850446486567,0.0030066106997915292,0.0,0.0,0.0,0.0,0.0
575,49.92775891671964,3.0,49.926809738344005,49.9293780637879,28.57823983663949,0.0016131592365857188,0.0,0.0,0.0,0.0,0.0
576,49.93475763209367,8.0,49.93187686301716,49.93750434696588,64.10803566640044,0.003834863378423259,0.0,0.0,0.0,0.0,0.0
577,49.94689675110155,9.0,49.94182480587955,49.94836879851276,66.47480965406295,0.004529436490573665,0.0,0.0,0.0,0.0,0.0
578,49.97945833675054,7.0,49.976867066127255,49.9828657139789,48.29505549488797,0.013785556187804913,0.0,0.0,0.0,0.0,0.0
579,49.9878657965411,6.0,49.98635707187373,49.98945211921497,17.795489145542245,0.007318990053702584,0.0,0.0,0.0,0.0,0.0
580,49.99535417599888,5.0,49.993138411463065,49.99776017582397,47.31101601982908,0.0033408511199783464,0.0,0.0,0.0,0.0,0.0
581,50.003481848994106,7.0,50.00235066633518,50.006063290687315,45.92807049831875,0.007677185255952053,0.0,0.0,0.0,0.0,0.0
582,50.01592833460825,3.0,50.014423161008665,50.01734287323547,32.430915555017435,0.003053063462110646,0.0,0.0,0.0,0.0,0.0
583,50.0408633044364,10.0,50.03741319401598,50.04317845391043,60.807847349891716,0.004344148551322332,0.0,0.0,0.0,0.0,0.0
584,50.06083123368438,8.0,50.058684159097716,50.0646598590741,66.43908669755473,0.00669148932616447,0.0,0.0,0.0,0.0,0.0
585,50.08439716253386,5.0,50.08317175558677,50.08488316053768,12.504366009654264,0.0037784257957275908,0.0,0.0,0.0,0.0,0.0
586,50.11871144385247,3.0,50.11757108462861,50.119585048879756,22.324377386889495,0.0027568574952827832,0.0,0.0,0.0,0.0,0.0
587,50.125166918225645,4.0,50.12413266884932,50.12661794714377,33.176617427605976,0.004335542297544168,0.0,0.0,0.0,0.0,0.0
588,50.12967088453848,5.0,50.12893966448615,50.1309189257062,19.335336012414746,0.009540591390464386,0.0,0.0,0.0,0.0,0.0
589,50.13700895214978,3.0,50.136901905704505,50.13839054237262,16.495207601340756,0.00265255626312892,0.0,0.0,0.0,0.0,0.0
590,50.14120548017979,4.0,50.14075776264093,50.14247896622487,11.788364684118891,0.0043122717118891755,0.0,0.0,0.0,0.0,0.0
591,50.14895443011312,7.0,50.14649700648247,50.1510021256015,51.13036876507882,0.0037992878233376135,0.0,0.0,0.0,0.0,0.0
592,50.16417512055117,7.0,50.16272872976817,50.16642825564579,52.82636392769576,0.009440330963677225,0.0,0.0,0.0,0.0,0.0
593,50.1698215237877,3.0,50.16940440721572,50.17097181061162,17.356642657700146,0.003296867106310511,0.0,0.0,0.0,0.0,0.0
594,50.17576952322433,6.0,50.17399073005108,50.177415888566415,38.4606077102522,0.0024853657762410886,0.0,0.0,0.0,0.0,0.0
595,50.193885940031805,8.0,50.19097440675618,50.19805298613531,90.5365564215682,0.006562085781813034,0.0,0.0,0.0,0.0,0.0
596,50.20831958110968,3.0,50.20759189040828,50.208743875037925,12.746721385105804,0.004310771606253755,0.0,0.0,0.0,0.0,0.0
597,50.23359078314522,4.0,50.23180149014019,50.23429184816253,30.506714456157837,0.005007810107677053,0.0,0.0,0.0,0.0,0.0
598,50.26910583059044,4.0,50.26779908699283,50.269212023506896,10.899972994305683,0.0021405717395389296,0.0,0.0,0.0,0.0,0.0
599,50.27537205912941,3.0,50.274861872583735,50.276814715840445,21.57941107072479,0.0043335076797519695,0.0,0.0,0.0,0.0,0.0
600,50.29043164648344,3.0,50.289416274107595,50.29074460909752,14.67404154498713,0.0019771842323098865,0.0,0.0,0.0,0.0,0.0
601,50.29717458040002,3.0,50.296704902889445,50.29822245307827,16.76204369847914,0.003300310385574152,0.0,0.0,0.0,0.0,0.0
602,50.305961046752074,8.0,50.30291869434699,50.30913889683709,82.24692506941467,0.005626518795818845,0.0,0.0,0.0,0.0,0.0
603,50.31950927229194,4.0,50.31799046928321,50.32015453485928,25.371532335658735,0.0028160193676034285,0.0,0.0,0.0,0.0,0.0
604,50.32764467337418,3.0,50.32585694474111,50.32819435396123,25.802134915579135,0.00223372037548361,0.0,0.0,0.0,0.0,0.0
605,50.334369838962076,4.0,50.33329492074989,50.335318160209944,25.554680503880924,0.0031298611757585165,0.0,0.0,0.0,0.0,0.0
606,50.35185129046043,3.0,50.351537558357784,50.35190691284614,4.075261042393055,0.005734548682343281,0.0,0.0,0.0,0.0,0.0
607,50.37132353210692,3.0,50.37108962368526,50.371905549561234,8.999012166674124,0.0021102916212758106,0.0,0.0,0.0,0.0,0.0
608,50.38534588011024,3.0,50.385142796863875,50.387086351723084,21.429895551821904,0.0037430952893355534,0.0,0.0,0.0,0.0,0.0
609,50.39290528771589,11.0,50.3908554770978,50.39627968280619,48.07866911942681,0.005883304731609543,0.0,0.0,0.0,0.0,0.0
610,50.408808626050785,8.0,50.40549555728038,50.409811049985436,32.80017851605318,0.004234668780577685,0.0,0.0,0.0,0.0,0.0
611,50.438456147550355,8.0,50.435867859348136,50.44139167989772,50.76387924950296,0.004647455145643049,0.0,0.0,0.0,0.0,0.0
612,50.44673259460495,3.0,50.446527813270315,50.44852042318175,21.94404769966899,0.0031835765873606736,0.0,0.0,0.0,0.0,0.0
613,50.46493442205423,4.0,50.46351510704347,50.46608998200156,36.072374425120465,0.003929671364840213,0.0,0.0,0.0,0.0,0.0
614,50.51157049752459,3.0,50.51080682247707,50.51203357597256,13.492546618541194,0.004951367117537094,0.0,0.0,0.0,0.0,0.0
615,50.55827005060051,3.0,50.55738284960438,50.55866779659756,14.11953850366965,0.003212113555305831,0.0,0.0,0.0,0.0,0.0
616,50.56728260722406,5.0,50.56668316197359,50.56792810061051,12.744202339866211,0.003964579557264568,0.0,0.0,0.0,0.0,0.0
617,50.572672354421385,3.0,50.571150727243285,50.57359575046276,26.85929316767563,0.0026137019030555843,0.0,0.0,0.0,0.0,0.0
618,50.58767069295659,4.0,50.587161876155065,50.58948167149031,22.396152963511817,0.0023082736222861527,0.0,0.0,0.0,0.0,0.0
619,50.6073022053674,4.0,50.6064295713824,50.60845422413748,27.193543352263557,0.002288186858914089,0.0,0.0,0.0,0.0,0.0
620,50.65071669230064,3.0,50.649237254160376,50.65140521067167,23.778938635182055,0.0024257391094727144,0.0,0.0,0.0,0.0,0.0
621,50.67099210677798,5.0,50.66951105482738,50.672201570976206,36.20451606872865,0.003570377287005391,0.0,0.0,0.0,0.0,0.0
622,50.68853857740494,3.0,50.68758095315199,50.68925287226706,18.324536056509938,0.0031226376192603246,0.0,0.0,0.0,0.0,0.0
623,50.712657551936545,4.0,50.710329453541775,50.71397668077521,46.05581924797082,0.003781362295787617,0.0,0.0,0.0,0.0,0.0
624,50.726543446122626,4.0,50.72563854098417,50.727145721547004,18.87464154159325,0.012203896362655235,0.0,0.0,0.0,0.0,0.0
625,50.73178127123936,5.0,50.729879325756265,50.73328889501664,28.752714180287214,0.007383862020562781,0.0,0.0,0.0,0.0,0.0
626,50.75505491379568,9.0,50.75006457448089,50.757532739282844,77.23100403281205,0.007838206971586445,0.0,0.0,0.0,0.0,0.0
627,50.764722744337135,3.0,50.76429732757297,50.76501572150792,7.86191118688814,0.0017300179158659733,0.0,0.0,0.0,0.0,0.0
628,50.78883232848669,6.0,50.78506862833739,50.79114369725904,70.63002467513593,0.002196158567433692,0.0,0.0,0.0,0.0,0.0
629,50.84206160708771,4.0,50.841174513634805,50.84302019277519,34.784263367825496,0.0073880405543061125,0.0,0.0,0.0,0.0,0.0
630,50.86110299724478,3.0,50.860819215258815,50.862113097944786,14.133073646887699,0.007805314532915469,0.0,0.0,0.0,0.0,0.0
631,50.89008365427374,7.0,50.88738163441516,50.89258573557244,36.24105225615853,0.012132405200748864,0.0,0.0,0.0,0.0,0.0
632,50.89954684257536,4.0,50.89896468019422,50.90080190574204,25.725250296076176,0.00356620645858004,0.0,0.0,0.0,0.0,0.0
633,50.932121742692786,8.0,50.930039057545045,50.9348758077136,45.32945479657339,0.008276509698022906,0.0,0.0,0.0,0.0,0.0
634,50.94380461833828,11.0,50.94077319834489,50.94834374725972,106.79891652851911,0.0065166084072864686,0.0,0.0,0.0,0.0,0.0
635,50.9604940337823,4.0,50.959130870040724,50.96212174919238,34.409504412526054,0.005021310301616723,0.0,0.0,0.0,0.0,0.0
636,50.98480097725989,4.0,50.98462774948637,50.98504388386873,3.7573979051060338,0.0028834643148487977,0.0,0.0,0.0,0.0,0.0
637,51.03541919417547,4.0,51.034325322160434,51.0374632853044,34.118110928544375,0.004798256710781877,0.0,0.0,0.0,0.0,0.0
638,51.09401677416436,4.0,51.09340856571791,51.0951073853841,20.90668540124291,0.004301316781587993,0.0,0.0,0.0,0.0,0.0
639,51.0982383703341,5.0,51.09788811053463,51.1013580644053,40.13712441579039,0.003511918769934924,0.0,0.0,0.0,0.0,0.0
640,51.12499384491211,7.0,51.122275565583415,51.12922624105761,81.72790982484821,0.017057190094775496,0.0,0.0,0.0,0.0,0.0
641,51.14666500557365,3.0,51.14505846670949,51.14732811688902,24.65296156182932,0.0024416901112389662,0.0,0.0,0.0,0.0,0.0
642,51.15919622046064,5.0,51.15832823961989,51.16082023191628,25.83392914848442,0.0027334940408248283,0.0,0.0,0.0,0.0,0.0
643,51.175778567820046,3.0,51.17518379888176,51.176562444249214,14.966339828283003,0.0018300223801942129,0.0,0.0,0.0,0.0,0.0
644,51.2423213472308,5.0,51.240311016829025,51.24322883730123,48.55173239282526,0.004880736060490773,0.0,0.0,0.0,0.0,0.0
645,51.26095681001488,3.0,51.26067586302812,51.261354952848684,7.3598337998243375,0.0017545702505661765,0.0,0.0,0.0,0.0,0.0
646,51.28160056099924,3.0,51.28121496406802,51.28303743788698,19.743639900129995,0.0026082781166735227,0.0,0.0,0.0,0.0,0.0
647,51.28943889198385,4.0,51.28788820077743,51.29033910277405,26.491548669642686,0.003130128259315114,0.0,0.0,0.0,0.0,0.0
648,51.30145877436527,3.0,51.30077590448692,51.30261846051067,19.95347227686137,0.006526850079347905,0.0,0.0,0.0,0.0,0.0
649,51.34112918358469,3.0,51.33954019660096,51.34172673610869,23.660254269479086,0.0014513452438413483,0.0,0.0,0.0,0.0,0.0
650,51.35401956961174,4.0,51.35331337963142,51.35589872588336,25.095475431982795,0.002545711505152916,0.0,0.0,0.0,0.0,0.0
651,51.384953868673165,3.0,51.38326775781024,51.385021116719635,18.956683029900578,0.004886424641714269,0.0,0.0,0.0,0.0,0.0
652,51.403105488227894,6.0,51.402456548697785,51.40533466270043,28.04244768738311,0.003852232464081836,0.0,0.0,0.0,0.0,0.0
653,51.422945480026925,4.0,51.4226868636506,51.42416235166481,9.770268175544642,0.002507332565219121,0.0,0.0,0.0,0.0,0.0
654,51.44437423450984,5.0,51.442357629554216,51.446654494457675,62.9438798833495,0.004817058811326322,0.0,0.0,0.0,0.0,0.0
655,51.45395617764082,3.0,51.45273038108428,51.45397911264572,13.48272917951101,0.003213831920728163,0.0,0.0,0.0,0.0,0.0
656,51.49955846811749,5.0,51.49750442998285,51.5004339156816,25.132935077065518,0.0032321791440778056,0.0,0.0,0.0,0.0,0.0
657,51.51296776842668,3.0,51.51228358315627,51.513257059179615,10.498715884578788,0.0031204342354031055,0.0,0.0,0.0,0.0,0.0
658,51.517262707641144,4.0,51.516229971023236,51.51778785665054,22.70779960986039,0.003805538608903228,0.0,0.0,0.0,0.0,0.0
659,51.52253225368873,9.0,51.52051878710365,51.5253216263468,52.10716894329873,0.008497313466893041,0.0,0.0,0.0,0.0,0.0
660,51.63447323405882,6.0,51.633300716421616,51.63515350019716,18.784362910646987,0.006540758895617079,0.0,0.0,0.0,0.0,0.0
661,51.6535969012354,11.0,51.650237273534565,51.65750805783641,75.49811429503553,0.005326346369795012,0.0,0.0,0.0,0.0,0.0
662,51.66753802625675,6.0,51.66400355081017,51.670366897940056,59.500679674079755,0.0037426461653382614,0.0,0.0,0.0,0.0,0.0
663,51.67887218369926,3.0,51.67725699701949,51.67919521608733,20.836143002275588,0.008557649284630974,0.0,0.0,0.0,0.0,0.0
664,51.70879138014228,3.0,51.70839129176453,51.70918309846164,8.507114511195459,0.0020158047074866838,0.0,0.0,0.0,0.0,0.0
665,51.749883634304325,3.0,51.74960555438215,51.74989440394696,3.1009148075468063,0.0021514978571086636,0.0,0.0,0.0,0.0,0.0
666,51.76389397356023,3.0,51.76299770575405,51.76415697251668,12.441820753963672,0.0018900298383543433,0.0,0.0,0.0,0.0,0.0
667,51.767666065942805,4.0,51.767022343131295,51.76807865475391,11.40586337482614,0.002748084987689626,0.0,0.0,0.0,0.0,0.0
668,51.77985885441825,11.0,51.776995831337494,51.784165586369966,89.94184845674056,0.006573583556737961,0.0,0.0,0.0,0.0,0.0
669,51.80277358385078,4.0,51.80163704236496,51.80384432987301,36.07902001286104,0.003450362339952294,0.0,0.0,0.0,0.0,0.0
670,51.83006110838407,5.0,51.82763132689081,51.831715267755285,23.961739869677967,0.003008552822319745,0.0,0.0,0.0,0.0,0.0
671,51.83544598043517,3.0,51.83488167075102,51.8359228811157,11.159356144471015,0.0010644899438579994,0.0,0.0,0.0,0.0,0.0
672,51.83893532208391,3.0,51.838264525237975,51.83907925690926,8.731442948394244,0.0014149560419466183,0.0,0.0,0.0,0.0,0.0
673,51.86062638023893,6.0,51.85850192050201,51.86327572121534,69.86209367861977,0.007195810603893599,0.0,0.0,0.0,0.0,0.0
674,51.89331218343462,3.0,51.891963803321794,51.893633605882265,17.876447852630807,0.0028900277724414956,0.0,0.0,0.0,0.0,0.0
675,51.91809006133977,5.0,51.91675331531003,51.91915315305347,35.7951143982047,0.0037274850286962975,0.0,0.0,0.0,0.0,0.0
676,51.9399786668557,125.0,51.93970638312925,51.940318413983384,2.873712865593323,0.16678498157342111,0.0,0.0,0.0,0.0,0.0
677,51.964331377048666,3.0,51.964191885444336,51.96574364988497,16.59005962475275,0.0038140474509761415,0.0,0.0,0.0,0.0,0.0
678,52.00738041942598,4.0,52.0058100890859,52.0083331596506,32.905915543544836,0.0056084242316026146,0.0,0.0,0.0,0.0,0.0
679,52.02086723234804,7.0,52.01941019919151,52.021955178598915,25.771289409796825,0.004806389387412564,0.0,0.0,0.0,0.0,0.0
680,52.06833343373841,8.0,52.06426850467608,52.07028965563359,77.51735066792783,0.004629123465389477,0.0,0.0,0.0,0.0,0.0
681,52.07686779568593,6.0,52.074087672387186,52.07745498895774,40.71443338351069,0.002420688142908042,0.0,0.0,0.0,0.0,0.0
682,52.08692214064539,6.0,52.084803404403104,52.08894149489267,53.839227180944995,0.00872211921503219,0.0,0.0,0.0,0.0,0.0
683,52.112627501200905,3.0,52.11183269199318,52.114256729462845,25.841864970466666,0.003615870956305884,0.0,0.0,0.0,0.0,0.0
684,52.15050576263362,3.0,52.14880909644017,52.15096140158159,22.928350570875526,0.002345969139604147,0.0,0.0,0.0,0.0,0.0
685,52.16751549127103,3.0,52.16728228973537,52.16822965817722,10.088956624993973,0.003068734430123656,0.0,0.0,0.0,0.0,0.0
686,52.17801725318725,4.0,52.17701984844527,52.179858566378016,35.708766667599605,0.0029575437176194625,0.0,0.0,0.0,0.0,0.0
687,52.23523105531429,4.0,52.23465077962935,52.23692223023299,27.057218214336636,0.0075096536355457105,0.0,0.0,0.0,0.0,0.0
688,52.24928199072826,5.0,52.248010750275064,52.25084580619466,26.062774329825324,0.006634104123092683,0.0,0.0,0.0,0.0,0.0
689,52.28363387974055,5.0,52.280252083564044,52.28411901912186,39.99310716439045,0.0031074432670011747,0.0,0.0,0.0,0.0,0.0
690,52.38436655889046,6.0,52.38241474768775,52.38737018186521,71.55631270976806,0.00996748646316422,0.0,0.0,0.0,0.0,0.0
691,52.441045424346164,6.0,52.43945731617335,52.44291825460734,45.01923359722482,0.0057494879148779834,0.0,0.0,0.0,0.0,0.0
692,52.45384544612294,3.0,52.45350950329234,52.45401364399455,5.339516397852548,0.0028235752246942238,0.0,0.0,0.0,0.0,0.0
693,52.478445184267,13.0,52.473956854467566,52.482183103954235,59.611465532523205,0.009450843064313803,0.0,0.0,0.0,0.0,0.0
694,52.49375557337325,3.0,52.49362964727098,52.494329435504426,7.406047377516394,0.002774483820148846,0.0,0.0,0.0,0.0,0.0
695,52.51981134858354,4.0,52.51821023953984,52.52068609030632,24.86530898360306,0.009100235014676552,0.0,0.0,0.0,0.0,0.0
696,52.565724218953335,3.0,52.565576098159504,52.5666520607247,11.371611245715721,0.0022930590115815682,0.0,0.0,0.0,0.0,0.0
697,52.57497889863282,3.0,52.57438734485026,52.57676198925707,25.092675647363585,0.002222172370090551,0.0,0.0,0.0,0.0,0.0
698,52.634234905097415,3.0,52.632895316958596,52.63469987926401,19.047196485918164,0.0013836506047434868,0.0,0.0,0.0,0.0,0.0
699,52.650247843871,4.0,52.649715700952434,52.65076985615721,15.774055930714672,0.0025382439112133716,0.0,0.0,0.0,0.0,0.0
700,52.69254151380302,4.0,52.691117320384066,52.693229893261595,21.853758759346306,0.002649692000885918,0.0,0.0,0.0,0.0,0.0
701,52.75885361025898,6.0,52.7560505052153,52.76084400473364,53.573685321751476,0.0037437333800926327,0.0,0.0,0.0,0.0,0.0
702,52.765979630063505,4.0,52.76360943643715,52.76723628992682,44.08071612420312,0.0035342445876342114,0.0,0.0,0.0,0.0,0.0
703,52.82019653929868,3.0,52.81984062446434,52.821220132427065,14.509474837974984,0.007873449509259674,0.0,0.0,0.0,0.0,0.0
704,52.825489230343365,3.0,52.82386678054452,52.826645255871014,29.220693004336912,0.0010700614186518527,0.0,0.0,0.0,0.0,0.0
705,52.83097946021277,3.0,52.830412408975874,52.8322517045304,19.341508979552927,0.007471114998829585,0.0,0.0,0.0,0.0,0.0
706,52.83986488564042,7.0,52.83680772353839,52.84281371942637,60.02267699532369,0.0018035798225505295,0.0,0.0,0.0,0.0,0.0
707,52.85561670580496,3.0,52.85470590805674,52.855907212623414,12.626688846386884,0.0021843319336216777,0.0,0.0,0.0,0.0,0.0
708,52.86307235588386,3.0,52.86280418057941,52.863119519978824,3.3140063077104474,0.0015638306534283375,0.0,0.0,0.0,0.0,0.0
709,52.89473311249308,5.0,52.89237777969886,52.89510937556307,40.20630374488187,0.0035387249545405616,0.0,0.0,0.0,0.0,0.0
710,52.928465003326025,9.0,52.92618922605895,52.93322583860836,59.23576218013101,0.0052289608551402645,0.0,0.0,0.0,0.0,0.0
711,52.938890560039155,4.0,52.937876939191334,52.939037262442326,8.22930652253864,0.004058996421998395,0.0,0.0,0.0,0.0,0.0
712,52.947660277622965,9.0,52.94241775793969,52.95008780533645,88.17661307715674,0.0071300413513937025,0.0,0.0,0.0,0.0,0.0
713,52.962122369749636,4.0,52.961118197325426,52.96470398530696,46.39354902739546,0.004392457918450658,0.0,0.0,0.0,0.0,0.0
714,52.99899252554804,3.0,52.99860736438326,52.99954239380544,9.801333296126035,0.0024440423620935166,0.0,0.0,0.0,0.0,0.0
715,53.00568186060967,6.0,53.00393774379519,53.00941505298698,64.58669384290921,0.004880324282759674,0.0,0.0,0.0,0.0,0.0
716,53.046864975414046,5.0,53.04420734896221,53.04776155449226,29.511652617624122,0.006556585369715249,0.0,0.0,0.0,0.0,0.0
717,53.07546239771611,3.0,53.07521477656176,53.07604153546287,8.653914254665136,0.0019639640694504063,0.0,0.0,0.0,0.0,0.0
718,53.08706767600863,5.0,53.085956614948486,53.08833740111777,24.88220414480418,0.0031216700472747405,0.0,0.0,0.0,0.0,0.0
719,53.11302661275745,9.0,53.109846791289804,53.1158516257175,69.26474945917067,0.008215215756440688,0.0,0.0,0.0,0.0,0.0
720,53.13947290672255,3.0,53.13848522416637,53.13947726386278,10.37144582968615,0.005377538506929246,0.0,0.0,0.0,0.0,0.0
721,53.14772673441367,5.0,53.146921978063986,53.14888862198133,7.738465544089545,0.0027578248144204355,0.0,0.0,0.0,0.0,0.0
722,53.174553470871935,4.0,53.17220534111065,53.17564423354805,40.11441148117174,0.00744836486176174,0.0,0.0,0.0,0.0,0.0
723,53.19150932939692,4.0,53.19117253543204,53.19193934207408,7.081454527615464,0.0018285448882582422,0.0,0.0,0.0,0.0,0.0
724,53.2349168592484,6.0,53.23194946025599,53.237620623773125,73.26340906633395,0.005471878844580947,0.0,0.0,0.0,0.0,0.0
725,53.27822852991699,5.0,53.276690777593615,53.28101301170204,51.828127750689696,0.001817568943840971,0.0,0.0,0.0,0.0,0.0
726,53.29441849632879,3.0,53.292532226009484,53.29460582919299,21.615805202865374,0.004799169108134446,0.0,0.0,0.0,0.0,0.0
727,53.305003735309526,3.0,53.30345349060875,53.30658098219534,32.59535135784665,0.0073485500391748445,0.0,0.0,0.0,0.0,0.0
728,53.3460493899923,5.0,53.34353030854473,53.34763658262599,60.3562476722072,0.009388348390287382,0.0,0.0,0.0,0.0,0.0
729,53.35107206589125,3.0,53.35075813027293,53.35112004516501,3.7686933205544015,0.001500426495447621,0.0,0.0,0.0,0.0,0.0
730,53.37603218263516,5.0,53.374693284223206,53.37769576785491,42.768122016184286,0.005040005004483093,0.0,0.0,0.0,0.0,0.0
731,53.39009190863197,5.0,53.38880711218052,53.393756195633514,46.98894226256182,0.006835486146693726,0.0,0.0,0.0,0.0,0.0
732,53.4141028968417,6.0,53.411652168581064,53.41588420458487,44.11614298645366,0.0054483970633463,0.0,0.0,0.0,0.0,0.0
733,53.43566621772861,5.0,53.434262387716,53.43729818745995,31.917014856130525,0.002708101274983866,0.0,0.0,0.0,0.0,0.0
734,53.464078574550115,4.0,53.46280824137255,53.46512567984921,40.158561549745045,0.0017750886440933368,0.0,0.0,0.0,0.0,0.0
735,53.477657052598595,8.0,53.47516738043263,53.48130977948678,55.87318770385102,0.003652989018434335,0.0,0.0,0.0,0.0,0.0
736,53.49052568697448,3.0,53.48922496213872,53.49066586327564,14.965278829079779,0.0019585057523436753,0.0,0.0,0.0,0.0,0.0
737,53.51187260082597,8.0,53.51012968576389,53.51523821970436,57.976865198761,0.007422429809561506,0.0,0.0,0.0,0.0,0.0
738,53.552028707534205,3.0,53.550882963894,53.55206674911395,12.280738403302003,0.005269694125081762,0.0,0.0,0.0,0.0,0.0
739,53.59078771328866,9.0,53.58625397075381,53.5940112079948,77.1989981404209,0.006505255333744349,0.0,0.0,0.0,0.0,0.0
740,53.59980213054128,4.0,53.597974028250164,53.601298074730984,38.51579338653934,0.0036228619587304685,0.0,0.0,0.0,0.0,0.0
741,53.629581594153834,6.0,53.62789629615831,53.63186318788117,46.67942646998521,0.006549543809151752,0.0,0.0,0.0,0.0,0.0
742,53.642936173426214,10.0,53.63873318947756,53.646265057458,80.04036442085798,0.009807060887629296,0.0,0.0,0.0,0.0,0.0
743,53.66254869237341,5.0,53.661255573232474,53.6632277173846,13.600314907056655,0.004658834453589136,0.0,0.0,0.0,0.0,0.0
744,53.67116807506548,7.0,53.67028328554367,53.67400368070171,40.04912590558319,0.009801874755262275,0.0,0.0,0.0,0.0,0.0
745,53.681976781851645,12.0,53.67799849911502,53.68465564736181,87.22371070709576,0.018497881973822777,0.0,0.0,0.0,0.0,0.0
746,53.691645689737015,5.0,53.68939169764665,53.69366044176304,49.032598801578175,0.005037190057005933,0.0,0.0,0.0,0.0,0.0
747,53.71230113497792,3.0,53.710587114237136,53.71400495563403,35.351320571472826,0.0020169607518581417,0.0,0.0,0.0,0.0,0.0
748,53.78717547471179,5.0,53.78592275925911,53.78857029683729,32.06721206580293,0.004300482584113355,0.0,0.0,0.0,0.0,0.0
749,53.836335151191534,3.0,53.83479774126785,53.837689315913664,29.839147747938497,0.004651283637399348,0.0,0.0,0.0,0.0,0.0
750,53.86068839333568,3.0,53.859413822622216,53.86110639818181,17.458368680136736,0.0023894903957921657,0.0,0.0,0.0,0.0,0.0
751,53.88516091375862,4.0,53.88352378872046,53.8859208914513,21.914416482819508,0.006008662899027607,0.0,0.0,0.0,0.0,0.0
752,53.990277024761056,3.0,53.98864866444039,53.991722883994015,31.633468952879188,0.005092416568006798,0.0,0.0,0.0,0.0,0.0
753,53.998940762274,3.0,53.99726715071653,53.9991127075731,18.987582909638036,0.0025176455402376153,0.0,0.0,0.0,0.0,0.0
754,54.01512391596381,3.0,54.01413227387421,54.01647680082948,24.113894048966085,0.0027353546614414985,0.0,0.0,0.0,0.0,0.0
755,54.021114295417846,4.0,54.019788333567156,54.02200550154641,22.816888806646787,0.0038280975500312293,0.0,0.0,0.0,0.0,0.0
756,54.05061633368629,5.0,54.04833143918752,54.052635387329,55.3328586680292,0.006783984943273961,0.0,0.0,0.0,0.0,0.0
757,54.09418975374358,6.0,54.092499484595734,54.09615301550153,22.658067459835042,0.005725991735493756,0.0,0.0,0.0,0.0,0.0
758,54.13953458570397,3.0,54.13833901688194,54.14035109370771,20.647027487646366,0.0038535045680713064,0.0,0.0,0.0,0.0,0.0
759,54.14471932407047,3.0,54.14467059966129,54.14597636811207,13.397925525575522,0.007143649708737131,0.0,0.0,0.0,0.0,0.0
760,54.154371168675176,3.0,54.1537826807273,54.15467307637558,9.134336497157623,0.001027012905644602,0.0,0.0,0.0,0.0,0.0
761,54.166770447209274,6.0,54.16371713022467,54.168525013268734,50.97658185013418,0.006510664880425329,0.0,0.0,0.0,0.0,0.0
762,54.17686518192999,3.0,54.17642970797192,54.17817531581981,17.9002999612348,0.0033154891821745055,0.0,0.0,0.0,0.0,0.0
763,54.24989375647428,5.0,54.24927693799659,54.25276883935825,36.809246493501576,0.00461697079221842,0.0,0.0,0.0,0.0,0.0
764,54.268503428990655,6.0,54.265616019536196,54.27117192135896,53.46463147000942,0.0038915510310081032,0.0,0.0,0.0,0.0,0.0
765,54.29311321156348,4.0,54.29108554406663,54.29499059091629,40.468635505982576,0.004454782727727336,0.0,0.0,0.0,0.0,0.0
766,54.36531539060667,7.0,54.363268917013514,54.36804455988691,50.75573036312327,0.00400895247232567,0.0,0.0,0.0,0.0,0.0
767,54.40438262037904,10.0,54.40054393878228,54.40947081977943,123.23036988614976,0.0050497801652693245,0.0,0.0,0.0,0.0,0.0
768,54.44191216172702,3.0,54.4418408439331,54.44245428832895,6.259927849825811,0.0029232262999488523,0.0,0.0,0.0,0.0,0.0
769,54.462867647132626,4.0,54.460650562670104,54.46389676683829,29.943163762982593,0.003571279294253434,0.0,0.0,0.0,0.0,0.0
770,54.475690515588056,3.0,54.47494897583663,54.476820709001,19.088363050351948,0.0029118997131880138,0.0,0.0,0.0,0.0,0.0
771,54.48732466194825,3.0,54.486514978124745,54.48735079393416,8.522020841102684,0.006852233026101669,0.0,0.0,0.0,0.0,0.0
772,54.507128514687125,3.0,54.50600410643502,54.50814281747877,21.798484610336768,0.0021648455178217316,0.0,0.0,0.0,0.0,0.0
773,54.51853920699009,5.0,54.516433226707484,54.51925580428718,42.221316235115175,0.001830550877762202,0.0,0.0,0.0,0.0,0.0
774,54.54404334410138,3.0,54.54320076031676,54.54438552463654,12.067356204796356,0.0061217562919668395,0.0,0.0,0.0,0.0,0.0
775,54.548357342292576,3.0,54.54772011853903,54.55010485532233,24.287693214812275,0.00438621490016934,0.0,0.0,0.0,0.0,0.0
776,54.57681735152994,3.0,54.57558390195638,54.57849848014456,29.668459670726303,0.0032743760169824773,0.0,0.0,0.0,0.0,0.0
777,54.58783035237029,5.0,54.58648823311903,54.58830934909902,11.347877891342591,0.0036213579426437573,0.0,0.0,0.0,0.0,0.0
778,54.624855381795385,3.0,54.62424343125677,54.62632610665672,21.181600953861192,0.002064492359162802,0.0,0.0,0.0,0.0,0.0
779,54.63533258570731,5.0,54.63489277490983,54.63639988397865,15.930880215883134,0.0012263151119701102,0.0,0.0,0.0,0.0,0.0
780,54.64794723090931,11.0,54.64288143025108,54.652025262544534,114.39430394951063,0.00702275234119631,0.0,0.0,0.0,0.0,0.0
781,54.669927956808735,4.0,54.66848896560538,54.6718896517567,20.976264788058696,0.0031896573629158174,0.0,0.0,0.0,0.0,0.0
782,54.69439537910948,3.0,54.69245447092219,54.69527099990206,28.60875070103669,0.00982841176702433,0.0,0.0,0.0,0.0,0.0
783,54.726861337922415,7.0,54.72262666085879,54.730295994239206,86.94471904857386,0.011009222891342802,0.0,0.0,0.0,0.0,0.0
784,54.74117888860552,3.0,54.740807391377146,54.74164268093864,8.477160445022049,0.0021656441984851888,0.0,0.0,0.0,0.0,0.0
785,54.764745208684005,3.0,54.76311255585251,54.76558885422971,25.12056461557429,0.0029399742390768865,0.0,0.0,0.0,0.0,0.0
786,54.77874266998987,4.0,54.77821535744318,54.779118217543605,6.058338520547044,0.0012914770896359225,0.0,0.0,0.0,0.0,0.0
787,54.82433106745589,3.0,54.822662686494965,54.825063254436586,24.325857342627813,0.006474959844843599,0.0,0.0,0.0,0.0,0.0
788,54.83210793986913,4.0,54.830679758126585,54.83313637539378,29.79995974501536,0.005443858225385164,0.0,0.0,0.0,0.0,0.0
789,54.86101488516192,9.0,54.857544217456194,54.86425600620553,64.06070293218582,0.0036859768580431653,0.0,0.0,0.0,0.0,0.0
790,54.868042901304776,3.0,54.86749555482949,54.86951401227783,20.437493115999736,0.003084181897117804,0.0,0.0,0.0,0.0,0.0
791,54.8929534891392,6.0,54.89198508140399,54.89591774507747,43.969682202364886,0.007918724124693657,0.0,0.0,0.0,0.0,0.0
792,54.94803715259971,5.0,54.94694704768472,54.95061227502726,46.936380636976715,0.003340780596932251,0.0,0.0,0.0,0.0,0.0
793,54.95797415258437,7.0,54.95420419175521,54.96082927499373,62.893806435686614,0.00639532127953343,0.0,0.0,0.0,0.0,0.0
794,54.97900158643704,6.0,54.97628148124554,54.98138996962932,58.60836803182716,0.004109264588648852,0.0,0.0,0.0,0.0,0.0
795,54.98915189790915,8.0,54.98688592523669,54.993289012191305,55.016431016576796,0.005621150694705214,0.0,0.0,0.0,0.0,0.0
796,55.01777230876221,17.0,55.01762896121777,55.01793945055736,2.456763247280113,0.008823834263368517,0.0,0.0,0.0,0.0,0.0
797,55.05417051687262,266.0,55.053906642881145,55.05442958788655,4.039849951530417,0.11444242074389599,0.0,0.0,0.0,0.0,0.0
798,55.05803376701388,3.0,55.05781599498347,55.05897583247251,11.70318147037904,0.001084476697378385,0.0,0.0,0.0,0.0,0.0
799,55.099086264359315,6.0,55.09633291885278,55.10120099332795,49.49257829438688,0.004365777322027558,0.0,0.0,0.0,0.0,0.0
800,55.12189211009139,6.0,55.12131881993731,55.122561719414676,15.297200608608504,0.0018041121422810483,0.0,0.0,0.0,0.0,0.0
801,55.15486340116833,7.0,55.152248361891175,55.157480176900265,62.401852875204625,0.002964098454740197,0.0,0.0,0.0,0.0,0.0
802,55.17185660548056,5.0,55.17104443212723,55.17385511277977,9.521572583857479,0.003749340265598658,0.0,0.0,0.0,0.0,0.0
803,55.21187375889255,5.0,55.21044777784369,55.21365235758816,13.23716484248673,0.0028707966684751694,0.0,0.0,0.0,0.0,0.0
804,55.22510943204163,6.0,55.22101040259224,55.228487978452364,81.5768545203041,0.004408337312513601,0.0,0.0,0.0,0.0,0.0
805,55.2389531263249,4.0,55.238275857461126,55.24042470169486,14.022692846223169,0.007783926835858986,0.0,0.0,0.0,0.0,0.0
806,55.295824692390504,10.0,55.29252396783659,55.2975868701464,53.59626691687251,0.011821383851743313,0.0,0.0,0.0,0.0,0.0
807,55.335345151717505,4.0,55.33415767149267,55.33579472101046,12.401993662014537,0.0036043143364272827,0.0,0.0,0.0,0.0,0.0
808,55.35198654714253,3.0,55.35124598571918,55.35323416255328,19.95488788215704,0.0028080361060457025,0.0,0.0,0.0,0.0,0.0
809,55.40544545496387,4.0,55.40410877861844,55.405554475075945,9.147831741092117,0.0018225883529407595,0.0,0.0,0.0,0.0,0.0
810,55.42813390911103,5.0,55.426403953610695,55.42978247317227,17.515908803525004,0.004538602395955456,0.0,0.0,0.0,0.0,0.0
811,55.44638981065504,3.0,55.444544929366955,55.44698210712452,24.419762002706282,0.0019642548012428498,0.0,0.0,0.0,0.0,0.0
812,55.45431277097319,8.0,55.45138732952224,55.45886112059305,67.8316097946311,0.006138891563394727,0.0,0.0,0.0,0.0,0.0
813,55.47859611967236,3.0,55.47676299727875,55.47981313793066,30.543717810485532,0.00143276797704499,0.0,0.0,0.0,0.0,0.0
814,55.56138738391364,3.0,55.55995179585739,55.56152881170161,15.76850317667881,0.001683171046089879,0.0,0.0,0.0,0.0,0.0
815,55.59242828735712,4.0,55.590640751997135,55.594024307167466,25.63125403263344,0.00277314212647523,0.0,0.0,0.0,0.0,0.0
816,55.59984698828574,5.0,55.59778336047079,55.601091567013526,22.7353045452228,0.002611580405325121,0.0,0.0,0.0,0.0,0.0
817,55.63822128066377,4.0,55.636594937261236,55.64007336791427,35.21765127465137,0.0015176454914255328,0.0,0.0,0.0,0.0,0.0
818,55.67320020883043,3.0,55.67269552384014,55.673837392519495,11.394557635466883,0.002919126187782306,0.0,0.0,0.0,0.0,0.0
819,55.680075800315294,7.0,55.67640554039327,55.681962893776436,63.20096440235701,0.003977501587679325,0.0,0.0,0.0,0.0,0.0
820,55.69272083456923,5.0,55.6908061376576,55.693460735004315,34.93414809573105,0.004267537597514802,0.0,0.0,0.0,0.0,0.0
821,55.69917632510946,5.0,55.69810271905172,55.7024250905184,54.19723015865586,0.004441396319701104,0.0,0.0,0.0,0.0,0.0
822,55.72211682609423,5.0,55.71905272786602,55.723863424486005,34.956288403804926,0.0032802378009750286,0.0,0.0,0.0,0.0,0.0
823,55.7379545003685,5.0,55.73495025343408,55.73888973936637,29.095309217448392,0.004293209192432043,0.0,0.0,0.0,0.0,0.0
824,55.80113430331785,7.0,55.79830936236722,55.802778938234056,30.473192976654357,0.005594049565590117,0.0,0.0,0.0,0.0,0.0
825,55.838244608220826,4.0,55.83708259601277,55.83926565348299,24.18663327549308,0.0023434502860683218,0.0,0.0,0.0,0.0,0.0
826,55.85228112298971,5.0,55.851326702995536,55.85423895348841,8.19473430764708,0.00893335623193097,0.0,0.0,0.0,0.0,0.0
827,55.888235069086505,3.0,55.88705330851236,55.88960218859129,25.33707651609033,0.0011421220410868722,0.0,0.0,0.0,0.0,0.0
828,55.91189833490505,3.0,55.9115538057825,55.91314799133906,15.840253486404688,0.0034097948333486564,0.0,0.0,0.0,0.0,0.0
829,55.92561313451667,4.0,55.92490691170205,55.927043474159156,22.877793058225514,0.0033989949974898045,0.0,0.0,0.0,0.0,0.0
830,55.93803002983587,3.0,55.93686255913545,55.938820732964665,19.447848788702522,0.0034866056896369836,0.0,0.0,0.0,0.0,0.0
831,55.94311092550706,3.0,55.94222357498703,55.94346750617734,12.353136464388792,0.0025868456846618705,0.0,0.0,0.0,0.0,0.0
832,55.96344444603794,4.0,55.962677455102494,55.9647565456838,18.149090691475664,0.0030320193933599257,0.0,0.0,0.0,0.0,0.0
833,56.00749743071833,6.0,56.00474033425431,56.009437701955676,50.23355366998292,0.0048773958922191454,0.0,0.0,0.0,0.0,0.0
834,56.02493470347426,3.0,56.024497140793066,56.0257729422053,12.651126968727137,0.0010160810554801464,0.0,0.0,0.0,0.0,0.0
835,56.040574621524264,4.0,56.03944317898976,56.04115714681353,19.734430661900436,0.0043725317121939946,0.0,0.0,0.0,0.0,0.0
836,56.04528033188873,4.0,56.04428928245154,56.046157359152005,28.17236813990321,0.0018858016494196078,0.0,0.0,0.0,0.0,0.0
837,56.04936074304624,9.0,56.04902619293712,56.052659835695174,47.00738295381632,0.004353285905457385,0.0,0.0,0.0,0.0,0.0
838,56.06509301641365,7.0,56.06245363637085,56.066444001779445,25.69285751088762,0.005186652274003783,0.0,0.0,0.0,0.0,0.0
839,56.070854962042176,4.0,56.06982551275805,56.07161669014287,20.850086145362493,0.003666483912907224,0.0,0.0,0.0,0.0,0.0
840,56.07884322638596,5.0,56.0769502081646,56.07980490875714,36.17998814439361,0.0050949047048131175,0.0,0.0,0.0,0.0,0.0
841,56.11881305947438,8.0,56.114495072659665,56.121087474619635,56.411967917930966,0.017868434441666164,0.0,0.0,0.0,0.0,0.0
842,56.15323423261094,3.0,56.15308848624971,56.15417588340602,10.758232175523506,0.005579302574921683,0.0,0.0,0.0,0.0,0.0
843,56.16017809746623,7.0,56.15831522005953,56.16135993738279,21.483401956640613,0.004018452558654356,0.0,0.0,0.0,0.0,0.0
844,56.1900442195829,5.0,56.18808260756282,56.19191745354614,44.799393620228194,0.0023886526194501602,0.0,0.0,0.0,0.0,0.0
845,56.23816975931476,3.0,56.237505736237516,56.2401148464761,25.774410765923513,0.002975772730974437,0.0,0.0,0.0,0.0,0.0
846,56.26580651382289,3.0,56.26489478864663,56.26588664078569,9.793318540766602,0.0026565486168913357,0.0,0.0,0.0,0.0,0.0
847,56.30197962911791,6.0,56.29859103285284,56.30439039804088,62.853528853426546,0.008332416495986582,0.0,0.0,0.0,0.0,0.0
848,56.31918393800071,5.0,56.31774747671497,56.3214364589452,36.29752582208296,0.002686083834060934,0.0,0.0,0.0,0.0,0.0
849,56.34076893814698,14.0,56.33406034527293,56.346507306119896,102.24608106989828,0.008416254688755431,0.0,0.0,0.0,0.0,0.0
850,56.397405178312994,4.0,56.39713597546186,56.39770523149491,2.9834385765988363,0.0033874082714375037,0.0,0.0,0.0,0.0,0.0
851,56.40719327144716,3.0,56.40632147974904,56.408508589382016,21.540885776153953,0.0018588599114232713,0.0,0.0,0.0,0.0,0.0
852,56.42016246770391,8.0,56.416452735909104,56.42564826259269,106.84946003380855,0.005835758956624406,0.0,0.0,0.0,0.0,0.0
853,56.48150176849741,3.0,56.480445969297925,56.483277936812776,27.855408173799315,0.0027765401583069328,0.0,0.0,0.0,0.0,0.0
854,56.49234690545906,3.0,56.49223090559673,56.49406997116341,18.085690338093695,0.00329251156562806,0.0,0.0,0.0,0.0,0.0
855,56.55181472848771,3.0,56.55051574706799,56.553203015610514,26.399276048646172,0.002981654545943881,0.0,0.0,0.0,0.0,0.0
856,56.561722253947416,5.0,56.55942858301155,56.56215597314968,43.89462205769237,0.0034075393706532843,0.0,0.0,0.0,0.0,0.0
857,56.572107661218595,4.0,56.57084522212143,56.573728285215665,32.48431955010646,0.0036824745632506313,0.0,0.0,0.0,0.0,0.0
858,56.60230210169115,3.0,56.60119230577786,56.602347058184094,11.333975664482752,0.0029101455417324213,0.0,0.0,0.0,0.0,0.0
859,56.64695379399079,3.0,56.64601830595458,56.64739569791859,13.508542058078433,0.005011291397470024,0.0,0.0,0.0,0.0,0.0
860,56.655930005855964,4.0,56.65459638547252,56.65790894357129,23.505066347493518,0.002927511357881234,0.0,0.0,0.0,0.0,0.0
861,56.67828448148092,4.0,56.676920474941035,56.68047253938386,43.21768653826837,0.002785164002567169,0.0,0.0,0.0,0.0,0.0
862,56.694659884095614,3.0,56.69463608045641,56.69591921911818,12.573579479098886,0.0062188499972223145,0.0,0.0,0.0,0.0,0.0
863,56.71517741098487,3.0,56.713140180502776,56.716385301744786,31.787701577390948,0.00266852110536791,0.0,0.0,0.0,0.0,0.0
864,56.830643104959904,4.0,56.82923319904614,56.83214478103112,43.108974202951394,0.0033384106441540534,0.0,0.0,0.0,0.0,0.0
865,56.907781947127,3.0,56.90777256810756,56.908497085342674,7.073014643717298,0.0027917446632877234,0.0,0.0,0.0,0.0,0.0
866,56.96479134880002,13.0,56.96394701773267,56.96697998438657,2.8627413278128304,0.012386877171794835,0.0,0.0,0.0,0.0,0.0
867,56.972384529576246,3.0,56.97210513098569,56.97278785063616,6.657413022842664,0.0019795052608148718,0.0,0.0,0.0,0.0,0.0
868,57.015701286336856,3.0,57.01552004121421,57.017064377903054,15.04786940762114,0.0037662984414189517,0.0,0.0,0.0,0.0,0.0
869,57.02675326649165,4.0,57.025747574703026,57.02815089981035,28.020818745033075,0.0031628899286573796,0.0,0.0,0.0,0.0,0.0
870,57.03342385658887,1181.0,57.03321743957325,57.033632881494185,2.3557336188096265,0.6489777380159343,0.0,1.6467967309150748,0.0,0.0,0.0
871,57.04329890447259,3.0,57.04126912600662,57.04384206797437,25.05837200433227,0.003372318191480918,0.0,0.0,0.0,0.0,0.0
872,57.04838572188959,3.0,57.04697159008089,57.04842526196916,14.156325078519847,0.0029936605134721424,0.0,0.0,0.0,0.0,0.0
873,57.06980931425713,2299.0,57.06964572355832,57.06999818751792,2.2377600314636608,1.2831213799662302,0.0,3.2862852503610336,0.0,0.0,1.7809947725618984
874,57.08297267569243,10.0,57.07797904376124,57.08615125090425,76.61444426015773,0.009489095229668445,0.0,0.0,0.0,0.0,0.0
875,57.1168902285504,3.0,57.116377200413986,57.118487894666124,20.529967810912538,0.001391453587701066,0.0,0.0,0.0,0.0,0.0
876,57.1651243839568,3.0,57.16452644301924,57.16539059219851,8.398177779678237,0.0019623272079986737,0.0,0.0,0.0,0.0,0.0
877,57.175777354292855,6.0,57.17380289159086,57.17797616839835,24.440527909312255,0.005133970013896746,0.0,0.0,0.0,0.0,0.0
878,57.18870418845293,4.0,57.18712278477724,57.189345341164476,15.803956279713368,0.003202868244823309,0.0,0.0,0.0,0.0,0.0
879,57.302867375302625,10.0,57.30064524543179,57.30724232307768,67.00399613130163,0.01086160675125537,0.0,0.0,0.0,0.0,0.0
880,57.31345706091072,6.0,57.3121035176749,57.315537662816496,37.82935378693025,0.0027517720536994724,0.0,0.0,0.0,0.0,0.0
881,57.32216422762106,5.0,57.31885933065177,57.325414490807475,69.31790837352952,0.003423171106501941,0.0,0.0,0.0,0.0,0.0
882,57.34683711164556,4.0,57.345097779253976,57.34943518744414,49.63085273730493,0.004872555307509542,0.0,0.0,0.0,0.0,0.0
883,57.39311309208424,3.0,57.391970426462464,57.39404954124941,20.12547687859874,0.0034634345936283683,0.0,0.0,0.0,0.0,0.0
884,57.404924354215645,5.0,57.40389444472061,57.40664181734951,25.83172345360539,0.004635652722782527,0.0,0.0,0.0,0.0,0.0
885,57.46012389407781,4.0,57.458318993416746,57.46181999266655,38.264839650068886,0.0028126374852314676,0.0,0.0,0.0,0.0,0.0
886,57.474584564246165,5.0,57.47369966246845,57.476851042271505,38.05410911946582,0.012618749000112093,0.0,0.0,0.0,0.0,0.0
887,57.51678010660714,3.0,57.516670633404495,57.517090994470145,4.060274669890494,0.002582056554415847,0.0,0.0,0.0,0.0,0.0
888,57.57175835480405,3.0,57.569983983812364,57.57333811433258,32.366665493924785,0.0030998175171601575,0.0,0.0,0.0,0.0,0.0
889,57.5786865288464,5.0,57.57737726789348,57.57973179243379,10.638107792192674,0.007570785021015629,0.0,0.0,0.0,0.0,0.0
890,57.63591076563307,4.0,57.633675450654195,57.63676168738266,29.74887522883858,0.004089858744015609,0.0,0.0,0.0,0.0,0.0
891,57.68554443722651,4.0,57.68464785311011,57.68743568575363,20.39877178128863,0.002222340229797117,0.0,0.0,0.0,0.0,0.0
892,57.700689214425935,3.0,57.699894644417505,57.70119194615361,12.490720588202688,0.000721284860429561,0.0,0.0,0.0,0.0,0.0
893,57.72938810332416,5.0,57.727202011749256,57.73184431425991,47.165838672964775,0.004189674587560062,0.0,0.0,0.0,0.0,0.0
894,57.75215127472176,5.0,57.75074499185418,57.75462384849293,28.064922501777886,0.002548399369550703,0.0,0.0,0.0,0.0,0.0
895,57.771437749214456,4.0,57.770066979981586,57.773057729484854,39.69736740004162,0.006331905993398802,0.0,0.0,0.0,0.0,0.0
896,57.79772949816386,3.0,57.797238703500355,57.79773384347682,4.759317832958884,0.009721769781167457,0.0,0.0,0.0,0.0,0.0
897,57.80442473278768,5.0,57.80407713462424,57.8064190178132,12.307774182115661,0.004422536752369329,0.0,0.0,0.0,0.0,0.0
898,57.81259781754526,6.0,57.81057713173263,57.814907547663374,32.999471655811604,0.002559841009932928,0.0,0.0,0.0,0.0,0.0
899,57.827959212798106,4.0,57.82743921483439,57.82872872060379,9.71414828889822,0.003115645044889003,0.0,0.0,0.0,0.0,0.0
900,57.83207778740382,3.0,57.83148552939835,57.83293118702188,13.887502488373741,0.004580980530428214,0.0,0.0,0.0,0.0,0.0
901,57.83706814097245,4.0,57.8362629122444,57.83774112070118,9.852153361326415,0.0066548886165760735,0.0,0.0,0.0,0.0,0.0
902,57.87207071295344,4.0,57.87027360702337,57.87410912998259,46.53001422185405,0.0054878369707586395,0.0,0.0,0.0,0.0,0.0
903,57.92501891317024,5.0,57.9233498779923,57.926993346331614,32.847507869124364,0.004967073536964754,0.0,0.0,0.0,0.0,0.0
904,58.004991055911546,3.0,58.003146835062516,58.00556279372603,23.13937530330452,0.002813465047266088,0.0,0.0,0.0,0.0,0.0
905,58.02194734156063,4.0,58.02043824199641,58.02253426752868,20.89746825707468,0.011305249454954229,0.0,0.0,0.0,0.0,0.0
906,58.0650992725074,715.0,58.064880276642036,58.06532618010509,2.950839461700874,0.8937424348933218,0.0,3.0410494186729666,0.0,0.0,0.0
907,58.10239878530024,5.0,58.10088016117775,58.10477901365242,48.94613455260515,0.002274257463564749,0.0,0.0,0.0,0.0,0.0
908,58.118024760503104,3.0,58.11726496939997,58.11815595564428,8.517019633582734,0.002783220497054669,0.0,0.0,0.0,0.0,0.0
909,58.12148755430926,3.0,58.12070641277167,58.12317115094903,23.55925570797931,0.001936068965031471,0.0,0.0,0.0,0.0,0.0
910,58.2287597567714,3.0,58.228469331237505,58.22948427233078,9.683465100101111,0.0023719597244749144,0.0,0.0,0.0,0.0,0.0
911,58.241249239651026,4.0,58.239626179842126,58.24240936716677,33.16219017369794,0.002138413434986867,0.0,0.0,0.0,0.0,0.0
912,58.26395675869971,4.0,58.2628688265756,58.26580704451845,39.815990549385006,0.0017765772008243841,0.0,0.0,0.0,0.0,0.0
913,58.274829350699434,6.0,58.27177715502375,58.27677040966435,56.49613898565532,0.00718568827119372,0.0,0.0,0.0,0.0,0.0
914,58.30732007687668,3.0,58.307144563876015,58.307585583662735,4.202062319201008,0.0011519714103784629,0.0,0.0,0.0,0.0,0.0
915,58.33478735982851,3.0,58.33439706930819,58.33480876322153,3.9207966824553036,0.0029249336106585365,0.0,0.0,0.0,0.0,0.0
916,58.34619528608029,3.0,58.344862677967924,58.34719273741464,22.18615051158571,0.0032243682524597935,0.0,0.0,0.0,0.0,0.0
917,58.3507914542998,3.0,58.34990001442652,58.35264821329718,26.16549171498336,0.002505825965987277,0.0,0.0,0.0,0.0,0.0
918,58.38300321432797,4.0,58.38117550358292,58.38479851709856,20.090126340284133,0.006637067907205158,0.0,0.0,0.0,0.0,0.0
919,58.41122920143766,4.0,58.40854635292259,58.412556052397825,47.44670034929859,0.0012447554776426092,0.0,0.0,0.0,0.0,0.0
920,58.420543205026746,3.0,58.42047664081857,58.42153264269557,10.042147458006406,0.003116961969355372,0.0,0.0,0.0,0.0,0.0
921,58.43063183907712,3.0,58.43043559235129,58.432098955796036,15.815177305959127,0.001941033083358779,0.0,0.0,0.0,0.0,0.0
922,58.52592760901226,5.0,58.52327593353292,58.5267962722526,36.266213412378285,0.0029114415062867437,0.0,0.0,0.0,0.0,0.0
923,58.5527004929578,3.0,58.55246253588503,58.55325040056257,7.475361425629899,0.0032877721899869745,0.0,0.0,0.0,0.0,0.0
924,58.58591328207064,5.0,58.58319297129778,58.5882040219324,41.49298184826217,0.003244085076032749,0.0,0.0,0.0,0.0,0.0
925,58.6075896256667,6.0,58.605727175330934,58.610437777600396,41.90578945228836,0.005489207362323108,0.0,0.0,0.0,0.0,0.0
926,58.62658072409252,4.0,58.62570887126734,58.62796584324885,29.6783966535152,0.0040749656230841345,0.0,0.0,0.0,0.0,0.0
927,58.634494015941925,5.0,58.63355354326982,58.63656888247964,28.501719678828298,0.004621109702903405,0.0,0.0,0.0,0.0,0.0
928,58.6825283772324,3.0,58.68153094199403,58.683638546149616,19.952977997457573,0.003142308134107644,0.0,0.0,0.0,0.0,0.0
929,58.71382578774048,3.0,58.71329054980132,58.71386185082826,5.405702237130652,0.002944626700713693,0.0,0.0,0.0,0.0,0.0
930,58.7188301892395,3.0,58.71704755426498,58.71990393603551,27.02504045613412,0.0018689181140030433,0.0,0.0,0.0,0.0,0.0
931,58.7258839646495,7.0,58.72344127651703,58.72695111484489,42.96575280161633,0.01100098753230526,0.0,0.0,0.0,0.0,0.0
932,58.73415937594491,3.0,58.73205941297087,58.73501053607668,27.9141278939132,0.0026052924030124103,0.0,0.0,0.0,0.0,0.0
933,58.74281726026136,8.0,58.739638248398755,58.74453325399426,53.642843821294804,0.008862469504803388,0.0,0.0,0.0,0.0,0.0
934,58.75081442156022,3.0,58.75018321947567,58.7515443653321,12.87117718973316,0.002272805689556875,0.0,0.0,0.0,0.0,0.0
935,58.77962225321009,4.0,58.77843584817412,58.78039555801296,21.965256871730393,0.003827488952726861,0.0,0.0,0.0,0.0,0.0
936,58.80061128434214,3.0,58.799877150362434,58.8013439100096,13.858129241340063,0.0017225592648002826,0.0,0.0,0.0,0.0,0.0
937,58.80577579191376,5.0,58.80435022884134,58.80773773920662,46.35784232955283,0.004377042611852092,0.0,0.0,0.0,0.0,0.0
938,58.815228429659825,8.0,58.81234134219539,58.817287503084756,66.01919415161784,0.013488473507648823,0.0,0.0,0.0,0.0,0.0
939,58.82798973637752,3.0,58.82737276419126,58.829103466765226,16.34428499584449,0.003692430475168841,0.0,0.0,0.0,0.0,0.0
940,58.83994170631567,3.0,58.839572979264574,58.84067964957746,10.448970931428606,0.004049475644234422,0.0,0.0,0.0,0.0,0.0
941,58.85726934320794,6.0,58.85594199996799,58.8586548807981,21.559005433523822,0.012889472900586481,0.0,0.0,0.0,0.0,0.0
942,58.920411148484746,5.0,58.91911319893667,58.922745377685786,38.40911967213225,0.00389950771597249,0.0,0.0,0.0,0.0,0.0
943,58.92900641875958,7.0,58.92701067959181,58.93164886848553,40.58079573401536,0.005898482916487965,0.0,0.0,0.0,0.0,0.0
944,58.98764256982374,4.0,58.98658395797228,58.98929414626694,34.25358265480411,0.0018946151496482592,0.0,0.0,0.0,0.0,0.0
945,58.99288379947524,3.0,58.99207095785955,58.993907113265415,17.291684537115326,0.004640548260861401,0.0,0.0,0.0,0.0,0.0
946,59.01098090499197,3.0,59.009825415168024,59.01156696663958,16.39573822474528,0.007515049261654369,0.0,0.0,0.0,0.0,0.0
947,59.04057815942744,7.0,59.03934757794412,59.043968431136236,40.339043425831214,0.009302757367373161,0.0,0.0,0.0,0.0,0.0
948,59.049087692626216,268.0,59.04886105818267,59.04938203741359,3.0675902720553214,0.09142791855802435,0.0,0.0,0.0,0.0,0.0
949,59.08295028099264,5.0,59.08191354941336,59.084974383675615,31.625615460525342,0.0021091036173684513,0.0,0.0,0.0,0.0,0.0
950,59.09706461337087,7.0,59.094901697508185,59.100201574494875,54.79635526798972,0.004543031078334183,0.0,0.0,0.0,0.0,0.0
951,59.129225546622926,6.0,59.12685457693068,59.133124734411545,52.579918447746046,0.006895095537873236,0.0,0.0,0.0,0.0,0.0
952,59.13848861084555,4.0,59.13735478357935,59.140502080028064,32.02641064493788,0.003995497001772186,0.0,0.0,0.0,0.0,0.0
953,59.15604590791942,5.0,59.155343572374164,59.15740342823859,30.250343119840696,0.003305459438112009,0.0,0.0,0.0,0.0,0.0
954,59.282236446226065,4.0,59.28090683186043,59.284936392310826,47.80657421835531,0.0025888628190727306,0.0,0.0,0.0,0.0,0.0
955,59.293767662264216,4.0,59.29178362503736,59.296313219574785,46.859553112020336,0.002761183918370304,0.0,0.0,0.0,0.0,0.0
956,59.311696325503,5.0,59.30976087454755,59.31266031066412,8.17325391237432,0.0046913679057277065,0.0,0.0,0.0,0.0,0.0
957,59.328654194238496,3.0,59.32847453314114,59.3297844626875,12.266225262396844,0.0026615590390623397,0.0,0.0,0.0,0.0,0.0
958,59.3356689066386,3.0,59.33521842334571,59.33704380033597,17.09087209444051,0.0011686522664095676,0.0,0.0,0.0,0.0,0.0
959,59.34116284084138,3.0,59.34099048409286,59.341589380007704,5.606899776928905,0.0024491497209588597,0.0,0.0,0.0,0.0,0.0
960,59.43742396993079,6.0,59.43633501488469,59.43923054302002,30.004863800127026,0.0031554754806483597,0.0,0.0,0.0,0.0,0.0
961,59.45998140661463,3.0,59.45994727386963,59.460104010032424,1.464441191207875,0.0034620044855807604,0.0,0.0,0.0,0.0,0.0
962,59.47638543310039,3.0,59.47589581860621,59.47808344150146,20.434094036923636,0.003410287697293944,0.0,0.0,0.0,0.0,0.0
963,59.50938708292362,5.0,59.507644804862316,59.51230299888255,23.247147445637605,0.002900967776137165,0.0,0.0,0.0,0.0,0.0
964,59.53205561451362,5.0,59.53164374911076,59.53341666631577,11.312291467751113,0.005182359391896877,0.0,0.0,0.0,0.0,0.0
965,59.54309281242279,5.0,59.53999057044829,59.544481785541734,41.38603971895075,0.003288607001376482,0.0,0.0,0.0,0.0,0.0
966,59.57736274981609,4.0,59.576882734392456,59.57921470278036,20.56748235768372,0.0024182174678407356,0.0,0.0,0.0,0.0,0.0
967,59.650338135190935,4.0,59.64917435307729,59.65224760530724,27.323115138003878,0.009789829929447635,0.0,0.0,0.0,0.0,0.0
968,59.7007587104064,5.0,59.69853272141486,59.702420616325576,25.097931625119518,0.002074541877803388,0.0,0.0,0.0,0.0,0.0
969,59.75301017383545,3.0,59.7518052693108,59.75311904054747,12.214830803296856,0.001387187183283497,0.0,0.0,0.0,0.0,0.0
970,59.76091742820904,5.0,59.759637752357264,59.763609054136474,34.32273185339871,0.0035162146122683893,0.0,0.0,0.0,0.0,0.0
971,59.80510507088588,3.0,59.80387886148584,59.805981398093394,19.53137431505655,0.0010336593159676504,0.0,0.0,0.0,0.0,0.0
972,59.86354020693826,4.0,59.862854067096876,59.86392006714555,7.282146002550699,0.002789256131334298,0.0,0.0,0.0,0.0,0.0
973,59.86832197602191,4.0,59.86728256021424,59.8690078168087,17.537829260491026,0.002324451173253179,0.0,0.0,0.0,0.0,0.0
974,59.90167617484438,11.0,59.89503643251234,59.90959053182533,118.51371422032136,0.0053855928353680905,0.0,0.0,0.0,0.0,0.0
975,59.92940538427342,3.0,59.92873803946217,59.92943270156953,6.439633273656985,0.001310708089426212,0.0,0.0,0.0,0.0,0.0
976,59.954879175470936,3.0,59.95313903116625,59.95694831811446,35.29771981677034,0.002168837545389059,0.0,0.0,0.0,0.0,0.0
977,59.96585495231048,7.0,59.96415846377773,59.967929868274396,48.05132367918147,0.010735571824429392,0.0,0.0,0.0,0.0,0.0
978,59.991109514054706,4.0,59.990739423148284,59.99181085163265,10.369584791929805,0.0015497369214584763,0.0,0.0,0.0,0.0,0.0
979,60.03940544678005,3.0,60.03910962729235,60.04022732981204,10.342305018638513,0.004538238633759527,0.0,0.0,0.0,0.0,0.0
980,60.04431906827509,3.0,60.043190534464614,60.044508620907074,12.19549588008532,0.0007870475353514253,0.0,0.0,0.0,0.0,0.0
981,60.08071068909938,4.0,60.08061598819291,60.08088139472838,2.023952339244878,0.0011309844666446468,0.0,0.0,0.0,0.0,0.0
982,60.10766968425965,5.0,60.10576660719881,60.10885046208102,18.055464832713003,0.0023877159312794705,0.0,0.0,0.0,0.0,0.0
983,60.1201694321811,5.0,60.117052088882616,60.12347391837312,49.10299610512238,0.0048930721447096185,0.0,0.0,0.0,0.0,0.0
984,60.14861956736853,3.0,60.14861184972263,60.150030312830445,13.101465429567844,0.003044390528949911,0.0,0.0,0.0,0.0,0.0
985,60.163324269788674,4.0,60.16049902222326,60.16415167255688,36.58344202541004,0.0015345759949450066,0.0,0.0,0.0,0.0,0.0
986,60.19248735717216,3.0,60.19198701632853,60.19309057822121,10.185489374147872,0.0019844803619814564,0.0,0.0,0.0,0.0,0.0
987,60.19894300464803,3.0,60.19797881124358,60.200058398227945,19.19180046630252,0.0014875730455422803,0.0,0.0,0.0,0.0,0.0
988,60.20344692896778,4.0,60.202774625379575,60.20496248462354,25.12480635953481,0.006331319558654201,0.0,0.0,0.0,0.0,0.0
989,60.21196084686616,4.0,60.211008115951714,60.213461225230716,30.214974366668628,0.0023752662103489774,0.0,0.0,0.0,0.0,0.0
990,60.243561545489584,6.0,60.24039145990568,60.246516825160995,52.28438130649757,0.003916211336407953,0.0,0.0,0.0,0.0,0.0
991,60.28086273423659,3.0,60.28007264306052,60.28191576517767,16.986431270423207,0.002276884499164219,0.0,0.0,0.0,0.0,0.0
992,60.36239448259106,6.0,60.358923290135465,60.36310345033276,47.1942343628871,0.0047204680037599795,0.0,0.0,0.0,0.0,0.0
993,60.37416626054626,8.0,60.371690809840906,60.37643348940006,33.418443526764165,0.00324401647368894,0.0,0.0,0.0,0.0,0.0
994,60.3872274984768,5.0,60.38547836302542,60.388993653705406,20.155290959345542,0.005344278620934349,0.0,0.0,0.0,0.0,0.0
995,60.457918721505735,3.0,60.45592578010258,60.4583312532433,22.104200662607283,0.0022779763699769754,0.0,0.0,0.0,0.0,0.0
996,60.484291269646846,3.0,60.48372520438047,60.48602925643708,21.162997754816125,0.0027800242619643633,0.0,0.0,0.0,0.0,0.0
997,60.49377995667186,3.0,60.49212878703106,60.495000952634186,26.37705163138721,0.0008882795903924417,0.0,0.0,0.0,0.0,0.0
998,60.61936095606585,3.0,60.61906523446122,60.619681869991965,5.651252165244494,0.003102230424230519,0.0,0.0,0.0,0.0,0.0
999,60.63299896795088,5.0,60.63119719118136,60.63459355234298,30.592303068829747,0.003096602462385503,0.0,0.0,0.0,0.0,0.0
1000,60.7442065056337,6.0,60.74250181759571,60.745814387695425,36.57845977495428,0.005515080459048946,0.0,0.0,0.0,0.0,0.0
1001,60.75457877064355,6.0,60.751613654301195,60.755261969541294,41.16455044693309,0.004493584568416995,0.0,0.0,0.0,0.0,0.0
1002,60.801373528830766,8.0,60.798623510213616,60.80295495711861,24.537929693348904,0.004220142075803359,0.0,0.0,0.0,0.0,0.0
1003,60.82956801482581,4.0,60.8282260692153,60.829957087350095,15.713654963232903,0.0011032944820604255,0.0,0.0,0.0,0.0,0.0
1004,60.84258760033821,4.0,60.8413469736984,60.844813191980215,23.657603234558955,0.0011564588000333486,0.0,0.0,0.0,0.0,0.0
1005,60.92455434039326,3.0,60.923684125795525,60.92495674178802,11.604662395510495,0.0020829029172071906,0.0,0.0,0.0,0.0,0.0
1006,61.00872660342783,4.0,61.00692931745666,61.010703576052016,36.94531344767151,0.00721700727721461,0.0,0.0,0.0,0.0,0.0
1007,61.02839113578597,75.0,61.0281162596606,61.028545264309855,3.3148027415003787,0.03764619724682016,0.0,0.0,0.0,0.0,0.0
1008,61.06332038043929,6.0,61.0618555089865,61.065265624225454,30.743099777217033,0.007999280015880352,0.0,0.0,0.0,0.0,0.0
1009,61.07250084963933,3.0,61.07243509436972,61.07348994605921,9.595623369459508,0.0031967314638033507,0.0,0.0,0.0,0.0,0.0
1010,61.098393344241686,3.0,61.09716271956065,61.0995749549605,21.933977382157988,0.0008966500844604716,0.0,0.0,0.0,0.0,0.0
1011,61.11621211942757,3.0,61.114152781290116,61.11628861046826,19.415008301195343,0.003476360532805981,0.0,0.0,0.0,0.0,0.0
1012,61.14779062056189,9.0,61.14381879829963,61.152177573468165,105.89077514806345,0.007346617631666051,0.0,0.0,0.0,0.0,0.0
1013,61.19551883414303,6.0,61.19393226813048,61.19692886913575,29.168018566461765,0.003995020513738391,0.0,0.0,0.0,0.0,0.0
1014,61.21103466963748,4.0,61.21089358949908,61.21291247253615,12.219353569011194,0.005233845940467696,0.0,0.0,0.0,0.0,0.0
1015,61.21650160311056,3.0,61.21641523986975,61.216647135101375,2.104509092464915,0.0016755112506058887,0.0,0.0,0.0,0.0,0.0
1016,61.24623276448315,3.0,61.24409638660931,61.24651803943077,21.966456022823806,0.003142244281941797,0.0,0.0,0.0,0.0,0.0
1017,61.25371464538636,4.0,61.25093736755347,61.25557779548366,40.797963808432954,0.0021964702762724483,0.0,0.0,0.0,0.0,0.0
1018,61.430942851183474,4.0,61.4306253064566,61.43160884110038,9.238051481880326,0.003096785776078358,0.0,0.0,0.0,0.0,0.0
1019,61.4382538798983,7.0,61.43464254060052,61.44226866477119,84.4436793449186,0.0056475602588694045,0.0,0.0,0.0,0.0,0.0
1020,61.46247367932657,3.0,61.462189066458635,61.463710856733414,13.755369592818086,0.0018080490829972904,0.0,0.0,0.0,0.0,0.0
1021,61.469603422292224,4.0,61.469428708975286,61.47063671493825,8.534656939316575,0.0041533966516221,0.0,0.0,0.0,0.0,0.0
1022,61.47800934911275,5.0,61.47707303099254,61.47963616573213,36.385225835980215,0.0057823402911784,0.0,0.0,0.0,0.0,0.0
1023,61.51002314354777,4.0,61.508483162083415,61.512241093503036,26.513608580197914,0.004802571996232191,0.0,0.0,0.0,0.0,0.0
1024,61.52485358312357,3.0,61.52391311429687,61.52686942045682,26.694778052004217,0.0014113320868780275,0.0,0.0,0.0,0.0,0.0
1025,61.55641566684773,4.0,61.55481309043379,61.558598837984064,39.93210747068721,0.0021620885424386165,0.0,0.0,0.0,0.0,0.0
1026,61.62215506059624,5.0,61.62071079467643,61.62390933743028,34.79894035684365,0.004528782158228587,0.0,0.0,0.0,0.0,0.0
1027,61.63798058638473,4.0,61.635556422312334,61.640783007004075,45.46597358490877,0.004113901708654916,0.0,0.0,0.0,0.0,0.0
1028,61.6729913812011,5.0,61.67107518868677,61.67447545854906,34.15384877044244,0.002715424357302539,0.0,0.0,0.0,0.0,0.0
1029,61.7044627276478,3.0,61.70237117082553,61.70510551196344,24.618614972159204,0.0022801657352527855,0.0,0.0,0.0,0.0,0.0
1030,61.72825665457191,4.0,61.726665418800025,61.73063354122623,25.816218631476286,0.0025061605482319103,0.0,0.0,0.0,0.0,0.0
1031,61.76929439127771,3.0,61.76903622976451,61.76945729018145,3.7870345802721848,0.0021890504333612446,0.0,0.0,0.0,0.0,0.0
1032,61.78929099137432,3.0,61.787217002432705,61.78959356945285,21.368023325744527,0.0043270970714755184,0.0,0.0,0.0,0.0,0.0
1033,61.8101628850037,8.0,61.80651565158872,61.8137386912453,75.69784048391934,0.005868822346622873,0.0,0.0,0.0,0.0,0.0
1034,61.8281152464776,5.0,61.82723424857063,61.82955330066802,18.60318498896885,0.004512772524273012,0.0,0.0,0.0,0.0,0.0
1035,61.87123242106588,7.0,61.866783413493316,61.87478474819032,88.81225697713526,0.00715375009887394,0.0,0.0,0.0,0.0,0.0
1036,61.88652106635234,5.0,61.883542353602,61.8883673321136,51.96688835040218,0.008200986136016749,0.0,0.0,0.0,0.0,0.0
1037,61.92623873193676,3.0,61.92446663198835,61.928451261138854,35.747090517972566,0.007210674262237194,0.0,0.0,0.0,0.0,0.0
1038,61.93578490087475,3.0,61.93538451102794,61.93791516173818,22.69959222267662,0.0031998518679857827,0.0,0.0,0.0,0.0,0.0
1039,61.94706691009113,5.0,61.94446780942747,61.94782187271002,36.136576251947375,0.007245786143641174,0.0,0.0,0.0,0.0,0.0
1040,61.98843241867024,3.0,61.98836670174946,61.989392608317615,9.194426624061217,0.004578867791444081,0.0,0.0,0.0,0.0,0.0
1041,62.04220175803158,3.0,62.040840668590995,62.044147001254366,29.606484418602637,0.0017478739300936332,0.0,0.0,0.0,0.0,0.0
1042,62.06006420966859,6.0,62.05982420348851,62.06044865507068,6.7242876812822265,0.002548352176947213,0.0,0.0,0.0,0.0,0.0
1043,62.071023615770116,4.0,62.069891271474305,62.07346096475932,34.56192100576299,0.0020237794464485546,0.0,0.0,0.0,0.0,0.0
1044,62.11924339603033,3.0,62.117844203175345,62.12056987294182,24.37668101846852,0.002205226982614508,0.0,0.0,0.0,0.0,0.0
1045,62.13689630892482,6.0,62.13478158682117,62.138367406074345,29.39821307186287,0.004003050268106626,0.0,0.0,0.0,0.0,0.0
1046,62.20148547958115,3.0,62.201477023708826,62.20300418385824,13.639904235254772,0.0019680753980224996,0.0,0.0,0.0,0.0,0.0
1047,62.24038492409878,4.0,62.2398988690322,62.24246262261757,22.671228895447346,0.0030258048779137647,0.0,0.0,0.0,0.0,0.0
1048,62.30538005377297,3.0,62.304884949692244,62.30673063190571,16.457310854936445,0.0026284939165244856,0.0,0.0,0.0,0.0,0.0
1049,62.33728305269207,3.0,62.336004947901394,62.33887754877518,25.600881144914503,0.0026293769277598296,0.0,0.0,0.0,0.0,0.0
1050,62.35620338474615,3.0,62.35407450700784,62.35777602816438,32.97828493237388,0.0021400832476455318,0.0,0.0,0.0,0.0,0.0
1051,62.36392365729334,5.0,62.36237216267661,62.365771564917445,38.33094714962992,0.006015562499985332,0.0,0.0,0.0,0.0,0.0
1052,62.41149589725151,3.0,62.4104620354968,62.41334508573478,25.663454362534097,0.002805826682965135,0.0,0.0,0.0,0.0,0.0
1053,62.4537074249582,9.0,62.44985277298944,62.457981761556645,66.27924952416379,0.007240951059098175,0.0,0.0,0.0,0.0,0.0
1054,62.4917929667664,3.0,62.49167272096055,62.492030651062,3.182018740648916,0.002817893937189088,0.0,0.0,0.0,0.0,0.0
1055,62.50505632032509,4.0,62.5036803822229,62.50593663033155,18.284635373757038,0.00404875041375059,0.0,0.0,0.0,0.0,0.0
1056,62.52623736247014,7.0,62.52418322448769,62.529176476420396,36.49747624196015,0.003527014889349377,0.0,0.0,0.0,0.0,0.0
1057,62.58252739951462,4.0,62.58003463898817,62.5835900124056,32.24269589697129,0.00362937147014501,0.0,0.0,0.0,0.0,0.0
1058,62.633678836972905,6.0,62.63122412120249,62.63697484561577,62.51926531303237,0.008619549469602724,0.0,0.0,0.0,0.0,0.0
1059,62.672970403289064,4.0,62.6713951597636,62.67369663333162,11.040198513046894,0.0028348078358277993,0.0,0.0,0.0,0.0,0.0
1060,62.68210358177353,9.0,62.67730048205814,62.68561136095817,70.47978084494659,0.007905880200561783,0.0,0.0,0.0,0.0,0.0
1061,62.73924277532129,6.0,62.736646993999884,62.740701818646244,16.659163869684235,0.005498417536864274,0.0,0.0,0.0,0.0,0.0
1062,62.746863845637606,5.0,62.7443323158757,62.74808921746331,20.835133114156072,0.001690588697065849,0.0,0.0,0.0,0.0,0.0
1063,62.77766758950695,3.0,62.77687301445671,62.77823425560246,12.04640296476863,0.0009734346438785312,0.0,0.0,0.0,0.0,0.0
1064,62.78632340219413,6.0,62.7834151062432,62.790075723137946,54.85569588111529,0.002519153815637034,0.0,0.0,0.0,0.0,0.0
1065,62.79555002055203,4.0,62.79413004452378,62.797467838357356,26.618251534670136,0.003706644403340178,0.0,0.0,0.0,0.0,0.0
1066,62.81041850462782,5.0,62.80846940579812,62.812307193081665,19.829503319855693,0.0030394962787129065,0.0,0.0,0.0,0.0,0.0
1067,62.8169764925371,6.0,62.81562193638839,62.81994882846727,37.097432751559005,0.003805473171246601,0.0,0.0,0.0,0.0,0.0
1068,62.91566448082453,6.0,62.9129293532995,62.91857859251773,67.04345424759461,0.005431345569814514,0.0,0.0,0.0,0.0,0.0
1069,62.9687480770465,5.0,62.966695346299005,62.96978902032554,17.102607697414776,0.002645831180400316,0.0,0.0,0.0,0.0,0.0
1070,62.97991499770384,4.0,62.97855746125769,62.98150519183243,30.633099280915054,0.0028841583916559004,0.0,0.0,0.0,0.0,0.0
1071,62.9883049824017,5.0,62.98571872376292,62.99031500813639,35.167387288530406,0.00526089678232929,0.0,0.0,0.0,0.0,0.0
1072,62.994521881696535,3.0,62.99442712612055,62.99603423234269,14.17324496506526,0.003601499611272973,0.0,0.0,0.0,0.0,0.0
1073,63.0097046949126,5.0,63.00847316095685,63.012931520359466,39.96816202059128,0.0030603893045311175,0.0,0.0,0.0,0.0,0.0
1074,63.05615002047371,5.0,63.05404617630343,63.058194510154955,36.82096017610683,0.0023064338473062804,0.0,0.0,0.0,0.0,0.0
1075,63.1410541080603,3.0,63.14096933953277,63.141172636841524,1.7887403196396665,0.003303598644108763,0.0,0.0,0.0,0.0,0.0
1076,63.21501528320529,3.0,63.21450268974357,63.21616676572723,14.624478906580105,0.0034845810955736528,0.0,0.0,0.0,0.0,0.0
1077,63.277717998130115,4.0,63.27659283195182,63.27957870800516,35.01682309400471,0.004694131620466292,0.0,0.0,0.0,0.0,0.0
1078,63.302777529398455,13.0,63.296443680223796,63.30856671353784,101.52042971056919,0.014398526143547008,0.0,0.0,0.0,0.0,0.0
1079,63.48748344539803,4.0,63.48551480168349,63.48847721404423,14.372507449314035,0.00988445830553165,0.0,0.0,0.0,0.0,0.0
1080,63.49930164527345,4.0,63.49834890423917,63.50009286933916,13.176457389434113,0.0029469702251213575,0.0,0.0,0.0,0.0,0.0
1081,63.52227736128263,3.0,63.52017058006783,63.52433392006288,36.411897683817685,0.004600490157995262,0.0,0.0,0.0,0.0,0.0
1082,63.56137825535801,4.0,63.55930808076463,63.56347836060379,41.62332670667899,0.0038333960938693244,0.0,0.0,0.0,0.0,0.0
1083,63.73413059782108,3.0,63.73382183884375,63.73516576211185,11.714665765852338,0.003815591137960817,0.0,0.0,0.0,0.0,0.0
1084,63.740575796866835,6.0,63.73864501669186,63.7432884200303,44.926549486633576,0.003878370807501329,0.0,0.0,0.0,0.0,0.0
1085,63.860541740193845,3.0,63.858359597890285,63.8606465924081,19.895736479497135,0.003998410359331031,0.0,0.0,0.0,0.0,0.0
1086,63.88476676609911,3.0,63.88373595862534,63.884824787481605,9.468687932554069,0.0010330186781427532,0.0,0.0,0.0,0.0,0.0
1087,63.972734248188885,3.0,63.97048188250556,63.9734028822043,25.366707074168133,0.008952643841461189,0.0,0.0,0.0,0.0,0.0
1088,63.99233008364494,3.0,63.99100229087073,63.99443033188194,29.760867059426342,0.004820435574421476,0.0,0.0,0.0,0.0,0.0
1089,64.01201495507114,3.0,64.01198846415302,64.01360824602763,14.057967396771346,0.008057020325464882,0.0,0.0,0.0,0.0,0.0
1090,64.07121522627776,9.0,64.06973926985943,64.07505479843721,49.857344829007026,0.003323947147074737,0.0,0.0,0.0,0.0,0.0
1091,64.14686598385032,6.0,64.14301551950683,64.14796697834663,40.50172367529966,0.006636275223729323,0.0,0.0,0.0,0.0,0.0
1092,64.16871863034456,6.0,64.16722569045741,64.1702648740638,18.657576692799317,0.0043202112364659,0.0,0.0,0.0,0.0,0.0
1093,64.27710282059596,6.0,64.27570284039042,64.27997073468099,22.895327383424263,0.003896190250737355,0.0,0.0,0.0,0.0,0.0
1094,64.29255849610895,4.0,64.29057576892153,64.29472660341793,30.777570165817703,0.0053694382833710955,0.0,0.0,0.0,0.0,0.0
1095,64.30307165196209,6.0,64.30199229018274,64.3044002495281,35.18847681570741,0.009960404307494928,0.0,0.0,0.0,0.0,0.0
1096,64.33443506674729,3.0,64.33338703937422,64.3358874119767,21.59179432942112,0.0022276070799006876,0.0,0.0,0.0,0.0,0.0
1097,64.36390987011126,11.0,64.36122948590972,64.36649325068987,27.934937920517278,0.010591009391024529,0.0,0.0,0.0,0.0,0.0
1098,64.37414799884863,6.0,64.371137097847,64.37759476085833,62.15468322606017,0.0023733978711628014,0.0,0.0,0.0,0.0,0.0
1099,64.4183013180647,4.0,64.41659729639098,64.41901994372375,19.143992844203098,0.00148108211471701,0.0,0.0,0.0,0.0,0.0
1100,64.48751102937462,3.0,64.48625749996508,64.48904456265328,24.010356972997336,0.0016834004658611596,0.0,0.0,0.0,0.0,0.0
1101,64.50224922920458,4.0,64.50151552858962,64.50306580920736,18.01510708216989,0.005531818969702868,0.0,0.0,0.0,0.0,0.0
1102,64.53392383883235,3.0,64.53259102748761,64.53457063245067,17.04189780517878,0.008024330948759735,0.0,0.0,0.0,0.0,0.0
1103,64.58745754585466,6.0,64.58435387596961,64.59185099419827,72.05099814860142,0.0029771873286623526,0.0,0.0,0.0,0.0,0.0
1104,64.59997292599625,3.0,64.59965834245577,64.60130072745508,14.124403918612654,0.003341262457799145,0.0,0.0,0.0,0.0,0.0
1105,64.60555877679602,4.0,64.60528369325584,64.60636792021451,10.286068356013734,0.0012811908397764625,0.0,0.0,0.0,0.0,0.0
1106,64.61404090308974,5.0,64.61321754353466,64.61626413536412,23.548015560611134,0.005815191328506054,0.0,0.0,0.0,0.0,0.0
1107,64.67999638973741,3.0,64.67979338053505,64.68034148598937,4.707839319571669,0.0023685914206754933,0.0,0.0,0.0,0.0,0.0
1108,64.69946077960086,5.0,64.69833992946477,64.70233205363859,33.120528418111384,0.008220392543156527,0.0,0.0,0.0,0.0,0.0
1109,64.73048749805876,4.0,64.72822076788712,64.73140495012571,22.17284370189441,0.005516578081926497,0.0,0.0,0.0,0.0,0.0
1110,64.74298272117576,5.0,64.74124384810227,64.7441541757739,18.431657445264353,0.0025383673350720796,0.0,0.0,0.0,0.0,0.0
1111,64.78219103658151,7.0,64.7776418058453,64.78553107432109,82.71873357295875,0.0029913598845290683,0.0,0.0,0.0,0.0,0.0
1112,64.80175156347383,6.0,64.80097941077102,64.80487441695851,24.820546092854705,0.007117727640709757,0.0,0.0,0.0,0.0,0.0
1113,64.81385675832051,6.0,64.81057338898658,64.81559033974473,47.291969628052826,0.0038608372183523212,0.0,0.0,0.0,0.0,0.0
1114,64.82339123263498,4.0,64.82244425561048,64.82408054541875,20.749247514027186,0.003671485024470778,0.0,0.0,0.0,0.0,0.0
1115,64.87224379886109,3.0,64.87180550203347,64.87344922517619,14.076582992138984,0.0018817148106373017,0.0,0.0,0.0,0.0,0.0
1116,64.88374386135257,5.0,64.8804575484383,64.8879821455815,60.9461038295702,0.008762725848629626,0.0,0.0,0.0,0.0,0.0
1117,64.90410731080812,3.0,64.9037862448464,64.90475038650759,8.2527019999597,0.0036355249291789805,0.0,0.0,0.0,0.0,0.0
1118,64.96524167909341,5.0,64.9633866561836,64.96686671806911,34.64871756220179,0.006680193258025398,0.0,0.0,0.0,0.0,0.0
1119,64.97237281611545,3.0,64.97093832419748,64.9728721848959,16.53575216846572,0.007506738421405957,0.0,0.0,0.0,0.0,0.0
1120,64.97737030516774,26.0,64.97717604404119,64.97772677834278,2.998175062785881,0.03181402588031451,0.0,0.0,0.0,0.0,0.0
1121,65.06199460408821,3.0,65.0600845607118,65.06409270460303,34.22499755509368,0.0020387946687212433,0.0,0.0,0.0,0.0,0.0
1122,65.12639719284381,3.0,65.12496023822796,65.12810481361983,26.82455047587492,0.0061781404142407575,0.0,0.0,0.0,0.0,0.0
1123,65.18849173330632,3.0,65.18761297572574,65.19058577433013,25.33506660909973,0.005859526295386249,0.0,0.0,0.0,0.0,0.0
1124,65.22423415772872,3.0,65.22323658836602,65.22521127800911,16.819665510544585,0.002152404534888842,0.0,0.0,0.0,0.0,0.0
1125,65.23423457548792,4.0,65.2332624285713,65.23614327281194,33.128944033677975,0.001815647900217223,0.0,0.0,0.0,0.0,0.0
1126,65.2420216521958,5.0,65.23973636814614,65.24389773953602,26.98886080567297,0.003997970443456401,0.0,0.0,0.0,0.0,0.0
1127,65.25368555886728,7.0,65.251906753178,65.25595345419497,34.96425959764824,0.005240406829397257,0.0,0.0,0.0,0.0,0.0
1128,65.28967143140991,4.0,65.28805851005129,65.29087352689766,23.414549610372344,0.0036344579789765914,0.0,0.0,0.0,0.0,0.0
1129,65.32949189438118,4.0,65.32660846313591,65.33088435070232,38.57913984167807,0.0014552517887300202,0.0,0.0,0.0,0.0,0.0
1130,65.34413731558021,4.0,65.34256727679326,65.34615508382613,43.218979333619956,0.002611116362563008,0.0,0.0,0.0,0.0,0.0
1131,65.37917870547204,5.0,65.37636855458935,65.38228295322497,33.18535070312791,0.0014235962463497508,0.0,0.0,0.0,0.0,0.0
1132,65.41444090525825,10.0,65.4091805543281,65.41777356716796,73.51544300803529,0.00877527746344999,0.0,0.0,0.0,0.0,0.0
1133,65.42404768139374,4.0,65.42161486929876,65.42442150438019,20.37488630736511,0.0036305748352651376,0.0,0.0,0.0,0.0,0.0
1134,65.43669409412973,6.0,65.43282550652236,65.44119552319759,76.69090003103699,0.003248852628788335,0.0,0.0,0.0,0.0,0.0
1135,65.4565520861204,3.0,65.45557478753858,65.45665574638853,9.174523791451685,0.0008726582335192575,0.0,0.0,0.0,0.0,0.0
1136,65.48464532517625,5.0,65.48362128781278,65.48620210871746,14.819495757475993,0.003631931626378017,0.0,0.0,0.0,0.0,0.0
1137,65.51029439314738,4.0,65.50824842730725,65.51147557442587,34.182523434112476,0.0019393121729103365,0.0,0.0,0.0,0.0,0.0
1138,65.55497196909303,5.0,65.55226658997994,65.55736923014474,31.439975290382048,0.0035102631561679297,0.0,0.0,0.0,0.0,0.0
1139,65.59149834369717,4.0,65.59028196584687,65.59268798478999,23.38592569212025,0.001681003973789884,0.0,0.0,0.0,0.0,0.0
1140,65.62527592706374,5.0,65.62455098148862,65.62655357496178,27.514536970495115,0.010900618112153645,0.0,0.0,0.0,0.0,0.0
1141,65.680010333841,4.0,65.67903475386984,65.68263860349448,36.59650388784816,0.011311275680998165,0.0,0.0,0.0,0.0,0.0
1142,65.7171085028013,4.0,65.71591025268151,65.71789474087981,15.724731612290892,0.0033698002178802837,0.0,0.0,0.0,0.0,0.0
1143,65.73290543997737,6.0,65.7310609736368,65.73389775965987,25.91728396382667,0.0031870880154196216,0.0,0.0,0.0,0.0,0.0
1144,65.74800387881791,6.0,65.74560793594691,65.74937457333307,20.053328003949122,0.006566170502230779,0.0,0.0,0.0,0.0,0.0
1145,65.81904310660724,4.0,65.8175414229416,65.81952067115664,17.736687450982352,0.0014301517193905896,0.0,0.0,0.0,0.0,0.0
1146,65.84750315403944,3.0,65.845966034617,65.84804544655874,17.54400396671324,0.0026036101082575172,0.0,0.0,0.0,0.0,0.0
1147,65.8618150281825,4.0,65.8600632479551,65.86379269544989,21.15615488759908,0.004447469145448636,0.0,0.0,0.0,0.0,0.0
1148,65.95539196486905,3.0,65.9537466350149,65.95662986990888,24.286068441087192,0.007708854490278803,0.0,0.0,0.0,0.0,0.0
1149,65.98687700667034,9.0,65.98393031422684,65.99071270606359,60.62071066798527,0.006689041675561454,0.0,0.0,0.0,0.0,0.0
1150,65.99783234734358,3.0,65.99773932268108,65.99988947393602,18.099510733653247,0.003156298240347569,0.0,0.0,0.0,0.0,0.0
1151,66.01535980506043,5.0,66.01305489385919,66.0162568206303,11.592002240071839,0.004025364064217991,0.0,0.0,0.0,0.0,0.0
1152,66.02054511680922,3.0,66.02002319709064,66.02159216451501,13.202686641867231,0.0023694752799274864,0.0,0.0,0.0,0.0,0.0
1153,66.0298389162115,6.0,66.02671938718721,66.03414467397444,53.53553447393532,0.006964279380751481,0.0,0.0,0.0,0.0,0.0
1154,66.0474651341602,4.0,66.04666418579473,66.0502100639626,31.702828604116725,0.0015428598256150255,0.0,0.0,0.0,0.0,0.0
1155,66.05396776139719,3.0,66.0532985295044,66.05504331805443,14.674772842420332,0.0031284289656305798,0.0,0.0,0.0,0.0,0.0
1156,66.06357656084344,7.0,66.06297490259355,66.06545793257386,30.64953910167795,0.003881100435540274,0.0,0.0,0.0,0.0,0.0
1157,66.07716080934745,4.0,66.07480923065947,66.07852012627527,31.552730000316096,0.001567174583945908,0.0,0.0,0.0,0.0,0.0
1158,66.10894678057629,4.0,66.1076714776352,66.10931232858647,8.884948004796708,0.006142506456604203,0.0,0.0,0.0,0.0,0.0
1159,66.1168265050879,5.0,66.11600497660919,66.11958676373821,35.88333661837955,0.005370643200641303,0.0,0.0,0.0,0.0,0.0
1160,66.12815247557265,3.0,66.1276519038752,66.1285677831517,7.694481113225417,0.004202164337589243,0.0,0.0,0.0,0.0,0.0
1161,66.1402151591515,3.0,66.13784560692899,66.141943548796,34.42133299811012,0.0020750220780155304,0.0,0.0,0.0,0.0,0.0
1162,66.19867134551103,3.0,66.19750212482595,66.20052311145002,25.352863859097823,0.004728600152093524,0.0,0.0,0.0,0.0,0.0
1163,66.24303772700821,3.0,66.2424054874236,66.24326726971421,7.227445413976899,0.0027103727533534117,0.0,0.0,0.0,0.0,0.0
1164,66.2866170368002,6.0,66.28426329815993,66.28919287007946,30.74251778548783,0.003848987996832017,0.0,0.0,0.0,0.0,0.0
1165,66.30025879202734,5.0,66.29749605657285,66.30173710585923,21.61464299128833,0.0027052891073372732,0.0,0.0,0.0,0.0,0.0
1166,66.39786331460331,5.0,66.39512393783774,66.40003925138872,51.86565769722333,0.003297730601274562,0.0,0.0,0.0,0.0,0.0
1167,66.4219170519748,5.0,66.41998490456398,66.42425288219799,34.613644097548,0.0034911343667293378,0.0,0.0,0.0,0.0,0.0
1168,66.43409098561992,3.0,66.43392740863905,66.43453824030993,5.108084166168331,0.0017969915684044476,0.0,0.0,0.0,0.0,0.0
1169,66.46635757638612,7.0,66.4643388789656,66.4697947979367,53.31685521354476,0.005388461382407275,0.0,0.0,0.0,0.0,0.0
1170,66.48790771064489,3.0,66.4875186528213,66.4882237062833,5.891242201576196,0.002981710871680933,0.0,0.0,0.0,0.0,0.0
1171,66.5217187010519,3.0,66.52120176017587,66.5228721707723,13.950419577637147,0.0038164008329199723,0.0,0.0,0.0,0.0,0.0
1172,66.61070077715671,4.0,66.6101175938688,66.61126288293019,11.33634688604421,0.001571557428819294,0.0,0.0,0.0,0.0,0.0
1173,66.6279838398753,3.0,66.62749081871685,66.62827354233976,6.526483800152022,0.0026804632429186658,0.0,0.0,0.0,0.0,0.0
1174,66.6785389083148,3.0,66.67753634902444,66.67928453742708,14.565642786210798,0.006807186532930538,0.0,0.0,0.0,0.0,0.0
1175,66.68559230609709,5.0,66.68348698604079,66.68920082271767,44.356219893379624,0.003102430506241072,0.0,0.0,0.0,0.0,0.0
1176,66.74098091188804,3.0,66.73864782375063,66.74201963547013,28.067144166397235,0.0007277907054305086,0.0,0.0,0.0,0.0,0.0
1177,66.77196654557164,3.0,66.77037152647841,66.77199805439733,13.533023937379816,0.0010317209157546007,0.0,0.0,0.0,0.0,0.0
1178,66.79174190676433,3.0,66.79043582085302,66.79296663259981,21.050604249242962,0.002164209691900193,0.0,0.0,0.0,0.0,0.0
1179,66.81698599486542,4.0,66.81596247927236,66.81846199835121,19.008261870339677,0.0027536755320328524,0.0,0.0,0.0,0.0,0.0
1180,66.87153380235972,7.0,66.86824287446595,66.87586190693455,46.23284265672403,0.003265006167840803,0.0,0.0,0.0,0.0,0.0
1181,67.02024540477188,3.0,67.01967127969552,67.02255055535782,23.86737888694459,0.0019403000656877504,0.0,0.0,0.0,0.0,0.0
1182,67.05406116557106,17.0,67.05340006325297,67.0544979659713,4.930293942186499,0.007754080083942595,0.0,0.0,0.0,0.0,0.0
1183,67.15633622741784,3.0,67.15401937281896,67.15824575466326,34.96304362929183,0.0028174668261140567,0.0,0.0,0.0,0.0,0.0
1184,67.19657060430922,3.0,67.19650144253293,67.19745404485045,7.875751767845736,0.000836815872704041,0.0,0.0,0.0,0.0,0.0
1185,67.27429940321339,10.0,67.27176215853066,67.27873031680346,66.53021982811626,0.010977670801351973,0.0,0.0,0.0,0.0,0.0
1186,67.31053149512138,6.0,67.30772598272128,67.31306059418418,44.139590985725874,0.004731724556550236,0.0,0.0,0.0,0.0,0.0
1187,67.44917769642342,4.0,67.44761703377668,67.45156675396397,44.12108391283161,0.0037905321724704096,0.0,0.0,0.0,0.0,0.0
1188,67.48665496485877,6.0,67.48507519335104,67.48883671661702,46.24949732951868,0.0040316659386495654,0.0,0.0,0.0,0.0,0.0
1189,67.5243674322314,6.0,67.52121568666198,67.52724643914206,31.862430122096082,0.003141199125681197,0.0,0.0,0.0,0.0,0.0
1190,67.62519218065772,5.0,67.62253957599752,67.62594273048633,27.85575732288674,0.002816964414470275,0.0,0.0,0.0,0.0,0.0
1191,67.63107660996187,3.0,67.63021765124633,67.63196295182836,14.336773611460972,0.0012565033442631867,0.0,0.0,0.0,0.0,0.0
1192,67.68967088953175,3.0,67.6878628647121,67.68989531523931,16.681114961064814,0.0021902548951484102,0.0,0.0,0.0,0.0,0.0
1193,67.70651712815925,9.0,67.7026666820412,67.71030385092745,38.8502717994237,0.007487185411759471,0.0,0.0,0.0,0.0,0.0
1194,67.72415044153138,3.0,67.72400066910002,67.72489522734143,7.338250794577284,0.002752594597689028,0.0,0.0,0.0,0.0,0.0
1195,67.74528924693644,9.0,67.74191198405155,67.74834535969914,59.68991891806727,0.0029984359501462527,0.0,0.0,0.0,0.0,0.0
1196,67.76113033083604,3.0,67.76053751069963,67.76304897310047,20.590814860093868,0.004605209885353395,0.0,0.0,0.0,0.0,0.0
1197,67.76973259722286,7.0,67.7665948995631,67.7732778444147,58.30785364507359,0.010504091766167433,0.0,0.0,0.0,0.0,0.0
1198,67.80693623551986,10.0,67.80255251489537,67.81099647574412,81.05387631157033,0.007713676934069125,0.0,0.0,0.0,0.0,0.0
1199,67.83434631087377,6.0,67.83278172863032,67.83664636961623,24.66106361795942,0.00369466592993868,0.0,0.0,0.0,0.0,0.0
1200,67.90319310208142,9.0,67.89893863801794,67.90648473803178,47.06860397698814,0.00801378598260377,0.0,0.0,0.0,0.0,0.0
1201,67.9372822532736,9.0,67.933631519793,67.94149316804683,79.87099346174271,0.003799585082105222,0.0,0.0,0.0,0.0,0.0
1202,67.95061112430344,3.0,67.94964119086309,67.95094512256104,10.660779746866645,0.002049090023075251,0.0,0.0,0.0,0.0,0.0
1203,67.97062686048764,3.0,67.96975105441585,67.97148960846407,14.210011069993744,0.0020555031036096037,0.0,0.0,0.0,0.0,0.0
1204,67.97563623671485,4.0,67.97467799110223,67.97809109930168,20.16334962647673,0.0010442201422888125,0.0,0.0,0.0,0.0,0.0
1205,67.98320200538171,4.0,67.98183595789884,67.98333779993806,8.923303976667745,0.004312062545705269,0.0,0.0,0.0,0.0,0.0
1206,68.02186332483882,3.0,68.02167197296339,68.02363504595739,16.03302312617289,0.0018610798623072058,0.0,0.0,0.0,0.0,0.0
1207,68.05143376234018,3.0,68.05031832678625,68.05253711715437,18.1136714906737,0.0014922107146971464,0.0,0.0,0.0,0.0,0.0
1208,68.10881253892498,6.0,68.10646790776056,68.11028153024773,24.283910543467186,0.001714144698598197,0.0,0.0,0.0,0.0,0.0
1209,68.15857889418736,4.0,68.15779702842671,68.16114546332076,30.396477216158278,0.003796427531720649,0.0,0.0,0.0,0.0,0.0
1210,68.18501405139857,4.0,68.18327409867182,68.18622018152425,25.428725264635688,0.0020637674832008025,0.0,0.0,0.0,0.0,0.0
1211,68.2786352710459,4.0,68.27721701666304,68.28087379123123,25.111964232731747,0.00753361217189056,0.0,0.0,0.0,0.0,0.0
1212,68.28653516603694,3.0,68.28422568237235,68.28884182609418,37.55534357795804,0.0008968730131456014,0.0,0.0,0.0,0.0,0.0
1213,68.31614639067413,4.0,68.31446793367286,68.3186267013517,36.54713951970795,0.004337675998831711,0.0,0.0,0.0,0.0,0.0
1214,68.32912349109307,3.0,68.32666925210334,68.32919951988191,20.57255017490727,0.0018482927971533363,0.0,0.0,0.0,0.0,0.0
1215,68.36294564645928,3.0,68.36280531346286,68.36386748500861,8.631800423684474,0.0036431745840615486,0.0,0.0,0.0,0.0,0.0
1216,68.48437442978606,4.0,68.4829182628564,68.48554746167716,17.534296662373446,0.0035232894440149925,0.0,0.0,0.0,0.0,0.0
1217,68.52350601523295,3.0,68.5222841064193,68.52358680152088,10.561623929569288,0.0021451393205216434,0.0,0.0,0.0,0.0,0.0
1218,68.53594257499708,4.0,68.53392031298819,68.53716303243209,25.180253043522654,0.0018938940658690315,0.0,0.0,0.0,0.0,0.0
1219,68.54486591800526,5.0,68.54057376359988,68.54683450313402,64.88270435761876,0.003343625066493794,0.0,0.0,0.0,0.0,0.0
1220,68.56128358251786,5.0,68.55953283620008,68.56445144254786,22.37129001650189,0.002961406927047059,0.0,0.0,0.0,0.0,0.0
1221,68.60007463457104,4.0,68.59926923424642,68.60118523762264,21.664414315323175,0.006062149902054315,0.0,0.0,0.0,0.0,0.0
1222,68.60549620337551,3.0,68.60426041873941,68.60719905492812,23.79657244283917,0.002851614134608907,0.0,0.0,0.0,0.0,0.0
1223,68.6732434590686,5.0,68.67205661006065,68.6752322767136,9.073434710320523,0.00495085479222749,0.0,0.0,0.0,0.0,0.0
1224,68.68546113037549,3.0,68.68455889470805,68.68549950689807,7.608048620098936,0.0030893183851750826,0.0,0.0,0.0,0.0,0.0
1225,68.71143136468723,3.0,68.71099497359322,68.71166011286321,5.377879769441168,0.0012063524462467288,0.0,0.0,0.0,0.0,0.0
1226,68.8078153634155,6.0,68.80509353198364,68.81018389946016,48.119698977041494,0.0053270909486669935,0.0,0.0,0.0,0.0,0.0
1227,68.84274221823367,5.0,68.8422215110638,68.84526282593222,16.430026256826178,0.00320697520431031,0.0,0.0,0.0,0.0,0.0
1228,68.85413312802632,3.0,68.85325484474293,68.85624583843645,24.1330924894941,0.002103543975160923,0.0,0.0,0.0,0.0,0.0
1229,68.86594214211263,3.0,68.86574171754522,68.86703161585505,10.405871898986923,0.0018577503528827023,0.0,0.0,0.0,0.0,0.0
1230,68.88857512405886,3.0,68.88749953696934,68.89028936246007,22.49869514084132,0.005363317134822416,0.0,0.0,0.0,0.0,0.0
1231,68.91349040388711,6.0,68.90814760024399,68.91671134715551,71.70629936153975,0.002673816001982058,0.0,0.0,0.0,0.0,0.0
1232,68.92129728442626,3.0,68.92118111519939,68.92245751767302,10.288728060743232,0.00476407408239395,0.0,0.0,0.0,0.0,0.0
1233,68.93565686596517,5.0,68.9335619575599,68.93827070568324,56.73049020264841,0.0030033958763435267,0.0,0.0,0.0,0.0,0.0
1234,68.94651071151657,5.0,68.94253151202419,68.94821354162627,38.95098245277408,0.00389838318654135,0.0,0.0,0.0,0.0,0.0
1235,68.95834990099048,6.0,68.95644393813211,68.96310816429757,48.211050474352966,0.0036308609591221654,0.0,0.0,0.0,0.0,0.0
1236,68.98320302713141,4.0,68.98234458778138,68.98352376211618,8.642565162978574,0.0020907107882479235,0.0,0.0,0.0,0.0,0.0
1237,68.99344319268579,6.0,68.99135276107218,68.99478151871389,20.597538320690642,0.0032258080797786088,0.0,0.0,0.0,0.0,0.0
1238,68.99877852202017,4.0,68.99822845234162,68.99993296998622,9.564661388198372,0.0031855601845581618,0.0,0.0,0.0,0.0,0.0
1239,69.00689940863006,4.0,69.0048835489115,69.00928600474145,27.660566563882302,0.0040403996401833,0.0,0.0,0.0,0.0,0.0
1240,69.03336020642155,28.0,69.02842111798137,69.03537048656474,7.066422592160928,0.016944404643323936,0.0,0.0,0.0,0.0,0.0
1241,69.04695227218424,3.0,69.04630451016044,69.04707333021499,6.185968221278004,0.003024954648754472,0.0,0.0,0.0,0.0,0.0
1242,69.0697870275988,184.0,69.0694687664575,69.07020668059378,3.9802267300760974,0.05898504033168044,0.0,0.0,0.0,0.0,0.0
1243,69.10297533020636,3.0,69.10159882898542,69.1040672368769,19.84484330736804,0.006600119950947613,0.0,0.0,0.0,0.0,0.0
1244,69.12645966773292,3.0,69.12492040110935,69.12821439056056,26.473135588973985,0.0010452267794372418,0.0,0.0,0.0,0.0,0.0
1245,69.15670583125316,5.0,69.1546836568903,69.15918574883703,49.96873225653071,0.0022499246788259012,0.0,0.0,0.0,0.0,0.0
1246,69.17448536397984,5.0,69.17015683882258,69.17901343968765,72.4350504896806,0.007772561950285349,0.0,0.0,0.0,0.0,0.0
1247,69.20950134322587,4.0,69.20871754031168,69.21071370692378,14.404016130340805,0.008827985990548569,0.0,0.0,0.0,0.0,0.0
1248,69.24126925102735,5.0,69.23935158087745,69.24394593866383,28.65620629733082,0.0018422422712267039,0.0,0.0,0.0,0.0,0.0
1249,69.28294645711908,6.0,69.28005092054048,69.28484061274214,42.02526624154381,0.006154948014176945,0.0,0.0,0.0,0.0,0.0
1250,69.30034293824696,3.0,69.29993238353218,69.30040025100239,3.75072274292609,0.001701189772983111,0.0,0.0,0.0,0.0,0.0
1251,69.35387554402509,4.0,69.35344406255524,69.35511391696042,8.470853343283983,0.006773359232821839,0.0,0.0,0.0,0.0,0.0
1252,69.40850539797717,4.0,69.4062764873584,69.40881630287733,13.248573359493708,0.0027098325423454226,0.0,0.0,0.0,0.0,0.0
1253,69.43712543017881,3.0,69.43701961100082,69.43719315171234,1.3884720283788445,0.0031637908689801744,0.0,0.0,0.0,0.0,0.0
1254,69.44058711412558,5.0,69.44011512682118,69.44372994481516,42.01205428678415,0.0025694396419769557,0.0,0.0,0.0,0.0,0.0
1255,69.45210574987962,4.0,69.45051401554986,69.45439933683309,23.32410398115349,0.0018317858438429196,0.0,0.0,0.0,0.0,0.0
1256,69.48791125075506,3.0,69.48731585081987,69.48798284987589,5.332654622503825,0.003599443229582558,0.0,0.0,0.0,0.0,0.0
1257,69.54694911059659,7.0,69.54273241629359,69.54901128685545,57.72738141440462,0.003740095519779419,0.0,0.0,0.0,0.0,0.0
1258,69.57827430232614,3.0,69.57691034717638,69.5795544331021,21.11200141322368,0.004421929907443428,0.0,0.0,0.0,0.0,0.0
1259,69.60704549369095,3.0,69.60634525717627,69.60815321714075,14.429892769627363,0.0014471932808899058,0.0,0.0,0.0,0.0,0.0
1260,69.62839827458507,3.0,69.62700023064518,69.62870322435687,13.587956079026833,0.0034640240677264625,0.0,0.0,0.0,0.0,0.0
1261,69.63357832501933,3.0,69.6328276234941,69.63373568768432,7.244782155744091,0.002956420423516753,0.0,0.0,0.0,0.0,0.0
1262,69.75095646782837,4.0,69.74824313029626,69.75223183504549,39.73282695272629,0.0028121791109806493,0.0,0.0,0.0,0.0,0.0
1263,69.79729407183727,4.0,69.79553835586464,69.79862849707663,28.161243169117366,0.0027242423314636365,0.0,0.0,0.0,0.0,0.0
1264,69.85034709094514,6.0,69.84669797781666,69.85213982464674,36.84431259492234,0.005169938582320681,0.0,0.0,0.0,0.0,0.0
1265,69.85865147330867,5.0,69.85573556047333,69.8603483905504,14.686782057277314,0.0029571259541420884,0.0,0.0,0.0,0.0,0.0
1266,69.87075231338457,6.0,69.86771677234726,69.87325432208277,36.385403040865945,0.006604096989718889,0.0,0.0,0.0,0.0,0.0
1267,69.90179706543341,8.0,69.89812606576547,69.90483214846577,53.997728553936035,0.0049142825281005475,0.0,0.0,0.0,0.0,0.0
1268,69.92274040363236,6.0,69.91935028976101,69.92547422097945,46.79133847681207,0.0035972057353126433,0.0,0.0,0.0,0.0,0.0
1269,69.9302610574736,3.0,69.9296165193838,69.93145977492388,14.643601212383878,0.003403127026457228,0.0,0.0,0.0,0.0,0.0
1270,69.95053597892661,113.0,69.95022753808647,69.9508553363828,3.5102880406272194,0.1335741802740828,0.0,0.0,0.0,0.0,0.0
1271,69.95765839968823,3.0,69.9556994111739,69.95787042221211,17.240674874575653,0.002470491222755299,0.0,0.0,0.0,0.0,0.0
1272,69.98363055559011,5.0,69.98174669850472,69.98609572395706,35.890710894655726,0.003789831204833632,0.0,0.0,0.0,0.0,0.0
1273,69.99807483709034,4.0,69.99566295507383,70.00049080544208,40.44324591103324,0.004101600949755194,0.0,0.0,0.0,0.0,0.0
1274,70.02858976331996,25.0,70.02547435609237,70.02975981668173,8.446237060635896,0.015381150017011121,0.0,0.0,0.0,0.0,0.0
1275,70.05329616712625,9.0,70.04554378976574,70.05495977382297,63.33032044407789,0.003372051771269733,0.0,0.0,0.0,0.0,0.0
1276,70.06510679115975,79.0,70.06474928428982,70.06581348018726,2.846360055826528,0.10827008145072721,0.0,0.0,0.0,0.0,0.0
1277,70.07733703299704,3.0,70.07672708798987,70.0777172147457,7.849476638161341,0.0023425644552071264,0.0,0.0,0.0,0.0,0.0
1278,70.10434243464891,4.0,70.10272462326185,70.10659115224558,21.468786336383452,0.0018469722660850495,0.0,0.0,0.0,0.0,0.0
1279,70.1320463520279,3.0,70.13033534241946,70.13214699035356,14.351086655195415,0.004071522821915313,0.0,0.0,0.0,0.0,0.0
1280,70.17226390406506,7.0,70.16854065432453,70.17511835379258,48.70242575949727,0.0071205729893024415,0.0,0.0,0.0,0.0,0.0
1281,70.18430429844801,7.0,70.17981831936886,70.18701373746119,63.59588908366157,0.009689271602586537,0.0,0.0,0.0,0.0,0.0
1282,70.19739704710673,6.0,70.19470366082649,70.2016223596952,49.87792280831577,0.00469933714282821,0.0,0.0,0.0,0.0,0.0
1283,70.23491473030678,6.0,70.23258791554873,70.23659804056679,9.081642515236757,0.0029014861591966003,0.0,0.0,0.0,0.0,0.0
1284,70.26377771774536,3.0,70.26304005039933,70.26537716593782,18.478902836840856,0.0025697381334035844,0.0,0.0,0.0,0.0,0.0
1285,70.27809320695505,6.0,70.27565820092859,70.28029521394922,41.199115242397816,0.003643956288323527,0.0,0.0,0.0,0.0,0.0
1286,70.30421209119916,3.0,70.3040861930549,70.30512274135656,8.190976763091713,0.009862704983149517,0.0,0.0,0.0,0.0,0.0
1287,70.30894297678651,3.0,70.30891299211169,70.3095801922329,5.271971363901035,0.003106596851826937,0.0,0.0,0.0,0.0,0.0
1288,70.33572843453561,3.0,70.33503763980322,70.33742927843858,18.890657142929932,0.003996505842156112,0.0,0.0,0.0,0.0,0.0
1289,70.34655597468102,9.0,70.34205459641402,70.35250989381703,74.11564539627659,0.0024470359766553262,0.0,0.0,0.0,0.0,0.0
1290,70.42270969411979,4.0,70.42088609670586,70.42361754806986,19.688531975302066,0.0014537921335314218,0.0,0.0,0.0,0.0,0.0
1291,70.49180947243207,5.0,70.48869655903883,70.49436836466688,54.12456235314121,0.006824596233060125,0.0,0.0,0.0,0.0,0.0
1292,70.50208900441831,3.0,70.50178230138042,70.50303750353731,9.890976869903414,0.0013952577731817786,0.0,0.0,0.0,0.0,0.0
1293,70.54363348943411,5.0,70.54042063240806,70.54551701814086,37.464801603431255,0.0046350328441746354,0.0,0.0,0.0,0.0,0.0
1294,70.55385236215392,4.0,70.55246251521281,70.55512169004439,22.236184577595058,0.006948470136234365,0.0,0.0,0.0,0.0,0.0
1295,70.60698294156705,7.0,70.60356820046762,70.60880453690838,29.898382307499574,0.00674340902117791,0.0,0.0,0.0,0.0,0.0
1296,70.70629473334242,11.0,70.70205956969595,70.71074856396888,72.51187601410183,0.00795669430859351,0.0,0.0,0.0,0.0,0.0
1297,70.7347279587338,3.0,70.7337501677062,70.73486484599648,8.75476211886523,0.007134343875212054,0.0,0.0,0.0,0.0,0.0
1298,70.75683101152346,6.0,70.75426307853235,70.76056802061578,67.11660496974275,0.008984671097796526,0.0,0.0,0.0,0.0,0.0
1299,70.76801777880844,6.0,70.76467258174395,70.76958429442722,42.41319604737632,0.005355612746925815,0.0,0.0,0.0,0.0,0.0
1300,70.7831387170673,6.0,70.77987471088223,70.78673385581979,35.49419441640577,0.003066767789807839,0.0,0.0,0.0,0.0,0.0
1301,70.840979564666,10.0,70.83637016701836,70.84544904746402,82.44408729300672,0.005709879675438694,0.0,0.0,0.0,0.0,0.0
1302,70.87567135167649,3.0,70.87510782538193,70.8768202784344,13.42298124005671,0.002430051183646599,0.0,0.0,0.0,0.0,0.0
1303,70.88136146483338,4.0,70.88077636516788,70.88253294601328,12.532256710494007,0.0020206916795029294,0.0,0.0,0.0,0.0,0.0
1304,70.88901021034953,4.0,70.88589721903232,70.89090248792562,45.224781665379375,0.005380526051229906,0.0,0.0,0.0,0.0,0.0
1305,70.94286450281251,4.0,70.94226864860838,70.94430339169085,15.92757113447144,0.003598231031557781,0.0,0.0,0.0,0.0,0.0
1306,70.95307115283033,10.0,70.94949674208586,70.95866586518393,60.97371967781126,0.010700722652554789,0.0,0.0,0.0,0.0,0.0
1307,70.96930251893971,9.0,70.9646432647415,70.97242785303736,33.140498102857514,0.005056399626663898,0.0,0.0,0.0,0.0,0.0
1308,71.04907349456997,335.0,71.04874218228092,71.04949816315653,4.545838467552254,0.13075401147376245,0.0,0.0,0.0,0.0,0.0
1309,71.068206689481,3.0,71.06688462949606,71.0684867825035,12.52437687106798,0.0020918737956311132,0.0,0.0,0.0,0.0,0.0
1310,71.08551432123144,33.0,71.08516996792142,71.08590139681247,3.745231254688937,0.01430259402154131,0.0,0.0,0.0,0.0,0.0
1311,71.10109909588758,3.0,71.10046637779641,71.10118920422981,5.647876697955514,0.002159732132238248,0.0,0.0,0.0,0.0,0.0
1312,71.1229437939304,8.0,71.1202982471171,71.12832056797653,53.555555781386694,0.009694030381881295,0.0,0.0,0.0,0.0,0.0
1313,71.16741065031366,3.0,71.16501348586924,71.16757263809194,19.977560260407145,0.0031630754448486818,0.0,0.0,0.0,0.0,0.0
1314,71.18961127424598,6.0,71.18590681174337,71.19444733165759,78.25137807229012,0.00733539076837,0.0,0.0,0.0,0.0,0.0
1315,71.2121701398356,5.0,71.20965561509612,71.21582015992412,49.37039987677764,0.002705394465402752,0.0,0.0,0.0,0.0,0.0
1316,71.23927108651111,3.0,71.23723320661108,71.23992576496175,20.99776889287166,0.003700002738500334,0.0,0.0,0.0,0.0,0.0
1317,71.25321749008567,8.0,71.2489644831896,71.2562563485108,51.26921708523728,0.003110027011446067,0.0,0.0,0.0,0.0,0.0
1318,71.26420848616215,3.0,71.26216054838407,71.265004427286,22.17007326469031,0.0021170390069330156,0.0,0.0,0.0,0.0,0.0
1319,71.32559163393606,3.0,71.32455413151055,71.3269787702702,18.88552905454431,0.0027546453799406332,0.0,0.0,0.0,0.0,0.0
1320,71.33882295743956,7.0,71.33465169717532,71.34545924154101,95.32308477007868,0.003269692490176312,0.0,0.0,0.0,0.0,0.0
1321,71.37890867138253,3.0,71.37636890111523,71.38120040147415,37.604481716277945,0.005250147943457564,0.0,0.0,0.0,0.0,0.0
1322,71.52203788314262,4.0,71.52086884970626,71.5228284427637,8.773175608383676,0.004063333551779617,0.0,0.0,0.0,0.0,0.0
1323,71.68136065793846,5.0,71.68095869405828,71.68337486810202,8.582671541754635,0.006776678248888645,0.0,0.0,0.0,0.0,0.0
1324,71.70133066322649,4.0,71.70013002492803,71.70216268093115,16.3152521449314,0.0030823775567942603,0.0,0.0,0.0,0.0,0.0
1325,71.70951624811082,4.0,71.70841098230004,71.71067873235683,30.780709518594612,0.0011387261191437763,0.0,0.0,0.0,0.0,0.0
1326,71.73779676094708,3.0,71.73535377061063,71.73944601198045,31.69134724419624,0.001571127555832049,0.0,0.0,0.0,0.0,0.0
1327,71.75652315689845,3.0,71.75504812984873,71.75656651569551,11.755693497149396,0.0025399819565114605,0.0,0.0,0.0,0.0,0.0
1328,71.76639387946483,5.0,71.7641112381898,71.76940128083095,28.815216554220044,0.005558304929870196,0.0,0.0,0.0,0.0,0.0
1329,71.79387956253402,5.0,71.79047049510883,71.79531396981616,31.43883293704031,0.003480293591847445,0.0,0.0,0.0,0.0,0.0
1330,71.80448185427827,6.0,71.80231372441844,71.80795933394886,38.12804647428223,0.0027665856186391033,0.0,0.0,0.0,0.0,0.0
1331,71.83814093155644,4.0,71.83722665053004,71.84034188876582,24.07747250860586,0.007253311278861173,0.0,0.0,0.0,0.0,0.0
1332,71.88800036356419,5.0,71.88471899773256,71.88996334228584,26.08743178351336,0.004982778008307835,0.0,0.0,0.0,0.0,0.0
1333,71.9284246900136,6.0,71.9257113769838,71.9331398921468,62.637307203873036,0.005907339905776246,0.0,0.0,0.0,0.0,0.0
1334,71.94863615242649,5.0,71.94639235013506,71.95123523321098,44.690173053120304,0.004818082844902621,0.0,0.0,0.0,0.0,0.0
1335,72.00526559791001,4.0,72.00286189709335,72.00599243858053,20.913654249027807,0.0027747434918206034,0.0,0.0,0.0,0.0,0.0
1336,72.03987841254397,10.0,72.03966088716075,72.04005860371313,2.3396701299644778,0.0030667591498506276,0.0,0.0,0.0,0.0,0.0
1337,72.04432765374763,4466.0,72.04415805233239,72.04453851739737,1.9729482325243157,5.950146021763854,0.0,14.717062512850774,4.341796531184096,2.348287246306973,8.223286286992764
1338,72.04888837953004,19.0,72.04832337535332,72.05257878154619,50.37172940836539,0.00864353743625981,0.0,0.0,0.0,0.0,0.0
1339,72.08080449396633,7.0,72.07902390017604,72.08123683062445,5.9462068084117226,0.0065903691116230975,0.0,0.0,0.0,0.0,0.0
1340,72.11718752110207,3.0,72.11646429755166,72.11916471461213,20.802692836702736,0.0038179919322662037,0.0,0.0,0.0,0.0,0.0
1341,72.16024169745438,5.0,72.15747581259619,72.16327173048359,54.422626649209555,0.003352593702245687,0.0,0.0,0.0,0.0,0.0
1342,72.19952637533527,3.0,72.19792313554541,72.20107607442912,24.261000052467384,0.0016837064957726262,0.0,0.0,0.0,0.0,0.0
1343,72.24705511014828,4.0,72.246137766988,72.24732093200733,6.923564198457676,0.007499921773318948,0.0,0.0,0.0,0.0,0.0
1344,72.34755992485415,7.0,72.34568186859202,72.35033204419517,38.335429027035254,0.008209669714137863,0.0,0.0,0.0,0.0,0.0
1345,72.37032814654228,4.0,72.3681152614078,72.37088983148874,18.036130752225883,0.0028167884297379013,0.0,0.0,0.0,0.0,0.0
1346,72.46987646712,7.0,72.46465995377717,72.47164595660303,38.21691916985303,0.009095749975756946,0.0,0.0,0.0,0.0,0.0
1347,72.53848015655564,3.0,72.53618974922519,72.53913526482677,22.559027331522636,0.0029672288505170528,0.0,0.0,0.0,0.0,0.0
1348,72.59105662571224,3.0,72.58955561515329,72.59165706099175,16.082833954004506,0.0010488283225114636,0.0,0.0,0.0,0.0,0.0
1349,72.67128548381562,3.0,72.6689035896408,72.67377408833468,37.23386189866045,0.002020766944837149,0.0,0.0,0.0,0.0,0.0
1350,72.68076256480514,4.0,72.67991589947867,72.68204631538848,23.080409280856394,0.01055271293489987,0.0,0.0,0.0,0.0,0.0
1351,72.7136129787806,3.0,72.7131701317864,72.71484522768326,12.79827522602401,0.0018499130374460841,0.0,0.0,0.0,0.0,0.0
1352,72.72861033454944,3.0,72.7267411917318,72.72982622752295,23.56581220200233,0.005902530796279086,0.0,0.0,0.0,0.0,0.0
1353,72.79305008357511,5.0,72.79120645892775,72.79556696920046,24.895753489177295,0.002711963224392613,0.0,0.0,0.0,0.0,0.0
1354,72.85478579868888,4.0,72.85320860924288,72.85543775461885,10.890357011033359,0.0026849228411820786,0.0,0.0,0.0,0.0,0.0
1355,72.87338213191433,3.0,72.87328498459145,72.875530689251,17.120293627760283,0.001184190172650628,0.0,0.0,0.0,0.0,0.0
1356,72.904485523256,3.0,72.90368483092129,72.90572313160774,15.532504785213439,0.0019186817154697039,0.0,0.0,0.0,0.0,0.0
1357,72.93586002836693,4.0,72.93468994544367,72.93590206418621,5.289723253998509,0.00521504228211028,0.0,0.0,0.0,0.0,0.0
1358,72.95935445956901,4.0,72.95859983206807,72.96168780971408,25.464539554930216,0.003460052139737816,0.0,0.0,0.0,0.0,0.0
1359,73.00640483124998,6.0,73.00228842291577,73.00873202724426,68.97923328562423,0.0014491687576654322,0.0,0.0,0.0,0.0,0.0
1360,73.02838880131313,23.0,73.02798926201972,73.02850427387752,1.6532416477872172,0.015121662603190943,0.0,0.0,0.0,0.0,0.0
1361,73.04766083545846,10.0,73.04584845428019,73.05145330016197,18.92180426120011,0.006186443809370667,0.0,0.0,0.0,0.0,0.0
1362,73.06471464672805,46.0,73.06432232957269,73.06497673920106,3.07687012229724,0.02762025927074993,0.0,0.0,0.0,0.0,0.0
1363,73.10311017431862,4.0,73.10098820758878,73.10536832533973,18.456545914124966,0.0020780589873953814,0.0,0.0,0.0,0.0,0.0
1364,73.11478181718059,7.0,73.11060131533134,73.11734616713372,49.609109723243165,0.011128887882804863,0.0,0.0,0.0,0.0,0.0
1365,73.15474152776193,12.0,73.14622335712635,73.16292572278377,130.98557268381163,0.012949822508676994,0.0,0.0,0.0,0.0,0.0
1366,73.21158499587372,3.0,73.2093419671085,73.21194001605483,19.714919787736303,0.002281774211782361,0.0,0.0,0.0,0.0,0.0
1367,73.24049709112845,3.0,73.2404371585074,73.2419949015396,11.81604208099504,0.0013611940125343514,0.0,0.0,0.0,0.0,0.0
1368,73.26184895316737,9.0,73.2568795281274,73.26665398751447,44.1613755822825,0.003534965048539625,0.0,0.0,0.0,0.0,0.0
1369,73.2952173033436,8.0,73.29222086418271,73.2992844668276,62.45453836801748,0.004741216600070151,0.0,0.0,0.0,0.0,0.0
1370,73.4505518670218,9.0,73.44828071817834,73.45426912382483,32.19427790738307,0.005396783220107378,0.0,0.0,0.0,0.0,0.0
1371,73.45853464929955,3.0,73.4584955387084,73.45895289316853,3.458901166373954,0.0027296469612314057,0.0,0.0,0.0,0.0,0.0
1372,73.48863620171366,10.0,73.48296850688818,73.49471078115917,76.39101007017003,0.008837340561480913,0.0,0.0,0.0,0.0,0.0
1373,73.50030108812555,6.0,73.49867318615732,73.50527584592201,41.65389012586932,0.004342424548267221,0.0,0.0,0.0,0.0,0.0
1374,73.52525193284484,7.0,73.52257601039322,73.52868879263474,35.35683658704119,0.005487369477297066,0.0,0.0,0.0,0.0,0.0
1375,73.61343168941946,3.0,73.61280958823711,73.61491975837392,15.925310310408246,0.0029696116293265983,0.0,0.0,0.0,0.0,0.0
1376,73.70392252071461,3.0,73.70128490931688,73.70498714543788,27.906219569552487,0.001656570199665856,0.0,0.0,0.0,0.0,0.0
1377,73.76665853918442,5.0,73.76513179325703,73.76797323785374,17.952625968903728,0.0124365457676131,0.0,0.0,0.0,0.0,0.0
1378,73.82086351741614,4.0,73.81964237131558,73.82227982420993,16.84999296219455,0.002787181143176519,0.0,0.0,0.0,0.0,0.0
1379,73.90633126769508,4.0,73.90372374951448,73.90906017756153,30.97659610208561,0.006930742200260576,0.0,0.0,0.0,0.0,0.0
1380,73.96459531719641,4.0,73.96270496901364,73.96637016340915,29.128875071401357,0.0030457200725806897,0.0,0.0,0.0,0.0,0.0
1381,74.06001962358103,13.0,74.05640507219967,74.06373991188619,7.339865543363186,0.0074428955290982745,0.0,0.0,0.0,0.0,0.0
1382,74.13558175042832,8.0,74.13139784560937,74.14172731455758,76.058140421609,0.008071560092138556,0.0,0.0,0.0,0.0,0.0
1383,74.15652152074685,3.0,74.15502528325032,74.1573314591388,17.277089063108765,0.003932911233979592,0.0,0.0,0.0,0.0,0.0
1384,74.23713248401839,5.0,74.23420559718363,74.23984988991396,45.18126268637658,0.0018668537771461286,0.0,0.0,0.0,0.0,0.0
1385,74.33589765310714,6.0,74.33136426539028,74.3409530314981,87.64360667206765,0.009050476758396939,0.0,0.0,0.0,0.0,0.0
1386,74.35841398342083,8.0,74.3546969457598,74.36171962945653,46.69036489379667,0.004653639591819132,0.0,0.0,0.0,0.0,0.0
1387,74.41658340523051,3.0,74.4155866441709,74.41849934847643,21.74473732311975,0.0020627550674778236,0.0,0.0,0.0,0.0,0.0
1388,74.43806818567015,4.0,74.43799949190934,74.44041000222339,10.345775247153219,0.009048336197301483,0.0,0.0,0.0,0.0,0.0
1389,74.45739338685482,3.0,74.45667878136778,74.45859518848115,14.299058429308689,0.0047328990993222,0.0,0.0,0.0,0.0,0.0
1390,74.47282127364552,3.0,74.47079864095394,74.47404921383125,24.248763372253016,0.0016922796876113117,0.0,0.0,0.0,0.0,0.0
1391,74.5477070142799,3.0,74.54763338484989,74.54779908384823,1.2348468219011193,0.0022786976602018317,0.0,0.0,0.0,0.0,0.0
1392,74.55513274988883,4.0,74.5540836179824,74.55561742998802,10.500093994683658,0.0041970953065409,0.0,0.0,0.0,0.0,0.0
1393,74.56016547587824,4.0,74.56009971095908,74.561047591707,4.756302257349594,0.0017533624356489978,0.0,0.0,0.0,0.0,0.0
1394,74.61498793048185,4.0,74.61285798434098,74.61648147866455,27.30919448815011,0.00393607961534845,0.0,0.0,0.0,0.0,0.0
1395,74.69474925381843,10.0,74.68936410928127,74.69756724233977,42.11513719608489,0.00806384018929067,0.0,0.0,0.0,0.0,0.0
1396,74.73576726585745,3.0,74.73360263751471,74.73639464840022,20.75468300331864,0.003729861904257207,0.0,0.0,0.0,0.0,0.0
1397,74.75378016202637,3.0,74.75359861636538,74.75607663806304,18.41617531491379,0.003832586958769692,0.0,0.0,0.0,0.0,0.0
1398,74.76683076578726,4.0,74.76596015109556,74.76762855508858,19.85657263951572,0.0025460701801019513,0.0,0.0,0.0,0.0,0.0
1399,74.79842400570602,5.0,74.79530374337197,74.80004532860245,41.67044334175418,0.0025584167768536183,0.0,0.0,0.0,0.0,0.0
1400,74.92381552952466,3.0,74.9237521402163,74.92450446255448,5.578424584949901,0.0014896631709955793,0.0,0.0,0.0,0.0,0.0
1401,74.9583886675295,3.0,74.95821682077599,74.96030098141235,15.44679709342005,0.003027736968077001,0.0,0.0,0.0,0.0,0.0
1402,75.00253944920249,6.0,75.00192432611635,75.00330312004839,7.077533790402276,0.002827589633534201,0.0,0.0,0.0,0.0,0.0
1403,75.02644959028834,7.0,75.02583731673501,75.02782883451164,15.321552110958546,0.003315319983689871,0.0,0.0,0.0,0.0,0.0
1404,75.03281049320174,3.0,75.03159721328366,75.03475282136212,23.364653244627206,0.007536791631159566,0.0,0.0,0.0,0.0,0.0
1405,75.0439783499556,13.0,75.04143270360872,75.04552633841732,18.712846174256082,0.009779673811748352,0.0,0.0,0.0,0.0,0.0
1406,75.05522956744997,5.0,75.05516157923994,75.05551317410598,0.8287235384962096,0.003666770323231545,0.0,0.0,0.0,0.0,0.0
1407,75.05991141288017,3.0,75.05906631387266,75.06036067750814,9.580225916441105,0.003157340487438564,0.0,0.0,0.0,0.0,0.0
1408,75.07740077031437,7.0,75.07639594610364,75.08109120559646,39.128124390141416,0.0020434692467962146,0.0,0.0,0.0,0.0,0.0
1409,75.09666210586889,6.0,75.09462111954211,75.09892042730446,15.148233627770393,0.0030460120786674474,0.0,0.0,0.0,0.0,0.0
1410,75.12694383623031,3.0,75.12512143050283,75.12828799025813,23.416364013197995,0.003457478316429875,0.0,0.0,0.0,0.0,0.0
1411,75.14091090077407,4.0,75.13772732361453,75.14323860667622,38.76029377930165,0.0032699574778574606,0.0,0.0,0.0,0.0,0.0
1412,75.26997370546118,7.0,75.26778919840709,75.27237629472381,28.395544916660374,0.003868909391682094,0.0,0.0,0.0,0.0,0.0
1413,75.31873502288967,4.0,75.31652661997663,75.32077619432542,18.334764830958328,0.004712783614821707,0.0,0.0,0.0,0.0,0.0
1414,75.34679742805108,9.0,75.34064502143764,75.35388623279685,98.61495741563773,0.004485802911779787,0.0,0.0,0.0,0.0,0.0
1415,75.36634637677349,3.0,75.36602418623258,75.36757473251525,11.429698305490232,0.0019121478681465485,0.0,0.0,0.0,0.0,0.0
1416,75.37273382427412,3.0,75.37198456398336,75.37381642166665,13.5022130854526,0.002575563283653107,0.0,0.0,0.0,0.0,0.0
1417,75.49443132052114,4.0,75.49209350608359,75.49565153407961,17.761088415121424,0.0029654277252525478,0.0,0.0,0.0,0.0,0.0
1418,75.52624323825023,3.0,75.52427488566325,75.5286998581459,32.54919006305522,0.0093377782313299,0.0,0.0,0.0,0.0,0.0
1419,75.63196842848191,3.0,75.63132447248071,75.63207317419393,5.499597655198913,0.0025144668866384054,0.0,0.0,0.0,0.0,0.0
1420,75.69133708107168,3.0,75.68981257064344,75.69200417634171,16.08583978323928,0.002577996493438481,0.0,0.0,0.0,0.0,0.0
1421,75.72751583411969,4.0,75.72585027802678,75.73121082400553,43.380251305381954,0.006305766864800234,0.0,0.0,0.0,0.0,0.0
1422,75.75367107948833,5.0,75.75104825859255,75.75626353932583,50.20848685823786,0.005464459060421294,0.0,0.0,0.0,0.0,0.0
1423,75.77211370845306,4.0,75.77167861156204,75.77352672501485,14.346399936564078,0.0067928771421519926,0.0,0.0,0.0,0.0,0.0
1424,75.81962967506166,3.0,75.81864432893262,75.81973125529082,7.964269666900277,0.0024173249239583653,0.0,0.0,0.0,0.0,0.0
1425,75.85069140076678,5.0,75.84642862555667,75.85336540816436,52.53303224929016,0.009045806442539774,0.0,0.0,0.0,0.0,0.0
1426,75.87272080118245,3.0,75.87203436332882,75.87332232014195,9.430682797334168,0.000872087339879362,0.0,0.0,0.0,0.0,0.0
1427,76.0024582809931,4.0,76.00204395020894,76.00278475837838,8.899132480534552,0.004199316190653163,0.0,0.0,0.0,0.0,0.0
1428,76.00752364911895,3.0,76.00623592489238,76.00921013306568,21.73913574235857,0.0023175167017611574,0.0,0.0,0.0,0.0,0.0
1429,76.03919819119103,2616.0,76.03897753868834,76.03944711710079,2.246065120435378,1.410122867701491,0.0,3.853926396235707,0.0,0.0,2.5249910566828047
1430,76.05848848766351,3.0,76.05821736684238,76.05871049844633,3.6019911471343167,0.0009656901998829111,0.0,0.0,0.0,0.0,0.0
1431,76.15615870758171,4.0,76.15481190593944,76.15647716101793,7.54260638647601,0.0025999497616981137,0.0,0.0,0.0,0.0,0.0
1432,76.16872130511125,3.0,76.16814985513541,76.17092593028028,20.24799606659993,0.006403571750977157,0.0,0.0,0.0,0.0,0.0
1433,76.22790537242872,3.0,76.22772046660046,76.22896918987011,9.100802998850963,0.0018589180463230164,0.0,0.0,0.0,0.0,0.0
1434,76.26319490824795,3.0,76.26244835134257,76.26533286314528,21.012843206884227,0.0034732097189120745,0.0,0.0,0.0,0.0,0.0
1435,76.27138713424564,3.0,76.26903854721371,76.27351414752019,32.59996583420049,0.0036285166294379597,0.0,0.0,0.0,0.0,0.0
1436,76.33825328629786,3.0,76.33771513500048,76.34061164799819,21.07952197413516,0.0042119041813824054,0.0,0.0,0.0,0.0,0.0
1437,76.35619926263169,5.0,76.35398258405745,76.35907061672481,32.150174495844,0.002138641444582806,0.0,0.0,0.0,0.0,0.0
1438,76.39565777018423,3.0,76.3929718462177,76.3960969383727,22.725929182466817,0.003352189321868216,0.0,0.0,0.0,0.0,0.0
1439,76.40210569972673,4.0,76.40022508517735,76.40570673696817,41.58474629333279,0.0019166162635783947,0.0,0.0,0.0,0.0,0.0
1440,76.51412426618882,4.0,76.5136234133943,76.51585772506047,9.381645483319133,0.0033526602941600448,0.0,0.0,0.0,0.0,0.0
1441,76.5649730491221,4.0,76.56176955095613,76.5679294215835,50.69876368096751,0.004493393408850248,0.0,0.0,0.0,0.0,0.0
1442,76.6082758628587,10.0,76.60085737358347,76.61197066796565,84.86086369308168,0.007772556672992626,0.0,0.0,0.0,0.0,0.0
1443,76.66154106552392,3.0,76.65896531145565,76.66293686801824,28.781319575548885,0.002017762255340973,0.0,0.0,0.0,0.0,0.0
1444,76.67301586040622,8.0,76.66739557623032,76.67943588642189,92.28376185495787,0.003090863557396353,0.0,0.0,0.0,0.0,0.0
1445,76.7649311472585,7.0,76.76004689004064,76.7686577025539,53.16667204229673,0.012412399494340774,0.0,0.0,0.0,0.0,0.0
1446,76.79799901521545,3.0,76.79698805270134,76.79941710919827,17.57175771420673,0.005545728462735496,0.0,0.0,0.0,0.0,0.0
1447,76.95063242927361,3.0,76.94975476662772,76.95067715241055,6.659289596984308,0.004574771086656977,0.0,0.0,0.0,0.0,0.0
1448,77.02626997134855,4.0,77.02303782622327,77.02784267252946,32.00319330613097,0.0033365924157878917,0.0,0.0,0.0,0.0,0.0
1449,77.03853328954828,65.0,77.0382823725098,77.03887883256367,2.776860201355403,0.09719815725816246,0.0,0.0,0.0,0.0,0.0
1450,77.0934297165771,3.0,77.09322276969704,77.09417432875026,6.857185111818214,0.002113395333404079,0.0,0.0,0.0,0.0,0.0
1451,77.11793598111734,4.0,77.11495166770536,77.12030822356766,41.70195795822707,0.003925325838344435,0.0,0.0,0.0,0.0,0.0
1452,77.15786975451198,3.0,77.1564481317664,77.15999746931924,25.556099491891885,0.003241866376657543,0.0,0.0,0.0,0.0,0.0
1453,77.25698049768735,4.0,77.2548427743113,77.25783584514448,24.61907672853339,0.0020871970202550176,0.0,0.0,0.0,0.0,0.0
1454,77.2684602859876,4.0,77.26574181378248,77.27065706173195,34.304925322925556,0.003871380580184664,0.0,0.0,0.0,0.0,0.0
1455,77.27999819958407,3.0,77.27872903833263,77.28062037152021,13.59654094517843,0.0033649712760872794,0.0,0.0,0.0,0.0,0.0
1456,77.36401197470737,3.0,77.3620404142651,77.36434191575827,16.52721863838325,0.003559178343088053,0.0,0.0,0.0,0.0,0.0
1457,77.42797222095437,3.0,77.42588180545746,77.42834533812794,17.67616046398256,0.0032392966377983528,0.0,0.0,0.0,0.0,0.0
1458,77.46565605426416,4.0,77.46526449655602,77.46646548607907,5.011651634686344,0.0035838762414457026,0.0,0.0,0.0,0.0,0.0
1459,77.47632595349992,3.0,77.47580109064882,77.47755867760048,12.603039487991161,0.004731432078165273,0.0,0.0,0.0,0.0,0.0
1460,77.48756455944722,4.0,77.48467253360076,77.48839813400573,27.67680768455107,0.002349567434258552,0.0,0.0,0.0,0.0,0.0
1461,77.50002596960923,3.0,77.49980822716176,77.50143653097172,11.672424833778608,0.0031586365168376237,0.0,0.0,0.0,0.0,0.0
1462,77.69530906342385,3.0,77.69457920994252,77.69692112543252,16.745723477973108,0.002027877555912444,0.0,0.0,0.0,0.0,0.0
1463,77.70257458100689,3.0,77.70048307046741,77.70356095606024,22.00617482328142,0.002557654793345901,0.0,0.0,0.0,0.0,0.0
1464,77.78942425306977,5.0,77.78510156251728,77.79249078673219,52.07192124409422,0.0045578932199755225,0.0,0.0,0.0,0.0,0.0
1465,77.82460509162472,4.0,77.8226821016722,77.82507450910595,9.098211134114289,0.0021080434887898957,0.0,0.0,0.0,0.0,0.0
1466,77.84578170298332,4.0,77.84264568906354,77.8469371825539,37.01404293784216,0.003462928176430483,0.0,0.0,0.0,0.0,0.0
1467,77.91249952789921,5.0,77.91171136983803,77.91548543782362,24.19900424373775,0.008058144761335649,0.0,0.0,0.0,0.0,0.0
1468,77.92529479356585,4.0,77.92394029605693,77.9263167984,11.470916180159364,0.0022704023047427652,0.0,0.0,0.0,0.0,0.0
1469,77.96501369625842,3.0,77.9649865028299,77.96578420705313,5.684203617942157,0.0022248573003726276,0.0,0.0,0.0,0.0,0.0
1470,77.99328370231731,8.0,77.98991268189677,77.99641331999034,30.80464773657859,0.006071024286062745,0.0,0.0,0.0,0.0,0.0
1471,78.04196087505227,8.0,78.04161380374956,78.04348228091688,6.089122559159285,0.004403138181306185,0.0,0.0,0.0,0.0,0.0
1472,78.06323424610792,4.0,78.06214417798664,78.06506059518183,28.477878513673563,0.0045602611547937814,0.0,0.0,0.0,0.0,0.0
1473,78.11068753572368,3.0,78.11062934892304,78.11095101611454,2.287830269155074,0.0030910066350406246,0.0,0.0,0.0,0.0,0.0
1474,78.13622509671117,3.0,78.13559376007342,78.13870343908934,22.110096196113805,0.0038299429214957814,0.0,0.0,0.0,0.0,0.0
1475,78.16151951291856,8.0,78.15904317938404,78.16630034030113,60.872596594235226,0.0054989812494955345,0.0,0.0,0.0,0.0,0.0
1476,78.22351318747613,6.0,78.21882698843659,78.22775754368531,54.40325984067831,0.0031534319778376836,0.0,0.0,0.0,0.0,0.0
1477,78.23462739037447,3.0,78.23416148871303,78.23590866645424,12.40696521540939,0.004401737381867434,0.0,0.0,0.0,0.0,0.0
1478,78.25966677535745,6.0,78.2555550025468,78.26151759946175,41.089461995580116,0.0018608307615924082,0.0,0.0,0.0,0.0,0.0
1479,78.28220541739003,3.0,78.28161224055677,78.28260147077573,7.020399347806605,0.004315702649106836,0.0,0.0,0.0,0.0,0.0
1480,78.30907441323362,9.0,78.3035708085522,78.31228298366217,64.29291862445565,0.005831361012941748,0.0,0.0,0.0,0.0,0.0
1481,78.32447646386586,4.0,78.32339052727689,78.32569054726528,27.739107420177003,0.006737331617739441,0.0,0.0,0.0,0.0,0.0
1482,78.33977236592892,3.0,78.3375867365674,78.34202253183582,31.45695513586346,0.002630209897842863,0.0,0.0,0.0,0.0,0.0
1483,78.39309391314751,3.0,78.39175206359093,78.39319793487628,10.246589145816234,0.0010643187881000393,0.0,0.0,0.0,0.0,0.0
1484,78.40906187973684,3.0,78.40738833946747,78.41116016642576,26.724709759742442,0.004328232247173925,0.0,0.0,0.0,0.0,0.0
1485,78.42241578455645,9.0,78.41568038621169,78.42501757641244,62.46090799217752,0.004534343897067618,0.0,0.0,0.0,0.0,0.0
1486,78.43829973206991,4.0,78.43672560613514,78.43950572628405,27.098223915667607,0.0035857818228447074,0.0,0.0,0.0,0.0,0.0
1487,78.7398327801373,4.0,78.73824419392595,78.7408804555118,19.856849007530155,0.008495634969398135,0.0,0.0,0.0,0.0,0.0
1488,78.75554912271186,3.0,78.7551317451483,78.75679371005646,11.723794045552175,0.0035754277701668196,0.0,0.0,0.0,0.0,0.0
1489,78.77813959343706,3.0,78.77769721660925,78.77894735156448,8.816143960143176,0.004297672369116463,0.0,0.0,0.0,0.0,0.0
1490,78.78580313347396,4.0,78.7831849087909,78.78759795631903,19.768766196580035,0.011982091159003791,0.0,0.0,0.0,0.0,0.0
1491,78.88233309674631,4.0,78.88007101333183,78.88362839430602,21.47781071507071,0.00124563165038282,0.0,0.0,0.0,0.0,0.0
1492,78.8997305156467,5.0,78.89757965985642,78.90268141775178,32.33470725035269,0.005048291952842944,0.0,0.0,0.0,0.0,0.0
1493,78.98191431184739,8.0,78.97615760976895,78.98605564969921,63.75656165434013,0.004719813069058459,0.0,0.0,0.0,0.0,0.0
1494,79.05412493039475,7.0,79.05285157015783,79.05440506995656,9.236898530500897,0.007816014359390087,0.0,0.0,0.0,0.0,0.0
1495,79.17414324133955,3.0,79.17405398748215,79.17510284231147,7.359689711107033,0.0010364750182170841,0.0,0.0,0.0,0.0,0.0
1496,79.22886918448943,3.0,79.22783994043203,79.22983560491387,13.993667981474967,0.0013872478685403838,0.0,0.0,0.0,0.0,0.0
1497,79.28549824994019,3.0,79.28481217229142,79.28744059540347,18.417429346744267,0.004284168681217604,0.0,0.0,0.0,0.0,0.0
1498,79.36898028719664,3.0,79.36772026686697,79.36962191758455,13.310900770874532,0.0027349266887074803,0.0,0.0,0.0,0.0,0.0
1499,79.38525741619154,5.0,79.38347879650796,79.38788754139765,52.95350023446708,0.007777060006111642,0.0,0.0,0.0,0.0,0.0
1500,79.41923095927584,3.0,79.41733488303362,79.4196911436312,16.482577953862705,0.0016099116518912165,0.0,0.0,0.0,0.0,0.0
1501,79.4875519077407,6.0,79.48576713028649,79.49084324937098,23.717106012781365,0.0074144359316016765,0.0,0.0,0.0,0.0,0.0
1502,79.49612729588574,4.0,79.49495388762016,79.4976941929101,20.587333361155316,0.0048414741625256615,0.0,0.0,0.0,0.0,0.0
1503,79.50145338561728,4.0,79.50112052998406,79.50227226988943,5.323301399077766,0.0017003553623007371,0.0,0.0,0.0,0.0,0.0
1504,79.51939006727196,3.0,79.51898857744129,79.51939060201175,2.80871097476559,0.002729979644120254,0.0,0.0,0.0,0.0,0.0
1505,79.5550484668437,3.0,79.55359335968848,79.55599925309022,16.80103866653811,0.002743973712125213,0.0,0.0,0.0,0.0,0.0
1506,79.58434584207603,3.0,79.58357222150214,79.58651774954099,20.561888757289466,0.0015722423194296626,0.0,0.0,0.0,0.0,0.0
1507,79.62888117877861,3.0,79.6279619702662,79.63066776140778,18.877790050875582,0.009925905579079053,0.0,0.0,0.0,0.0,0.0
1508,79.72062054719278,8.0,79.71408877149253,79.7235090171681,55.57525896437378,0.004166720803881237,0.0,0.0,0.0,0.0,0.0
1509,79.77089263497353,3.0,79.77049284606734,79.77146971288197,6.80328084555691,0.00189750474400518,0.0,0.0,0.0,0.0,0.0
1510,79.84892370425304,3.0,79.84889357173095,79.85078727530862,13.175600801397964,0.004650097279249176,0.0,0.0,0.0,0.0,0.0
1511,79.91679076353658,3.0,79.91451742368541,79.91846201908366,27.42154517190892,0.003980828765014062,0.0,0.0,0.0,0.0,0.0
1512,79.98642866385254,3.0,79.9849089661733,79.98686492004806,13.58531765564322,0.0016273064005145757,0.0,0.0,0.0,0.0,0.0
1513,80.13522847482591,4.0,80.13378391173066,80.13832244232826,31.8029242952977,0.0034994686118809096,0.0,0.0,0.0,0.0,0.0
1514,80.16923023789633,3.0,80.16792233583463,80.17032522733402,16.6515222601576,0.0030873856505259784,0.0,0.0,0.0,0.0,0.0
1515,80.22486180116528,4.0,80.22287412095451,80.22799226027455,30.604324455599986,0.003731640397979264,0.0,0.0,0.0,0.0,0.0
1516,80.28345809929469,4.0,80.28142100653209,80.28586333673177,18.489495238575877,0.0022760428142404765,0.0,0.0,0.0,0.0,0.0
1517,80.36565958260854,3.0,80.36411836964255,80.3664592202746,16.181943632597605,0.0017642121628993882,0.0,0.0,0.0,0.0,0.0
1518,80.37212054004574,3.0,80.37181559711264,80.37417962797667,16.340871326937727,0.0035485232640852433,0.0,0.0,0.0,0.0,0.0
1519,80.39679269356651,3.0,80.39549507236543,80.39928570756497,26.1939360218696,0.0022100137481233643,0.0,0.0,0.0,0.0,0.0
1520,80.44626785211258,4.0,80.4431625544014,80.44854187129785,34.6705958237528,0.0013421655201294271,0.0,0.0,0.0,0.0,0.0
1521,80.45895109974518,3.0,80.45870555725428,80.46063549029161,13.325863761470474,0.001562069526273024,0.0,0.0,0.0,0.0,0.0
1522,80.51494827430773,4.0,80.51401899947425,80.51627615293599,16.361712944396213,0.005781407941945151,0.0,0.0,0.0,0.0,0.0
1523,80.52940809791531,9.0,80.52621527334878,80.53191881537086,51.245818256019824,0.00405870473206218,0.0,0.0,0.0,0.0,0.0
1524,80.56231934223882,3.0,80.56066207609895,80.56316988069226,17.293752034919454,0.0026663992285082955,0.0,0.0,0.0,0.0,0.0
1525,80.59787383321537,3.0,80.59581184086808,80.60019219472973,30.19347542807363,0.0036206173566938307,0.0,0.0,0.0,0.0,0.0
1526,80.69796855637814,6.0,80.69452911262182,80.70111395848454,37.734669484494326,0.0034587011303666,0.0,0.0,0.0,0.0,0.0
1527,80.7878746817011,3.0,80.78677479972585,80.79015437562252,23.240395569476842,0.009727334902740642,0.0,0.0,0.0,0.0,0.0
1528,80.8059095100032,5.0,80.8033208206751,80.80771701039771,35.78810689292499,0.006098795488603357,0.0,0.0,0.0,0.0,0.0
1529,80.89899511072147,5.0,80.89509613329662,80.89965002264914,41.62862697659367,0.0043881258402730435,0.0,0.0,0.0,0.0,0.0
1530,80.90885635490467,6.0,80.90476700640957,80.91146339925768,42.137052696808915,0.003865675457664074,0.0,0.0,0.0,0.0,0.0
1531,80.93039255746777,3.0,80.92974023352772,80.93042400048175,4.693793246357666,0.0035045153926933116,0.0,0.0,0.0,0.0,0.0
1532,80.94512882687218,181.0,80.94467453790543,80.94563465888453,4.141929131178278,0.03360466733178836,0.0,0.0,0.0,0.0,0.0
1533,80.96074112113678,3.0,80.95838528834345,80.9615592317036,21.7797149870605,0.002076731269371702,0.0,0.0,0.0,0.0,0.0
1534,80.97743005492231,3.0,80.97476498248308,80.97830617309378,24.294770971523707,0.0037558367154233692,0.0,0.0,0.0,0.0,0.0
1535,81.02316027547312,3.0,81.02135817036871,81.02549119944226,28.339147168202405,0.002075279122444112,0.0,0.0,0.0,0.0,0.0
1536,81.03336684066645,17.0,81.0320806372666,81.03436435119585,6.393305341629909,0.005587986055157655,0.0,0.0,0.0,0.0,0.0
1537,81.06096187598789,6.0,81.05744224237853,81.06437000168599,45.13510836531256,0.0062466950410809685,0.0,0.0,0.0,0.0,0.0
1538,81.0695696234138,31.0,81.068784509909,81.07026947037548,5.348345538687189,0.013303874752527391,0.0,0.0,0.0,0.0,0.0
1539,81.1200357074971,4.0,81.11932116448676,81.12108474152453,12.737059180271014,0.006833818103586553,0.0,0.0,0.0,0.0,0.0
1540,81.22121314639816,4.0,81.21853498421423,81.22363172897568,33.7695612953666,0.0010511414073785257,0.0,0.0,0.0,0.0,0.0
1541,81.24240794267028,3.0,81.24166334456993,81.24302418067928,9.305731820283954,0.003849996097512877,0.0,0.0,0.0,0.0,0.0
1542,81.26084510044984,3.0,81.26050067933863,81.26311580117537,17.87878852426669,0.001686791622329059,0.0,0.0,0.0,0.0,0.0
1543,81.30373665825041,7.0,81.30067848630327,81.30898855781602,55.08297783981523,0.004183302417772961,0.0,0.0,0.0,0.0,0.0
1544,81.50086822908133,5.0,81.49850252536949,81.50292959531731,47.32718546525993,0.003411959566307279,0.0,0.0,0.0,0.0,0.0
1545,81.5352866287746,3.0,81.5331117783844,81.53711417024901,27.271027402166055,0.0055470000787922686,0.0,0.0,0.0,0.0,0.0
1546,81.5518214815515,4.0,81.55091982528032,81.55478329671593,29.200564955325763,0.003248993779515019,0.0,0.0,0.0,0.0,0.0
1547,81.67030031264281,3.0,81.66795370112858,81.67271882433775,32.41436191156324,0.002561728254624231,0.0,0.0,0.0,0.0,0.0
1548,81.7209650879831,4.0,81.72066192733287,81.72165952188554,4.564844660666833,0.0029023846810718704,0.0,0.0,0.0,0.0,0.0
1549,81.73252743101878,4.0,81.73152818755042,81.7335848159487,15.781671588628612,0.0025753596433008255,0.0,0.0,0.0,0.0,0.0
1550,81.74113550168686,5.0,81.73979832328705,81.74458646178958,37.21467814355554,0.005599360094762811,0.0,0.0,0.0,0.0,0.0
1551,81.7551601596593,3.0,81.75376281221081,81.75711821917636,22.801190496369458,0.007397075888838354,0.0,0.0,0.0,0.0,0.0
1552,81.7919121922888,7.0,81.78782796820293,81.79515633137542,49.54635398130224,0.005379472429249955,0.0,0.0,0.0,0.0,0.0
1553,81.88007576435967,3.0,81.87836272579653,81.88160884070817,22.0248596045501,0.0017964273159053368,0.0,0.0,0.0,0.0,0.0
1554,81.94292879549545,8.0,81.93733436923144,81.94500675845627,63.31290446421453,0.004098445535214929,0.0,0.0,0.0,0.0,0.0
1555,81.95049123794152,156.0,81.95019396092769,81.95098908365215,3.3727681385761263,0.24373509834274718,0.0,0.0,0.0,0.0,0.0
1556,82.00997774141457,3.0,82.00935540185294,82.01151129828908,14.604567338053904,0.0010695441895409929,0.0,0.0,0.0,0.0,0.0
1557,82.1527389491281,5.0,82.14972548503778,82.15362069197838,25.64948396769799,0.005711642327490689,0.0,0.0,0.0,0.0,0.0
1558,82.40276189600229,3.0,82.40225862505983,82.40299237928284,4.946936554492392,0.0019811509823291626,0.0,0.0,0.0,0.0,0.0
1559,82.44054792203508,5.0,82.43659802072187,82.44212032577069,29.540372103942783,0.0045396211927240405,0.0,0.0,0.0,0.0,0.0
1560,82.48937493177598,3.0,82.48769047003557,82.49092612145925,21.79170500155449,0.0014950488884898827,0.0,0.0,0.0,0.0,0.0
1561,82.51952675185888,4.0,82.51922653576882,82.52133157241911,9.800879342647171,0.004712570529612006,0.0,0.0,0.0,0.0,0.0
1562,82.62990515835324,8.0,82.6244284382837,82.63369629727532,64.17965851478635,0.00595163047933704,0.0,0.0,0.0,0.0,0.0
1563,82.65894759586762,6.0,82.65631270340108,82.6631774135057,51.84942115223832,0.004445873332423548,0.0,0.0,0.0,0.0,0.0
1564,82.76919381280375,6.0,82.76488469774205,82.77154949142584,45.29410981981117,0.002821002122732016,0.0,0.0,0.0,0.0,0.0
1565,82.78849142195557,5.0,82.78561184986081,82.79356491703055,58.48154049836519,0.008729542598841468,0.0,0.0,0.0,0.0,0.0
1566,82.8124589693241,5.0,82.81120148852335,82.813976616569,28.86451164825226,0.002360452980149387,0.0,0.0,0.0,0.0,0.0
1567,83.00349798087287,5.0,83.00011489662961,83.00535963740722,42.64166963349595,0.002289013352246835,0.0,0.0,0.0,0.0,0.0
1568,83.01766734884427,5.0,83.01285504130294,83.01950103596317,50.858916400554406,0.0026939610453858933,0.0,0.0,0.0,0.0,0.0
1569,83.02672008375302,5.0,83.02381165830973,83.0293310952002,37.57702376922804,0.007391790021054821,0.0,0.0,0.0,0.0,0.0
1570,83.04906051760581,23.0,83.04863334961038,83.04952234064763,2.871906347564258,0.020628564979717552,0.0,0.0,0.0,0.0,0.0
1571,83.05872628433534,6.0,83.05413804568511,83.06212508218589,47.3931160481061,0.007866797795414304,0.0,0.0,0.0,0.0,0.0
1572,83.08541086090827,356.0,83.08506856362179,83.08595025903337,3.9993088511278327,0.0915810477942801,0.0,0.0,0.0,0.0,0.0
1573,83.16259981538977,3.0,83.16253699798371,83.1633765518477,5.608516501014396,0.004000820077205539,0.0,0.0,0.0,0.0,0.0
1574,83.22217488735053,3.0,83.22191474023052,83.22454213053294,17.539331086811718,0.003063869757211122,0.0,0.0,0.0,0.0,0.0
1575,83.39101312419513,3.0,83.39052768229453,83.39230634184173,11.849528574699425,0.0012540652662506703,0.0,0.0,0.0,0.0,0.0
1576,83.43332242437376,4.0,83.4316457741818,83.43529810563442,16.614043076129153,0.0035736071341615156,0.0,0.0,0.0,0.0,0.0
1577,83.46146646646379,3.0,83.45892683631826,83.46215567071656,21.492515814574055,0.0016831366081505373,0.0,0.0,0.0,0.0,0.0
1578,83.60280083147158,6.0,83.60085326706792,83.60569557678576,32.449868606218566,0.008925447479519129,0.0,0.0,0.0,0.0,0.0
1579,83.67972703109467,3.0,83.67910126672888,83.68055936806307,9.680436654271258,0.004081497690773021,0.0,0.0,0.0,0.0,0.0
1580,83.72193779119058,3.0,83.72016979915861,83.7227214962426,16.932354034076525,0.002814704874705919,0.0,0.0,0.0,0.0,0.0
1581,83.96613766967687,31.0,83.96581205705527,83.96817730546113,3.5916095691845755,0.028309465269740316,0.0,0.0,0.0,0.0,0.0
1582,84.01495211194134,3.0,84.01489191611455,84.01513779689573,1.6259062292625153,0.0026669587102963973,0.0,0.0,0.0,0.0,0.0
1583,84.04430995408919,9.0,84.043716243445,84.04634668462249,2.343021514707347,0.006860315431441123,0.0,0.0,0.0,0.0,0.0
1584,84.06078675651612,3.0,84.05909511413505,84.06207207381344,19.67464916536258,0.003047754538505054,0.0,0.0,0.0,0.0,0.0
1585,84.08074853757074,5.0,84.07817716685574,84.08221352015636,19.541957170268812,0.004815419321071904,0.0,0.0,0.0,0.0,0.0
1586,84.08894882370099,3.0,84.08836658615246,84.08905114887305,4.522742023459015,0.0009368332397853775,0.0,0.0,0.0,0.0,0.0
1587,84.15029262346431,3.0,84.15014481116654,84.15074017846332,3.9305818080335895,0.0030196717069536465,0.0,0.0,0.0,0.0,0.0
1588,84.23087038732521,4.0,84.22801553649737,84.23186526302759,27.144587703438845,0.0030288440793354897,0.0,0.0,0.0,0.0,0.0
1589,84.3248988301495,4.0,84.32217875870823,84.32731330696451,40.43895495966921,0.002021236857177815,0.0,0.0,0.0,0.0,0.0
1590,84.38078204690711,3.0,84.37894827912584,84.38173946634026,18.376928086717893,0.0021698035635614207,0.0,0.0,0.0,0.0,0.0
1591,84.42195004408589,5.0,84.41906893488424,84.42411138200418,31.191939839601996,0.002364384927460487,0.0,0.0,0.0,0.0,0.0
1592,84.4343991884586,5.0,84.43345825326497,84.43739399068627,45.929662880197434,0.009887428871358015,0.0,0.0,0.0,0.0,0.0
1593,84.54980402892764,3.0,84.54781708219448,84.5500282507286,14.529033833992893,0.003673727940730376,0.0,0.0,0.0,0.0,0.0
1594,84.57766768432253,4.0,84.57500257980837,84.58068883861284,27.91712946261008,0.002767160071570929,0.0,0.0,0.0,0.0,0.0
1595,84.66545348156296,5.0,84.66306604649634,84.66676477724508,27.71266444289004,0.0036457360529431565,0.0,0.0,0.0,0.0,0.0
1596,84.6985230770687,3.0,84.69812770772357,84.70007875962287,12.79736272192635,0.002376947108423308,0.0,0.0,0.0,0.0,0.0
1597,84.71221566544665,7.0,84.70688756523708,84.71535753261008,61.17881268186724,0.004614233187742603,0.0,0.0,0.0,0.0,0.0
1598,84.72316021334122,3.0,84.72253030019029,84.72542363162884,18.972455119913555,0.0023092389800359286,0.0,0.0,0.0,0.0,0.0
1599,84.95965914362563,59.0,84.95947163671083,84.95979028383938,1.6349237793152296,0.41610894430745776,0.0,0.0,0.0,0.0,0.0
1600,84.96533019725521,7.0,84.96469435217672,84.96685051728835,11.267321486212893,0.006727508504324509,0.0,0.0,0.0,0.0,0.0
1601,85.02827536900686,81.0,85.02778523890684,85.02914618076156,2.9702578529059736,0.034916066284825686,0.0,0.0,0.0,0.0,0.0
1602,85.06471358278523,356.0,85.06423986040882,85.06515085453887,4.905127153248203,0.15208257866371436,0.0,0.0,0.0,0.0,0.0
1603,85.10101754523092,3.0,85.10095819032884,85.10111020683323,0.9923925234883385,0.002381102674217157,0.0,0.0,0.0,0.0,0.0
1604,85.20195575233357,4.0,85.1997957945951,85.20384044730922,15.557848849865856,0.0031063485069481615,0.0,0.0,0.0,0.0,0.0
1605,85.2427173900387,3.0,85.24059632935254,85.24404686031396,22.48827470462512,0.001929297095930012,0.0,0.0,0.0,0.0,0.0
1606,85.42929338905071,3.0,85.42726755288588,85.4299449717662,17.41153267809984,0.0028994353342180566,0.0,0.0,0.0,0.0,0.0
1607,85.5181932324384,3.0,85.51653530900624,85.5188438714205,14.99721434814362,0.0032487443267677878,0.0,0.0,0.0,0.0,0.0
1608,85.55988217614036,3.0,85.55949851617405,85.56033351085523,5.421769200512259,0.0033888243102599054,0.0,0.0,0.0,0.0,0.0
1609,85.66108294447525,5.0,85.66046185020484,85.66330112215665,18.219143026517955,0.0021822305325866413,0.0,0.0,0.0,0.0,0.0
1610,85.70847308954633,3.0,85.70744266125163,85.71017164119733,17.689032544656694,0.0036116336539317546,0.0,0.0,0.0,0.0,0.0
1611,85.72118241350398,4.0,85.71883469276484,85.72357132602485,39.583848275046684,0.009198308250423028,0.0,0.0,0.0,0.0,0.0
1612,85.83720667028399,3.0,85.8364085052259,85.83887266964807,15.948564586795484,0.0019896405431992885,0.0,0.0,0.0,0.0,0.0
1613,85.9630646576492,9.0,85.96287635679451,85.96338156800827,2.169433687012721,0.0067516083840696555,0.0,0.0,0.0,0.0,0.0
1614,85.99413839014403,7.0,85.9897590091734,85.99644033870347,36.88138396674311,0.010844049205017492,0.0,0.0,0.0,0.0,0.0
1615,86.01002318813187,4.0,86.00817541107793,86.01118128233017,12.254432419592238,0.0043480295486694265,0.0,0.0,0.0,0.0,0.0
1616,86.06017123874861,15.0,86.05980003383777,86.06136677300216,4.950802327270182,0.0034386411374267606,0.0,0.0,0.0,0.0,0.0
1617,86.0964136983927,5.0,86.09458450979866,86.09674706381091,4.836367844048325,0.00329913741013444,0.0,0.0,0.0,0.0,0.0
1618,86.16626810028345,5.0,86.16347003147052,86.16901337351642,16.394657728461613,0.004513976326171471,0.0,0.0,0.0,0.0,0.0
1619,86.22064513627902,3.0,86.2187480116217,86.22287414844496,26.586419430337784,0.005168918975916513,0.0,0.0,0.0,0.0,0.0
1620,86.34467488343128,4.0,86.34365353569322,86.34595000723051,19.293329381257664,0.006686809316209967,0.0,0.0,0.0,0.0,0.0
1621,86.41649325342567,5.0,86.41507795528604,86.41941439357299,43.60197000638258,0.0023884466128136525,0.0,0.0,0.0,0.0,0.0
1622,86.52920001129613,3.0,86.52812479205012,86.52961822792052,9.588515721258213,0.0032434620841570354,0.0,0.0,0.0,0.0,0.0
1623,86.5435805129402,3.0,86.54297799549495,86.54548442163569,16.089685206251296,0.002625993210592357,0.0,0.0,0.0,0.0,0.0
1624,86.57576749735935,3.0,86.57471223403799,86.57601701081263,8.372735314715571,0.0024133523685927584,0.0,0.0,0.0,0.0,0.0
1625,86.59545447222906,6.0,86.59336163211258,86.59890368467688,40.71881852567782,0.0036263571988058435,0.0,0.0,0.0,0.0,0.0
1626,86.65262868358965,3.0,86.6518402124058,86.65354120223076,10.905547374198736,0.0031235468892027766,0.0,0.0,0.0,0.0,0.0
1627,86.69131078998313,8.0,86.68634846402799,86.69546241198671,52.82006433544649,0.005688758007883467,0.0,0.0,0.0,0.0,0.0
1628,86.7283725603123,3.0,86.72753170599387,86.7309171639132,21.686212938839265,0.003769785928370515,0.0,0.0,0.0,0.0,0.0
1629,86.79722597090621,3.0,86.79706315540795,86.79808025654836,6.510071984405219,0.0019486056872905252,0.0,0.0,0.0,0.0,0.0
1630,86.80941771223077,4.0,86.8068710411802,86.81216817084656,26.293620759783803,0.005605335172213666,0.0,0.0,0.0,0.0,0.0
1631,86.87026388210202,5.0,86.8664489785909,86.87206455851178,50.164836064246245,0.008068227722977288,0.0,0.0,0.0,0.0,0.0
1632,86.89826011776216,5.0,86.89739013058954,86.90095767037793,29.426249931709982,0.009764248442503159,0.0,0.0,0.0,0.0,0.0
1633,86.91378459306173,4.0,86.91206634694835,86.91457745860203,11.644420849679712,0.0019159013322410114,0.0,0.0,0.0,0.0,0.0
1634,86.92765739855162,3.0,86.92723195268039,86.92851338544925,8.189650050475391,0.0010793637009948933,0.0,0.0,0.0,0.0,0.0
1635,86.94292293171827,3.0,86.94288869032503,86.94504163626083,13.757083786726614,0.002944686464306377,0.0,0.0,0.0,0.0,0.0
1636,86.95561905652875,6.0,86.9552254281135,86.95723686533853,2.866470356713062,0.004387722516151524,0.0,0.0,0.0,0.0,0.0
1637,86.97071570274869,4.0,86.96882070075623,86.97263955982771,20.985863796472703,0.00854646316168101,0.0,0.0,0.0,0.0,0.0
1638,87.02652181085578,4.0,87.02589201790435,87.02762156841003,12.068912707245126,0.004613013151160735,0.0,0.0,0.0,0.0,0.0
1639,87.04400670563875,13.0,87.04327607045485,87.04605830044268,9.116384988249486,0.006729576753562935,0.0,0.0,0.0,0.0,0.0
1640,87.10615262576871,11.0,87.09985954114765,87.11034684511533,77.95487674164073,0.0065650120240159674,0.0,0.0,0.0,0.0,0.0
1641,87.14215933138146,5.0,87.14145711763203,87.14286753043287,13.15987619270655,0.0018960842174651697,0.0,0.0,0.0,0.0,0.0
1642,87.19469674463943,3.0,87.19466733792004,87.19610700067999,9.172721212148616,0.008624272577381846,0.0,0.0,0.0,0.0,0.0
1643,87.28369207788575,6.0,87.28269933412201,87.28665172360316,27.280161123105508,0.005338262291301614,0.0,0.0,0.0,0.0,0.0
1644,87.35329584991229,5.0,87.35304356893839,87.35382690961045,5.236364132510956,0.0034096271024897044,0.0,0.0,0.0,0.0,0.0
1645,87.36108938635928,3.0,87.359099022656,87.36158542703357,15.811796476200742,0.003907777717975491,0.0,0.0,0.0,0.0,0.0
1646,87.56368016191826,3.0,87.5620781209412,87.56401304721791,12.276311829560022,0.0014550431767713795,0.0,0.0,0.0,0.0,0.0
1647,87.70571050180007,3.0,87.70469709408341,87.70724118405218,16.115066030375573,0.002193324471770036,0.0,0.0,0.0,0.0,0.0
1648,87.783463430963,3.0,87.78339200255974,87.78464141027322,7.90713158556305,0.0025760932401127563,0.0,0.0,0.0,0.0,0.0
1649,87.78899731568146,3.0,87.78856626879548,87.79120070341132,16.67150589847587,0.0033500857799268853,0.0,0.0,0.0,0.0,0.0
1650,87.88538008385882,5.0,87.88407407033507,87.88646481308994,20.06379453174498,0.002633213679301214,0.0,0.0,0.0,0.0,0.0
1651,87.91845386884344,4.0,87.91688146499843,87.92089057395117,25.371125740498357,0.001399432364068963,0.0,0.0,0.0,0.0,0.0
1652,87.94347459856283,3.0,87.94340571221522,87.9438431231954,2.763207858407546,0.0034382457710723006,0.0,0.0,0.0,0.0,0.0
1653,87.96077243777715,6.0,87.9596084907846,87.96123158611849,4.108246091608363,0.003833892263422528,0.0,0.0,0.0,0.0,0.0
1654,88.0029521335837,5.0,88.00022849885858,88.00382094327685,22.067387166174015,0.003533892014062099,0.0,0.0,0.0,0.0,0.0
1655,88.02218803066035,6.0,88.02086795608457,88.02282347348834,13.951624964989463,0.005425066000267773,0.0,0.0,0.0,0.0,0.0
1656,88.07557574965418,116.0,88.075050967783,88.07614852368077,3.904589407264001,0.054391374907957105,0.0,0.0,0.0,0.0,0.0
1657,88.08700498104267,3.0,88.0865569259512,88.08854134243434,12.515507843445684,0.0022970309974093043,0.0,0.0,0.0,0.0,0.0
1658,88.13078748826462,4.0,88.12841143918325,88.13277263269707,26.243500844990347,0.0031075020573648436,0.0,0.0,0.0,0.0,0.0
1659,88.14714898103583,4.0,88.14410159515528,88.15060214836043,44.23909255164951,0.004230603574087487,0.0,0.0,0.0,0.0,0.0
1660,88.1745502791583,4.0,88.17280208749932,88.17693721090649,33.504135100551046,0.00204787854399138,0.0,0.0,0.0,0.0,0.0
1661,88.55664506940519,4.0,88.555328311539,88.55848929570587,20.22163538811258,0.0083804209551164,0.0,0.0,0.0,0.0,0.0
1662,88.75222716205192,3.0,88.7514270655135,88.7530965984885,10.45064838485369,0.0027648653600003963,0.0,0.0,0.0,0.0,0.0
1663,88.75977056135373,6.0,88.75784271245004,88.76136597078832,17.120827319347022,0.003752608741943719,0.0,0.0,0.0,0.0,0.0
1664,88.8892636708402,6.0,88.88531141294362,88.8926654026189,39.84410899534011,0.004491607394794033,0.0,0.0,0.0,0.0,0.0
1665,89.05956120235041,473.0,89.05914262033764,89.06001665319694,3.731923563867292,0.15390314321583515,0.0,0.0,0.0,0.0,0.0
1666,89.11176827617919,3.0,89.11097291586549,89.1122602233057,8.025548296873664,0.0027850464998364004,0.0,0.0,0.0,0.0,0.0
1667,89.24726701046984,3.0,89.24719163656059,89.24872292257851,9.532106504745002,0.003146127841541593,0.0,0.0,0.0,0.0,0.0
1668,89.25924246159579,3.0,89.25726594749933,89.25942830076842,13.458632838302558,0.003228388949878215,0.0,0.0,0.0,0.0,0.0
1669,89.48133950371957,4.0,89.47831898198606,89.4832748047065,37.93363530950096,0.0030877593650480914,0.0,0.0,0.0,0.0,0.0
1670,89.49683420572454,4.0,89.4957934717235,89.49935179040709,12.406708763970729,0.0019718712293644125,0.0,0.0,0.0,0.0,0.0
1671,89.58559401606857,4.0,89.58461445299878,89.58825710666821,14.010670469189858,0.006124636096360486,0.0,0.0,0.0,0.0,0.0
1672,89.84971242241522,4.0,89.84865256184486,89.85030939265236,8.173827423908275,0.0018569561209715807,0.0,0.0,0.0,0.0,0.0
1673,89.89315686006285,3.0,89.89203638014041,89.89507958885324,18.807566295243017,0.002081325018168304,0.0,0.0,0.0,0.0,0.0
1674,89.95516700069945,4.0,89.95328568189343,89.95675547474647,26.315015326357557,0.004204862583191272,0.0,0.0,0.0,0.0,0.0
1675,89.96358740625269,3.0,89.96138336828541,89.96538907620824,24.736600158283046,0.002182542880741829,0.0,0.0,0.0,0.0,0.0
1676,89.9978560837252,3.0,89.99562287206655,90.00021027615168,28.31798373834946,0.0025188251934400658,0.0,0.0,0.0,0.0,0.0
1677,90.00967599836518,3.0,90.0094103022389,90.01037125377121,5.931161916472989,0.0027865212381008348,0.0,0.0,0.0,0.0,0.0
1678,90.02107179848034,4.0,90.02074255979875,90.02207585332303,5.24153117986264,0.004411083841680625,0.0,0.0,0.0,0.0,0.0
1679,90.15673862550088,4.0,90.15501620502484,90.15718147245003,11.65541942871035,0.0036858007361243042,0.0,0.0,0.0,0.0,0.0
1680,90.27313220013824,3.0,90.27077240159849,90.27314732661571,14.615675286641983,0.0024637160868493566,0.0,0.0,0.0,0.0,0.0
1681,90.28186252549233,4.0,90.2807068676738,90.28438577179502,21.52519932738252,0.007130438488160607,0.0,0.0,0.0,0.0,0.0
1682,90.29349604060116,3.0,90.29130448925702,90.29396378182268,16.362028534552845,0.004293310806937105,0.0,0.0,0.0,0.0,0.0
1683,90.30023117635172,5.0,90.29908933968315,90.30274311819646,12.817066888859335,0.006316878088827937,0.0,0.0,0.0,0.0,0.0
1684,90.33268078667564,3.0,90.33035493403865,90.33432025818583,24.387163542066492,0.001958460562851474,0.0,0.0,0.0,0.0,0.0
1685,90.3678463211092,5.0,90.36428457067971,90.37108725889797,46.3005958924484,0.004617859674474283,0.0,0.0,0.0,0.0,0.0
1686,90.37743928560144,3.0,90.37707392678324,90.37853237541519,8.965171467196253,0.008233318072044365,0.0,0.0,0.0,0.0,0.0
1687,90.41333750563774,3.0,90.41276353372184,90.41428511340615,9.349528179684668,0.001016206970480607,0.0,0.0,0.0,0.0,0.0
1688,90.42679414779288,3.0,90.42422416289783,90.42788438583241,22.487330276804148,0.004575191891895172,0.0,0.0,0.0,0.0,0.0
1689,90.64760659080872,4.0,90.64532698246411,90.64894934978697,28.064236451752375,0.00317316865387173,0.0,0.0,0.0,0.0,0.0
1690,90.80507763931844,3.0,90.80319771350663,90.80518592521715,12.16410018172594,0.002764267068041235,0.0,0.0,0.0,0.0,0.0
1691,90.8115190603836,6.0,90.8095557898524,90.8136472584074,24.2728856849687,0.009957322938822694,0.0,0.0,0.0,0.0,0.0
1692,90.85722362270604,3.0,90.85629257485358,90.85765889108258,8.354476852665071,0.0010113537782351367,0.0,0.0,0.0,0.0,0.0
1693,90.93104373207922,4.0,90.92916437298304,90.9343744869356,31.49476257764257,0.00548509840277406,0.0,0.0,0.0,0.0,0.0
1694,90.96912221240709,15.0,90.9662480381261,90.97064323979743,15.981939174939447,0.023764153371475916,0.0,0.0,0.0,0.0,0.0
1695,90.97659654315058,1097.0,90.97639048169123,90.97688468892575,1.787668918316434,16.592452094551753,0.0,96.83847339366649,0.0,0.0,0.0
1696,90.98327303905282,44.0,90.98265607222145,90.98402407038137,8.32324886200226,0.06886314959645405,0.0,0.0,0.0,0.0,0.0
1697,91.04691508603626,3.0,91.04582346102282,91.04840968765413,15.780793578809597,0.004221734958161635,0.0,0.0,0.0,0.0,0.0
1698,91.0541301441877,80.0,91.05378069418593,91.05489286068432,2.937344898809658,0.04187385228528365,0.0,0.0,0.0,0.0,0.0
1699,91.14009479816201,4.0,91.13939196569633,91.14061982573543,7.397191329253236,0.007997642572928197,0.0,0.0,0.0,0.0,0.0
1700,91.22326152104304,3.0,91.22291547981332,91.22508359167783,13.203941311773011,0.0034692935570234127,0.0,0.0,0.0,0.0,0.0
1701,91.25373395158807,3.0,91.25281929105564,91.25563315501918,17.13089086677557,0.0037967256638673855,0.0,0.0,0.0,0.0,0.0
1702,91.26182383194487,4.0,91.2592995892131,91.26314318821284,29.60622893603847,0.003214926417180918,0.0,0.0,0.0,0.0,0.0
1703,91.31803914688862,4.0,91.31727953569337,91.31991922013373,11.444383918180684,0.0026012808538822246,0.0,0.0,0.0,0.0,0.0
1704,91.34413070653208,5.0,91.34193490870598,91.34505890273496,23.464290733070445,0.003949668176926901,0.0,0.0,0.0,0.0,0.0
1705,91.3641076461978,3.0,91.36191022035152,91.36439853955235,15.130663360439728,0.0036400368482135785,0.0,0.0,0.0,0.0,0.0
1706,91.36981900633944,4.0,91.3679785933052,91.37017445886113,8.758123749229844,0.0035393428943863554,0.0,0.0,0.0,0.0,0.0
1707,91.46138413518835,3.0,91.4610072238073,91.46389609694869,17.547619010722478,0.004275752042741194,0.0,0.0,0.0,0.0,0.0
1708,91.59066617565061,6.0,91.58591022304596,91.59434214862573,59.87963946898537,0.011245295608868099,0.0,0.0,0.0,0.0,0.0
1709,91.79375596895466,4.0,91.79171375056875,91.79482629176172,12.827053350793738,0.0036930175040041924,0.0,0.0,0.0,0.0,0.0
1710,91.9548447234928,4.0,91.95290592887453,91.95792874212104,32.90111654843334,0.0034761083240727616,0.0,0.0,0.0,0.0,0.0
1711,91.99814097987765,3.0,91.99805663003458,91.99905836069793,6.049220443645783,0.0016314503841224912,0.0,0.0,0.0,0.0,0.0
1712,92.03659587018228,5.0,92.03605085755338,92.04122392669257,29.577660578919872,0.005358442816082178,0.0,0.0,0.0,0.0,0.0
1713,92.12321549837864,3.0,92.12279555223915,92.12412904388349,8.041715514207526,0.0014316802956733266,0.0,0.0,0.0,0.0,0.0
1714,92.4847395267607,6.0,92.48167493404166,92.48756043203524,47.72363955844757,0.006906161408731665,0.0,0.0,0.0,0.0,0.0
1715,92.50760028144244,3.0,92.506950857423,92.50975460009712,16.837911849691512,0.0036083623883179055,0.0,0.0,0.0,0.0,0.0
1716,92.5770066985668,4.0,92.57551099492945,92.57833054990441,10.000261786582989,0.003566652707145805,0.0,0.0,0.0,0.0,0.0
1717,92.59703422169544,7.0,92.59102524454444,92.60231999005194,59.55494697190356,0.002698825300850958,0.0,0.0,0.0,0.0,0.0
1718,92.66182891664675,3.0,92.66075191558926,92.66263125317052,11.267600113597645,0.00414175639736701,0.0,0.0,0.0,0.0,0.0
1719,92.67426198666452,3.0,92.67161286439392,92.67648001726019,29.177182063551705,0.0016922123045043178,0.0,0.0,0.0,0.0,0.0
1720,92.92609245671338,4.0,92.92419568859316,92.92804969924101,17.143964851033385,0.007844086986113594,0.0,0.0,0.0,0.0,0.0
1721,93.0369843486991,3.0,93.03610984436942,93.03884809859603,16.351049625868423,0.001654910634080432,0.0,0.0,0.0,0.0,0.0
1722,93.24624265471051,5.0,93.24128884495575,93.24955734587294,55.052242872895704,0.0026074831717164534,0.0,0.0,0.0,0.0,0.0
1723,93.30318944701963,5.0,93.30061805855195,93.30637140475498,50.09194861959574,0.0023986107512232874,0.0,0.0,0.0,0.0,0.0
1724,93.35121612044497,4.0,93.34837158874755,93.35370491866612,23.771154728726515,0.009088787474874753,0.0,0.0,0.0,0.0,0.0
1725,93.63650434486075,4.0,93.63623187588279,93.6368214074295,3.368100872646365,0.004870682637115157,0.0,0.0,0.0,0.0,0.0
1726,93.67596443317656,5.0,93.67271019507359,93.6788169146427,36.21134819403249,0.0023159026064414967,0.0,0.0,0.0,0.0,0.0
1727,93.7387686291002,3.0,93.73831210735285,93.73901872972908,4.187893574179675,0.0028404583510199836,0.0,0.0,0.0,0.0,0.0
1728,93.75574603667286,4.0,93.7539624285561,93.75697927582371,19.176164348687752,0.003325140855812772,0.0,0.0,0.0,0.0,0.0
1729,94.0413246756306,9.0,94.04084133513943,94.04295731382099,3.4145411146710267,0.004555960586721046,0.0,0.0,0.0,0.0,0.0
1730,94.0921934340509,3.0,94.09019421519554,94.09487839592965,27.65715767793162,0.0016162019256010889,0.0,0.0,0.0,0.0,0.0
1731,94.12372851726528,3.0,94.12271301847152,94.12566766894209,17.439518275712963,0.003688854905355915,0.0,0.0,0.0,0.0,0.0
1732,94.30181987347927,5.0,94.29873060859833,94.30356066978734,27.12519301491144,0.0033948734157594907,0.0,0.0,0.0,0.0,0.0
1733,94.39289937267884,3.0,94.39028096861668,94.39405850505597,22.232936683951912,0.004337631126367993,0.0,0.0,0.0,0.0,0.0
1734,94.4803783061605,6.0,94.47581723331075,94.48333467545815,49.87365596485285,0.003979804621940375,0.0,0.0,0.0,0.0,0.0
1735,94.528803398288,3.0,94.5281833289904,94.52885832376451,3.9670141085138004,0.00245572973314942,0.0,0.0,0.0,0.0,0.0
1736,94.57176121545464,4.0,94.56865855349865,94.57362283062498,34.3990454127094,0.0018117618852175317,0.0,0.0,0.0,0.0,0.0
1737,94.6011198488853,4.0,94.60058721936589,94.6039352788419,16.837737496716912,0.0034722992665456183,0.0,0.0,0.0,0.0,0.0
1738,94.73851616393324,5.0,94.73478394734401,94.74290485993923,42.46970815053781,0.0013264632604783981,0.0,0.0,0.0,0.0,0.0
1739,94.77922020701712,4.0,94.77896737654622,94.7813711089547,10.395701454099262,0.0035878219838513183,0.0,0.0,0.0,0.0,0.0
1740,94.84202531115503,4.0,94.8405685292844,94.84361409182561,25.167485492538418,0.0038825619550774404,0.0,0.0,0.0,0.0,0.0
1741,94.89934553057824,6.0,94.89903371536263,94.90042736219421,6.857926888348673,0.00456130721852902,0.0,0.0,0.0,0.0,0.0
1742,94.9609451129902,295.0,94.96030532366673,94.96160473983879,5.557306155684782,0.0625165347422412,0.0,0.0,0.0,0.0,0.0
1743,95.00174669156353,4.0,95.00061463801579,95.00492266085082,27.28729602597636,0.004652519129422444,0.0,0.0,0.0,0.0,0.0
1744,95.04171967864646,3.0,95.04072644300784,95.04192496117453,7.005801538530224,0.0013957181924247161,0.0,0.0,0.0,0.0,0.0
1745,95.0490885021601,194.0,95.04851742521147,95.04943871068987,3.162176342434561,0.2987111881384421,0.0,0.0,0.0,0.0,0.0
1746,95.08539668740045,273.0,95.08494853408722,95.08584194805874,3.9829105231942075,0.2165558412607202,0.0,0.0,0.0,0.0,0.0
1747,95.10250165391712,3.0,95.10030212911239,95.10347964054942,18.56191058046851,0.007745154925454563,0.0,0.0,0.0,0.0,0.0
1748,95.36191951250716,3.0,95.35965710030722,95.36376730232749,23.945046182756226,0.004200447859996798,0.0,0.0,0.0,0.0,0.0
1749,95.39426233433878,3.0,95.39305025848387,95.3962852151395,18.83968802773257,0.002815647795150458,0.0,0.0,0.0,0.0,0.0
1750,95.41225083223104,3.0,95.41054638498241,95.41429480281134,21.82585916646811,0.005445273518172804,0.0,0.0,0.0,0.0,0.0
1751,95.42279745513866,3.0,95.42260043493025,95.4247489279723,12.50861720080936,0.002146988975433504,0.0,0.0,0.0,0.0,0.0
1752,95.58237114212253,4.0,95.58042434175292,95.58461663623204,32.32987392870832,0.0016429634890910844,0.0,0.0,0.0,0.0,0.0
1753,95.5937839354136,3.0,95.59269646005615,95.59436262745942,9.683145904084048,0.005115862506452961,0.0,0.0,0.0,0.0,0.0
1754,95.65842522845101,4.0,95.65468482927798,95.66081922997502,37.67462986033354,0.0021633962755167966,0.0,0.0,0.0,0.0,0.0
1755,95.69792894959996,3.0,95.69710645383076,95.70017864696284,17.835014623647826,0.0011553104186455814,0.0,0.0,0.0,0.0,0.0
1756,95.71213245221054,3.0,95.71181143472462,95.71426669359235,14.251408565877815,0.002363211580013522,0.0,0.0,0.0,0.0,0.0
1757,95.75948757602251,4.0,95.75672044265238,95.76228783972992,26.539018727867674,0.00607367704374139,0.0,0.0,0.0,0.0,0.0
1758,95.96956377616378,12.0,95.96793268750353,95.9701401191509,3.7839106876267405,0.003161441512723479,0.0,0.0,0.0,0.0,0.0
1759,96.04478167553897,6.0,96.04293369573996,96.04679690260915,19.211583685668106,0.005156667536306016,0.0,0.0,0.0,0.0,0.0
1760,96.05234588288305,27.0,96.052103921081,96.0531234652743,4.465785731367221,0.020110496913756885,0.0,0.0,0.0,0.0,0.0
1761,96.08871065728069,5.0,96.0883457555703,96.08973235259623,2.080697925441031,0.0014836283272809047,0.0,0.0,0.0,0.0,0.0
1762,96.18914336415202,3.0,96.18701931222952,96.19005965734115,17.559992307782256,0.002393630026720823,0.0,0.0,0.0,0.0,0.0
1763,96.35895066083796,5.0,96.35752634764002,96.36092957030142,17.354248233556547,0.007271829810525309,0.0,0.0,0.0,0.0,0.0
1764,96.44013134666544,7.0,96.43359493838537,96.4437063215163,65.63573558624257,0.0035241781087373223,0.0,0.0,0.0,0.0,0.0
1765,96.57395348815416,5.0,96.57299396745576,96.57825617752646,29.90412512668579,0.003100702527937041,0.0,0.0,0.0,0.0,0.0
1766,96.65987511522634,5.0,96.65735242451571,96.66257576230433,37.455197625746784,0.004625294101814481,0.0,0.0,0.0,0.0,0.0
1767,96.95713421015353,3.0,96.95614888111184,96.95890475359722,15.790898546317528,0.0032919105001511504,0.0,0.0,0.0,0.0,0.0
1768,96.9629196870468,3.0,96.96232451333383,96.96511543707562,15.990784878405023,0.0011982024753709082,0.0,0.0,0.0,0.0,0.0
1769,97.07457985857616,6.0,97.06990753619027,97.07586242572299,38.068265438800594,0.005657410516120609,0.0,0.0,0.0,0.0,0.0
1770,97.10109776211588,19.0,97.10076185720511,97.10353705585742,5.950021991690595,0.012969765932940575,0.0,0.0,0.0,0.0,0.0
1771,97.2007446430662,5.0,97.20042450798113,97.20369561581087,12.779163598591275,0.0028382759821591937,0.0,0.0,0.0,0.0,0.0
1772,97.33547961914296,3.0,97.33534022068233,97.33649058076237,6.565837409495079,0.0027467281560181515,0.0,0.0,0.0,0.0,0.0
1773,97.34119774010928,5.0,97.33987318779825,97.34270483198218,18.323972783102935,0.0027174362204617423,0.0,0.0,0.0,0.0,0.0
1774,97.37682314334911,3.0,97.3768073008305,97.37792589556385,6.381821653986161,0.002055689265741094,0.0,0.0,0.0,0.0,0.0
1775,97.47526895781183,4.0,97.4730019677064,97.47696447508328,14.318970845093272,0.004302836429107903,0.0,0.0,0.0,0.0,0.0
1776,97.49052832206618,3.0,97.48875974143927,97.49125025306591,14.192328159284221,0.001978301597480696,0.0,0.0,0.0,0.0,0.0
1777,97.50486406084867,5.0,97.50301583452622,97.50680327398054,18.92765141416244,0.004204032697797197,0.0,0.0,0.0,0.0,0.0
1778,97.89461328677235,3.0,97.8933398746452,97.89491642486934,8.946980903595827,0.002695974546840471,0.0,0.0,0.0,0.0,0.0
1779,97.93695097028443,4.0,97.9339881195754,97.93800084901545,18.66601611822222,0.0032470125699087197,0.0,0.0,0.0,0.0,0.0
1780,97.9455156419008,11.0,97.94491031380082,97.94619190600307,4.028755713539216,0.0073555632571769055,0.0,0.0,0.0,0.0,0.0
1781,98.01365685276818,4.0,98.0112617704913,98.0165682885853,26.775128276400523,0.003612157618498049,0.0,0.0,0.0,0.0,0.0
1782,98.03186389383713,3.0,98.03127148822618,98.03287794752107,9.103952027540869,0.002826906702372641,0.0,0.0,0.0,0.0,0.0
1783,98.05991044227106,32.0,98.05950593485035,98.06044390647654,4.113177769322988,0.01202435605610637,0.0,0.0,0.0,0.0,0.0
1784,98.11094322944402,4.0,98.10851327353949,98.11338157647398,23.135295645500353,0.006356117070065002,0.0,0.0,0.0,0.0,0.0
1785,98.18955917639025,4.0,98.18841160145286,98.19247137335125,26.372302440781205,0.002103001748567164,0.0,0.0,0.0,0.0,0.0
1786,98.383719271939,3.0,98.38170697563757,98.38530932299359,20.341821812593153,0.004722511480634517,0.0,0.0,0.0,0.0,0.0
1787,98.5555663091034,3.0,98.55473484401729,98.55689681157025,12.186963455778791,0.0036215468296786364,0.0,0.0,0.0,0.0,0.0
1788,98.64330813977523,4.0,98.6421529942316,98.64614868754818,20.496359870719868,0.004010155415510564,0.0,0.0,0.0,0.0,0.0
1789,98.91062528466522,4.0,98.90843221985556,98.91202991614026,20.40285355189816,0.0053584219914690175,0.0,0.0,0.0,0.0,0.0
1790,98.91904529351557,3.0,98.91886256408257,98.92057582055206,9.622102062361744,0.0027937971919353762,0.0,0.0,0.0,0.0,0.0
1791,98.9556158711502,1154.0,98.95514843578643,98.95617830521024,3.9189428757715508,0.3123687716287096,0.0,1.3425967742742115,0.0,0.0,0.0
1792,98.97527864832105,10.0,98.97486831058158,98.97555110291785,3.7944626549558143,0.01395021048065605,0.0,0.0,0.0,0.0,0.0
1793,99.04392689656936,514.0,99.04342707236032,99.04445630136625,3.999467081859281,0.26879267635762255,0.0,0.0,0.0,0.0,0.0
1794,99.08087875215722,8.0,99.07992067819583,99.08115256304535,7.898543777309445,0.00366234754686103,0.0,0.0,0.0,0.0,0.0
1795,99.09158147834695,16.0,99.09128805967197,99.09836875051877,18.18981484669736,0.009695135043227944,0.0,0.0,0.0,0.0,0.0
1796,99.30875315955308,3.0,99.30696972954428,99.30896494206662,11.161668695274992,0.0017334980904553559,0.0,0.0,0.0,0.0,0.0
1797,99.35890605829502,3.0,99.35689606331606,99.35903461065108,11.957477189729248,0.0031561989275199235,0.0,0.0,0.0,0.0,0.0
1798,99.50880825097283,3.0,99.50777562237899,99.50891812675398,6.378577574446896,0.0043592937096924985,0.0,0.0,0.0,0.0,0.0
1799,99.5376295758428,3.0,99.5353933738622,99.54011775331271,26.368472521108405,0.002247882123320891,0.0,0.0,0.0,0.0,0.0
1800,99.55767113677884,3.0,99.55554299984222,99.55772793415758,12.192454720493984,0.0029449630901783493,0.0,0.0,0.0,0.0,0.0
1801,99.72764843575388,4.0,99.72564612995495,99.72941484957572,28.490997205253027,0.0019371305176734137,0.0,0.0,0.0,0.0,0.0
1802,99.80545373799865,4.0,99.80381819240918,99.8067460090365,18.82622374451114,0.009484197970387966,0.0,0.0,0.0,0.0,0.0
1803,99.93968005567517,4.0,99.93723958951578,99.94205621594996,17.875111005095796,0.005921701513232194,0.0,0.0,0.0,0.0,0.0
1804,99.96298218212598,26.0,99.95715167386291,99.96429084969391,10.853508228178557,0.00815798419374463,0.0,0.0,0.0,0.0,0.0
1805,100.0473488913899,70.0,100.04682809878713,100.04772435624002,2.3109067847175635,0.07586441219400132,0.0,0.0,0.0,0.0,0.0
1806,100.0600377075117,4.0,100.05697152631556,100.06252635454672,26.306308640736393,0.004864830948498502,0.0,0.0,0.0,0.0,0.0
1807,100.07558758120129,72.0,100.07515221398846,100.07601586092886,2.6083475264119804,0.06240890401759453,0.0,0.0,0.0,0.0,0.0
1808,100.08206256755984,5.0,100.08187180368509,100.08317308672845,4.301116307131097,0.004367516817631993,0.0,0.0,0.0,0.0,0.0
1809,100.11200074648848,53.0,100.11151982510982,100.11239618010775,2.562311942705263,0.10489208748486288,0.0,0.0,0.0,0.0,0.0
1810,100.12432309999885,3.0,100.1232226299353,100.12514856378466,10.686346898741391,0.0031994032557157463,0.0,0.0,0.0,0.0,0.0
1811,100.19036868968442,3.0,100.18921048348781,100.1926516949968,19.081516483634264,0.005702114210527323,0.0,0.0,0.0,0.0,0.0
1812,100.30788916383256,3.0,100.30532694658882,100.30789304699366,14.212355058882144,0.0018204858306241462,0.0,0.0,0.0,0.0,0.0
1813,100.45458656881112,3.0,100.45395251246647,100.4546777591749,4.010915297967018,0.0006906978091534736,0.0,0.0,0.0,0.0,0.0
1814,100.57170359252235,3.0,100.57004829572756,100.57174929019077,9.396250538162738,0.0041576693740621425,0.0,0.0,0.0,0.0,0.0
1815,100.70773636069542,6.0,100.70460483117398,100.70981789218226,28.278278067090387,0.003207560786618474,0.0,0.0,0.0,0.0,0.0
1816,100.77370943514867,3.0,100.77136328761635,100.77476608531907,18.759289290581833,0.005213437007478194,0.0,0.0,0.0,0.0,0.0
1817,100.79400872301647,4.0,100.79168411505549,100.79493161860563,18.068242241537366,0.00702211202835607,0.0,0.0,0.0,0.0,0.0
1818,100.86881539596664,4.0,100.86729637956043,100.86960437328399,13.843585110960278,0.002020018753622202,0.0,0.0,0.0,0.0,0.0
1819,100.92553188619651,4.0,100.9245095114029,100.92678452882014,6.762006007643398,0.0019866490038468847,0.0,0.0,0.0,0.0,0.0
1820,100.9395548965497,3.0,100.93695069465677,100.94122394752752,23.519316833376777,0.002707251269506494,0.0,0.0,0.0,0.0,0.0
1821,100.97179950721753,5.0,100.96990796409854,100.975264568007,31.60138359925113,0.006114649291776195,0.0,0.0,0.0,0.0,0.0
1822,101.0231728222127,239.0,101.02279156920399,101.02361676132821,2.511862642869385,0.253042410847785,0.0,0.0,0.0,0.0,0.0
1823,101.04845104996473,8.0,101.0463446697864,101.04863358131449,6.298752027296563,0.005414178287735298,0.0,0.0,0.0,0.0,0.0
1824,101.05964374446586,30.0,101.05709880932909,101.06015757017954,3.8095658256314158,0.031232982290455354,0.0,0.0,0.0,0.0,0.0
1825,101.10096720050728,3.0,101.09859805915744,101.10097776416048,13.076614117829939,0.0015850916418967257,0.0,0.0,0.0,0.0,0.0
1826,101.13995223787056,3.0,101.1379468657777,101.14018485037677,12.293112165541187,0.0017393604246178844,0.0,0.0,0.0,0.0,0.0
1827,101.14570931518575,4.0,101.14401172412055,101.14953683804714,34.23832516878729,0.0038523447679909536,0.0,0.0,0.0,0.0,0.0
1828,101.20633361248072,3.0,101.20546977469901,101.20831237830366,15.604005880297423,0.002863384644702168,0.0,0.0,0.0,0.0,0.0
1829,101.39399591524324,3.0,101.39353348795909,101.3956707753834,11.710574099238306,0.003617320039680238,0.0,0.0,0.0,0.0,0.0
1830,101.42701721775848,4.0,101.42442240998454,101.42791047004715,18.35582409253417,0.0015427337295538656,0.0,0.0,0.0,0.0,0.0
1831,101.4546267239252,4.0,101.45386234963833,101.45695680590742,8.982634273020127,0.0033592350999348797,0.0,0.0,0.0,0.0,0.0
1832,101.86657036894108,4.0,101.86557375578963,101.86918148741218,18.76401657320134,0.0015019787550271137,0.0,0.0,0.0,0.0,0.0
1833,101.97690320733716,6.0,101.97632342585658,101.97907835172569,4.527652198429946,0.0035112100650422856,0.0,0.0,0.0,0.0,0.0
1834,102.01931234314289,3.0,102.01721422798121,102.01936455833156,11.709821846199546,0.0014459352097383458,0.0,0.0,0.0,0.0,0.0
1835,102.02658929871093,4.0,102.02655825344918,102.02671788594213,0.6248743501370254,0.001565594015434315,0.0,0.0,0.0,0.0,0.0
1836,102.06149269448392,4.0,102.05921248676118,102.06432152537369,32.040627899692076,0.00854317043074299,0.0,0.0,0.0,0.0,0.0
1837,102.09120076858488,1233.0,102.0907011390453,102.09180504669968,3.8386216348041557,1.135210940678434,0.0,2.7206058113808935,0.0,0.0,0.0
1838,102.26087669430174,5.0,102.25791103985384,102.26148862945894,24.986112036116875,0.009906384947544599,0.0,0.0,0.0,0.0,0.0
1839,102.69329358936592,3.0,102.69296032421164,102.69388426596691,4.998388475061934,0.006876111118827281,0.0,0.0,0.0,0.0,0.0
1840,102.70445618723934,5.0,102.69986705830344,102.7081631510586,37.78394228210516,0.0015275264052728196,0.0,0.0,0.0,0.0,0.0
1841,102.82838024771831,4.0,102.82730850525569,102.82894349022551,5.609503763671277,0.002475191856105204,0.0,0.0,0.0,0.0,0.0
1842,102.97018908029037,10.0,102.96995627789826,102.97049625544614,2.216628132896616,0.016865364059430732,0.0,0.0,0.0,0.0,0.0
1843,103.022956020636,3.0,103.02243974956109,103.02490822075798,13.311333125492045,0.0025610574165515444,0.0,0.0,0.0,0.0,0.0
1844,103.03877527387972,14.0,103.03854628632371,103.03901853847923,2.753998827791082,0.017300029294450223,0.0,0.0,0.0,0.0,0.0
1845,103.05393251762963,7.0,103.05343696598293,103.05493437894145,9.335245190956375,0.002159934046524495,0.0,0.0,0.0,0.0,0.0
1846,103.0752624172667,244.0,103.07475504661167,103.07603583956822,3.975201376426566,0.06890934039867504,0.0,0.0,0.0,0.0,0.0
1847,103.0947106561039,26.0,103.09384926220869,103.09546724091106,4.934149082682762,0.009713768069978753,0.0,0.0,0.0,0.0,0.0
1848,103.13038874866923,5.0,103.12821171187126,103.1304713470266,8.705312204665303,0.0016449498507782997,0.0,0.0,0.0,0.0,0.0
1849,103.2905389529335,3.0,103.29047559261006,103.2917314173417,6.754543189851971,0.003018963130938914,0.0,0.0,0.0,0.0,0.0
1850,103.2986796312469,3.0,103.29692659662443,103.30121086086284,23.041405830245036,0.00448495724488544,0.0,0.0,0.0,0.0,0.0
1851,103.39563293875254,4.0,103.39443780342262,103.398582003226,20.496997178979214,0.0023522896300047953,0.0,0.0,0.0,0.0,0.0
1852,103.4101499324333,6.0,103.4076019794419,103.41256849811705,18.1391023197788,0.006317082639982994,0.0,0.0,0.0,0.0,0.0
1853,103.49451513892552,3.0,103.49405085802263,103.49505033219118,5.365148348484027,0.0035814983174567478,0.0,0.0,0.0,0.0,0.0
1854,103.56093350674598,6.0,103.55873116926273,103.56397643233151,32.491157883780154,0.004907651519443505,0.0,0.0,0.0,0.0,0.0
1855,103.63614233145611,3.0,103.635340023796,103.6365196651514,6.323627007073079,0.003119562901767215,0.0,0.0,0.0,0.0,0.0
1856,103.76359566694484,3.0,103.76295298913655,103.76581906938421,15.345139053997709,0.0008095022037504037,0.0,0.0,0.0,0.0,0.0
1857,103.79293504289906,3.0,103.79259709848225,103.79415380391653,8.332323891024979,0.006289293748442045,0.0,0.0,0.0,0.0,0.0
1858,103.88187441698642,3.0,103.88074724746153,103.88373311068437,15.96826117059645,0.004582644474562082,0.0,0.0,0.0,0.0,0.0
1859,103.90949388543117,8.0,103.90397939151751,103.91374604468082,49.68507227877865,0.003860850128477415,0.0,0.0,0.0,0.0,0.0
1860,103.92363519773626,6.0,103.91843817112455,103.929138829068,62.94413085670279,0.006406094248317331,0.0,0.0,0.0,0.0,0.0
1861,103.98263859525876,4.0,103.98182661535957,103.98320850675873,9.467011525388736,0.0022333764719134988,0.0,0.0,0.0,0.0,0.0
1862,104.04942235686491,22.0,104.04727370647916,104.04966176674465,2.7176712958202622,0.009938706308487854,0.0,0.0,0.0,0.0,0.0
1863,104.08561216593124,3.0,104.08440291613388,104.0877367970174,17.794544393359452,0.0021247166976290613,0.0,0.0,0.0,0.0,0.0
1864,104.10696033120254,4.0,104.1068137910387,104.10722519248154,1.3626480176659066,0.003731920972253995,0.0,0.0,0.0,0.0,0.0
1865,104.1204303178518,3.0,104.118915249448,104.12146675308226,13.614062242121285,0.0018437660872748516,0.0,0.0,0.0,0.0,0.0
1866,104.21738981008023,3.0,104.2167331931888,104.21893597347652,11.742443643319412,0.00212400289796961,0.0,0.0,0.0,0.0,0.0
1867,104.47168003459674,3.0,104.46922359339808,104.47255562804352,17.718968030005488,0.003079042000494791,0.0,0.0,0.0,0.0,0.0
1868,104.74693503214633,5.0,104.74194288942053,104.75054528716062,50.332713123079564,0.007185103362359277,0.0,0.0,0.0,0.0,0.0
1869,104.83148500276828,3.0,104.83131586809537,104.8315220109266,1.0924560986253464,0.005351658128123943,0.0,0.0,0.0,0.0,0.0
1870,104.9207407112458,5.0,104.91651629516439,104.92247851357044,36.8820722427532,0.002870088798994196,0.0,0.0,0.0,0.0,0.0
1871,105.00314190674567,18.0,104.999533378423,105.00357516597501,3.8902945456121167,0.014040550983808383,0.0,0.0,0.0,0.0,0.0
1872,105.03683261224693,3.0,105.03570493755595,105.03685784988936,6.0979261843617225,0.0014148287465978063,0.0,0.0,0.0,0.0,0.0
1873,105.04463331017104,181.0,105.04419948963418,105.0450251957066,2.8082463551315855,0.32095002639139575,0.0,0.0,0.0,0.0,0.0
1874,105.06981639428676,15.0,105.06920055681047,105.07037852224363,6.240325293725559,0.00694220824508455,0.0,0.0,0.0,0.0,0.0
1875,105.12188314872375,3.0,105.11927141347479,105.12211272916753,15.015985928917518,0.005177653932034802,0.0,0.0,0.0,0.0,0.0
1876,105.22413157281724,3.0,105.22306353787286,105.22516099867642,11.074037718828713,0.0011697936029383506,0.0,0.0,0.0,0.0,0.0
1877,105.33494752525408,3.0,105.33350841532152,105.3361234294393,13.79205719592481,0.011576375620342156,0.0,0.0,0.0,0.0,0.0
1878,105.47733675715594,3.0,105.47645577117873,105.47858647738386,11.2225593278991,0.0022281070843946987,0.0,0.0,0.0,0.0,0.0
1879,105.50110494568948,3.0,105.4996433893236,105.50190739762834,11.921983112564577,0.002531304449716426,0.0,0.0,0.0,0.0,0.0
1880,105.55730312650098,4.0,105.55607567942722,105.55811010426815,11.980111644851085,0.004296736162157346,0.0,0.0,0.0,0.0,0.0
1881,105.94230644848768,3.0,105.94049799894323,105.94422813454514,19.56062338165711,0.00600398353577253,0.0,0.0,0.0,0.0,0.0
1882,105.96135868979104,3.0,105.96048591450418,105.96397977204313,18.318300086789463,0.0011493109774858437,0.0,0.0,0.0,0.0,0.0
1883,106.04811967019135,28.0,106.04757456466429,106.0485173750482,3.80220141558099,0.01822214704272529,0.0,0.0,0.0,0.0,0.0
1884,106.0701280018122,3.0,106.06932213067056,106.0710557839787,9.080225930687607,0.0022491394431390136,0.0,0.0,0.0,0.0,0.0
1885,106.36384259050868,3.0,106.363289652343,106.3647257716939,7.50108368034379,0.0037124169277010077,0.0,0.0,0.0,0.0,0.0
1886,106.38158331511204,3.0,106.38106792581256,106.3821592970323,5.699457795347427,0.0032174480457836927,0.0,0.0,0.0,0.0,0.0
1887,106.39093949590868,6.0,106.38739758637671,106.39476395229887,42.16757276757842,0.0054416949572893,0.0,0.0,0.0,0.0,0.0
1888,106.45849995339535,4.0,106.45530840975755,106.45990853118961,30.956832478584936,0.002887613812674629,0.0,0.0,0.0,0.0,0.0
1889,106.51054852610045,4.0,106.5095993522997,106.51212676229429,9.34645614881613,0.00659960057789743,0.0,0.0,0.0,0.0,0.0
1890,106.68133040996358,3.0,106.67982987735236,106.68255699844201,14.201803316490922,0.004124887880998288,0.0,0.0,0.0,0.0,0.0
1891,106.71492035203698,5.0,106.70996190832862,106.71543216810868,28.354854290577034,0.0034979174960016214,0.0,0.0,0.0,0.0,0.0
1892,106.81111450645712,5.0,106.80881669392777,106.81427173169195,38.98131957677414,0.002598349858776854,0.0,0.0,0.0,0.0,0.0
1893,107.24679778508433,7.0,107.24214696655166,107.253341499485,70.20906155880913,0.008354897263163328,0.0,0.0,0.0,0.0,0.0
1894,107.64014607842988,3.0,107.63961309681571,107.64043263680578,4.229834416548989,0.0021564204314096446,0.0,0.0,0.0,0.0,0.0
1895,107.9515830526386,3.0,107.9513912538106,107.95377474652611,12.26626402590841,0.0025016595065155706,0.0,0.0,0.0,0.0,0.0
1896,107.96041267029736,3.0,107.95837058155658,107.96102887226904,13.679349097060834,0.0033120327508311728,0.0,0.0,0.0,0.0,0.0
1897,108.01479296787106,3.0,108.0137034424549,108.01720100394878,17.989107468027026,0.001779465626918151,0.0,0.0,0.0,0.0,0.0
1898,108.03769622882452,3.0,108.03659256782056,108.0388421019055,11.567639832331745,0.004540952007531038,0.0,0.0,0.0,0.0,0.0
1899,108.05637833955004,3.0,108.05571887668268,108.05707227567632,6.958296598088791,0.004044795620411739,0.0,0.0,0.0,0.0,0.0
1900,108.2216773195282,7.0,108.21636550193263,108.22557307493403,39.928609844326694,0.010848397929481026,0.0,0.0,0.0,0.0,0.0
1901,108.24360643741903,4.0,108.24206985670362,108.24513097965107,15.292900584379723,0.0036324999460144434,0.0,0.0,0.0,0.0,0.0
1902,108.40113241786936,3.0,108.40027847548687,108.4016505492395,7.031874842015715,0.0022074300228460244,0.0,0.0,0.0,0.0,0.0
1903,108.59574443735812,3.0,108.59401125285474,108.59780756584014,19.421228525937824,0.006331631395485065,0.0,0.0,0.0,0.0,0.0
1904,108.81651320408885,4.0,108.81545266154929,108.81786492430867,14.623230171479937,0.0056855446219332235,0.0,0.0,0.0,0.0,0.0
1905,108.97654304007293,63.0,108.9756603278757,108.9774924417442,5.372737759388915,0.01417750505245076,0.0,0.0,0.0,0.0,0.0
1906,109.02772751931596,7.0,109.02496905224615,109.02829661566139,13.32737385897193,0.003819367769684643,0.0,0.0,0.0,0.0,0.0
1907,109.03912068288331,4.0,109.03812951134424,109.04023137648008,16.3664255451666,0.0035684454902925873,0.0,0.0,0.0,0.0,0.0
1908,109.1364108119884,3.0,109.13519533336505,109.13895221939502,19.12431323354314,0.0019470214979967248,0.0,0.0,0.0,0.0,0.0
1909,109.20211605818704,3.0,109.20041151721277,109.20401864907015,18.350946074389665,0.0029158622731184224,0.0,0.0,0.0,0.0,0.0
1910,109.25865370169437,4.0,109.25681934775183,109.26151117357806,30.195634820467898,0.003696090301239501,0.0,0.0,0.0,0.0,0.0
1911,110.05238857332346,3.0,110.05038841546623,110.05423502204697,19.418057923717466,0.0028249749229092617,0.0,0.0,0.0,0.0,0.0
1912,110.15823542378196,3.0,110.15776519903099,110.160649873366,14.54813475008787,0.0015041859670873708,0.0,0.0,0.0,0.0,0.0
1913,110.33901797642734,3.0,110.33663336815076,110.34023140112815,18.116050390214824,0.002616970385792182,0.0,0.0,0.0,0.0,0.0
1914,110.59291926569009,3.0,110.59225928476096,110.59316942072411,4.5720023849998395,0.0031476317514313123,0.0,0.0,0.0,0.0,0.0
1915,110.7954114751997,3.0,110.7929099346466,110.79632385722901,17.118250942319634,0.004016767237981454,0.0,0.0,0.0,0.0,0.0
1916,110.94577364462998,6.0,110.94422489302589,110.94683031197124,3.7868367678397594,0.003988617249078346,0.0,0.0,0.0,0.0,0.0
1917,110.9646335544385,4.0,110.9638835495728,110.96716664213969,10.204304476168781,0.0021494769068032605,0.0,0.0,0.0,0.0,0.0
1918,111.0439942465098,4.0,111.04397519592169,111.0442415473185,0.9360710718753131,0.01136557058980841,0.0,0.0,0.0,0.0,0.0
1919,111.22521674716616,3.0,111.2231773537655,111.22548398668214,11.521332742220286,0.0032078626521212087,0.0,0.0,0.0,0.0,0.0
1920,111.44804337522696,3.0,111.44661604666386,111.45058389713525,19.779273877260252,0.0025103958305164394,0.0,0.0,0.0,0.0,0.0
1921,111.63277755373686,4.0,111.63111400548364,111.63461951503248,15.06955580702757,0.002101704957963479,0.0,0.0,0.0,0.0,0.0
1922,111.67192810691266,3.0,111.67047766386642,111.67414820585068,18.260542517890396,0.0018056619662312372,0.0,0.0,0.0,0.0,0.0
1923,111.84611682053824,3.0,111.84486474276187,111.84745442364948,12.863312961911896,0.001418022340761327,0.0,0.0,0.0,0.0,0.0
1924,111.92481550226704,9.0,111.91774611668609,111.9286725564759,70.69977319130757,0.011776957440096183,0.0,0.0,0.0,0.0,0.0
1925,111.95588355775106,5.0,111.95305589936711,111.95858465824908,39.321370782851226,0.0042571210554131905,0.0,0.0,0.0,0.0,0.0
1926,111.97408380745293,8.0,111.97208504829266,111.97717210247876,19.776297768784236,0.00320559779588906,0.0,0.0,0.0,0.0,0.0
1927,112.01611810350808,3.0,112.01452027578313,112.01692925135974,11.94756422072748,0.007510701184288298,0.0,0.0,0.0,0.0,0.0
1928,112.04281645083816,6.0,112.04006457544236,112.04412149814175,18.708925568655552,0.003202061811263476,0.0,0.0,0.0,0.0,0.0
1929,112.04752979250298,3.0,112.04730110136576,112.04754569526798,1.2127487458995334,0.00146567496825266,0.0,0.0,0.0,0.0,0.0
1930,112.07535152672133,14.0,112.07479369189885,112.07592678669961,3.411722785344869,0.00600334683176447,0.0,0.0,0.0,0.0,0.0
1931,112.13421005021176,5.0,112.13268763669193,112.13905025910051,29.72091931751343,0.005808163938623429,0.0,0.0,0.0,0.0,0.0
1932,112.15791381148684,3.0,112.15689006563886,112.15801162287896,5.555447087468389,0.0023221260039464494,0.0,0.0,0.0,0.0,0.0
1933,112.22933409145807,4.0,112.22811874920579,112.23090713397767,21.47441088489587,0.0021140336889628815,0.0,0.0,0.0,0.0,0.0
1934,112.38238455345196,3.0,112.38220982004036,112.38319276983616,4.859153167621869,0.0017123106651930052,0.0,0.0,0.0,0.0,0.0
1935,112.44343867956471,4.0,112.44075854684678,112.44458312881717,20.24039890673959,0.007257922294207282,0.0,0.0,0.0,0.0,0.0
1936,112.64900031230724,5.0,112.64681602638447,112.65374821259043,44.862464345145014,0.007331986496567709,0.0,0.0,0.0,0.0,0.0
1937,112.8941306106795,4.0,112.89335153417183,112.89702395307998,15.359867284594744,0.003583440082474368,0.0,0.0,0.0,0.0,0.0
1938,112.96223581032318,5.0,112.96113412290948,112.96466740767303,6.795839058220067,0.0027222735028925955,0.0,0.0,0.0,0.0,0.0
1939,112.97125365182964,3283.0,112.97085566244523,112.97170504136416,2.8221882203632127,1.924762421721857,0.0,4.940618885124529,1.633480331789303,0.0,2.907058906085517
1940,112.9908922951456,11.0,112.98940322238587,112.99217587397942,5.52772023599421,0.009970270724916913,0.0,0.0,0.0,0.0,0.0
1941,113.03391979151658,5.0,113.03201722526926,113.03457242319719,19.639059142727135,0.009510998290712358,0.0,0.0,0.0,0.0,0.0
1942,113.05954814351317,248.0,113.05897077775428,113.06054007585308,5.0006007184871555,0.11987340162910474,0.0,0.0,0.0,0.0,0.0
1943,113.07074080311851,78.0,113.0699079477835,113.07109932980109,3.870601360941204,0.11702708441116123,0.0,0.0,0.0,0.0,0.0
1944,113.36224386408476,4.0,113.35968488371078,113.36482151647613,19.198388811395766,0.0027463722961316946,0.0,0.0,0.0,0.0,0.0
1945,113.4241424439334,3.0,113.42356085684932,113.42450622042044,4.630424992695593,0.003838266950412759,0.0,0.0,0.0,0.0,0.0
1946,113.44971436756188,3.0,113.44752545857001,113.45073529898382,15.718370771309038,0.0013941106108431138,0.0,0.0,0.0,0.0,0.0
1947,113.53638809196238,4.0,113.53581857777738,113.53821334096622,13.01566851666693,0.004828210756069295,0.0,0.0,0.0,0.0,0.0
1948,113.97096280904901,6.0,113.9704457932076,113.97328079857263,9.00149534218868,0.004663786744048161,0.0,0.0,0.0,0.0,0.0
1949,113.9863843157311,39.0,113.98556927857986,113.98725067969724,4.6406258086073,0.01981283329439173,0.0,0.0,0.0,0.0,0.0
1950,114.04569646499498,3.0,114.04392850295358,114.04590113703597,9.609374641249833,0.0025039751823219517,0.0,0.0,0.0,0.0,0.0
1951,114.05483585863196,3414.0,114.05441015628729,114.055353851163,3.1446629306421308,2.0404027431350418,0.0,5.538225708756512,1.4508540925851325,0.0,2.787413351749618
1952,114.07391985783468,6.0,114.07036811338725,114.07468804053423,19.411338638074447,0.0017074849399547475,0.0,0.0,0.0,0.0,0.0
1953,114.09093928178346,8.0,114.08777758912856,114.09149274125076,6.7581587731021795,0.004448626472096345,0.0,0.0,0.0,0.0,0.0
1954,114.35502263616684,3.0,114.35460364809137,114.35630209334366,8.251327086180064,0.0021493056051693324,0.0,0.0,0.0,0.0,0.0
1955,114.45933696461742,3.0,114.45905926728311,114.45936480944869,1.4830214121568046,0.0029429768716784043,0.0,0.0,0.0,0.0,0.0
1956,114.60322250350363,4.0,114.60230473241138,114.60332090523099,3.2084469668164277,0.0023224572455382113,0.0,0.0,0.0,0.0,0.0
1957,114.64244513416102,3.0,114.64161905920756,114.64288231886314,6.121737188553621,0.003341284325804736,0.0,0.0,0.0,0.0,0.0
1958,114.6710694981181,3.0,114.6700248461328,114.67250630517981,12.022111291691889,0.0028071417621668214,0.0,0.0,0.0,0.0,0.0
1959,114.95707357497973,4.0,114.9562592813541,114.95823070915729,12.914849592410391,0.006272904462269734,0.0,0.0,0.0,0.0,0.0
1960,114.98403851556776,18.0,114.98323897775397,114.98509601878384,4.001411407263001,0.018593629165732487,0.0,0.0,0.0,0.0,0.0
1961,115.03885436561036,12.0,115.03734604627769,115.03912752983422,1.9417686658436226,0.00364043007896255,0.0,0.0,0.0,0.0,0.0
1962,115.05568166486376,5.0,115.0539078623597,115.05691499466465,22.031296220925633,0.004778883065128048,0.0,0.0,0.0,0.0,0.0
1963,115.07561831990928,3.0,115.07495049874238,115.07575102235447,3.864722575750619,0.009035246381192722,0.0,0.0,0.0,0.0,0.0
1964,115.08666839509578,6.0,115.08640677701078,115.0878802347083,3.6454996435819487,0.006388840120894234,0.0,0.0,0.0,0.0,0.0
1965,115.41029355413728,3.0,115.409008646679,115.4115651530023,12.30636581002884,0.0023853588323589784,0.0,0.0,0.0,0.0,0.0
1966,115.46947308837169,13.0,115.46250704139342,115.4771253897699,95.69232407135462,0.011180374564987288,0.0,0.0,0.0,0.0,0.0
1967,115.66067510319635,3.0,115.65900767244612,115.66082310754209,8.72012075327426,0.0012680477606531093,0.0,0.0,0.0,0.0,0.0
1968,115.95574168625096,6.0,115.95560540856688,115.9572171089872,10.036582557645636,0.010349539506349972,0.0,0.0,0.0,0.0,0.0
1969,115.96990778836256,195.0,115.96907109134254,115.9706100344458,6.50482867660792,0.02726730847351593,0.0,0.0,0.0,0.0,0.0
1970,116.0621442922228,3.0,116.06129905079867,116.06246623435165,5.5869664579488605,0.001918758898325712,0.0,0.0,0.0,0.0,0.0
1971,116.07050823118074,5.0,116.07036553317354,116.07097433952583,2.3587356550439713,0.002628376482975755,0.0,0.0,0.0,0.0,0.0
1972,116.1069427139454,19.0,116.10595518133836,116.10778089352273,6.10007156170266,0.004554227617828463,0.0,0.0,0.0,0.0,0.0
1973,116.20070824653472,3.0,116.20042222613966,116.20080670889499,1.8382119521379705,0.0036198754186697038,0.0,0.0,0.0,0.0,0.0
1974,116.2774522181654,4.0,116.2760264920547,116.28002290099231,15.713850807352824,0.0024344282032381444,0.0,0.0,0.0,0.0,0.0
1975,116.32520031023542,4.0,116.32233502253004,116.32810755061652,28.866094534946562,0.005601072311004336,0.0,0.0,0.0,0.0,0.0
1976,116.33351616134884,3.0,116.33174548986034,116.33421879696358,11.811381166314092,0.011849535171053728,0.0,0.0,0.0,0.0,0.0
1977,116.4241951533226,3.0,116.42269165183198,116.42597884995044,15.685924858725981,0.0032895674950118086,0.0,0.0,0.0,0.0,0.0
1978,116.8168855324567,4.0,116.81488382661968,116.81802246153288,10.993926276627043,0.002008322492066551,0.0,0.0,0.0,0.0,0.0
1979,116.96608199978525,3810.0,116.96575495837703,116.96641797916786,1.9721475227779997,4.753986892011982,0.0,8.817896033054883,5.581626504378016,0.0,7.847251123670321
1980,116.98570888043956,9.0,116.9856770752032,116.98658480607033,0.7410592253594899,0.009853682109219577,0.0,0.0,0.0,0.0,0.0
1981,117.05463940051048,55.0,117.05406460808935,117.05672359706533,4.161839693944941,0.02277031470066286,0.0,0.0,0.0,0.0,0.0
1982,117.06982278083298,451.0,117.06913652851932,117.07046045277511,4.344051823405689,0.3565569444021019,0.0,0.0,0.0,0.0,0.0
1983,117.09091294837592,509.0,117.09016779532213,117.09166987676926,5.471137457434857,0.20029295600439478,0.0,0.0,0.0,0.0,0.0
1984,117.1020393216424,21.0,117.1009709146227,117.102249964071,2.183985889413964,0.009102138549001867,0.0,0.0,0.0,0.0,0.0
1985,117.27139950129032,3.0,117.27065409496349,117.27265347994776,9.471784599108314,0.0026436986109545247,0.0,0.0,0.0,0.0,0.0
1986,117.28674325378114,3.0,117.28521358339759,117.28766251650697,11.59993326057368,0.0026421452301655726,0.0,0.0,0.0,0.0,0.0
1987,117.42317091296944,3.0,117.42303206282038,117.4234969653726,2.1995590278694612,0.002059890908817009,0.0,0.0,0.0,0.0,0.0
1988,117.77783953987822,3.0,117.77743950558445,117.77890886685074,6.930945734836406,0.007587679338447095,0.0,0.0,0.0,0.0,0.0
1989,117.87195863419453,4.0,117.86832498867079,117.87528661272165,30.38315986425239,0.004750439297376777,0.0,0.0,0.0,0.0,0.0
1990,117.96562278155596,146.0,117.96500075496978,117.96646623849293,5.82450929006534,0.01997298689609702,0.0,0.0,0.0,0.0,0.0
1991,117.97521748541996,6.0,117.97409539916558,117.97798087809993,12.864915200392069,0.0052492140106383265,0.0,0.0,0.0,0.0,0.0
1992,118.06507184487714,121.0,118.06458151898684,118.06555356738085,3.094258566674097,0.19533315404263119,0.0,0.0,0.0,0.0,0.0
1993,118.11445624215769,4.0,118.11161574418006,118.11578727535439,25.635979952745306,0.0015339943721557948,0.0,0.0,0.0,0.0,0.0
1994,118.12262024871744,8.0,118.12236962769988,118.12370322862796,3.412768795680016,0.0034777427058059833,0.0,0.0,0.0,0.0,0.0
1995,118.27843086855498,3.0,118.27618271553591,118.28056379542606,20.577997648659313,0.0028742353552574204,0.0,0.0,0.0,0.0,0.0
1996,118.38488380200248,3.0,118.38352975585298,118.38513714940078,7.54316249478473,0.0014442511537492442,0.0,0.0,0.0,0.0,0.0
1997,118.53026864415637,4.0,118.52774552374127,118.53185811452747,12.473608935957746,0.0027039290889479014,0.0,0.0,0.0,0.0,0.0
1998,118.70837292175818,3.0,118.70568914860218,118.71012675227017,20.767999008155535,0.00173590409469148,0.0,0.0,0.0,0.0,0.0
1999,119.0397829916985,4.0,119.03723197347752,119.04169345282553,28.198895581205136,0.004584407915360106,0.0,0.0,0.0,0.0,0.0
2000,119.05891533301296,3.0,119.05803472933397,119.06117212559639,14.6397934056112,0.0018857837613761768,0.0,0.0,0.0,0.0,0.0
2001,119.08554812803126,41.0,119.08521874995114,119.0858754044166,2.2840265023605304,0.030178043098473682,0.0,0.0,0.0,0.0,0.0
2002,119.27656071892076,3.0,119.27600603465316,119.27878230415428,12.931056493859112,0.006253109677147907,0.0,0.0,0.0,0.0,0.0
2003,119.44938087183004,3.0,119.44846701680505,119.44952976501793,4.942810665934651,0.0020695239428287,0.0,0.0,0.0,0.0,0.0
2004,119.51117278466424,4.0,119.5081949344956,119.51390640013976,23.150881673523326,0.0009682809663300639,0.0,0.0,0.0,0.0,0.0
2005,119.74518715358724,3.0,119.74389328312463,119.74662040027553,12.652409001449186,0.0010415671578593527,0.0,0.0,0.0,0.0,0.0
2006,119.95094902659837,7.0,119.95047244844842,119.95141009464352,1.9486447555047217,0.007991289527081483,0.0,0.0,0.0,0.0,0.0
2007,119.97738290313322,3.0,119.97719033868174,119.97782008983961,2.916064227331513,0.002384939519610695,0.0,0.0,0.0,0.0,0.0
2008,120.37443606413316,3.0,120.37379611354005,120.37500563750697,5.582229760564018,0.0008896725892305886,0.0,0.0,0.0,0.0,0.0
2009,120.44298189553275,3.0,120.44198601407996,120.44526850888283,15.140842539186233,0.002839467567100836,0.0,0.0,0.0,0.0,0.0
2010,120.58990598231,3.0,120.58868085183265,120.59108952442276,11.096711851985106,0.0050908733986372075,0.0,0.0,0.0,0.0,0.0
2011,120.75924372354248,3.0,120.7569567631294,120.75950089840808,11.704350280609614,0.0032106045568359278,0.0,0.0,0.0,0.0,0.0
2012,120.97720800084107,15.0,120.97542030230447,120.98088139968351,23.002464511546904,0.0031238317458138127,0.0,0.0,0.0,0.0,0.0
2013,121.19648498006754,3.0,121.1947104747458,121.19720934393075,11.454628065580957,0.0026492244524691315,0.0,0.0,0.0,0.0,0.0
2014,121.65388849897894,3.0,121.65288364880148,121.65406273258469,5.384509729286419,0.002146654915704024,0.0,0.0,0.0,0.0,0.0
2015,121.76815531271374,4.0,121.76734790652881,121.77017833387936,14.54146141131798,0.003361031794400406,0.0,0.0,0.0,0.0,0.0
2016,122.03174300258266,5.0,122.03142615611867,122.03396710497383,16.26969927186879,0.0027133378449735895,0.0,0.0,0.0,0.0,0.0
2017,122.14787405692252,4.0,122.14643178622343,122.14982669905184,12.078979573836516,0.0040618044472226925,0.0,0.0,0.0,0.0,0.0
2018,122.2103573207835,4.0,122.20993550011721,122.21089174072205,4.505750361330884,0.001652225495716285,0.0,0.0,0.0,0.0,0.0
2019,122.24280332161555,3.0,122.24118563412966,122.24286720836909,7.642232388358037,0.002751517737278471,0.0,0.0,0.0,0.0,0.0
2020,122.25054349020269,4.0,122.24911933447707,122.25240913599038,10.912654577948498,0.0030946324955699643,0.0,0.0,0.0,0.0,0.0
2021,122.30302972490897,3.0,122.30105013981267,122.30407146026582,13.724201000005936,0.0025741110273226966,0.0,0.0,0.0,0.0,0.0
2022,122.41198059471046,3.0,122.41101411758629,122.4135620857711,11.563720099586522,0.003975449573167384,0.0,0.0,0.0,0.0,0.0
2023,122.5140926447711,4.0,122.51186763600163,122.51772105947633,29.044293918240005,0.00482668013756568,0.0,0.0,0.0,0.0,0.0
2024,122.8003265457975,3.0,122.80028500421531,122.80157812109721,5.850133203349234,0.0038266763344863538,0.0,0.0,0.0,0.0,0.0
2025,122.87493187100786,3.0,122.87243271402727,122.87678271424572,19.66769585320547,0.004475114069939536,0.0,0.0,0.0,0.0,0.0
2026,122.93270738507336,3.0,122.93179325703638,122.93399794400635,9.963386640518321,0.003234297081276336,0.0,0.0,0.0,0.0,0.0
2027,123.0136645412206,3.0,123.01125975490056,123.01429221235844,13.695215031422308,0.0028881739379499,0.0,0.0,0.0,0.0,0.0
2028,123.04393450457972,6.0,123.04218530311462,123.0450081372478,4.500581812184771,0.003081685619292139,0.0,0.0,0.0,0.0,0.0
2029,123.0803318336612,3.0,123.07955784351931,123.08116262751133,7.243616010364105,0.0008184760698753535,0.0,0.0,0.0,0.0,0.0
2030,123.11687717748252,31.0,123.11597553622215,123.11748772024336,6.25696803237438,0.016861966934416734,0.0,0.0,0.0,0.0,0.0
2031,123.1306023137125,3.0,123.12944293834337,123.13265003281994,14.47015705406381,0.0018272879899877152,0.0,0.0,0.0,0.0,0.0
2032,123.2003493422235,3.0,123.19950932713184,123.20267322006787,14.26715352010377,0.0026496015271128726,0.0,0.0,0.0,0.0,0.0
2033,123.21200089533652,3.0,123.20989986779408,123.21409525651715,18.916757262929305,0.0029492855508970474,0.0,0.0,0.0,0.0,0.0
2034,123.28471883203215,7.0,123.27985516549593,123.2896182842509,45.18611858023367,0.00411824525538717,0.0,0.0,0.0,0.0,0.0
2035,123.53300454540224,5.0,123.5306562935655,123.53588241329024,15.82039014770647,0.003141682066233573,0.0,0.0,0.0,0.0,0.0
2036,123.63766655862372,3.0,123.63732154705315,123.64025389303778,13.176252414887331,0.004033469848515694,0.0,0.0,0.0,0.0,0.0
2037,123.96355108918468,4.0,123.96319903170267,123.9638983751693,4.4130938974288405,0.002303217821754244,0.0,0.0,0.0,0.0,0.0
2038,124.09408359504228,3.0,124.09384616784529,124.09631233685897,11.040767269520934,0.0036939468406139682,0.0,0.0,0.0,0.0,0.0
2039,124.23017403892236,3.0,124.22957774451478,124.23167590641253,9.38294989733599,0.001215264428826828,0.0,0.0,0.0,0.0,0.0
2040,124.70080046116853,3.0,124.70064905876389,124.70092572338423,1.2325708118481342,0.002581962796920111,0.0,0.0,0.0,0.0,0.0
2041,124.97128280730196,115.0,124.97034742979609,124.97249289677991,5.826925801287249,0.026254278532629734,0.0,0.0,0.0,0.0,0.0
2042,125.0066023064186,3.0,125.00557809018397,125.00881128606981,14.36900054428179,0.005887511824931291,0.0,0.0,0.0,0.0,0.0
2043,125.08581962709229,4.0,125.08411797853381,125.0885439118065,15.253177838231188,0.0018225173170176086,0.0,0.0,0.0,0.0,0.0
2044,125.09607129944732,12.0,125.09543324389384,125.09669677870026,2.429631394802439,0.005487311493112253,0.0,0.0,0.0,0.0,0.0
2045,125.11006270270465,4.0,125.10757162124261,125.1126081524236,21.35463595256339,0.002568392701381198,0.0,0.0,0.0,0.0,0.0
2046,126.09167595280334,3.0,126.09071076926357,126.09181518577952,4.866020904602939,0.0013709804404063134,0.0,0.0,0.0,0.0,0.0
2047,126.32603132431689,3.0,126.32561595143115,126.32606633687242,1.980701296624257,0.004595009476648697,0.0,0.0,0.0,0.0,0.0
2048,126.36037406783808,4.0,126.35759528430307,126.36201630999916,13.599329244262714,0.005271505094563342,0.0,0.0,0.0,0.0,0.0
2049,126.51281151660952,3.0,126.51126358732942,126.51464020370389,14.827731384184219,0.003584067844662517,0.0,0.0,0.0,0.0,0.0
2050,126.55885333016712,3.0,126.55706723247691,126.5602786729858,14.09726438814462,0.0038237321393198966,0.0,0.0,0.0,0.0,0.0
2051,126.70251749604516,3.0,126.70218510009697,126.70478318569748,11.39188800435806,0.005015187388417885,0.0,0.0,0.0,0.0,0.0
2052,126.9261090022518,33.0,126.92534222336427,126.92684139524421,4.363673711019017,0.04737048566843,0.0,0.0,0.0,0.0,0.0
2053,126.94858803190576,7.0,126.94776302851498,126.94930167504467,8.50634001393208,0.007310176428060949,0.0,0.0,0.0,0.0,0.0
2054,126.95902868961021,4.0,126.95652060745452,126.96241696695397,25.069507235474095,0.0019032327038285273,0.0,0.0,0.0,0.0,0.0
2055,126.98703812545635,3616.0,126.98644704359974,126.98753160599357,3.5188162279941846,2.5496124119074,0.0,6.062274078467309,2.3907895612630066,0.0,3.787118391391521
2056,127.00749956632177,4.0,127.00721380781235,127.00772048708666,2.7415595825520485,0.001652036724201118,0.0,0.0,0.0,0.0,0.0
2057,127.03882834861705,37.0,127.03752550006477,127.0395612530356,3.69159082579955,0.01698825068683437,0.0,0.0,0.0,0.0,0.0
2058,127.24350070157584,5.0,127.24039153319356,127.24549129429593,31.468891618736922,0.003879359720845434,0.0,0.0,0.0,0.0,0.0
2059,127.35194537587992,4.0,127.35086215020065,127.35468055466343,19.986542301013223,0.005352236628645546,0.0,0.0,0.0,0.0,0.0
2060,127.61750084305932,3.0,127.61653754885776,127.6182622486745,7.5081125904583255,0.006713328920348156,0.0,0.0,0.0,0.0,0.0
2061,127.9561998482612,114.0,127.95528499988576,127.9573915695527,4.481519192821732,0.18681455697673402,0.0,0.0,0.0,0.0,0.0
2062,128.05411417555086,3.0,128.05369997931123,128.05513579994425,6.229226874860102,0.0029720111873711656,0.0,0.0,0.0,0.0,0.0
2063,128.309987925543,3.0,128.30968878343552,128.3104254596594,3.189654799543448,0.003466358048742231,0.0,0.0,0.0,0.0,0.0
2064,128.32235420379638,3.0,128.32061874097548,128.324005671767,14.663292527580204,0.0015825165651628624,0.0,0.0,0.0,0.0,0.0
2065,128.95592999612956,19.0,128.9553899785652,128.95647605937168,3.529377241235913,0.03734871413490339,0.0,0.0,0.0,0.0,0.0
2066,128.96608259775502,259.0,128.9652212850399,128.96695657945494,6.213187448724484,0.05124234246394797,0.0,0.0,0.0,0.0,0.0
2067,129.0025178345252,56.0,129.00111218801786,129.00355059353453,3.9110086937398254,0.00957161718727243,0.0,0.0,0.0,0.0,0.0
2068,129.02519415954703,4.0,129.02432913614177,129.02834032150884,18.18908901356143,0.003622503868917038,0.0,0.0,0.0,0.0,0.0
2069,129.08331711672486,4.0,129.08130785575565,129.0859514176378,15.995456136230697,0.002582116544982001,0.0,0.0,0.0,0.0,0.0
2070,129.13663404704178,3.0,129.13435750634966,129.13874783500697,18.887525559724754,0.0023071669391365904,0.0,0.0,0.0,0.0,0.0
2071,129.2171153413434,5.0,129.21506823223416,129.22013732517507,9.62156946482545,0.00431082070067607,0.0,0.0,0.0,0.0,0.0
2072,129.2583709660572,3.0,129.25803849224997,129.25957409793446,6.600069789128044,0.0026430669875986894,0.0,0.0,0.0,0.0,0.0
2073,129.3679029016729,3.0,129.3677865550727,129.37057146678865,11.9594825362968,0.00267433295739898,0.0,0.0,0.0,0.0,0.0
2074,129.90547323747458,3.0,129.90287835301808,129.90620425240027,14.22358760520086,0.002551331009886976,0.0,0.0,0.0,0.0,0.0
2075,129.96456548268245,3.0,129.96242435925745,129.9664820050117,17.345094279157152,0.0019178795046927084,0.0,0.0,0.0,0.0,0.0
2076,129.98549617523682,1771.0,129.98472431819448,129.9861740623781,4.094428091101361,0.4638049190815246,0.0,1.5506006339338823,0.0,0.0,1.1338411852988903
2077,130.06494191208662,44.0,130.06435224756754,130.06553436853295,3.6527907232231804,0.02875600562830772,0.0,0.0,0.0,0.0,0.0
2078,130.12257879435919,414.0,130.12162497845694,130.1233021004472,6.247956095824973,0.12059128877558545,0.0,0.0,0.0,0.0,0.0
2079,130.1607571415134,3.0,130.15871537921842,130.1628650082085,17.711555230501236,0.0033142862134222565,0.0,0.0,0.0,0.0,0.0
2080,130.43487982454542,3.0,130.43428303569127,130.4364020962026,9.02562137677652,0.01031727717238938,0.0,0.0,0.0,0.0,0.0
2081,130.85297911121137,3.0,130.8521925017339,130.85311910482753,3.9340296260786203,0.004698234786758162,0.0,0.0,0.0,0.0,0.0
2082,130.93267982202246,6.0,130.93232205234412,130.93278851732765,1.151504957373381,0.006185811305540843,0.0,0.0,0.0,0.0,0.0
2083,130.96902050430904,188.0,130.96859893082473,130.97190892043753,3.061822929479077,0.040469677145274816,0.0,0.0,0.0,0.0,0.0
2084,130.9816930695062,4494.0,130.98145717275318,130.9820622415755,1.1536805226434876,18.752487456247625,0.0,29.90900815463718,21.563839435549365,11.874015008998198,27.16943633736096
2085,130.99297098739936,269.0,130.99133742350062,130.9948660813283,19.334365834372917,0.04847441384860992,0.0,0.0,0.0,0.0,0.0
2086,131.0007607401899,24.0,131.00041622200638,131.00155489077002,4.315798441282809,0.009479759650270632,0.0,0.0,0.0,0.0,0.0
2087,131.00665487119443,3.0,131.0055739503485,131.00694713581012,5.823221826056542,0.002289972205939851,0.0,0.0,0.0,0.0,0.0
2088,131.01881246333923,12.0,131.0177317677946,131.01972878344148,3.9667550027324716,0.005521841636818185,0.0,0.0,0.0,0.0,0.0
2089,131.04917575506295,110.0,131.04809699458383,131.05000076403087,4.966874007695906,0.043479047570520936,0.0,0.0,0.0,0.0,0.0
2090,131.07160152562065,6.0,131.06873016942154,131.07329590242358,24.260060339041896,0.0065029879831933505,0.0,0.0,0.0,0.0,0.0
2091,131.0854909623626,1243.0,131.08470558305618,131.0861439866402,3.76255535147139,1.2270227035603591,0.0,3.1043172316014225,0.0,0.0,0.0
2092,131.10653225383874,6.0,131.10599905321192,131.10830951119442,4.960675578790163,0.003002722042831767,0.0,0.0,0.0,0.0,0.0
2093,131.77736803693983,3.0,131.77485940215573,131.77828750208334,14.45240550899666,0.0024336890814597107,0.0,0.0,0.0,0.0,0.0
2094,131.9818865359894,2061.0,131.98115485104395,131.9825674726262,3.869121114841257,0.6409709534861402,0.0,1.9540211448115048,0.0,0.0,1.4496196892060478
2095,132.0807386203997,159.0,132.08017091588505,132.08130651573114,2.6083223281767123,0.16954866572543703,0.0,0.0,0.0,0.0,0.0
2096,132.08940115895956,6.0,132.08878367135344,132.09006667465772,3.7592438005054025,0.003002230427231753,0.0,0.0,0.0,0.0,0.0
2097,132.53902088806473,4.0,132.5374922062587,132.54236910170604,26.080988326941817,0.0032868565505376124,0.0,0.0,0.0,0.0,0.0
2098,132.67139534563586,3.0,132.67025457551637,132.67140758313045,4.828168000430839,0.0020944235229973375,0.0,0.0,0.0,0.0,0.0
2099,132.6835103314943,3.0,132.6828225015565,132.68401612354273,4.9977824978946,0.004965476715677108,0.0,0.0,0.0,0.0,0.0
2100,132.75882026549115,4.0,132.7569214261211,132.761536992121,20.350268317041607,0.003706041477310769,0.0,0.0,0.0,0.0,0.0
2101,132.95854705192858,18.0,132.95798405111753,132.9595027265019,4.246466780276954,0.0067223471258999615,0.0,0.0,0.0,0.0,0.0
2102,132.969022932472,4.0,132.96848280337616,132.96931405203702,2.049316078862722,0.0027060550165738067,0.0,0.0,0.0,0.0,0.0
2103,132.9781248473771,760.0,132.97735287398783,132.97873982165706,4.0619126507788055,0.16299005714745907,0.0,0.9061361499219546,0.0,0.0,0.0
2104,132.99473755059782,8.0,132.99433467244546,132.99540589856514,3.860662049677624,0.00530635557342584,0.0,0.0,0.0,0.0,0.0
2105,133.88352175564646,3.0,133.8823083529162,133.88358342972276,5.290987228174354,0.0028478146534080557,0.0,0.0,0.0,0.0,0.0
2106,134.20566022573587,3.0,134.20366358890348,134.20576072938874,8.681288444948995,0.001661116637377184,0.0,0.0,0.0,0.0,0.0
2107,134.35901454094542,6.0,134.3558044632606,134.36055437886176,15.834376733745062,0.007082990116521396,0.0,0.0,0.0,0.0,0.0
2108,134.58149157713058,3.0,134.57955826814862,134.58331153240653,15.493562937304118,0.002746854928700991,0.0,0.0,0.0,0.0,0.0
2109,135.17013898120075,3.0,135.16830960159768,135.17240002044807,16.811811647089804,0.003611849090005074,0.0,0.0,0.0,0.0,0.0
2110,135.4900634642333,3.0,135.4900296754296,135.49184480570048,7.442654318950119,0.005744419913836695,0.0,0.0,0.0,0.0,0.0
2111,135.5957503926478,3.0,135.59435410501123,135.5982842526953,16.10238797103117,0.002124209018428833,0.0,0.0,0.0,0.0,0.0
2112,135.9635878551311,3.0,135.96332537489732,135.9638539844,2.1599308356939226,0.0021797921343620196,0.0,0.0,0.0,0.0,0.0
2113,136.01599300478637,3.0,136.01429881010313,136.01803257073215,15.250496759612846,0.002010394005035243,0.0,0.0,0.0,0.0,0.0
2114,136.6160682062765,3.0,136.6142705170304,136.6169131338203,10.746323313981536,0.002760146358001667,0.0,0.0,0.0,0.0,0.0
2115,136.9312549745402,27.0,136.93075165249192,136.93284494367094,2.798456785120783,0.07878395748048328,0.0,0.0,0.0,0.0,0.0
2116,137.00472628476422,3.0,137.00305909709328,137.00642484483402,13.64814124785454,0.0028683865158797696,0.0,0.0,0.0,0.0,0.0
2117,137.10385419141977,3.0,137.10351139263264,137.10643134085967,11.831858914800334,0.0026054306973214386,0.0,0.0,0.0,0.0,0.0
2118,137.2123758902713,3.0,137.21087661972192,137.21496862827317,16.568025072826117,0.002888533086666151,0.0,0.0,0.0,0.0,0.0
2119,137.2230716031478,3.0,137.22094548301428,137.22409573049845,12.753959452689982,0.00719594342299689,0.0,0.0,0.0,0.0,0.0
2120,137.26982267224514,4.0,137.26879242368145,137.27253153445685,13.704345174128267,0.0011160400148299702,0.0,0.0,0.0,0.0,0.0
2121,137.9611806505829,24.0,137.96058997176277,137.96191491528768,2.754736078671315,0.08117301296360502,0.0,0.0,0.0,0.0,0.0
2122,138.14200398998895,5.0,138.13818436196576,138.14493195674126,27.36346823048011,0.00981681164419059,0.0,0.0,0.0,0.0,0.0
2123,138.8775156950108,3.0,138.87661098888876,138.87794618889626,5.341237407852722,0.0016609715176886025,0.0,0.0,0.0,0.0,0.0
2124,138.93308339115967,3.0,138.93167349354255,138.93567120500504,15.985759174776199,0.00084598518216966,0.0,0.0,0.0,0.0,0.0
2125,138.9868022008362,1880.0,138.98598583220854,138.9875585032177,4.106992417177646,0.585311177350994,0.0,1.9614408506934575,0.0,0.0,1.119011339249825
2126,139.0990548748129,3.0,139.09636913719643,139.1000541994591,14.717977878544941,0.0017787612624215966,0.0,0.0,0.0,0.0,0.0
2127,139.9762672683944,3.0,139.97512331199215,139.97680110685013,6.659044941129525,0.001874883161571292,0.0,0.0,0.0,0.0,0.0
2128,140.00664732772884,26.0,140.00530821296104,140.00780359158267,5.570138687316672,0.005053652759903767,0.0,0.0,0.0,0.0,0.0
2129,140.07043732641392,21.0,140.06981890384478,140.07103232748273,2.6638248972755982,0.006655971379556389,0.0,0.0,0.0,0.0,0.0
2130,140.1069922794744,5.0,140.106557385506,140.10808101370634,4.694190397253017,0.0021948660546647573,0.0,0.0,0.0,0.0,0.0
2131,140.96601028625594,49.0,140.96499101948973,140.96688173366908,5.001920429448781,0.009766590806036306,0.0,0.0,0.0,0.0,0.0
2132,140.9779340507583,15.0,140.97635270864492,140.9804191699657,8.60128840000223,0.004872655917095019,0.0,0.0,0.0,0.0,0.0
2133,141.00248929445968,4065.0,141.00178014630313,141.00301407107017,3.04200421109323,4.571726183258111,0.0,10.256940666860652,3.697253780518537,0.0,6.492981930999544
2134,141.01674208161006,59.0,141.01409704039347,141.0182743598659,15.529962382364637,0.01818830375700281,0.0,0.0,0.0,0.0,0.0
2135,141.05478624898512,22.0,141.05395427980724,141.05516518278895,3.7459500208416063,0.009087131590087541,0.0,0.0,0.0,0.0,0.0
2136,141.0691959936148,5.0,141.06506950359446,141.07081312408496,25.62317344273293,0.00404937042036191,0.0,0.0,0.0,0.0,0.0
2137,141.09101473123388,31.0,141.0904484400021,141.09158226903998,2.6240957914781955,0.011856797669470539,0.0,0.0,0.0,0.0,0.0
2138,141.0975369178014,3.0,141.09737978578454,141.09913454090704,6.9091493605395256,0.005051545018085465,0.0,0.0,0.0,0.0,0.0
2139,141.72188340809305,3.0,141.72093221365432,141.72330006084124,9.282057419490826,0.0018872091003204166,0.0,0.0,0.0,0.0,0.0
2140,141.9726964682185,5.0,141.96858743798657,141.97528359692967,29.813038662498663,0.0036233087550828153,0.0,0.0,0.0,0.0,0.0
2141,142.00318977315175,88.0,142.00194550463974,142.00533817268848,6.237975287164012,0.034719952879105176,0.0,0.0,0.0,0.0,0.0
2142,142.04976620586325,12.0,142.0490336686075,142.05112953743293,2.949490725248553,0.008343432380966624,0.0,0.0,0.0,0.0,0.0
2143,142.06512213352624,6.0,142.06418144920923,142.06547063691616,5.422624374844399,0.009227475339275036,0.0,0.0,0.0,0.0,0.0
2144,142.12280885151858,35.0,142.12158910863414,142.12476734754668,5.714432303612304,0.015588426282254106,0.0,0.0,0.0,0.0,0.0
2145,142.1586250376809,9.0,142.1560673467519,142.15955122067987,7.938188218024625,0.006170805766219526,0.0,0.0,0.0,0.0,0.0
2146,142.38646343920203,3.0,142.38533309753504,142.38672436654997,5.428375786889155,0.0020153038432750795,0.0,0.0,0.0,0.0,0.0
2147,142.98168305130335,2105.0,142.98105082727847,142.9824446327331,3.5985667055503168,0.6056959676764937,0.0,1.7811337242225385,0.0,0.0,1.3154141736024416
2148,142.99610062566734,6.0,142.99530985369793,142.99621411304625,1.889311829827659,0.002704451719523564,0.0,0.0,0.0,0.0,0.0
2149,143.0010675982881,3.0,143.0000722999523,143.00231757971756,8.722855488491184,0.0011497794395219194,0.0,0.0,0.0,0.0,0.0
2150,143.08400489603522,5.0,143.0822368868253,143.0864282831534,9.858798676359571,0.0056543294057459234,0.0,0.0,0.0,0.0,0.0
2151,143.1667368581882,5.0,143.1663681312014,143.1671086876082,1.0750326290547865,0.0038578299740602423,0.0,0.0,0.0,0.0,0.0
2152,143.37216126945654,3.0,143.37042197758967,143.37226420956736,7.138500255431129,0.002581538302671014,0.0,0.0,0.0,0.0,0.0
2153,143.8250614397242,5.0,143.82083147908094,143.8282421290021,27.850527023254497,0.006957373195346651,0.0,0.0,0.0,0.0,0.0
2154,143.98589566165197,7.0,143.98207927408743,143.9893431891874,38.89064274935445,0.0013893373758161892,0.0,0.0,0.0,0.0,0.0
2155,144.0012256345212,2470.0,144.000603013961,144.00192150246494,3.2681149544577126,0.8355916090869481,0.0,2.156137331876685,0.0,0.0,1.7549251727807207
2156,144.08206071490542,4.0,144.07991086582115,144.08402887122193,10.246856385317352,0.0023483641981014336,0.0,0.0,0.0,0.0,0.0
2157,144.09296904616292,24.0,144.09203869052894,144.09448522157174,5.5382950948712075,0.013512275523173398,0.0,0.0,0.0,0.0,0.0
2158,144.11109749224764,3.0,144.10962383625377,144.1122395954671,10.083883810707933,0.004697819258364075,0.0,0.0,0.0,0.0,0.0
2159,144.53075984038907,4.0,144.529189555748,144.53358373337292,13.8017216009291,0.0034332493553502668,0.0,0.0,0.0,0.0,0.0
2160,144.9368548958139,15.0,144.9362938491554,144.93726796643568,2.604255844031766,0.015913314269598872,0.0,0.0,0.0,0.0,0.0
2161,144.95852955093358,19.0,144.9565799954628,144.96035843194534,5.892872553335844,0.016456036352290426,0.0,0.0,0.0,0.0,0.0
2162,144.96986169242183,11.0,144.96900251737608,144.97046549547002,5.290051782701331,0.014434261950317199,0.0,0.0,0.0,0.0,0.0
2163,144.97605129733216,17.0,144.97522491658472,144.97662448955717,2.2385942018683456,0.0074645474683206585,0.0,0.0,0.0,0.0,0.0
2164,144.98361261319693,303.0,144.98189189783938,144.98632599601038,26.084778844930607,0.06347868958932015,0.0,0.0,0.0,0.0,0.0
2165,144.99743293732644,4825.0,144.99721159606068,144.99784523773104,1.0495264069413561,29.662510385661605,0.0,41.11758112358275,36.52587505076212,21.38631499227339,39.395330634290765
2166,145.0124189887618,329.0,145.00912850813867,145.0126539448582,2.84501201547554,0.08434132044030682,0.0,0.0,0.0,0.0,0.0
2167,145.0189237396609,52.0,145.0174492957288,145.01920862614898,1.7157388462004746,0.01658623323583302,0.0,0.0,0.0,0.0,0.0
2168,145.3184978636186,3.0,145.31733290365932,145.31950003010238,8.284968209415693,0.005804251850600865,0.0,0.0,0.0,0.0,0.0
2169,145.42783571607606,3.0,145.4267422803841,145.4288273365607,7.965218878693759,0.0015914559214575258,0.0,0.0,0.0,0.0,0.0
2170,145.96669184740378,208.0,145.96572771619773,145.96734890954428,3.912463229245901,0.3094480022095613,0.0,0.0,0.0,0.0,0.0
2171,145.98415596517674,3.0,145.98278705348696,145.98419081183403,5.342125953424987,0.0004937425795803083,0.0,0.0,0.0,0.0,0.0
2172,145.99791174275381,2790.0,145.99700990104398,145.99883736755007,4.922292700026993,1.1390483332508006,0.0,2.6057539181764167,1.3117160720830627,0.0,2.206500149405757
2173,146.13304136925228,3.0,146.13247391487042,146.13399388273035,5.778478165810044,0.0019888735619038797,0.0,0.0,0.0,0.0,0.0
2174,146.34487367836982,3.0,146.34314296824599,146.34672132166253,13.584173263768328,0.0007618551626716831,0.0,0.0,0.0,0.0,0.0
2175,146.71006004016417,4.0,146.7084078147069,146.71097216031467,13.899996714654478,0.002651220846499386,0.0,0.0,0.0,0.0,0.0
2176,146.71804486208825,3.0,146.7177083753389,146.71955566779448,6.994869563574882,0.0030252581253418427,0.0,0.0,0.0,0.0,0.0
2177,146.81578572023824,6.0,146.81148438383076,146.8181820274673,26.163980844136983,0.011123427264431702,0.0,0.0,0.0,0.0,0.0
2178,146.93653786215384,3.0,146.9355625684525,146.93702396708505,5.525433911841207,0.0027496371396347943,0.0,0.0,0.0,0.0,0.0
2179,146.9662873559673,27.0,146.96579702330402,146.96733707843836,4.663656528747465,0.07581577559621316,0.0,0.0,0.0,0.0,0.0
2180,146.99419636158535,9.0,146.99313257535204,146.99550505651717,8.180248922823596,0.033716550047112714,0.0,0.0,0.0,0.0,0.0
2181,147.34596377684102,4.0,147.34352635229916,147.34696407185598,11.494947688731898,0.006768255952711132,0.0,0.0,0.0,0.0,0.0
2182,147.65909481227385,3.0,147.65879604439786,147.65912405485847,1.2341131706874977,0.003010242107054047,0.0,0.0,0.0,0.0,0.0
2183,148.19398993083394,3.0,148.19382968771083,148.19475978438405,3.4867836020191847,0.001314860210533039,0.0,0.0,0.0,0.0,0.0
2184,148.9894637992271,12.0,148.9889762507698,148.99314601960745,7.0105689519227905,0.0062431060604273,0.0,0.0,0.0,0.0,0.0
2185,149.012418207731,4.0,149.0117184040432,149.01326155386067,7.496757350808493,0.0020716046441811623,0.0,0.0,0.0,0.0,0.0
2186,149.0295283443874,9.0,149.0274785678258,149.0304204012851,3.0762453297012518,0.00572666059105727,0.0,0.0,0.0,0.0,0.0
2187,149.06629578010006,5.0,149.065272160364,149.06721724626502,4.513738841133498,0.002372851906253224,0.0,0.0,0.0,0.0,0.0
2188,149.63436405405997,3.0,149.63189484833995,149.63525908872103,12.490596299532944,0.0037405511889052126,0.0,0.0,0.0,0.0,0.0
2189,150.8170532271149,3.0,150.81465147282742,150.81922104554104,16.8326555468557,0.004962330010818326,0.0,0.0,0.0,0.0,0.0
2190,150.83522772645824,5.0,150.83216174909194,150.83737849551346,9.001600201557629,0.00237825299082182,0.0,0.0,0.0,0.0,0.0
2191,151.13908182698748,4.0,151.13620564129477,151.14105557901217,21.66780382115861,0.004492384257078505,0.0,0.0,0.0,0.0,0.0
2192,151.97674746123647,4.0,151.97643762969608,151.9770479092829,2.5820724690178483,0.0026747918135336763,0.0,0.0,0.0,0.0,0.0
2193,152.3363015281851,4.0,152.33463183767822,152.33891942233916,20.414507690036835,0.0018589933637272378,0.0,0.0,0.0,0.0,0.0
2194,152.38549546535916,4.0,152.38397909359267,152.38699219641595,16.400236698220958,0.0026384439663446574,0.0,0.0,0.0,0.0,0.0
2195,152.5858017475824,3.0,152.58336748388325,152.58806001494352,17.08521808915964,0.002486903453132124,0.0,0.0,0.0,0.0,0.0
2196,152.8621666224856,3.0,152.86190296343443,152.8638449395053,7.057832678624993,0.0028974102954604543,0.0,0.0,0.0,0.0,0.0
2197,153.97422099716294,10.0,153.97188368905947,153.9747020847022,2.781303088753192,0.018313328601011473,0.0,0.0,0.0,0.0,0.0
2198,154.2050649114394,3.0,154.20307310636795,154.20530109036054,8.02677191886424,0.0017245228928109496,0.0,0.0,0.0,0.0,0.0
2199,154.42641757646146,4.0,154.42394453651795,154.4281161729646,9.941131340513166,0.008370973914452013,0.0,0.0,0.0,0.0,0.0
2200,154.94174589313278,24.0,154.94125990033496,154.94202019454005,2.345251971398568,0.06312207746540577,0.0,0.0,0.0,0.0,0.0
2201,154.98158155465995,2700.0,154.98081454083825,154.9822908579426,3.58957201170025,1.0400710149217052,0.0,2.460688322738499,0.0,0.0,2.0631283307253705
2202,155.1382748054466,3.0,155.13607311738429,155.13879272867015,9.739022563650675,0.002262394562039495,0.0,0.0,0.0,0.0,0.0
2203,155.2082078125493,3.0,155.2066411873157,155.20978780225929,11.26306036086047,0.00425735335845842,0.0,0.0,0.0,0.0,0.0
2204,155.97152259148137,6.0,155.9711363819218,155.9723553825085,2.088202499956863,0.003765811135171236,0.0,0.0,0.0,0.0,0.0
2205,155.98290028531508,12.0,155.9801890237836,155.9843856851885,11.20592775001327,0.0029627770909696175,0.0,0.0,0.0,0.0,0.0
2206,156.0013097133243,323.0,156.00032153321746,156.00254327287635,5.7384896304439135,0.04917758793584654,0.0,0.0,0.0,0.0,0.0
2207,156.51912700598223,3.0,156.51826108206802,156.5210897432616,10.040168706244845,0.0030207408412816594,0.0,0.0,0.0,0.0,0.0
2208,156.98127361925705,29.0,156.98049846162084,156.98546440081984,9.85094030851616,0.007361397009175121,0.0,0.0,0.0,0.0,0.0
2209,156.99735806706843,4195.0,156.9969578688052,156.99780271500936,1.8012242763667559,9.025636241033375,0.0,13.953231624609009,11.391139058160263,4.822428728565317,12.706804957409572
2210,157.0130046262198,50.0,157.0108973752595,157.01474780330537,7.8196810431527615,0.008541546233540103,0.0,0.0,0.0,0.0,0.0
2211,157.27419086440003,4.0,157.27249215499464,157.27573862159156,13.098867590577019,0.003910163712842387,0.0,0.0,0.0,0.0,0.0
2212,157.40021776313063,4.0,157.39694329038693,157.40366994363347,25.742257890383208,0.002062551523156011,0.0,0.0,0.0,0.0,0.0
2213,158.00073434429703,1457.0,157.99883935590316,158.00243270249965,8.654043203100333,0.3150552760327985,0.0,1.2206107179221115,0.0,0.0,0.7693084343828597
2214,158.01680473664462,3715.0,158.01611943001515,158.0174127459354,3.1090515336321567,3.525631668614583,0.0,6.0964194706959045,4.682765684081537,0.0,5.511065468722503
2215,158.0300036797948,6.0,158.02696515598947,158.03114865737615,18.964612362289625,0.004513389441387993,0.0,0.0,0.0,0.0,0.0
2216,158.04388672996868,24.0,158.04018018094607,158.0447805408859,23.732543325600222,0.01915767563549501,0.0,0.0,0.0,0.0,0.0
2217,158.06057171126326,135.0,158.0594571102446,158.06138975793021,4.399760383214603,0.06999833619363854,0.0,0.0,0.0,0.0,0.0
2218,158.07233275835935,23.0,158.07096927963656,158.0726208496615,2.444301648197667,0.06346574905232694,0.0,0.0,0.0,0.0,0.0
2219,158.08039005145247,316.0,158.07974014653306,158.08329631007217,11.949972839240106,0.12608264508473527,0.0,0.0,0.0,0.0,0.0
2220,158.09637671364163,5425.0,158.09604449928486,158.09676506100746,1.4571707507422749,38.1905350990053,10.569694151551133,91.20062549811195,24.46586381494214,14.88312945714656,55.6761986079459
2221,158.1146275864461,1998.0,158.11309472281877,158.1193209385365,15.428381723049345,0.681449372884138,0.0,2.0704669833260145,0.0,0.0,1.242113460920115
2222,158.13797825234946,54.0,158.13654987358552,158.14053009864122,14.861578495936909,0.045449306880256106,0.0,0.0,0.0,0.0,0.0
2223,158.15377796832337,5010.0,158.1531760344782,158.1542864253813,2.517868861624959,18.853860827625205,1.2881493982159022,59.54167519782283,4.587019873315854,2.4371408499887255,34.203759359777955
2224,158.16897604255166,30.0,158.16715876143337,158.17076243109477,10.538037208668156,0.020526813484583566,0.0,0.0,0.0,0.0,0.0
2225,158.1780128447167,4.0,158.1777165853774,158.17879057365448,3.044718429765484,0.0019262794279887702,0.0,0.0,0.0,0.0,0.0
2226,158.19019699317766,14.0,158.1892863197548,158.19136689780535,4.067344318613718,0.009632609781645358,0.0,0.0,0.0,0.0,0.0
2227,158.92790551772958,24.0,158.92737148749615,158.9282506998102,3.026398989021534,0.06301195949848608,0.0,0.0,0.0,0.0,0.0
2228,158.97758930999186,1870.0,158.97686541070127,158.97931593655994,8.56257801132313,1.1038417734584467,0.0,3.711017727773311,0.0,0.0,2.225644488435394
2229,158.9884366015491,28.0,158.98526297622556,158.98874270811461,3.6311458352459494,0.009972592279911523,0.0,0.0,0.0,0.0,0.0
2230,158.99571377187607,231.0,158.99521553671292,158.99878594714232,2.837724225065381,0.15007239670680764,0.0,0.0,0.0,0.0,0.0
2231,159.0129365829105,5338.0,159.01276923066254,159.01342170726082,0.9293462802725052,100.00000000000001,30.006778937668567,130.17069426752283,125.83940633861894,65.96957443033251,128.69977848651664
2232,159.03058728979505,321.0,159.0263216525453,159.03140794858552,11.578687946163289,0.21835082187174726,0.0,0.0,0.0,0.0,0.0
2233,159.04110781957144,228.0,159.0380832064109,159.04885491153186,39.8537079011377,0.10485915089374764,0.0,0.0,0.0,0.0,0.0
2234,159.0653553838584,496.0,159.0642723212472,159.06670987818333,4.25842506449124,0.3380017368002172,0.0,0.0,0.0,0.0,0.0
2235,159.0804737515486,2190.0,159.07901107169653,159.08290712454217,7.731434361114828,1.5365804158342606,0.0,4.222429137525944,0.0,0.0,1.4096259011121546
2236,159.09137276846064,21.0,159.0897726106246,159.09217305067483,9.128371550377416,0.043987605894294034,0.0,0.0,0.0,0.0,0.0
2237,159.09950003819662,4421.0,159.09897119699167,159.1004228405486,2.781389061445229,5.404366193657551,0.0,15.052417999700411,3.0558607293895337,1.5683817102063866,7.871453576337537
2238,159.11605642102427,3497.0,159.1145942248684,159.11689902922376,5.705462439944209,3.7863830193940635,0.0,9.326541993515082,1.651961520605756,0.0,3.4243971180313655
2239,159.13766433941245,1948.0,159.13665546832254,159.13832471552317,3.2221452591433364,1.1502790777392178,0.0,2.99352875894511,0.0,0.0,1.579504436241827
2240,159.15706232447934,1005.0,159.15430728838143,159.1581519624431,5.646861393402594,1.07535984523085,0.0,4.442589669376006,0.0,0.0,0.0
2241,159.2297759073653,3.0,159.22960787592797,159.23141816148294,6.316118901057948,0.005183748863714097,0.0,0.0,0.0,0.0,0.0
2242,159.3118748452962,3.0,159.31002926210184,159.3135498987692,12.277234584895986,0.006192409242581924,0.0,0.0,0.0,0.0,0.0
2243,159.76373279251231,3.0,159.76298216188314,159.7643646670943,4.807464355240632,0.0030820620491164305,0.0,0.0,0.0,0.0,0.0
2244,159.98504663339781,466.0,159.98300120971714,159.98646627758112,7.23235401148386,0.08708124334579553,0.0,0.0,0.0,0.0,0.0
2245,160.0137643853355,3956.0,160.01319683247647,160.01449460282703,2.9117911818576667,5.725919396930982,0.0,9.168427807092312,7.467396894656441,0.0,8.472281604246099
2246,160.04175572867598,20.0,160.03891351193585,160.0432931082763,16.984405703144624,0.007409068978125038,0.0,0.0,0.0,0.0,0.0
2247,160.07550169735023,994.0,160.07458102693033,160.0765268408972,3.7820115683857827,1.4559289124557124,0.0,2.7830177414051214,0.0,0.0,0.0
2248,160.09185575525174,18.0,160.08630244650013,160.09657151157654,28.698385870338527,0.007930975864346471,0.0,0.0,0.0,0.0,0.0
2249,160.10418086049816,7.0,160.10262659085814,160.10686099134324,12.115556967025764,0.001856161564495236,0.0,0.0,0.0,0.0,0.0
2250,160.11981592985143,67.0,160.11125505874497,160.12138391570267,12.75408862105136,0.03560447893153851,0.0,0.0,0.0,0.0,0.0
2251,160.13301195808077,20.0,160.13210444848443,160.13385087953733,4.130905248107614,0.01641369020241772,0.0,0.0,0.0,0.0,0.0
2252,160.15652015045362,4.0,160.1532758535655,160.15951117270077,20.85947455974419,0.002001368607746191,0.0,0.0,0.0,0.0,0.0
2253,160.16949155279167,24.0,160.16858832181117,160.16990325791082,2.5428239676721587,0.08720315646688123,0.0,0.0,0.0,0.0,0.0
2254,160.38185332936297,3.0,160.3805690518008,160.38375711414568,11.043305152068955,0.00299711499354038,0.0,0.0,0.0,0.0,0.0
2255,160.92441847495746,3.0,160.92234949503484,160.9266090479005,14.705153395345826,0.003980340121297371,0.0,0.0,0.0,0.0,0.0
2256,160.98206263418137,6.0,160.98143329401375,160.98220465079245,1.4286659641237496,0.0051420408714038185,0.0,0.0,0.0,0.0,0.0
2257,161.01047238194488,15.0,161.00944884406837,161.01092727164027,3.601747727577196,0.12276637117550562,0.0,0.0,0.0,0.0,0.0
2258,161.05948355536717,6.0,161.0586078058413,161.06000665859776,3.1142941602543064,0.013761720527911378,0.0,0.0,0.0,0.0,0.0
2259,161.09641516150847,10.0,161.09552342737112,161.09681117834285,2.953843694435821,0.06538124141983752,0.0,0.0,0.0,0.0,0.0
2260,161.13305995455715,8.0,161.1325844806762,161.1331089499164,2.2096844357066328,0.034167794351084566,0.0,0.0,0.0,0.0,0.0
2261,161.3193165896028,3.0,161.31759552275338,161.31966766910006,7.136110164366698,0.0018675126529692657,0.0,0.0,0.0,0.0,0.0
2262,161.42102184171114,3.0,161.4184811522415,161.422935039916,15.328747229781417,0.0017826788189964542,0.0,0.0,0.0,0.0,0.0
2263,162.25750916536035,5.0,162.2557239213964,162.26033437168812,8.39739511680317,0.006454564511591362,0.0,0.0,0.0,0.0,0.0
2264,162.4548591519369,3.0,162.4548567256493,162.45508315393363,0.7743288932661336,0.0019279167019320414,0.0,0.0,0.0,0.0,0.0
2265,162.4628363370132,3.0,162.46145793153758,162.4649305424996,11.8748900101277,0.0025948983510880484,0.0,0.0,0.0,0.0,0.0
2266,162.82085406456207,3.0,162.81841945492204,162.82299560169113,15.614116356360386,0.0031102372066579833,0.0,0.0,0.0,0.0,0.0
2267,163.0006556154741,3.0,162.99861950023612,163.00276965046308,14.14496773823363,0.005064192961686103,0.0,0.0,0.0,0.0,0.0
2268,163.0275461786969,9.0,163.02715054306924,163.0279937201491,1.770289797797894,0.008560990940357865,0.0,0.0,0.0,0.0,0.0
2269,163.76697625060535,3.0,163.76599064221136,163.76719785426033,4.0952906128338125,0.0024907504213553472,0.0,0.0,0.0,0.0,0.0
2270,163.79573710807375,4.0,163.7940934004198,163.79801715540532,14.776972607608336,0.002041572984344341,0.0,0.0,0.0,0.0,0.0
2271,163.844783609123,3.0,163.84390187651852,163.84644855824382,8.63514327141196,0.0012462411231979969,0.0,0.0,0.0,0.0,0.0
2272,163.97706970115854,49.0,163.97574786416712,163.97781572145738,4.947102573458687,0.0445628731745261,0.0,0.0,0.0,0.0,0.0
2273,164.9523625582898,3.0,164.95008570723726,164.95321477587748,10.53862727289825,0.003532222402077488,0.0,0.0,0.0,0.0,0.0
2274,165.53027664550874,4.0,165.5267716692406,165.53220120284865,20.829851916154535,0.0032671267988686405,0.0,0.0,0.0,0.0,0.0
2275,165.60232666939777,3.0,165.5999304676479,165.60233934066176,8.081183473663687,0.003472729755924462,0.0,0.0,0.0,0.0,0.0
2276,165.6444438459676,4.0,165.6415958850282,165.6466082511908,19.78212899999164,0.0026835719261415077,0.0,0.0,0.0,0.0,0.0
2277,165.7414431021214,3.0,165.73915583223447,165.74314649309207,13.376460155416064,0.002523557638119466,0.0,0.0,0.0,0.0,0.0
2278,166.33998338484,3.0,166.337665094735,166.33999857940142,7.793558372937776,0.0024712320676288295,0.0,0.0,0.0,0.0,0.0
2279,166.62328398154233,3.0,166.6232326225174,166.62381377039083,1.9376639443944346,0.0025104933099665,0.0,0.0,0.0,0.0,0.0
2280,167.0409870746958,5.0,167.03772790440996,167.04441676000272,22.774133896799558,0.0033029716574338916,0.0,0.0,0.0,0.0,0.0
2281,168.0113330834439,4.0,168.00905317945933,168.01353936437377,14.159447725414518,0.011232145199588081,0.0,0.0,0.0,0.0,0.0
2282,168.95756664871377,6.0,168.95681205247692,168.95943829243163,3.3990751427325896,0.005045385211443331,0.0,0.0,0.0,0.0,0.0
2283,169.00876450079838,150.0,169.00708187641285,169.00989818975617,5.835847671109736,0.039376737526304266,0.0,0.0,0.0,0.0,0.0
2284,169.15975068007492,3.0,169.15708394616524,169.1623909310331,17.429234287347104,0.0018485100890578783,0.0,0.0,0.0,0.0,0.0
2285,171.01311481533293,1835.0,171.01208187019517,171.0139749242441,4.1111390526034715,0.5515073518478795,0.0,1.8618933561078446,0.0,0.0,1.3074995989906635
2286,171.3910406239544,3.0,171.3910060236589,171.39186732761212,2.7918740355551135,0.005701197825773603,0.0,0.0,0.0,0.0,0.0
2287,172.03268858976062,51.0,172.03097302059803,172.03406261274085,6.428059548693322,0.008025059609250403,0.0,0.0,0.0,0.0,0.0
2288,172.07938977914327,3.0,172.07880431097817,172.079879773375,3.4721131340952294,0.003027423500419245,0.0,0.0,0.0,0.0,0.0
2289,172.0904877648039,3.0,172.09005112259297,172.09181120076826,5.682017763993249,0.0012987171643990879,0.0,0.0,0.0,0.0,0.0
2290,172.10549997419622,3.0,172.1039520722111,172.10574793048372,5.797020086457314,0.002585549104631597,0.0,0.0,0.0,0.0,0.0
2291,172.93592958649208,3.0,172.93559958250853,172.93639371939935,2.5511596266366943,0.0034349793951004032,0.0,0.0,0.0,0.0,0.0
2292,172.9522691680421,17.0,172.95177835600157,172.95373059763767,3.241727421204739,0.0366299503851363,0.0,0.0,0.0,0.0,0.0
2293,172.99195067935378,35.0,172.9901635350982,172.9958346817999,10.692551453607209,0.006261466998820971,0.0,0.0,0.0,0.0,0.0
2294,173.0117946168141,13.0,173.0103102137411,173.01315732724711,13.305213390552934,0.002169441792365039,0.0,0.0,0.0,0.0,0.0
2295,173.02875835880843,3901.0,173.02813511247507,173.02941123318325,2.6255437658469134,4.732832721628616,0.0,11.09195275443768,4.1672505209897075,0.0,6.741496158303519
2296,174.03006904607568,211.0,174.02845832584012,174.03164974135353,7.898827506341291,0.04666119435236485,0.0,0.0,0.0,0.0,0.0
2297,174.65375462843878,4.0,174.65146621582443,174.6551736381474,8.544171514601993,0.0028653930702400307,0.0,0.0,0.0,0.0,0.0
2298,175.00798098176494,3154.0,175.00729005696707,175.00865026676618,2.8929848934061173,2.3071342395772776,0.0,5.239350455219943,2.357841285224635,0.0,4.405317275791925
2299,175.02462288227528,5.0,175.02400789894392,175.02624009493837,6.521957727547427,0.0019857558025489375,0.0,0.0,0.0,0.0,0.0
2300,175.7954156124933,3.0,175.79302242790283,175.79564166714124,8.277422395535117,0.0035137972147560315,0.0,0.0,0.0,0.0,0.0
2301,176.2706641245777,3.0,176.268732645442,176.27199212784237,10.272971766180536,0.0017457152279568848,0.0,0.0,0.0,0.0,0.0
2302,176.93850522587448,16.0,176.93750909708243,176.93979184378156,4.726033940013964,0.02100472033308525,0.0,0.0,0.0,0.0,0.0
2303,177.02437593567666,10.0,177.0209184526297,177.02593171184245,4.525408717341719,0.005496747409595845,0.0,0.0,0.0,0.0,0.0
2304,177.060636334158,7.0,177.06013273811504,177.06110395231647,2.980089903521948,0.005310748107266476,0.0,0.0,0.0,0.0,0.0
2305,177.99256175731438,15.0,177.99026534317275,177.9937424277819,7.708832267951677,0.00858591626818674,0.0,0.0,0.0,0.0,0.0
2306,178.76896569804617,3.0,178.76821666859496,178.77047770810148,7.026572281692298,0.0029698087240212605,0.0,0.0,0.0,0.0,0.0
2307,180.43360109773536,4.0,180.43124161540626,180.43703274981306,20.42707734302338,0.001867513140724823,0.0,0.0,0.0,0.0,0.0
2308,180.8668282170917,3.0,180.86650958354323,180.86832417901329,5.573761669918714,0.00317193956686875,0.0,0.0,0.0,0.0,0.0
2309,181.5970969685348,3.0,181.59481735538347,181.5972039837949,7.301353904648643,0.0028735790490705786,0.0,0.0,0.0,0.0,0.0
2310,181.74871224463567,3.0,181.74722165468225,181.7489745707518,5.3581797024216415,0.0036063136163647026,0.0,0.0,0.0,0.0,0.0
2311,181.87965027392,3.0,181.87940565985824,181.88151540427432,6.44426261757163,0.0016670643681538594,0.0,0.0,0.0,0.0,0.0
2312,182.9650387683741,3.0,182.96449922166977,182.96682117416893,7.050383064091042,0.001967937828348689,0.0,0.0,0.0,0.0,0.0
2313,183.12108832564743,4.0,183.11777414814568,183.1227059870086,17.389565094114815,0.005899176236794789,0.0,0.0,0.0,0.0,0.0
