,median_mz(Da),N_spectra,min_mz,max_mz,IQR_mz(ppm),mean_Int,min_Int,max_Int,median_Int,Int_Q1,Int_Q3
0,44.897018238037276,4.0,44.89603949774398,44.89850347582595,31.688808567543287,0.014469841733926144,0.0,0.0,0.0,0.0,0.0
1,44.97133649586327,3.0,44.96996697793296,44.971812683418605,22.80101096306315,0.014351428474521078,0.0,0.0,0.0,0.0,0.0
2,45.05101934599956,3.0,45.04942358717071,45.05201462104669,31.951846713550164,0.021470471065357363,0.0,0.0,0.0,0.0,0.0
3,45.2437650916159,3.0,45.24312603758588,45.24383872861655,8.75124916509732,0.0034014049995489265,0.0,0.0,0.0,0.0,0.0
4,45.26875400101555,3.0,45.268623392809495,45.2701939442036,19.27441060690606,0.016101900545423174,0.0,0.0,0.0,0.0,0.0
5,45.28340983844012,7.0,45.280912620494014,45.285370584426175,73.47271170488243,0.01858630379160196,0.0,0.0,0.0,0.0,0.0
6,45.32863577234215,3.0,45.327220501663696,45.328929150530534,20.941494362010808,0.008587522650062827,0.0,0.0,0.0,0.0,0.0
7,45.39198544430393,3.0,45.39156917007917,45.39201220180259,5.422294989424149,0.008437477241641442,0.0,0.0,0.0,0.0,0.0
8,45.40450000647186,3.0,45.403058934226905,45.40519917048596,26.187275352488278,0.008156553993034686,0.0,0.0,0.0,0.0,0.0
9,45.42582395126699,7.0,45.42385390566805,45.42699592493558,49.5813092105668,0.036268136976320024,0.0,0.0,0.0,0.0,0.0
10,45.51597746388717,4.0,45.51474966762151,45.51694140421114,33.28596834016845,0.00952631418091418,0.0,0.0,0.0,0.0,0.0
11,45.60689387842693,5.0,45.60515546292325,45.60835666526424,56.753538850256405,0.01982882840680758,0.0,0.0,0.0,0.0,0.0
12,45.733030006700574,4.0,45.73188466897464,45.73498618320796,47.8289470025846,0.013340022536297206,0.0,0.0,0.0,0.0,0.0
13,45.75724116576475,4.0,45.756073667290615,45.75745688459077,12.581884295551692,0.012633002615801641,0.0,0.0,0.0,0.0,0.0
14,45.76299095940825,8.0,45.76031309288235,45.7648227524116,59.83774847945022,0.013343443397581835,0.0,0.0,0.0,0.0,0.0
15,45.77330015722542,3.0,45.77276686242166,45.77482659159286,24.99915846300508,0.00553520644946413,0.0,0.0,0.0,0.0,0.0
16,45.83594722385858,3.0,45.83496623835206,45.83740919832036,29.609947314021074,0.013747768206870481,0.0,0.0,0.0,0.0,0.0
17,45.88170284130639,3.0,45.8803988541751,45.88213353723137,21.004294726640808,0.004602464223715983,0.0,0.0,0.0,0.0,0.0
18,45.97888633326944,3.0,45.97868851804721,45.97940727287002,8.684599970574887,0.008759337177790332,0.0,0.0,0.0,0.0,0.0
19,46.01642424058449,3.0,46.01604552360558,46.01747059104152,17.204816413866922,0.010061607780163977,0.0,0.0,0.0,0.0,0.0
20,46.02874116998035,24.0,46.028618800456876,46.034317907225436,5.274870134178922,0.019826401433646914,0.0,0.0,0.0,0.0,0.0
21,46.03899490810719,3.0,46.03806437219657,46.03928544123909,14.734719809555399,0.012373862005418127,0.0,0.0,0.0,0.0,0.0
22,46.056172444627954,12.0,46.05189647647019,46.059570067097276,102.86061253343348,0.033634689364529693,0.0,0.0,0.0,0.0,0.0
23,46.06510310825932,64.0,46.06495813332644,46.06521756884929,2.228664394213111,0.01448022958923375,0.0,0.0,0.0,0.0,0.0
24,46.10924787595805,4.0,46.10844659157254,46.110635995439154,19.425566081402746,0.013538153950112555,0.0,0.0,0.0,0.0,0.0
25,46.11621303055279,3.0,46.114628344941934,46.116963329639525,28.12923342214934,0.013483435301447973,0.0,0.0,0.0,0.0,0.0
26,46.19165053313462,3.0,46.19162025314047,46.19201502741854,4.748023524509605,0.008206001131113774,0.0,0.0,0.0,0.0,0.0
27,46.23133952137683,3.0,46.23017407960759,46.23157494226418,16.833971057273747,0.005271435751027406,0.0,0.0,0.0,0.0,0.0
28,46.30948141261336,3.0,46.30844119744757,46.31037011543205,23.140425454881992,0.005641106364683817,0.0,0.0,0.0,0.0,0.0
29,46.35910794885804,3.0,46.358368423543055,46.35939346834635,12.283871721381365,0.00419504473583415,0.0,0.0,0.0,0.0,0.0
30,46.40310994189096,3.0,46.402370835508805,46.40315962643319,9.4437028200591,0.0027178220478127754,0.0,0.0,0.0,0.0,0.0
31,46.48978686437372,4.0,46.489465321048215,46.49134464249539,17.55337153912776,0.0062308966361984556,0.0,0.0,0.0,0.0,0.0
32,46.51012222878956,3.0,46.50989536487696,46.51042801371848,6.3624004600001545,0.008345007961997362,0.0,0.0,0.0,0.0,0.0
33,46.52006114390416,3.0,46.51991378836403,46.520416185347614,5.999765014543239,0.014017787726779299,0.0,0.0,0.0,0.0,0.0
34,46.567393148301846,4.0,46.56571681009987,46.56814484024175,37.08347951655546,0.013598070961270825,0.0,0.0,0.0,0.0,0.0
35,46.57998981397038,5.0,46.577338332243265,46.58180901561904,63.9481829510676,0.01353027943840052,0.0,0.0,0.0,0.0,0.0
36,46.66381067786038,5.0,46.66201931008905,46.66547810832596,40.3477348779307,0.01662986217842688,0.0,0.0,0.0,0.0,0.0
37,46.692825373553845,4.0,46.69270776952456,46.693161705263044,4.018291117025615,0.012638581169265396,0.0,0.0,0.0,0.0,0.0
38,46.73583479439617,3.0,46.73494675405003,46.73730077354755,27.982566599905017,0.009732836889324963,0.0,0.0,0.0,0.0,0.0
39,46.77634125788241,4.0,46.7753799963298,46.77770671988478,18.834699015371513,0.004402746764067735,0.0,0.0,0.0,0.0,0.0
40,46.85684434122723,3.0,46.85670162673764,46.85852793714005,21.653547192426966,0.01029535655837353,0.0,0.0,0.0,0.0,0.0
41,46.90085576524737,3.0,46.89936443235216,46.902208937994274,33.69407415908744,0.00889868340846514,0.0,0.0,0.0,0.0,0.0
42,47.02262215996426,4.0,47.02201874789041,47.02290326443455,6.325208018732266,0.013181667581722555,0.0,0.0,0.0,0.0,0.0
43,47.05921178454456,3.0,47.05868766291275,47.06038662904391,20.057073569101945,0.01335943132201574,0.0,0.0,0.0,0.0,0.0
44,47.116593161537864,4.0,47.11597232608262,47.11785733441403,14.602804528317982,0.013473728581031711,0.0,0.0,0.0,0.0,0.0
45,47.2014469140001,5.0,47.19871042260633,47.202643249518125,40.187792662216836,0.017052185076993034,0.0,0.0,0.0,0.0,0.0
46,47.24719621691382,3.0,47.24715282427992,47.24819234082703,12.22314209261619,0.010991035252442417,0.0,0.0,0.0,0.0,0.0
47,47.38142285285529,3.0,47.380061594863946,47.381789862522645,20.264243694403778,0.013303130404393255,0.0,0.0,0.0,0.0,0.0
48,47.39141903255049,3.0,47.3901880582444,47.39277766012717,30.35713515282329,0.009367457609609714,0.0,0.0,0.0,0.0,0.0
49,47.40502689232714,4.0,47.40361063205532,47.40622703218693,27.984791266704995,0.006872548258738223,0.0,0.0,0.0,0.0,0.0
50,47.42488709013596,3.0,47.42440017511191,47.425214202455166,9.535866939560647,0.004066369603226944,0.0,0.0,0.0,0.0,0.0
51,47.57267128948277,3.0,47.57171702288548,47.57297337175407,14.671692270805485,0.013123699281984091,0.0,0.0,0.0,0.0,0.0
52,47.62609727903093,3.0,47.62472993476023,47.62669417284808,22.91271896068819,0.013846537398310928,0.0,0.0,0.0,0.0,0.0
53,47.65520963154159,4.0,47.65421340582349,47.656358197946986,20.635328423466998,0.0117620947691055,0.0,0.0,0.0,0.0,0.0
54,47.66127018473261,4.0,47.6606600884901,47.66164628328829,9.399455956329748,0.009697615256514093,0.0,0.0,0.0,0.0,0.0
55,47.73376543175834,3.0,47.73300318380652,47.734297980750675,15.069660420397929,0.015439172935774688,0.0,0.0,0.0,0.0,0.0
56,47.777752011632,4.0,47.775538566006766,47.78012715347864,50.74884187415909,0.01251291899458172,0.0,0.0,0.0,0.0,0.0
57,47.801481285578674,3.0,47.80064242196471,47.80216540069208,17.700273510996304,0.009578253587339759,0.0,0.0,0.0,0.0,0.0
58,47.8105584903313,3.0,47.80988993940352,47.81195202758258,23.961329465612454,0.012437175856868902,0.0,0.0,0.0,0.0,0.0
59,47.81862400243264,5.0,47.81711792036403,47.81951689461198,38.07796728749493,0.0263223001064768,0.0,0.0,0.0,0.0,0.0
60,47.83147524533882,3.0,47.830820774582946,47.83232283572145,17.446219377425173,0.012771312798412857,0.0,0.0,0.0,0.0,0.0
61,47.879248317137474,3.0,47.87769782977974,47.87932919779091,18.929193619616626,0.007208739951930252,0.0,0.0,0.0,0.0,0.0
62,47.887649804005704,4.0,47.88522995976171,47.88914706339829,47.510101496167536,0.010932848618506368,0.0,0.0,0.0,0.0,0.0
63,47.89929908874497,3.0,47.898137762655864,47.899621215243116,17.205686553466002,0.006785399923555958,0.0,0.0,0.0,0.0,0.0
64,47.95371096900928,4.0,47.95294201127263,47.95505905097957,34.35479807195329,0.014208917834346694,0.0,0.0,0.0,0.0,0.0
65,48.06008247704929,4.0,48.05957965280799,48.061762561577204,27.016915292503224,0.0078022475465555,0.0,0.0,0.0,0.0,0.0
66,48.09298231064852,3.0,48.092939325699085,48.09350264665906,6.507312997458059,0.01763001813131739,0.0,0.0,0.0,0.0,0.0
67,48.18822026462,3.0,48.18725236325133,48.18975094560447,28.805822246107915,0.01640734566724298,0.0,0.0,0.0,0.0,0.0
68,48.41824987625071,7.0,48.41663642955045,48.41930687165593,33.091009368633344,0.017919898943629848,0.0,0.0,0.0,0.0,0.0
69,48.43023461668978,3.0,48.429944189482285,48.431855376898596,21.92371759577533,0.007710079021961213,0.0,0.0,0.0,0.0,0.0
70,48.45513547781198,4.0,48.45419004929009,48.45568912207809,15.625799065778095,0.019132413646715318,0.0,0.0,0.0,0.0,0.0
71,48.4621652240822,3.0,48.461301481925226,48.46276871227229,16.819883445588456,0.01460063437920813,0.0,0.0,0.0,0.0,0.0
72,48.50173098242519,3.0,48.50042328231593,48.503354085998474,33.57043625250443,0.005928163010518866,0.0,0.0,0.0,0.0,0.0
73,48.5657669516105,4.0,48.564928297814184,48.566919604961896,36.43715671545519,0.022329725244428375,0.0,0.0,0.0,0.0,0.0
74,48.58384758290227,5.0,48.581712281820955,48.58627163915127,68.92002421375757,0.019807465738624828,0.0,0.0,0.0,0.0,0.0
75,48.6524474916877,3.0,48.65148971893324,48.65380505167583,26.43846372415104,0.009744578392973394,0.0,0.0,0.0,0.0,0.0
76,48.72278086356912,4.0,48.722630215676645,48.72417140242063,12.523675053223242,0.011203785725081431,0.0,0.0,0.0,0.0,0.0
77,48.753273987350624,3.0,48.75319320359361,48.75453886084377,15.334095539874806,0.011630770428632297,0.0,0.0,0.0,0.0,0.0
78,48.78825565422355,3.0,48.78824307435763,48.78907140961192,9.432316163222307,0.010053491498745369,0.0,0.0,0.0,0.0,0.0
79,48.96141584223048,4.0,48.96023432303607,48.963201611530216,26.607328225423057,0.0087843080321873,0.0,0.0,0.0,0.0,0.0
80,48.969570649864224,3.0,48.96806371562851,48.97077003573083,30.70296814942452,0.009948583008087252,0.0,0.0,0.0,0.0,0.0
81,49.03684669864089,3.0,49.03568383649609,49.03692144858234,14.021339389187872,0.00694068843693131,0.0,0.0,0.0,0.0,0.0
82,49.0917196882189,4.0,49.09054823179358,49.09265608076798,37.12569417207714,0.012998348274602646,0.0,0.0,0.0,0.0,0.0
83,49.2225643289831,3.0,49.22255215971647,49.22418096291372,18.38365549369166,0.01226840948493826,0.0,0.0,0.0,0.0,0.0
84,49.23043006321189,3.0,49.229633779750856,49.231426805678005,20.233938923709623,0.006400468658593905,0.0,0.0,0.0,0.0,0.0
85,49.23522347811922,3.0,49.23496300309411,49.23634558983698,15.600695838852818,0.006068912064327954,0.0,0.0,0.0,0.0,0.0
86,49.263473938781466,5.0,49.26239449089982,49.26417675218618,16.558513323577124,0.018722957783436835,0.0,0.0,0.0,0.0,0.0
87,49.27277469980579,3.0,49.2711305113039,49.272847920687134,19.36396579728385,0.003883609871108513,0.0,0.0,0.0,0.0,0.0
88,49.4099957637983,3.0,49.409703576267596,49.41075393343679,11.809994144863042,0.005699060564352046,0.0,0.0,0.0,0.0,0.0
89,49.41637180917469,3.0,49.416367051669674,49.41783902620854,16.54843532141982,0.009244059280425066,0.0,0.0,0.0,0.0,0.0
90,49.47826398710343,3.0,49.4768749131493,49.47918521189225,25.940669663957113,0.005709493013932087,0.0,0.0,0.0,0.0,0.0
91,49.56148656766379,5.0,49.56022555474555,49.56441663603475,47.536636119431236,0.013885740845449187,0.0,0.0,0.0,0.0,0.0
92,49.67759770573074,4.0,49.67661272868533,49.677880331130964,9.006996243441648,0.007602677768998025,0.0,0.0,0.0,0.0,0.0
93,49.69762622155747,6.0,49.69395830340972,49.699900163759075,62.99602623326148,0.015153201452530757,0.0,0.0,0.0,0.0,0.0
94,49.798980626818285,6.0,49.79504472697247,49.80129302119327,78.34363275750643,0.022503724608472324,0.0,0.0,0.0,0.0,0.0
95,49.80562322374456,3.0,49.804420233195934,49.80684387731499,27.034476588692197,0.005740099454948458,0.0,0.0,0.0,0.0,0.0
96,49.81578762515117,3.0,49.814378694314826,49.81641621214977,22.722803486740148,0.01264980946307863,0.0,0.0,0.0,0.0,0.0
97,49.871954755056294,4.0,49.870609314792304,49.872599650160055,13.374573491162392,0.0047906051987007025,0.0,0.0,0.0,0.0,0.0
98,49.91030464068764,3.0,49.909890699743706,49.91085351635154,10.717187949702263,0.003390800500326427,0.0,0.0,0.0,0.0,0.0
99,49.95921155559812,3.0,49.95896239918227,49.96090904052872,21.647007248889537,0.004933266862272778,0.0,0.0,0.0,0.0,0.0
100,49.97341030115845,5.0,49.971950799712374,49.97565653415555,34.860967003188456,0.01469158534904672,0.0,0.0,0.0,0.0,0.0
101,50.03682378235688,3.0,50.036436987199885,50.03723320837085,8.840391166825128,0.008143885064104836,0.0,0.0,0.0,0.0,0.0
102,50.10794547598317,3.0,50.10643691289308,50.10915309369855,30.11477166022473,0.013720468027014631,0.0,0.0,0.0,0.0,0.0
103,50.13695780343242,3.0,50.13693189178095,50.1384064581249,16.339314555677298,0.011456746383516373,0.0,0.0,0.0,0.0,0.0
104,50.15253403381111,6.0,50.15020765355653,50.15344391011758,28.349522456361665,0.023083237317136494,0.0,0.0,0.0,0.0,0.0
105,50.19062305828477,3.0,50.188993657437805,50.19096691908232,21.84185814753024,0.010303957367772487,0.0,0.0,0.0,0.0,0.0
106,50.237708176259005,4.0,50.236951106864865,50.23998843448641,36.88005230612614,0.011005980622952334,0.0,0.0,0.0,0.0,0.0
107,50.28174003096192,3.0,50.28091790017534,50.2821839989173,13.988938917840063,0.011632486707892499,0.0,0.0,0.0,0.0,0.0
108,50.38515511270406,3.0,50.38348976757658,50.3863220995759,31.2297892877806,0.005699374946594494,0.0,0.0,0.0,0.0,0.0
109,50.40918271783947,3.0,50.40911661162747,50.40925696052204,1.5467738991802789,0.007719922132448329,0.0,0.0,0.0,0.0,0.0
110,50.41662886653381,3.0,50.41495289779706,50.41785318369618,31.95909723006069,0.011006317622798526,0.0,0.0,0.0,0.0,0.0
111,50.45554687025698,5.0,50.45447656923695,50.45692998470187,15.347017372805194,0.021734437471184274,0.0,0.0,0.0,0.0,0.0
112,50.570957979992855,3.0,50.570801893330696,50.571649302786106,9.309355598352022,0.0077739088130194065,0.0,0.0,0.0,0.0,0.0
113,50.70738948433936,3.0,50.70614339979954,50.70788214184777,19.049842920297888,0.0035505324144776197,0.0,0.0,0.0,0.0,0.0
114,50.75030727985903,3.0,50.74956719315464,50.750619433853124,11.518711849455507,0.006663495580646093,0.0,0.0,0.0,0.0,0.0
115,50.7825694067717,3.0,50.782339000608594,50.78258384646859,2.6785859668241145,0.015550468846730435,0.0,0.0,0.0,0.0,0.0
116,50.80755904517871,5.0,50.80674458830922,50.80890522604084,16.609802305106527,0.006657978088404858,0.0,0.0,0.0,0.0,0.0
117,50.898707262876655,3.0,50.89755517992397,50.899475402786635,20.959087894851567,0.015020076254345737,0.0,0.0,0.0,0.0,0.0
118,50.96887909833707,3.0,50.9673970994407,50.9691128422038,18.701420176483204,0.021760878341508298,0.0,0.0,0.0,0.0,0.0
119,50.9904858069809,3.0,50.988996366086994,50.99102034282254,22.051790681070127,0.005617747146759262,0.0,0.0,0.0,0.0,0.0
120,51.03122874379238,3.0,51.03006045941246,51.032810331040395,29.93669753926861,0.010094038906507952,0.0,0.0,0.0,0.0,0.0
121,51.04521026771089,5.0,51.04440373338378,51.04751217314457,40.10889068326948,0.022500792775973957,0.0,0.0,0.0,0.0,0.0
122,51.194712147799294,3.0,51.19359108979431,51.19531844532888,18.74494304951122,0.01637587725515783,0.0,0.0,0.0,0.0,0.0
123,51.3083143889786,3.0,51.30654569041456,51.308852153054275,24.973888704733092,0.007176931267278342,0.0,0.0,0.0,0.0,0.0
124,51.42824754054009,5.0,51.42597448069826,51.429335842048836,50.16892337491018,0.01379327592447001,0.0,0.0,0.0,0.0,0.0
125,51.44745693803641,3.0,51.4472923050926,51.44789096533272,6.4646348348366764,0.019506495461898626,0.0,0.0,0.0,0.0,0.0
126,51.46370053445016,3.0,51.46296106320844,51.4643084641918,14.545322122089027,0.01164089025349046,0.0,0.0,0.0,0.0,0.0
127,51.4686390672457,3.0,51.468612313407675,51.46927836322089,7.189381353674629,0.01111967916734968,0.0,0.0,0.0,0.0,0.0
128,51.63313375986607,3.0,51.63212164850164,51.63476297194605,28.41977247381452,0.006014232664041819,0.0,0.0,0.0,0.0,0.0
129,51.84489757577192,3.0,51.844840684548345,51.84607892083,13.268596863608163,0.0076250508397207855,0.0,0.0,0.0,0.0,0.0
130,51.94092459433044,4.0,51.93962319459197,51.94145252862161,12.249240970463978,0.011863016760671268,0.0,0.0,0.0,0.0,0.0
131,51.99787369560966,3.0,51.99764525859529,51.998751053422524,11.814530401105047,0.007032344831327957,0.0,0.0,0.0,0.0,0.0
132,52.06960717357384,3.0,52.06842788758846,52.07118136664802,29.378185695729186,0.00521446110466628,0.0,0.0,0.0,0.0,0.0
133,52.10213702434102,3.0,52.10103310046528,52.10308643654149,21.89434694449233,0.02189517428226303,0.0,0.0,0.0,0.0,0.0
134,52.195860336824545,4.0,52.19486977242271,52.19765109504841,27.11092307993022,0.009832231181234016,0.0,0.0,0.0,0.0,0.0
135,52.350294519379744,3.0,52.35024394084731,52.35170045542603,15.456928626493836,0.008841611015670025,0.0,0.0,0.0,0.0,0.0
136,52.44364797937553,4.0,52.442196448384585,52.44504525058796,25.074683131165596,0.01511432343963088,0.0,0.0,0.0,0.0,0.0
137,52.49895784272866,4.0,52.49746178481377,52.500703541097586,32.24625668723837,0.006940367986205418,0.0,0.0,0.0,0.0,0.0
138,52.52086208894416,3.0,52.5189724636412,52.521457510851164,26.286350383411094,0.00962914004005073,0.0,0.0,0.0,0.0,0.0
139,52.54248645108289,3.0,52.541235880021446,52.54254724139108,13.865618920059717,0.008924919567364166,0.0,0.0,0.0,0.0,0.0
140,52.6527643129141,3.0,52.65245181451122,52.65381133306234,14.344699538843708,0.008214714464069465,0.0,0.0,0.0,0.0,0.0
141,52.71419078874095,4.0,52.71263673149887,52.71550344696534,42.1878723964905,0.014242007257132615,0.0,0.0,0.0,0.0,0.0
142,52.73089844136965,4.0,52.73060132284949,52.732101564318675,10.82820111040318,0.016860754235340586,0.0,0.0,0.0,0.0,0.0
143,52.80695615944748,8.0,52.80408406982257,52.810101350599574,95.66618780794732,0.025466433970651493,0.0,0.0,0.0,0.0,0.0
144,52.85979432999882,6.0,52.857413096302885,52.862760806135796,55.618176093651236,0.023717073694077058,0.0,0.0,0.0,0.0,0.0
145,52.964884474296674,3.0,52.964136079496114,52.96599107411756,19.45727962403267,0.010565756316635368,0.0,0.0,0.0,0.0,0.0
146,52.98177916420824,6.0,52.978901067126976,52.983281826489225,43.404584302590024,0.012796642452766852,0.0,0.0,0.0,0.0,0.0
147,52.99521884653613,4.0,52.993996854615425,52.99589248519927,19.296315753543,0.010117206105483285,0.0,0.0,0.0,0.0,0.0
148,53.02623487362223,3.0,53.02577377037605,53.02674558007294,10.181644564033254,0.018262468621613268,0.0,0.0,0.0,0.0,0.0
149,53.03799475926603,4.0,53.0361105251445,53.03851115320794,17.851235850496465,0.006633853485042695,0.0,0.0,0.0,0.0,0.0
150,53.17515048667362,3.0,53.17443476491681,53.175224142511105,8.247143711551933,0.00398856051977543,0.0,0.0,0.0,0.0,0.0
151,53.22943204589411,4.0,53.22792624070682,53.232000474670855,43.41564304568399,0.021218309492119274,0.0,0.0,0.0,0.0,0.0
152,53.3231801225301,3.0,53.322326601129554,53.32446241568343,22.252304500882992,0.004532440053909053,0.0,0.0,0.0,0.0,0.0
153,53.35306381438674,5.0,53.35222507736799,53.354380241891654,18.776761471427086,0.02304912709217963,0.0,0.0,0.0,0.0,0.0
154,53.37493442019824,3.0,53.37393533078419,53.37543706938532,15.630917993769573,0.008926635880279567,0.0,0.0,0.0,0.0,0.0
155,53.42020131783377,4.0,53.41964235338601,53.42125400520074,14.06989749442478,0.004172476848926499,0.0,0.0,0.0,0.0,0.0
156,53.45465555693849,3.0,53.45278191334006,53.455758202558805,30.932647365971736,0.008219068819009932,0.0,0.0,0.0,0.0,0.0
157,53.466517999078505,3.0,53.46529187604181,53.46735464696832,21.43367271610265,0.009754858225474528,0.0,0.0,0.0,0.0,0.0
158,53.499388615820536,3.0,53.49858861960842,53.500989064706815,24.927025237585063,0.009221676635059217,0.0,0.0,0.0,0.0,0.0
159,53.590424637294674,4.0,53.58971686536489,53.59213891980124,18.329548734400483,0.006205170569010182,0.0,0.0,0.0,0.0,0.0
160,53.75230050826433,3.0,53.75156812402771,53.75385900866876,23.677380827230373,0.008733523036301007,0.0,0.0,0.0,0.0,0.0
161,53.78691776327612,3.0,53.78681460099954,53.78799725632415,12.215437567660366,0.006260748563288167,0.0,0.0,0.0,0.0,0.0
162,53.84261583724191,3.0,53.841807840488535,53.84384315311558,21.000637128486947,0.016212807228578936,0.0,0.0,0.0,0.0,0.0
163,53.84888458734175,3.0,53.84784313222018,53.849852457022386,20.73007761141497,0.007921318727642993,0.0,0.0,0.0,0.0,0.0
164,53.92336887585424,4.0,53.92149011727672,53.92500526117053,42.52932908019315,0.006999781553538484,0.0,0.0,0.0,0.0,0.0
165,53.98739258022684,5.0,53.98488008562239,53.98786544768569,34.88690689086219,0.007689042275567698,0.0,0.0,0.0,0.0,0.0
166,54.01669705457429,3.0,54.01523074773472,54.01726031617136,20.87387940837115,0.007267270138504092,0.0,0.0,0.0,0.0,0.0
167,54.05409067578999,4.0,54.05303862077403,54.05562457494755,29.766964348273156,0.015553381052439972,0.0,0.0,0.0,0.0,0.0
168,54.06424055140549,3.0,54.0635064714715,54.065606253310875,21.57702493221194,0.008962081768083701,0.0,0.0,0.0,0.0,0.0
169,54.130662317517505,4.0,54.12904618018461,54.13268909508117,34.63923688952433,0.019008350905090784,0.0,0.0,0.0,0.0,0.0
170,54.1633946937592,3.0,54.16239046702678,54.16371869845012,13.62370934220478,0.003898103722511448,0.0,0.0,0.0,0.0,0.0
171,54.18469134061046,3.0,54.18330347094007,54.18630045011586,30.72802280116749,0.006690053264701439,0.0,0.0,0.0,0.0,0.0
172,54.25518095261013,3.0,54.25446899470296,54.25567348262321,12.333567853659872,0.005973153025793411,0.0,0.0,0.0,0.0,0.0
173,54.26637622222668,3.0,54.26621650463406,54.26815538310106,19.84939439261131,0.013851555146271902,0.0,0.0,0.0,0.0,0.0
174,54.27707479008761,3.0,54.27652820052644,54.27795263007394,14.579815726447004,0.008298815963527861,0.0,0.0,0.0,0.0,0.0
175,54.28536504546739,3.0,54.28417495024777,54.28694595018812,28.35836896404149,0.013394268147504074,0.0,0.0,0.0,0.0,0.0
176,54.33332343249347,3.0,54.332541823717996,54.333574839752096,10.562538060695502,0.01342868874733468,0.0,0.0,0.0,0.0,0.0
177,54.43876888063558,3.0,54.4383849647625,54.44032072957486,19.754761502974745,0.005770798383253064,0.0,0.0,0.0,0.0,0.0
178,54.46028760490595,4.0,54.45912207076722,54.46160570521225,25.917721198566298,0.005599273435961058,0.0,0.0,0.0,0.0,0.0
179,54.79692694808104,3.0,54.796806946124875,54.79811327533462,13.244145069417923,0.012587795645179733,0.0,0.0,0.0,0.0,0.0
180,54.88515235907949,4.0,54.8835091630195,54.885770271905635,23.453174644691757,0.004999060767396435,0.0,0.0,0.0,0.0,0.0
181,54.89354583319543,3.0,54.89336301795745,54.89383575515292,4.784383505892795,0.004590005835981935,0.0,0.0,0.0,0.0,0.0
182,55.01775742711392,9.0,55.017626347047894,55.0183884278734,3.5997774552149338,0.005580545409508716,0.0,0.0,0.0,0.0,0.0
183,55.054235974537676,564.0,55.054049682751064,55.05444821773163,2.7612571970180895,0.6051232869259378,0.0,2.284622400122536,0.0,0.0,0.0
184,55.07157966373976,3.0,55.07146537453166,55.07262842749984,11.73274022330089,0.005648768129587513,0.0,0.0,0.0,0.0,0.0
185,55.13446483696879,3.0,55.133432079362514,55.13529249147827,18.746210552567547,0.011896199502453752,0.0,0.0,0.0,0.0,0.0
186,55.26254232017854,3.0,55.2620874061812,55.263808697949024,17.304184067472924,0.011892915581162638,0.0,0.0,0.0,0.0,0.0
187,55.29108511819021,5.0,55.28851379853587,55.293512072830225,54.78852387026366,0.0158107689169425,0.0,0.0,0.0,0.0,0.0
188,55.4619671883009,5.0,55.460833802582044,55.46283279054972,22.82882240467742,0.00825639150159698,0.0,0.0,0.0,0.0,0.0
189,55.52001136403145,5.0,55.51904734364128,55.5220010235187,22.40612666891167,0.01985751501901317,0.0,0.0,0.0,0.0,0.0
190,55.54134636750524,3.0,55.54084211629949,55.54311329293385,22.717576713456438,0.016113491770951748,0.0,0.0,0.0,0.0,0.0
191,55.57908245429513,3.0,55.57854140918276,55.58017475983968,16.326592515682187,0.004134579746850349,0.0,0.0,0.0,0.0,0.0
192,55.72427734973119,4.0,55.72279560143127,55.72623254173569,34.16341562067339,0.013705611537784662,0.0,0.0,0.0,0.0,0.0
193,55.842007351221284,4.0,55.84026432008357,55.843688404365416,32.327676761827284,0.01248330103303792,0.0,0.0,0.0,0.0,0.0
194,55.84844392536822,4.0,55.8471682139683,55.850247626979424,27.532420912942012,0.004182106362485034,0.0,0.0,0.0,0.0,0.0
195,55.87073925440216,3.0,55.868916898233785,55.87258306563917,36.45485448789266,0.011710202328841403,0.0,0.0,0.0,0.0,0.0
196,55.96963427097501,5.0,55.967004540889256,55.970082375397155,34.60446598760488,0.026784774886524716,0.0,0.0,0.0,0.0,0.0
197,56.001509019997584,3.0,56.00037478406108,56.00296035296935,25.64979402163527,0.022672242433336695,0.0,0.0,0.0,0.0,0.0
198,56.00692139526789,3.0,56.00656688742859,56.00788107592376,13.035973078831413,0.005580056767961445,0.0,0.0,0.0,0.0,0.0
199,56.070258471820665,3.0,56.07009967975724,56.07060694586646,5.026096058819583,0.004602706322747186,0.0,0.0,0.0,0.0,0.0
200,56.07784566034523,3.0,56.0765182479925,56.0783928435113,18.571361695976574,0.017860325869593623,0.0,0.0,0.0,0.0,0.0
201,56.0856609311988,5.0,56.083910537460824,56.08747430532036,38.52388574716868,0.013253221332604644,0.0,0.0,0.0,0.0,0.0
202,56.242299735489,3.0,56.24177521311278,56.24345885634192,16.630851759583766,0.014953779417918492,0.0,0.0,0.0,0.0,0.0
203,56.45484447943399,3.0,56.45472613451837,56.45500403950637,2.7347814244787703,0.003584713056421676,0.0,0.0,0.0,0.0,0.0
204,56.47209374927641,3.0,56.47159821037839,56.473969764843666,23.330642995801412,0.012459003684374515,0.0,0.0,0.0,0.0,0.0
205,56.59451982523704,3.0,56.593075160200144,56.59531145158178,21.95237462464089,0.0037809252564174898,0.0,0.0,0.0,0.0,0.0
206,56.61128028083729,3.0,56.611099954477304,56.61183326810382,7.196383073355136,0.007744901749649141,0.0,0.0,0.0,0.0,0.0
207,56.622373688388336,4.0,56.621300990011584,56.624090275297384,39.16205420494285,0.0184720933512724,0.0,0.0,0.0,0.0,0.0
208,56.653567989442095,3.0,56.65164535227948,56.65508518838327,33.73168055396101,0.012469050124665614,0.0,0.0,0.0,0.0,0.0
209,56.65913608801615,4.0,56.65841759085653,56.660088725514846,14.88742837526048,0.013861003457534653,0.0,0.0,0.0,0.0,0.0
210,56.66604296512503,5.0,56.66437609033371,56.669902890644586,64.54915098562705,0.013183070660276502,0.0,0.0,0.0,0.0,0.0
211,56.77947364900318,4.0,56.77767710659134,56.78029615860033,18.713270032811334,0.010487119502753666,0.0,0.0,0.0,0.0,0.0
212,56.93279435008678,3.0,56.932632012310904,56.93458406690856,19.048332140661696,0.004130361235882772,0.0,0.0,0.0,0.0,0.0
213,56.97313152080054,4.0,56.97211473593699,56.974057025323646,30.18844079291121,0.00936962758935694,0.0,0.0,0.0,0.0,0.0
214,57.0334774173312,94.0,57.03329605113979,57.033740356719065,3.182600761466249,0.06076020100378537,0.0,0.0,0.0,0.0,0.0
215,57.069878481244,788.0,57.06971031257461,57.07009219715298,2.988403737382178,1.2557811030047141,0.0,4.244144943937404,0.0,0.0,2.5348531524369524
216,57.1363595473433,4.0,57.13604471413666,57.136941983495,11.246051945521733,0.021376201493666033,0.0,0.0,0.0,0.0,0.0
217,57.17066759338699,3.0,57.1688630645056,57.171004094029165,20.805439161191412,0.012342279760175637,0.0,0.0,0.0,0.0,0.0
218,57.2552224307789,3.0,57.25504258146306,57.25705594471553,19.535949609082355,0.003922025475545618,0.0,0.0,0.0,0.0,0.0
219,57.38541394145902,5.0,57.38222208532393,57.387446956347496,50.751385114928716,0.011316431156438248,0.0,0.0,0.0,0.0,0.0
220,57.604804416331625,6.0,57.60303581968043,57.60828525187922,46.67707993248146,0.011224885262075485,0.0,0.0,0.0,0.0,0.0
221,57.61738034763228,4.0,57.61653521066244,57.618178877267226,18.03575024414987,0.01594574296134515,0.0,0.0,0.0,0.0,0.0
222,57.68204184977601,4.0,57.68012716790301,57.68395297392234,24.449085314131647,0.0206150602472485,0.0,0.0,0.0,0.0,0.0
223,57.835574037262575,3.0,57.833655540471014,57.83650980890515,27.417462557032515,0.012625816666005535,0.0,0.0,0.0,0.0,0.0
224,58.06509305644273,6.0,58.064993244030326,58.065153347350915,1.841433482031347,0.008375197334934574,0.0,0.0,0.0,0.0,0.0
225,58.244573689377006,4.0,58.243885088628105,58.24602142522471,25.608176517679727,0.00749347381156678,0.0,0.0,0.0,0.0,0.0
226,58.280099860138996,4.0,58.278839239772516,58.28047667348618,13.014758834734009,0.017621372010865187,0.0,0.0,0.0,0.0,0.0
227,58.33280676806116,5.0,58.332439690158694,58.33436985779486,9.144445413826054,0.01830918357305039,0.0,0.0,0.0,0.0,0.0
228,58.33707990072021,3.0,58.33705242754243,58.33840476500432,12.878577248264586,0.010770643643581216,0.0,0.0,0.0,0.0,0.0
229,58.491473525041215,3.0,58.490091599199374,58.492158588258846,19.63238718488659,0.021758534100300597,0.0,0.0,0.0,0.0,0.0
230,58.530123154095314,5.0,58.527874136542856,58.53302650612564,44.44680896421877,0.011894968907922927,0.0,0.0,0.0,0.0,0.0
231,58.60036159288695,3.0,58.598972695405166,58.60209965177411,29.64483384608499,0.011708490656015676,0.0,0.0,0.0,0.0,0.0
232,58.82951710039288,3.0,58.829496584294404,58.83130598810724,17.08707448243559,0.01167290351446259,0.0,0.0,0.0,0.0,0.0
233,59.02377579926066,3.0,59.02345887539423,59.0243363744246,8.25937437436461,0.011080481866131982,0.0,0.0,0.0,0.0,0.0
234,59.04909682344166,144.0,59.048866432235286,59.0493479409737,2.0022861092739292,0.10248352885637732,0.0,0.0,0.0,0.0,0.0
235,59.40043798529088,3.0,59.40003809782627,59.401719346767294,15.724247516322434,0.012054054014114399,0.0,0.0,0.0,0.0,0.0
236,59.57865083827501,3.0,59.578481770267416,59.57997278627194,13.903339754779804,0.007095803333011426,0.0,0.0,0.0,0.0,0.0
237,59.66561325259647,5.0,59.66451396001535,59.667899107640174,17.84843789505462,0.02874866296068731,0.0,0.0,0.0,0.0,0.0
238,59.74885658881717,3.0,59.74870105651014,59.749411157218155,6.602643395435738,0.01021540627543672,0.0,0.0,0.0,0.0,0.0
239,59.7665652940933,3.0,59.76445334394643,59.767592900616755,29.183509903940404,0.018191220833819792,0.0,0.0,0.0,0.0,0.0
240,59.81196891811982,3.0,59.80991529693087,59.81198789753247,19.25107632298794,0.020377392435056395,0.0,0.0,0.0,0.0,0.0
241,59.86693095705211,3.0,59.86535746645987,59.868881298261286,32.70059618589777,0.016274009990449242,0.0,0.0,0.0,0.0,0.0
242,59.89925395020664,3.0,59.89863182791701,59.901081261916744,22.71809040641611,0.00967244541235493,0.0,0.0,0.0,0.0,0.0
243,60.24458423271128,5.0,60.24203530011745,60.24681449796631,25.035006755588224,0.005587517915133895,0.0,0.0,0.0,0.0,0.0
244,60.44700655893763,3.0,60.44624356191888,60.44763159569267,12.757122614142716,0.012654223562773343,0.0,0.0,0.0,0.0,0.0
245,60.54840319676502,3.0,60.54649565961853,60.54849530032036,18.34749460535856,0.015836891307423825,0.0,0.0,0.0,0.0,0.0
246,60.69721892018018,3.0,60.69629045017928,60.69754207890977,11.456032205208126,0.0035884037725997945,0.0,0.0,0.0,0.0,0.0
247,60.77904948110682,3.0,60.77755323697483,60.77909740087206,14.114548337262491,0.004622502653985255,0.0,0.0,0.0,0.0,0.0
248,61.06684250147592,4.0,61.06469212460114,61.06935532208358,50.32826007417835,0.015921601460733962,0.0,0.0,0.0,0.0,0.0
249,61.10283709231629,5.0,61.09998797626928,61.10582032955373,46.127870675449074,0.00664487553011011,0.0,0.0,0.0,0.0,0.0
250,61.26863916355435,4.0,61.266884809708976,61.27007204783016,32.31232924310292,0.005472981808183613,0.0,0.0,0.0,0.0,0.0
251,61.39481726367325,4.0,61.39413857319296,61.39735713640399,28.463192448219875,0.013540989453859948,0.0,0.0,0.0,0.0,0.0
252,61.49660397358865,3.0,61.49637186465735,61.49717528784698,7.258062846011081,0.005387076913768932,0.0,0.0,0.0,0.0,0.0
253,61.55984865543231,5.0,61.55968683345024,61.56206996061603,32.08432312504517,0.020222226483420504,0.0,0.0,0.0,0.0,0.0
254,61.72813944794636,3.0,61.72720493384757,61.728548078929585,12.088355795343217,0.015080759462753524,0.0,0.0,0.0,0.0,0.0
255,61.75155136746933,3.0,61.74998767277103,61.75354766745452,32.02793744229999,0.008935385992273899,0.0,0.0,0.0,0.0,0.0
256,61.80483282116043,3.0,61.80429471270033,61.80636409900421,18.601442722711646,0.004022078503802525,0.0,0.0,0.0,0.0,0.0
257,61.84891445285627,3.0,61.84877359257735,61.850142895603774,12.29971310406272,0.012230416631908976,0.0,0.0,0.0,0.0,0.0
258,61.8807925825301,4.0,61.87963282370372,61.881419689314306,16.72938321941187,0.007603408858712939,0.0,0.0,0.0,0.0,0.0
259,61.91594462029747,4.0,61.91550549178419,61.91621089466563,8.364136124116058,0.008689263953375359,0.0,0.0,0.0,0.0,0.0
260,61.94382075454404,3.0,61.942790577307235,61.94522668077897,21.848681614332236,0.003830307502515963,0.0,0.0,0.0,0.0,0.0
261,62.15719666409749,3.0,62.155806421835734,62.15920159192889,30.345731605293132,0.006008180989594028,0.0,0.0,0.0,0.0,0.0
262,62.35831969815431,4.0,62.3574490694606,62.35917247631473,10.586484074486568,0.016116917722249203,0.0,0.0,0.0,0.0,0.0
263,62.506412988379964,4.0,62.504376435423374,62.50862878355231,41.728299937228954,0.011690619476707709,0.0,0.0,0.0,0.0,0.0
264,62.55119741884213,4.0,62.549265952399146,62.551841935044116,13.396718620741316,0.007676879866314368,0.0,0.0,0.0,0.0,0.0
265,62.56617964421261,3.0,62.565789059467036,62.56645420601487,5.906159877601539,0.0027641850397904745,0.0,0.0,0.0,0.0,0.0
266,62.68406787144304,3.0,62.6826522602711,62.686021324395476,29.859298461032726,0.009648133490142211,0.0,0.0,0.0,0.0,0.0
267,62.82808929246045,3.0,62.826728088596845,62.82898580766006,19.9638152708862,0.016497927791715817,0.0,0.0,0.0,0.0,0.0
268,62.84132291578192,5.0,62.840003261288054,62.843415149429376,21.892226942252673,0.005936117856160685,0.0,0.0,0.0,0.0,0.0
269,62.96848524041787,3.0,62.96684437128336,62.970006251500735,27.896496383073863,0.012937000173317626,0.0,0.0,0.0,0.0,0.0
270,63.051223246241584,3.0,63.05114322667051,63.05195716827342,7.171784401737739,0.0035688610050958977,0.0,0.0,0.0,0.0,0.0
271,63.11771590805528,3.0,63.11698515875913,63.11785158397541,7.626184430906228,0.010555119767530983,0.0,0.0,0.0,0.0,0.0
272,63.17597692750728,3.0,63.17485721438901,63.17600776120014,10.117653955445553,0.01254899050219107,0.0,0.0,0.0,0.0,0.0
273,63.23891014500364,3.0,63.23678870010999,63.24049315543993,32.54374141066626,0.0031948800027838888,0.0,0.0,0.0,0.0,0.0
274,63.44362530692834,7.0,63.43807582232055,63.44802956836645,101.59262579154199,0.01593279173128148,0.0,0.0,0.0,0.0,0.0
275,63.65084186762975,3.0,63.64868605005441,63.65179771104516,27.159115255977536,0.019976586976030115,0.0,0.0,0.0,0.0,0.0
276,63.699578468051314,5.0,63.69745002980583,63.700663665209724,9.685421346291715,0.020293115760657995,0.0,0.0,0.0,0.0,0.0
277,63.86044724473712,3.0,63.85878364879335,63.86248211326595,32.1748840389866,0.01544981017495799,0.0,0.0,0.0,0.0,0.0
278,63.88835433222714,4.0,63.88510650686571,63.891340492137566,53.82947196527906,0.02083947569232341,0.0,0.0,0.0,0.0,0.0
279,63.91521714608757,3.0,63.91356261017034,63.916506481179944,25.58833353390883,0.009836612021258928,0.0,0.0,0.0,0.0,0.0
280,63.94957293381154,5.0,63.947591533480974,63.95012847920695,26.358871003940013,0.023497941003822447,0.0,0.0,0.0,0.0,0.0
281,64.22004210539846,3.0,64.21863423562469,64.22014730293196,13.089261871125371,0.004688042959257294,0.0,0.0,0.0,0.0,0.0
282,64.32052641723907,3.0,64.32024640477853,64.32062080007059,3.23376371532438,0.0043459949999733885,0.0,0.0,0.0,0.0,0.0
283,64.48570440349837,4.0,64.48365380626595,64.48740892096657,26.136747365031027,0.027146284793624895,0.0,0.0,0.0,0.0,0.0
284,64.6039121381996,4.0,64.60244574513654,64.60478222315402,24.54913051366961,0.020517860193017455,0.0,0.0,0.0,0.0,0.0
285,64.61388813489707,3.0,64.61379378735556,64.61449156971182,5.999590424983635,0.011529388148199184,0.0,0.0,0.0,0.0,0.0
286,64.67588652164594,3.0,64.67561959832815,64.6771653303271,13.277591473417866,0.00449640703430324,0.0,0.0,0.0,0.0,0.0
287,64.7576820247125,5.0,64.75694641580324,64.75920658750573,14.41935859739733,0.025384521958686727,0.0,0.0,0.0,0.0,0.0
288,64.90249250070566,3.0,64.90182363230824,64.9034526444186,13.944098186679946,0.004503948900653254,0.0,0.0,0.0,0.0,0.0
289,65.25536992861008,4.0,65.25269454586086,65.25712718847136,30.64769740749315,0.022390489562030692,0.0,0.0,0.0,0.0,0.0
290,65.31656325532504,4.0,65.31525602642641,65.31939562448493,39.97529031399898,0.010952684496416724,0.0,0.0,0.0,0.0,0.0
291,65.37680710503096,3.0,65.37480240551255,65.37885294003077,34.42041687591183,0.009624962384478646,0.0,0.0,0.0,0.0,0.0
292,65.60441461103005,3.0,65.60264845904798,65.60610782902086,29.29486100201317,0.009866253274078881,0.0,0.0,0.0,0.0,0.0
293,65.70659010991318,7.0,65.7035523650201,65.7103868886913,60.445779104460144,0.014593296654086159,0.0,0.0,0.0,0.0,0.0
294,65.76610270124104,3.0,65.76550150826276,65.76824292906825,23.15800231521157,0.008370510486256071,0.0,0.0,0.0,0.0,0.0
295,65.7980752005038,3.0,65.79636986505419,65.79991624612629,29.94330306344056,0.009820688668261576,0.0,0.0,0.0,0.0,0.0
296,65.84634557183033,3.0,65.84492059868117,65.8483799254245,29.186861837860725,0.00598759757572718,0.0,0.0,0.0,0.0,0.0
297,65.8660188439616,3.0,65.86552649183312,65.86681683653032,10.883581210579335,0.006176980596850517,0.0,0.0,0.0,0.0,0.0
298,66.02853329641133,3.0,66.02640747850168,66.02880025021554,20.132472318352047,0.020973696773943284,0.0,0.0,0.0,0.0,0.0
299,66.16991924770878,4.0,66.16769348598781,66.17191933810778,39.879043760454614,0.012652507927680617,0.0,0.0,0.0,0.0,0.0
300,66.50396355156963,3.0,66.5035598136287,66.50416486244326,5.054408975926722,0.005725126607594834,0.0,0.0,0.0,0.0,0.0
301,66.57420804936098,3.0,66.5722532789579,66.57512661263094,23.97770145212014,0.01540372037742364,0.0,0.0,0.0,0.0,0.0
302,67.02107208422245,3.0,67.02040592673652,67.02265271310036,18.624211874907115,0.009567875552584332,0.0,0.0,0.0,0.0,0.0
303,67.0541718176936,202.0,67.05393798209082,67.0544926788635,3.152940614181806,0.1496464203472011,0.0,0.0,0.0,0.0,0.0
304,67.24472749952619,4.0,67.2443985128744,67.24604828687507,13.285599596978116,0.01497717151607755,0.0,0.0,0.0,0.0,0.0
305,67.40086519675637,3.0,67.40072968724604,67.40139895200957,5.516453779034169,0.015472861637827427,0.0,0.0,0.0,0.0,0.0
306,67.80791766913197,4.0,67.80759860389061,67.80935480254723,8.171761639397436,0.007403150816162296,0.0,0.0,0.0,0.0,0.0
307,67.84208517315595,3.0,67.84082379209677,67.84331443026619,20.39571555564246,0.019913551539049227,0.0,0.0,0.0,0.0,0.0
308,67.87971791447433,3.0,67.87917852255269,67.88182826898965,21.68661566511076,0.006981248192539119,0.0,0.0,0.0,0.0,0.0
309,67.88962021380257,3.0,67.88757035716807,67.89091951763153,27.406909864086057,0.006040581138969695,0.0,0.0,0.0,0.0,0.0
310,67.89891767417879,3.0,67.89798096388259,67.90072007349114,22.411661517261667,0.018691204410442794,0.0,0.0,0.0,0.0,0.0
311,67.9599094937645,5.0,67.95971028091336,67.96237753489427,19.285382452344397,0.005045025615421414,0.0,0.0,0.0,0.0,0.0
312,68.0030530417948,6.0,67.99960103261704,68.00541157579639,66.33588735279943,0.011635236942276491,0.0,0.0,0.0,0.0,0.0
313,68.14254094373098,3.0,68.141951494725,68.14403357813418,16.974902741636186,0.003977062587584917,0.0,0.0,0.0,0.0,0.0
314,68.18099097929951,7.0,68.1756730112726,68.18511233936786,80.48957123380643,0.020052425850666505,0.0,0.0,0.0,0.0,0.0
315,68.20923252632946,3.0,68.20878747831588,68.2113336401834,20.738165765049523,0.005773768104399865,0.0,0.0,0.0,0.0,0.0
316,68.231216560912,4.0,68.22954682847693,68.2320330194284,14.509306044817372,0.007494997104616294,0.0,0.0,0.0,0.0,0.0
317,68.31888011752376,3.0,68.31802217510169,68.31997461987781,15.876892894364476,0.009106002417644721,0.0,0.0,0.0,0.0,0.0
318,68.36710790157979,3.0,68.366453986259,68.36909252719946,21.440954912673078,0.005150210385175822,0.0,0.0,0.0,0.0,0.0
319,68.39213403853151,3.0,68.39090885483624,68.3935238316027,21.241695272249885,0.004062376422589925,0.0,0.0,0.0,0.0,0.0
320,68.51133034434102,3.0,68.50989876954311,68.51201387843759,17.151330896853022,0.005980157391439909,0.0,0.0,0.0,0.0,0.0
321,68.77345858836873,4.0,68.77172223845966,68.77474418362483,25.095189596733398,0.01097364978773567,0.0,0.0,0.0,0.0,0.0
322,69.01674011663486,7.0,69.01245809142216,69.02042510226451,44.03074959692114,0.017678256963881072,0.0,0.0,0.0,0.0,0.0
323,69.03360203140984,12.0,69.03270511440856,69.03481448310615,3.8992427246954193,0.01335701255913386,0.0,0.0,0.0,0.0,0.0
324,69.06988207669377,901.0,69.06965091083472,69.0701225319047,2.625192548178269,1.8474323944476414,0.0,5.644769700823215,0.0,0.0,3.3417628278119915
325,69.07445260292441,3.0,69.074249763537,69.0745262654306,2.2238636328604917,0.0030631627407359443,0.0,0.0,0.0,0.0,0.0
326,69.1653938072964,5.0,69.16201280325022,69.16789133367918,69.31446497865367,0.019837429080062828,0.0,0.0,0.0,0.0,0.0
327,69.23341652404,3.0,69.23162777914845,69.23527115610446,29.23585763229105,0.0199075490689636,0.0,0.0,0.0,0.0,0.0
328,69.24916927644733,3.0,69.24770168490873,69.25119076859126,27.991380169334796,0.013096372615237634,0.0,0.0,0.0,0.0,0.0
329,69.2754782813953,3.0,69.27435501211846,69.27607675329986,13.807524715775173,0.019200549061676748,0.0,0.0,0.0,0.0,0.0
330,69.29918618781215,3.0,69.29781374284894,69.3012392493683,27.461493880532792,0.003995591566331279,0.0,0.0,0.0,0.0,0.0
331,69.35245625635442,4.0,69.35009483269263,69.3542988074243,30.07793213259767,0.007286765894299379,0.0,0.0,0.0,0.0,0.0
332,69.41222010281525,4.0,69.4110341355844,69.41337810542971,11.870254776050619,0.014283368396166925,0.0,0.0,0.0,0.0,0.0
333,69.55754151919422,6.0,69.55440268205487,69.5600071757405,44.90203912192403,0.02753679169159653,0.0,0.0,0.0,0.0,0.0
334,69.73494211931201,4.0,69.73271836029589,69.7367848513888,37.01191801766994,0.006689804813603629,0.0,0.0,0.0,0.0,0.0
335,70.06522619036532,6.0,70.06428418618987,70.06668371071027,1.7592437737354172,0.011236520239397916,0.0,0.0,0.0,0.0,0.0
336,70.07318110451119,9.0,70.07311068063164,70.07864208156614,60.96623456038724,0.014718675129304139,0.0,0.0,0.0,0.0,0.0
337,70.20144450241017,3.0,70.19958636105272,70.20385591987177,33.788152630050504,0.016632236975596425,0.0,0.0,0.0,0.0,0.0
338,70.25341155137741,3.0,70.25269424106267,70.25586929211136,25.10792302198212,0.008614545771354442,0.0,0.0,0.0,0.0,0.0
339,70.48487304742886,3.0,70.48267781253764,70.48685922455849,32.95752092333043,0.009043079905753933,0.0,0.0,0.0,0.0,0.0
340,70.57177598585447,4.0,70.56969693963156,70.57301457306694,35.27447355840992,0.013986015994064514,0.0,0.0,0.0,0.0,0.0
341,70.75937929062653,4.0,70.7573245014846,70.76171253509644,36.5471279691588,0.00608904289420625,0.0,0.0,0.0,0.0,0.0
342,70.81904593225278,4.0,70.81623225448233,70.82183727019836,33.35071251402921,0.011993127253794101,0.0,0.0,0.0,0.0,0.0
343,71.02317973912163,3.0,71.02099210806396,71.02407004815056,24.07617796141459,0.017927931489650762,0.0,0.0,0.0,0.0,0.0
344,71.04911798380627,355.0,71.04880310744412,71.04940325467412,3.1533649326602875,0.33036915537122225,0.0,1.275907674343425,0.0,0.0,0.0
345,71.06047670142485,9.0,71.06009803428046,71.06125330902196,3.0351299860217917,0.010125361570940749,0.0,0.0,0.0,0.0,0.0
346,71.07960121686634,3.0,71.07940447414573,71.0798301406988,3.326994163174625,0.01680905513515324,0.0,0.0,0.0,0.0,0.0
347,71.08549020516188,351.0,71.08524114859935,71.08577258274232,2.908336127552709,0.2804412968058988,0.0,1.2139061326166405,0.0,0.0,0.0
348,71.29941807918999,4.0,71.29738100198477,71.30034155181042,16.610964807336096,0.018521637073792976,0.0,0.0,0.0,0.0,0.0
349,71.30460874299852,4.0,71.30400463820762,71.30514798890546,9.8588933143723,0.013381367598145939,0.0,0.0,0.0,0.0,0.0
350,71.34798539136348,3.0,71.34669867899069,71.34931488698889,20.371267386174743,0.016802976857899683,0.0,0.0,0.0,0.0,0.0
351,71.48761442190089,3.0,71.4866419391964,71.48799360220589,10.504251683961439,0.009368582617236816,0.0,0.0,0.0,0.0,0.0
352,71.55691814685386,3.0,71.5562683363648,71.5576644850413,10.839457227891982,0.012016460463445436,0.0,0.0,0.0,0.0,0.0
353,71.79796761017312,3.0,71.79648121935533,71.79994436601913,26.797003213586414,0.004565239817285792,0.0,0.0,0.0,0.0,0.0
354,71.85888247520334,3.0,71.85749546641426,71.86091545970477,26.440659902478696,0.015506529460979614,0.0,0.0,0.0,0.0,0.0
355,71.99079137377146,3.0,71.98874045380953,71.99308220214627,33.5054298373258,0.007625977865869021,0.0,0.0,0.0,0.0,0.0
356,72.04439355655933,851.0,72.04419131583509,72.04468223132032,2.790403070546892,1.4507519268330291,0.0,4.602962789070798,0.0,0.0,3.3229712675681977
357,72.07071420121144,3.0,72.06868089125955,72.07077918686393,16.174666688655634,0.020849321915334246,0.0,0.0,0.0,0.0,0.0
358,72.08076720835103,19.0,72.0802278520733,72.08115998267603,2.6230120197795572,0.03400003707794262,0.0,0.0,0.0,0.0,0.0
359,72.14848825986977,3.0,72.14615301720067,72.14939117109172,24.93433233745592,0.019944378219410804,0.0,0.0,0.0,0.0,0.0
360,72.22951281563766,3.0,72.22855326750833,72.23085144679497,17.67651781910655,0.005604458903000141,0.0,0.0,0.0,0.0,0.0
361,72.28351609401977,3.0,72.28247014241637,72.28457149574639,16.150549665488025,0.0067605997333741,0.0,0.0,0.0,0.0,0.0
362,72.36814006753688,3.0,72.36773411875986,72.37025254576135,19.33345406753398,0.009316870376254897,0.0,0.0,0.0,0.0,0.0
363,72.41082840489383,3.0,72.40902028728115,72.41237497247523,25.73805655545618,0.009880432260753712,0.0,0.0,0.0,0.0,0.0
364,72.50925388921806,3.0,72.50715909791988,72.50981679432759,20.36289059787717,0.01787459321518802,0.0,0.0,0.0,0.0,0.0
365,72.66586165096821,5.0,72.66408304380121,72.66650359205964,2.6204392464354633,0.014692217594637407,0.0,0.0,0.0,0.0,0.0
366,72.9761412315896,3.0,72.9757733941793,72.97817527366523,18.28511989898684,0.00788369683905277,0.0,0.0,0.0,0.0,0.0
367,73.02828239506556,8.0,73.02817021415301,73.02867466146104,2.6988158228008197,0.0057687374380810995,0.0,0.0,0.0,0.0,0.0
368,73.06477620872695,40.0,73.06450652357691,73.06510091126269,3.146914297679883,0.01820346634991576,0.0,0.0,0.0,0.0,0.0
369,73.13423311945866,4.0,73.13242395341135,73.1343817002422,8.937189891686941,0.006876573898652732,0.0,0.0,0.0,0.0,0.0
370,73.29930365981102,3.0,73.29781882157843,73.30179491057402,30.135870609806528,0.02176753909350228,0.0,0.0,0.0,0.0,0.0
371,73.42882507767432,4.0,73.42836144761374,73.43071196306498,13.919626085658168,0.0184501270120895,0.0,0.0,0.0,0.0,0.0
372,73.52727356118358,4.0,73.52575825560317,73.52935780036043,28.360172031970578,0.011437107225085298,0.0,0.0,0.0,0.0,0.0
373,73.6508351557053,3.0,73.64949822071276,73.65345192569171,29.823188853717713,0.010955606610016391,0.0,0.0,0.0,0.0,0.0
374,73.80981696553508,3.0,73.80795188953746,73.81021714184601,17.050218473457473,0.02047304615255079,0.0,0.0,0.0,0.0,0.0
375,73.85763556046992,3.0,73.85626022314167,73.85819784664378,14.57476255504071,0.005772115204715107,0.0,0.0,0.0,0.0,0.0
376,74.06004465958989,17.0,74.05934154946097,74.06075664531232,6.676024154014826,0.012600501419182461,0.0,0.0,0.0,0.0,0.0
377,74.090900615086,341.0,74.0820555627774,74.09211279063507,17.110948940753296,0.27350811113772633,0.0,1.2095038600635843,0.0,0.0,0.0
378,74.09635694472962,2410.0,74.09625640841756,74.09648528547447,0.9548598046643765,100.0,94.47219489162833,108.2228452779605,104.79165312976204,101.50360755640196,106.95346008099452
379,74.10134343761501,283.0,74.10050624999259,74.10522822897599,4.559644635177516,0.7053197901732609,0.0,1.7013227113059586,0.0,0.0,0.0
380,74.11396178580489,73.0,74.11361949517872,74.11690437902256,5.92962419385339,0.01899462077938994,0.0,0.0,0.0,0.0,0.0
381,74.16505159087995,4.0,74.16353306613395,74.16704719507264,15.265648621252764,0.015480305652158147,0.0,0.0,0.0,0.0,0.0
382,74.2322102209277,3.0,74.23141502183577,74.23252165356648,8.282057130209443,0.008325788461291684,0.0,0.0,0.0,0.0,0.0
383,74.36716639947876,3.0,74.36476022920121,74.36787506432354,23.269193121477265,0.023030923143290208,0.0,0.0,0.0,0.0,0.0
384,74.4379243604506,3.0,74.43754407864506,74.43866046694001,8.33198567446494,0.008231460719346157,0.0,0.0,0.0,0.0,0.0
385,74.52064310865799,3.0,74.51948309283961,74.52141229677899,14.382323093498554,0.011288225028062914,0.0,0.0,0.0,0.0,0.0
386,74.6295581875874,3.0,74.62817495442643,74.63130527967559,23.302691655989406,0.00936739671819064,0.0,0.0,0.0,0.0,0.0
387,74.73164491548162,5.0,74.72975941315102,74.73367628570216,16.61400380442441,0.011958841983729086,0.0,0.0,0.0,0.0,0.0
388,74.75599718653824,3.0,74.75519218135182,74.75674568451123,11.54499094756872,0.005763124148871769,0.0,0.0,0.0,0.0,0.0
389,75.09405753885724,36.0,75.09258230411139,75.09516428536358,13.069608038061673,0.011367788279699564,0.0,0.0,0.0,0.0,0.0
390,75.09970226075765,564.0,75.09944817232112,75.10002212278496,3.106885874956456,0.6419451480935658,0.0,2.4800788582392626,0.0,0.0,0.0
391,75.11227435704916,3.0,75.11134991387806,75.11365352364157,17.038269882070743,0.0052582730530045555,0.0,0.0,0.0,0.0,0.0
392,75.34943537362568,3.0,75.34878142841819,75.35142993546326,19.527588966220307,0.0012598629684293136,0.0,0.0,0.0,0.0,0.0
393,75.40165827776512,3.0,75.4006078501496,75.40201506496255,10.36828665379351,0.017857891057882522,0.0,0.0,0.0,0.0,0.0
394,75.44422375455127,4.0,75.44368662257257,75.44520390109308,14.877633664392098,0.015419597959237853,0.0,0.0,0.0,0.0,0.0
395,75.46826200111394,3.0,75.46587679721938,75.47049531738202,33.998988008524016,0.0070035119827443724,0.0,0.0,0.0,0.0,0.0
396,75.75389446490055,5.0,75.75151655377982,75.75636962041332,48.728646785046934,0.021469366592337412,0.0,0.0,0.0,0.0,0.0
397,75.95111341020502,6.0,75.9462892478162,75.95573338275314,74.15973734807118,0.017627894030928563,0.0,0.0,0.0,0.0,0.0
398,76.350434808681,3.0,76.34899916064794,76.35300945649995,29.180477433989292,0.020180319133808147,0.0,0.0,0.0,0.0,0.0
399,76.67834733978484,3.0,76.67618053041895,76.68061984997081,32.164081849519285,0.017923264839168826,0.0,0.0,0.0,0.0,0.0
400,76.7472848608726,3.0,76.74463878081633,76.74735289983386,19.646869610510116,0.011301105772963916,0.0,0.0,0.0,0.0,0.0
401,76.77694479014242,3.0,76.77460955371625,76.77696552798783,17.04775566287026,0.01574503704414121,0.0,0.0,0.0,0.0,0.0
402,77.03968502394584,3.0,77.03886932078562,77.04166598657828,20.167569709908854,0.007001687668103791,0.0,0.0,0.0,0.0,0.0
403,77.25258761642004,3.0,77.25111858898917,77.25505180649856,28.285406430613882,0.008044670733658095,0.0,0.0,0.0,0.0,0.0
404,77.41562205964016,4.0,77.41373759590167,77.4189180082435,37.34033025200068,0.01732429483559886,0.0,0.0,0.0,0.0,0.0
405,77.42376490949096,3.0,77.42295772381927,77.42545229913685,17.89986805806905,0.009939066690475689,0.0,0.0,0.0,0.0,0.0
406,77.52276633208191,6.0,77.51911633552956,77.5267125417574,49.84974991537735,0.018500477870465028,0.0,0.0,0.0,0.0,0.0
407,77.60331884421785,3.0,77.60331253124508,77.60531737726257,14.352522026556976,0.013544417942794906,0.0,0.0,0.0,0.0,0.0
408,77.89045872045335,4.0,77.88810880670219,77.8932220050205,42.853385138219174,0.005733355685252208,0.0,0.0,0.0,0.0,0.0
409,78.03971425250089,3.0,78.03901123904403,78.0407241261763,12.193842218573913,0.007875614139302996,0.0,0.0,0.0,0.0,0.0
410,78.09024092571777,3.0,78.08884060276716,78.09055474510455,12.19488232159267,0.006465920090391319,0.0,0.0,0.0,0.0,0.0
411,78.38464163923763,4.0,78.38319272761136,78.38546258608096,20.778077385673495,0.012423319985666231,0.0,0.0,0.0,0.0,0.0
412,78.52620349728892,5.0,78.52523177836527,78.52936527858387,20.282934732794285,0.01615086213036641,0.0,0.0,0.0,0.0,0.0
413,78.57338149505203,3.0,78.5717894240398,78.5756375615545,27.20837685938196,0.008029042271201124,0.0,0.0,0.0,0.0,0.0
414,78.67221620578354,3.0,78.67150786993845,78.67479494637644,23.212179149519574,0.013079339130682573,0.0,0.0,0.0,0.0,0.0
415,78.82760269417216,5.0,78.8259219081409,78.83125010452719,45.51498730362268,0.011362137382499275,0.0,0.0,0.0,0.0,0.0
416,78.84315603737083,5.0,78.84037467265364,78.84488054224343,22.100415950512197,0.009207991584869249,0.0,0.0,0.0,0.0,0.0
417,78.93675264271225,3.0,78.93622630985718,78.93855789804694,16.409678999052797,0.005442023635005585,0.0,0.0,0.0,0.0,0.0
418,79.05412457419189,69.0,79.05379304957816,79.05477270000574,3.568108937896754,0.05554894905739768,0.0,0.0,0.0,0.0,0.0
419,79.09142491414346,3.0,79.08922286507018,79.09211450346373,20.311503755887166,0.013327649348541866,0.0,0.0,0.0,0.0,0.0
420,79.50341519213407,3.0,79.50208302981419,79.50489671438407,19.66152133976921,0.006854030518468683,0.0,0.0,0.0,0.0,0.0
421,79.55022124950165,5.0,79.54717048439915,79.5534341002791,50.89003139044952,0.011214545746152197,0.0,0.0,0.0,0.0,0.0
422,79.88015320046911,3.0,79.87777005887258,79.88177713508173,27.86866775205525,0.010155415217748752,0.0,0.0,0.0,0.0,0.0
423,79.89692729970949,5.0,79.89647430938854,79.89900231446086,15.965022259352605,0.021614981578826273,0.0,0.0,0.0,0.0,0.0
424,79.91919940993373,3.0,79.9176978704342,79.92178111456185,28.384530582901323,0.017443786974135858,0.0,0.0,0.0,0.0,0.0
425,79.99729407007425,3.0,79.99603994122084,79.99792147638486,13.066658385020522,0.006042692223402961,0.0,0.0,0.0,0.0,0.0
426,80.23328661689565,3.0,80.23130311865768,80.23403047962971,18.884936712706665,0.013449651068852847,0.0,0.0,0.0,0.0,0.0
427,80.35843207578932,4.0,80.35656001139402,80.36044135513745,40.49839007840037,0.021946206044896423,0.0,0.0,0.0,0.0,0.0
428,80.45516220589303,5.0,80.45236225198317,80.45716399857353,25.824345696902828,0.014801835556288516,0.0,0.0,0.0,0.0,0.0
429,80.88707720593555,3.0,80.8848409629204,80.88782233111625,20.476888541118026,0.008017682023204823,0.0,0.0,0.0,0.0,0.0
430,80.9478879102097,22.0,80.94753354208842,80.94821164156397,3.4615540977297052,0.015677722023774734,0.0,0.0,0.0,0.0,0.0
431,81.03347820971614,104.0,81.03313483499244,81.03379541215098,2.6681159585480714,0.08189072609760012,0.0,0.0,0.0,0.0,0.0
432,81.04548312405433,3.0,81.0440446731129,81.04651566731455,16.938322822817423,0.015605088354813314,0.0,0.0,0.0,0.0,0.0
433,81.06982626548185,513.0,81.06954122045317,81.07015502072628,2.957818063739422,0.7082452330120489,0.0,2.502643292584199,0.0,0.0,0.0
434,81.37567623133961,3.0,81.3736065373695,81.3764925458692,19.702915289222222,0.010761968643766892,0.0,0.0,0.0,0.0,0.0
435,81.48210310046827,4.0,81.47886040131922,81.48496008973031,36.82425515729853,0.015529815237082458,0.0,0.0,0.0,0.0,0.0
436,81.54650240799889,3.0,81.54391471873389,81.54827213462102,29.685964847849807,0.018984595706333828,0.0,0.0,0.0,0.0,0.0
437,81.66054391376048,3.0,81.65997628162427,81.66104569881853,7.275492361478546,0.010618510861020943,0.0,0.0,0.0,0.0,0.0
438,81.70390677928489,4.0,81.7022299964864,81.70571635852865,17.975600030205456,0.013370784225331315,0.0,0.0,0.0,0.0,0.0
439,82.07331365488002,6.0,82.07259467358111,82.07377878524541,3.4397295396488747,0.0021646213230856973,0.0,0.0,0.0,0.0,0.0
440,82.12340155732116,3.0,82.12261022320986,82.12394913211176,9.05756781539688,0.011342112783262451,0.0,0.0,0.0,0.0,0.0
441,82.19879566035269,5.0,82.19644997643591,82.20250523319103,42.94833606297406,0.003907159628281238,0.0,0.0,0.0,0.0,0.0
442,82.5227694318441,4.0,82.52015845741296,82.524144549751,29.26544183064719,0.0037467443942362636,0.0,0.0,0.0,0.0,0.0
443,82.5721612723525,3.0,82.57166551117659,82.57334180390066,11.27830156360762,0.009399052129314281,0.0,0.0,0.0,0.0,0.0
444,82.91136635641865,3.0,82.91078434827334,82.91270670310051,12.880922736024562,0.00689173869980268,0.0,0.0,0.0,0.0,0.0
445,82.94504826578391,5.0,82.94462470333593,82.9453993351484,4.901171285929548,0.011183116979975009,0.0,0.0,0.0,0.0,0.0
446,82.98999392205445,4.0,82.9890090973919,82.99050915405621,13.644977566544009,0.007412717798453808,0.0,0.0,0.0,0.0,0.0
447,83.04910452978758,104.0,83.04884637028852,83.04944294560921,3.321598298700828,0.07835244543359186,0.0,0.0,0.0,0.0,0.0
448,83.07958479114484,4.0,83.07907617569924,83.08026237227584,8.740712371852457,0.0010275067833950048,0.0,0.0,0.0,0.0,0.0
449,83.0855061116768,1371.0,83.08526299263777,83.08584339061568,2.638881798118137,4.004719407775557,0.0,8.805359248462668,4.691077365068482,0.0,6.837190031235098
450,83.09125371486732,7.0,83.09058022140715,83.09161240150306,5.89658431230614,0.008209165423180325,0.0,0.0,0.0,0.0,0.0
451,83.17234467131698,3.0,83.17094482322946,83.17261530377709,11.1580929016442,0.010488808246906779,0.0,0.0,0.0,0.0,0.0
452,83.25492570048065,3.0,83.25468222037755,83.25732184009149,17.614037659634835,0.0034456302127562404,0.0,0.0,0.0,0.0,0.0
453,83.36263402564151,4.0,83.36170950542112,83.36430634916968,14.196791854358684,0.011928444724243092,0.0,0.0,0.0,0.0,0.0
454,83.48669501426161,3.0,83.485892762141,83.48727517656339,9.199166553396653,0.006604835636613705,0.0,0.0,0.0,0.0,0.0
455,83.59136631847646,3.0,83.58956495938489,83.59150404824138,12.887354691846527,0.0045669667423722795,0.0,0.0,0.0,0.0,0.0
456,84.01574039577349,5.0,84.01100978198393,84.01788899540458,45.45397231632524,0.02528026667816278,0.0,0.0,0.0,0.0,0.0
457,84.04378434585443,3.0,84.04117501521435,84.0441146482848,19.43188894104311,0.007429329241571057,0.0,0.0,0.0,0.0,0.0
458,84.08887613638129,23.0,84.08860497507237,84.08914507809675,3.305842209126504,0.005720243433369052,0.0,0.0,0.0,0.0,0.0
459,84.09859319805048,3.0,84.09845315508811,84.10098739770335,16.741214216316227,0.014214442349906287,0.0,0.0,0.0,0.0,0.0
460,84.1694789883811,5.0,84.16860323290769,84.17161456392769,28.201461123149226,0.01047048637326245,0.0,0.0,0.0,0.0,0.0
461,84.1878174494723,4.0,84.1857072173366,84.18978234597785,35.334106610752386,0.018478258280633097,0.0,0.0,0.0,0.0,0.0
462,84.28404755107081,3.0,84.28220245273656,84.28570039784803,23.056591326066506,0.012013711407487856,0.0,0.0,0.0,0.0,0.0
463,84.52108858343209,3.0,84.5188408316228,84.52278564325448,25.929174059761017,0.0088825683064799,0.0,0.0,0.0,0.0,0.0
464,84.60061288362986,3.0,84.60035435347851,84.60137866833804,6.726473857281626,0.018832579752209592,0.0,0.0,0.0,0.0,0.0
465,84.73769653108772,3.0,84.73629528707697,84.73992630790748,23.805624619397665,0.01037759383412523,0.0,0.0,0.0,0.0,0.0
466,84.95969185896928,30.0,84.95936068785834,84.96029522669689,2.403127346032788,0.2585276797516817,0.0,0.0,0.0,0.0,0.0
467,85.02829035976094,16.0,85.0276801130881,85.02929692042635,3.4306812576699666,0.014427148335016507,0.0,0.0,0.0,0.0,0.0
468,85.0647722854024,203.0,85.06439343117833,85.0651460585841,3.4089993239052117,0.1677640844036102,0.0,0.0,0.0,0.0,0.0
469,85.0792070026159,3.0,85.07749727566632,85.08022744354618,17.82762189128311,0.004315567060549136,0.0,0.0,0.0,0.0,0.0
470,85.10108169568483,32.0,85.10077525223599,85.10169851833625,4.110514628536779,0.01921463809627669,0.0,0.0,0.0,0.0,0.0
471,85.28830043595995,3.0,85.28620675741779,85.28961919182272,22.22810024282986,0.007330046003255859,0.0,0.0,0.0,0.0,0.0
472,85.49764754403482,3.0,85.49566553978885,85.49984656612028,27.16791014821933,0.006107582156027881,0.0,0.0,0.0,0.0,0.0
473,85.71970164446324,3.0,85.71853919968856,85.72118555539109,17.151221764833377,0.015600931279437088,0.0,0.0,0.0,0.0,0.0
474,85.90565296751998,4.0,85.90321126411395,85.90853181641157,42.54313062677585,0.01755487322639647,0.0,0.0,0.0,0.0,0.0
475,86.06004134350815,26.0,86.05961261925611,86.06072583019674,2.073432171952833,0.020695128713015157,0.0,0.0,0.0,0.0,0.0
476,86.096532082918,12.0,86.09612738904241,86.0985801184425,7.702259149041341,0.015942792708259622,0.0,0.0,0.0,0.0,0.0
477,86.12508790152754,3.0,86.12452987211508,86.12635483435581,11.772039207313998,0.0064553221976225775,0.0,0.0,0.0,0.0,0.0
478,86.2209696035635,3.0,86.22091223058261,86.22294601028764,13.104441055357926,0.009858118668767806,0.0,0.0,0.0,0.0,0.0
479,86.51198605396579,3.0,86.50995903258826,86.51307263249754,19.994659772320865,0.00690038382321932,0.0,0.0,0.0,0.0,0.0
480,86.60276261580783,4.0,86.59926422156832,86.60419895906918,35.725848191918445,0.00881858733164576,0.0,0.0,0.0,0.0,0.0
481,87.00205622578125,3.0,86.99986584959247,87.00301136196357,20.085811170906705,0.010986404092206708,0.0,0.0,0.0,0.0,0.0
482,87.04405719856388,55.0,87.04348815311131,87.04441144149875,4.490730161047366,0.024902515947500568,0.0,0.0,0.0,0.0,0.0
483,87.08203849049144,3.0,87.07976626253117,87.08465503154179,31.18878279337217,0.008512425905447566,0.0,0.0,0.0,0.0,0.0
484,87.69160648139525,4.0,87.68838563380704,87.69493592734206,39.773959140723896,0.009404464764437886,0.0,0.0,0.0,0.0,0.0
485,87.92598726726624,4.0,87.92324126199036,87.92815892104556,30.846456100840978,0.006239911307114863,0.0,0.0,0.0,0.0,0.0
486,88.07566488340659,382.0,88.07531227257005,88.07609854838037,3.294282468849405,0.313997212279192,0.0,1.5378947850293676,0.0,0.0,0.0
487,88.11205478665948,64.0,88.1118524176746,88.11235214811944,2.1547165338402214,0.07381238640902256,0.0,0.0,0.0,0.0,0.0
488,88.70426974830583,3.0,88.70220610856936,88.7064916242022,26.840218909532222,0.008983054938085811,0.0,0.0,0.0,0.0,0.0
489,88.94967687743576,3.0,88.94912251707184,88.95035003190802,7.666724722353961,0.00956270614117709,0.0,0.0,0.0,0.0,0.0
490,89.3012825212566,4.0,89.2993488409406,89.30283308791338,23.598758967868402,0.012789665514685284,0.0,0.0,0.0,0.0,0.0
491,89.66982570374572,3.0,89.66902442315836,89.67115778530217,13.217391488216135,0.007522030141536669,0.0,0.0,0.0,0.0,0.0
492,89.9282050302516,4.0,89.9263769632606,89.93034395030072,16.278271937704673,0.010716998101888468,0.0,0.0,0.0,0.0,0.0
493,90.16525110588503,4.0,90.16249137420806,90.16726146970042,37.62040588665157,0.009641977377670195,0.0,0.0,0.0,0.0,0.0
494,90.1736474401136,3.0,90.17266852483796,90.17416399648693,9.213529743310424,0.01264137795040532,0.0,0.0,0.0,0.0,0.0
495,90.28235918090115,3.0,90.28182242691676,90.28250188084971,4.181042792991821,0.006463405742574279,0.0,0.0,0.0,0.0,0.0
496,90.59662063841728,3.0,90.59577953303305,90.59757452257632,11.007214241697096,0.014156009445063799,0.0,0.0,0.0,0.0,0.0
497,90.80824896867274,3.0,90.80559485049778,90.80909071573444,21.38734504584761,0.007885657446827735,0.0,0.0,0.0,0.0,0.0
498,91.0099154837054,3.0,91.00773274811306,91.01135060011202,22.084602172396405,0.005524325321543249,0.0,0.0,0.0,0.0,0.0
499,91.02804169640036,3.0,91.02781464838542,91.02930166064026,9.075422298052928,0.004380435341575973,0.0,0.0,0.0,0.0,0.0
500,91.05402495861772,6.0,91.05202759994506,91.05418208264332,17.310091023064096,0.012066858665139148,0.0,0.0,0.0,0.0,0.0
501,91.154094792249,3.0,91.15166822345792,91.15491438845756,19.7843553152154,0.011644373745976565,0.0,0.0,0.0,0.0,0.0
502,91.28498983273404,3.0,91.28261504976393,91.28633789366694,22.657028461845034,0.006974230187957729,0.0,0.0,0.0,0.0,0.0
503,91.37004558006028,3.0,91.36962636979897,91.37102506479482,8.504458660852102,0.005520393342567193,0.0,0.0,0.0,0.0,0.0
504,91.60158722064229,3.0,91.60107409142712,91.60190010868688,5.009721900632168,0.008232669741769456,0.0,0.0,0.0,0.0,0.0
505,92.04936162001532,11.0,92.04921975308613,92.04977362823384,3.022756194199708,0.053719011539505736,0.0,0.0,0.0,0.0,0.0
506,92.10513870708824,3.0,92.10493141636145,92.10517659110076,1.4788337589571132,0.009850127388961058,0.0,0.0,0.0,0.0,0.0
507,92.33940094895694,3.0,92.33792928086442,92.34151624599666,21.580802846030718,0.009673790803178388,0.0,0.0,0.0,0.0,0.0
508,92.53247446483196,3.0,92.5311003409034,92.53310808036095,12.054263286603119,0.00940237922306845,0.0,0.0,0.0,0.0,0.0
509,92.86635990639851,3.0,92.86491637936089,92.86758557684473,15.967972606192783,0.007280613453591251,0.0,0.0,0.0,0.0,0.0
510,93.03531915279152,3.0,93.03486475289972,93.03697003658051,12.57159168725519,0.0038100384137902442,0.0,0.0,0.0,0.0,0.0
511,93.06984140586272,208.0,93.0694424684516,93.07023825006046,3.0227554512757298,0.1594038252400741,0.0,0.0,0.0,0.0,0.0
512,93.15553340411218,4.0,93.15449996222745,93.15588395713658,6.125022097681189,0.010926782245575844,0.0,0.0,0.0,0.0,0.0
513,93.34224806599386,4.0,93.340601968785,93.3451890999579,27.3807208635052,0.01416371758756205,0.0,0.0,0.0,0.0,0.0
514,93.50521650325165,3.0,93.50300116055749,93.50695837240538,23.51153346122286,0.010719422737969428,0.0,0.0,0.0,0.0,0.0
515,93.6344376791362,3.0,93.63260402436826,93.63528913542214,15.931407292416655,0.01773532833487482,0.0,0.0,0.0,0.0,0.0
516,93.96300561634646,3.0,93.96228559850161,93.96470696601335,14.316316984191161,0.0056490675987564245,0.0,0.0,0.0,0.0,0.0
517,94.07335427994109,3.0,94.07325559962882,94.07337887316709,0.7279989064184419,0.011564020405891048,0.0,0.0,0.0,0.0,0.0
518,94.52388392886895,3.0,94.5214267607563,94.52599966834616,26.87684964886436,0.006782982503441051,0.0,0.0,0.0,0.0,0.0
519,94.9386695346389,3.0,94.93828150282134,94.93893703471184,3.835996284745119,0.0036948959118089423,0.0,0.0,0.0,0.0,0.0
520,95.04912861842752,83.0,95.0485930265766,95.04943517073593,2.964337026135074,0.048084459548264034,0.0,0.0,0.0,0.0,0.0
521,95.05993636173426,3.0,95.05729791584157,95.05996544715063,15.589762575961686,0.016649809339525343,0.0,0.0,0.0,0.0,0.0
522,95.08546456422243,375.0,95.085013063885,95.08600881846408,3.7074649537631834,0.38615605246955476,0.0,1.4602948419388913,0.0,0.0,0.0
523,95.57816392125676,3.0,95.57788024975287,95.57970438158152,10.602908968921595,0.011212395655087769,0.0,0.0,0.0,0.0,0.0
524,95.6528448756122,3.0,95.65221614468618,95.65411773813078,11.04453091730931,0.02051131965665148,0.0,0.0,0.0,0.0,0.0
525,95.75486002348373,4.0,95.75119931769034,95.7574263570097,40.68888148053885,0.018490820956492016,0.0,0.0,0.0,0.0,0.0
526,96.08106194084876,3.0,96.0805902005861,96.08118350704746,3.4305896925767696,0.0031230587247327427,0.0,0.0,0.0,0.0,0.0
527,96.46545545527891,3.0,96.4637801532225,96.4660245996573,12.926022897233741,0.0053463749404368405,0.0,0.0,0.0,0.0,0.0
528,97.0282154658357,3.0,97.0280607942443,97.02828104576982,1.2610966617243295,0.0076978731575347275,0.0,0.0,0.0,0.0,0.0
529,97.05650959115349,4.0,97.05438606591083,97.05754978869693,22.459155246949912,0.02335403912228488,0.0,0.0,0.0,0.0,0.0
530,97.06480275539944,243.0,97.06428542973016,97.06523625320187,3.0225967232560116,0.2392976300395923,0.0,0.0,0.0,0.0,0.0
531,97.10114760348324,271.0,97.1006224775029,97.10163660840973,4.355477871059335,0.20637431509290247,0.0,0.6977329850351099,0.0,0.0,0.0
532,97.14149507882016,4.0,97.138526596717,97.14285606544013,25.789439679075606,0.011159093772351705,0.0,0.0,0.0,0.0,0.0
533,97.24315374441906,3.0,97.24295157846545,97.24319612626115,1.3971151825793322,0.009391100810163915,0.0,0.0,0.0,0.0,0.0
534,97.25703842029212,3.0,97.25473407363947,97.25867533600577,22.51343696111357,0.002202235905168497,0.0,0.0,0.0,0.0,0.0
535,97.80488866903389,3.0,97.8048448213817,97.80564933493476,4.569832653515519,0.0040195086135095546,0.0,0.0,0.0,0.0,0.0
536,98.05998150995428,7.0,98.0598091379309,98.06110989435244,2.3704096555037255,0.0030818012937751283,0.0,0.0,0.0,0.0,0.0
537,98.068264409809,3.0,98.06820654628378,98.0707061691315,14.160333806169165,0.004566876181771858,0.0,0.0,0.0,0.0,0.0
538,98.09647407489147,4.0,98.09609402650828,98.09918325484156,12.444471616875136,0.009046424484997219,0.0,0.0,0.0,0.0,0.0
539,98.44299301074406,3.0,98.44132070192829,98.44333941728509,11.392466820180141,0.014042381784150095,0.0,0.0,0.0,0.0,0.0
540,98.46459096061156,3.0,98.46208787328894,98.46478142104829,15.197497976234331,0.01244262089948129,0.0,0.0,0.0,0.0,0.0
541,99.0440382079855,40.0,99.04350267847288,99.04455959182961,4.5757495545118765,0.016450046421630723,0.0,0.0,0.0,0.0,0.0
542,99.08047424387097,39.0,99.08003974723835,99.08101700540527,4.448366342913031,0.017161088224194765,0.0,0.0,0.0,0.0,0.0
543,99.67436965668551,3.0,99.67357195776503,99.67702504297911,19.24647912085743,0.003026421333917182,0.0,0.0,0.0,0.0,0.0
544,100.03926021651154,107.0,100.03891231151714,100.0399127031023,2.4260291051062914,0.595533987968829,0.0,0.0,0.0,0.0,0.0
545,100.06702842198963,57.0,100.06682352681831,100.06911298846505,17.399236140760472,0.026706672408147634,0.0,0.0,0.0,0.0,0.0
546,100.07563836148806,2351.0,100.07541564511865,100.0759585083747,1.8842679003137237,32.34914101676439,24.919309662124807,39.55157196146956,34.00045313450006,30.612627349063946,36.58703708759105
547,100.08358171404596,90.0,100.08210621125771,100.08457525305057,10.885279795574872,0.07096816772552622,0.0,0.0,0.0,0.0,0.0
548,100.10276592373198,4.0,100.10142372457972,100.10297936623509,6.380801958872635,0.0025393757074219543,0.0,0.0,0.0,0.0,0.0
549,100.11202225514036,14.0,100.10783929466069,100.11247071709391,4.488369222243012,0.02139279723554283,0.0,0.0,0.0,0.0,0.0
550,100.27498457276964,3.0,100.27300430063602,100.27740147672806,24.36176497171204,0.016485148638132732,0.0,0.0,0.0,0.0,0.0
551,100.97945573050411,3.0,100.97683871806579,100.98128649642386,24.470204942356936,0.004584162012182556,0.0,0.0,0.0,0.0,0.0
552,101.03112489936268,3.0,101.02870756228833,101.03244755965417,20.565705038135835,0.012438690485127418,0.0,0.0,0.0,0.0,0.0
553,101.05973793145318,32.0,101.05926054407911,101.0604383024976,3.751506116249263,0.0315822577965908,0.0,0.0,0.0,0.0,0.0
554,101.07907219754912,238.0,101.07860192745012,101.0795195141788,3.3029349057825352,0.1351086416634613,0.0,0.0,0.0,0.0,0.0
555,101.10731596164854,6.0,101.10698009397596,101.10739520939646,2.1645815330823415,0.00774269228481688,0.0,0.0,0.0,0.0,0.0
556,101.28543410698074,3.0,101.28445525336582,101.28557935763347,6.165766839204684,0.02294407743598166,0.0,0.0,0.0,0.0,0.0
557,102.09133471444778,148.0,102.09067581964523,102.09206092334614,5.04278504570481,0.11215926242419245,0.0,0.0,0.0,0.0,0.0
558,102.7005201334265,3.0,102.69904911196616,102.701815447013,14.964411103261135,0.009422810607677485,0.0,0.0,0.0,0.0,0.0
559,105.03352021450269,50.0,105.03277465739774,105.0340651640626,3.0192351565937776,0.0406855491459706,0.0,0.0,0.0,0.0,0.0
560,105.04474582347623,7.0,105.04461774901057,105.04497169815491,1.2162356487511736,0.027771071354245464,0.0,0.0,0.0,0.0,0.0
561,105.73834057364596,3.0,105.73677112186797,105.7384949225525,9.056951733551287,0.007346058650213718,0.0,0.0,0.0,0.0,0.0
562,105.78175645104396,3.0,105.78110230745978,105.78195700966779,4.488813344945163,0.016468334827259516,0.0,0.0,0.0,0.0,0.0
563,106.28084344883882,3.0,106.27926355758696,106.28353804295475,22.343764089195197,0.00937439671852512,0.0,0.0,0.0,0.0,0.0
564,106.5483908563088,3.0,106.54699442877056,106.54902058662384,10.564619913678596,0.030690247182607384,0.0,0.0,0.0,0.0,0.0
565,107.08548620073594,256.0,107.0850696346876,107.08625725904407,3.350233343329961,0.22245120607213328,0.0,0.38259862992196825,0.0,0.0,0.0
566,108.08908031009494,3.0,108.08903137926161,108.08914873422651,0.6031802891527178,0.002418917233922551,0.0,0.0,0.0,0.0,0.0
567,108.10186117897396,3.0,108.0999192526339,108.10227067484672,12.084395768486678,0.006598782309338582,0.0,0.0,0.0,0.0,0.0
568,108.64563034947824,4.0,108.64309058944491,108.6481087246564,30.04470234483984,0.012691788760008262,0.0,0.0,0.0,0.0,0.0
569,108.66107946282948,3.0,108.66051762635024,108.66301980505345,12.79298242234712,0.007519542597206027,0.0,0.0,0.0,0.0,0.0
570,108.92432519270253,5.0,108.92214844399874,108.9271055163872,24.593873401247986,0.029967082734693302,0.0,0.0,0.0,0.0,0.0
571,109.0284694658182,128.0,109.02790194388724,109.0289685100573,3.7486860168739575,0.0971806033231234,0.0,0.0,0.0,0.0,0.0
572,109.10113288048984,132.0,109.1004627419501,109.10169682305452,3.5687116558953926,0.08043530775564792,0.0,0.0,0.0,0.0,0.0
573,109.26736947635504,3.0,109.2655907905679,109.26903518184457,17.512554008080635,0.007914537470800048,0.0,0.0,0.0,0.0,0.0
574,109.2926004807142,3.0,109.29130122072311,109.29321900078774,9.74844925056557,0.013798574429560296,0.0,0.0,0.0,0.0,0.0
575,110.05979618708535,9.0,110.05692723658946,110.0601355388872,10.969349548604793,0.008144059395564318,0.0,0.0,0.0,0.0,0.0
576,110.1637418588673,3.0,110.16292086800047,110.16464233195174,8.68133966466479,0.004111214305852166,0.0,0.0,0.0,0.0,0.0
577,110.96657101663745,3.0,110.96531971238498,110.96876595664443,17.253665915821664,0.01061189004550191,0.0,0.0,0.0,0.0,0.0
578,111.04399559255202,146.0,111.04367673896004,111.0445347045115,2.7301822494444674,1.2931980326360488,0.0,0.0,0.0,0.0,0.0
579,111.05381453072283,6.0,111.05045235032897,111.05741081217525,31.916988516571344,0.018621458899545047,0.0,0.0,0.0,0.0,0.0
580,111.08051830152868,91.0,111.07989628605934,111.08116253090529,3.3424141962177396,0.05366934777859762,0.0,0.0,0.0,0.0,0.0
581,111.11682234022392,271.0,111.11613805391127,111.11735162560285,4.44997100674205,0.18481900199535606,0.0,0.7056797726730183,0.0,0.0,0.0
582,111.23345911645204,3.0,111.23288400022417,111.2345327897963,8.23488017015308,0.005755651977922742,0.0,0.0,0.0,0.0,0.0
583,111.27481538216855,3.0,111.2736419787169,111.2772427255473,17.977247582118164,0.003455569364974773,0.0,0.0,0.0,0.0,0.0
584,112.03951327720875,5.0,112.03942527949549,112.04019516913333,0.979102897005264,0.02427876746029725,0.0,0.0,0.0,0.0,0.0
585,112.07536781123056,11.0,112.0752304112851,112.07615734569,2.8002294593595116,0.004270809378386586,0.0,0.0,0.0,0.0,0.0
586,112.12031061121723,4.0,112.11852029876131,112.12082514187182,7.226398258180116,0.005757470336802706,0.0,0.0,0.0,0.0,0.0
587,112.13501959414204,3.0,112.13494358332268,112.13634250321984,6.930731572069846,0.011069742446100912,0.0,0.0,0.0,0.0,0.0
588,113.05959097940251,153.0,113.05916184427139,113.06048073155338,4.42677263098744,0.13181721319617393,0.0,0.0,0.0,0.0,0.0
589,113.07091118970578,4.0,113.07005443532815,113.0735371497823,10.887129405683218,0.02149956940313696,0.0,0.0,0.0,0.0,0.0
590,114.05451906019402,3.0,114.05448315487816,114.05473214309671,1.2128128655443011,0.0017029735700158223,0.0,0.0,0.0,0.0,0.0
591,114.09138706000492,19.0,114.0909096347043,114.09211141272549,4.3294530917553145,0.025975055141360316,0.0,0.0,0.0,0.0,0.0
592,115.03907312779566,11.0,115.03541149686777,115.04003211670917,4.857388157297101,0.010055867169375928,0.0,0.0,0.0,0.0,0.0
593,115.07522061032998,35.0,115.07495643413343,115.07557801102712,1.7533444873966841,0.18212892675125125,0.0,0.0,0.0,0.0,0.0
594,115.38372719999714,3.0,115.38200086531313,115.38509780967273,14.911328364745197,0.00953508338168271,0.0,0.0,0.0,0.0,0.0
595,116.10717299195788,12.0,116.10650129643365,116.10811225283541,7.20781976761135,0.007145560028958193,0.0,0.0,0.0,0.0,0.0
596,116.9663020220325,13.0,116.96581342413545,116.96746357500709,2.920988533247845,0.02094206551381105,0.0,0.0,0.0,0.0,0.0
597,117.04475633642717,4.0,117.04459474787961,117.04691227863825,7.447741348430969,0.012373316789230662,0.0,0.0,0.0,0.0,0.0
598,117.10222420848814,617.0,117.10180719136125,117.10280170036555,2.9095887425606564,0.7516724582083182,0.0,2.9595882331883585,0.0,0.0,0.9652100895086688
599,118.07673338986544,3.0,118.07655639842744,118.07756967889608,4.76752343589681,0.006029534364439337,0.0,0.0,0.0,0.0,0.0
600,119.00155026418483,10.0,119.00082042887436,119.00239338288534,7.456092061952451,0.008615498265726898,0.0,0.0,0.0,0.0,0.0
601,119.06049352503462,4.0,119.06025367381424,119.06059667465223,1.0737088664473673,0.009705261585235712,0.0,0.0,0.0,0.0,0.0
602,119.08543925179984,17.0,119.08488270278164,119.08599851027519,2.3425019417417268,0.015049101791862656,0.0,0.0,0.0,0.0,0.0
603,120.4586779267895,3.0,120.45813909078849,120.4613534921819,14.824822774301563,0.005577269731728415,0.0,0.0,0.0,0.0,0.0
604,121.02844762073276,46.0,121.02742310657224,121.02913766252516,3.14308842243021,0.03313436151742167,0.0,0.0,0.0,0.0,0.0
605,121.101244275814,259.0,121.10053006641742,121.10193625426442,4.043367740786122,0.2200763618918185,0.0,0.4191780529636273,0.0,0.0,0.0
606,121.62504990335188,3.0,121.62404125723256,121.62678459176813,12.530927988853167,0.006180375288435023,0.0,0.0,0.0,0.0,0.0
607,122.06705439315336,3.0,122.06646899831857,122.06745980988659,4.509413894301449,0.004667900823592749,0.0,0.0,0.0,0.0,0.0
608,122.1047819732467,6.0,122.10367300971672,122.10523548568132,2.2504673925960677,0.0015376530217840495,0.0,0.0,0.0,0.0,0.0
609,122.91595225310796,3.0,122.91593572458777,122.91695740072767,4.617772104459917,0.009675320314952524,0.0,0.0,0.0,0.0,0.0
610,123.08020520293572,23.0,123.07955788886329,123.0811620808754,4.42731436601369,0.023366412081660026,0.0,0.0,0.0,0.0,0.0
611,123.1168928221897,89.0,123.1162074077259,123.11743684270984,4.300143469736175,0.05225989596863555,0.0,0.0,0.0,0.0,0.0
612,123.8122097771269,3.0,123.8100939631963,123.81233971329243,10.07686515367672,0.007272871269027275,0.0,0.0,0.0,0.0,0.0
613,124.039186600843,3.0,124.03915738320921,124.03949810718451,1.5260588413419496,0.004968470434352622,0.0,0.0,0.0,0.0,0.0
614,124.05154463810157,6.0,124.05084264210316,124.05213289766792,5.65843399468867,0.002376921749833556,0.0,0.0,0.0,0.0,0.0
615,124.35795695210491,3.0,124.35689749303107,124.35843126335993,6.8519509970948,0.007714859002907464,0.0,0.0,0.0,0.0,0.0
616,124.90527439997447,3.0,124.90424303301681,124.9065585990452,10.299209360985948,0.013914563432524231,0.0,0.0,0.0,0.0,0.0
617,125.02308927833248,8.0,125.02289380322026,125.02366796262152,3.0981672220966607,0.018282246314639126,0.0,0.0,0.0,0.0,0.0
618,125.05974977094901,46.0,125.05917384082717,125.06074846725551,4.230456825794411,0.024169230537049915,0.0,0.0,0.0,0.0,0.0
619,125.09616003476232,63.0,125.09522714741878,125.09664801835565,4.3742435171322365,0.03273894865914806,0.0,0.0,0.0,0.0,0.0
620,125.13240348129446,6.0,125.13193364224047,125.13291214843039,4.2061020775897315,0.0028664930152736256,0.0,0.0,0.0,0.0,0.0
621,126.02611376605508,3.0,126.02596080373674,126.02684734805293,3.908115591138732,0.018055354012233023,0.0,0.0,0.0,0.0,0.0
622,126.0544280482703,4.0,126.05301826485407,126.05516517733957,7.1943300545656585,0.0013952652294381405,0.0,0.0,0.0,0.0,0.0
623,126.0912979932775,12.0,126.0907283096547,126.09196178244608,3.691247404050152,0.012063211623901851,0.0,0.0,0.0,0.0,0.0
624,126.1272376111568,7.0,126.12561366312656,126.12800032127272,5.577419988959716,0.007477421496093733,0.0,0.0,0.0,0.0,0.0
625,126.4363231257772,3.0,126.43554034886884,126.43707961332348,6.763459250543187,0.017631185897416062,0.0,0.0,0.0,0.0,0.0
626,127.03892598995354,8.0,127.03839201444796,127.03919954686685,3.8527662641542246,0.0022158707260398615,0.0,0.0,0.0,0.0,0.0
627,127.11158041979738,7.0,127.11080870778237,127.11245460139352,3.3433549478394466,0.0028299149670205407,0.0,0.0,0.0,0.0,0.0
628,127.35363837758824,3.0,127.3524611112888,127.35421701609563,7.659794277447452,0.014317197462304436,0.0,0.0,0.0,0.0,0.0
629,127.69680287352855,3.0,127.69482977296023,127.69938657510403,19.82474650562857,0.0049926445716274755,0.0,0.0,0.0,0.0,0.0
630,128.07036770936534,12.0,128.0687883884051,128.07073196510635,3.374042169003334,0.013290538692806235,0.0,0.0,0.0,0.0,0.0
631,128.10660795162005,5.0,128.10616185180893,128.10881904822222,2.97165723635449,0.010127636118064127,0.0,0.0,0.0,0.0,0.0
632,128.84419348045202,3.0,128.8435655958654,128.8443030735711,3.179885918303647,0.004896765501598453,0.0,0.0,0.0,0.0,0.0
633,129.05464654159798,30.0,129.05435186338238,129.05514569348105,3.0499282969934645,0.10518282422264787,0.0,0.0,0.0,0.0,0.0
634,130.0337861376189,3.0,130.0323217117894,130.034334551952,8.599646045808887,0.004589878088036003,0.0,0.0,0.0,0.0,0.0
635,130.35518369121823,3.0,130.35482691493087,130.35523115564496,1.722817368075084,0.0068529994826868135,0.0,0.0,0.0,0.0,0.0
636,130.5355938373624,3.0,130.53454760667387,130.53671814289285,9.237736770260737,0.014866373015810444,0.0,0.0,0.0,0.0,0.0
637,130.9695087505217,4.0,130.968572955669,130.97031272052726,10.967048090910797,0.02214204432200015,0.0,0.0,0.0,0.0,0.0
638,130.98191387646798,66.0,130.98109021199872,130.98264667306984,6.110940785664102,0.13958596616353502,0.0,0.0,0.0,0.0,0.0
639,131.01005995024815,4.0,131.00768318638686,131.0131372521267,26.765465583147225,0.016286760205756846,0.0,0.0,0.0,0.0,0.0
640,131.08500020028828,7.0,131.08451535860846,131.08539061502643,4.601880408428946,0.010035865733877538,0.0,0.0,0.0,0.0,0.0
641,131.16314987450357,3.0,131.16149603248695,131.16375615851524,9.573005622971161,0.012404130284014535,0.0,0.0,0.0,0.0,0.0
642,132.2468317141994,3.0,132.24550494170185,132.2494838642273,16.71505082936396,0.026543931732195873,0.0,0.0,0.0,0.0,0.0
643,132.59138637284485,3.0,132.58983826726768,132.59244320034406,10.914623355347192,0.009730162617783176,0.0,0.0,0.0,0.0,0.0
644,134.7209424629665,4.0,134.71859544287742,134.72263469641734,17.107174241174214,0.008198066161215203,0.0,0.0,0.0,0.0,0.0
645,135.08025934643996,20.0,135.07992566846198,135.08129592908492,3.8997376187361206,0.016629915447656206,0.0,0.0,0.0,0.0,0.0
646,135.11684266566613,108.0,135.1162627685029,135.11771542036198,4.599064666223765,0.19343424694289177,0.0,0.0,0.0,0.0,0.0
647,136.02163643755267,3.0,136.0213848749249,136.02164212049877,1.050672609573374,0.003442257932410387,0.0,0.0,0.0,0.0,0.0
648,136.12028375187697,15.0,136.11906693840325,136.1209582693843,4.375281022596968,0.030036373079650774,0.0,0.0,0.0,0.0,0.0
649,136.93102442344846,8.0,136.93090896781163,136.93131887609277,1.1931240666339449,0.011896599202609418,0.0,0.0,0.0,0.0,0.0
650,137.024300173214,5.0,137.02379248208655,137.02544133242444,9.97223276609871,0.005659173439142698,0.0,0.0,0.0,0.0,0.0
651,137.09621822932343,22.0,137.09534032388052,137.09710177012272,4.891166731164739,0.02085982635615936,0.0,0.0,0.0,0.0,0.0
652,137.10464637898878,4.0,137.104581383531,137.10472521981637,0.78582731087362,0.0010337382351932112,0.0,0.0,0.0,0.0,0.0
653,137.13239883927906,260.0,137.1318518528411,137.1331712918874,3.4168763201716112,1.9767514455229467,0.0,0.6087898891412377,0.0,0.0,0.0
654,137.53965801876458,3.0,137.53818282714087,137.54106830729762,11.655144084556717,0.024456003388539833,0.0,0.0,0.0,0.0,0.0
655,137.56837134103577,3.0,137.5668388604041,137.5699142007255,12.419441941118421,0.004831745026056775,0.0,0.0,0.0,0.0,0.0
656,138.13587776176598,44.0,138.13550737234576,138.13652534656023,2.413938228264784,0.06602392427668652,0.0,0.0,0.0,0.0,0.0
657,139.03894561660323,100.0,139.0380506160771,139.0396016740583,3.998274830926292,0.11157153430502759,0.0,0.0,0.0,0.0,0.0
658,139.07535518026486,91.0,139.07453526224845,139.0763660436499,4.813143767435523,0.09261366569164574,0.0,0.0,0.0,0.0,0.0
659,139.11176747063556,76.0,139.11111018092137,139.11231456412833,3.823344582727235,0.05062088981653211,0.0,0.0,0.0,0.0,0.0
660,140.07038731002854,10.0,140.07019045769212,140.0707083491271,2.464030557700865,0.006343587925587802,0.0,0.0,0.0,0.0,0.0
661,140.10678445316566,13.0,140.1063007184182,140.10750207946444,2.668203769399875,0.022323936623529966,0.0,0.0,0.0,0.0,0.0
662,140.57572546762893,3.0,140.57310286053726,140.5767258235841,14.317957396473078,0.00831352714118761,0.0,0.0,0.0,0.0,0.0
663,140.96735405251633,6.0,140.9659583474469,140.97237291079358,22.57354010290612,0.030816821186234383,0.0,0.0,0.0,0.0,0.0
664,140.9867144191051,21.0,140.98606325730287,140.98777891032228,5.850604276020059,0.03584569191238561,0.0,0.0,0.0,0.0,0.0
665,141.00275177924004,12.0,141.00147222737453,141.0034503663584,2.867781093424373,0.03075774467422032,0.0,0.0,0.0,0.0,0.0
666,141.0221827129404,7.0,141.02103789682948,141.02273762702924,3.6473152869892393,0.012147466004490256,0.0,0.0,0.0,0.0,0.0
667,141.0546852953022,51.0,141.05361047562857,141.05532118860458,3.016676901544615,0.02604649508965113,0.0,0.0,0.0,0.0,0.0
668,141.09117064295202,22.0,141.09060324106682,141.09185844925744,2.9155999664277394,0.04316239435756237,0.0,0.0,0.0,0.0,0.0
669,141.12737364115975,7.0,141.1257764337448,141.12785674162427,5.674737967992514,0.0024112542286414225,0.0,0.0,0.0,0.0,0.0
670,141.5773746195868,3.0,141.5770420173933,141.57768367661072,2.517897679458389,0.0035478665385755112,0.0,0.0,0.0,0.0,0.0
671,141.98587489248794,8.0,141.9846340857314,141.98634703062083,4.676791962581349,0.02076493742903827,0.0,0.0,0.0,0.0,0.0
672,142.08681297186084,3.0,142.08553306387938,142.08731735144826,6.976515630558659,0.0012783564539593118,0.0,0.0,0.0,0.0,0.0
673,142.15920168320764,13.0,142.15850282528476,142.16055162885212,3.8974920356216702,0.017622661547424968,0.0,0.0,0.0,0.0,0.0
674,142.98187647100136,56.0,142.98078725327193,142.9829272750149,4.683764556964902,0.46749773790883314,0.0,0.0,0.0,0.0,0.0
675,143.0702198734337,31.0,143.06967645338125,143.07134436196938,3.588438663911038,0.05288142139407949,0.0,0.0,0.0,0.0,0.0
676,143.0857488521138,42.0,143.08471480747914,143.0864821779942,4.558043367339727,0.01756616800936558,0.0,0.0,0.0,0.0,0.0
677,144.04461681761438,3.0,144.04399711356535,144.04464237674557,2.488670194547633,0.004179225965009137,0.0,0.0,0.0,0.0,0.0
678,144.9976040874795,460.0,144.99690378450947,144.99822324694122,3.3294659840089507,0.9378408991824585,0.0,4.007960677399222,0.0,0.0,0.0
679,145.04980119340294,5.0,145.04975297311285,145.0517660499235,1.811319734221139,0.006028830066845959,0.0,0.0,0.0,0.0,0.0
680,145.1011009593295,9.0,145.10104232765423,145.10148870096484,1.7308141966419794,0.01397342048371401,0.0,0.0,0.0,0.0,0.0
681,145.48483277113058,3.0,145.48349392653736,145.4855428426191,7.8240919717190085,0.009844877426038623,0.0,0.0,0.0,0.0,0.0
682,147.1170188342153,8.0,147.11618327406944,147.11826096942207,4.816359023971806,0.007508238661614348,0.0,0.0,0.0,0.0,0.0
683,147.15282443964668,3.0,147.15185139871897,147.15308540603257,4.658827455539986,0.013742160208518999,0.0,0.0,0.0,0.0,0.0
684,149.13281624603025,4.0,149.13273469521548,149.13299376991182,0.9212634739416716,0.0012290409321720611,0.0,0.0,0.0,0.0,0.0
685,150.58297556442858,5.0,150.58209137316317,150.58334276948838,4.015330753675129,0.01063848106400822,0.0,0.0,0.0,0.0,0.0
686,152.14343723673647,24.0,152.14284645439525,152.14437926711932,3.29267139898389,0.07848940459671856,0.0,0.0,0.0,0.0,0.0
687,153.0913287062226,25.0,153.09009509760418,153.0927111024194,5.2066023070188825,0.015207758666236217,0.0,0.0,0.0,0.0,0.0
688,153.12758825194828,68.0,153.12631549453852,153.12838075360608,5.188777700873038,0.09724902309048711,0.0,0.0,0.0,0.0,0.0
689,153.14661903948883,8.0,153.14550401920908,153.14723586725404,6.786681744772055,0.015171402972160903,0.0,0.0,0.0,0.0,0.0
690,153.3080683210352,3.0,153.30575950040574,153.30880074668377,11.020824174942334,0.014635774581865484,0.0,0.0,0.0,0.0,0.0
691,154.03192760431506,16.0,154.03135770222303,154.03339793995963,2.1929198192190302,0.007547024221810445,0.0,0.0,0.0,0.0,0.0
692,154.05704482756386,3.0,154.05690061924923,154.0583226113501,5.127942136327365,0.004115526470211593,0.0,0.0,0.0,0.0,0.0
693,154.08620821295625,14.0,154.08487127186092,154.08877508574025,5.7952170332834365,0.020840405449677826,0.0,0.0,0.0,0.0,0.0
694,154.12256180333623,62.0,154.1220547913443,154.12337403384728,2.6145188261642467,0.3984811353254247,0.0,0.0,0.0,0.0,0.0
695,154.13117715058303,9.0,154.1303697470766,154.1352699409085,19.698107091376585,0.01761412763475281,0.0,0.0,0.0,0.0,0.0
696,154.15883105714133,31.0,154.15685500183366,154.15952473968753,3.02624889988755,0.034029579532274264,0.0,0.0,0.0,0.0,0.0
697,154.9417475066052,18.0,154.94095813527326,154.94294340703672,4.878025523655561,0.011533447245949666,0.0,0.0,0.0,0.0,0.0
698,154.98179807923384,5.0,154.97926199869588,154.982556053761,5.942238037002833,0.004815416893060774,0.0,0.0,0.0,0.0,0.0
699,155.06977306794553,11.0,155.069148027531,155.07063102247702,4.859894284829291,0.0067900532956821835,0.0,0.0,0.0,0.0,0.0
700,155.08556651556447,10.0,155.0850074516743,155.08693348759226,6.089733178264222,0.0035774545997544864,0.0,0.0,0.0,0.0,0.0
701,155.12577113276623,10.0,155.12537121583097,155.1263306525247,2.327264413778664,0.011653492009656917,0.0,0.0,0.0,0.0,0.0
702,155.7460388613316,3.0,155.74406653994393,155.7482331258471,14.86246432409618,0.006518888060690362,0.0,0.0,0.0,0.0,0.0
703,156.97479496945587,26.0,156.97372313052847,156.97569290460493,5.780080474635813,0.013602164773514518,0.0,0.0,0.0,0.0,0.0
704,156.99751579418233,30.0,156.99688285812476,156.9979654931713,3.262831116160126,0.09920115799084026,0.0,0.0,0.0,0.0,0.0
705,157.06308920703532,10.0,157.060640473109,157.06387725794832,6.543091543586168,0.0031900403048999515,0.0,0.0,0.0,0.0,0.0
706,157.1013605666003,51.0,157.10008817234672,157.10240957097858,4.3714750390449755,0.025816871190034386,0.0,0.0,0.0,0.0,0.0
707,157.1336959901917,3.0,157.13348599001048,157.13400603322887,1.8386438203071256,0.005301779332392583,0.0,0.0,0.0,0.0,0.0
708,158.22334812610146,3.0,158.22126243446405,158.22379414763313,8.889379050417821,0.010645694268419166,0.0,0.0,0.0,0.0,0.0
709,158.97675161157525,41.0,158.97602108779046,158.97809313267825,7.034261410443236,0.07293873047445296,0.0,0.0,0.0,0.0,0.0
710,158.99987564383682,5.0,158.99660973060733,159.00006396843875,6.7373606392050265,0.0037409604602790946,0.0,0.0,0.0,0.0,0.0
711,159.01315859746978,436.0,159.01237424474536,159.0139722463375,3.8834437466078655,1.6527456539067145,0.0,3.0608655905176505,0.0,0.0,0.0
712,159.03257516981284,6.0,159.03088020771145,159.03351593461707,2.1500378993073155,0.009707164058317414,0.0,0.0,0.0,0.0,0.0
713,159.1168601192147,7.0,159.11645891575233,159.11722120434592,2.578408467348929,0.0172009700809427,0.0,0.0,0.0,0.0,0.0
714,160.01384675961012,22.0,160.01325267472237,160.0153726889334,6.9844727524987915,0.05577883402197007,0.0,0.0,0.0,0.0,0.0
715,160.5824273765435,4.0,160.5799710165796,160.5859313537824,20.31493162720392,0.021184591213426383,0.0,0.0,0.0,0.0,0.0
716,160.99186806697747,3.0,160.9913191247993,160.99268016640204,4.696723088029774,0.012845901738665129,0.0,0.0,0.0,0.0,0.0
717,163.07466683764494,5.0,163.07320306582827,163.0760140963842,9.85753734688909,0.003624040635804297,0.0,0.0,0.0,0.0,0.0
718,163.11206795855796,13.0,163.1113568320983,163.11290905495358,4.3003577407633,0.026090326065971746,0.0,0.0,0.0,0.0,0.0
719,163.14819455016703,147.0,163.14717536524657,163.1488317130549,3.5613427192448626,0.09978016968116546,0.0,0.0,0.0,0.0,0.0
720,164.14338042999304,14.0,164.14219104417384,164.1437336096086,5.016258620246307,0.005299019796501355,0.0,0.0,0.0,0.0,0.0
721,165.0912301253953,5.0,165.09078944433747,165.0916395276265,3.4553940440254847,0.004923133026023959,0.0,0.0,0.0,0.0,0.0
722,165.12723119853587,4.0,165.1248301380893,165.12792396886064,6.698455210030449,0.008309844342877955,0.0,0.0,0.0,0.0,0.0
723,167.00158550334822,9.0,166.99748134548088,167.00304568132762,9.593587290285365,0.023791537954450187,0.0,0.0,0.0,0.0,0.0
724,167.03370438520346,18.0,167.0331931708797,167.0342874077829,1.4178430873009673,0.05980261386931416,0.0,0.0,0.0,0.0,0.0
725,167.06971148267164,28.0,167.06859785456925,167.0710471291986,8.154309148291512,0.013414996069202751,0.0,0.0,0.0,0.0,0.0
726,167.1047402211519,3.0,167.10304939454807,167.10635556229823,10.991668212169603,0.0036112924825189765,0.0,0.0,0.0,0.0,0.0
727,167.1429014944618,8.0,167.1423640028271,167.1437046221357,4.796183987302899,0.0054619882026392804,0.0,0.0,0.0,0.0,0.0
728,168.01084886321252,4.0,168.0104335933515,168.01204201246173,5.1596245871245054,0.003376377578949123,0.0,0.0,0.0,0.0,0.0
729,168.99763330655708,34.0,168.99593220061914,168.99930519653927,7.273326338952749,0.10007455155229857,0.0,0.0,0.0,0.0,0.0
730,170.15410901175323,115.0,170.15296584753003,170.1551406404042,4.26298553143225,0.4082707557637603,0.0,0.0,0.0,0.0,0.0
731,170.91417894419612,1093.0,170.91339839284024,170.91494171463674,3.548050524164137,3.8500754136088466,0.0,12.233518010381788,0.0,0.0,6.943213073978269
732,171.0126085537052,29.0,171.0105076310034,171.01433024725,11.52724180222067,0.031614677664834764,0.0,0.0,0.0,0.0,0.0
733,171.0805452139016,40.0,171.07853876696976,171.08173020316252,5.455647851660969,0.021002946769209434,0.0,0.0,0.0,0.0,0.0
734,171.11695951948622,31.0,171.11568300851746,171.1183580913602,6.377839753090341,0.01825866794765385,0.0,0.0,0.0,0.0,0.0
735,171.1487091553143,14.0,171.14809594041577,171.14985172281214,2.4935199890926256,0.026304590950056925,0.0,0.0,0.0,0.0,0.0
736,171.15721307671066,33.0,171.15627211095273,171.15798139217588,4.865600493883116,0.06392721239273069,0.0,0.0,0.0,0.0,0.0
737,171.18557785386196,10.0,171.18530256001247,171.18616745142657,2.621635606663766,0.0037409735487739853,0.0,0.0,0.0,0.0,0.0
738,172.03920768506774,11.0,172.03883881361196,172.0405264096833,3.2295233267987373,0.04346585128042159,0.0,0.0,0.0,0.0,0.0
739,172.07556629815326,19.0,172.0734446127432,172.07687345908133,7.221568947579751,0.017732430203098646,0.0,0.0,0.0,0.0,0.0
740,172.95242760596318,98.0,172.9510273437481,172.9534438076182,4.860690229732244,0.08539669063527379,0.0,0.0,0.0,0.0,0.0
741,173.02882085687185,19.0,173.0274944539663,173.02967629977448,3.131541525750935,0.024181572322892846,0.0,0.0,0.0,0.0,0.0
742,173.04820156902986,3.0,173.04818103321136,173.050602842467,7.774998955592857,0.00289103660840898,0.0,0.0,0.0,0.0,0.0
743,173.0959373046021,5.0,173.09532914737068,173.09613639245515,2.14637266485831,0.000746141944522187,0.0,0.0,0.0,0.0,0.0
744,174.66496698900457,3.0,174.66462816459696,174.6665269818563,6.039553870587971,0.006981955162058834,0.0,0.0,0.0,0.0,0.0
745,174.9849786188451,13.0,174.98399974922842,174.98648580022666,5.277868811252276,0.00758282838953673,0.0,0.0,0.0,0.0,0.0
746,175.0079193291017,5.0,175.0074755455025,175.00825105272006,2.9282039518847736,0.003942170182644831,0.0,0.0,0.0,0.0,0.0
747,176.07007907477697,8.0,176.06954872574855,176.07058466580196,3.119913880865004,0.010177630679489786,0.0,0.0,0.0,0.0,0.0
748,176.57194746621684,7.0,176.57120608850747,176.57256009398273,2.1779651693402,0.02042712735252116,0.0,0.0,0.0,0.0,0.0
749,177.0133663288034,3.0,177.01201910447944,177.01534135523403,10.426867201920633,0.010215670882293894,0.0,0.0,0.0,0.0,0.0
750,180.1383719316873,15.0,180.13578479539177,180.13947955272204,7.078211958055894,0.02127906223273509,0.0,0.0,0.0,0.0,0.0
751,180.99724833274456,6.0,180.99620271162965,180.9981585066883,6.240369302210419,0.011756498196268011,0.0,0.0,0.0,0.0,0.0
752,181.0857209704425,19.0,181.0834536513609,181.08660452068725,3.7226441939300656,0.01761487518989125,0.0,0.0,0.0,0.0,0.0
753,181.12218245289122,44.0,181.12113405045446,181.12373334047547,4.004251544648495,0.033357648932983576,0.0,0.0,0.0,0.0,0.0
754,181.1334863931067,3.0,181.13343989326535,181.13355973497977,0.3675672098976099,0.012784604427119048,0.0,0.0,0.0,0.0,0.0
755,181.14129470727443,3.0,181.14094226298067,181.14190709778336,2.9591227979403567,0.0038854119961098713,0.0,0.0,0.0,0.0,0.0
756,181.1591066041513,83.0,181.15763522860883,181.1601414144242,5.577304717793271,0.05699984166023022,0.0,0.0,0.0,0.0,0.0
757,181.98908909028998,4.0,181.98891222494817,181.9895368578184,1.6488734397287985,0.006688117156839063,0.0,0.0,0.0,0.0,0.0
758,182.02670815642256,11.0,182.02618770827792,182.0276201944916,2.924792083792404,0.004172888644989037,0.0,0.0,0.0,0.0,0.0
759,182.08426981220674,6.0,182.08350700304123,182.08498126798185,2.0095367663141075,0.02244461878802498,0.0,0.0,0.0,0.0,0.0
760,182.0989760702457,4.0,182.09749233730523,182.10083665319644,16.287125476945594,0.0014339098387593583,0.0,0.0,0.0,0.0,0.0
761,182.11783660121156,101.0,182.11658244349564,182.1192644128547,3.688372585360883,0.33511021992882534,0.0,0.0,0.0,0.0,0.0
762,182.15365476020315,116.0,182.1529564856517,182.15456282179207,2.1518774697450587,0.5684811915525141,0.0,0.0,0.0,0.0,0.0
763,183.1204315811397,3.0,183.12022060004497,183.1208747947771,1.9847130914026103,0.00151621686404149,0.0,0.0,0.0,0.0,0.0
764,183.15693812355292,28.0,183.15607343651894,183.15805557144995,3.9771496556900123,0.020199129616989688,0.0,0.0,0.0,0.0,0.0
765,184.1257277807863,3.0,184.12312721997017,184.1260334424681,8.768834610125207,0.00273305873887225,0.0,0.0,0.0,0.0,0.0
766,184.92970604531666,112.0,184.92856679064695,184.93128310294034,4.795589897276208,0.07662864283160496,0.0,0.0,0.0,0.0,0.0
767,184.9697129615275,120.0,184.96868375960332,184.97104419356907,4.897193274562615,0.11224567984388069,0.0,0.0,0.0,0.0,0.0
768,184.9927778577039,52.0,184.99138841745656,184.99384438173516,3.74069974924815,0.12268125009905578,0.0,0.0,0.0,0.0,0.0
769,185.0116504376051,13.0,185.01039846281742,185.01266102879868,3.6274761887505464,0.044988467250133335,0.0,0.0,0.0,0.0,0.0
770,185.02841345261993,54.0,185.02606720429148,185.02944265589304,10.704267049070765,0.0701807265899144,0.0,0.0,0.0,0.0,0.0
771,185.11783978357755,5.0,185.1158344093733,185.11815195415002,1.854114663868649,0.008359368939005562,0.0,0.0,0.0,0.0,0.0
772,186.01148794987554,4.0,186.00920170531185,186.0127260119549,8.35215205147528,0.008711978433556006,0.0,0.0,0.0,0.0,0.0
773,186.024192453262,6.0,186.0232627528873,186.02604390949014,4.998893853587858,0.004010242120263197,0.0,0.0,0.0,0.0,0.0
774,187.00825555574232,30.0,187.0069436279922,187.0103049292254,5.9598574268808955,0.13253612314541288,0.0,0.0,0.0,0.0,0.0
775,188.92471193101056,973.0,188.92378886887394,188.92575077002965,3.833865678211335,3.767350289387005,0.0,12.157383196419643,0.0,0.0,7.579035868338313
776,189.92572178744467,4.0,189.9228054391103,189.92730765192596,17.622896491616018,0.0038985576309056224,0.0,0.0,0.0,0.0,0.0
777,190.6151602947148,5.0,190.61201935294423,190.6168710551839,6.11271973137848,0.012518064222020028,0.0,0.0,0.0,0.0,0.0
778,190.96230728043457,3.0,190.9619763213481,190.96252182045947,1.58698889942813,0.007652724027286288,0.0,0.0,0.0,0.0,0.0
779,194.33242111338376,3.0,194.33080696431188,194.33249534838896,4.8267352847614635,0.01335198433353127,0.0,0.0,0.0,0.0,0.0
780,198.08279058252887,19.0,198.07923848114885,198.0840876853968,5.8666064254773245,0.06296747836432359,0.0,0.0,0.0,0.0,0.0
781,198.12809816254563,143.0,198.1268153099876,198.12951964376902,5.6491112996327555,0.12234221829208444,0.0,0.0,0.0,0.0,0.0
782,198.1489431768305,74.0,198.14821811961107,198.1499343977645,3.5272964825343935,0.11312132681634315,0.0,0.0,0.0,0.0,0.0
783,198.1660840585431,5.0,198.16592851597545,198.1675950432765,7.089454848787709,0.009264116237965535,0.0,0.0,0.0,0.0,0.0
784,198.17622600489898,8.0,198.17345355160785,198.177171020374,3.533133839187944,0.008029734102283168,0.0,0.0,0.0,0.0,0.0
785,198.18548333880116,285.0,198.18370953865292,198.18676621383452,5.150378663805578,0.5142701115913451,0.0,0.9284985297377173,0.0,0.0,0.0
786,198.19709152550445,19.0,198.19569510224247,198.19871032130334,8.083003945237923,0.04147108365142009,0.0,0.0,0.0,0.0,0.0
787,198.58516314375055,30.0,198.5840926614687,198.58594116379973,3.1483383949939507,0.11824932634221479,0.0,0.0,0.0,0.0,0.0
788,198.62924655244876,26.0,198.62783773739812,198.6306934260362,6.2080488166443795,0.023750875334212558,0.0,0.0,0.0,0.0,0.0
789,198.98475866995926,10.0,198.98357673484486,198.98662831821036,5.424582561005534,0.004455418602335328,0.0,0.0,0.0,0.0,0.0
790,199.0082484040445,39.0,199.00645374382742,199.00963985852368,4.779849162722127,0.07305040012626425,0.0,0.0,0.0,0.0,0.0
791,199.01738785454137,24.0,199.0167730334001,199.0181737289452,3.745596734638805,0.2156034779380722,0.0,0.0,0.0,0.0,0.0
792,199.02717443995573,5.0,199.0266562843833,199.02822259000916,3.7426853955438695,0.009820397406206959,0.0,0.0,0.0,0.0,0.0
793,199.04000529109888,79.0,199.03843857422927,199.04480594819105,16.189262928182718,0.08782553566840401,0.0,0.0,0.0,0.0,0.0
794,199.05948027255204,34.0,199.05539972065299,199.06039983072768,8.524930366608052,0.031574032122551,0.0,0.0,0.0,0.0,0.0
795,199.07518133460042,180.0,199.07326758617006,199.07638903285158,7.980249936244466,0.21289979649841176,0.0,0.0,0.0,0.0,0.0
796,199.0949688828135,379.0,199.0931671446742,199.09676344419105,6.636892868848771,0.9630346067613318,0.0,2.4398831366214777,0.0,0.0,0.0
797,199.11390395949292,87.0,199.11131989775114,199.11567539242486,7.220312736376824,0.05336495512119454,0.0,0.0,0.0,0.0,0.0
798,199.13098052409,193.0,199.13020163624944,199.132240206793,3.9360789388502218,0.5537678836387473,0.0,0.0,0.0,0.0,0.0
799,199.14705328741974,402.0,199.14417133764965,199.15523547266824,17.219666068941436,1.2244554952591553,0.0,2.0666451665424947,0.0,0.0,0.0
800,199.1806853313052,2303.0,199.17994524356797,199.18158857016567,2.7928909875693386,29.781377541374113,21.155500475738638,37.567267301695445,30.93304594328688,27.203576891238065,33.92563083013675
801,199.20406634550346,30.0,199.1996117564702,199.2047756495799,13.744074217699746,0.025597306215594508,0.0,0.0,0.0,0.0,0.0
802,200.01970329796356,3.0,200.01909478359525,200.02091241028864,5.048465680121901,0.0060169176101521425,0.0,0.0,0.0,0.0,0.0
803,200.03690870743822,20.0,200.03364128502503,200.03862801654964,9.843751820205142,0.023648032610405073,0.0,0.0,0.0,0.0,0.0
804,200.07141773424698,120.0,200.06940415830596,200.07378818173854,7.5149248067570085,0.13702958007719382,0.0,0.0,0.0,0.0,0.0
805,200.08576299043784,3.0,200.08478852252097,200.0858411188411,2.922625401462093,0.003383105226141711,0.0,0.0,0.0,0.0,0.0
806,200.09238549830258,26.0,200.09010117859515,200.09784556916838,12.558989880066543,0.05183574940927477,0.0,0.0,0.0,0.0,0.0
807,200.10724208521808,159.0,200.10563088923334,200.1095185375723,8.309773211040008,0.1558745754565265,0.0,0.0,0.0,0.0,0.0
808,200.12780141306376,19.0,200.12643675561804,200.12875504841853,5.590805604043612,0.01435297822007596,0.0,0.0,0.0,0.0,0.0
809,200.1445112454826,56.0,200.13488519830264,200.1476994151009,19.212505794871777,0.06588589917464106,0.0,0.0,0.0,0.0,0.0
810,200.1640695000847,36.0,200.16280429789126,200.1653568904622,5.111750520547754,0.03491647547901325,0.0,0.0,0.0,0.0,0.0
811,200.18173767710977,441.0,200.18026523274423,200.18392715142284,8.520385617921034,0.3855904423749916,0.0,1.7060456664514332,0.0,0.0,0.0
812,200.2013426044267,2138.0,200.2006054437915,200.20239991502788,2.780923449241072,15.035516441587394,0.0,24.124152123649115,15.779662199583717,10.487612197663447,20.070563871520122
813,200.2372598702932,1674.0,200.23619243358496,200.23841721274664,4.831510922400126,7.037999812432925,0.0,13.902844460691313,7.601759786569021,0.0,11.143776117872111
814,201.09133695603512,7.0,201.09073057948692,201.0926246650495,1.8861820822684507,0.0033100881686115944,0.0,0.0,0.0,0.0,0.0
815,201.11162537705417,28.0,201.11017188929068,201.1128345454973,5.740944995096058,0.08425408774222604,0.0,0.0,0.0,0.0,0.0
816,201.14888098224577,4.0,201.1484596956338,201.14933510642152,3.6879569465689137,0.0030728863740853395,0.0,0.0,0.0,0.0,0.0
817,201.16433403422812,7.0,201.16355162616384,201.16496620788044,2.5655282087125717,0.012022429403332403,0.0,0.0,0.0,0.0,0.0
818,201.20436937663249,10.0,201.2040403890348,201.20630313272602,2.7311160696409376,0.03815034664279878,0.0,0.0,0.0,0.0,0.0
819,201.2406274865444,8.0,201.23971662613152,201.24285107464732,6.869823814488089,0.024165655131841445,0.0,0.0,0.0,0.0,0.0
820,202.94028812214503,223.0,202.93929100468864,202.9415688433082,4.085293622396231,0.18464945978344963,0.0,0.0,0.0,0.0,0.0
821,202.98000645810578,70.0,202.9785247354273,202.98148588431135,5.617675892449548,0.04765859349092514,0.0,0.0,0.0,0.0,0.0
822,203.0228574845588,7.0,203.0226462912111,203.02393720254452,1.903750914204858,0.01360258479138604,0.0,0.0,0.0,0.0,0.0
823,207.93352050993408,3.0,207.93181083987005,207.9358125546341,10.691757940127514,0.005315213619296594,0.0,0.0,0.0,0.0,0.0
824,212.3580092464056,3.0,212.35774606924556,212.35858362893856,2.191162660738345,0.007159736631530328,0.0,0.0,0.0,0.0,0.0
825,216.92031960307327,6.0,216.91733175528069,216.9229218306204,13.907432115028485,0.004405952406409222,0.0,0.0,0.0,0.0,0.0
826,216.9557279431349,21.0,216.95076746360576,216.95776463937105,13.8732038406855,0.02154475303982988,0.0,0.0,0.0,0.0,0.0
827,216.99532724828504,5.0,216.9952495389568,216.99797038886834,6.562004114665777,0.0020609231960317547,0.0,0.0,0.0,0.0,0.0
828,217.03812896203004,12.0,217.03748512823435,217.03863772567414,2.3104138421137734,0.03623317052950972,0.0,0.0,0.0,0.0,0.0
829,217.64307976188056,4.0,217.64169826714195,217.6451203406396,12.81327336313672,0.005313748520303201,0.0,0.0,0.0,0.0,0.0
830,219.3824630244624,3.0,219.38026503260681,219.38338050079406,7.889489596037376,0.009762511087215337,0.0,0.0,0.0,0.0,0.0
831,221.7779603117836,3.0,221.77528175459761,221.7789431156484,9.171738570411184,0.012112305574504125,0.0,0.0,0.0,0.0,0.0
832,222.3307930378885,3.0,222.3298311359634,222.33146625314583,4.085796763678524,0.008093636818910564,0.0,0.0,0.0,0.0,0.0
