,median_mz(Da),N_spectra,min_mz,max_mz,IQR_mz(ppm),mean_Int,min_Int,max_Int,median_Int,Int_Q1,Int_Q3
0,50.060886600826095,3.0,50.06075689949174,50.06117284974937,4.616048419051643,0.0025099947633100157,0.0,0.0,0.0,0.0,0.0
1,50.09981458973729,7.0,50.09740111510053,50.10229033662023,43.767806787540465,0.0036014316059501702,0.0,0.0,0.0,0.0,0.0
2,50.10976752746433,3.0,50.10850786486554,50.1097877508877,14.189804207357145,0.0023418198130575768,0.0,0.0,0.0,0.0,0.0
3,50.13198315639124,3.0,50.13123671445508,50.133262617401634,22.450770269076113,0.0027688885852146417,0.0,0.0,0.0,0.0,0.0
4,50.245647054856136,3.0,50.24478301663224,50.2469877935427,24.377754754102092,0.0024836469839434145,0.0,0.0,0.0,0.0,0.0
5,50.27490902637812,4.0,50.27382480187623,50.2754933533505,12.684176047331029,0.004025638129587976,0.0,0.0,0.0,0.0,0.0
6,50.28032748690709,8.0,50.279475001275415,50.281640733975,21.1080247795987,0.0031086939330734068,0.0,0.0,0.0,0.0,0.0
7,50.285653315417946,3.0,50.28470728152038,50.28699613656353,25.287254937581608,0.0022222003804843833,0.0,0.0,0.0,0.0,0.0
8,50.294379127313405,8.0,50.29026683658455,50.29693026289452,72.00267773764082,0.006796417000549898,0.0,0.0,0.0,0.0,0.0
9,50.30192811488851,3.0,50.300806048247416,50.30223104868756,15.738301509827973,0.007400705751436313,0.0,0.0,0.0,0.0,0.0
10,50.35213954853299,5.0,50.35046908543826,50.353517186333264,23.53040123963142,0.00533511289795497,0.0,0.0,0.0,0.0,0.0
11,50.36541548678366,5.0,50.36304314160857,50.36746576034726,48.91314480322983,0.0033850412301524566,0.0,0.0,0.0,0.0,0.0
12,50.41647383438665,3.0,50.415639735405854,50.41799628051259,25.967538512636683,0.0031286584412782864,0.0,0.0,0.0,0.0,0.0
13,50.42271503738681,3.0,50.422038278156585,50.4241166892149,22.899853951087305,0.0019787694711699165,0.0,0.0,0.0,0.0,0.0
14,50.44678324200753,4.0,50.44472384195314,50.4485087398462,36.36829358265293,0.002037141201077317,0.0,0.0,0.0,0.0,0.0
15,50.455435064584236,6.0,50.453162150398725,50.45865277232294,72.21025122488908,0.005303399327302462,0.0,0.0,0.0,0.0,0.0
16,50.46867033704257,8.0,50.4652969138504,50.47233915320473,82.90665519931173,0.004623458873736553,0.0,0.0,0.0,0.0,0.0
17,50.49588861067773,7.0,50.492667093279245,50.49603112229694,29.513065115440725,0.00622872704102949,0.0,0.0,0.0,0.0,0.0
18,50.50543899983568,3.0,50.50520987935165,50.50640795074381,13.178683940748275,0.0025002383693905382,0.0,0.0,0.0,0.0,0.0
19,50.51274599391113,4.0,50.51266772204062,50.514255251915195,11.261460814799248,0.0033494494991011333,0.0,0.0,0.0,0.0,0.0
20,50.62915931466729,3.0,50.62873638774455,50.63022343351904,16.31740586980441,0.0018702700234760387,0.0,0.0,0.0,0.0,0.0
21,50.64948598148479,9.0,50.64777539526469,50.65210975652376,53.227245163667895,0.005407669075730785,0.0,0.0,0.0,0.0,0.0
22,50.682685304538076,4.0,50.6823893212967,50.68344193679614,13.169276481252762,0.0031364429214722597,0.0,0.0,0.0,0.0,0.0
23,50.70993752908012,3.0,50.7091877156413,50.71114300027504,21.42123011572678,0.004501562841266688,0.0,0.0,0.0,0.0,0.0
24,50.71654643893685,8.0,50.71341314161827,50.71892370209254,65.15744783158428,0.004628314239868618,0.0,0.0,0.0,0.0,0.0
25,50.742803484600294,4.0,50.74111010310857,50.74416780673987,27.780875562418515,0.0058875243212898635,0.0,0.0,0.0,0.0,0.0
26,50.770794178886064,6.0,50.76908207804429,50.77291521730345,36.63662885082738,0.004532495747884911,0.0,0.0,0.0,0.0,0.0
27,50.87231145308054,5.0,50.870231493053645,50.8740268399714,25.86023852752837,0.0032157663532392314,0.0,0.0,0.0,0.0,0.0
28,50.88274588289285,6.0,50.88224141790455,50.884197496064225,19.62396184101397,0.006231846041983355,0.0,0.0,0.0,0.0,0.0
29,50.92747521333559,6.0,50.925483888630225,50.930515624586995,65.71640233484246,0.0055138203361889465,0.0,0.0,0.0,0.0,0.0
30,51.01316577644249,3.0,51.01273612737855,51.014317617659266,17.223116780408308,0.0022318521565696465,0.0,0.0,0.0,0.0,0.0
31,51.01744108213198,3.0,51.01667268643141,51.018319123067066,17.928908240134525,0.0018846665152539963,0.0,0.0,0.0,0.0,0.0
32,51.02721346348655,4.0,51.025545110235214,51.029210095334186,42.82325210335299,0.0041087665700542736,0.0,0.0,0.0,0.0,0.0
33,51.052029204159254,10.0,51.047683918758736,51.05423248925811,70.90665107292003,0.005880423797584652,0.0,0.0,0.0,0.0,0.0
34,51.15241226834951,9.0,51.14721505099904,51.15749561581484,96.44259524726777,0.00909054256174102,0.0,0.0,0.0,0.0,0.0
35,51.244068314185455,4.0,51.24278075362537,51.2455728905765,27.48394961941765,0.0015738807317236827,0.0,0.0,0.0,0.0,0.0
36,51.27717089755394,3.0,51.276453895427835,51.277967949510945,16.40381367687681,0.003248058208541184,0.0,0.0,0.0,0.0,0.0
37,51.291940531424345,3.0,51.29096135007475,51.29295574017373,21.60172705396219,0.0026967938671699065,0.0,0.0,0.0,0.0,0.0
38,51.3654387670074,6.0,51.36258348074863,51.36765328303959,53.57633063119187,0.004364093109162452,0.0,0.0,0.0,0.0,0.0
39,51.43821932862288,8.0,51.435439258627476,51.441677321269914,64.9365642263839,0.0037385652399715636,0.0,0.0,0.0,0.0,0.0
40,51.50586628111027,5.0,51.504614921700224,51.50851913631201,36.93296729134582,0.0028799188325419082,0.0,0.0,0.0,0.0,0.0
41,51.531520576645605,3.0,51.53050062890465,51.53172069694029,13.153416933424317,0.0030193347207213552,0.0,0.0,0.0,0.0,0.0
42,51.55466580782052,8.0,51.552125853253386,51.556714641607435,20.538598198028765,0.004951092213760835,0.0,0.0,0.0,0.0,0.0
43,51.707612107474574,4.0,51.706377541868584,51.70869386533732,18.166446038307118,0.0019384566180745074,0.0,0.0,0.0,0.0,0.0
44,51.74998162360864,3.0,51.74982931421478,51.75004491979275,2.3146071338938765,0.002973896647922627,0.0,0.0,0.0,0.0,0.0
45,51.881142212100244,6.0,51.87813941501306,51.88187375030287,42.02202435957625,0.0026616284259133602,0.0,0.0,0.0,0.0,0.0
46,51.925578571522635,4.0,51.924671101796754,51.9272675356983,26.24836351074133,0.004323839275583681,0.0,0.0,0.0,0.0,0.0
47,51.94266264838622,6.0,51.93941162388409,51.943962647885584,47.06918667644676,0.0032018480958942623,0.0,0.0,0.0,0.0,0.0
48,51.96820083351409,3.0,51.96806549213499,51.968577820997915,5.476948239643988,0.0017667225910594183,0.0,0.0,0.0,0.0,0.0
49,52.14276219614969,4.0,52.1414357720737,52.14386979504671,32.231711553664866,0.003069667481644889,0.0,0.0,0.0,0.0,0.0
50,52.1525416094631,4.0,52.15158398378525,52.15315615894544,16.896100998659765,0.0028221916895231473,0.0,0.0,0.0,0.0,0.0
51,52.199511419592014,3.0,52.19938684389445,52.20066439805224,13.596914809710146,0.001661217517057479,0.0,0.0,0.0,0.0,0.0
52,52.22921739174938,7.0,52.2270872131754,52.2305294640794,17.134422431763955,0.003555322549593878,0.0,0.0,0.0,0.0,0.0
53,52.25116337285816,5.0,52.249896759009985,52.25320935877061,56.1087443168442,0.0027136339943107306,0.0,0.0,0.0,0.0,0.0
54,52.37118805460931,3.0,52.3698636449939,52.371926296914694,21.880690057628943,0.004937264102167495,0.0,0.0,0.0,0.0,0.0
55,52.49016045855427,5.0,52.48853396604135,52.492974254846544,59.75416792742768,0.004488626957075809,0.0,0.0,0.0,0.0,0.0
56,52.51298957090269,6.0,52.51068533966206,52.51576840772947,60.62408836255586,0.0032162725943383967,0.0,0.0,0.0,0.0,0.0
57,52.528114102133884,6.0,52.526971136824194,52.529417262680084,17.38597190204372,0.003043269299281213,0.0,0.0,0.0,0.0,0.0
58,52.61393752647836,6.0,52.613092971126946,52.61590589978138,26.01923557962616,0.007227293996586939,0.0,0.0,0.0,0.0,0.0
59,52.62770595294019,4.0,52.62597393417962,52.6301748831849,48.641034029490676,0.001807265082854336,0.0,0.0,0.0,0.0,0.0
60,52.64917056972733,8.0,52.64551092410545,52.652475889995884,63.3324415926868,0.004869036237435465,0.0,0.0,0.0,0.0,0.0
61,52.74361981217574,7.0,52.73920049823999,52.745315500296115,65.5838279586243,0.009219564172029234,0.0,0.0,0.0,0.0,0.0
62,52.80957278473949,4.0,52.80806806582394,52.81059700838971,34.79092481388035,0.002817214636045669,0.0,0.0,0.0,0.0,0.0
63,52.92134726418696,3.0,52.92086715825337,52.92311928692527,23.642304290742242,0.0032545953802971843,0.0,0.0,0.0,0.0,0.0
64,52.97333383862952,5.0,52.97133685470438,52.97397468705087,43.68114825212468,0.0021223216886634686,0.0,0.0,0.0,0.0,0.0
65,53.05054405582712,9.0,53.0461417545813,53.05517389399133,90.51377571646675,0.005419186531475146,0.0,0.0,0.0,0.0,0.0
66,53.13246094248569,5.0,53.1311535079022,53.134400814069515,24.064783217327545,0.002516864075422043,0.0,0.0,0.0,0.0,0.0
67,53.28960823198415,3.0,53.289389153552506,53.290412766186996,10.67138049399585,0.0036535674609155947,0.0,0.0,0.0,0.0,0.0
68,53.308456454133136,8.0,53.30445042432259,53.31083594991593,56.76810996945306,0.005592866863112773,0.0,0.0,0.0,0.0,0.0
69,53.32532793216313,4.0,53.323639389889316,53.32705566406471,20.950560517049183,0.00299641960169391,0.0,0.0,0.0,0.0,0.0
70,53.44794259936499,10.0,53.4449574270022,53.454050896838076,84.99124812034223,0.0037080289382849215,0.0,0.0,0.0,0.0,0.0
71,53.46722142165978,4.0,53.465012682919244,53.469007357747685,44.510736550646456,0.0023735197692740903,0.0,0.0,0.0,0.0,0.0
72,53.47986551364188,4.0,53.478942319383954,53.48089872945161,17.634546620282556,0.004769822277266245,0.0,0.0,0.0,0.0,0.0
73,53.50324120547164,3.0,53.501346993065475,53.50487805819256,36.66512166711457,0.0028739558926062538,0.0,0.0,0.0,0.0,0.0
74,53.548399489342856,5.0,53.54696333418855,53.54977433750374,21.597332600581208,0.0025676444263490346,0.0,0.0,0.0,0.0,0.0
75,53.64535668335332,3.0,53.64533536546022,53.64573174302237,4.104917375187646,0.0025277507166132866,0.0,0.0,0.0,0.0,0.0
76,53.68949508299355,8.0,53.687135709838195,53.69091732481092,40.997280498834826,0.00493912481859086,0.0,0.0,0.0,0.0,0.0
77,53.75988623727379,4.0,53.759640803020815,53.76092524758483,11.005589831530738,0.001341688935207737,0.0,0.0,0.0,0.0,0.0
78,53.77587090415252,4.0,53.775623784173085,53.77672325498951,7.828664960183117,0.004442252219887832,0.0,0.0,0.0,0.0,0.0
79,53.78280590011425,8.0,53.78000699424394,53.785632261279794,69.93790162499324,0.007098758342990249,0.0,0.0,0.0,0.0,0.0
80,53.87283154503254,3.0,53.87090562743357,53.874741714784065,39.55907974469868,0.002594335487553421,0.0,0.0,0.0,0.0,0.0
81,53.88067152611273,5.0,53.8782470809075,53.88252602436355,50.13752653508673,0.0032937889110240715,0.0,0.0,0.0,0.0,0.0
82,53.92610669584994,3.0,53.92581781663527,53.9263434767559,5.415436386003589,0.0017458708502756605,0.0,0.0,0.0,0.0,0.0
83,53.93663648282735,5.0,53.9354281286946,53.939346280113625,43.081323854123994,0.003042110201629062,0.0,0.0,0.0,0.0,0.0
84,54.01670448069251,4.0,54.01487437463853,54.01817328895292,44.47533330431791,0.0015726604739413957,0.0,0.0,0.0,0.0,0.0
85,54.037475219550096,4.0,54.0366196531615,54.03819831616756,16.783396793569587,0.010190611098255187,0.0,0.0,0.0,0.0,0.0
86,54.05229357799085,3.0,54.05161990572788,54.0536721284251,21.092975805663364,0.0026672321435533496,0.0,0.0,0.0,0.0,0.0
87,54.16974302205029,3.0,54.16930679986678,54.170848127223266,15.807587927397142,0.0018237333272520112,0.0,0.0,0.0,0.0,0.0
88,54.18105159738835,4.0,54.17993222040189,54.18241708481306,38.744296294224746,0.002122937383071508,0.0,0.0,0.0,0.0,0.0
89,54.20498257245464,3.0,54.204118621803175,54.206590831089486,25.338069275637988,0.0009609080238793227,0.0,0.0,0.0,0.0,0.0
90,54.22038041006848,6.0,54.21996633961119,54.22276330206729,28.75836706993138,0.0035063798726942515,0.0,0.0,0.0,0.0,0.0
91,54.26088112441927,6.0,54.25802679557471,54.26229294450485,56.84344741099465,0.003722104662698383,0.0,0.0,0.0,0.0,0.0
92,54.275181110213126,3.0,54.27502491740566,54.27520036171717,1.7958311692744213,0.0030568210149075716,0.0,0.0,0.0,0.0,0.0
93,54.29431859988426,5.0,54.29156343570505,54.29537443484443,32.0575462362292,0.0032899330331096544,0.0,0.0,0.0,0.0,0.0
94,54.34111578330465,3.0,54.34048788974112,54.342975041659486,25.427359115601114,0.002534598351986929,0.0,0.0,0.0,0.0,0.0
95,54.39276936035764,3.0,54.39202538525504,54.39286616449319,8.587530700230287,0.0017941919703539052,0.0,0.0,0.0,0.0,0.0
96,54.40099725364587,6.0,54.39808187194545,54.40457817710573,64.1824136027676,0.005734517402098273,0.0,0.0,0.0,0.0,0.0
97,54.41932041566108,3.0,54.41837937574728,54.419342384758764,9.831159270227852,0.0019220091885018883,0.0,0.0,0.0,0.0,0.0
98,54.44942675226903,4.0,54.44814138000306,54.45098735112087,16.06421835357019,0.0030420210841321945,0.0,0.0,0.0,0.0,0.0
99,54.45950151771335,4.0,54.45779066913076,54.46127327437738,26.890653939255756,0.006749442416896018,0.0,0.0,0.0,0.0,0.0
100,54.48127160151704,4.0,54.47943755857053,54.48368292488254,44.904447126668224,0.0035615654906837454,0.0,0.0,0.0,0.0,0.0
101,54.50707460923082,5.0,54.50491493825022,54.509088304785784,41.02835848239542,0.003115592479299691,0.0,0.0,0.0,0.0,0.0
102,54.51662022693925,4.0,54.51493684859159,54.517671583378586,33.95327651357916,0.0025959151495246104,0.0,0.0,0.0,0.0,0.0
103,54.57686719822215,8.0,54.57599476737792,54.57875699302713,40.532645238366854,0.0044613214428058535,0.0,0.0,0.0,0.0,0.0
104,54.59729794962764,4.0,54.59590362419499,54.598777250728915,28.92205721901997,0.0023780668678313956,0.0,0.0,0.0,0.0,0.0
105,54.61845487083033,3.0,54.61815176479646,54.618958489745594,8.205661041731057,0.0024783758273587407,0.0,0.0,0.0,0.0,0.0
106,54.62533528706739,9.0,54.62170632151669,54.628169847836986,75.55870617108316,0.008290926553865732,0.0,0.0,0.0,0.0,0.0
107,54.69922210196882,8.0,54.69674313641086,54.70150360045509,41.67291190087824,0.004879323198650609,0.0,0.0,0.0,0.0,0.0
108,54.73618234233898,3.0,54.735813154082344,54.73631271064713,5.0703467615294455,0.002311045146276783,0.0,0.0,0.0,0.0,0.0
109,54.7639502619551,4.0,54.76325634551061,54.76494007808828,9.662342330744085,0.002795565260291819,0.0,0.0,0.0,0.0,0.0
110,54.81766655953385,6.0,54.81643582898874,54.8192482591249,31.83761752936614,0.006279231885974917,0.0,0.0,0.0,0.0,0.0
111,54.83195871658017,5.0,54.82990704558388,54.83314670830062,30.412578427784368,0.005317004222638416,0.0,0.0,0.0,0.0,0.0
112,54.84179561197314,3.0,54.84004100534482,54.84199079085947,19.75161758857139,0.0029660610264313774,0.0,0.0,0.0,0.0,0.0
113,54.86775631388744,7.0,54.86517510748702,54.87063111791348,59.274083205249156,0.005497282966749125,0.0,0.0,0.0,0.0,0.0
114,54.99269108225756,9.0,54.989710524340154,54.99538736236099,53.464717828331686,0.007245092359861582,0.0,0.0,0.0,0.0,0.0
115,55.04676769637626,9.0,55.041188900029375,55.048345318659365,73.39782614120158,0.007077577272171274,0.0,0.0,0.0,0.0,0.0
116,55.05425681513884,272.0,55.05405711895933,55.05443099653777,2.695552868572357,0.26120421147997347,0.0,0.0,0.0,0.0,0.0
117,55.07796315773982,3.0,55.077434434461,55.07798058418731,5.508855034271939,0.001932742333612412,0.0,0.0,0.0,0.0,0.0
118,55.172564198260105,8.0,55.168990107734125,55.174824786950744,70.16895634996915,0.006376500504744555,0.0,0.0,0.0,0.0,0.0
119,55.201274682639735,5.0,55.20078606812473,55.2024658392778,5.766027680803455,0.004507392724608203,0.0,0.0,0.0,0.0,0.0
120,55.21490875312176,6.0,55.211384552795565,55.21726195850267,59.889153278038684,0.005251370280826879,0.0,0.0,0.0,0.0,0.0
121,55.32458956910847,5.0,55.32132821018388,55.32477596553311,35.93212167024795,0.003304965942054813,0.0,0.0,0.0,0.0,0.0
122,55.42109662061776,3.0,55.42092022314502,55.42214077015352,12.235082175119526,0.002411650482412748,0.0,0.0,0.0,0.0,0.0
123,55.527736561413015,3.0,55.52641077133714,55.528009192933446,15.99222393962924,0.0026557845522431544,0.0,0.0,0.0,0.0,0.0
124,55.57687508681877,9.0,55.573235758398134,55.58089704281108,87.66766200563646,0.003592505350578623,0.0,0.0,0.0,0.0,0.0
125,55.58971404110972,7.0,55.58746758778599,55.59404023133455,65.35817425001356,0.005787558688027962,0.0,0.0,0.0,0.0,0.0
126,55.67267299864159,3.0,55.670918041475424,55.672733010936035,18.111513471441345,0.0030878256708835937,0.0,0.0,0.0,0.0,0.0
127,55.70512129495918,6.0,55.70271034615258,55.708501768211434,80.7783094962987,0.002895370128283325,0.0,0.0,0.0,0.0,0.0
128,55.85080152226494,7.0,55.84703052666059,55.85394099167433,55.6315427901349,0.004247554647015171,0.0,0.0,0.0,0.0,0.0
129,55.885364149379775,4.0,55.88442531464027,55.88627675585098,12.140639450532714,0.002249367162701871,0.0,0.0,0.0,0.0,0.0
130,55.90346047773775,3.0,55.9028514635756,55.904578092708014,17.158837730295456,0.0036542686626303386,0.0,0.0,0.0,0.0,0.0
131,55.93905808920773,3.0,55.937470950885746,55.940037614034665,25.490668243695094,0.0025038420464881333,0.0,0.0,0.0,0.0,0.0
132,55.973589512510124,4.0,55.97233102951116,55.97657477527047,39.86873035049175,0.004137321618081474,0.0,0.0,0.0,0.0,0.0
133,56.022860883283485,3.0,56.022011265013475,56.023410210189354,13.872761085820672,0.002695281191452597,0.0,0.0,0.0,0.0,0.0
134,56.048209218546106,6.0,56.04538610217509,56.050950607732446,66.95873796125647,0.004174704161598598,0.0,0.0,0.0,0.0,0.0
135,56.114502333233546,4.0,56.11355620139541,56.11609553836753,20.439746654795798,0.010202936670475785,0.0,0.0,0.0,0.0,0.0
136,56.123757891084885,4.0,56.12246882220046,56.125631184707046,25.958716532261025,0.005906025947471542,0.0,0.0,0.0,0.0,0.0
137,56.21567068565342,9.0,56.21229812336095,56.218421229330815,74.10907226376582,0.006558632526580472,0.0,0.0,0.0,0.0,0.0
138,56.22532906302814,3.0,56.2243100351603,56.225639655814355,13.137818016356338,0.0020668561348868926,0.0,0.0,0.0,0.0,0.0
139,56.33945903365416,3.0,56.33919859737535,56.3408199020346,15.987459342967973,0.002125189499870186,0.0,0.0,0.0,0.0,0.0
140,56.3694575393154,4.0,56.368733891137815,56.37027964144211,10.27333985837356,0.005297883807912155,0.0,0.0,0.0,0.0,0.0
141,56.43761532914425,7.0,56.43565667531301,56.44169159439503,61.95641122301895,0.0041851992500278705,0.0,0.0,0.0,0.0,0.0
142,56.50560058356999,3.0,56.50551867603886,56.50588401109355,3.591925706165257,0.001096239694073542,0.0,0.0,0.0,0.0,0.0
143,56.51847360796492,4.0,56.51644430030396,56.519057997806634,18.477117783577548,0.002249698219906283,0.0,0.0,0.0,0.0,0.0
144,56.63094274167992,4.0,56.629983364509584,56.632168233181744,30.49286511586782,0.004379734759894255,0.0,0.0,0.0,0.0,0.0
145,56.70723286586531,5.0,56.70561246308335,56.70815377683217,18.363763865096878,0.004185656801606802,0.0,0.0,0.0,0.0,0.0
146,56.78985804228711,4.0,56.78915389703273,56.79092048557342,13.041412399154572,0.0015718140731301232,0.0,0.0,0.0,0.0,0.0
147,56.8200255645348,4.0,56.81952608292154,56.82057585510164,7.526413696298707,0.002896963646276573,0.0,0.0,0.0,0.0,0.0
148,56.83313412639744,14.0,56.82722889907695,56.83935609924706,147.49075248236008,0.009360747799369946,0.0,0.0,0.0,0.0,0.0
149,56.89283866265585,8.0,56.88998627730763,56.8960925012156,44.46095665112606,0.00447794624475216,0.0,0.0,0.0,0.0,0.0
150,56.96015097983426,6.0,56.95918228762573,56.96235280396509,36.58339296615107,0.00765372852014901,0.0,0.0,0.0,0.0,0.0
151,56.98018699830666,5.0,56.978890231071325,56.98106722042578,21.681271953720298,0.0036552659527358733,0.0,0.0,0.0,0.0,0.0
152,57.02960590680876,4.0,57.02823518522165,57.030302236893384,26.08222261453366,0.00405626655162314,0.0,0.0,0.0,0.0,0.0
153,57.03346327581423,57.0,57.03332546782357,57.033638150478595,1.7529623547345654,0.058228437220920304,0.0,0.0,0.0,0.0,0.0
154,57.0533231606159,6.0,57.05183767236667,57.054114135386314,25.37999469991529,0.003420797304113816,0.0,0.0,0.0,0.0,0.0
155,57.06988427583636,15.0,57.06877309334776,57.07076498860643,5.560148986206963,0.01018365147204183,0.0,0.0,0.0,0.0,0.0
156,57.09385748060215,3.0,57.09291714153198,57.09466789932136,17.03586443869929,0.0010024549886744085,0.0,0.0,0.0,0.0,0.0
157,57.17444677813128,3.0,57.17329825704273,57.17464112223794,13.048420432561239,0.003052789329744918,0.0,0.0,0.0,0.0,0.0
158,57.2983861257913,3.0,57.29808795724503,57.30004137559965,18.940017208269058,0.004443920160058639,0.0,0.0,0.0,0.0,0.0
159,57.393818035490284,4.0,57.392291658817136,57.395827502988844,25.831654786679437,0.003699386932857403,0.0,0.0,0.0,0.0,0.0
160,57.47378538830322,3.0,57.47297875941979,57.47486172626419,18.201214419146044,0.0016585890761058061,0.0,0.0,0.0,0.0,0.0
161,57.499489796878365,4.0,57.49717725414008,57.500744298776475,27.203050449221617,0.004007945093220798,0.0,0.0,0.0,0.0,0.0
162,57.508407399177855,5.0,57.50733720118085,57.50996765882135,36.66621864883741,0.002786091648152076,0.0,0.0,0.0,0.0,0.0
163,57.51875168898189,3.0,57.516950921886675,57.519048331970104,20.258225185848787,0.0017308683235726886,0.0,0.0,0.0,0.0,0.0
164,57.55404360140277,6.0,57.550346139876694,57.55564182970774,43.8522688291595,0.005683396504506825,0.0,0.0,0.0,0.0,0.0
165,57.61932031637107,4.0,57.61813230195349,57.621672746289754,46.25893974097308,0.0039873387080392435,0.0,0.0,0.0,0.0,0.0
166,57.66862085370731,3.0,57.667764218395746,57.66965750048026,18.239093717105217,0.0028003991168823205,0.0,0.0,0.0,0.0,0.0
167,57.675150322314025,6.0,57.67438668279259,57.67838365161848,30.51335106495739,0.0060123099498556095,0.0,0.0,0.0,0.0,0.0
168,57.695935773497055,3.0,57.69492302424755,57.69733345421502,23.21008822811583,0.0024304075077257793,0.0,0.0,0.0,0.0,0.0
169,57.766536231078675,6.0,57.761691829792085,57.768068254697916,65.7030979176693,0.0023127927711747067,0.0,0.0,0.0,0.0,0.0
170,57.79625145717234,5.0,57.793638171251196,57.796565894187516,15.985180305646892,0.0020408984356784675,0.0,0.0,0.0,0.0,0.0
171,57.8140024516528,5.0,57.81226675260403,57.81603165942766,63.528342213975385,0.0025698676205315454,0.0,0.0,0.0,0.0,0.0
172,57.835235791993206,8.0,57.83202995040287,57.836166970788845,46.36189628425984,0.0048693394252673095,0.0,0.0,0.0,0.0,0.0
173,57.88955260328358,8.0,57.885641284315554,57.893012275208825,69.63884801534155,0.004484680050610927,0.0,0.0,0.0,0.0,0.0
174,57.9280981736607,3.0,57.92703117083436,57.92899192630186,18.80449431972374,0.003038274950141029,0.0,0.0,0.0,0.0,0.0
175,57.938633373041085,6.0,57.93680902429138,57.94332725609365,69.59175476774848,0.004732920089626508,0.0,0.0,0.0,0.0,0.0
176,57.98805376461259,5.0,57.98517503783387,57.989734217618306,44.94709199970572,0.004785755441128965,0.0,0.0,0.0,0.0,0.0
177,58.00899387993422,10.0,58.004518930530296,58.014789238455954,101.90349277345528,0.006354085480311557,0.0,0.0,0.0,0.0,0.0
178,58.16139887583247,4.0,58.15969016787149,58.16280074959096,30.829337633474868,0.0033152701703597727,0.0,0.0,0.0,0.0,0.0
179,58.21565994709768,3.0,58.21459550817557,58.216168860206295,15.01459336386497,0.002092500410865376,0.0,0.0,0.0,0.0,0.0
180,58.332780217533525,3.0,58.33170232142221,58.3328090042285,10.53993618985322,0.002974532646728752,0.0,0.0,0.0,0.0,0.0
181,58.348768401884406,3.0,58.34775400729691,58.34953942020082,16.999434347865602,0.0014002882700731912,0.0,0.0,0.0,0.0,0.0
182,58.418694022424354,5.0,58.41804907029777,58.421693875330284,42.763134951186004,0.0035536286133337007,0.0,0.0,0.0,0.0,0.0
183,58.43388444211804,4.0,58.431985165744884,58.43541310683779,29.45755649288195,0.005002517925899003,0.0,0.0,0.0,0.0,0.0
184,58.69136763715454,4.0,58.69055634494381,58.69198854430503,12.643319405533145,0.003708233014974766,0.0,0.0,0.0,0.0,0.0
185,58.74822213657336,4.0,58.74697231678942,58.74910262557655,11.177836650897069,0.002349947316745408,0.0,0.0,0.0,0.0,0.0
186,58.78905414768905,3.0,58.78798065031421,58.79016257645859,20.619164722097135,0.0012100985424349075,0.0,0.0,0.0,0.0,0.0
187,58.80568991660094,6.0,58.80482333646895,58.80904408482824,32.173522679043046,0.004769406623153948,0.0,0.0,0.0,0.0,0.0
188,58.83772366286612,5.0,58.83586377529348,58.84021351660757,51.487525476188104,0.002985257377391681,0.0,0.0,0.0,0.0,0.0
189,58.84725454823387,4.0,58.846880744892175,58.84789490089316,12.419239005172477,0.008492685453174656,0.0,0.0,0.0,0.0,0.0
190,58.88927630600622,5.0,58.88672429026739,58.89123533676027,57.75144666470385,0.0030834915688400895,0.0,0.0,0.0,0.0,0.0
191,58.91034884872494,3.0,58.909370271018155,58.91157211863261,20.764580393833754,0.0036579957319328943,0.0,0.0,0.0,0.0,0.0
192,58.98209801062541,5.0,58.9792557200667,58.98483000848437,74.80205431229979,0.0034541059277909923,0.0,0.0,0.0,0.0,0.0
193,59.04912478755659,80.0,59.04888550640629,59.04938059493682,3.011110268580291,0.0369371040483013,0.0,0.0,0.0,0.0,0.0
194,59.22478300848532,3.0,59.2240662856232,59.226102417479616,19.099848192127183,0.002486104323241208,0.0,0.0,0.0,0.0,0.0
195,59.28205622692208,3.0,59.28175668611536,59.28326135462894,14.100842737186236,0.0017769802610107005,0.0,0.0,0.0,0.0,0.0
196,59.28825010039416,4.0,59.28750870104448,59.28848302976934,10.243081544850611,0.005664079464610089,0.0,0.0,0.0,0.0,0.0
197,59.39279616205065,7.0,59.38961690710998,59.394473357840404,51.19449628463406,0.005166873874142523,0.0,0.0,0.0,0.0,0.0
198,59.42304539992581,5.0,59.42244905246472,59.42447986465377,7.018725761765431,0.009082071362434774,0.0,0.0,0.0,0.0,0.0
199,59.45368737341034,5.0,59.4512527108577,59.45499538269969,45.497952275669626,0.0038035134234682393,0.0,0.0,0.0,0.0,0.0
200,59.46768166248275,3.0,59.46576937197466,59.468440563347244,24.954650416992784,0.0017022124191695652,0.0,0.0,0.0,0.0,0.0
201,59.5290887472116,3.0,59.52779062411991,59.530508161914085,25.361436749016573,0.0014251300316783626,0.0,0.0,0.0,0.0,0.0
202,59.53980089065576,3.0,59.53862401548512,59.541299927578535,24.96847163463186,0.0027624111222373043,0.0,0.0,0.0,0.0,0.0
203,59.631411982762565,3.0,59.631190545194166,59.632906238689245,15.984244228574516,0.0021914111437153693,0.0,0.0,0.0,0.0,0.0
204,59.64711517115778,6.0,59.64499164989809,59.649076961334586,35.788661824080734,0.00335050543907116,0.0,0.0,0.0,0.0,0.0
205,59.77365544658112,6.0,59.772763829502495,59.777684323581326,36.401883752297415,0.005366387860819223,0.0,0.0,0.0,0.0,0.0
206,59.80761804371646,11.0,59.80418549457727,59.81193573995591,54.658454343812494,0.004476415991105546,0.0,0.0,0.0,0.0,0.0
207,59.98753173180052,3.0,59.98610083383785,59.98963073555997,32.691068554942234,0.0038145234968709443,0.0,0.0,0.0,0.0,0.0
208,60.07246060423165,4.0,60.071336526319456,60.07426756770641,24.767471567941133,0.002712597078788968,0.0,0.0,0.0,0.0,0.0
209,60.08111499149995,4.0,60.08067352179978,60.082812033926,19.299981288428665,0.0009462755439150615,0.0,0.0,0.0,0.0,0.0
210,60.12186276147199,5.0,60.118991965161385,60.12484519771755,52.2683212403861,0.003611480566181584,0.0,0.0,0.0,0.0,0.0
211,60.13018797585592,3.0,60.12895568508567,60.13081872361765,17.21300799967836,0.002987500301765034,0.0,0.0,0.0,0.0,0.0
212,60.161247132863295,6.0,60.15954717759931,60.16232776984754,10.580947053359521,0.0050189933459597645,0.0,0.0,0.0,0.0,0.0
213,60.33502224656145,5.0,60.33223981084342,60.335457767739136,34.51685092722817,0.004749126554263571,0.0,0.0,0.0,0.0,0.0
214,60.36466713964022,4.0,60.36313933628889,60.3667404284506,34.39092945096133,0.0039297440442522405,0.0,0.0,0.0,0.0,0.0
215,60.44213724352013,4.0,60.441971840542166,60.44310146702298,7.2292720504605,0.0026119956100509856,0.0,0.0,0.0,0.0,0.0
216,60.590040387176884,10.0,60.585918206890376,60.59281711880666,71.46723447853765,0.007199684996423586,0.0,0.0,0.0,0.0,0.0
217,60.67603923219474,4.0,60.67558340063308,60.67671099463547,11.566374698946829,0.008269740598468562,0.0,0.0,0.0,0.0,0.0
218,60.727725209885165,3.0,60.7273012230255,60.72788674409738,5.356523453751225,0.0011317767937309732,0.0,0.0,0.0,0.0,0.0
219,60.89469576342178,5.0,60.89238036912577,60.895222780898735,28.96071966981526,0.00316956207411641,0.0,0.0,0.0,0.0,0.0
220,60.97957632883269,6.0,60.97716594115114,60.98121394289635,49.178994267947445,0.004987661940332082,0.0,0.0,0.0,0.0,0.0
221,61.010413678158265,157.0,61.009992237268996,61.0107223961174,5.4568185564185745,0.04286115204669039,0.0,0.0,0.0,0.0,0.0
222,61.05691067954851,8.0,61.05213350047765,61.05918766949588,44.00046047545825,0.006089379591192047,0.0,0.0,0.0,0.0,0.0
223,61.10139703479934,8.0,61.0984491477233,61.10450939422771,60.50505722803987,0.0067663546778379165,0.0,0.0,0.0,0.0,0.0
224,61.14766453983258,3.0,61.1456563542932,61.14777196303043,19.221309533190627,0.0019460334856190027,0.0,0.0,0.0,0.0,0.0
225,61.20001145796593,4.0,61.19966808392939,61.200208258267025,3.666585871857053,0.002970027679839992,0.0,0.0,0.0,0.0,0.0
226,61.20407582958711,3.0,61.20289238002531,61.206194320667194,29.972047495981137,0.0021352376511644664,0.0,0.0,0.0,0.0,0.0
227,61.21682251677987,4.0,61.21567167552828,61.21923532024369,29.980512485498387,0.0019424039869630116,0.0,0.0,0.0,0.0,0.0
228,61.277655495113294,5.0,61.27612596944264,61.279958641336506,54.82117766170385,0.003853933291224247,0.0,0.0,0.0,0.0,0.0
229,61.34697378298361,3.0,61.34513569637241,61.34731509780333,19.736565604962536,0.003080808457643104,0.0,0.0,0.0,0.0,0.0
230,61.37750972182354,3.0,61.377459461180784,61.37842635134122,8.751759442124433,0.003068341178356038,0.0,0.0,0.0,0.0,0.0
231,61.42364176181875,3.0,61.42253043301003,61.42369475251856,10.530866501118783,0.003660995084499599,0.0,0.0,0.0,0.0,0.0
232,61.482502108071834,4.0,61.48174244247176,61.48413514592934,14.9397948617978,0.004529483834484503,0.0,0.0,0.0,0.0,0.0
233,61.48914656891576,3.0,61.488518565300666,61.48962306409642,9.979166671305123,0.002156736588864482,0.0,0.0,0.0,0.0,0.0
234,61.652288913532324,8.0,61.64877334585849,61.6542863515616,54.215585555882456,0.0050228159860921644,0.0,0.0,0.0,0.0,0.0
235,61.66600549334333,3.0,61.665574282428125,61.66743150833156,16.731944291199245,0.0018938451621674712,0.0,0.0,0.0,0.0,0.0
236,61.67790140345477,3.0,61.67775762088358,61.678797446398065,9.366091067129917,0.0033127172746259216,0.0,0.0,0.0,0.0,0.0
237,61.70121432865134,6.0,61.69688698832516,61.70362795259611,60.87936519974725,0.0027019427545000125,0.0,0.0,0.0,0.0,0.0
238,61.75323066479197,4.0,61.75211145216614,61.755430315950626,30.258645509348298,0.003192654354071149,0.0,0.0,0.0,0.0,0.0
239,61.92224311445793,7.0,61.91936688294781,61.92595844623821,66.42811263601597,0.004150626510427934,0.0,0.0,0.0,0.0,0.0
240,61.99072568037034,3.0,61.99052959052353,61.99221337622837,15.089942768370936,0.002283748187788986,0.0,0.0,0.0,0.0,0.0
241,62.07497981922035,3.0,62.07450359767133,62.075114546789145,5.467841915484956,0.0027610505454124267,0.0,0.0,0.0,0.0,0.0
242,62.090500319326594,4.0,62.087685042430074,62.09300875570309,43.42806295000668,0.0025211096682029735,0.0,0.0,0.0,0.0,0.0
243,62.20999884117816,8.0,62.205909869243236,62.212841566616525,46.23989974565254,0.004636096310993614,0.0,0.0,0.0,0.0,0.0
244,62.24275521813097,3.0,62.24121408767577,62.24413315570708,26.054509575560598,0.0019409356079180843,0.0,0.0,0.0,0.0,0.0
245,62.358255267326584,4.0,62.356700362340234,62.36012494887766,22.65547024830624,0.0038063230141889416,0.0,0.0,0.0,0.0,0.0
246,62.43221464644691,3.0,62.431342353877326,62.43343686301405,18.638073207135346,0.004594056688880777,0.0,0.0,0.0,0.0,0.0
247,62.44539563090431,3.0,62.444811556078236,62.44680635224366,17.747026513500657,0.0028415208635056495,0.0,0.0,0.0,0.0,0.0
248,62.45966247625916,5.0,62.45881176398406,62.46077730335024,15.607889617525162,0.007458380038091476,0.0,0.0,0.0,0.0,0.0
249,62.59397709422174,3.0,62.59375031666268,62.59450417757387,6.6909251778659025,0.002188567303562642,0.0,0.0,0.0,0.0,0.0
250,62.60863137521597,3.0,62.608269060833706,62.609716511870005,12.843907412484862,0.0020677286216741605,0.0,0.0,0.0,0.0,0.0
251,62.63523478382423,3.0,62.63355510467877,62.6367377355616,28.228971669834657,0.002354085941429034,0.0,0.0,0.0,0.0,0.0
252,62.67478731279738,3.0,62.674501242435426,62.674850082539386,3.0921534170324416,0.0018102620756049903,0.0,0.0,0.0,0.0,0.0
253,62.70388754677691,7.0,62.70102353316707,62.7067454997145,45.554519627388316,0.007638585800877419,0.0,0.0,0.0,0.0,0.0
254,62.78071085238798,6.0,62.77926284946128,62.78205214529949,37.47489319449134,0.003683359884273337,0.0,0.0,0.0,0.0,0.0
255,62.9085105481383,3.0,62.90803724694527,62.90856038614878,4.619929613747368,0.0019131564830653061,0.0,0.0,0.0,0.0,0.0
256,62.948067737776285,3.0,62.94779563491966,62.94839478492002,5.287868607771775,0.004843084722133909,0.0,0.0,0.0,0.0,0.0
257,62.989623397825554,24.0,62.989280529941084,62.99020326848043,7.120126708729069,0.007998275281870916,0.0,0.0,0.0,0.0,0.0
258,63.03983325239631,13.0,63.035232513669925,63.04593465680808,86.93891270876591,0.010766680493785189,0.0,0.0,0.0,0.0,0.0
259,63.11905044809479,7.0,63.11469358415914,63.120228406734306,44.07189885212872,0.0038156769091855433,0.0,0.0,0.0,0.0,0.0
260,63.1326420356237,5.0,63.1318850651238,63.13297249824615,10.459546656799931,0.003335884909397227,0.0,0.0,0.0,0.0,0.0
261,63.15887873152361,6.0,63.156471163850284,63.16090626589727,32.111574844116966,0.004604169689918433,0.0,0.0,0.0,0.0,0.0
262,63.16674998973693,4.0,63.165613250996394,63.16816004017407,29.852179171714212,0.004872124289231997,0.0,0.0,0.0,0.0,0.0
263,63.22910123559153,5.0,63.226057911775904,63.2296135019888,26.023582067275537,0.003903356886028577,0.0,0.0,0.0,0.0,0.0
264,63.24961511410406,3.0,63.248303865014165,63.25070792214396,21.11613314840875,0.0022761433839239204,0.0,0.0,0.0,0.0,0.0
265,63.26347536108694,5.0,63.261023871328234,63.265440712663604,23.82096967773921,0.0025272588753984656,0.0,0.0,0.0,0.0,0.0
266,63.310678091540105,9.0,63.30605560199443,63.31742735331225,99.14603066942242,0.011986110942153566,0.0,0.0,0.0,0.0,0.0
267,63.40527267029326,6.0,63.40277164479176,63.408188757482705,52.18855092737417,0.005715787179517848,0.0,0.0,0.0,0.0,0.0
268,63.49290021016225,10.0,63.48904496948188,63.49719011706773,50.10142397382898,0.0050122143674236055,0.0,0.0,0.0,0.0,0.0
269,63.546537830877824,6.0,63.54490249316669,63.55024113909468,40.45106947401121,0.0037303623266787215,0.0,0.0,0.0,0.0,0.0
270,63.601931645680324,4.0,63.60114117382841,63.60366938370195,27.294671150201175,0.004783679053977882,0.0,0.0,0.0,0.0,0.0
271,63.666572429685765,6.0,63.66506114045629,63.66889471531982,35.22913567948564,0.003091084608826385,0.0,0.0,0.0,0.0,0.0
272,63.74023135695191,4.0,63.73903283455437,63.74180752662396,32.75122035818682,0.002746127889173617,0.0,0.0,0.0,0.0,0.0
273,63.8442177908228,3.0,63.843031579930674,63.844434606443855,12.208766916869687,0.002653253523750258,0.0,0.0,0.0,0.0,0.0
274,63.89688410535159,3.0,63.89582942393435,63.89723111230148,12.18706937621746,0.0013958952931922598,0.0,0.0,0.0,0.0,0.0
275,63.93179977475094,5.0,63.93047695153609,63.933772204495924,30.03168133487011,0.0020415610771473166,0.0,0.0,0.0,0.0,0.0
276,64.03771189568047,3.0,64.03726838737747,64.03867827908145,12.231435910044976,0.004071259216082367,0.0,0.0,0.0,0.0,0.0
277,64.1518544851923,4.0,64.14973434568505,64.15312743750681,29.623451595930767,0.0042432054005079965,0.0,0.0,0.0,0.0,0.0
278,64.2524640404726,4.0,64.25039177251846,64.25411885522546,41.51097071648427,0.002514790979142115,0.0,0.0,0.0,0.0,0.0
279,64.30224532384638,4.0,64.30162162799292,64.30248649065524,4.174102929032468,0.0024819509941486303,0.0,0.0,0.0,0.0,0.0
280,64.38051600453078,3.0,64.3799156455365,64.38070657673256,6.825142874097108,0.0030427368192515337,0.0,0.0,0.0,0.0,0.0
281,64.43107854278517,3.0,64.42878747725831,64.43312435871368,37.394664823460495,0.002035939074784341,0.0,0.0,0.0,0.0,0.0
282,64.57073085304533,3.0,64.57072492008447,64.57211022759252,11.918949531535883,0.0028627316314558736,0.0,0.0,0.0,0.0,0.0
283,64.67577407289376,4.0,64.675308583094,64.67785133393129,16.098425339981294,0.002800689856309468,0.0,0.0,0.0,0.0,0.0
284,64.75419126022562,3.0,64.75340700905274,64.75498312540483,13.522216532606734,0.007718105169532221,0.0,0.0,0.0,0.0,0.0
285,64.85564620702974,4.0,64.85421168170983,64.85654040518922,17.78297577005618,0.0048137427695293614,0.0,0.0,0.0,0.0,0.0
286,64.92149063278,6.0,64.9187260528792,64.9245471534991,55.134653188508814,0.003297426340490703,0.0,0.0,0.0,0.0,0.0
287,64.98655270880225,3.0,64.98473166438046,64.98730726777895,22.01825942909083,0.002597652489669457,0.0,0.0,0.0,0.0,0.0
288,65.12222846634455,7.0,65.1203956107563,65.12366430529156,32.24961929085541,0.003819422302827288,0.0,0.0,0.0,0.0,0.0
289,65.13536163103984,3.0,65.13492425193316,65.13734289150584,20.629173122573476,0.002088745183924449,0.0,0.0,0.0,0.0,0.0
290,65.31416935174418,5.0,65.31318609052988,65.31652878874462,39.023561019652156,0.003578565099014133,0.0,0.0,0.0,0.0,0.0
291,65.35142436475175,6.0,65.347431816598,65.35354009888081,49.377692692079385,0.0033480473038594977,0.0,0.0,0.0,0.0,0.0
292,65.3956190525997,6.0,65.3928708909075,65.39846802126846,45.71707974767166,0.005055187173486525,0.0,0.0,0.0,0.0,0.0
293,65.56256012324292,5.0,65.55825855437898,65.56491605110405,52.014200502118726,0.003006555658837082,0.0,0.0,0.0,0.0,0.0
294,65.5746378573526,3.0,65.57439896076136,65.5749127309679,4.352717786138411,0.0017435704319058792,0.0,0.0,0.0,0.0,0.0
295,65.60920599963788,5.0,65.60744054236724,65.61180469840171,35.83519214205225,0.003287657272252746,0.0,0.0,0.0,0.0,0.0
296,65.67329506450827,3.0,65.67158393741236,65.67394759836749,19.995113291750656,0.001714396398412976,0.0,0.0,0.0,0.0,0.0
297,65.71360156404911,3.0,65.71339798697565,65.71521127137429,15.32985862119318,0.0034499637653606354,0.0,0.0,0.0,0.0,0.0
298,65.72688085939899,6.0,65.72415688198421,65.73016302095591,49.80219600068009,0.004887659066650054,0.0,0.0,0.0,0.0,0.0
299,65.74212379757412,4.0,65.73971091769343,65.74392257904714,39.28733812949426,0.004084445775760773,0.0,0.0,0.0,0.0,0.0
300,65.78999173117889,3.0,65.78903851486365,65.79207329212169,25.626806163456628,0.0027605153836113023,0.0,0.0,0.0,0.0,0.0
301,65.81169401269798,4.0,65.80947559204542,65.81433259581189,44.25154123287434,0.003936028236028759,0.0,0.0,0.0,0.0,0.0
302,65.83444290522283,6.0,65.83086655912875,65.83706992811116,57.55307862517595,0.003916656736948387,0.0,0.0,0.0,0.0,0.0
303,65.84724928354005,10.0,65.84214250685007,65.84879394893547,63.532269448721394,0.006405438191193691,0.0,0.0,0.0,0.0,0.0
304,65.87788542355034,4.0,65.87607872228014,65.87979698142709,19.039975195562572,0.002465529866451155,0.0,0.0,0.0,0.0,0.0
305,65.92281205169661,3.0,65.92189333782305,65.92397556864296,17.54771776192456,0.0015540710326962428,0.0,0.0,0.0,0.0,0.0
306,66.11665300899506,8.0,66.1113345594451,66.11755080206368,56.04098351697958,0.0039980439830408524,0.0,0.0,0.0,0.0,0.0
307,66.14290660978891,6.0,66.13974528343587,66.14549774950216,50.181584496110865,0.005764001610615802,0.0,0.0,0.0,0.0,0.0
308,66.2336397264861,3.0,66.23177768412872,66.23540408258505,30.417561489759187,0.0026463057847216846,0.0,0.0,0.0,0.0,0.0
309,66.31552279542532,3.0,66.31456570998881,66.31633286322855,14.804253340265095,0.002845460081551046,0.0,0.0,0.0,0.0,0.0
310,66.32060520962082,3.0,66.31938628579006,66.3219652174446,21.60323784067422,0.001686142307489913,0.0,0.0,0.0,0.0,0.0
311,66.46973407711715,4.0,66.4696441934982,66.46979458229393,1.6011074420938003,0.002826214783206517,0.0,0.0,0.0,0.0,0.0
312,66.76860255013239,4.0,66.76637915843332,66.77004995709667,30.894605813307816,0.0024629706564761734,0.0,0.0,0.0,0.0,0.0
313,66.78960851813241,6.0,66.78728579987127,66.79153386702625,41.15450824860778,0.007974675050152931,0.0,0.0,0.0,0.0,0.0
314,66.93184548828947,4.0,66.92910044102578,66.93359466447757,33.325683980978724,0.002488920379098455,0.0,0.0,0.0,0.0,0.0
315,67.04851668844506,4.0,67.04700110986892,67.04906710967255,9.957706825840827,0.004041839169442111,0.0,0.0,0.0,0.0,0.0
316,67.05409905691732,16.0,67.0535793034935,67.05562829905239,4.333098674167008,0.003502547904719263,0.0,0.0,0.0,0.0,0.0
317,67.08768323533867,5.0,67.08717815008073,67.0889652504122,9.049618021425886,0.003622053730009454,0.0,0.0,0.0,0.0,0.0
318,67.16306863324499,5.0,67.15878657283847,67.16527333284387,43.85052964822709,0.003455477388047943,0.0,0.0,0.0,0.0,0.0
319,67.4703821260361,3.0,67.46871993470677,67.47235750404396,29.951984712510132,0.002366677295502808,0.0,0.0,0.0,0.0,0.0
320,67.83408272811835,3.0,67.83230977498758,67.83420534364063,15.52455128440194,0.0032457189492241935,0.0,0.0,0.0,0.0,0.0
321,67.84100697606314,4.0,67.83934738510419,67.84298548645998,40.332807394271995,0.007545835002756825,0.0,0.0,0.0,0.0,0.0
322,67.96336512608778,6.0,67.96024996229724,67.96700023368811,66.42541907720482,0.004453995065067144,0.0,0.0,0.0,0.0,0.0
323,68.00266988231363,3.0,68.00082062790524,68.00292411450368,17.18467330511882,0.002173131708920483,0.0,0.0,0.0,0.0,0.0
324,68.01348508397153,3.0,68.01172559968632,68.01388736347847,17.657967137650168,0.001454444133784116,0.0,0.0,0.0,0.0,0.0
325,68.02373680925369,3.0,68.02353645024486,68.02598992605472,20.037742419478374,0.0036213585309158754,0.0,0.0,0.0,0.0,0.0
326,68.19352710076596,5.0,68.19262423632242,68.19610435695765,43.40685450376854,0.0032360717701423497,0.0,0.0,0.0,0.0,0.0
327,68.21460529225698,4.0,68.21335594090722,68.21527422330237,18.195722684923876,0.004951855304220422,0.0,0.0,0.0,0.0,0.0
328,68.25909372505241,4.0,68.25787376506598,68.26051565717009,17.785829168146364,0.0024743685273281766,0.0,0.0,0.0,0.0,0.0
329,68.28242755174006,4.0,68.28124743624154,68.2845966570198,37.18036806953077,0.003167046656875717,0.0,0.0,0.0,0.0,0.0
330,68.33466458912322,3.0,68.33406858664122,68.33571998583675,13.425748162000936,0.004017917960107749,0.0,0.0,0.0,0.0,0.0
331,68.35581620933293,4.0,68.35357088233638,68.3564134904758,21.529552022171597,0.0033714712666614547,0.0,0.0,0.0,0.0,0.0
332,68.41383403832721,4.0,68.41277188412907,68.41513032320658,22.50910812366368,0.004232515725906941,0.0,0.0,0.0,0.0,0.0
333,68.43177651575668,3.0,68.43133869365221,68.43321317383864,15.21775313146354,0.00203931639522304,0.0,0.0,0.0,0.0,0.0
334,68.45580842365814,5.0,68.4549431040971,68.4566760056788,13.710846665744498,0.0023966903818344013,0.0,0.0,0.0,0.0,0.0
335,68.53661778265106,3.0,68.53626779761031,68.53698816874959,5.839304614603825,0.0019610802395642495,0.0,0.0,0.0,0.0,0.0
336,68.62537937754087,3.0,68.62375161715423,68.62552881370094,14.387263484782773,0.002282825717406311,0.0,0.0,0.0,0.0,0.0
337,68.64687272656151,4.0,68.64544556578807,68.64844712127744,38.61319811622135,0.0034752515594399765,0.0,0.0,0.0,0.0,0.0
338,68.69099207596454,3.0,68.69072470392598,68.69222010203465,12.094405713686625,0.0025590566295106212,0.0,0.0,0.0,0.0,0.0
339,68.6993792712583,4.0,68.69723453047013,68.7003059194096,23.89975339849102,0.0013610299738676336,0.0,0.0,0.0,0.0,0.0
340,68.75426822389073,3.0,68.752675924524,68.75632406319245,29.478078336955534,0.0026608824351521164,0.0,0.0,0.0,0.0,0.0
341,68.86069357946077,3.0,68.85933721997645,68.86211510610238,22.41148018903268,0.0018678361632232091,0.0,0.0,0.0,0.0,0.0
342,68.8735175708367,8.0,68.86927793237476,68.87878049261523,87.98415311489397,0.004752135066268246,0.0,0.0,0.0,0.0,0.0
343,68.9380409093228,3.0,68.93723148003357,68.9388339052287,12.91357003712109,0.003656735615144356,0.0,0.0,0.0,0.0,0.0
344,69.01113751017033,4.0,69.01053271166779,69.01193129988869,6.428597470045328,0.0022934669869418777,0.0,0.0,0.0,0.0,0.0
345,69.03394529675512,7.0,69.03078526721686,69.03490513370936,29.918274386411266,0.00346018274790737,0.0,0.0,0.0,0.0,0.0
346,69.0697747463476,10.0,69.06933513846428,69.06996313243833,3.064414100674945,0.004646998731076798,0.0,0.0,0.0,0.0,0.0
347,69.10313338902387,4.0,69.10209307918295,69.10463107022584,31.161606838434334,0.0018533616790450858,0.0,0.0,0.0,0.0,0.0
348,69.11490014753721,10.0,69.11124378487287,69.11908953528977,44.72852931264005,0.006165725109497165,0.0,0.0,0.0,0.0,0.0
349,69.12659523452012,3.0,69.12631968918116,69.12859930415257,18.32077448050262,0.0018169162682352866,0.0,0.0,0.0,0.0,0.0
350,69.13743888105749,5.0,69.13613913640853,69.14001361407726,49.63774704386938,0.00321368805968487,0.0,0.0,0.0,0.0,0.0
351,69.14568110504744,3.0,69.14322884372257,69.14612347501662,23.257106893507324,0.0030384559164494,0.0,0.0,0.0,0.0,0.0
352,69.2031614129385,3.0,69.20083950948602,69.20342269122887,20.737505902195362,0.0018131565652889914,0.0,0.0,0.0,0.0,0.0
353,69.31434573571087,5.0,69.31318650949795,69.3163335985724,18.816689999577264,0.002814455376858008,0.0,0.0,0.0,0.0,0.0
354,69.3454953967024,3.0,69.34388524914633,69.34797908888932,32.79744992454008,0.0024633479617098652,0.0,0.0,0.0,0.0,0.0
355,69.50237893353344,3.0,69.50106009214937,69.50474233069087,29.43335336141912,0.0026764719907403966,0.0,0.0,0.0,0.0,0.0
356,69.54691564215446,8.0,69.54219374348341,69.54958964305595,82.60786343716654,0.0035754663351509667,0.0,0.0,0.0,0.0,0.0
357,69.70129495467083,4.0,69.69982791734725,69.70321487842916,37.38705215636951,0.0027393169941268333,0.0,0.0,0.0,0.0,0.0
358,69.7136830246814,4.0,69.71330230102309,69.71433506245415,7.279929823871331,0.0029533376735878013,0.0,0.0,0.0,0.0,0.0
359,69.73842458609347,4.0,69.73808962530269,69.74054143804821,16.970994549976687,0.0021287938381529484,0.0,0.0,0.0,0.0,0.0
360,69.80503883965173,5.0,69.80448330988925,69.80672143897621,19.45155465928013,0.0032091973225593148,0.0,0.0,0.0,0.0,0.0
361,69.8468500599104,5.0,69.8443861912139,69.85110631492665,39.427521864530135,0.0031349017505790636,0.0,0.0,0.0,0.0,0.0
362,69.86087664631557,3.0,69.85908466376485,69.86190742043121,22.447444453324238,0.0026985028640400086,0.0,0.0,0.0,0.0,0.0
363,69.91955499922821,3.0,69.91816607869343,69.92027406500307,16.74929860994493,0.0010801338118765083,0.0,0.0,0.0,0.0,0.0
364,70.05001944459781,4.0,70.04796787192298,70.05112641800045,14.043991435019553,0.0032140403554379504,0.0,0.0,0.0,0.0,0.0
365,70.06518559170111,31.0,70.06479233638458,70.06542798772,3.039422559564502,0.012525292092750457,0.0,0.0,0.0,0.0,0.0
366,70.09701835651039,3.0,70.09634784353572,70.09799514589263,13.055733289828705,0.006014760099315649,0.0,0.0,0.0,0.0,0.0
367,70.19989750621315,7.0,70.19532003539572,70.202928579608,42.60703204955385,0.00346524608365889,0.0,0.0,0.0,0.0,0.0
368,70.31530753661279,4.0,70.31310257995504,70.31831741246266,49.74405117570803,0.0018504626025131407,0.0,0.0,0.0,0.0,0.0
369,70.4161016942515,3.0,70.41449319075534,70.41719612164354,21.325069623255153,0.0016558824802421902,0.0,0.0,0.0,0.0,0.0
370,70.64858882298397,4.0,70.64728667190117,70.64992663534473,18.132205921782706,0.002250494227518688,0.0,0.0,0.0,0.0,0.0
371,70.70298399703819,6.0,70.7006616370893,70.70643221498462,50.597389034217485,0.0028421921226411415,0.0,0.0,0.0,0.0,0.0
372,70.75840848391164,6.0,70.75618790193596,70.76030127958313,25.326717306604564,0.0058762113818513016,0.0,0.0,0.0,0.0,0.0
373,70.82972366486442,4.0,70.82714541044014,70.8306870148641,26.774180354986683,0.0026068849032806767,0.0,0.0,0.0,0.0,0.0
374,70.88800488262677,5.0,70.88545838381953,70.89196773570025,47.981173569338246,0.002679653906713063,0.0,0.0,0.0,0.0,0.0
375,70.99479217518999,3.0,70.99365170306277,70.99599385560794,18.32804658694357,0.004798847290855112,0.0,0.0,0.0,0.0,0.0
376,71.04914379733592,18.0,71.04865398340804,71.0494384783286,4.82410693704542,0.005017450511235547,0.0,0.0,0.0,0.0,0.0
377,71.085356168549,8.0,71.08409967381363,71.08609977009637,8.056683490282095,0.0027247888794668723,0.0,0.0,0.0,0.0,0.0
378,71.29162115780609,4.0,71.29078875214346,71.29421010666518,17.80873581444334,0.001274204503012658,0.0,0.0,0.0,0.0,0.0
379,71.33042293959626,4.0,71.32802865786256,71.33150280379873,21.30326129322127,0.002927532468470317,0.0,0.0,0.0,0.0,0.0
380,71.45965319856361,3.0,71.45847649253938,71.4599521472829,11.472322550693066,0.0018208521574185903,0.0,0.0,0.0,0.0,0.0
381,71.5339179385465,5.0,71.53206330284826,71.53515824323519,18.24424878142393,0.005031992452595901,0.0,0.0,0.0,0.0,0.0
382,71.64281886182063,3.0,71.64139006006046,71.6443632872873,23.05594517435598,0.0022252631085981286,0.0,0.0,0.0,0.0,0.0
383,71.65110640940134,3.0,71.6488020871089,71.65281225202257,31.09330069166358,0.0034401061930965644,0.0,0.0,0.0,0.0,0.0
384,71.66453579741349,7.0,71.66218023923787,71.66676303419855,22.624859234112737,0.003061482794913046,0.0,0.0,0.0,0.0,0.0
385,71.74524992899433,7.0,71.73969822532032,71.74982797645833,72.96039725400531,0.005903454452816794,0.0,0.0,0.0,0.0,0.0
386,71.86736254558706,3.0,71.86542685866112,71.8686959420126,25.27096241117418,0.00443013905441746,0.0,0.0,0.0,0.0,0.0
387,71.94822005430339,3.0,71.94633203104131,71.9494706659783,24.23529136343599,0.003979943155918033,0.0,0.0,0.0,0.0,0.0
388,71.99412560791961,3.0,71.99247899476426,71.9942095522097,13.354156257953097,0.001936445410414975,0.0,0.0,0.0,0.0,0.0
389,72.00502917246918,3.0,72.00337017514491,72.00709862505043,28.76689423545952,0.0022166399745112498,0.0,0.0,0.0,0.0,0.0
390,72.02335980889376,4.0,72.02209299245109,72.02448673860253,28.5721209531843,0.0028126211602752045,0.0,0.0,0.0,0.0,0.0
391,72.04437908249304,7.0,72.04271336008718,72.04670739044687,5.524646114013409,0.005572163875388007,0.0,0.0,0.0,0.0,0.0
392,72.0808166838323,24.0,72.0804058775035,72.081148107798,4.185534067167151,0.00639082076346465,0.0,0.0,0.0,0.0,0.0
393,72.12144063498681,5.0,72.11953581186614,72.1246539691511,43.83156696000125,0.0029980384781083383,0.0,0.0,0.0,0.0,0.0
394,72.14484822753711,5.0,72.14342872501467,72.14644314122306,26.164333767258192,0.0028990301498879253,0.0,0.0,0.0,0.0,0.0
395,72.1622399497439,4.0,72.16172139736067,72.16380900405564,16.164262520819594,0.003972577174876863,0.0,0.0,0.0,0.0,0.0
396,72.20753744468566,3.0,72.20694848769827,72.2097768957086,21.761409392126865,0.0021202198009324636,0.0,0.0,0.0,0.0,0.0
397,72.29907619335356,3.0,72.29837884879674,72.29911125133982,5.627876912508477,0.0029994809999385028,0.0,0.0,0.0,0.0,0.0
398,72.32812754658075,4.0,72.32606841699784,72.329078935908,17.738382521973495,0.002563987868772865,0.0,0.0,0.0,0.0,0.0
399,72.3561092999445,6.0,72.35415650768746,72.36038747432032,32.692029291773146,0.003227911387104219,0.0,0.0,0.0,0.0,0.0
400,72.40918032046241,3.0,72.40859530025759,72.41026759226428,12.83057080209925,0.0034275041247168753,0.0,0.0,0.0,0.0,0.0
401,72.42761160784198,5.0,72.4267777232702,72.42887796849904,11.007335650059915,0.005440016674277563,0.0,0.0,0.0,0.0,0.0
402,72.53446361817973,9.0,72.53044719237663,72.54090448275899,89.51901827450341,0.006030900624091872,0.0,0.0,0.0,0.0,0.0
403,72.82130239278699,3.0,72.82128207128838,72.82359366824586,17.635231583968423,0.002927807916219161,0.0,0.0,0.0,0.0,0.0
404,72.93476285304024,7.0,72.930770040117,72.93705092604574,55.78570874769625,0.00585253560366211,0.0,0.0,0.0,0.0,0.0
405,72.95545429459474,3.0,72.95464056721222,72.95650753823737,14.216978498798024,0.0027250836604178798,0.0,0.0,0.0,0.0,0.0
406,72.9785119943543,8.0,72.97306855370287,72.9828843505762,97.27788823888343,0.004852099077657976,0.0,0.0,0.0,0.0,0.0
407,73.04180127647814,637.0,73.03903451147798,73.04237817288839,11.473201026087406,0.22539666843397596,0.0,1.0016282493206659,0.0,0.0,0.0
408,73.04671234231444,4792.0,73.04664802151011,73.04678233584733,0.7216071445347367,71.17957819371442,42.56665677320643,99.77988551875404,68.28202485813969,46.944309924064996,95.54587192792192
409,73.0517477836378,584.0,73.05087616575176,73.05235644851821,2.949446644895552,0.4637790880149429,0.0,1.2658349022499313,0.0,0.0,0.0
410,73.06471276912339,196.0,73.06438831076588,73.06515167652945,3.154546171144369,0.11676509243861379,0.0,0.0,0.0,0.0,0.0
411,73.11023112304228,4.0,73.10814088823344,73.11203796970784,41.868811387452325,0.0017795587018219986,0.0,0.0,0.0,0.0,0.0
412,73.13453806046178,3.0,73.13298770598875,73.13587050301491,21.898735479850192,0.005430021678008306,0.0,0.0,0.0,0.0,0.0
413,73.17703323106036,4.0,73.17398898986002,73.17798831301505,27.429704296101693,0.002652561233346054,0.0,0.0,0.0,0.0,0.0
414,73.21020163248086,6.0,73.20760105509987,73.2109892650726,15.591797383509048,0.005208851519307188,0.0,0.0,0.0,0.0,0.0
415,73.23544795872037,4.0,73.2324275431586,73.23707118113704,39.25227218386043,0.002696103814731569,0.0,0.0,0.0,0.0,0.0
416,73.41139030290655,7.0,73.4090922591602,73.41600280159355,33.967802441625125,0.006260844042312604,0.0,0.0,0.0,0.0,0.0
417,73.51657567876265,5.0,73.515300866913,73.51860080910333,21.15011133986719,0.003974758732461086,0.0,0.0,0.0,0.0,0.0
418,73.6023405739299,3.0,73.60097923717137,73.60282241834565,13.912458941956533,0.004839305919408639,0.0,0.0,0.0,0.0,0.0
419,73.6998435051544,4.0,73.69891860434895,73.70020371940909,11.348854704145706,0.002542724026617553,0.0,0.0,0.0,0.0,0.0
420,73.70750200132365,3.0,73.70626525289335,73.70817632453128,14.404320275318277,0.0036715653039332426,0.0,0.0,0.0,0.0,0.0
421,73.75424334484434,4.0,73.75264206678995,73.75581520948778,30.69819559371051,0.004186478593832244,0.0,0.0,0.0,0.0,0.0
422,73.84621813242771,5.0,73.84468395225937,73.84754651558956,20.79990228343445,0.002905309725196325,0.0,0.0,0.0,0.0,0.0
423,73.95155943018216,3.0,73.95086352253487,73.9517295908457,6.50627336702848,0.0034623842915880543,0.0,0.0,0.0,0.0,0.0
424,74.0461756114591,783.0,74.04584774505062,74.04648962276177,3.3176924386715996,0.3036059934194057,0.0,1.352753743793953,0.0,0.0,0.0
425,74.0505694240627,84.0,74.05013185139228,74.05087280531025,3.678123288133893,0.028854933733677375,0.0,0.0,0.0,0.0,0.0
426,74.15664894987592,3.0,74.15511068727852,74.1573488991612,16.767896925569346,0.002386494208341295,0.0,0.0,0.0,0.0,0.0
427,74.19782615465189,5.0,74.19328680486039,74.20063798211982,45.34110802699666,0.0049996854343623606,0.0,0.0,0.0,0.0,0.0
428,74.21856599091691,3.0,74.21720627525877,74.22069050936415,26.080881356867824,0.002998398480048771,0.0,0.0,0.0,0.0,0.0
429,74.2870842235497,3.0,74.28688645823377,74.2892516833682,17.688323311024323,0.0032812635178908842,0.0,0.0,0.0,0.0,0.0
430,74.31659888683248,6.0,74.31379029536242,74.3200947041409,49.885785528603954,0.002766778187892864,0.0,0.0,0.0,0.0,0.0
431,74.39559832369955,6.0,74.39049599861153,74.39765143084175,42.554127306425194,0.008595169238271827,0.0,0.0,0.0,0.0,0.0
432,74.53964888404033,3.0,74.53841415197091,74.53999621762911,11.791380544816048,0.002834705071414365,0.0,0.0,0.0,0.0,0.0
433,74.69652686125727,11.0,74.6920587535828,74.69935676571397,50.076047288769196,0.009083039412798777,0.0,0.0,0.0,0.0,0.0
434,74.7995580255435,3.0,74.79734589697286,74.80026698002052,21.695635084031796,0.0026496083234953957,0.0,0.0,0.0,0.0,0.0
435,74.87576670570746,3.0,74.8757501542912,74.8760726540085,2.3928504173438836,0.002520456855933972,0.0,0.0,0.0,0.0,0.0
436,74.94565728911383,4.0,74.94452266641173,74.94844765958007,31.813023652186107,0.0031791175549030154,0.0,0.0,0.0,0.0,0.0
437,75.00597164452455,7.0,75.0049161045595,75.01126695557927,47.582887042564245,0.003735829206671655,0.0,0.0,0.0,0.0,0.0
438,75.02613774834131,1170.0,75.02585977527521,75.02652444951724,3.325386109070752,0.38371921771776385,0.0,1.577317530472922,0.0,0.0,0.0
439,75.0436306496839,21.0,75.0432402221825,75.05093217389928,18.139259296371968,0.018190411054265828,0.0,0.0,0.0,0.0,0.0
440,75.20663778815228,3.0,75.20626137851973,75.20738868188245,8.327451730002617,0.003463195907684975,0.0,0.0,0.0,0.0,0.0
441,75.33485994706413,5.0,75.33060370016366,75.33743732058525,46.10299832682951,0.0024518279847047103,0.0,0.0,0.0,0.0,0.0
442,75.41633054779655,4.0,75.41465263739315,75.41967183352634,45.79370317819644,0.0020681173980272465,0.0,0.0,0.0,0.0,0.0
443,75.47003571543158,9.0,75.46616341495493,75.47364969359809,11.907285790400072,0.006738140893275732,0.0,0.0,0.0,0.0,0.0
444,75.49871434102063,3.0,75.49809325967395,75.50102655276457,21.584569840508212,0.00397804550562676,0.0,0.0,0.0,0.0,0.0
445,75.64873161181123,6.0,75.64650047569977,75.65201659829695,40.559342520099236,0.007004077199565169,0.0,0.0,0.0,0.0,0.0
446,75.6708249570907,3.0,75.67056792541968,75.67207485574161,11.063491281665367,0.001414929265702051,0.0,0.0,0.0,0.0,0.0
447,75.68246181742035,4.0,75.68211097162555,75.68380153326446,11.515857013011141,0.003137333028241516,0.0,0.0,0.0,0.0,0.0
448,75.75477684088138,5.0,75.75130128829606,75.7563013160069,34.75690351466897,0.003688077732071593,0.0,0.0,0.0,0.0,0.0
449,75.79498804092499,4.0,75.7937109502827,75.79723752611525,28.101986463582012,0.001992206221148622,0.0,0.0,0.0,0.0,0.0
450,75.83748814256876,3.0,75.83494132532776,75.83760771003618,19.532883726660344,0.003125762761779971,0.0,0.0,0.0,0.0,0.0
451,75.86166759295234,4.0,75.85888791751613,75.86446271917394,34.72888623565984,0.003288513870147327,0.0,0.0,0.0,0.0,0.0
452,75.89218086871045,5.0,75.88884229947215,75.89622455806656,48.14614223090502,0.0031505376043416233,0.0,0.0,0.0,0.0,0.0
453,75.9882879244359,3.0,75.98792564506103,75.98856093474564,4.644646212325815,0.00262569897141181,0.0,0.0,0.0,0.0,0.0
454,76.02554325619928,4.0,76.02307663789867,76.02810628775744,38.31799527475916,0.002493914327557103,0.0,0.0,0.0,0.0,0.0
455,76.05871902639592,3.0,76.05820388772408,76.05944656410644,9.07687871700959,0.0023093287117575767,0.0,0.0,0.0,0.0,0.0
456,76.22944762057689,7.0,76.22510169768712,76.23448495897485,68.56695499547239,0.0050283435921292564,0.0,0.0,0.0,0.0,0.0
457,76.28643279110179,5.0,76.28271623025458,76.29057221848743,52.38942095550046,0.002609178304363095,0.0,0.0,0.0,0.0,0.0
458,76.39933430561342,4.0,76.39826070042467,76.40128512222822,24.886166515964796,0.0035051894930678866,0.0,0.0,0.0,0.0,0.0
459,76.53490041366504,4.0,76.53400264786544,76.53638435136655,10.277058544481994,0.010476772797260763,0.0,0.0,0.0,0.0,0.0
460,76.67131322765275,4.0,76.66990890935502,76.67404812232566,27.650417817976106,0.0029953259294948523,0.0,0.0,0.0,0.0,0.0
461,76.77434721006,3.0,76.77307452630146,76.77663189690539,25.741892624388964,0.0020953237090359468,0.0,0.0,0.0,0.0,0.0
462,76.8922567634493,3.0,76.89028401835887,76.89278148805562,18.044510894388083,0.0019546211071599087,0.0,0.0,0.0,0.0,0.0
463,77.03270059565845,5.0,77.03030334393513,77.03418583204792,29.659510740654714,0.0021885184079344536,0.0,0.0,0.0,0.0,0.0
464,77.03860266674073,4.0,77.0381081627878,77.03882710753686,2.847135630351259,0.0025714778488889695,0.0,0.0,0.0,0.0,0.0
465,77.22122696986557,5.0,77.21867963707037,77.22327749256154,25.378376861638912,0.002890871539337213,0.0,0.0,0.0,0.0,0.0
466,77.25709552764235,4.0,77.2553446135071,77.26018982008956,29.955197567880735,0.003030222888803312,0.0,0.0,0.0,0.0,0.0
467,77.37564562535712,3.0,77.37564149415147,77.3761970969646,3.9892168527606877,0.0020860016579232767,0.0,0.0,0.0,0.0,0.0
468,77.44584701676634,5.0,77.44230868765901,77.4501100737203,62.929579541655016,0.005038665113478353,0.0,0.0,0.0,0.0,0.0
469,77.46971465984734,5.0,77.46591760471566,77.47228329882712,41.36324194563644,0.004214543269119661,0.0,0.0,0.0,0.0,0.0
470,77.5115721866198,3.0,77.50929338031946,77.51219261625457,20.779950466430936,0.005018755719204326,0.0,0.0,0.0,0.0,0.0
471,77.60717108301236,5.0,77.60494894459774,77.60910226528975,5.270550014750623,0.004631547709010946,0.0,0.0,0.0,0.0,0.0
472,77.73011188731817,3.0,77.72834427728412,77.73211840010514,26.974551427394776,0.0023666673183808896,0.0,0.0,0.0,0.0,0.0
473,77.7636766746368,4.0,77.76062343692817,77.76705388874608,42.461172942032164,0.0024789952739117725,0.0,0.0,0.0,0.0,0.0
474,78.18482957747216,3.0,78.18438217942409,78.18574267210906,9.667211318454148,0.006084080940097522,0.0,0.0,0.0,0.0,0.0
475,78.19078057483048,3.0,78.18968373295272,78.19121021187456,10.845829127563725,0.001975016897186474,0.0,0.0,0.0,0.0,0.0
476,78.21401546933247,4.0,78.21187899285884,78.21520547277116,25.316295390697995,0.0055667733818878865,0.0,0.0,0.0,0.0,0.0
477,78.25092581290141,4.0,78.24837820807305,78.25164122876592,13.986143731263482,0.0037969381186067773,0.0,0.0,0.0,0.0,0.0
478,78.51488530205911,4.0,78.51386453148325,78.5170668502116,30.049841576896885,0.0024659198142630164,0.0,0.0,0.0,0.0,0.0
479,78.58691667960846,3.0,78.58562244925297,78.58896940224642,23.660660174286164,0.002961307152131356,0.0,0.0,0.0,0.0,0.0
480,78.90154299638024,7.0,78.89622857060428,78.90714716505917,88.23786880771127,0.004972631072202529,0.0,0.0,0.0,0.0,0.0
481,78.91498654542124,3.0,78.9148038471244,78.91752528366727,19.158708081555517,0.0012844880983638614,0.0,0.0,0.0,0.0,0.0
482,78.97315440242338,4.0,78.97190386123833,78.97547543724465,34.3170965422818,0.002965657594542588,0.0,0.0,0.0,0.0,0.0
483,79.19599079554776,5.0,79.19521009158952,79.19688943872052,13.203466337384357,0.006125811548313886,0.0,0.0,0.0,0.0,0.0
484,79.22699806204483,3.0,79.22524765084586,79.2291189017454,27.14598554532045,0.0023066615748704683,0.0,0.0,0.0,0.0,0.0
485,79.26715140534205,4.0,79.26542427449753,79.27000903049783,31.763422347032076,0.0031681196823147716,0.0,0.0,0.0,0.0,0.0
486,79.33465943646382,8.0,79.33199930260307,79.33780102867638,28.965220790271072,0.004069960829211629,0.0,0.0,0.0,0.0,0.0
487,79.5676273078297,4.0,79.56576922234309,79.56896994724339,33.33492705353957,0.003400371941812362,0.0,0.0,0.0,0.0,0.0
488,79.85281385986329,4.0,79.85018508221049,79.85337215970361,21.086316294964075,0.004497074947868318,0.0,0.0,0.0,0.0,0.0
489,79.86064171988502,4.0,79.85938551465303,79.8623466612256,27.508024220819276,0.0026198982643204807,0.0,0.0,0.0,0.0,0.0
490,79.89674139542126,5.0,79.89615702529187,79.89899146123938,26.677085968523286,0.0029517204792055035,0.0,0.0,0.0,0.0,0.0
491,79.93156104378055,3.0,79.92988872202625,79.93305281619048,21.991689744097364,0.0015577571892446311,0.0,0.0,0.0,0.0,0.0
492,80.12884641883821,6.0,80.1267070880577,80.13297213585469,36.173568829107765,0.0023508256962705217,0.0,0.0,0.0,0.0,0.0
493,80.21127237257583,4.0,80.21049174463188,80.21344321801253,12.545898734047848,0.002999286087026736,0.0,0.0,0.0,0.0,0.0
494,80.34675666734648,5.0,80.34275002241512,80.34918155607949,63.332376491886976,0.0031180880784448294,0.0,0.0,0.0,0.0,0.0
495,80.41286005309195,4.0,80.41098550968987,80.41568168342374,36.829305088896675,0.004200421588131109,0.0,0.0,0.0,0.0,0.0
496,80.5779452005292,3.0,80.57612609785535,80.57980034096116,25.332566682054217,0.0013630897648318828,0.0,0.0,0.0,0.0,0.0
497,80.74941405464513,8.0,80.74356947250295,80.75400313555143,58.74859077026593,0.004730625138931781,0.0,0.0,0.0,0.0,0.0
498,80.79440371738676,5.0,80.79235869596398,80.7964466432753,39.7086512955188,0.0033222366621115827,0.0,0.0,0.0,0.0,0.0
499,80.84717385877764,7.0,80.84330229688456,80.85120841516644,60.10201488984166,0.005185010792193342,0.0,0.0,0.0,0.0,0.0
500,80.9578950166329,3.0,80.95733686371095,80.95966365311145,15.96707495646956,0.003396672406687528,0.0,0.0,0.0,0.0,0.0
501,81.00327022058931,11.0,80.99963667751571,81.00803041322237,72.19188670254604,0.005218007205981085,0.0,0.0,0.0,0.0,0.0
502,81.06438378266006,4.0,81.06331555707942,81.06509926995555,11.78208711153068,0.0016240522381108973,0.0,0.0,0.0,0.0,0.0
503,81.06984361750845,26.0,81.06955873074409,81.07039933126825,4.569749459497748,0.010322787332051686,0.0,0.0,0.0,0.0,0.0
504,81.11384063377542,3.0,81.11254335247739,81.11484709900569,15.778554835887764,0.00309585711474885,0.0,0.0,0.0,0.0,0.0
505,81.25714713370238,4.0,81.25555575399713,81.25866485479473,29.22272222093522,0.002327976021426713,0.0,0.0,0.0,0.0,0.0
506,81.2760469608437,6.0,81.27319569751056,81.27932980111262,46.11127191119848,0.0035508425058831247,0.0,0.0,0.0,0.0,0.0
507,81.3174858547921,4.0,81.31602631549879,81.32087098373232,41.392171972107995,0.005486699182534223,0.0,0.0,0.0,0.0,0.0
508,81.37030676470721,5.0,81.36806657191664,81.3737146572559,41.95835365168769,0.002882547061953522,0.0,0.0,0.0,0.0,0.0
509,81.5899806476416,3.0,81.58891095878838,81.59048502282165,10.717982913517673,0.005580687549508654,0.0,0.0,0.0,0.0,0.0
510,81.68287976824126,3.0,81.68268654475183,81.6845255237578,12.507578163407887,0.0032033253939806098,0.0,0.0,0.0,0.0,0.0
511,81.72234578295595,5.0,81.7219217342924,81.72412465125275,10.1567874608747,0.0030067262542448105,0.0,0.0,0.0,0.0,0.0
512,81.94921641711171,3.0,81.94740635447734,81.94965222569526,15.225358907975057,0.0009776993122822476,0.0,0.0,0.0,0.0,0.0
513,81.96641539940093,3.0,81.96635981796578,81.967244851171,5.998616770269985,0.0059079866298770885,0.0,0.0,0.0,0.0,0.0
514,82.15479483902863,3.0,82.1539915495762,82.15691705196681,19.78313145421547,0.0024135057400719215,0.0,0.0,0.0,0.0,0.0
515,82.22685115867071,4.0,82.22509108669712,82.22765680999224,14.715488063391495,0.0027199601436983,0.0,0.0,0.0,0.0,0.0
516,82.29062457232324,5.0,82.28741018282977,82.29236817964119,29.561042678425256,0.0036353432905905,0.0,0.0,0.0,0.0,0.0
517,82.38326432945433,3.0,82.3832244569499,82.38562593311246,16.194471468214694,0.0033913386277944413,0.0,0.0,0.0,0.0,0.0
518,82.48297624690952,3.0,82.48290633694593,82.484106948178,8.086592778118964,0.002033124705853859,0.0,0.0,0.0,0.0,0.0
519,82.56680940440133,3.0,82.56677360733337,82.56907930893767,15.514046684715437,0.001940418104842824,0.0,0.0,0.0,0.0,0.0
520,82.58675997040282,3.0,82.58484697824805,82.58718615267468,15.735468355917629,0.0030049531434685416,0.0,0.0,0.0,0.0,0.0
521,82.5985953822646,4.0,82.59640126638172,82.60137919272655,42.97951825644953,0.0028715865298848944,0.0,0.0,0.0,0.0,0.0
522,82.62154514064127,5.0,82.618967789538,82.62534763157713,52.88543854510626,0.0028752310626899273,0.0,0.0,0.0,0.0,0.0
523,82.64892115417344,8.0,82.645436017831,82.65131191359009,19.342100434342647,0.0044491450309109976,0.0,0.0,0.0,0.0,0.0
524,82.68511338871124,4.0,82.6836403703509,82.68693898587773,18.44575091791333,0.0033916866024767825,0.0,0.0,0.0,0.0,0.0
525,83.04911282668539,261.0,83.0488087693565,83.04945414692452,2.9492091441718147,0.24122077157767985,0.0,0.0,0.0,0.0,0.0
526,83.0602913336751,3.0,83.06014897124827,83.06152541210375,9.20643729852418,0.002159664117975827,0.0,0.0,0.0,0.0,0.0
527,83.08541664345458,20.0,83.08517593422314,83.08610655356465,2.8046233687521114,0.010282633491225114,0.0,0.0,0.0,0.0,0.0
528,83.18747057441229,3.0,83.18615598416102,83.18803223629646,12.53027998429477,0.0033663617073435453,0.0,0.0,0.0,0.0,0.0
529,83.418304795918,6.0,83.41528686900335,83.4216146566297,29.14056625536022,0.008059446514275532,0.0,0.0,0.0,0.0,0.0
530,83.588070120499,3.0,83.58672216605295,83.58923139462763,16.67721090836405,0.00296173944810837,0.0,0.0,0.0,0.0,0.0
531,83.66112669164036,3.0,83.65985976341081,83.66355194039502,24.518070898541396,0.0032457681154216098,0.0,0.0,0.0,0.0,0.0
532,83.6784039185402,4.0,83.67708094108225,83.67957781381858,12.165199870920157,0.0050866847667039505,0.0,0.0,0.0,0.0,0.0
533,83.76315577693178,5.0,83.76046706250507,83.76603794142459,35.24653778490325,0.004048730602218569,0.0,0.0,0.0,0.0,0.0
534,83.99292152585255,3.0,83.99193206202123,83.99374528722272,11.993240809489295,0.0012879339120444775,0.0,0.0,0.0,0.0,0.0
535,84.04439126210855,14.0,84.04142240561492,84.0485454611558,6.74212012941806,0.00914283144102199,0.0,0.0,0.0,0.0,0.0
536,84.08077194297498,12.0,84.07934426190084,84.08161943747784,3.125810674876757,0.008437721874321963,0.0,0.0,0.0,0.0,0.0
537,84.16532474609384,3.0,84.16293265617321,84.16537919434177,16.14902426284861,0.001639269317871572,0.0,0.0,0.0,0.0,0.0
538,84.19016601006118,3.0,84.18970871997065,84.19147845315342,11.67814660698688,0.002844620486020202,0.0,0.0,0.0,0.0,0.0
539,84.2507498462951,5.0,84.24783506300149,84.25245487155874,23.03596324220235,0.0035409189927561495,0.0,0.0,0.0,0.0,0.0
540,84.311897743219,4.0,84.31004724695192,84.31329028307523,24.565024253889202,0.01286684366156428,0.0,0.0,0.0,0.0,0.0
541,84.4269835689338,3.0,84.4263807933549,84.427413429878,6.795066376228395,0.0016927643059989823,0.0,0.0,0.0,0.0,0.0
542,84.45359054420433,5.0,84.45110032920942,84.4568125241548,55.09731860670112,0.0030095150329699223,0.0,0.0,0.0,0.0,0.0
543,84.49729247545646,4.0,84.4949513380254,84.49838352271622,11.971603256229383,0.002460723061612076,0.0,0.0,0.0,0.0,0.0
544,84.69971209636768,4.0,84.69839690643494,84.70140642401735,24.623738679488945,0.004064708605446179,0.0,0.0,0.0,0.0,0.0
545,84.74656279003766,3.0,84.74586723795676,84.7467561907409,5.827524345567506,0.004416865899164745,0.0,0.0,0.0,0.0,0.0
546,84.79724850250852,3.0,84.79556867856417,84.7985774223332,19.712011246137223,0.0022461103672335885,0.0,0.0,0.0,0.0,0.0
547,84.8293047829543,3.0,84.82847181400687,84.83030308141119,11.993152399145076,0.00280703983434147,0.0,0.0,0.0,0.0,0.0
548,84.93049950762074,3.0,84.92985699506491,84.93065401064011,5.213514970885355,0.0015183129251970654,0.0,0.0,0.0,0.0,0.0
549,85.02840352673095,132.0,85.02814164513609,85.02876787857872,2.694508517936167,0.07374138940946677,0.0,0.0,0.0,0.0,0.0
550,85.03595766313701,4.0,85.03340274812568,85.03905216651879,35.87178700975246,0.0034636010494140004,0.0,0.0,0.0,0.0,0.0
551,85.19095155947363,3.0,85.18879841725051,85.19272491519891,25.605861997929125,0.001909700987511719,0.0,0.0,0.0,0.0,0.0
552,85.22018912097911,6.0,85.21582481121881,85.22188043312353,31.78465631083593,0.005300590455151146,0.0,0.0,0.0,0.0,0.0
553,85.56012454354034,6.0,85.55721797037721,85.56326121642009,43.94024209859152,0.004851618171767949,0.0,0.0,0.0,0.0,0.0
554,85.8695705411324,3.0,85.86889465419249,85.86958577093127,4.471359776747591,0.0026101177471898425,0.0,0.0,0.0,0.0,0.0
555,85.93551862165813,3.0,85.93460121143485,85.9366294422006,13.11209716232149,0.001650076491095546,0.0,0.0,0.0,0.0,0.0
556,86.04677818484492,3.0,86.0464661423427,86.04938735128367,18.86059990076536,0.0020876775237861933,0.0,0.0,0.0,0.0,0.0
557,86.06006257126916,247.0,86.0596604276958,86.06033384329612,2.8890864796628173,0.14714106248795947,0.0,0.0,0.0,0.0,0.0
558,86.08313894753786,4.0,86.08174518092022,86.08631925944144,34.554405825834344,0.0036682710142903916,0.0,0.0,0.0,0.0,0.0
559,86.09648571513063,137.0,86.09598576729387,86.09679237758036,2.919878135474327,0.060471601448014715,0.0,0.0,0.0,0.0,0.0
560,86.13019799005554,3.0,86.12849867516427,86.13090251094494,15.505181153165166,0.002304999379869578,0.0,0.0,0.0,0.0,0.0
561,86.15557797726856,3.0,86.15510391984597,86.15795591942758,18.39050064080497,0.0011449947226473873,0.0,0.0,0.0,0.0,0.0
562,86.50744202172334,3.0,86.50680010297675,86.50775523723037,6.133924764154541,0.002419014462958322,0.0,0.0,0.0,0.0,0.0
563,86.98822273839664,4.0,86.9853743852859,86.99075458711779,39.8230673948288,0.0030768951546863333,0.0,0.0,0.0,0.0,0.0
564,87.04403082698163,67.0,87.04363625422347,87.04431258593716,2.442912864620867,0.0541054149968635,0.0,0.0,0.0,0.0,0.0
565,87.22882032305944,4.0,87.22718877473051,87.23051661216854,22.269269240773905,0.0021554997307157192,0.0,0.0,0.0,0.0,0.0
566,87.44378043075737,4.0,87.44262286613599,87.44443605398291,15.937190822529683,0.0027903183158290543,0.0,0.0,0.0,0.0,0.0
567,87.47119292675603,5.0,87.46664858634027,87.47353889444588,47.61318513455929,0.003909303901136573,0.0,0.0,0.0,0.0,0.0
568,87.55500163938518,3.0,87.55240196223153,87.55651273237392,26.083731910660113,0.002808635528936342,0.0,0.0,0.0,0.0,0.0
569,87.64327548615483,4.0,87.64088114453135,87.64587261283539,19.10995973999166,0.0025313916973680284,0.0,0.0,0.0,0.0,0.0
570,87.8514915008171,3.0,87.84913008184539,87.85169706826515,16.233117300196113,0.0013947137214776477,0.0,0.0,0.0,0.0,0.0
571,87.94310991372676,4.0,87.94157405507077,87.94622924169005,37.06985556254391,0.0032582248653663173,0.0,0.0,0.0,0.0,0.0
572,87.96427316977758,3.0,87.96178809956469,87.96442526340954,16.655523567891287,0.0019422981013634782,0.0,0.0,0.0,0.0,0.0
573,88.17861533313136,4.0,88.17740418597573,88.17979269357551,26.637703325783963,0.0016351022666986103,0.0,0.0,0.0,0.0,0.0
574,88.32235905204135,6.0,88.31832523976651,88.32395702401855,43.415956765451995,0.0046668776602653604,0.0,0.0,0.0,0.0,0.0
575,88.43698797890627,3.0,88.43623498544689,88.4384152816995,13.696482926160908,0.0023781903253315612,0.0,0.0,0.0,0.0,0.0
576,88.51846923666403,3.0,88.51760899140085,88.51957145275193,12.316709897472492,0.0020478349911768044,0.0,0.0,0.0,0.0,0.0
577,88.67219902458834,3.0,88.67090799558761,88.67477402155555,24.22170903662524,0.0029787365090835002,0.0,0.0,0.0,0.0,0.0
578,88.76106812165591,4.0,88.7595092995039,88.76274134596832,21.991928821574593,0.003021784221409789,0.0,0.0,0.0,0.0,0.0
579,88.79454038411586,4.0,88.79237291692856,88.79625670112772,19.38637238775912,0.0026398031895436946,0.0,0.0,0.0,0.0,0.0
580,88.91943728655785,4.0,88.91822286366362,88.92009589173922,9.591368820001476,0.003210302887115398,0.0,0.0,0.0,0.0,0.0
581,89.04174931500039,78.0,89.04109469547517,89.04243161622648,5.970883239662887,0.02015857019284773,0.0,0.0,0.0,0.0,0.0
582,89.05346917107123,15.0,89.05237188096125,89.05395129018497,14.033837860364638,0.005415760892834841,0.0,0.0,0.0,0.0,0.0
583,89.05966999880252,277.0,89.05931845149092,89.06487024619659,2.76904322407766,0.8422561726933548,0.0,0.0,0.0,0.0,0.0
584,89.15005117874148,3.0,89.14930206697343,89.15218291629459,17.952562269263403,0.004016679701071699,0.0,0.0,0.0,0.0,0.0
585,89.34498264572068,5.0,89.34166183035956,89.3466594812325,45.72407556486725,0.008615027614351655,0.0,0.0,0.0,0.0,0.0
586,89.36974029047433,4.0,89.36792570508368,89.37318428661034,37.69782652542247,0.002709422616738138,0.0,0.0,0.0,0.0,0.0
587,89.40551491679554,3.0,89.40526044402633,89.40760022032322,14.53909998394272,0.0025320719673102604,0.0,0.0,0.0,0.0,0.0
588,89.66679115349802,3.0,89.66597159017176,89.66891759746929,18.252807977196255,0.0019241692662083957,0.0,0.0,0.0,0.0,0.0
589,89.6819570826587,3.0,89.67934424383823,89.68407695963101,29.317898907241105,0.0016149268719603776,0.0,0.0,0.0,0.0,0.0
590,89.80568742791064,3.0,89.80389943570371,89.80753527202882,22.49199496551301,0.004479662552843196,0.0,0.0,0.0,0.0,0.0
591,90.06305901761377,20.0,90.06238327083081,90.06667239806606,5.742568587759624,0.008228707828526496,0.0,0.0,0.0,0.0,0.0
592,90.275620865024,3.0,90.27479137807399,90.27743642634594,16.27760903919706,0.0026375707261319568,0.0,0.0,0.0,0.0,0.0
593,90.71525796593616,4.0,90.71242445917531,90.71676807936062,34.96880295439092,0.006095157529938134,0.0,0.0,0.0,0.0,0.0
594,90.77926937094479,10.0,90.77526891306294,90.78351464288062,63.4968836167492,0.006618816779939313,0.0,0.0,0.0,0.0,0.0
595,90.81024094633288,7.0,90.80721528840022,90.81516137377386,55.37144733663078,0.008246207378594127,0.0,0.0,0.0,0.0,0.0
596,90.82658891696602,3.0,90.82403604782044,90.82681229832555,16.981386289182797,0.002313723514029413,0.0,0.0,0.0,0.0,0.0
597,90.97643989947056,8.0,90.97392174673212,90.9784482930971,19.60626857920523,0.006623160681930948,0.0,0.0,0.0,0.0,0.0
598,91.05091687651762,1472.0,91.04665420197027,91.05129388180092,14.564391531983487,0.4612553097249084,0.0,1.5668154977448576,0.0,0.0,1.0652665190465251
599,91.05724884976468,4781.0,91.05714521097278,91.05737634553908,0.8862523029876345,62.800199677246134,39.74710592062675,88.73727323150025,62.02347083401985,44.412920626163896,84.47774896321792
600,91.06433914805325,466.0,91.06300873839263,91.06705155737302,8.58525031383993,0.2409158616426201,0.0,0.0,0.0,0.0,0.0
601,91.15709008311848,3.0,91.15626487593535,91.15737966789314,6.794083322267359,0.001742586490663914,0.0,0.0,0.0,0.0,0.0
602,91.20475890976374,3.0,91.20273691176816,91.205087973028,14.321019648341736,0.0027532298673600217,0.0,0.0,0.0,0.0,0.0
603,91.23834062131542,4.0,91.23705234456477,91.24061848021765,11.826528615694555,0.002862947006182323,0.0,0.0,0.0,0.0,0.0
604,91.49893628686138,4.0,91.49559631923702,91.50145707548191,35.81378074153012,0.0034946782330223967,0.0,0.0,0.0,0.0,0.0
605,91.58123010759238,3.0,91.57908809404631,91.58379735828622,28.567621421812255,0.0019306199737839868,0.0,0.0,0.0,0.0,0.0
606,91.76081735286752,5.0,91.75852756653595,91.76117311486603,11.072819909780222,0.004447169012047702,0.0,0.0,0.0,0.0,0.0
607,91.84918392803246,3.0,91.8489327081959,91.8493410983298,2.470173364979569,0.002180908018632401,0.0,0.0,0.0,0.0,0.0
608,92.0566821636901,988.0,92.05621384185211,92.0588215302103,5.009547374251027,0.3223826830299127,0.0,1.4838429479722388,0.0,0.0,0.0
609,92.25957066909848,3.0,92.25779129121572,92.26026848831084,14.916833000757064,0.0022861968514170583,0.0,0.0,0.0,0.0,0.0
610,92.30037522637602,4.0,92.29808974965223,92.30072075719498,10.69717900248355,0.0036141759596184098,0.0,0.0,0.0,0.0,0.0
611,92.37351374389424,3.0,92.37320906642086,92.37366481596014,2.74098254170799,0.0018296339616941883,0.0,0.0,0.0,0.0,0.0
612,92.52268460804922,4.0,92.52090195912035,92.52460697568365,22.984124959928597,0.0025447416577483247,0.0,0.0,0.0,0.0,0.0
613,93.00938776951102,3.0,93.00780559138089,93.0099556406314,12.842486489707001,0.004041664144480268,0.0,0.0,0.0,0.0,0.0
614,93.0366782111073,1158.0,93.03622104907025,93.03706415140898,3.4787699355142494,0.3868856794727053,0.0,1.6477429249763158,0.0,0.0,0.0
615,93.0541396342754,7.0,93.05402163060921,93.05455507958096,1.4949238356259045,0.0037718499181446704,0.0,0.0,0.0,0.0,0.0
616,93.28963379264393,6.0,93.28495487932781,93.29151899559507,31.851687055830112,0.0031561371263900705,0.0,0.0,0.0,0.0,0.0
617,93.88558482261216,3.0,93.88519305559282,93.88684508607079,9.775672289961241,0.003516327842195594,0.0,0.0,0.0,0.0,0.0
618,94.05928663511688,4.0,94.05814412246433,94.06061968854515,11.863182564374776,0.002362084046066014,0.0,0.0,0.0,0.0,0.0
619,94.0681019296483,5.0,94.06697177836733,94.0691175973908,10.314289494797368,0.0033025646119175093,0.0,0.0,0.0,0.0,0.0
620,94.2951497532121,6.0,94.29093714126745,94.29719010251375,42.830867548774,0.003485418383700456,0.0,0.0,0.0,0.0,0.0
621,94.31677671062364,4.0,94.31459611677134,94.31813658106098,27.6339714545201,0.002508567299166075,0.0,0.0,0.0,0.0,0.0
622,94.40409947743034,4.0,94.4021624978477,94.40490661552973,14.228082599369,0.0026475400255669386,0.0,0.0,0.0,0.0,0.0
623,95.08549176867656,143.0,95.08511152951253,95.08594874408507,3.875158927983399,0.08663553368222149,0.0,0.0,0.0,0.0,0.0
624,95.16961190046959,4.0,95.16731690243465,95.17238042300362,30.599916066270573,0.001598477629275947,0.0,0.0,0.0,0.0,0.0
625,95.25399370775928,3.0,95.25373008612985,95.25445021040726,4.200023825119542,0.0021456239702062024,0.0,0.0,0.0,0.0,0.0
626,95.44464125513773,5.0,95.44342510395897,95.44723375054134,14.12541040639398,0.0035888372490388487,0.0,0.0,0.0,0.0,0.0
627,95.63707295952892,3.0,95.6347033821759,95.63824380779383,20.56632496380192,0.0017541966839165425,0.0,0.0,0.0,0.0,0.0
628,95.65985904809462,3.0,95.65882757150723,95.66006714763306,7.198979907384145,0.002362344848127533,0.0,0.0,0.0,0.0,0.0
629,96.1209886389418,3.0,96.11849037338604,96.1235806193947,29.420363744678593,0.002767024535639241,0.0,0.0,0.0,0.0,0.0
630,96.27693370789042,4.0,96.27527743533746,96.27956716273077,24.69405252271998,0.005625596832464972,0.0,0.0,0.0,0.0,0.0
631,97.0283399739281,8.0,97.02783797091114,97.02993294561786,2.812357612133685,0.005741859070176334,0.0,0.0,0.0,0.0,0.0
632,97.10100486832951,28.0,97.1005916474939,97.10147160798105,3.9466222588966553,0.008016776196899254,0.0,0.0,0.0,0.0,0.0
633,97.27649606451328,3.0,97.27534301916819,97.27665254171296,7.478810959564873,0.004281839143393442,0.0,0.0,0.0,0.0,0.0
634,97.30852577441765,3.0,97.30629526361551,97.30888112350618,14.763237000284336,0.002066991713187205,0.0,0.0,0.0,0.0,0.0
635,97.66148494446466,5.0,97.65708584931872,97.66265128408938,38.16279074802036,0.0028770641035454595,0.0,0.0,0.0,0.0,0.0
636,97.84107240196346,3.0,97.84051859737961,97.84200416388713,8.435258385230165,0.00235925993285623,0.0,0.0,0.0,0.0,0.0
637,98.06004556585455,118.0,98.05976521856222,98.06057712634444,2.617675698921932,0.057350814618830355,0.0,0.0,0.0,0.0,0.0
638,98.08561127376274,7.0,98.08116348757903,98.09099300905567,42.53047127223436,0.004573521083243776,0.0,0.0,0.0,0.0,0.0
639,98.64515066067972,4.0,98.64345692640404,98.64817382984758,23.22746236571143,0.004851578360400279,0.0,0.0,0.0,0.0,0.0
640,98.72144929791573,3.0,98.72061196688647,98.72301566822493,13.526843882299477,0.0024472631757941885,0.0,0.0,0.0,0.0,0.0
641,98.933317568536,3.0,98.93219733789743,98.93451205163446,12.998169956649665,0.0021977238999826808,0.0,0.0,0.0,0.0,0.0
642,99.04410833345403,15.0,99.0437349010151,99.04442013744814,3.3648310087167363,0.0053317208177309505,0.0,0.0,0.0,0.0,0.0
643,99.12552940739884,3.0,99.12384996810313,99.12729958024048,19.333578331126706,0.004125610738418133,0.0,0.0,0.0,0.0,0.0
644,99.31708131020962,3.0,99.3152611577282,99.31716547312021,10.65227634168876,0.002216581241835393,0.0,0.0,0.0,0.0,0.0
645,99.81817484457407,3.0,99.81582376493711,99.8192401680994,19.014590877841286,0.002258665242836272,0.0,0.0,0.0,0.0,0.0
646,100.0107234078697,3.0,100.008605625921,100.01118450116466,14.325548499845198,0.0015299953355724955,0.0,0.0,0.0,0.0,0.0
647,100.07602690268939,4.0,100.07575490055508,100.07621732016806,2.7610020496182086,0.0017233735246562933,0.0,0.0,0.0,0.0,0.0
648,100.11225157834919,16.0,100.11139757801695,100.11270424961296,1.8852372389442311,0.005673364523292547,0.0,0.0,0.0,0.0,0.0
649,100.40221955544295,5.0,100.40154281503533,100.40704824179022,29.319360357934148,0.0031997080575606007,0.0,0.0,0.0,0.0,0.0
650,100.61964058920782,3.0,100.6195430627151,100.62176835892312,12.286623803198143,0.0031260348927884957,0.0,0.0,0.0,0.0,0.0
651,100.7394814858744,3.0,100.73729220668042,100.74000496547414,14.960253879763906,0.002242245885808214,0.0,0.0,0.0,0.0,0.0
652,101.05964126659885,533.0,101.05935749779323,101.06006508177892,2.5085996548084424,1.017501018533813,0.0,1.5319984177875352,0.0,0.0,0.0
653,101.09610218966212,15.0,101.09514739562368,101.09643420036534,3.8809262217571,0.01688655094437477,0.0,0.0,0.0,0.0,0.0
654,101.14136564999332,3.0,101.14047915081781,101.1414604756049,5.3902815506543265,0.005203253216431032,0.0,0.0,0.0,0.0,0.0
655,101.45472762440781,4.0,101.45359720101087,101.45531026607003,5.198122582443539,0.00313713158787111,0.0,0.0,0.0,0.0,0.0
656,101.6846282119147,4.0,101.68236971063182,101.68538830373683,8.915605836882483,0.0027136584878850577,0.0,0.0,0.0,0.0,0.0
657,101.73474432791843,3.0,101.73381848482354,101.73571447578226,10.35367334300381,0.00197952626047273,0.0,0.0,0.0,0.0,0.0
658,101.8302258265464,5.0,101.82936672860674,101.8319059971928,15.04523727830709,0.0025300778621131824,0.0,0.0,0.0,0.0,0.0
659,102.05496870438375,9.0,102.05463893690165,102.0551229950998,2.092639450610439,0.006791586707736818,0.0,0.0,0.0,0.0,0.0
660,102.0631053173872,11.0,102.06258683407165,102.06404940212275,6.633988816315265,0.0027875852341137926,0.0,0.0,0.0,0.0,0.0
661,102.09135713252661,8.0,102.09121117964177,102.0915378440171,1.651584619785703,0.010864492946451294,0.0,0.0,0.0,0.0,0.0
662,102.35603264132652,3.0,102.354621781746,102.35834346438362,20.200093848762513,0.0020773904287554362,0.0,0.0,0.0,0.0,0.0
663,102.72578492867191,5.0,102.72437488128627,102.72916676391485,32.0420982668124,0.008380840091178683,0.0,0.0,0.0,0.0,0.0
664,102.85097110238196,3.0,102.85077403485498,102.853264587493,13.45286621620761,0.002112493357176488,0.0,0.0,0.0,0.0,0.0
665,103.03899797016231,29.0,103.03854105858498,103.0393518509168,1.9505619975266675,0.015930114119631484,0.0,0.0,0.0,0.0,0.0
666,103.52075251384062,3.0,103.51807115543916,103.52094738839858,15.435621949013216,0.0023002392637126484,0.0,0.0,0.0,0.0,0.0
667,103.52665645121924,3.0,103.5244871575479,103.52734067824488,15.312860768901901,0.0018989531552420756,0.0,0.0,0.0,0.0,0.0
668,103.88551983120774,3.0,103.88312063535525,103.88556718912615,13.083599539237998,0.00227715123268277,0.0,0.0,0.0,0.0,0.0
669,103.97889192598521,4.0,103.97743437892132,103.97954507149544,5.987523580002563,0.0025750204816316746,0.0,0.0,0.0,0.0,0.0
670,104.6460695831102,3.0,104.64421127159882,104.64845783413156,22.54457732118326,0.001787555261043604,0.0,0.0,0.0,0.0,0.0
671,104.65632864534903,3.0,104.6544519967823,104.65765481615158,17.001782090618256,0.0012051909417829841,0.0,0.0,0.0,0.0,0.0
672,104.91957846019363,3.0,104.91738691861364,104.92129962929661,20.71804127603952,0.002172395564916788,0.0,0.0,0.0,0.0,0.0
673,105.07300025720059,3634.0,105.07267366517753,105.07341060189673,2.61596643085332,4.589972281987953,0.0,10.294707767528298,3.5271191365309686,1.5237675731471858,6.779567041685889
674,105.08110985148714,23.0,105.07989517138218,105.08174824063826,9.59090518046744,0.004986426806205569,0.0,0.0,0.0,0.0,0.0
675,105.22176784120416,3.0,105.2206542034806,105.22376290542641,16.413491922836066,0.0033143161186667052,0.0,0.0,0.0,0.0,0.0
676,105.466955792094,5.0,105.46406730995078,105.46951274407797,44.69870835346845,0.006367672274192581,0.0,0.0,0.0,0.0,0.0
677,105.5072561064272,3.0,105.50616303815868,105.50849063967213,12.256142370010288,0.003115391982167996,0.0,0.0,0.0,0.0,0.0
678,105.60187287625904,3.0,105.60074284695963,105.60389511620313,16.58361393732458,0.008276328449019713,0.0,0.0,0.0,0.0,0.0
679,106.34265451093759,4.0,106.34122592433485,106.34387146563293,9.957405510746183,0.0032888551999381973,0.0,0.0,0.0,0.0,0.0
680,106.36367214602436,3.0,106.36273139928144,106.36495229418156,11.600111910161816,0.0017998844951649133,0.0,0.0,0.0,0.0,0.0
681,106.72957776755156,5.0,106.72480715680344,106.73117402840279,30.30663829561291,0.009652228732524628,0.0,0.0,0.0,0.0,0.0
682,106.8470571023986,3.0,106.84630282158332,106.84733780554575,5.381440592054396,0.0014419667703568391,0.0,0.0,0.0,0.0,0.0
683,106.95626088624743,3.0,106.95596447428588,106.95772318491237,9.13514974318767,0.002829553172678047,0.0,0.0,0.0,0.0,0.0
684,107.05221365576743,392.0,107.051691727709,107.05283518799361,3.7315946652329544,0.11607891423082405,0.0,0.0,0.0,0.0,0.0
685,107.0702047832889,16.0,107.0690936487799,107.07117255298257,4.590738543893502,0.004672914386030653,0.0,0.0,0.0,0.0,0.0
686,107.08549207656384,15.0,107.08467708710359,107.0879453061179,5.05662296289335,0.005430258349549675,0.0,0.0,0.0,0.0,0.0
687,107.29415980028438,5.0,107.29288274718523,107.29657397176905,12.748412324312262,0.004758929772341067,0.0,0.0,0.0,0.0,0.0
688,107.61944479214736,3.0,107.61921625072416,107.61991097561562,3.586324699723092,0.0026643038737068,0.0,0.0,0.0,0.0,0.0
689,107.80224676342752,4.0,107.79852745893498,107.8054289985038,35.6125383364521,0.005278573840164722,0.0,0.0,0.0,0.0,0.0
690,108.45967081276213,4.0,108.45744259422757,108.46099365537617,26.263186909669724,0.0019108112154502574,0.0,0.0,0.0,0.0,0.0
691,108.54017144310832,4.0,108.53794154280436,108.54292056142583,24.8101466225448,0.002509248001858928,0.0,0.0,0.0,0.0,0.0
692,108.79208625096908,3.0,108.79125868005704,108.7937739653081,12.84450683127213,0.0020472997835061174,0.0,0.0,0.0,0.0,0.0
693,108.87301081558506,3.0,108.8720007086994,108.87352493520406,7.777799991402836,0.002161879947895731,0.0,0.0,0.0,0.0,0.0
694,109.07634165490312,3.0,109.07601607134484,109.07662326491284,3.0926024369439267,0.002304852206881777,0.0,0.0,0.0,0.0,0.0
695,109.10123434524472,7.0,109.10104864167883,109.10149420031254,1.7862238419394532,0.002940465394608837,0.0,0.0,0.0,0.0,0.0
696,109.88826639828108,3.0,109.88668519429919,109.88911450578338,12.28172520552188,0.004240170264930636,0.0,0.0,0.0,0.0,0.0
697,110.0112373174111,3.0,110.00870311019548,110.01338249920654,23.630863765426906,0.004594774509430334,0.0,0.0,0.0,0.0,0.0
698,110.04178422369192,3.0,110.03945163366976,110.0431180693958,18.51032088450952,0.0020919722362131524,0.0,0.0,0.0,0.0,0.0
699,110.13390629894351,3.0,110.13122174390077,110.13494300924364,18.771418397868832,0.0011737070741351628,0.0,0.0,0.0,0.0,0.0
700,111.02417013959706,5.0,111.02369138119677,111.02498242713565,0.7910397047992284,0.0037761855779617094,0.0,0.0,0.0,0.0,0.0
701,111.0355213517192,32.0,111.0297770527169,111.03605953981878,13.075320510833874,0.012267475759692474,0.0,0.0,0.0,0.0,0.0
702,111.04395843383224,842.0,111.04371259826864,111.04440003834429,2.304455695345613,3.9970574897952407,0.0,6.68210043177064,0.0,0.0,0.0
703,111.0534044219103,24.0,111.05215176677235,111.05353591049257,1.1410786286934431,0.011003565079235599,0.0,0.0,0.0,0.0,0.0
704,111.1124618919358,5.0,111.11048017534911,111.1129975261903,10.489084551153216,0.003388234704650262,0.0,0.0,0.0,0.0,0.0
705,111.23424999422143,4.0,111.23216005845566,111.2363984501574,14.554400631683988,0.0022469832743373694,0.0,0.0,0.0,0.0,0.0
706,111.42591291666736,4.0,111.42416851969034,111.42783777290022,12.823775632734382,0.003138182472994858,0.0,0.0,0.0,0.0,0.0
707,111.7878036620022,5.0,111.78542595926666,111.79076516697107,23.875999182674388,0.0038615683346958063,0.0,0.0,0.0,0.0,0.0
708,111.93504636227897,4.0,111.9334571105945,111.93676060665726,14.363727163327628,0.0013249262377267098,0.0,0.0,0.0,0.0,0.0
709,112.00078094246716,4.0,111.99845995718502,112.00232401908394,17.37027237223114,0.0027459925827890037,0.0,0.0,0.0,0.0,0.0
710,112.04732015490322,84.0,112.04688286230825,112.04789459175423,3.447697348557667,0.05331460327856132,0.0,0.0,0.0,0.0,0.0
711,112.32081317177531,5.0,112.31962138750008,112.32315836389338,2.983638100070493,0.0023827074562834207,0.0,0.0,0.0,0.0,0.0
712,112.79887372721174,3.0,112.7968403550069,112.80049320142692,17.990951994258356,0.0019210701916288141,0.0,0.0,0.0,0.0,0.0
713,113.09600453997692,19.0,113.09539657971601,113.09619411049673,4.111778024916613,0.00408573220461371,0.0,0.0,0.0,0.0,0.0
714,113.1250390691165,3.0,113.12311059746766,113.12708394632797,19.513063170435988,0.0014927648329677527,0.0,0.0,0.0,0.0,0.0
715,113.64596174672458,6.0,113.64195084577825,113.64848627563103,32.40985595657973,0.003417405319893859,0.0,0.0,0.0,0.0,0.0
716,114.07480245861863,5.0,114.07390156005575,114.0782138221759,15.758249370735426,0.002858047550571633,0.0,0.0,0.0,0.0,0.0
717,114.09119348210729,46.0,114.09085674725348,114.09188556420308,3.387474510044086,0.043867069759566876,0.0,0.0,0.0,0.0,0.0
718,114.46285866614537,3.0,114.46097929276151,114.46309860349119,10.286261094115607,0.0016786675535320462,0.0,0.0,0.0,0.0,0.0
719,114.8587561335982,3.0,114.85848605872907,114.86141314207006,14.157888056637011,0.0029450501639779656,0.0,0.0,0.0,0.0,0.0
720,115.0233686516828,3.0,115.02294655523694,115.0243028847894,6.550985481269531,0.003503391403072057,0.0,0.0,0.0,0.0,0.0
721,115.05956266327412,3.0,115.05870429941227,115.05971081717453,4.859887536948842,0.003876593039445723,0.0,0.0,0.0,0.0,0.0
722,115.09536382546614,4.0,115.0931658611114,115.09642939465479,13.610148966516082,0.0015989999880567088,0.0,0.0,0.0,0.0,0.0
723,115.50376551636128,3.0,115.5030463440111,115.50457278227351,7.341936023545763,0.0017688784367028397,0.0,0.0,0.0,0.0,0.0
724,115.53291173358366,3.0,115.53283312182656,115.53454700768278,8.241450810219675,0.003072731517366917,0.0,0.0,0.0,0.0,0.0
725,115.76267064023588,3.0,115.7616868357601,115.76447423233354,13.376968960293244,0.00268188758924899,0.0,0.0,0.0,0.0,0.0
726,116.3960041207694,3.0,116.39532421145967,116.39794420986141,12.505194475001996,0.0021043671300276638,0.0,0.0,0.0,0.0,0.0
727,116.49022132620331,4.0,116.48745696752685,116.49338159364439,24.52243388447377,0.007843921730467582,0.0,0.0,0.0,0.0,0.0
728,116.5352125484996,3.0,116.53364079155925,116.53613115929973,11.872271078792084,0.002910193438840238,0.0,0.0,0.0,0.0,0.0
729,117.70865154398068,3.0,117.7060509275524,117.70887415285475,13.324921156916394,0.0012608144029032122,0.0,0.0,0.0,0.0,0.0
730,118.16174496232661,4.0,118.16000892267928,118.1628056140721,16.392250832342636,0.001980447300904954,0.0,0.0,0.0,0.0,0.0
731,119.18675295226484,3.0,119.18647933889083,119.18797789584518,6.985102124908503,0.002769756140731801,0.0,0.0,0.0,0.0,0.0
732,119.43604552587344,3.0,119.43350756037331,119.43701456601494,16.312801206580314,0.0033635904392383003,0.0,0.0,0.0,0.0,0.0
733,120.39588291446151,4.0,120.39263191266714,120.39880458222291,29.847175137237475,0.0020081010067278127,0.0,0.0,0.0,0.0,0.0
734,120.49081852818156,3.0,120.48895508428582,120.49120381444469,10.36837949955747,0.002181743484387251,0.0,0.0,0.0,0.0,0.0
735,120.5477927410174,3.0,120.54638656930955,120.54932328269945,13.53411291670114,0.004916324207322197,0.0,0.0,0.0,0.0,0.0
736,120.86712028437628,3.0,120.86658216398546,120.86819713649322,7.4230853407701085,0.0009399013185866008,0.0,0.0,0.0,0.0,0.0
737,120.89887587838577,3.0,120.89785052959321,120.90065744546342,12.898363978430332,0.005594122835032558,0.0,0.0,0.0,0.0,0.0
738,121.0523086660321,3.0,121.05135811631796,121.05239907129261,4.777342337549305,0.0032779370357403207,0.0,0.0,0.0,0.0,0.0
739,121.2525992462827,3.0,121.2512420392457,121.25500961184754,17.26227646194349,0.002281699373495946,0.0,0.0,0.0,0.0,0.0
740,121.5498195296952,3.0,121.54959432023017,121.55070543646873,5.078467426658808,0.0016167705094271372,0.0,0.0,0.0,0.0,0.0
741,121.71354832503002,4.0,121.71123517264577,121.71450671290354,15.744381333320938,0.00280896321203022,0.0,0.0,0.0,0.0,0.0
742,121.72801223490356,4.0,121.72705831419691,121.72969319619031,7.907452129939835,0.005629826439500123,0.0,0.0,0.0,0.0,0.0
743,122.25912516376034,3.0,122.25856180572235,122.26171095803993,14.310008050228811,0.002933818221823082,0.0,0.0,0.0,0.0,0.0
744,122.51495249890937,4.0,122.51186145726909,122.51654102028304,18.022833096415834,0.0013533044777875524,0.0,0.0,0.0,0.0,0.0
745,122.70345346370505,3.0,122.7018005492511,122.70492699031429,14.15536117965205,0.0019736221445768418,0.0,0.0,0.0,0.0,0.0
746,122.81941340626224,3.0,122.81809650471041,122.8204539013206,10.66333690344552,0.0035048974888066305,0.0,0.0,0.0,0.0,0.0
747,122.9245972035168,20.0,122.92403923096481,122.92493903008409,4.170725912170815,0.06100957103646917,0.0,0.0,0.0,0.0,0.0
748,123.06984164054222,3.0,123.06912424970898,123.06989391537603,3.4743852071382157,0.002344681487884516,0.0,0.0,0.0,0.0,0.0
749,123.08051237846766,126.0,123.07995358501395,123.08114022394912,4.623702317352693,0.06910083665295152,0.0,0.0,0.0,0.0,0.0
750,123.11695535246375,12.0,123.1114026512657,123.11719026610946,18.231767421180376,0.00871091897107103,0.0,0.0,0.0,0.0,0.0
751,123.55815011289306,3.0,123.55705955403128,123.5590922811221,9.139768013624973,0.004552294875910173,0.0,0.0,0.0,0.0,0.0
752,123.64435477155288,3.0,123.64189147976087,123.64486096014224,13.342390973136013,0.0023677142812365435,0.0,0.0,0.0,0.0,0.0
753,123.71106964312075,4.0,123.70846353016749,123.71459527753433,27.152766019231127,0.0045229179507549604,0.0,0.0,0.0,0.0,0.0
754,124.0756933415605,140.0,124.07515452968494,124.0761846848704,3.204212019403572,0.08780707322324799,0.0,0.0,0.0,0.0,0.0
755,124.63349245605632,3.0,124.63210055142345,124.63352199198474,6.336091408124078,0.004253512251198901,0.0,0.0,0.0,0.0,0.0
756,124.73891923216448,3.0,124.73625719669697,124.7404563786126,18.702092790058956,0.0025245566383160544,0.0,0.0,0.0,0.0,0.0
757,124.7936736348618,3.0,124.79147542051727,124.79422257358983,12.229755779788775,0.00217537960253956,0.0,0.0,0.0,0.0,0.0
758,124.92280452879147,17.0,124.92206293084244,124.92417081711869,4.098488886222966,0.03168604462225954,0.0,0.0,0.0,0.0,0.0
759,125.0088727805868,3.0,125.0087829591389,125.00903430155518,1.1169981187180569,0.002893113823812987,0.0,0.0,0.0,0.0,0.0
760,125.02333599171725,5.0,125.02159248770123,125.02340003603406,1.1020273794788653,0.00450991328906714,0.0,0.0,0.0,0.0,0.0
761,125.09614066971676,19.0,125.09561972701427,125.09641668497416,3.5527120722281045,0.0048245605627985685,0.0,0.0,0.0,0.0,0.0
762,125.16000706653853,3.0,125.15974107403342,125.16257267929996,12.568823491165555,0.002982864350972053,0.0,0.0,0.0,0.0,0.0
763,125.33083752644995,4.0,125.32830556341057,125.33325603942967,19.60258402216384,0.0022029638315719906,0.0,0.0,0.0,0.0,0.0
764,125.5200653509156,5.0,125.51767806885597,125.52129439196406,13.104272807147952,0.004780618574954118,0.0,0.0,0.0,0.0,0.0
765,125.66963767516933,3.0,125.66913469314039,125.67103059315019,8.381322670289446,0.0016733781960343403,0.0,0.0,0.0,0.0,0.0
766,126.05499690527199,28.0,126.05437190453769,126.0557596706986,3.759641505848489,0.017571186857729272,0.0,0.0,0.0,0.0,0.0
767,126.08141626629848,3.0,126.07979185190634,126.0826302542533,12.506920047764698,0.0033375566277823007,0.0,0.0,0.0,0.0,0.0
768,126.09156994289827,5.0,126.09041913321535,126.09195542995563,8.927193695608638,0.0024273693440717637,0.0,0.0,0.0,0.0,0.0
769,126.18524684130055,3.0,126.18343975261274,126.1870023073862,15.684853387418105,0.0023114328180364714,0.0,0.0,0.0,0.0,0.0
770,126.95277749537306,3.0,126.95171499332885,126.9536398138525,8.4231692795772,0.0037236767458082294,0.0,0.0,0.0,0.0,0.0
771,127.03869435887664,3.0,127.03744902783154,127.03921655612734,7.729614738991445,0.0027944237709406597,0.0,0.0,0.0,0.0,0.0
772,127.39233703756398,3.0,127.39214712477902,127.39356733826452,6.193523961439123,0.003107745888596023,0.0,0.0,0.0,0.0,0.0
773,127.53441778287652,4.0,127.53229835241056,127.53562653280028,18.893577406729438,0.0022560593405553686,0.0,0.0,0.0,0.0,0.0
774,128.02956432370956,3.0,128.02802252071467,128.03121766239116,13.864600090886059,0.0022585102078587155,0.0,0.0,0.0,0.0,0.0
775,128.0706076579499,15.0,128.06977569043698,128.07139593276705,5.969482423869343,0.005727320150182609,0.0,0.0,0.0,0.0,0.0
776,128.50323862226617,3.0,128.50305922233122,128.50383833850734,3.3683378312891086,0.00238155302222115,0.0,0.0,0.0,0.0,0.0
777,128.9464268790474,3.0,128.94440517165205,128.94892241243065,19.462177208494204,0.0012752827272043612,0.0,0.0,0.0,0.0,0.0
778,129.05463133630712,621.0,129.054223515366,129.05523569188512,2.7882666196739954,1.8495001189095706,0.0,2.993211055786594,0.0,0.0,0.0
779,129.06572369735068,47.0,129.06414501851512,129.06749835343985,10.36578865979981,0.02589718233363353,0.0,0.0,0.0,0.0,0.0
780,129.08019393965594,3.0,129.07920686102682,129.08179765650092,11.15067133845826,0.001877014858445826,0.0,0.0,0.0,0.0,0.0
781,129.7927444145251,3.0,129.79075030266713,129.79469755227848,16.89552417291178,0.001496469603680757,0.0,0.0,0.0,0.0,0.0
782,129.96321750350418,3.0,129.9616479388905,129.96442140766527,11.855785164029427,0.002173448876397561,0.0,0.0,0.0,0.0,0.0
783,130.05006116172845,31.0,130.04893815394001,130.0503970563849,2.7850393096381487,0.03269245442959868,0.0,0.0,0.0,0.0,0.0
784,130.05801989361171,43.0,130.05749015249134,130.06045938162364,5.709610558835873,0.01820833220219995,0.0,0.0,0.0,0.0,0.0
785,130.1601462131729,3.0,130.15950191249198,130.16093747403207,6.127330155696887,0.003817453587064305,0.0,0.0,0.0,0.0,0.0
786,130.21415148442162,3.0,130.21280764314017,130.21648017244456,15.668758231976236,0.0019273761975432241,0.0,0.0,0.0,0.0,0.0
787,131.06189120546077,3.0,131.06122268617423,131.06216323307285,3.9868649077814773,0.001761288782237536,0.0,0.0,0.0,0.0,0.0
788,131.08881572333783,2559.0,131.0882344160364,131.08926386819743,2.8795525366988923,1.905159632336432,0.0,4.5032440380779795,2.0281013915166026,0.0,3.682620700391758
789,131.18808798217856,3.0,131.18689875106273,131.18973279808097,12.001627509805624,0.002504369978179966,0.0,0.0,0.0,0.0,0.0
790,132.72201569318264,4.0,132.71950955599996,132.72429184763325,19.695583824848594,0.003340814222597489,0.0,0.0,0.0,0.0,0.0
791,132.81680604077624,3.0,132.81532298771944,132.81799367231775,11.171128940302376,0.00526908393682658,0.0,0.0,0.0,0.0,0.0
792,132.99190544773253,4.0,132.98926233789786,132.9951902511048,23.047275744335657,0.0022090168037793593,0.0,0.0,0.0,0.0,0.0
793,133.06480673643063,4.0,133.06445298875383,133.06531046364066,3.0902013904355345,0.001235926079659762,0.0,0.0,0.0,0.0,0.0
794,133.08580217829814,158.0,133.0854083441497,133.08653603155386,2.593452455120192,0.40168593852161194,0.0,0.0,0.0,0.0,0.0
795,133.09807361548226,3.0,133.09617067546475,133.09816497259445,8.324259095159954,0.001107787108244267,0.0,0.0,0.0,0.0,0.0
796,133.40458655113346,3.0,133.4043986660349,133.4058327990678,5.9723626783051715,0.0009979813207920294,0.0,0.0,0.0,0.0,0.0
797,133.67512435597595,6.0,133.67092172416753,133.67868587657682,38.72064906575033,0.004385810874329439,0.0,0.0,0.0,0.0,0.0
798,133.85280779968616,3.0,133.85053447163185,133.85363875626697,12.884321243837396,0.004021178326096823,0.0,0.0,0.0,0.0,0.0
799,134.08929726193122,11.0,134.0887016977063,134.0904527958194,7.0986111317843035,0.0033492253897325986,0.0,0.0,0.0,0.0,0.0
800,134.197634884857,3.0,134.19655736452933,134.1980563179043,6.205413945598937,0.003618678285786768,0.0,0.0,0.0,0.0,0.0
801,135.08053001299842,34.0,135.0799975285142,135.08199639143805,3.9977084777942262,0.016153507383984418,0.0,0.0,0.0,0.0,0.0
802,136.06168446123516,5.0,136.0612506632922,136.06246261229313,4.978623937772888,0.0027297552186179254,0.0,0.0,0.0,0.0,0.0
803,137.60193328691696,6.0,137.59934884553553,137.60677250240317,33.24018748851859,0.003234356661167465,0.0,0.0,0.0,0.0,0.0
804,138.76417604922682,3.0,138.76203387900506,138.76615631781738,16.50457524303773,0.0023811050473325737,0.0,0.0,0.0,0.0,0.0
805,138.83543550197408,3.0,138.83316936336382,138.8378091568755,18.566319561769678,0.0018438391811341974,0.0,0.0,0.0,0.0,0.0
806,138.99289507833896,3.0,138.9904235842787,138.99320971859393,11.136197979608502,0.0025234700053448963,0.0,0.0,0.0,0.0,0.0
807,139.49262798724465,3.0,139.49101502746416,139.49330354233825,9.11443974216344,0.0015318228634608833,0.0,0.0,0.0,0.0,0.0
808,139.8441018467305,4.0,139.84364848576885,139.8457758566777,6.261528011191003,0.009083389073374817,0.0,0.0,0.0,0.0,0.0
809,140.0724868920522,4.0,140.0687582959075,140.07575748553353,29.38998420781197,0.0021117484657296646,0.0,0.0,0.0,0.0,0.0
810,140.90793562888965,3.0,140.90647420728345,140.91020084962196,14.692975562408172,0.0021628086208616386,0.0,0.0,0.0,0.0,0.0
811,141.09111407175328,133.0,141.0904951456403,141.09171175278496,2.6960914686778668,0.07684584026262557,0.0,0.0,0.0,0.0,0.0
812,141.4581887548163,3.0,141.45676390570895,141.45971710597414,11.59824559082821,0.004393305215331988,0.0,0.0,0.0,0.0,0.0
813,141.8946085826499,4.0,141.89295193286682,141.89738263372539,18.96438559645085,0.004212387754922049,0.0,0.0,0.0,0.0,0.0
814,142.49798546313465,3.0,142.4959336099862,142.49838673225804,9.56396472659754,0.00734682962741762,0.0,0.0,0.0,0.0,0.0
815,143.07022923214905,160.0,143.06970381186642,143.0709458560252,3.3958939960040446,0.12669410867359818,0.0,0.0,0.0,0.0,0.0
816,143.62351222901665,4.0,143.6221035431682,143.62378375240604,3.746340098784439,0.0028688642764416327,0.0,0.0,0.0,0.0,0.0
817,143.9721877044719,3.0,143.97187963513602,143.97244877678327,2.1961867014171266,0.0019652653345897156,0.0,0.0,0.0,0.0,0.0
818,144.0655111751251,126.0,144.0650140635338,144.0663509446423,3.014576854830978,0.16250214361644563,0.0,0.0,0.0,0.0,0.0
819,144.07383726760503,4.0,144.07366065012224,144.07528550799213,3.4124174182094404,0.0009490318634772796,0.0,0.0,0.0,0.0,0.0
820,144.46311273869168,4.0,144.46269513455672,144.4639562993054,2.995921749224034,0.005278900675177859,0.0,0.0,0.0,0.0,0.0
821,144.66033080051244,3.0,144.65853478151482,144.66117071504672,10.12307596450734,0.0025315630122754703,0.0,0.0,0.0,0.0,0.0
822,145.08598964595797,54.0,145.08540025406936,145.08672003372214,2.756608543609501,0.06297139983602636,0.0,0.0,0.0,0.0,0.0
823,145.12231942014927,13.0,145.12184824196197,145.1228498358781,3.593691268742936,0.010271527726050748,0.0,0.0,0.0,0.0,0.0
824,145.5826426406784,3.0,145.58108019755645,145.58461427642405,13.48634090624189,0.0032714342914376767,0.0,0.0,0.0,0.0,0.0
825,147.06562233695877,1767.0,147.06472311805825,147.0664505471767,4.138603763558949,1.2628101491433468,0.0,4.468913564801888,0.0,0.0,2.105551911393523
826,147.07783149768534,20.0,147.07694382624646,147.07906577004124,6.130664219031245,0.014242704428062782,0.0,0.0,0.0,0.0,0.0
827,147.22876302506398,6.0,147.2271077480596,147.2293822040208,5.173902942365197,0.005510405109189357,0.0,0.0,0.0,0.0,0.0
828,147.9889987793527,3.0,147.98719056508037,147.98976990256702,9.682917528920296,0.002500195496156845,0.0,0.0,0.0,0.0,0.0
829,148.06568527018487,14.0,148.06053442620862,148.0692013595402,50.7979945167205,0.006757731200342605,0.0,0.0,0.0,0.0,0.0
830,148.41736942058304,5.0,148.41399493329547,148.41974492361513,20.071904153219624,0.003082139433932104,0.0,0.0,0.0,0.0,0.0
831,148.9974739682046,16.0,148.99701236499493,148.99831002216496,2.1781987719779012,0.008851452177798477,0.0,0.0,0.0,0.0,0.0
832,149.0322682382145,69.0,149.02916338124948,149.03320933998592,20.048981291143452,0.018167666176634713,0.0,0.0,0.0,0.0,0.0
833,149.04478335084485,4783.0,149.0445146336626,149.0450575949395,1.2674628337316423,33.08783487800389,23.21290498547712,45.00467270636708,30.97087050906252,25.33563983176802,41.379548098458784
834,149.0586105607356,339.0,149.0578611325957,149.06031169568396,10.812831141750884,0.166099981153367,0.0,0.0,0.0,0.0,0.0
835,149.06870931071734,5.0,149.0671362058973,149.06961095509283,9.592422350727125,0.002410715053748685,0.0,0.0,0.0,0.0,0.0
836,149.09595163671435,8.0,149.0937766479955,149.09735542647812,8.188349744599119,0.002166185176568168,0.0,0.0,0.0,0.0,0.0
837,150.04548959968062,1642.0,150.04426479318596,150.04682480317373,7.408734536883407,0.6704674888403763,0.0,2.0634096709871352,0.0,0.0,1.3934395451760875
838,150.0764258277227,6.0,150.0739820616983,150.07789657900204,11.881397176552515,0.002896050541778897,0.0,0.0,0.0,0.0,0.0
839,150.09126734515192,319.0,150.09082698431757,150.09185940369687,2.539666885041126,0.7579924628039019,0.0,0.0,0.0,0.0,0.0
840,150.75000680006923,4.0,150.74893134716675,150.75156243922865,14.774064539286835,0.0034416800136094793,0.0,0.0,0.0,0.0,0.0
841,151.04169119834688,8.0,151.04074142110417,151.04233533543942,3.150362391789208,0.004411646306015756,0.0,0.0,0.0,0.0,0.0
842,151.07544764517468,32.0,151.0740828567936,151.076404728849,5.4862879133298845,0.007775997691448182,0.0,0.0,0.0,0.0,0.0
843,151.09568785431213,28.0,151.09405314270825,151.09697490303722,9.384749708986503,0.010696545098293915,0.0,0.0,0.0,0.0,0.0
844,151.21715127429434,3.0,151.21669581089196,151.2181762622237,5.4390190208293,0.0021146603736211037,0.0,0.0,0.0,0.0,0.0
845,151.5870918742566,4.0,151.58440749750508,151.5892899062225,20.985653598600326,0.0027379034729680964,0.0,0.0,0.0,0.0,0.0
846,151.61041087218692,3.0,151.60987712210246,151.61208850269122,8.1033008517178,0.0035826218531582817,0.0,0.0,0.0,0.0,0.0
847,152.10695715521393,6.0,152.10299891807412,152.10925618905287,17.38077582728528,0.003595153618143483,0.0,0.0,0.0,0.0,0.0
848,153.0366878964781,3.0,153.0352617980906,153.0382751555991,10.939125302237347,0.0023057468701378927,0.0,0.0,0.0,0.0,0.0
849,154.52017874093048,3.0,154.51934037977364,154.52159133369514,8.092988026442306,0.0015552910293361304,0.0,0.0,0.0,0.0,0.0
850,154.60990996770502,3.0,154.6076678898247,154.61188871251363,15.166566582700746,0.0026388890009368185,0.0,0.0,0.0,0.0,0.0
851,157.03148820297872,3.0,157.0305927583489,157.0323758953356,6.308490549341972,0.003752356074872767,0.0,0.0,0.0,0.0,0.0
852,157.15768300224326,3.0,157.15626237673692,157.1581020080533,6.503133530999124,0.0029662380348103937,0.0,0.0,0.0,0.0,0.0
853,157.7440135286041,3.0,157.74155814585785,157.74554283835084,14.033610544897632,0.002944379642641746,0.0,0.0,0.0,0.0,0.0
854,158.8990697731495,3.0,158.8963739234916,158.90126392432424,17.096809522721166,0.004557933058322782,0.0,0.0,0.0,0.0,0.0
855,159.2110446676289,4.0,159.2081953746504,159.21205186025585,10.616762120201534,0.003164431493086852,0.0,0.0,0.0,0.0,0.0
856,161.08091529849662,4.0,161.08033278299175,161.08138144283015,2.0393595858506584,0.0012465083477910274,0.0,0.0,0.0,0.0,0.0
857,161.50785259035888,4.0,161.50560865882125,161.5113188954687,22.13198035882078,0.0030791167487338486,0.0,0.0,0.0,0.0,0.0
858,162.14875736602315,6.0,162.14766562918985,162.15087776936574,3.6776152873352066,0.009986381312381958,0.0,0.0,0.0,0.0,0.0
859,163.06067536890788,1587.0,163.05980735457553,163.0614966148752,3.7196516019589443,1.0409746511736517,0.0,3.785671317881058,0.0,0.0,2.0892283610922546
860,163.14529975860674,4.0,163.14420329644315,163.14646646584526,5.485209542775073,0.0038634577505238963,0.0,0.0,0.0,0.0,0.0
861,163.2540766606561,3.0,163.25229925206338,163.25516962468836,9.767912023536377,0.0024232039768871303,0.0,0.0,0.0,0.0,0.0
862,163.57522355031256,3.0,163.57451275911285,163.57636988107265,6.307400348941112,0.0012911469739627082,0.0,0.0,0.0,0.0,0.0
863,165.09015568651114,10.0,165.08749060772902,165.09186169283825,8.959591073075512,0.0034822938363144613,0.0,0.0,0.0,0.0,0.0
864,165.47972892415507,3.0,165.477278694361,165.48015704149026,9.663308907213818,0.0015663378192900086,0.0,0.0,0.0,0.0,0.0
865,167.03931726827642,78.0,167.03659926639986,167.04120794132058,18.3519123743015,0.021828986704866375,0.0,0.0,0.0,0.0,0.0
866,167.0553242139673,4754.0,167.05499872726517,167.05582141730676,1.4009236022467355,33.12686439131925,21.515882273596635,44.23637453001294,35.24384368251235,24.952305588339485,41.875595338022904
867,167.07321213919704,282.0,167.0700809313143,167.07370091196577,5.195872596560012,0.13213022386512904,0.0,0.0,0.0,0.0,0.0
868,168.0561050344606,2380.0,168.0551160954602,168.057356196219,5.171228642355594,1.1299981065939484,0.0,2.7191114302352783,0.0,0.0,2.2064822272965414
869,168.13872364834666,5.0,168.13826769263542,168.1388123659237,1.3393538149012922,0.0059592842204316395,0.0,0.0,0.0,0.0,0.0
870,168.36190771396036,3.0,168.3612043071776,168.36221908448775,3.348531624435439,0.0026989458446042562,0.0,0.0,0.0,0.0,0.0
871,168.51623066723653,3.0,168.51524735124661,168.51677269732255,5.028681707827637,0.0020327362976501557,0.0,0.0,0.0,0.0,0.0
872,168.5914307069943,5.0,168.58922224782503,168.59555707304798,19.13310418091738,0.0033589556118919727,0.0,0.0,0.0,0.0,0.0
873,169.05547314344588,12.0,169.05215650720976,169.0593502382959,26.9960551517822,0.0060143938080104665,0.0,0.0,0.0,0.0,0.0
874,169.08586650908268,490.0,169.08535871071481,169.08656253359132,2.723589601762782,1.1381727440920002,0.0,1.04725672957774,0.0,0.0,0.0
875,169.10157446698048,5.0,169.09996514339127,169.10401598057456,12.943111287816732,0.0024411008751984127,0.0,0.0,0.0,0.0,0.0
876,170.0892666658746,38.0,170.08838756783953,170.0905229890299,3.7692455743918476,0.01351047906764299,0.0,0.0,0.0,0.0,0.0
877,171.76674599746363,3.0,171.76651428427203,171.7681780467219,5.3812073272330805,0.003484874093944676,0.0,0.0,0.0,0.0,0.0
878,173.09652168845244,5.0,173.09619414149503,173.09797223305267,0.6583115668864968,0.003439002829277796,0.0,0.0,0.0,0.0,0.0
879,173.34219205296188,4.0,173.33842807424887,173.34601498013836,23.344840197573753,0.0037882496319013867,0.0,0.0,0.0,0.0,0.0
880,174.89402018479936,3.0,174.89191425678948,174.89438125368784,7.836481950347038,0.0034894441852008524,0.0,0.0,0.0,0.0,0.0
881,175.07543108354201,18.0,175.07458918477755,175.0768847912647,2.434684098135161,0.0037086650512714293,0.0,0.0,0.0,0.0,0.0
882,176.00644276863324,3.0,176.0038412763717,176.00735493254825,11.090680423282281,0.0019071044751126003,0.0,0.0,0.0,0.0,0.0
883,176.05631356265584,6.0,176.0551728607196,176.0570559443552,8.182117369040023,0.002614160130899718,0.0,0.0,0.0,0.0,0.0
884,176.1065994823624,5.0,176.10337652002477,176.1087880511144,18.105120132704695,0.0022389686518489394,0.0,0.0,0.0,0.0,0.0
885,176.49114148732784,3.0,176.48866864301021,176.49132114693913,8.349502878200513,0.0036451817829095496,0.0,0.0,0.0,0.0,0.0
886,177.06524956523776,3.0,177.06429296302534,177.06591695170647,5.095386792030094,0.0015354435567882122,0.0,0.0,0.0,0.0,0.0
887,177.11239153461344,35.0,177.11092655316062,177.1130483149213,3.5216783488055783,0.02175358381440266,0.0,0.0,0.0,0.0,0.0
888,177.14112683718494,3.0,177.14059179561124,177.14314528754602,8.008341460495714,0.0037238835928152217,0.0,0.0,0.0,0.0,0.0
889,178.9236322579821,3.0,178.92249269000538,178.92598571602264,10.845800440695527,0.0019308213117904534,0.0,0.0,0.0,0.0,0.0
890,180.02392408394894,3.0,180.02271605229578,180.02444733353002,5.342750486030874,0.0019524624739656123,0.0,0.0,0.0,0.0,0.0
891,180.0810574250919,24.0,180.08024673513393,180.08179495756158,3.5611177076340983,0.015752681928146595,0.0,0.0,0.0,0.0,0.0
892,180.1506737205896,3.0,180.14797656707137,180.15136252702376,10.44175313703764,0.0025034036202613227,0.0,0.0,0.0,0.0,0.0
893,180.82871318304265,3.0,180.82709932659506,180.83038542715323,10.095804969739435,0.004883150120033836,0.0,0.0,0.0,0.0,0.0
894,181.07124844949624,1142.0,181.0701081815893,181.07214546145983,3.9392452032188334,0.6318415262617461,0.0,2.638764891277262,0.0,0.0,0.0
895,181.3439166876049,3.0,181.34211036284572,181.34432588343506,6.787350766003315,0.001928202801560186,0.0,0.0,0.0,0.0,0.0
896,181.4288482707773,3.0,181.4265541805525,181.42943752486224,8.829124834041703,0.0023544802948448395,0.0,0.0,0.0,0.0,0.0
897,181.73178927126443,5.0,181.73120774610013,181.73477356822778,16.69926212065013,0.0021280308785950443,0.0,0.0,0.0,0.0,0.0
898,182.081460237931,5.0,182.08065698632942,182.0817667463337,4.031185466364718,0.0035559266635539918,0.0,0.0,0.0,0.0,0.0
899,183.06494517515543,14.0,183.06431917189488,183.06654638694692,5.027804418485931,0.013845994932600471,0.0,0.0,0.0,0.0,0.0
900,183.10166356423937,229.0,183.10096093732835,183.1025032851983,3.2250239458109053,0.21049655921309068,0.0,0.0,0.0,0.0,0.0
901,183.58812307641784,3.0,183.5877723865354,183.5906443330127,8.690789981379213,0.0016468329031920628,0.0,0.0,0.0,0.0,0.0
902,184.13290448202696,4.0,184.13274410656857,184.13428963833178,3.0724885165636007,0.010097171560247623,0.0,0.0,0.0,0.0,0.0
903,184.53196903393317,3.0,184.5302717427902,184.53226490030494,6.000639001456756,0.004850925088057533,0.0,0.0,0.0,0.0,0.0
904,185.01203781808937,10.0,185.01008445285947,185.01359684665286,7.257220920467162,0.009407918499396508,0.0,0.0,0.0,0.0,0.0
905,185.16460641117584,3.0,185.16456430297313,185.1655986414173,3.1033601944311315,0.0009111731170110282,0.0,0.0,0.0,0.0,0.0
906,186.05404105165388,8.0,186.0528783656228,186.05477304438207,3.3399412258484547,0.004028175973076822,0.0,0.0,0.0,0.0,0.0
907,187.00806536583042,4.0,187.00716655440766,187.0084678402319,4.23384014010645,0.0046264795540702655,0.0,0.0,0.0,0.0,0.0
908,187.09634200723656,554.0,187.09562298768543,187.0972827295726,2.7134979931894594,1.535315592337585,0.0,2.227974747157976,0.0,0.0,0.0
909,187.75563586157364,3.0,187.75516669303917,187.7575548014181,7.06624262485216,0.001530249126749927,0.0,0.0,0.0,0.0,0.0
910,188.07109804519928,3.0,188.07047406071064,188.07182193801341,3.981583196600326,0.002815702424316065,0.0,0.0,0.0,0.0,0.0
911,188.09993378427407,58.0,188.09864039328076,188.10112167290222,5.076704562438994,0.02772926600127447,0.0,0.0,0.0,0.0,0.0
912,188.37766996217084,3.0,188.3751768801809,188.38026648395936,15.010046866380032,0.002840261022737958,0.0,0.0,0.0,0.0,0.0
913,188.8932109263294,3.0,188.8931222225923,188.89358120137877,1.3499067194729615,0.0027724906691040862,0.0,0.0,0.0,0.0,0.0
914,189.1129333134599,3.0,189.11280105313847,189.11331420580646,1.5074844989248868,0.0017374012708190343,0.0,0.0,0.0,0.0,0.0
915,190.1225803717961,337.0,190.1217945129827,190.1235466988524,3.2442851426582195,0.6241860600074233,0.0,0.0,0.0,0.0,0.0
916,191.10725874009253,5.0,191.105695541421,191.10756653540278,1.3409471176372063,0.0033755381007467113,0.0,0.0,0.0,0.0,0.0
917,191.1263745128205,15.0,191.12409567207007,191.1280374459086,5.659102551260985,0.004502620849425559,0.0,0.0,0.0,0.0,0.0
918,192.25700285606743,3.0,192.25576667895615,192.25851578357813,7.943951704580198,0.001986143435527541,0.0,0.0,0.0,0.0,0.0
919,192.7542789952158,4.0,192.75286469999907,192.75530167630663,9.256309074907739,0.0032656264321727422,0.0,0.0,0.0,0.0,0.0
920,193.06176810195572,5.0,193.06001478885923,193.06269135665198,9.37858171160359,0.0014177713497599577,0.0,0.0,0.0,0.0,0.0
921,193.0861508354673,16.0,193.08436083668735,193.08715527507934,7.4568587505337565,0.004383986892745162,0.0,0.0,0.0,0.0,0.0
922,194.1183413522894,4.0,194.11654382452352,194.11860104613186,4.322360084118172,0.0019951901432010795,0.0,0.0,0.0,0.0,0.0
923,195.0220195852322,3.0,195.02117583379888,195.02401080531962,8.075929997682083,0.0025007192909539838,0.0,0.0,0.0,0.0,0.0
924,195.08686194657702,6.0,195.08614521067182,195.08769147809883,3.7060268132212766,0.005311699196693716,0.0,0.0,0.0,0.0,0.0
925,195.1229700622322,10.0,195.12245579080644,195.12379239117797,2.617180908501117,0.003646263684242309,0.0,0.0,0.0,0.0,0.0
926,195.1492095939478,61.0,195.14837908981477,195.15041059354093,4.699878531833587,0.0527418486970678,0.0,0.0,0.0,0.0,0.0
927,196.1332763089749,14.0,196.13251044565342,196.13398259417252,3.1370275526974982,0.011054817170334767,0.0,0.0,0.0,0.0,0.0
928,196.94873410769208,4.0,196.9475766383829,196.9512008278738,9.259736069695485,0.002448018241867784,0.0,0.0,0.0,0.0,0.0
929,198.1486604640674,8.0,198.1481556568796,198.1490601444349,2.1521666994312563,0.005786266838824735,0.0,0.0,0.0,0.0,0.0
930,199.62557487558772,25.0,199.623725450645,199.62744544414545,6.062982260202477,0.010046823930357619,0.0,0.0,0.0,0.0,0.0
931,200.0918514100661,5.0,200.0918049427416,200.09222625506757,1.0081140722614086,0.003019703733890598,0.0,0.0,0.0,0.0,0.0
932,200.1379530086346,3.0,200.13719924434432,200.1401799889544,8.274138927266579,0.002638683303488499,0.0,0.0,0.0,0.0,0.0
933,200.47005131717373,3.0,200.46946197004047,200.47015079731716,1.9089226439010984,0.0019661253315886398,0.0,0.0,0.0,0.0,0.0
934,201.0923033012308,15.0,201.09179656127486,201.09328147782654,1.164423567094838,0.0066435187297546865,0.0,0.0,0.0,0.0,0.0
935,201.11231035888832,317.0,201.1113424898805,201.1132200113167,3.2655385530339136,0.40579821809302075,0.0,0.0,0.0,0.0,0.0
936,202.0150044569565,3.0,202.0125191854434,202.01539959516242,7.921330526814966,0.0015186922575984442,0.0,0.0,0.0,0.0,0.0
937,202.11560904443957,14.0,202.1139522910034,202.11676993933702,4.801175158006219,0.003710372972575287,0.0,0.0,0.0,0.0,0.0
938,203.02285671547284,8.0,203.02077321788707,203.02386152540154,4.479413640497911,0.010770751524352883,0.0,0.0,0.0,0.0,0.0
939,205.1332553611637,3.0,205.1314163830111,205.13460204665975,8.627626637248126,0.0014623593816393769,0.0,0.0,0.0,0.0,0.0
940,207.0330301421837,386.0,207.03102624193147,207.03487823176212,8.626210416650613,0.152384446479544,0.0,0.0,0.0,0.0,0.0
941,207.0870250757579,1291.0,207.08540934635965,207.09037843420526,6.695159751679592,0.5331737265616752,0.0,1.8539749915276569,0.0,0.0,1.0918149902585186
942,208.07472812628401,4.0,208.0743958283224,208.07600581546413,4.480624676740395,0.0028161681774306105,0.0,0.0,0.0,0.0,0.0
943,208.09505191992565,17.0,208.09301596675746,208.0969565580401,9.132114121464262,0.0070823588013348045,0.0,0.0,0.0,0.0,0.0
944,209.01283765593516,13.0,209.00690171564818,209.01554262446416,20.463127351000807,0.006629891420943034,0.0,0.0,0.0,0.0,0.0
945,209.11770463755076,16.0,209.11523449045808,209.11843793598752,4.360124171391747,0.011997982962275881,0.0,0.0,0.0,0.0,0.0
946,209.12860601894937,101.0,209.12741668922007,209.129717081208,3.5229823392410706,0.055407168713423514,0.0,0.0,0.0,0.0,0.0
947,210.0659087098136,3.0,210.06556688369818,210.06805912789562,6.591169972272881,0.003424923986754282,0.0,0.0,0.0,0.0,0.0
948,210.1488475174568,45.0,210.14773598844164,210.15004448721754,4.07604843496983,0.04169648205762872,0.0,0.0,0.0,0.0,0.0
949,211.0967891805917,13.0,211.09577977348704,211.1003883600721,8.562433291102627,0.005379992523199437,0.0,0.0,0.0,0.0,0.0
950,211.1480397554713,25.0,211.14375296489663,211.15287537115285,37.11255007729278,0.015164074039398312,0.0,0.0,0.0,0.0,0.0
951,212.1539039933455,3.0,212.15248556140398,212.15394043615956,3.809799102851972,0.0015080150302061524,0.0,0.0,0.0,0.0,0.0
952,212.63358009861568,87.0,212.63255781925494,212.63513349433347,4.788148414658898,0.057626183791270234,0.0,0.0,0.0,0.0,0.0
953,213.0240870053414,4.0,213.02310978193466,213.02444606628492,2.5057146764154794,0.005253737257368977,0.0,0.0,0.0,0.0,0.0
954,213.0972345420735,7.0,213.09646832894492,213.09785783822343,2.9929644968163864,0.009526884651940523,0.0,0.0,0.0,0.0,0.0
955,213.13470423211476,8.0,213.1331399000358,213.13634733527235,7.694626971777075,0.0022658362902299,0.0,0.0,0.0,0.0,0.0
956,214.1440096425339,8.0,214.14226626805666,214.1446054377864,5.064957309860478,0.01078452622872567,0.0,0.0,0.0,0.0,0.0
957,214.91794645017347,9.0,214.91682549088938,214.9187010187679,4.407977336413611,0.00999949271855934,0.0,0.0,0.0,0.0,0.0
958,215.03649605295067,7.0,215.03473085910548,215.03912210870794,4.953076258919025,0.0030581958691811508,0.0,0.0,0.0,0.0,0.0
959,215.07532770209258,12.0,215.07432737374384,215.07690030428932,4.669087126454212,0.01950472132467633,0.0,0.0,0.0,0.0,0.0
960,215.11277498493297,7.0,215.11187317369237,215.11466211322414,4.289465137017644,0.006082604652288065,0.0,0.0,0.0,0.0,0.0
961,215.4420247629436,3.0,215.4411944700177,215.44292270364818,4.456557608834156,0.002252729579039469,0.0,0.0,0.0,0.0,0.0
962,218.99487083007512,10.0,218.99312197494356,218.99600728859647,4.603602500247828,0.0067332580345809325,0.0,0.0,0.0,0.0,0.0
963,219.5047861236436,3.0,219.50337700218992,219.50702893961494,9.242869646852565,0.003927026529714478,0.0,0.0,0.0,0.0,0.0
964,222.08303079751386,16.0,222.08194432999852,222.083702919524,3.522278449417139,0.005664465933226156,0.0,0.0,0.0,0.0,0.0
965,223.06385735979256,4034.0,223.0626615118533,223.06486829569954,3.9467612387642435,4.736415053204629,0.0,6.858716792651809,5.325948932584538,4.346966457405338,6.08738662719103
966,223.0872475106514,83.0,223.08599675297245,223.0885951725234,4.058553662114989,0.0957174009810684,0.0,0.0,0.0,0.0,0.0
967,223.73525764993144,3.0,223.73499495625887,223.7377061728149,6.732204105176526,0.0012787751112876922,0.0,0.0,0.0,0.0,0.0
968,224.06429098828266,100.0,224.0612535379889,224.06756857857164,8.251966719752206,0.026904970923403083,0.0,0.0,0.0,0.0,0.0
969,225.016751650584,21.0,225.01355220667452,225.01981411392268,17.288719480092944,0.009536343559482578,0.0,0.0,0.0,0.0,0.0
970,225.04270541390954,4732.0,225.04208602949743,225.04353993227485,2.136816324244351,18.164084079342793,15.463871884986828,21.07148100462201,18.578205731405987,17.165496205518274,19.82989136767796
971,225.0694286224143,126.0,225.06601670455603,225.0706630535338,12.666480583872179,0.04155768819898964,0.0,0.0,0.0,0.0,0.0
972,226.04357470113132,1865.0,226.04198078566642,226.04551903645594,5.82601986953547,0.7413470189295223,0.0,2.1387664731610316,0.0,0.0,1.616527418255175
973,226.14569348747767,3.0,226.1451462874049,226.14758307272277,5.986271947771886,0.001637751590477367,0.0,0.0,0.0,0.0,0.0
974,227.0221449517989,1261.0,227.02076834657328,227.02400436327497,4.987667318095545,0.42511154057386574,0.0,1.6687383499546522,0.0,0.0,1.0049335882901047
975,227.0405060037462,9.0,227.03931656737848,227.0428185555372,6.590029351521906,0.006720021971792228,0.0,0.0,0.0,0.0,0.0
976,227.12801707019537,283.0,227.1270342973481,227.1290365271648,3.3131265411991224,0.32653240455751387,0.0,0.0,0.0,0.0,0.0
977,227.1753751398311,9.0,227.17340752048972,227.17623184423377,3.082337263496035,0.004511674311651128,0.0,0.0,0.0,0.0,0.0
978,228.10532551224688,25.0,228.104302848747,228.10666305004187,4.438579553593323,0.017172809687763052,0.0,0.0,0.0,0.0,0.0
979,228.13082100999625,15.0,228.1290655554991,228.13392594076845,4.3328752573128195,0.0045006775663529505,0.0,0.0,0.0,0.0,0.0
980,228.15938446639257,13.0,228.15690665962745,228.16030107745735,4.594004070982295,0.006761152742833759,0.0,0.0,0.0,0.0,0.0
981,229.10533510078744,4.0,229.10483274696514,229.10599226441326,2.073278266921585,0.0011579515983322233,0.0,0.0,0.0,0.0,0.0
982,231.75981608749987,3.0,231.75949488520476,231.76050909112237,2.4311709490107107,0.0034763574547346555,0.0,0.0,0.0,0.0,0.0
983,232.64914015254334,14.0,232.6477323178617,232.651122924815,5.186100763702056,0.005604474742598753,0.0,0.0,0.0,0.0,0.0
984,232.9275842825675,5.0,232.92650107857412,232.92895053411536,4.539778468214804,0.0033439574234658247,0.0,0.0,0.0,0.0,0.0
985,233.05796438520383,5.0,233.05724882098218,233.05871364512566,4.520826708587762,0.0037523467420573385,0.0,0.0,0.0,0.0,0.0
986,235.0968193568523,3.0,235.0965494431,235.0975803507278,2.436130192913449,0.002851504933174792,0.0,0.0,0.0,0.0,0.0
987,235.14415556285067,228.0,235.14297940711697,235.14523362742727,3.24612145241962,0.2805384520257968,0.0,0.0,0.0,0.0,0.0
988,236.96403334366994,8.0,236.9637102270889,236.9650556402043,2.6781089440664347,0.0053769886549576975,0.0,0.0,0.0,0.0,0.0
989,237.18460719627495,8.0,237.18025180654746,237.1865736974423,7.556859011382427,0.004251268864887988,0.0,0.0,0.0,0.0,0.0
990,238.4553442250388,3.0,238.4540401099666,238.45566797831478,3.7926233421031204,0.001435542545064345,0.0,0.0,0.0,0.0,0.0
991,239.0949230332528,681.0,239.0933003578579,239.0973145242353,6.563332092676551,0.19853161893300503,0.0,1.1624709922295793,0.0,0.0,0.0
992,241.01659289947466,8.0,241.0154110997259,241.01841635067916,5.442249991137161,0.004080870086996247,0.0,0.0,0.0,0.0,0.0
993,241.0921944362448,17.0,241.09035095950009,241.09354783706675,5.6127071017908285,0.05100045255038272,0.0,0.0,0.0,0.0,0.0
994,241.14368702980877,126.0,241.14094597830598,241.14529540164202,5.083681664584322,0.08508779829761694,0.0,0.0,0.0,0.0,0.0
995,242.09407639098197,4.0,242.09342399516268,242.0951524816939,4.421247266937257,0.0032749083396447854,0.0,0.0,0.0,0.0,0.0
996,242.15130293426475,12.0,242.14695454274343,242.15377335888252,5.283728654976812,0.0033974747835992893,0.0,0.0,0.0,0.0,0.0
997,243.0349091573549,5.0,243.03176509196814,243.03513784677676,8.953874854350248,0.004672322469888374,0.0,0.0,0.0,0.0,0.0
998,243.05403188026725,18.0,243.05322509450386,243.05775669832718,2.381737268023452,0.024486866162897938,0.0,0.0,0.0,0.0,0.0
999,243.1711970612168,3.0,243.17074697050518,243.17203480388952,2.9422193085652877,0.003539569210246852,0.0,0.0,0.0,0.0,0.0
1000,244.09579515713347,6.0,244.0951840356194,244.09677373235698,2.751656295340423,0.009459562581529532,0.0,0.0,0.0,0.0,0.0
1001,245.08631956052173,3.0,245.08626081103694,245.08666370588588,0.9132719935970729,0.0022836814076109585,0.0,0.0,0.0,0.0,0.0
1002,245.13802310154176,77.0,245.13704849271457,245.1397905727445,3.567464145685148,0.044041224232524025,0.0,0.0,0.0,0.0,0.0
1003,245.18736063259138,4.0,245.1849232592537,245.18868727655376,7.537639070279002,0.0018731954856346842,0.0,0.0,0.0,0.0,0.0
1004,247.17744566237067,3.0,247.17530701906855,247.1777714300433,5.539005407698159,0.0017153417883603629,0.0,0.0,0.0,0.0,0.0
1005,253.30902137888296,3.0,253.3064399067718,253.3105623657458,9.041347888385733,0.0019050544335356915,0.0,0.0,0.0,0.0,0.0
1006,255.1597799882843,154.0,255.158289013467,255.16132210845214,3.8533711724524133,0.18970412041576065,0.0,0.0,0.0,0.0,0.0
1007,255.6613919761961,43.0,255.65913866108187,255.66350709877113,4.842200710889421,0.027151315812440915,0.0,0.0,0.0,0.0,0.0
1008,257.0496509395531,6.0,257.04864873665895,257.05145884371836,4.302257530762149,0.007477163191303164,0.0,0.0,0.0,0.0,0.0
1009,257.0697200736489,15.0,257.0675556358775,257.0717175369783,5.276380038265334,0.009584104713007503,0.0,0.0,0.0,0.0,0.0
1010,258.0728793881833,6.0,258.07178762715506,258.07352749186464,2.630392726004932,0.005346871596302518,0.0,0.0,0.0,0.0,0.0
1011,259.02633672575337,12.0,259.0241291249729,259.0275474924107,4.690796625702067,0.012914979258663613,0.0,0.0,0.0,0.0,0.0
1012,259.04939041031014,11.0,259.0489766923526,259.05169455139924,4.189813056440914,0.01674461450643083,0.0,0.0,0.0,0.0,0.0
1013,259.1026871190832,23.0,259.10228118912164,259.1043629904996,1.7761462163209432,0.1282046789583469,0.0,0.0,0.0,0.0,0.0
1014,259.1541395498708,317.0,259.1529154006975,259.1555085261097,3.1443225265839296,0.4079166104329915,0.0,0.0,0.0,0.0,0.0
1015,259.3325230532917,3.0,259.33198427861953,259.33384564913734,3.9875242792063466,0.0023043404846344205,0.0,0.0,0.0,0.0,0.0
1016,260.10459568878167,11.0,260.10376498563653,260.10576849066786,4.25286526919272,0.01032849650561276,0.0,0.0,0.0,0.0,0.0
1017,260.1577125976369,19.0,260.15491679172544,260.1588746230006,6.982686445489015,0.005517395210586665,0.0,0.0,0.0,0.0,0.0
1018,261.0645359770539,13.0,261.0632137785129,261.06579140531227,5.167453783239175,0.02096452789575319,0.0,0.0,0.0,0.0,0.0
1019,261.12537949250714,3.0,261.1248150720372,261.1253805114203,1.2029967797421277,0.0007593034144569473,0.0,0.0,0.0,0.0,0.0
1020,261.1597027216517,15.0,261.1568638357911,261.1612173721008,6.455167308289149,0.005595239050749909,0.0,0.0,0.0,0.0,0.0
1021,262.97918136895686,10.0,262.97836674125347,262.9802440835074,3.3907809643260656,0.012653045718799308,0.0,0.0,0.0,0.0,0.0
1022,267.17531094340006,6.0,267.17405107876664,267.1765461127686,3.8815121831388386,0.004966244125366834,0.0,0.0,0.0,0.0,0.0
1023,269.0501555961865,3.0,269.04965329532297,269.05172287643126,4.2734310257717105,0.0032019864241096094,0.0,0.0,0.0,0.0,0.0
1024,273.0429256409976,3.0,273.04220085123984,273.0436991876229,3.0486382305495585,0.0036137327956907665,0.0,0.0,0.0,0.0,0.0
1025,273.118238923539,12.0,273.11669375796635,273.1202541285328,7.261451788781925,0.012827493529043719,0.0,0.0,0.0,0.0,0.0
1026,273.1671172725755,12.0,273.1639486276871,273.1693720104933,6.185868956852272,0.0078040838980270215,0.0,0.0,0.0,0.0,0.0
1027,275.0802935125796,7.0,275.0792651338719,275.0812452110572,4.1760255208631,0.005675046755429029,0.0,0.0,0.0,0.0,0.0
1028,275.1755258955899,314.0,275.1741360193465,275.1771562394207,3.7307143830568257,0.28968386269130736,0.0,0.0,0.0,0.0,0.0
1029,275.67681172221273,35.0,275.6750261550127,275.6798960178252,6.060359682029037,0.017794693240951846,0.0,0.0,0.0,0.0,0.0
1030,276.08519669917894,8.0,276.0830778584572,276.08745712523057,8.317161376162144,0.005707207771062662,0.0,0.0,0.0,0.0,0.0
1031,277.036543218905,4.0,277.035178281728,277.03791856347044,4.31452919901427,0.0021874838528542686,0.0,0.0,0.0,0.0,0.0
1032,277.06300344433816,4.0,277.0600506516613,277.06464987463096,9.51928762630163,0.004206602019252157,0.0,0.0,0.0,0.0,0.0
1033,280.74003188006566,3.0,280.7382603182778,280.7406839251375,4.796067900872791,0.0035328838978186537,0.0,0.0,0.0,0.0,0.0
1034,285.00983058851506,2192.0,285.0075047203365,285.01208140405805,5.949817741954072,0.9717832663165216,0.0,2.520782474336108,0.0,0.0,1.9602781075131273
1035,285.1846665108433,3.0,285.1845006409638,285.1862460878252,3.4002273426618435,0.001986230536948871,0.0,0.0,0.0,0.0,0.0
1036,287.1456934246162,8.0,287.14271523366716,287.14633316831026,6.078171469285237,0.0027981742980801505,0.0,0.0,0.0,0.0,0.0
1037,287.60135958120395,3.0,287.59996803269536,287.6015085565507,2.975808555165152,0.0031149315515905064,0.0,0.0,0.0,0.0,0.0
1038,288.9589241953329,3.0,288.95833186440325,288.95942011890236,2.0922898800086163,0.0019411192764144012,0.0,0.0,0.0,0.0,0.0
1039,296.3885897467749,3.0,296.38699369099436,296.38895267153555,3.6719447390416393,0.002398564848307329,0.0,0.0,0.0,0.0,0.0
1040,297.167922007657,3.0,297.16787469259447,297.1687749345882,1.683002786934963,0.0013012572781692473,0.0,0.0,0.0,0.0,0.0
1041,299.0617160880604,2103.0,299.0595298788409,299.0643237071189,6.170606549348205,0.9089154169735526,0.0,2.4260740545406954,0.0,0.0,1.894532992434775
1042,299.1976588616315,4.0,299.19421799249136,299.1987702557119,9.452912679541964,0.0012050319736684567,0.0,0.0,0.0,0.0,0.0
1043,301.07579251672183,4.0,301.0745979689984,301.0768060061701,5.4983244209354405,0.004993801434614139,0.0,0.0,0.0,0.0,0.0
1044,306.1926172852987,3.0,306.19041114334743,306.1951413502192,8.582482261743023,0.002471154407898413,0.0,0.0,0.0,0.0,0.0
1045,310.1104021852382,8.0,310.1087781518153,310.1122874854558,6.606634650169677,0.0038890563888653133,0.0,0.0,0.0,0.0,0.0
1046,313.075446943252,4.0,313.0741755258253,313.077844802215,5.748800545704229,0.004087343512367918,0.0,0.0,0.0,0.0,0.0
1047,317.7021609987862,47.0,317.6992321857011,317.7050785644951,7.375784541885329,0.027773870185028502,0.0,0.0,0.0,0.0,0.0
1048,318.2054255086823,9.0,318.2023097059584,318.2083741534503,6.847511290650315,0.004972654670836492,0.0,0.0,0.0,0.0,0.0
1049,319.1880418822741,38.0,319.1862476094732,319.1909387620008,5.705012611453684,0.03722015386900204,0.0,0.0,0.0,0.0,0.0
1050,324.98648648879663,4706.0,324.98513147791584,324.9880419175279,3.178929476638501,13.65377424686133,9.987642031340451,18.62335612359404,13.10857736672013,11.24475742623602,16.240628167326847
1051,325.0305777929702,64.0,325.0234194655807,325.03442525687086,11.706313241454492,0.018528373239265424,0.0,0.0,0.0,0.0,0.0
1052,325.128635280758,6.0,325.127608373377,325.1299931066564,2.6023949431393163,0.00246679288751927,0.0,0.0,0.0,0.0,0.0
1053,325.98768093690603,2262.0,325.98459026945847,325.9904814437782,6.946291538362743,1.070445186532396,0.0,2.761893495381903,0.0,0.0,2.000748786599443
1054,326.98457816110806,10.0,326.9820443248929,326.9863041385368,3.8669911765437956,0.004611053041723052,0.0,0.0,0.0,0.0,0.0
1055,328.1206075199667,13.0,328.1178184487919,328.1229318314591,4.136618297837798,0.0049294726050352015,0.0,0.0,0.0,0.0,0.0
1056,335.1627300782115,8.0,335.161501543363,335.16300893425404,2.7362774899976,0.004144050027298861,0.0,0.0,0.0,0.0,0.0
1057,337.2122521966438,3.0,337.21212353891553,337.21270817416263,0.9631837437129607,0.001554145577748332,0.0,0.0,0.0,0.0,0.0
1058,338.21760516783684,4.0,338.21635332453394,338.2187335954202,6.442503588910562,0.001242913674340058,0.0,0.0,0.0,0.0,0.0
1059,340.9688035717994,57.0,340.96395298628624,340.9778983191416,24.88077810004542,0.023780904437543236,0.0,0.0,0.0,0.0,0.0
1060,341.017614674941,4783.0,341.01673751281464,341.0189082801188,1.9466560448183394,27.054067063328667,17.49808089018145,38.77512579812659,25.196924307794525,19.638823141980417,34.51075618090342
1061,341.06564748181836,412.0,341.05840736306766,341.0674776828316,3.563264452700457,0.17476377694217984,0.0,0.0,0.0,0.0,0.0
1062,342.0191334648579,3962.0,342.01642826572794,342.02139901870413,5.540528278878036,3.4901678950338155,0.0,6.493733062332577,3.375638138123407,2.346116411435013,4.717797255671014
1063,342.10987283152247,10.0,342.10829628111355,342.1129471253388,6.991644416851987,0.00567772682221267,0.0,0.0,0.0,0.0,0.0
1064,342.94528294171255,6.0,342.9438734533311,342.94773748435057,4.1824689958328065,0.0018505461740915506,0.0,0.0,0.0,0.0,0.0
1065,342.9968101328558,4409.0,342.99544027512087,342.99875044816883,3.265777773515276,10.18563514218029,5.599159634415803,14.018460320981214,11.280360802379555,8.364846759441907,12.982303846329494
1066,343.0158310828765,13.0,343.0138164766153,343.01805673742393,5.165529479932439,0.03394681632259724,0.0,0.0,0.0,0.0,0.0
1067,343.1392253330832,22.0,343.13662170190906,343.1410312465447,7.494856535806382,0.015431499230138953,0.0,0.0,0.0,0.0,0.0
1068,343.99785944253955,2121.0,343.995362329592,344.00083214909176,5.682143805103243,0.9189266378909875,0.0,2.446032518081812,0.0,0.0,1.9240112226800938
1069,344.3101852537965,3.0,344.30933213292053,344.3107912408351,2.354317539294958,0.001652918687796308,0.0,0.0,0.0,0.0,0.0
1070,344.99547768994705,9.0,344.9944959578968,344.9960912979925,1.7768013036200634,0.0060647928151657165,0.0,0.0,0.0,0.0,0.0
1071,345.10308450835964,4.0,345.1008411023842,345.10411733138073,4.952026298643619,0.0037258781881346825,0.0,0.0,0.0,0.0,0.0
1072,345.1882396327643,37.0,345.1870053889897,345.1914181652444,3.6370812267511314,0.11065750286936012,0.0,0.0,0.0,0.0,0.0
1073,346.1914871200994,8.0,346.1902230296697,346.1934668401546,4.698909411417496,0.003984294299865327,0.0,0.0,0.0,0.0,0.0
1074,346.9999764651549,10.0,346.9968846303553,347.0024590967473,5.363497519196655,0.014552174073727506,0.0,0.0,0.0,0.0,0.0
1075,347.1729409171222,5.0,347.1729213800508,347.175382246877,5.853224780984788,0.004682664751201879,0.0,0.0,0.0,0.0,0.0
1076,352.1637157023701,3.0,352.1617579925964,352.16441833353696,4.196818477608292,0.0006590915500388984,0.0,0.0,0.0,0.0,0.0
1077,354.1546944174353,3.0,354.1524357917609,354.15559383341963,4.9539583007840235,0.002716816024830126,0.0,0.0,0.0,0.0,0.0
1078,355.0697006422167,469.0,355.066748827096,355.0744174763871,9.405859670380575,0.1339941938363058,0.0,0.0,0.0,0.0,0.0
1079,355.2084110290756,8.0,355.206066545112,355.210698560849,2.1280660364214516,0.0074143210007957105,0.0,0.0,0.0,0.0,0.0
1080,356.56675488478936,3.0,356.564752546431,356.5685635722363,5.937840613251728,0.002627569606123509,0.0,0.0,0.0,0.0,0.0
1081,357.0125993062477,782.0,357.0100983180373,357.015849716603,5.4949771121376365,0.3354916211542461,0.0,1.6787332658593426,0.0,0.0,0.0
1082,358.94567180683464,66.0,358.9446812342618,358.94691376924845,2.8958274951576586,0.026909881531287694,0.0,0.0,0.0,0.0,0.0
1083,358.9821029418322,1443.0,358.97817739763207,358.98353492721196,3.8668576857948733,0.4044494126776051,0.0,1.3741117798081115,0.0,0.0,1.0587444289935126
1084,359.0282346834875,4788.0,359.0276668031016,359.028769568719,1.2967931882120438,100.0,88.75494282362557,110.91920318913812,104.66398720244786,93.79245661497283,108.79645286877913
1085,359.0764615193892,5.0,359.0730716170893,359.0782548686805,3.525477767857719,0.007921670084889594,0.0,0.0,0.0,0.0,0.0
1086,359.0850532144807,101.0,359.0829785314867,359.0858089265678,3.9044318603681267,0.11082067904339563,0.0,0.0,0.0,0.0,0.0
1087,359.1114650864098,102.0,359.110554716547,359.11245720185735,2.348140335584769,0.038210799097268,0.0,0.0,0.0,0.0,0.0
1088,359.98148488679817,3.0,359.98080233336407,359.9819083721057,1.7069376991359664,0.002135516253700835,0.0,0.0,0.0,0.0,0.0
1089,360.0285355681635,4684.0,360.02708665444834,360.0303131491835,2.8031789072416,15.680292527994725,11.984406388412825,19.241097215790514,16.09703583970395,14.277956884419655,17.713381190415053
1090,360.228097375298,98.0,360.2245328334056,360.2307529074195,7.956776567054397,0.04438327196148557,0.0,0.0,0.0,0.0,0.0
1091,361.0263695831427,35.0,361.02526193496504,361.03277372882513,3.8872275323511225,0.1329736880994262,0.0,0.0,0.0,0.0,0.0
1092,361.1503185617288,10.0,361.1474455483722,361.1512598272154,7.16134178555,0.004568630512584731,0.0,0.0,0.0,0.0,0.0
1093,362.02820505278794,6.0,362.02714933821005,362.03133953117185,6.660264949794741,0.006430214304449093,0.0,0.0,0.0,0.0,0.0
1094,363.0155298845433,3.0,363.01500424213896,363.01569082500515,1.0507399663550105,0.001876893579665032,0.0,0.0,0.0,0.0,0.0
1095,365.1482469416296,3.0,365.1478688232846,365.1502448881632,3.6150688237902,0.0011883757775541528,0.0,0.0,0.0,0.0,0.0
1096,367.085819506961,7.0,367.0846032479573,367.0877565605928,4.562839013156365,0.0038814836417615643,0.0,0.0,0.0,0.0,0.0
1097,371.10248287363646,7.0,371.09929654532436,371.1040726394431,5.183394182853482,0.003447821592593283,0.0,0.0,0.0,0.0,0.0
1098,372.1983197312527,3.0,372.196293170736,372.1995710572032,4.892682048300827,0.0016289445124553865,0.0,0.0,0.0,0.0,0.0
1099,373.04399959176703,1433.0,373.04153449568895,373.0468100807302,4.971268318358076,0.9515201014068848,0.0,3.621928711188022,0.0,0.0,1.8075674161362645
1100,373.18507428069086,80.0,373.18240792840334,373.1887147521922,4.652994386414458,0.042299137677075785,0.0,0.0,0.0,0.0,0.0
1101,373.5714279105972,3.0,373.5699822089563,373.5731285456162,4.67906451218316,0.0031015240264777645,0.0,0.0,0.0,0.0,0.0
1102,374.04503843022894,83.0,374.04097244416056,374.0494570535311,11.41722682701545,0.02135624738083154,0.0,0.0,0.0,0.0,0.0
1103,375.04373880197636,4.0,375.0425702251541,375.04649381470614,4.397579229993554,0.0012918408021175842,0.0,0.0,0.0,0.0,0.0
1104,375.9336882737463,3.0,375.93165080031736,375.93389846240984,3.3215995306456327,0.0026538666986303102,0.0,0.0,0.0,0.0,0.0
1105,381.1667927119064,9.0,381.1640031085078,381.1692750059646,5.661360868370821,0.005209214510513487,0.0,0.0,0.0,0.0,0.0
1106,387.20073062125584,141.0,387.1982119044298,387.20461497857536,4.857418739851864,0.09833543227642938,0.0,0.0,0.0,0.0,0.0
1107,387.2336925834219,7.0,387.23083234569594,387.2367238275723,7.645703208167307,0.0034495169843293864,0.0,0.0,0.0,0.0,0.0
1108,389.1569034408682,8.0,389.15427622741794,389.1585677452727,5.224524559750483,0.009827852977623288,0.0,0.0,0.0,0.0,0.0
1109,391.05376559259673,8.0,391.049530471104,391.0566720690165,12.686383216004884,0.0022456192532733597,0.0,0.0,0.0,0.0,0.0
1110,391.2989421646695,5.0,391.29731413583795,391.3024555345733,4.161497501208917,0.002950763840182078,0.0,0.0,0.0,0.0,0.0
1111,398.1357264952074,42.0,398.13268762179683,398.13865240175386,4.43946067115712,0.055897430009950726,0.0,0.0,0.0,0.0,0.0
1112,399.0596042393305,1521.0,399.055851565913,399.0636285745381,8.146173732183572,0.5933443721216469,0.0,2.071484706766818,0.0,0.0,1.4536127025537415
1113,399.13851166426025,14.0,399.1365597178997,399.14078258183724,5.8077644820528675,0.011460840704876763,0.0,0.0,0.0,0.0,0.0
1114,399.16543774120976,46.0,399.1607639533708,399.16944423676216,7.208630097139343,0.049962200986041656,0.0,0.0,0.0,0.0,0.0
1115,409.3098548765379,4.0,409.30931886916835,409.3106718486929,2.5088394332133848,0.002440179887742797,0.0,0.0,0.0,0.0,0.0
1116,410.19928558280174,4.0,410.19715616900174,410.20052674929195,4.7039517354317955,0.001763537033270286,0.0,0.0,0.0,0.0,0.0
1117,415.1392147322,4.0,415.13846064498205,415.1400943845013,1.181535145339689,0.0016225376145602858,0.0,0.0,0.0,0.0,0.0
1118,417.17781515999604,4.0,417.17754843016894,417.1790010140219,1.873736381055192,0.002071048426962604,0.0,0.0,0.0,0.0,0.0
1119,428.2080160293012,59.0,428.20336223584883,428.21468417858085,7.010117145864503,0.03735796021988811,0.0,0.0,0.0,0.0,0.0
1120,429.1431962883406,7.0,429.1407591059555,429.1456021299282,7.420370801918084,0.003977637799780383,0.0,0.0,0.0,0.0,0.0
1121,443.1593709844619,11.0,443.15812799487094,443.16442974567354,9.844580411305184,0.0061252004330653335,0.0,0.0,0.0,0.0,0.0
1122,444.1625904452274,7.0,444.1593174530322,444.165291080545,7.353782795563551,0.004145717057785041,0.0,0.0,0.0,0.0,0.0
1123,444.19758163824616,44.0,444.18660296217115,444.2129677363605,37.446239266293865,0.07754197169277255,0.0,0.0,0.0,0.0,0.0
1124,444.2625080151432,44.0,444.25070998126404,444.2660969349291,12.258603359854956,0.035980919151682784,0.0,0.0,0.0,0.0,0.0
1125,444.3078511459295,8.0,444.3051197161027,444.3088524210489,3.0399101490438363,0.004750649668613977,0.0,0.0,0.0,0.0,0.0
1126,444.33597423328087,58.0,444.3224542816025,444.34159656752,31.55548735563357,0.11361771372158475,0.0,0.0,0.0,0.0,0.0
1127,445.0987627935907,3.0,445.0984096834986,445.0993493952528,1.1729129112880816,0.0011309732249190473,0.0,0.0,0.0,0.0,0.0
1128,445.12894256179413,44.0,445.12213701238227,445.13278656604615,8.031502340337475,0.10625116962777269,0.0,0.0,0.0,0.0,0.0
1129,445.1416217831271,6.0,445.13892190923343,445.1450187352084,6.78869098219123,0.008305310393966583,0.0,0.0,0.0,0.0,0.0
1130,445.1668353500016,216.0,445.15805420258124,445.172294320606,6.474389570467009,0.18779598771113407,0.0,0.0,0.0,0.0,0.0
1131,445.1892424558104,5.0,445.1858756983214,445.18994193877137,4.12086604759733,0.002117239585749145,0.0,0.0,0.0,0.0,0.0
1132,445.2046118414727,75.0,445.1964515466077,445.21323399826235,16.84708231652267,0.05524108107444068,0.0,0.0,0.0,0.0,0.0
1133,445.24608372161117,540.0,445.2317446042594,445.28288973797584,87.60565591999011,1.0049522142400789,0.0,1.495660807038278,0.0,0.0,0.0
1134,445.31402208221806,38.0,445.31110521412654,445.3213852143479,7.517201442743968,0.06615749414015067,0.0,0.0,0.0,0.0,0.0
1135,445.338523576857,4.0,445.33584967015315,445.34085212265705,5.9601695419012835,0.004933414537914773,0.0,0.0,0.0,0.0,0.0
1136,446.1312473521282,9.0,446.12652491715835,446.13560752601603,12.914567338916713,0.0066961768001444965,0.0,0.0,0.0,0.0,0.0
1137,446.16785561792153,5.0,446.16566541314177,446.16976094991264,2.620225472957755,0.003577897232696645,0.0,0.0,0.0,0.0,0.0
1138,446.2217333097594,69.0,446.21667679781143,446.22937777102374,12.143408334653913,0.05701676366972832,0.0,0.0,0.0,0.0,0.0
1139,446.24288901390617,27.0,446.2382893803362,446.2470302779206,7.30606391867336,0.024172130709236846,0.0,0.0,0.0,0.0,0.0
1140,446.28481318083493,26.0,446.2817463847165,446.29384178597553,15.318609421655449,0.023044250346696032,0.0,0.0,0.0,0.0,0.0
1141,446.4299794310264,3.0,446.4288140535284,446.43049077621504,2.086581651491138,0.0024741105941048502,0.0,0.0,0.0,0.0,0.0
1142,447.2577183947865,3.0,447.25532884905823,447.25884546072245,4.368114995945009,0.008442153534004106,0.0,0.0,0.0,0.0,0.0
1143,447.2929692734293,22.0,447.2912172893019,447.29592458562746,6.00285521560479,0.2676562315972081,0.0,0.0,0.0,0.0,0.0
1144,448.2959506340316,7.0,448.294278449729,448.29689876550646,3.6285485563850157,0.015077981259851483,0.0,0.0,0.0,0.0,0.0
