,median_mz(Da),N_spectra,min_mz,max_mz,IQR_mz(ppm),mean_Int,min_Int,max_Int,median_Int,Int_Q1,Int_Q3
0,40.04425945398785,3.0,40.04410609794769,40.04542089983464,18.240953952177836,0.003934875199393461,0.0,0.0,0.0,0.0,0.0
1,40.05428500554183,10.0,40.05106989882472,40.05674577222428,75.45832481807915,0.012030144657942993,0.0,0.0,0.0,0.0,0.0
2,40.077018475871114,4.0,40.07677460780354,40.078077842197324,10.287951452401694,0.004703699610282333,0.0,0.0,0.0,0.0,0.0
3,40.09432851592104,4.0,40.093218433053174,40.094896862775265,24.208876433966232,0.00427899012247838,0.0,0.0,0.0,0.0,0.0
4,40.09890944348536,3.0,40.09880798698605,40.099396298250035,8.150834913780242,0.0028027961025487483,0.0,0.0,0.0,0.0,0.0
5,40.10651321844322,5.0,40.1040046141877,40.106861352883016,35.13920511966384,0.00312506636474683,0.0,0.0,0.0,0.0,0.0
6,40.12331084732149,3.0,40.1224424664921,40.124221768060934,24.63657287238318,0.0010942454041413278,0.0,0.0,0.0,0.0,0.0
7,40.1636068016317,6.0,40.16208369750653,40.165702529020805,68.89472228465824,0.008263121250565213,0.0,0.0,0.0,0.0,0.0
8,40.194713042105306,4.0,40.19381747362044,40.19569046856475,30.393369362524197,0.002393765642270518,0.0,0.0,0.0,0.0,0.0
9,40.20611986124169,5.0,40.20393557938881,40.20890116866345,77.94975020362001,0.005119390289604776,0.0,0.0,0.0,0.0,0.0
10,40.30916570131242,3.0,40.30890206744466,40.30958018498881,9.346062177559988,0.0022106469195191185,0.0,0.0,0.0,0.0,0.0
11,40.31685598822072,7.0,40.31449671070027,40.31789320541176,54.31575460275587,0.005318015799106064,0.0,0.0,0.0,0.0,0.0
12,40.33306591236585,8.0,40.33151905933018,40.33614183303026,46.54375773804816,0.006422445950791233,0.0,0.0,0.0,0.0,0.0
13,40.34439799057632,3.0,40.34310004415458,40.34496432388541,25.671741633519403,0.002804163766316551,0.0,0.0,0.0,0.0,0.0
14,40.36783178252976,4.0,40.36744667417817,40.368475387310596,11.571242657743648,0.0028339415452471877,0.0,0.0,0.0,0.0,0.0
15,40.37315973554139,7.0,40.37140808056406,40.37547081485991,52.63566886351892,0.003841285041301088,0.0,0.0,0.0,0.0,0.0
16,40.40863343232586,3.0,40.40733868921692,40.40996186993512,36.06463513945139,0.002899418413119365,0.0,0.0,0.0,0.0,0.0
17,40.42501415776725,6.0,40.424285579796575,40.42708027490193,37.15606925359588,0.0024067835566228828,0.0,0.0,0.0,0.0,0.0
18,40.44712807636547,4.0,40.44614835872107,40.44832068756013,25.896446544757215,0.004278763065136049,0.0,0.0,0.0,0.0,0.0
19,40.47382320311322,4.0,40.472291935575555,40.47434141902592,30.644812721061022,0.001957169834582433,0.0,0.0,0.0,0.0,0.0
20,40.48733573040115,4.0,40.486206124891,40.48839789339968,35.4059938952572,0.0021804209524391898,0.0,0.0,0.0,0.0,0.0
21,40.50013037160765,5.0,40.499873956345425,40.50048183785976,7.5613476377135145,0.003255670468814304,0.0,0.0,0.0,0.0,0.0
22,40.53923312376899,4.0,40.53890375068725,40.539449527212156,8.233697886490516,0.0020558421895132354,0.0,0.0,0.0,0.0,0.0
23,40.54490036467875,3.0,40.54426958026076,40.54563012508977,18.642498354760573,0.005315181935362848,0.0,0.0,0.0,0.0,0.0
24,40.5516858885619,6.0,40.55060494541845,40.55275108476071,30.3734122229755,0.003941401042419406,0.0,0.0,0.0,0.0,0.0
25,40.55818506354002,4.0,40.55809795356975,40.559182371784644,8.50348501913452,0.0059833884279931115,0.0,0.0,0.0,0.0,0.0
26,40.5616463751563,4.0,40.561128927209325,40.56200989565192,9.328549984097627,0.0025818833905466724,0.0,0.0,0.0,0.0,0.0
27,40.567344247102845,4.0,40.56688765582524,40.56898891387461,26.370422378763166,0.001631499507615139,0.0,0.0,0.0,0.0,0.0
28,40.58068843074497,3.0,40.580277309118465,40.58071518951475,5.994646622168358,0.005557845292398578,0.0,0.0,0.0,0.0,0.0
29,40.652338843613066,4.0,40.651321259245215,40.654351165273496,47.201408621743916,0.003012225689989419,0.0,0.0,0.0,0.0,0.0
30,40.70728463840059,7.0,40.705132489004654,40.7099813729567,71.4178955401055,0.00405148344568211,0.0,0.0,0.0,0.0,0.0
31,40.73232270584241,5.0,40.73140770128522,40.73403092331578,39.08706195003565,0.0020884706693292065,0.0,0.0,0.0,0.0,0.0
32,40.743514742806525,3.0,40.742748724967136,40.744269830409614,20.74093471055992,0.0030589627093698976,0.0,0.0,0.0,0.0,0.0
33,40.77033299262281,3.0,40.770159798586675,40.77134535565401,16.154953046576875,0.0039516743750530004,0.0,0.0,0.0,0.0,0.0
34,40.77401422916937,4.0,40.77344236359648,40.775774826468826,32.889382034562644,0.0022275366240264616,0.0,0.0,0.0,0.0,0.0
35,40.78567927941244,4.0,40.784756765648694,40.786854074067676,28.630452845431822,0.0034117904859721697,0.0,0.0,0.0,0.0,0.0
36,40.79874212045661,3.0,40.7981997702954,40.79934559135916,15.602619702619071,0.002376977893672617,0.0,0.0,0.0,0.0,0.0
37,40.8104884627183,4.0,40.81017959556598,40.81213006878855,23.96659142299464,0.0026575064634251685,0.0,0.0,0.0,0.0,0.0
38,40.81767545653362,3.0,40.8171100559031,40.81790120307475,10.768036189089768,0.001970453078622527,0.0,0.0,0.0,0.0,0.0
39,40.82796901181143,3.0,40.82769192570291,40.828203877947864,6.9662518305871055,0.0018821177545485692,0.0,0.0,0.0,0.0,0.0
40,40.84959414906881,3.0,40.84946686149856,40.85084248946026,18.708576484512353,0.0019188056550285455,0.0,0.0,0.0,0.0,0.0
41,40.85334173348959,3.0,40.853018622804754,40.854192564847494,15.964178108064685,0.003587800159054778,0.0,0.0,0.0,0.0,0.0
42,40.8871307577285,6.0,40.886723553322454,40.88918121657028,24.990956027427465,0.004262143546847621,0.0,0.0,0.0,0.0,0.0
43,40.90421950943917,5.0,40.902167122052724,40.90575381889272,44.245460629655604,0.002652435643181491,0.0,0.0,0.0,0.0,0.0
44,40.938726038946015,4.0,40.937970371300956,40.939339853802096,20.698874406411036,0.0025008183024071103,0.0,0.0,0.0,0.0,0.0
45,40.942018219032256,3.0,40.941427524297765,40.94289077563856,19.855333149480458,0.004258473691453168,0.0,0.0,0.0,0.0,0.0
46,40.96966752910319,3.0,40.96900777067882,40.97054934295665,20.903978354975223,0.002874973122462559,0.0,0.0,0.0,0.0,0.0
47,40.98127558778,7.0,40.97938548968526,40.982862223435234,46.98998272736849,0.005679467459803442,0.0,0.0,0.0,0.0,0.0
48,40.99640214642257,5.0,40.99470170446334,40.99818382824218,47.824547126167076,0.0022356467417053902,0.0,0.0,0.0,0.0,0.0
49,41.03098070729898,7.0,41.02870791182679,41.03286604252482,53.75593427217619,0.006075154818252045,0.0,0.0,0.0,0.0,0.0
50,41.04770973648961,7.0,41.04485632616275,41.04917208933698,59.48741510211655,0.007180925307189677,0.0,0.0,0.0,0.0,0.0
51,41.06172092932674,6.0,41.06079742279105,41.063309925006706,49.719872600644955,0.008960793780438679,0.0,0.0,0.0,0.0,0.0
52,41.077696157932905,3.0,41.077206209076934,41.078365257777186,15.675561309556748,0.0036563886600068348,0.0,0.0,0.0,0.0,0.0
53,41.11456961753119,7.0,41.112801778856465,41.11572637237457,37.256325017869194,0.0035220472791989803,0.0,0.0,0.0,0.0,0.0
54,41.14822545861014,9.0,41.14501106727684,41.151144227093056,79.63917593926242,0.005093789486588342,0.0,0.0,0.0,0.0,0.0
55,41.17063296718881,8.0,41.168494478382065,41.17432107243648,81.40650368992875,0.004856430042473867,0.0,0.0,0.0,0.0,0.0
56,41.18481736652811,4.0,41.18476802175882,41.185116135807874,2.891556475459135,0.0019946103663268603,0.0,0.0,0.0,0.0,0.0
57,41.19245856106393,4.0,41.19170478299983,41.19380667378421,29.59868467637229,0.0033593416134634043,0.0,0.0,0.0,0.0,0.0
58,41.19933052976407,5.0,41.19817376515662,41.200306967242724,34.36419393206874,0.003632753319470947,0.0,0.0,0.0,0.0,0.0
59,41.20772923705566,3.0,41.206866899181584,41.208983805661624,28.539770993206172,0.004500664732819018,0.0,0.0,0.0,0.0,0.0
60,41.216268462926486,4.0,41.21575705699588,41.21714175870014,11.258019164169431,0.006131744415149287,0.0,0.0,0.0,0.0,0.0
61,41.263105880660895,8.0,41.26075769797089,41.26614170162954,92.82188122818894,0.0021355005684001497,0.0,0.0,0.0,0.0,0.0
62,41.27549502694906,3.0,41.2754601467205,41.276366117211154,12.194086077544442,0.0037843749822114923,0.0,0.0,0.0,0.0,0.0
63,41.300694292406135,3.0,41.30008819710497,41.30141309590703,17.821852698709623,0.002228197788501346,0.0,0.0,0.0,0.0,0.0
64,41.30717384239246,4.0,41.30641893458069,41.30807729874968,16.83104719143659,0.004450788111398005,0.0,0.0,0.0,0.0,0.0
65,41.313992877555506,4.0,41.31270039389921,41.31474554324978,33.144694238202234,0.0019121123046633684,0.0,0.0,0.0,0.0,0.0
66,41.34390518651754,4.0,41.34245023035536,41.345764959077556,40.18984076834575,0.004081530251555823,0.0,0.0,0.0,0.0,0.0
67,41.35182945702724,4.0,41.35112586346026,41.353094910724,29.972152258511482,0.0022093465927077905,0.0,0.0,0.0,0.0,0.0
68,41.35879657857197,9.0,41.35681807796901,41.36122933661027,65.8116264400679,0.00738105283462945,0.0,0.0,0.0,0.0,0.0
69,41.40593521476298,3.0,41.405272199742555,41.40645695083321,15.896152253272742,0.002098981551955847,0.0,0.0,0.0,0.0,0.0
70,41.43519034514816,7.0,41.43298291168321,41.43682625747894,65.10443155426944,0.006039329388792357,0.0,0.0,0.0,0.0,0.0
71,41.46584415368737,7.0,41.46439303831794,41.46796640036542,55.75684062950415,0.0048282312016778755,0.0,0.0,0.0,0.0,0.0
72,41.47909974760063,3.0,41.47769102155786,41.47912919658921,19.262378725463904,0.0038324026382986066,0.0,0.0,0.0,0.0,0.0
73,41.48994541231883,7.0,41.48796707943106,41.49196941406899,39.87464390536053,0.0048786508075841,0.0,0.0,0.0,0.0,0.0
74,41.52092982204266,5.0,41.519213485078254,41.52264697476017,60.20694936024074,0.005301669556186966,0.0,0.0,0.0,0.0,0.0
75,41.585618000619846,10.0,41.58396556296743,41.58929863896016,73.22237676361357,0.006598404678710695,0.0,0.0,0.0,0.0,0.0
76,41.60387070222761,4.0,41.60334004619829,41.6046062200351,17.88876625779327,0.0029867982120802728,0.0,0.0,0.0,0.0,0.0
77,41.62214565923976,9.0,41.619349885928806,41.62316097676499,47.32481442288246,0.007000679789586628,0.0,0.0,0.0,0.0,0.0
78,41.64553899267832,6.0,41.64308116684465,41.64833833359626,77.4983783972901,0.0037157214647932555,0.0,0.0,0.0,0.0,0.0
79,41.65730949850234,5.0,41.65558726884592,41.658007742675835,22.593563754916882,0.008086065045994923,0.0,0.0,0.0,0.0,0.0
80,41.69981649556553,3.0,41.69960906591673,41.700041611773585,5.762693316330206,0.0031728737017351545,0.0,0.0,0.0,0.0,0.0
81,41.7062316999675,5.0,41.70431261653993,41.70840352728513,40.02113569934484,0.001765017868862127,0.0,0.0,0.0,0.0,0.0
82,41.72073482644955,5.0,41.71909174844039,41.721515861093714,27.71122779391537,0.005826306180766287,0.0,0.0,0.0,0.0,0.0
83,41.76021228088664,3.0,41.758750006840074,41.7608674677196,28.16956837709552,0.007357886320451404,0.0,0.0,0.0,0.0,0.0
84,41.79292441901762,4.0,41.79256105602255,41.7942105315639,21.18657235310406,0.004411224047671026,0.0,0.0,0.0,0.0,0.0
85,41.81170164728255,9.0,41.809328341828525,41.81544617373716,87.65864826511435,0.005792741765385989,0.0,0.0,0.0,0.0,0.0
86,41.85459186140199,3.0,41.85435899017257,41.855470125751026,14.748621743481872,0.002824030772525798,0.0,0.0,0.0,0.0,0.0
87,41.862086017486945,6.0,41.86099558587695,41.86426164658698,45.89040989596359,0.0029000219627294257,0.0,0.0,0.0,0.0,0.0
88,41.87203381478394,8.0,41.87071640790878,41.87500362503681,43.522475102266924,0.007567043695683279,0.0,0.0,0.0,0.0,0.0
89,41.87962268980465,3.0,41.87949941991067,41.881037518895184,20.40370425911087,0.0031895355782335234,0.0,0.0,0.0,0.0,0.0
90,41.89294635531285,4.0,41.891832500740655,41.89401637658521,38.01750668307253,0.004818589475347241,0.0,0.0,0.0,0.0,0.0
91,41.90059955459526,3.0,41.90001170696458,41.90190011614764,25.038214821841105,0.003194425344117179,0.0,0.0,0.0,0.0,0.0
92,41.92928594989316,5.0,41.9279769273167,41.93017752950941,30.210564645685704,0.004566702599090321,0.0,0.0,0.0,0.0,0.0
93,41.9593865245478,7.0,41.957634912474745,41.96113847148424,61.043453266338545,0.0036180399977810713,0.0,0.0,0.0,0.0,0.0
94,41.9963174848493,3.0,41.99484734670492,41.99729498872713,32.37905618605274,0.0017860789270810373,0.0,0.0,0.0,0.0,0.0
95,42.03573808272478,3.0,42.03545362205533,42.036301621650765,11.207389422415702,0.0022484937105922372,0.0,0.0,0.0,0.0,0.0
96,42.128285872015695,6.0,42.12687623880237,42.12890403105761,34.66335875856276,0.005456179933628376,0.0,0.0,0.0,0.0,0.0
97,42.153809697448494,7.0,42.15276839685008,42.15493192324319,22.450527155669754,0.009046885492716058,0.0,0.0,0.0,0.0,0.0
98,42.226281066638506,6.0,42.22438164816841,42.22766480711018,43.893497406279955,0.0024992997861612008,0.0,0.0,0.0,0.0,0.0
99,42.23442074221195,3.0,42.233552712998154,42.23582264905749,29.858953108735005,0.004518231834331789,0.0,0.0,0.0,0.0,0.0
100,42.27821794897911,10.0,42.27415030418034,42.281766071771465,90.57803235268848,0.011243191714222804,0.0,0.0,0.0,0.0,0.0
101,42.30781346343441,9.0,42.30545720469739,42.31052467355267,63.34530970036802,0.0037024054947553263,0.0,0.0,0.0,0.0,0.0
102,42.31940567053205,4.0,42.31774542527824,42.32076164370614,47.16849647978589,0.0029982068301432135,0.0,0.0,0.0,0.0,0.0
103,42.34193831762904,3.0,42.34170745329919,42.34283846250444,14.839624077901762,0.0031057132530577106,0.0,0.0,0.0,0.0,0.0
104,42.37878683909675,3.0,42.37841623647176,42.379661111479216,16.319420114360177,0.0046656395761548045,0.0,0.0,0.0,0.0,0.0
105,42.39329039452747,3.0,42.3931224308751,42.394591990674506,19.25828599720749,0.0017347706230003742,0.0,0.0,0.0,0.0,0.0
106,42.41161724069964,3.0,42.411110933639634,42.411961945151845,11.147515803588076,0.0027228653484713348,0.0,0.0,0.0,0.0,0.0
107,42.41854152330656,7.0,42.4164772951828,42.42061420363126,65.92007865740597,0.005640582627852099,0.0,0.0,0.0,0.0,0.0
108,42.471154063918235,4.0,42.469870409394076,42.472293853934765,30.737155156272365,0.006206472868990866,0.0,0.0,0.0,0.0,0.0
109,42.48138548944442,8.0,42.47833904645299,42.483677389884406,66.11782011216064,0.0028715467216679866,0.0,0.0,0.0,0.0,0.0
110,42.5344664572207,3.0,42.534455297766485,42.53586487510104,18.410916708702814,0.002394635056447963,0.0,0.0,0.0,0.0,0.0
111,42.54152302246138,8.0,42.539349356025255,42.54407051819305,44.09226426317614,0.007305561680113874,0.0,0.0,0.0,0.0,0.0
112,42.5468772290572,3.0,42.54665750297137,42.54781541856732,15.119474896542984,0.002078390658330331,0.0,0.0,0.0,0.0,0.0
113,42.55472177310239,5.0,42.55429888703179,42.55633154490812,31.740562782646297,0.004485369503948354,0.0,0.0,0.0,0.0,0.0
114,42.60051562108122,6.0,42.59895586029255,42.60151647149615,37.005936289092126,0.008249433907771024,0.0,0.0,0.0,0.0,0.0
115,42.615619016564466,4.0,42.613901077823776,42.616551539926924,32.75503643316233,0.003836717833032046,0.0,0.0,0.0,0.0,0.0
116,42.63235466042069,5.0,42.63032127781814,42.634318598098126,52.747949768857914,0.001924734842444648,0.0,0.0,0.0,0.0,0.0
117,42.64512639812717,3.0,42.64488439608302,42.64522426652334,4.427631648397183,0.0036595747565657203,0.0,0.0,0.0,0.0,0.0
118,42.65460777634294,4.0,42.65408443078471,42.65538843593763,24.614684416510475,0.0015644826985138313,0.0,0.0,0.0,0.0,0.0
119,42.68786680793751,7.0,42.685746386596136,42.68961857744713,35.07820852014838,0.005950817116534767,0.0,0.0,0.0,0.0,0.0
120,42.70859502580194,5.0,42.70762099982803,42.71034496531954,30.522181419167662,0.00451966823758289,0.0,0.0,0.0,0.0,0.0
121,42.71550769904541,4.0,42.71541754995879,42.71619704655471,8.214330988328907,0.0031225044304048714,0.0,0.0,0.0,0.0,0.0
122,42.74750701242024,6.0,42.746118677854994,42.749429804772404,31.70059718806438,0.003330812708994751,0.0,0.0,0.0,0.0,0.0
123,42.76176660455025,7.0,42.760160090200685,42.763876748563675,50.96821583215261,0.005130775792460229,0.0,0.0,0.0,0.0,0.0
124,42.79728322781666,8.0,42.7947366723393,42.79919852017661,82.85842522014424,0.004607697229665755,0.0,0.0,0.0,0.0,0.0
125,42.80251395007237,3.0,42.801314466609945,42.802980785277725,21.627995829626986,0.002015324324551532,0.0,0.0,0.0,0.0,0.0
126,42.81478511737145,4.0,42.813290394065504,42.816746881678796,43.86602746658317,0.001128848428782953,0.0,0.0,0.0,0.0,0.0
127,42.836261223585296,3.0,42.83472424230396,42.8373261122104,33.744384782008694,0.0019983694972369134,0.0,0.0,0.0,0.0,0.0
128,42.855203708855285,3.0,42.854549647985536,42.85613356378162,20.53317086113684,0.0034510698577874055,0.0,0.0,0.0,0.0,0.0
129,42.880344067597285,9.0,42.87576944411894,42.88361935752717,133.3095290062044,0.006329791073582125,0.0,0.0,0.0,0.0,0.0
130,42.88689454472054,3.0,42.88640217261395,42.88842469904324,26.19974717169931,0.002529104631014913,0.0,0.0,0.0,0.0,0.0
131,42.90256952552919,6.0,42.901484918309116,42.90499638779378,32.94365723331573,0.004795975557579193,0.0,0.0,0.0,0.0,0.0
132,42.92491496946651,3.0,42.92463447584215,42.92539473085084,9.839597679331856,0.0009520356965349938,0.0,0.0,0.0,0.0,0.0
133,42.94834720421956,5.0,42.94787694687138,42.95017892858571,27.507215990423962,0.006093005662753,0.0,0.0,0.0,0.0,0.0
134,42.954174641379176,4.0,42.952568217040884,42.95467992851466,20.31323658978775,0.0017850418902758383,0.0,0.0,0.0,0.0,0.0
135,42.97010349592775,4.0,42.96907923965349,42.97140246547817,38.75936567680524,0.0018898676257249997,0.0,0.0,0.0,0.0,0.0
136,43.007584061219085,3.0,43.00666853650759,43.00779250728655,14.519025519771299,0.004121567420385113,0.0,0.0,0.0,0.0,0.0
137,43.01781413654906,12.0,43.01753759169669,43.01981472456575,3.820298759659821,0.0010372343396220013,0.0,0.0,0.0,0.0,0.0
138,43.05231266845424,13.0,43.04850936169328,43.05447195744092,79.4048375900805,0.005369957134752965,0.0,0.0,0.0,0.0,0.0
139,43.059739679605016,7.0,43.057113179981314,43.062343761264565,70.51208876175588,0.0037398409196176033,0.0,0.0,0.0,0.0,0.0
140,43.06743754988807,5.0,43.06536744357822,43.06782843008797,28.913471366777905,0.004948859610924324,0.0,0.0,0.0,0.0,0.0
141,43.07672792060128,7.0,43.07524390790949,43.07950671988786,39.58791078532946,0.005280394177099297,0.0,0.0,0.0,0.0,0.0
142,43.08369944677941,3.0,43.08217490733513,43.08437971218415,28.430510808383875,0.0014242961995228405,0.0,0.0,0.0,0.0,0.0
143,43.08933218116575,6.0,43.0871542798532,43.090386416393876,24.94294466170885,0.003931094632167313,0.0,0.0,0.0,0.0,0.0
144,43.102111470904596,6.0,43.100462152167786,43.10485392491754,60.98383205550421,0.002499770632191404,0.0,0.0,0.0,0.0,0.0
145,43.134250559319895,8.0,43.13265431746229,43.13599222379876,38.73415769056601,0.0029369635277069497,0.0,0.0,0.0,0.0,0.0
146,43.17972737086978,3.0,43.17944940341662,43.18073558372468,16.548150233860344,0.003213165967342738,0.0,0.0,0.0,0.0,0.0
147,43.18954759955179,8.0,43.18634669610044,43.19098497907483,65.31543127629612,0.01020411881636841,0.0,0.0,0.0,0.0,0.0
148,43.19380658260283,3.0,43.19299116670121,43.193906356313285,11.771101312847534,0.0021089435686374933,0.0,0.0,0.0,0.0,0.0
149,43.209323848317695,3.0,43.20917037268443,43.21011021955905,12.08390009521806,0.002011213555605626,0.0,0.0,0.0,0.0,0.0
150,43.23568065616969,7.0,43.23397725218527,43.23684917523772,26.895393190423675,0.004533302227020541,0.0,0.0,0.0,0.0,0.0
151,43.243786553597516,4.0,43.24280520553353,43.24466268606067,15.908847025206967,0.0020819773144712724,0.0,0.0,0.0,0.0,0.0
152,43.24791867244197,5.0,43.24701829594266,43.24939261351666,21.73793750337654,0.0023497212778436347,0.0,0.0,0.0,0.0,0.0
153,43.26293948425063,5.0,43.261560228206676,43.263683283569264,22.3590347454062,0.002342885927184585,0.0,0.0,0.0,0.0,0.0
154,43.3161603032343,5.0,43.31350041077149,43.317318703699804,45.38008828788692,0.004165775811336436,0.0,0.0,0.0,0.0,0.0
155,43.32026679093463,3.0,43.32017080855998,43.32062970875527,5.8851104072320615,0.00407380866139548,0.0,0.0,0.0,0.0,0.0
156,43.360862082709126,3.0,43.36078605852757,43.36127017887267,6.202730627459806,0.0023034824232465007,0.0,0.0,0.0,0.0,0.0
157,43.37931433215567,3.0,43.3785096132847,43.380836009218186,29.79397450524746,0.003839115227163655,0.0,0.0,0.0,0.0,0.0
158,43.40996362877887,3.0,43.409928290044995,43.410043731543425,1.4774065775590879,0.002303398819942164,0.0,0.0,0.0,0.0,0.0
159,43.41269067565158,3.0,43.412020329541086,43.41391401225473,24.233603945202955,0.0019407888199917537,0.0,0.0,0.0,0.0,0.0
160,43.4172952194871,3.0,43.41649548653056,43.41745485673187,12.275832533586662,0.001990071909945097,0.0,0.0,0.0,0.0,0.0
161,43.42838015682892,6.0,43.42673835006016,43.42965387663612,41.5425754001579,0.0034473857703008993,0.0,0.0,0.0,0.0,0.0
162,43.44291164252448,3.0,43.44135668081372,43.443542349078456,27.95070820907482,0.00410496114167461,0.0,0.0,0.0,0.0,0.0
163,43.48654014486323,6.0,43.484606546042585,43.48845164196885,72.63397659788562,0.007622691428017077,0.0,0.0,0.0,0.0,0.0
164,43.49597989226284,7.0,43.49273859861514,43.49782759913844,77.81214030743506,0.0034520273648037114,0.0,0.0,0.0,0.0,0.0
165,43.51250342122991,5.0,43.511486072098904,43.514030229843556,26.187063446719286,0.0035679458753415257,0.0,0.0,0.0,0.0,0.0
166,43.56099492431437,9.0,43.55939385195071,43.56478499743052,81.79031571647536,0.006419338670835511,0.0,0.0,0.0,0.0,0.0
167,43.577997332173155,4.0,43.575980221201704,43.57881067646076,41.62142876874256,0.0025752261508963127,0.0,0.0,0.0,0.0,0.0
168,43.58926465491076,6.0,43.588234280415676,43.59030890332678,30.9016097259853,0.007191302325256219,0.0,0.0,0.0,0.0,0.0
169,43.61654120226262,4.0,43.614919603024205,43.61700211686913,20.10493626514077,0.002184476011800496,0.0,0.0,0.0,0.0,0.0
170,43.646511272820334,3.0,43.64606105912495,43.64712583399457,13.553009782042924,0.0025929328595777857,0.0,0.0,0.0,0.0,0.0
171,43.70561123568412,5.0,43.70448281688615,43.706723805248025,26.749029664802816,0.004443980224037243,0.0,0.0,0.0,0.0,0.0
172,43.73592014591488,3.0,43.73454791830853,43.73708182050398,32.18689437024105,0.0015669929170120255,0.0,0.0,0.0,0.0,0.0
173,43.74141918910886,3.0,43.73990653055847,43.74284857162592,37.366580462905596,0.002991659527514158,0.0,0.0,0.0,0.0,0.0
174,43.74844363872862,4.0,43.74811190157326,43.74932064832836,17.898253505626634,0.004697265448508914,0.0,0.0,0.0,0.0,0.0
175,43.91913302608923,3.0,43.917993350609635,43.92025070830464,28.5544709546048,0.0038994143651461958,0.0,0.0,0.0,0.0,0.0
176,43.93764983454749,3.0,43.936140499453316,43.939025078979064,36.473142896887005,0.0056368817898110445,0.0,0.0,0.0,0.0,0.0
177,43.9960123893143,7.0,43.994344676405326,43.99830825895089,59.768536667620026,0.0036044480031434374,0.0,0.0,0.0,0.0,0.0
178,44.00352289048864,3.0,44.00324704950628,44.00375622159825,6.428425858977687,0.0016968033895327975,0.0,0.0,0.0,0.0,0.0
179,44.01407848845939,8.0,44.01159748828144,44.015719132572144,44.14888510380848,0.006215853511161978,0.0,0.0,0.0,0.0,0.0
180,44.04947223428374,43.0,44.047196443505456,44.04971282880515,4.795384318281662,0.00541917998799435,0.0,0.0,0.0,0.0,0.0
181,44.065341176571714,3.0,44.06429856178566,44.066177694026806,23.691235068599475,0.001998215249606129,0.0,0.0,0.0,0.0,0.0
182,44.07923390962496,4.0,44.07844339367962,44.08033032378129,23.290132277601163,0.0014281993897107853,0.0,0.0,0.0,0.0,0.0
183,44.08839859111489,5.0,44.087343178685856,44.0902744728788,62.93862126989745,0.0019774939041034287,0.0,0.0,0.0,0.0,0.0
184,44.11511817313533,3.0,44.11503252536309,44.11586925017874,10.537138719287736,0.0015877025875604808,0.0,0.0,0.0,0.0,0.0
185,44.12543991876889,5.0,44.12411395716638,44.12618985354213,17.87414834995427,0.0031696156667479765,0.0,0.0,0.0,0.0,0.0
186,44.13358000577888,4.0,44.13262423840893,44.134957492624615,18.031340172822645,0.002086255959963259,0.0,0.0,0.0,0.0,0.0
187,44.203201648633666,4.0,44.20171092496679,44.204791221649714,35.93920188475632,0.0020824442903554126,0.0,0.0,0.0,0.0,0.0
188,44.23100736561439,6.0,44.23029053348832,44.232269531202206,13.890193966900872,0.004597681913704542,0.0,0.0,0.0,0.0,0.0
189,44.243835533516005,5.0,44.241701433874276,44.245282158399334,34.329639655549826,0.0025233372137258444,0.0,0.0,0.0,0.0,0.0
190,44.27024444786103,5.0,44.26885823254635,44.27192069144387,27.145431514465383,0.007047805737774219,0.0,0.0,0.0,0.0,0.0
191,44.29931859313301,6.0,44.297882069407194,44.3014482983814,51.70948743293049,0.00345236024755637,0.0,0.0,0.0,0.0,0.0
192,44.409805914990265,4.0,44.40859957549023,44.4099597587472,10.721001504032621,0.0034120196538283,0.0,0.0,0.0,0.0,0.0
193,44.41694444031823,6.0,44.41550847276184,44.41775498174033,20.33907656743163,0.0012631853818157628,0.0,0.0,0.0,0.0,0.0
194,44.453562373316124,4.0,44.452133681379244,44.45425592210244,30.01095297912169,0.003041924603281574,0.0,0.0,0.0,0.0,0.0
195,44.50061324215946,4.0,44.500374824259325,44.50115973220137,5.663870634132092,0.002265305409858063,0.0,0.0,0.0,0.0,0.0
196,44.50367642595607,5.0,44.50340819123549,44.505557257403126,41.055078052050426,0.002886098755589324,0.0,0.0,0.0,0.0,0.0
197,44.51945475849877,6.0,44.51791644084565,44.52222027259964,53.09308426629097,0.003934293167024285,0.0,0.0,0.0,0.0,0.0
198,44.53170724074707,4.0,44.53003266240381,44.53299283865542,29.63929152676214,0.0033500320380700876,0.0,0.0,0.0,0.0,0.0
199,44.557953940506486,5.0,44.556746956537715,44.55874785641457,16.310971146375785,0.009276969901104017,0.0,0.0,0.0,0.0,0.0
200,44.607265200621114,4.0,44.606590332905206,44.60875647347618,32.90957152916344,0.0010059800070171712,0.0,0.0,0.0,0.0,0.0
201,44.61583985882898,7.0,44.61314929672339,44.61844895049185,82.02367697014536,0.005168594773628505,0.0,0.0,0.0,0.0,0.0
202,44.63910216463505,3.0,44.63840400020982,44.64040986130693,24.963926739910093,0.0010017181880216984,0.0,0.0,0.0,0.0,0.0
203,44.66417153860745,6.0,44.661602942687956,44.6653633662282,44.24937666574674,0.006783296564425865,0.0,0.0,0.0,0.0,0.0
204,44.68044925114232,4.0,44.678214227463265,44.68146054972911,44.2518462259011,0.004266696567162741,0.0,0.0,0.0,0.0,0.0
205,44.71336273929718,5.0,44.712027577491256,44.715255514973705,40.72994879288529,0.0035991046714655517,0.0,0.0,0.0,0.0,0.0
206,44.718720811283134,3.0,44.71732341900557,44.71884038885066,18.845821386626916,0.0031137295585208303,0.0,0.0,0.0,0.0,0.0
207,44.7283968118439,4.0,44.726390940917035,44.7294765394856,45.336958305285705,0.0013848595598456226,0.0,0.0,0.0,0.0,0.0
208,44.743946668999115,8.0,44.740848111742686,44.74596088887586,59.86768351367013,0.002930820184369973,0.0,0.0,0.0,0.0,0.0
209,44.80181067482142,3.0,44.80159422384464,44.80293315894044,16.603186786501347,0.003457646144765726,0.0,0.0,0.0,0.0,0.0
210,44.83284088026421,5.0,44.83220508214559,44.83493421863226,43.94966811355124,0.003189770817171594,0.0,0.0,0.0,0.0,0.0
211,44.85603046216316,5.0,44.854017755928126,44.856276339605344,29.453406671929503,0.006498990616751946,0.0,0.0,0.0,0.0,0.0
212,44.86065688578958,5.0,44.85834777051512,44.86183518880822,50.22900680452228,0.005174273023025643,0.0,0.0,0.0,0.0,0.0
213,44.87940362528745,3.0,44.87874284980847,44.880925628454676,27.020296739474187,0.0026021491330213186,0.0,0.0,0.0,0.0,0.0
214,44.8880368373298,7.0,44.886137738062175,44.890013739675936,50.65865148839536,0.006902411414106752,0.0,0.0,0.0,0.0,0.0
215,44.93097350863014,3.0,44.93053363165879,44.93137858005667,10.447487333039374,0.0022414648833985733,0.0,0.0,0.0,0.0,0.0
216,44.9419321411369,5.0,44.94063172067373,44.94464219497165,54.297558460376536,0.0008385883140483782,0.0,0.0,0.0,0.0,0.0
217,44.96283409840258,9.0,44.95927263465376,44.96488869475056,86.4182726023767,0.005734157317416282,0.0,0.0,0.0,0.0,0.0
218,44.97456184139453,6.0,44.97153734512157,44.9770355382923,58.97952528324325,0.003478046255771539,0.0,0.0,0.0,0.0,0.0
219,45.0334902853385,28.0,45.030143153589854,45.03595333052703,5.589546045116927,0.009989310507104882,0.0,0.0,0.0,0.0,0.0
220,45.07418131049974,5.0,45.07251792535882,45.07477409666775,15.340521452852238,0.002054232927747558,0.0,0.0,0.0,0.0,0.0
221,45.1378798464546,3.0,45.13761541205507,45.138603834942586,12.165476718684456,0.0028232930495660454,0.0,0.0,0.0,0.0,0.0
222,45.14690407824939,4.0,45.14539307542051,45.148461763505466,21.780568466294085,0.0033149169339650847,0.0,0.0,0.0,0.0,0.0
223,45.154609572727125,4.0,45.15421665560493,45.154880322070795,9.763126413815815,0.002221438852434502,0.0,0.0,0.0,0.0,0.0
224,45.17931611838455,8.0,45.17478877402283,45.18239918383497,88.74710578068878,0.0034973552753773595,0.0,0.0,0.0,0.0,0.0
225,45.26155200510872,4.0,45.2602484715357,45.26315706137353,25.83017050468624,0.0028827004245578296,0.0,0.0,0.0,0.0,0.0
226,45.27410352186704,6.0,45.27119711774773,45.27694154901772,62.1370751987452,0.0028404553664453437,0.0,0.0,0.0,0.0,0.0
227,45.29720068962311,5.0,45.29536782984202,45.29810273923762,49.359708936602956,0.0037295285538415466,0.0,0.0,0.0,0.0,0.0
228,45.32594390361197,6.0,45.324565405013345,45.32704001409598,15.413911869469704,0.0022584388993406525,0.0,0.0,0.0,0.0,0.0
229,45.33217892685899,6.0,45.33135882912604,45.33354470789271,22.909851817974943,0.0012695968518945874,0.0,0.0,0.0,0.0,0.0
230,45.37144520018797,5.0,45.36924259930197,45.371899956425125,27.013827356211447,0.003258140076570441,0.0,0.0,0.0,0.0,0.0
231,45.393303148773235,4.0,45.392135682767545,45.39435037684174,40.27989622120306,0.0040094678705626646,0.0,0.0,0.0,0.0,0.0
232,45.404207565658425,5.0,45.40219567706168,45.40725865185326,63.223519148009686,0.003946924073068309,0.0,0.0,0.0,0.0,0.0
233,45.47696918075657,7.0,45.474002517994975,45.4794979185653,75.45489261984439,0.005335048864807961,0.0,0.0,0.0,0.0,0.0
234,45.49604438007277,7.0,45.49545304081589,45.496520847988684,13.086119180029097,0.003021569886797773,0.0,0.0,0.0,0.0,0.0
235,45.51270762584048,3.0,45.51178608769236,45.51273441189273,11.575817073295024,0.002720152896137879,0.0,0.0,0.0,0.0,0.0
236,45.56487002767759,3.0,45.56398679624009,45.565011543647486,12.494364954368185,0.0019284987651091614,0.0,0.0,0.0,0.0,0.0
237,45.62547152043442,5.0,45.62309947921387,45.62814351668425,56.53763204621387,0.0016837679978773314,0.0,0.0,0.0,0.0,0.0
238,45.66471714934539,3.0,45.6643858499478,45.666288005816945,23.141570267004894,0.002766790802583229,0.0,0.0,0.0,0.0,0.0
239,45.670665287354254,8.0,45.668974839390195,45.67189575813289,35.0512107211604,0.0017070616531190737,0.0,0.0,0.0,0.0,0.0
240,45.68132401935608,5.0,45.6798701084246,45.681397038319666,19.913180359174834,0.003425185574660152,0.0,0.0,0.0,0.0,0.0
241,45.69588322090112,5.0,45.69435090770573,45.69804123644981,34.985817000503644,0.003158243731621865,0.0,0.0,0.0,0.0,0.0
242,45.71939324262482,5.0,45.71862115777635,45.719867996875664,25.965225722558404,0.004719033498116829,0.0,0.0,0.0,0.0,0.0
243,45.727485501833726,3.0,45.72735982034638,45.72774080312706,4.628662565999557,0.0020620548984009155,0.0,0.0,0.0,0.0,0.0
244,45.79501785776783,3.0,45.79471640286107,45.7959623582793,15.115125770207397,0.0012051644682214099,0.0,0.0,0.0,0.0,0.0
245,45.82009194936214,4.0,45.81961007579718,45.82089007063288,10.451420402107015,0.0030568189136429224,0.0,0.0,0.0,0.0,0.0
246,45.83007332852208,3.0,45.82936243309323,45.83165892407723,27.83823441229959,0.0030102465578233342,0.0,0.0,0.0,0.0,0.0
247,45.84836392806074,9.0,45.84504563747512,45.85130141542543,106.1910359051724,0.0029706840810441405,0.0,0.0,0.0,0.0,0.0
248,45.87912666841302,6.0,45.87599718503868,45.881523622717296,63.75683045699042,0.005149969988547715,0.0,0.0,0.0,0.0,0.0
249,45.90205765135753,4.0,45.90131571989771,45.90327203200983,17.794434606997402,0.0025546862772621894,0.0,0.0,0.0,0.0,0.0
250,45.98052066263851,5.0,45.97853097567296,45.98105908350901,35.60410401462721,0.003827057717721551,0.0,0.0,0.0,0.0,0.0
251,45.98984239536972,9.0,45.98688133590291,45.99260166171754,57.35670646921344,0.009193327241203504,0.0,0.0,0.0,0.0,0.0
252,46.00854826883369,3.0,46.00824470809829,46.009837283241254,19.23042568406194,0.0027671026579073974,0.0,0.0,0.0,0.0,0.0
253,46.02865706295583,9.0,46.02410176445026,46.03177989435884,102.30721982529442,0.00394561254563099,0.0,0.0,0.0,0.0,0.0
254,46.06510336011051,1417.0,46.064910184839206,46.065280902830715,3.0537212307372057,0.4154363589954936,0.0,0.958180188644046,0.0,0.0,0.32091670344594486
255,46.08478048186156,3.0,46.0840289970343,46.085759805692,20.86503082657227,0.0024651492115115433,0.0,0.0,0.0,0.0,0.0
256,46.23731412859493,8.0,46.234325005498725,46.24050187558267,79.04316462108474,0.0061086516046454575,0.0,0.0,0.0,0.0,0.0
257,46.26520474688614,4.0,46.264897727000985,46.26644586838353,15.47971989202367,0.001424218964176239,0.0,0.0,0.0,0.0,0.0
258,46.27207408216816,3.0,46.271173983238036,46.27369858356376,30.311062651330417,0.0014127661585708051,0.0,0.0,0.0,0.0,0.0
259,46.27703757779776,3.0,46.27638192430415,46.278076521300775,20.34362667075305,0.0031720987003990763,0.0,0.0,0.0,0.0,0.0
260,46.29281289918377,4.0,46.29086848299358,46.293919637913106,41.265885154438195,0.002468399203595271,0.0,0.0,0.0,0.0,0.0
261,46.3096290444206,3.0,46.30878176017757,46.30999919159731,14.604970989843423,0.004858374594814867,0.0,0.0,0.0,0.0,0.0
262,46.34063824329554,7.0,46.33985927152626,46.34239226193971,38.71049440467532,0.005002532206513352,0.0,0.0,0.0,0.0,0.0
263,46.36944979745982,6.0,46.36688232958626,46.37056089073444,41.21193182379925,0.004554348663239553,0.0,0.0,0.0,0.0,0.0
264,46.37672526701205,3.0,46.3750943358736,46.37768410327033,31.02331302106413,0.003935784860860544,0.0,0.0,0.0,0.0,0.0
265,46.38608552037958,3.0,46.38594086302954,46.38680180272165,10.311278125232002,0.0014301565682024486,0.0,0.0,0.0,0.0,0.0
266,46.43129191416183,3.0,46.43076263759701,46.43151101222896,8.95438544299318,0.0026737420418526765,0.0,0.0,0.0,0.0,0.0
267,46.440289620336316,4.0,46.439588602970844,46.44082517365469,9.018566285580631,0.0017819218569427122,0.0,0.0,0.0,0.0,0.0
268,46.54907997929554,5.0,46.546903030503906,46.549933709571874,31.413186523353794,0.0017084286967632809,0.0,0.0,0.0,0.0,0.0
269,46.57246001568821,3.0,46.571565988326974,46.57302809226556,17.44120807885664,0.0013548937336265625,0.0,0.0,0.0,0.0,0.0
270,46.637365626187645,14.0,46.63330307704423,46.640308812715844,95.02199559715596,0.005945292344275619,0.0,0.0,0.0,0.0,0.0
271,46.67036705741491,5.0,46.66820753444373,46.671414895850425,40.755542511222025,0.004211619896034951,0.0,0.0,0.0,0.0,0.0
272,46.6761187862339,8.0,46.67454423971832,46.67851399125014,37.301219720502736,0.0023247008610725187,0.0,0.0,0.0,0.0,0.0
273,46.697646409348934,4.0,46.69710866794132,46.69928834829487,20.097353879450665,0.002767647489777464,0.0,0.0,0.0,0.0,0.0
274,46.729218767940125,7.0,46.7269982138117,46.73155310202047,62.70219519144877,0.0029313442474305177,0.0,0.0,0.0,0.0,0.0
275,46.73435676786628,3.0,46.734298288480495,46.73568387544811,16.471191448932007,0.003027935345392272,0.0,0.0,0.0,0.0,0.0
276,46.8019846517153,5.0,46.80071692302194,46.80382248002622,44.832990861997466,0.004090436842873588,0.0,0.0,0.0,0.0,0.0
277,46.86828426912985,4.0,46.866979492709305,46.86995196340768,46.5445722013657,0.004485861177023213,0.0,0.0,0.0,0.0,0.0
278,46.903143289713896,9.0,46.90074554498611,46.904256801534146,35.710917098860534,0.005696479983275562,0.0,0.0,0.0,0.0,0.0
279,46.91521832130727,3.0,46.91373943890071,46.91526188273268,18.028310623474468,0.0014372049533502998,0.0,0.0,0.0,0.0,0.0
280,46.93690956979975,6.0,46.93599177434784,46.938573482266904,36.87516496636267,0.004580654484244357,0.0,0.0,0.0,0.0,0.0
281,47.01411081451197,5.0,47.013160826227434,47.01697863021129,47.33172535734683,0.003175068552718216,0.0,0.0,0.0,0.0,0.0
282,47.02488225147873,9.0,47.02238478813797,47.02674725837939,41.99548471668228,0.0071064985821871355,0.0,0.0,0.0,0.0,0.0
283,47.06217166744232,25.0,47.0619080041852,47.06239952263101,2.3214077133259727,0.007508971555712583,0.0,0.0,0.0,0.0,0.0
284,47.06525383029976,3.0,47.06502153659008,47.065453784080425,5.102224573180157,0.0017097222123409685,0.0,0.0,0.0,0.0,0.0
285,47.06846426693588,240.0,47.068262933065554,47.06891285572889,3.585891652535421,0.05953629470564286,0.0,0.0,0.0,0.0,0.0
286,47.08047133237545,4.0,47.078426534854934,47.08168591114472,36.076906403451225,0.005708006539954828,0.0,0.0,0.0,0.0,0.0
287,47.10122698437067,4.0,47.099608042194,47.10369799932103,52.298855422337134,0.0018502539117511625,0.0,0.0,0.0,0.0,0.0
288,47.10871944329296,3.0,47.108049697874655,47.109085229095676,12.212073042628802,0.003784654740570881,0.0,0.0,0.0,0.0,0.0
289,47.16279095748703,12.0,47.15818829224954,47.16560368038825,82.72332634860143,0.007407629616626094,0.0,0.0,0.0,0.0,0.0
290,47.19796025201333,3.0,47.19667274743272,47.19922254865919,30.01308169594656,0.005476478505439188,0.0,0.0,0.0,0.0,0.0
291,47.208250547065646,7.0,47.20547153987996,47.209811145260396,51.95300912907533,0.0031179797177976077,0.0,0.0,0.0,0.0,0.0
292,47.263231450419,5.0,47.26128652366411,47.2654277702584,71.92102684399241,0.005555333002886354,0.0,0.0,0.0,0.0,0.0
293,47.27834087504422,5.0,47.27629620853036,47.2793628476253,34.135757160606545,0.0035269576391043847,0.0,0.0,0.0,0.0,0.0
294,47.28854964405831,5.0,47.28710961126112,47.291687636623095,52.94371980066732,0.0030420259702938985,0.0,0.0,0.0,0.0,0.0
295,47.3310786064598,3.0,47.330088532650265,47.33257752475968,29.214914065599366,0.002985238525390909,0.0,0.0,0.0,0.0,0.0
296,47.358002278299786,3.0,47.35762907471971,47.359347826593094,20.16263579436369,0.0046725539764657514,0.0,0.0,0.0,0.0,0.0
297,47.38692118456687,5.0,47.38465894893094,47.38943939978817,48.410687960022365,0.002274864820892626,0.0,0.0,0.0,0.0,0.0
298,47.3975886462526,5.0,47.395019634465044,47.398988914207145,40.42281571941393,0.00582606514543716,0.0,0.0,0.0,0.0,0.0
299,47.4884622967707,3.0,47.48828341295292,47.48901327449554,8.5384662964107,0.0024277953832418466,0.0,0.0,0.0,0.0,0.0
300,47.50618804838993,3.0,47.50599141357235,47.50665457890948,7.755309411935375,0.001826649518929442,0.0,0.0,0.0,0.0,0.0
301,47.528715123103886,3.0,47.52866371206465,47.52878610976596,1.4306871703005237,0.0014369403924474442,0.0,0.0,0.0,0.0,0.0
302,47.55670648161912,3.0,47.55533896083925,47.55741918211481,24.30106228795314,0.000666524238109595,0.0,0.0,0.0,0.0,0.0
303,47.5787528379452,3.0,47.57838154733567,47.579746522697334,15.938199304082998,0.0016379163797601032,0.0,0.0,0.0,0.0,0.0
304,47.62257225345719,3.0,47.621448320624566,47.62323330100938,20.823229876419315,0.003128424459843326,0.0,0.0,0.0,0.0,0.0
305,47.6778351466354,5.0,47.67719592917833,47.67876381943913,13.450669550651524,0.0019604386614413805,0.0,0.0,0.0,0.0,0.0
306,47.69612615631863,5.0,47.695077353298615,47.69883527847372,36.96717932021246,0.0037607372655109788,0.0,0.0,0.0,0.0,0.0
307,47.73963086144952,4.0,47.73850282623815,47.740651096124694,29.92866597181096,0.0015533085399363545,0.0,0.0,0.0,0.0,0.0
308,47.78997306675295,5.0,47.78953805914932,47.7913305506611,5.244551305535842,0.004542915035467028,0.0,0.0,0.0,0.0,0.0
309,47.81055951610662,3.0,47.809154024637124,47.81096829130793,21.081659332773427,0.0020903487378138054,0.0,0.0,0.0,0.0,0.0
310,47.82230710166136,10.0,47.818174972560755,47.825833348902016,71.93989883567406,0.006957698406984964,0.0,0.0,0.0,0.0,0.0
311,47.8315848849721,4.0,47.83088317857946,47.832724234182976,30.797207921383766,0.004727422174721699,0.0,0.0,0.0,0.0,0.0
312,47.8685582945693,5.0,47.86772024719591,47.87053212430827,27.678377202890044,0.0009702265194569675,0.0,0.0,0.0,0.0,0.0
313,47.88565198539899,3.0,47.88432008228355,47.885719335138,16.23372899141775,0.004726806353412443,0.0,0.0,0.0,0.0,0.0
314,47.909153878950285,4.0,47.90813227361472,47.90944197419067,9.594551391472457,0.002788206835486859,0.0,0.0,0.0,0.0,0.0
315,47.99192293209664,3.0,47.990549428870175,47.99207677787549,17.68062568307235,0.0029688123774899316,0.0,0.0,0.0,0.0,0.0
316,48.016262092037785,4.0,48.015014295353645,48.0170131823037,15.809231970390362,0.0027406702783898612,0.0,0.0,0.0,0.0,0.0
317,48.03518861924084,9.0,48.03185265447803,48.03838136587154,66.29486671090827,0.004673252837238492,0.0,0.0,0.0,0.0,0.0
318,48.04320562346645,4.0,48.04121627252213,48.0439966316632,31.86670952184036,0.0032519056965483652,0.0,0.0,0.0,0.0,0.0
319,48.05721627767803,4.0,48.056046116420404,48.058358620063146,38.66751847927103,0.003705242955871531,0.0,0.0,0.0,0.0,0.0
320,48.06522997596947,4.0,48.064599932670085,48.067072205167364,24.18478206338856,0.007536895827184541,0.0,0.0,0.0,0.0,0.0
321,48.12342376217198,3.0,48.12338288585126,48.124422126152204,11.99739498171208,0.002695568893188838,0.0,0.0,0.0,0.0,0.0
322,48.12715681246499,3.0,48.126591567636,48.12830845738353,19.818906843665484,0.002459274442702359,0.0,0.0,0.0,0.0,0.0
323,48.13213497890307,5.0,48.130807585929446,48.135236355163855,55.912382048214155,0.008330167006139472,0.0,0.0,0.0,0.0,0.0
324,48.151397108568375,3.0,48.149952029320545,48.15235267587564,27.69789893324718,0.0022286241356999983,0.0,0.0,0.0,0.0,0.0
325,48.16577389695528,3.0,48.16553177777485,48.16591965011849,4.47381237574859,0.0033604385998811303,0.0,0.0,0.0,0.0,0.0
326,48.21527185805381,4.0,48.21387374030187,48.21696810588131,32.529145432397684,0.0017482684159593862,0.0,0.0,0.0,0.0,0.0
327,48.22095134435086,4.0,48.22010686088717,48.22221005766632,33.273449723116855,0.0024486449867560786,0.0,0.0,0.0,0.0,0.0
328,48.24594313452047,3.0,48.2450783334858,48.24606403842255,11.350464270699394,0.0017567695304671399,0.0,0.0,0.0,0.0,0.0
329,48.26849390945046,5.0,48.26677483829586,48.26991129474337,51.99319926887485,0.003980549122492054,0.0,0.0,0.0,0.0,0.0
330,48.30204357834143,4.0,48.30066042093194,48.30329418444487,42.336378259965514,0.003206240425665921,0.0,0.0,0.0,0.0,0.0
331,48.30591009184221,3.0,48.30547390973459,48.30620945880004,8.459386624156195,0.0027694288235183408,0.0,0.0,0.0,0.0,0.0
332,48.33127260381252,3.0,48.3307965992,48.332995866529316,25.28001265282474,0.003188217415763961,0.0,0.0,0.0,0.0,0.0
333,48.34376906471657,4.0,48.34295746334346,48.344801633994095,13.094696662945488,0.003774842592602227,0.0,0.0,0.0,0.0,0.0
334,48.41446001786806,3.0,48.41414095306398,48.41534277876297,13.790940632983329,0.0023219623066844932,0.0,0.0,0.0,0.0,0.0
335,48.42391521448776,3.0,48.42374506134402,48.424957638306076,13.911594401713844,0.0023262060793721112,0.0,0.0,0.0,0.0,0.0
336,48.44971345517993,5.0,48.44785234554423,48.45129291173358,46.175197835910375,0.003097910749020062,0.0,0.0,0.0,0.0,0.0
337,48.56464223595902,3.0,48.56437233630717,48.56526262789823,10.184496718235584,0.0017896271045532545,0.0,0.0,0.0,0.0,0.0
338,48.56896600243702,3.0,48.567984996169734,48.56928473085491,14.867000155252262,0.0037783680044109554,0.0,0.0,0.0,0.0,0.0
339,48.63520508031725,4.0,48.63340927152521,48.635986215608625,37.00047004609908,0.0016138030413966151,0.0,0.0,0.0,0.0,0.0
340,48.72593599958795,4.0,48.72568038669262,48.726578391510685,8.750825862501287,0.0018354086184239208,0.0,0.0,0.0,0.0,0.0
341,48.75336466221175,4.0,48.75250014951788,48.754411541145984,29.53717902494083,0.003481669544411186,0.0,0.0,0.0,0.0,0.0
342,48.81837067110227,5.0,48.816232067080385,48.81989339147906,24.934777604860386,0.005263969693252319,0.0,0.0,0.0,0.0,0.0
343,48.86363115547703,3.0,48.86225370726906,48.86514532685392,32.87629852571698,0.0014211211833238026,0.0,0.0,0.0,0.0,0.0
344,48.870721810813386,3.0,48.869058447716036,48.871435388563455,27.020732333744235,0.001965226472272913,0.0,0.0,0.0,0.0,0.0
345,48.89078175579437,4.0,48.88940803701829,48.893035185852966,46.764645183355384,0.002395300145211165,0.0,0.0,0.0,0.0,0.0
346,48.97875812463262,3.0,48.97853462020994,48.978887710229195,4.00502440889313,0.002527722815473008,0.0,0.0,0.0,0.0,0.0
347,48.98785211210208,7.0,48.98535501502621,48.991306686317415,69.3988683840505,0.008209865622662939,0.0,0.0,0.0,0.0,0.0
348,49.0698697299041,3.0,49.06979033936246,49.07122610234428,16.255313197211652,0.003364444991220297,0.0,0.0,0.0,0.0,0.0
349,49.08918488379481,6.0,49.08813120683402,49.091047805928554,9.65271525721487,0.00246175684539493,0.0,0.0,0.0,0.0,0.0
350,49.110557109978274,4.0,49.10940022976374,49.11191940728369,23.907268925782898,0.0029178173139028465,0.0,0.0,0.0,0.0,0.0
351,49.14332803250916,3.0,49.142901854280126,49.14336798705053,5.269538319773605,0.002911016742668662,0.0,0.0,0.0,0.0,0.0
352,49.168159000967464,4.0,49.16627403793564,49.16939295479526,29.959463962016933,0.0021944400359975697,0.0,0.0,0.0,0.0,0.0
353,49.178516896181996,6.0,49.177327823787444,49.17901526507755,22.034502778116245,0.003088214012908336,0.0,0.0,0.0,0.0,0.0
354,49.190077326811235,4.0,49.18844530165043,49.19133942450005,44.80689236115823,0.0035633752966431082,0.0,0.0,0.0,0.0,0.0
355,49.204882687637266,4.0,49.203887570598894,49.20610378558844,21.210074188794124,0.0019319138404184663,0.0,0.0,0.0,0.0,0.0
356,49.24594408300495,3.0,49.24491524028238,49.24648761571786,17.738352363217953,0.004070193655371833,0.0,0.0,0.0,0.0,0.0
357,49.26812640833264,3.0,49.2669615839783,49.26901528786457,23.15790525545086,0.005819800054392197,0.0,0.0,0.0,0.0,0.0
358,49.27868428500946,5.0,49.277735444250894,49.27896668534875,15.956694829226674,0.005373860295414569,0.0,0.0,0.0,0.0,0.0
359,49.30685294992455,7.0,49.304616414816614,49.30867468374482,41.119907371054595,0.0036835787249169115,0.0,0.0,0.0,0.0,0.0
360,49.32214951034244,6.0,49.3209125850054,49.32343556762409,37.199963845982836,0.003729776690789957,0.0,0.0,0.0,0.0,0.0
361,49.348791802313535,5.0,49.3467215257666,49.34952091900088,18.312012600610508,0.007115378269112713,0.0,0.0,0.0,0.0,0.0
362,49.38424775511443,3.0,49.383714782783244,49.384597391994184,9.929045653380394,0.0024898682935883807,0.0,0.0,0.0,0.0,0.0
363,49.3937345168836,6.0,49.392017677413946,49.39475203361173,24.498984129645173,0.0065825841638558445,0.0,0.0,0.0,0.0,0.0
364,49.40299718112651,3.0,49.40269488335563,49.40411137958365,15.92904062110787,0.0029774639022265097,0.0,0.0,0.0,0.0,0.0
365,49.43093944287432,4.0,49.428809681264056,49.4320351401059,39.92129116296228,0.0026692497014641943,0.0,0.0,0.0,0.0,0.0
366,49.44336250321601,5.0,49.44227453118857,49.44490809166945,20.09358987767377,0.006108306940297858,0.0,0.0,0.0,0.0,0.0
367,49.448884703660895,3.0,49.44728023573958,49.45009397294501,31.61218591116205,0.006176972364552507,0.0,0.0,0.0,0.0,0.0
368,49.53359114886003,3.0,49.532763502527274,49.53377457365382,11.339904262826021,0.0036541251245108706,0.0,0.0,0.0,0.0,0.0
369,49.561746289044365,3.0,49.56013295872462,49.562903904349966,31.060532599620693,0.002420691524764532,0.0,0.0,0.0,0.0,0.0
370,49.57767133426264,4.0,49.57695670302892,49.57867234304945,10.579438110821288,0.004599547626902194,0.0,0.0,0.0,0.0,0.0
371,49.59904459812944,5.0,49.59795290391684,49.601085645990494,32.19643624919067,0.004867451091003098,0.0,0.0,0.0,0.0,0.0
372,49.65936965442063,5.0,49.65844891768999,49.661209744653945,29.045656405190407,0.005305726873231942,0.0,0.0,0.0,0.0,0.0
373,49.69705125421311,6.0,49.69632498307119,49.69804501953253,21.562330271905626,0.0033104817663064264,0.0,0.0,0.0,0.0,0.0
374,49.719386746640794,4.0,49.717649300179765,49.720151499425754,32.313075420465616,0.004143727495639367,0.0,0.0,0.0,0.0,0.0
375,49.76189185349936,3.0,49.76144899853539,49.763205481713555,19.609865130085016,0.0038256700457711757,0.0,0.0,0.0,0.0,0.0
376,49.811312177438104,4.0,49.81071741094735,49.81273335987495,19.697447408807193,0.0030702607032857838,0.0,0.0,0.0,0.0,0.0
377,49.83236299239603,10.0,49.83034973626156,49.835673313342156,64.32491103534774,0.006282725034583268,0.0,0.0,0.0,0.0,0.0
378,49.850663469353336,6.0,49.84879573170167,49.85304467660008,40.5083033900051,0.005669955431401969,0.0,0.0,0.0,0.0,0.0
379,49.87377978786189,5.0,49.87222055966376,49.8764591052869,50.979551634269455,0.0010984731228921006,0.0,0.0,0.0,0.0,0.0
380,49.90476351051686,4.0,49.902510110344004,49.90694293620972,45.682677600322116,0.007136630186368309,0.0,0.0,0.0,0.0,0.0
381,49.92936742473877,8.0,49.92638297675968,49.932369404433906,63.55975478201715,0.006661246019347955,0.0,0.0,0.0,0.0,0.0
382,49.945646318823655,6.0,49.94227517220532,49.948879401665344,81.93326971135933,0.0031919155892532916,0.0,0.0,0.0,0.0,0.0
383,49.956594740282064,5.0,49.95494978547621,49.95888808224109,43.97235753721174,0.0023142898071222997,0.0,0.0,0.0,0.0,0.0
384,49.96849019192686,9.0,49.96493368971166,49.97112083897076,72.31536625077554,0.007402394827663511,0.0,0.0,0.0,0.0,0.0
385,49.99410831298125,3.0,49.99365948278598,49.99524631987976,17.633601097359076,0.0016602752283311959,0.0,0.0,0.0,0.0,0.0
386,50.00548250120215,3.0,50.00445344794044,50.00564544484414,13.242957950495613,0.00101288335919707,0.0,0.0,0.0,0.0,0.0
387,50.01335531771718,7.0,50.01143326402748,50.01516655907571,54.301262434663336,0.005854205056245622,0.0,0.0,0.0,0.0,0.0
388,50.04117281885346,5.0,50.03806193193449,50.04285784457551,56.71183108409013,0.00319477176207189,0.0,0.0,0.0,0.0,0.0
389,50.14271155782622,4.0,50.14122837747109,50.14408044256018,32.302913167244995,0.000994221001459906,0.0,0.0,0.0,0.0,0.0
390,50.17670205140138,5.0,50.174629583663666,50.178448837906735,70.84632934216917,0.004058726793568631,0.0,0.0,0.0,0.0,0.0
391,50.18649849924712,4.0,50.18403767941341,50.18772627781614,47.675894449226476,0.003467543071219043,0.0,0.0,0.0,0.0,0.0
392,50.19638695915354,4.0,50.19519233800024,50.19779217825611,15.835531975753735,0.005188781484948117,0.0,0.0,0.0,0.0,0.0
393,50.20559928006368,8.0,50.20220243232317,50.20718639212312,59.76054045050585,0.0026189797647453166,0.0,0.0,0.0,0.0,0.0
394,50.21344955035029,4.0,50.21289514685051,50.21372311890196,5.005001435035951,0.00488818418328553,0.0,0.0,0.0,0.0,0.0
395,50.217513746710125,4.0,50.216512760865655,50.218945391945255,19.52317158595522,0.005598716019174277,0.0,0.0,0.0,0.0,0.0
396,50.36695697373281,6.0,50.36336106175121,50.368223258887106,60.370036960377966,0.005341678021859221,0.0,0.0,0.0,0.0,0.0
397,50.39014849631948,4.0,50.38872233549044,50.39137320980797,22.57129878493682,0.004384403250280293,0.0,0.0,0.0,0.0,0.0
398,50.42909415035215,8.0,50.423997526651924,50.43311941040511,87.3845285265991,0.003118424217818112,0.0,0.0,0.0,0.0,0.0
399,50.49866387356006,4.0,50.497054932633716,50.500159644033566,35.01489008442494,0.005813833052227841,0.0,0.0,0.0,0.0,0.0
400,50.511293259791,6.0,50.51006826758575,50.51290439950585,33.043642083027194,0.003904570536277713,0.0,0.0,0.0,0.0,0.0
401,50.52684103221468,12.0,50.52344680029976,50.53230670744336,116.08363068358882,0.006711675369925088,0.0,0.0,0.0,0.0,0.0
402,50.57303970708768,4.0,50.57175572203485,50.57440499757841,33.80549345384209,0.0019898441014341035,0.0,0.0,0.0,0.0,0.0
403,50.60127169024229,4.0,50.59929565821493,50.6030373518429,39.34527824856932,0.0032032932357511017,0.0,0.0,0.0,0.0,0.0
404,50.60662523596837,4.0,50.60619398941706,50.607785750601344,18.44534739543795,0.0035757999571907565,0.0,0.0,0.0,0.0,0.0
405,50.619207059875976,4.0,50.61872116307966,50.620266501208505,16.769095649976062,0.004607064509198716,0.0,0.0,0.0,0.0,0.0
406,50.64626913034253,6.0,50.644036677308414,50.649204516977406,58.62976675829226,0.002633689955580452,0.0,0.0,0.0,0.0,0.0
407,50.66559838884555,4.0,50.66343727159667,50.66691979147765,34.84331008434378,0.004142768889171113,0.0,0.0,0.0,0.0,0.0
408,50.68791545420413,10.0,50.68467335658103,50.69361255031714,106.95293496909413,0.009908839014021278,0.0,0.0,0.0,0.0,0.0
409,50.70668683963072,3.0,50.70507390014567,50.7068833230659,19.824504781068185,0.0038709323671879087,0.0,0.0,0.0,0.0,0.0
410,50.710431856270674,3.0,50.71030330877724,50.71128846053488,10.792779946570468,0.0033572687660273766,0.0,0.0,0.0,0.0,0.0
411,50.71973612995415,3.0,50.71924523064059,50.721213433757946,21.55859355244213,0.002572092355622107,0.0,0.0,0.0,0.0,0.0
412,50.73253542761711,3.0,50.7314851666285,50.732950410469094,16.045410485035777,0.004116568973229289,0.0,0.0,0.0,0.0,0.0
413,50.74463253720989,3.0,50.74367289701035,50.74639907353778,29.84635890559902,0.0037637421587680734,0.0,0.0,0.0,0.0,0.0
414,50.752309324180416,6.0,50.75113620744746,50.753776812577954,18.697731370786364,0.003406016293077205,0.0,0.0,0.0,0.0,0.0
415,50.78664473261493,3.0,50.785661107075384,50.788092832956025,26.60067089861753,0.0017052784159104818,0.0,0.0,0.0,0.0,0.0
416,50.8199696581585,3.0,50.8188109000693,50.820263277973666,15.877156538375301,0.002123943267636474,0.0,0.0,0.0,0.0,0.0
417,50.90004181463942,3.0,50.89892323330166,50.90096070645939,22.23828295060842,0.0032299249248691885,0.0,0.0,0.0,0.0,0.0
418,50.91874274027326,3.0,50.917644192573995,50.920018750557546,25.90792326677871,0.004383378433294244,0.0,0.0,0.0,0.0,0.0
419,50.92881294184017,5.0,50.92658472448727,50.93096862850023,59.05875054824541,0.003429022375610412,0.0,0.0,0.0,0.0,0.0
420,50.96989332464182,4.0,50.968767242399075,50.97146254498915,37.145735216764486,0.0008105548474581361,0.0,0.0,0.0,0.0,0.0
421,50.9944680012736,4.0,50.993622101110994,50.99549797287444,19.88650128838462,0.002970057278752086,0.0,0.0,0.0,0.0,0.0
422,51.00336166184177,3.0,51.00279880331435,51.003675678323475,9.551385770773045,0.0038572746536490034,0.0,0.0,0.0,0.0,0.0
423,51.142715941920414,4.0,51.14186790606828,51.14299244930418,9.246756279808123,0.004838705826637833,0.0,0.0,0.0,0.0,0.0
424,51.152752577609895,4.0,51.15159961262257,51.15355694453917,22.14325868506961,0.002216966248367036,0.0,0.0,0.0,0.0,0.0
425,51.196703980477984,3.0,51.19660492910262,51.19695291717891,3.7761553776169294,0.002283314243699888,0.0,0.0,0.0,0.0,0.0
426,51.22879369099911,7.0,51.22688022184455,51.23090495798514,26.52238486267647,0.004961098364572696,0.0,0.0,0.0,0.0,0.0
427,51.254845166583394,4.0,51.25450828705349,51.25555130806792,14.108684944765479,0.002952295959809699,0.0,0.0,0.0,0.0,0.0
428,51.273787891026856,3.0,51.27354757386368,51.27553520683376,21.53616076260748,0.00399803431989358,0.0,0.0,0.0,0.0,0.0
429,51.34546052717249,9.0,51.34130035926596,51.3472040511593,53.71947496152143,0.00810134479545194,0.0,0.0,0.0,0.0,0.0
430,51.3531394823919,3.0,51.35236032304554,51.354572196510325,23.928791967308563,0.001707119404362863,0.0,0.0,0.0,0.0,0.0
431,51.420829943088165,5.0,51.417856678453234,51.42307297742515,46.913717866071316,0.004025775853709179,0.0,0.0,0.0,0.0,0.0
432,51.45546522815549,3.0,51.455043861599314,51.45589626152796,9.203211239417408,0.00394486237395936,0.0,0.0,0.0,0.0,0.0
433,51.49568186061292,3.0,51.4953093064588,51.496652552967944,14.49146867607877,0.0022913515021014013,0.0,0.0,0.0,0.0,0.0
434,51.522540876025445,13.0,51.51911865268544,51.527524832729796,70.77210213524461,0.003898874753570452,0.0,0.0,0.0,0.0,0.0
435,51.55038991463383,3.0,51.549858320151586,51.55219008377481,25.129281025213928,0.0014427485295443216,0.0,0.0,0.0,0.0,0.0
436,51.598066621840815,3.0,51.596508774249116,51.598965496873966,26.451493089895408,0.0013399549177752737,0.0,0.0,0.0,0.0,0.0
437,51.65500243547351,3.0,51.653366704791175,51.655596483165795,23.981525607729832,0.001251966685543033,0.0,0.0,0.0,0.0,0.0
438,51.68520483659694,5.0,51.683709479747186,51.68691221684341,41.6809572666313,0.005525134043364688,0.0,0.0,0.0,0.0,0.0
439,51.72429603412996,8.0,51.72126548125351,51.72895767732957,95.01970766474861,0.002811846846391252,0.0,0.0,0.0,0.0,0.0
440,51.74006861955365,5.0,51.73861858193498,51.741785287571886,35.80833794282197,0.003211494710124242,0.0,0.0,0.0,0.0,0.0
441,51.83646280722411,6.0,51.83484548221783,51.83812182289381,39.89637980441054,0.00488329430411099,0.0,0.0,0.0,0.0,0.0
442,51.97429767101407,5.0,51.97254385483783,51.97545069339616,24.843941537763296,0.003977616442723493,0.0,0.0,0.0,0.0,0.0
443,51.98144008474398,4.0,51.98019456090984,51.982428705847795,22.976347567070807,0.0035695306437798042,0.0,0.0,0.0,0.0,0.0
444,51.98858069252647,4.0,51.98811248007533,51.989864370427235,22.303584181859513,0.003428037990807983,0.0,0.0,0.0,0.0,0.0
445,51.99554317928037,3.0,51.994579415117435,51.99557942328175,10.684763680034804,0.003090953705312252,0.0,0.0,0.0,0.0,0.0
446,52.02509366833826,6.0,52.02414789430474,52.0262995719816,35.19862004647605,0.006299864726393929,0.0,0.0,0.0,0.0,0.0
447,52.05930575391549,4.0,52.05808548796521,52.05977240568015,12.168105666128062,0.002543508611011472,0.0,0.0,0.0,0.0,0.0
448,52.07553058555992,3.0,52.07489672023881,52.07689075586413,21.27290028862523,0.0035745281126245963,0.0,0.0,0.0,0.0,0.0
449,52.0944674242415,8.0,52.090210535734116,52.09748945133644,80.46332340993173,0.003416291900211581,0.0,0.0,0.0,0.0,0.0
450,52.107668918663805,4.0,52.107467539218504,52.10819423834208,8.753877554162592,0.0033871357010623413,0.0,0.0,0.0,0.0,0.0
451,52.12128995070077,11.0,52.11687120726393,52.124260560650285,75.99093348544349,0.004814205297920923,0.0,0.0,0.0,0.0,0.0
452,52.175949273006644,4.0,52.174726159322546,52.17738563881494,33.47849080712285,0.0021085068300408637,0.0,0.0,0.0,0.0,0.0
453,52.18123726610983,3.0,52.18068206958526,52.1814198537737,7.854932657125595,0.0018751505040616669,0.0,0.0,0.0,0.0,0.0
454,52.20540255593039,3.0,52.20410834286798,52.20564006189053,16.30013314450158,0.006056127580023934,0.0,0.0,0.0,0.0,0.0
455,52.21333714334074,5.0,52.211449649197796,52.21488268478161,50.03308648038177,0.0026478245600447432,0.0,0.0,0.0,0.0,0.0
456,52.282890128545645,4.0,52.28198851214816,52.28365583547331,9.429573128581918,0.002385679807321423,0.0,0.0,0.0,0.0,0.0
457,52.3044091361433,3.0,52.30431680324626,52.304950479318606,6.73064218156341,0.0017208251943851911,0.0,0.0,0.0,0.0,0.0
458,52.37455714758063,7.0,52.37239066944515,52.37836475144259,62.307397796984034,0.0026500868255895393,0.0,0.0,0.0,0.0,0.0
459,52.422654846759265,6.0,52.42033134319038,52.42412294390529,29.177492839057976,0.003931887259518781,0.0,0.0,0.0,0.0,0.0
460,52.45306817694478,3.0,52.45304055194435,52.45338781608421,3.67804074864282,0.005279840406741555,0.0,0.0,0.0,0.0,0.0
461,52.49584569403324,9.0,52.49229222228366,52.49873698919932,75.4403044260457,0.008042832128521941,0.0,0.0,0.0,0.0,0.0
462,52.51339673308712,3.0,52.512886024850644,52.51439811647476,15.996887547768658,0.0013454770657138253,0.0,0.0,0.0,0.0,0.0
463,52.55037579610928,3.0,52.54994893632281,52.55084318819017,9.453911327142938,0.002445939249567181,0.0,0.0,0.0,0.0,0.0
464,52.58732627169749,5.0,52.584055984323,52.587818299062846,35.60846060169618,0.003536106297510456,0.0,0.0,0.0,0.0,0.0
465,52.64912337325845,4.0,52.648422636917715,52.65012148542441,24.51395989393163,0.004430277012630465,0.0,0.0,0.0,0.0,0.0
466,52.68524642472259,3.0,52.68442989200713,52.686269003571226,19.393069522402755,0.003302032153499163,0.0,0.0,0.0,0.0,0.0
467,52.74201935736976,3.0,52.74161788475043,52.74337987541493,18.559844966659192,0.003978788273742941,0.0,0.0,0.0,0.0,0.0
468,52.75965628250435,10.0,52.756151790725646,52.76282666945936,60.96207894299068,0.008200920953031392,0.0,0.0,0.0,0.0,0.0
469,52.79089870978921,3.0,52.78997477049912,52.7911004734172,11.846559261856289,0.002297743401771398,0.0,0.0,0.0,0.0,0.0
470,52.80347496095892,5.0,52.80119936265026,52.804913065010666,32.219781039487756,0.005934545203407246,0.0,0.0,0.0,0.0,0.0
471,52.825436970598716,6.0,52.82397774537759,52.82792997885281,40.302120708626326,0.0031658859128057154,0.0,0.0,0.0,0.0,0.0
472,52.875168451946365,9.0,52.87087910756814,52.876632874843075,77.4315933132247,0.007431891993791697,0.0,0.0,0.0,0.0,0.0
473,52.900587392941816,4.0,52.899360696622715,52.90232658226181,28.59040903140322,0.003629197516283156,0.0,0.0,0.0,0.0,0.0
474,52.93311782681023,3.0,52.932673976674074,52.933886238410096,12.723201842117705,0.002882748963914097,0.0,0.0,0.0,0.0,0.0
475,52.93934163008048,3.0,52.93763149428448,52.93954374540878,20.067528288188576,0.007051952106837203,0.0,0.0,0.0,0.0,0.0
476,53.0083297988417,7.0,53.004323759540775,53.00921240514635,39.93190158726058,0.004133420734315189,0.0,0.0,0.0,0.0,0.0
477,53.12481693046537,3.0,53.123322011462115,53.12495368647691,17.063326928978146,0.002412863615077187,0.0,0.0,0.0,0.0,0.0
478,53.17876733737238,6.0,53.176649720756615,53.18150171213905,42.32384986560125,0.0021818842114097047,0.0,0.0,0.0,0.0,0.0
479,53.188177299699944,10.0,53.18512585633857,53.19264552294947,79.65555505965193,0.009527425346301051,0.0,0.0,0.0,0.0,0.0
480,53.19760798597382,4.0,53.196807013804225,53.199230198652806,15.122567081011038,0.005108103085673754,0.0,0.0,0.0,0.0,0.0
481,53.24858354464017,4.0,53.24670170580436,53.249367818479705,31.791741137914116,0.002214759723404192,0.0,0.0,0.0,0.0,0.0
482,53.268579275099874,8.0,53.26458729871134,53.271319333102376,82.05522823734164,0.00509425461340174,0.0,0.0,0.0,0.0,0.0
483,53.28581021312188,4.0,53.28415274864581,53.28678220215277,18.824029347430887,0.0038322215709256,0.0,0.0,0.0,0.0,0.0
484,53.29266240194356,3.0,53.291186165267646,53.29436777428425,33.16705311977613,0.0030675846853796505,0.0,0.0,0.0,0.0,0.0
485,53.30497266835464,5.0,53.30241071691893,53.30733142948596,74.48511124116773,0.0035648473511076515,0.0,0.0,0.0,0.0,0.0
486,53.32157032747892,7.0,53.31879222109147,53.32429996448954,56.40987326834398,0.0038205932055735106,0.0,0.0,0.0,0.0,0.0
487,53.32862911943028,3.0,53.32734020057676,53.32948937999093,22.389260386858254,0.002833172382884891,0.0,0.0,0.0,0.0,0.0
488,53.34647954390138,15.0,53.3408304114363,53.35216459999146,85.33407330152114,0.015214837794839845,0.0,0.0,0.0,0.0,0.0
489,53.35920195195376,7.0,53.357182196271175,53.36035724034978,33.938548686430025,0.005115716951513501,0.0,0.0,0.0,0.0,0.0
490,53.46367515037193,4.0,53.462178419586735,53.46448607733344,14.802777880960116,0.0021789319789958287,0.0,0.0,0.0,0.0,0.0
491,53.47410231383101,8.0,53.46895893269355,53.47678102941409,74.08819285469065,0.011633396550475315,0.0,0.0,0.0,0.0,0.0
492,53.49614371099224,3.0,53.49529957346035,53.49660230733883,13.52884513527654,0.0020368365717738793,0.0,0.0,0.0,0.0,0.0
493,53.55591189544867,5.0,53.553707137133784,53.55812167200554,36.75740814899702,0.003290815419340184,0.0,0.0,0.0,0.0,0.0
494,53.65069751936433,6.0,53.64926537571189,53.65239268841839,38.65262820765229,0.006297090962354388,0.0,0.0,0.0,0.0,0.0
495,53.66802846530625,3.0,53.666596454002715,53.66843859632642,19.069312425314788,0.0016575636357209105,0.0,0.0,0.0,0.0,0.0
496,53.69202385982172,3.0,53.69197345098243,53.692067220772614,0.9702433273951523,0.0027297425159642265,0.0,0.0,0.0,0.0,0.0
497,53.701055481456194,4.0,53.699284325363806,53.70222616904654,31.05159216084385,0.006375753269281031,0.0,0.0,0.0,0.0,0.0
498,53.75675862065991,3.0,53.756460429287834,53.756840259100414,3.9253959494536583,0.0021440207034384338,0.0,0.0,0.0,0.0,0.0
499,53.78269985870969,3.0,53.78240300375566,53.78420507385227,18.614722881241153,0.0022910513752970006,0.0,0.0,0.0,0.0,0.0
500,53.83034145370708,4.0,53.828914748086135,53.831765991099175,41.100081372132564,0.003160102801495859,0.0,0.0,0.0,0.0,0.0
501,53.87573939096518,4.0,53.87403766262117,53.87661520940598,17.528741623091758,0.0014859964895967703,0.0,0.0,0.0,0.0,0.0
502,53.89781054446552,3.0,53.897141135599874,53.89836885099993,12.65476471583596,0.0023567254723904905,0.0,0.0,0.0,0.0,0.0
503,53.92672544448162,4.0,53.92503811858655,53.927168893455864,18.734591038468825,0.003498368220226273,0.0,0.0,0.0,0.0,0.0
504,53.94846474396121,3.0,53.94659861455684,53.948750379815465,22.1586499143419,0.002023333487777101,0.0,0.0,0.0,0.0,0.0
505,54.01600330702109,3.0,54.01577148277193,54.01793979890361,22.30117001264091,0.003258037866689198,0.0,0.0,0.0,0.0,0.0
506,54.027231747275074,3.0,54.02694927998357,54.02806693898538,11.492753702052314,0.0023310391594929796,0.0,0.0,0.0,0.0,0.0
507,54.03472189946538,5.0,54.033092087890445,54.03530069902961,17.49126997757977,0.0066040858147010575,0.0,0.0,0.0,0.0,0.0
508,54.055332120515786,3.0,54.05473027974136,54.05542592196425,7.1494871355983625,0.0018639988769867037,0.0,0.0,0.0,0.0,0.0
509,54.127820550388876,4.0,54.12689172450538,54.12845134561862,22.343225412651833,0.005469395986269563,0.0,0.0,0.0,0.0,0.0
510,54.13361604024095,5.0,54.131926078329606,54.13474895704188,21.183326051209605,0.003180757100795275,0.0,0.0,0.0,0.0,0.0
511,54.14717447889113,5.0,54.14559684242152,54.1495932515699,57.80520478299157,0.0038698321645929206,0.0,0.0,0.0,0.0,0.0
512,54.15285213713615,3.0,54.1523516704444,54.15329718233667,9.700031740960485,0.0047964677550772685,0.0,0.0,0.0,0.0,0.0
513,54.17571797866207,3.0,54.174148011704276,54.176205067407295,21.094482298294274,0.0031433102421816886,0.0,0.0,0.0,0.0,0.0
514,54.19601870770912,3.0,54.19419708766381,54.19678455122729,26.523715058321713,0.004228508941954674,0.0,0.0,0.0,0.0,0.0
515,54.2210789092351,3.0,54.22011538162891,54.222213017257516,21.492621512711455,0.0004136517648499374,0.0,0.0,0.0,0.0,0.0
516,54.23781717546045,3.0,54.237489345800086,54.238709281297105,12.495745184493352,0.0020293786780835616,0.0,0.0,0.0,0.0,0.0
517,54.25001427163414,3.0,54.24948503563725,54.25171286780674,22.81445553933744,0.0025646706139381987,0.0,0.0,0.0,0.0,0.0
518,54.33487037467745,6.0,54.33267352943044,54.336424386499864,33.519409055186976,0.006226666949290233,0.0,0.0,0.0,0.0,0.0
519,54.39290373081669,3.0,54.39134053909282,54.39472452172839,34.563154826094234,0.0007248469129390084,0.0,0.0,0.0,0.0,0.0
520,54.43525055714375,5.0,54.43279663012429,54.43743955573578,33.166703656408565,0.0051440582155459795,0.0,0.0,0.0,0.0,0.0
521,54.47729452027957,3.0,54.47565732590342,54.47860117301136,30.02114238468057,0.0026644211952229235,0.0,0.0,0.0,0.0,0.0
522,54.50344316940304,7.0,54.50001958519903,54.504549334439204,47.04562306760123,0.005440388298364012,0.0,0.0,0.0,0.0,0.0
523,54.55650584222839,3.0,54.55570214798409,54.55765343703175,19.870214453497322,0.006513765554214867,0.0,0.0,0.0,0.0,0.0
524,54.60936668135231,4.0,54.60685881529243,54.611561079213125,53.12266802477177,0.0020731813936679566,0.0,0.0,0.0,0.0,0.0
525,54.64045383431432,3.0,54.639726164261425,54.6406517104555,9.410469605604277,0.002665232276810437,0.0,0.0,0.0,0.0,0.0
526,54.64866280917335,5.0,54.646025490498126,54.64978598016892,28.470199634469807,0.0042353221483115286,0.0,0.0,0.0,0.0,0.0
527,54.69675379709493,3.0,54.69525440411954,54.69715191842801,19.273074591126836,0.003055608006981063,0.0,0.0,0.0,0.0,0.0
528,54.719673904744525,3.0,54.71966329432868,54.72003058915983,3.729055189994245,0.002624525101759597,0.0,0.0,0.0,0.0,0.0
529,54.77965116948042,5.0,54.778295896492345,54.78099351560149,5.6134890513703555,0.0036049656956897735,0.0,0.0,0.0,0.0,0.0
530,54.788678170910586,4.0,54.78603233383426,54.789814463656626,43.35803407240076,0.0021294008194799154,0.0,0.0,0.0,0.0,0.0
531,54.82141256546018,3.0,54.821321074537074,54.822001907051636,6.899499085641525,0.0036655856004422383,0.0,0.0,0.0,0.0,0.0
532,54.84159178115754,4.0,54.84013545625052,54.84292157648279,39.517370942394685,0.002411024965379631,0.0,0.0,0.0,0.0,0.0
533,54.86490053817047,4.0,54.863856348187284,54.866616598056915,19.121623587771026,0.0067589474844126,0.0,0.0,0.0,0.0,0.0
534,54.93571152358187,3.0,54.934349397182906,54.93696461356936,26.44724082345363,0.00314774301673264,0.0,0.0,0.0,0.0,0.0
535,54.946766660730304,4.0,54.945780078534845,54.94848199995795,25.299542712675528,0.002327924554230412,0.0,0.0,0.0,0.0,0.0
536,54.95529706922336,4.0,54.952867816677504,54.95628597311816,36.29525386048309,0.005872987288492447,0.0,0.0,0.0,0.0,0.0
537,54.9821936330338,4.0,54.980954571563515,54.982767556706236,16.494388850651802,0.0036461787002837146,0.0,0.0,0.0,0.0,0.0
538,55.05421582749472,228.0,55.05394060321586,55.05445982303839,4.339640198416446,0.037000591001304296,0.0,0.0,0.0,0.0,0.0
539,55.06419917932381,3.0,55.06342664119536,55.06465465254235,12.389693054112499,0.0033006861328189405,0.0,0.0,0.0,0.0,0.0
540,55.089028085924795,4.0,55.08686909777132,55.09069713694359,41.98770428246647,0.003059855624305267,0.0,0.0,0.0,0.0,0.0
541,55.09634252625401,4.0,55.09483044505717,55.09719768448959,21.235561323193505,0.001953851749028734,0.0,0.0,0.0,0.0,0.0
542,55.10631599586435,5.0,55.104856638038946,55.107404087892014,34.65395907677724,0.004959121135336133,0.0,0.0,0.0,0.0,0.0
543,55.1642805848958,4.0,55.16391022421128,55.16531023327205,15.791190230196431,0.0037280625171347754,0.0,0.0,0.0,0.0,0.0
544,55.20231562621005,3.0,55.20208610255373,55.20234937262956,2.64954742534208,0.002936596785054197,0.0,0.0,0.0,0.0,0.0
545,55.26833290941983,3.0,55.2674563671998,55.26849604073642,10.450765905862026,0.0020407387344301047,0.0,0.0,0.0,0.0,0.0
546,55.31858917260127,3.0,55.31733515247599,55.31916491739535,18.376030219152,0.002533050797628975,0.0,0.0,0.0,0.0,0.0
547,55.32767892817148,5.0,55.326699800545924,55.329710017100425,42.77811737821286,0.005874586762178158,0.0,0.0,0.0,0.0,0.0
548,55.34895240953311,5.0,55.34651531430373,55.35143929678491,63.840254713838334,0.0022697654058646843,0.0,0.0,0.0,0.0,0.0
549,55.36891380103368,3.0,55.36812215736435,55.36916879366673,10.50164383804371,0.0021717553150120772,0.0,0.0,0.0,0.0,0.0
550,55.37534090113613,3.0,55.37485433204078,55.37714926181449,23.023984405990298,0.0018690053250651666,0.0,0.0,0.0,0.0,0.0
551,55.39387515903368,4.0,55.39334797240309,55.39455647068369,18.589843391481278,0.002381708334406342,0.0,0.0,0.0,0.0,0.0
552,55.40313128369601,6.0,55.40009303755563,55.40639155312885,47.12902114913627,0.002917173868221797,0.0,0.0,0.0,0.0,0.0
553,55.43756245181489,3.0,55.43645675750946,55.438790437331114,23.38646817186305,0.0018950875774480062,0.0,0.0,0.0,0.0,0.0
554,55.444820349412666,3.0,55.44444505682524,55.446664762369636,22.241387727799466,0.002368144655928981,0.0,0.0,0.0,0.0,0.0
555,55.52523123355505,8.0,55.52189496298283,55.52723273019669,34.72918781639117,0.0067769139564103,0.0,0.0,0.0,0.0,0.0
556,55.537306078082224,7.0,55.53396010687613,55.5389290463707,45.76467643963499,0.00436779259041044,0.0,0.0,0.0,0.0,0.0
557,55.54386779393508,3.0,55.54270826802703,55.54452073696897,18.12850328857317,0.0021092714838760306,0.0,0.0,0.0,0.0,0.0
558,55.63586205127869,3.0,55.63432258083133,55.63701943795239,26.929643954507007,0.002138822779947818,0.0,0.0,0.0,0.0,0.0
559,55.65439178826256,5.0,55.65163849764844,55.65665752833672,43.08652033020093,0.0024239754614511924,0.0,0.0,0.0,0.0,0.0
560,55.66910709645835,3.0,55.667466803335145,55.6696745899089,22.032832220701927,0.0019935899476859168,0.0,0.0,0.0,0.0,0.0
561,55.68561072096576,3.0,55.68493873836779,55.687140241633465,21.963615985858883,0.001926492097029396,0.0,0.0,0.0,0.0,0.0
562,55.70109850221344,5.0,55.69987455979552,55.70240980938476,21.24930126376063,0.005746950057682906,0.0,0.0,0.0,0.0,0.0
563,55.72616011468882,3.0,55.726031179770494,55.726372805880544,3.40580228329381,0.0019656268652954723,0.0,0.0,0.0,0.0,0.0
564,55.8532134168982,4.0,55.85108091226725,55.8540010665434,25.8314334746809,0.005864828525526328,0.0,0.0,0.0,0.0,0.0
565,55.867382644704776,3.0,55.86626408804429,55.86869142609295,24.137897182761417,0.0024820154426118614,0.0,0.0,0.0,0.0,0.0
566,55.88598325325899,6.0,55.885258471673865,55.88827262323727,21.650844775602366,0.00435695301767573,0.0,0.0,0.0,0.0,0.0
567,55.924900691184824,6.0,55.92321800112339,55.927517527080795,35.462154338976994,0.004820860643790262,0.0,0.0,0.0,0.0,0.0
568,55.93619743978523,3.0,55.9355240755996,55.93656400413955,10.328518994762955,0.0020456822006935833,0.0,0.0,0.0,0.0,0.0
569,55.947461070734384,3.0,55.947402029708165,55.948548910200486,11.388467266861959,0.002047039617497797,0.0,0.0,0.0,0.0,0.0
570,55.96173485792502,5.0,55.95978124686334,55.96414029649195,54.34330498074008,0.004240046320224039,0.0,0.0,0.0,0.0,0.0
571,55.97081669078604,4.0,55.97018660822384,55.97115294994792,6.873742199972073,0.0019673246959569794,0.0,0.0,0.0,0.0,0.0
572,56.07228270037831,3.0,56.07059023285754,56.073432258453586,28.158352627643662,0.002383160080286775,0.0,0.0,0.0,0.0,0.0
573,56.15151770230291,7.0,56.14683217778529,56.15685494476349,103.11858461349897,0.003425355722266774,0.0,0.0,0.0,0.0,0.0
574,56.22987004441149,3.0,56.22800786935985,56.23000988451311,19.78006777931117,0.001862862404615338,0.0,0.0,0.0,0.0,0.0
575,56.28569683845523,7.0,56.283050010753726,56.28759613420571,54.39401729697205,0.006887354828486401,0.0,0.0,0.0,0.0,0.0
576,56.336922821542686,3.0,56.33573019109509,56.33756702126024,18.11354173701546,0.0013932971085444557,0.0,0.0,0.0,0.0,0.0
577,56.42997230972061,3.0,56.428728562062695,56.43039698801262,16.425726747206998,0.002088324653331536,0.0,0.0,0.0,0.0,0.0
578,56.45444564233017,3.0,56.45257880465482,56.45547600061868,28.51065659999236,0.0017857658328335746,0.0,0.0,0.0,0.0,0.0
579,56.48513874341283,3.0,56.484139274801514,56.4857367181032,15.711539719605778,0.0018108951818852864,0.0,0.0,0.0,0.0,0.0
580,56.58316679087733,4.0,56.582850120692655,56.58398886428697,9.284541263269748,0.0026948696365523593,0.0,0.0,0.0,0.0,0.0
581,56.62082219026352,3.0,56.61908147370849,56.62093103569221,18.14764243340442,0.0014976622314211172,0.0,0.0,0.0,0.0,0.0
582,56.6325212417654,7.0,56.63061443662228,56.63573875500241,26.6777516988561,0.0036805008411500075,0.0,0.0,0.0,0.0,0.0
583,56.65006705091811,6.0,56.648422739898145,56.65235669034264,45.489943510319456,0.003784056709893053,0.0,0.0,0.0,0.0,0.0
584,56.68964312435979,3.0,56.688603023128294,56.69125403653391,25.979793559732464,0.0021934761746711913,0.0,0.0,0.0,0.0,0.0
585,56.72363373725446,8.0,56.71839086342713,56.726217517211936,56.094865072495494,0.005011393170707778,0.0,0.0,0.0,0.0,0.0
586,56.738164535134665,3.0,56.737832703662065,56.73885168217756,9.977396694298085,0.005754075599967785,0.0,0.0,0.0,0.0,0.0
587,56.74769495096293,3.0,56.74741088650954,56.74885733125131,14.160582430419105,0.0017315823413469975,0.0,0.0,0.0,0.0,0.0
588,56.76123626664262,5.0,56.75930741099047,56.762564478838456,20.656123283182648,0.0026073286554475425,0.0,0.0,0.0,0.0,0.0
589,56.77681154398629,3.0,56.77633440986444,56.777236964499004,8.831408946381137,0.0021681527881595867,0.0,0.0,0.0,0.0,0.0
590,56.863019924417145,3.0,56.862844573783285,56.86451514945457,16.321637443516284,0.0016390574451254352,0.0,0.0,0.0,0.0,0.0
591,56.90446681363575,5.0,56.902577434496024,56.906287698225896,32.31709499550595,0.0028438962458254453,0.0,0.0,0.0,0.0,0.0
592,56.910478920358976,3.0,56.909968319699885,56.91146186395944,14.579859923974148,0.0015632244280536453,0.0,0.0,0.0,0.0,0.0
593,57.006475661226546,4.0,57.005622666982546,57.00838836402521,14.82509529546052,0.004490648496754449,0.0,0.0,0.0,0.0,0.0
594,57.033475366342316,18.0,57.033057856872226,57.03387347938231,5.476753933468351,0.0016399661291507349,0.0,0.0,0.0,0.0,0.0
595,57.06985708966863,1472.0,57.069641320646454,57.07011199331791,3.3021130118415623,0.30144969779356134,0.0,0.9325409474315421,0.0,0.0,0.3511051563766339
596,57.15514210954729,3.0,57.15393703381179,57.15546565533284,14.858403758897225,0.0018323690378539217,0.0,0.0,0.0,0.0,0.0
597,57.3063369743004,10.0,57.304851514464474,57.31162277753986,52.92701452085885,0.008879980968230847,0.0,0.0,0.0,0.0,0.0
598,57.33048909799006,3.0,57.330357579355045,57.33053818429887,1.7501347274194534,0.0009587567972976638,0.0,0.0,0.0,0.0,0.0
599,57.34440334061708,5.0,57.34308140097743,57.34665734663704,28.88596607233058,0.0038894135088756877,0.0,0.0,0.0,0.0,0.0
600,57.488095792142005,6.0,57.48399892734235,57.49171021620004,92.93998375645829,0.005280481758315544,0.0,0.0,0.0,0.0,0.0
601,57.49711831733832,4.0,57.494863282656,57.49846942776258,29.43240899179614,0.005458001214334717,0.0,0.0,0.0,0.0,0.0
602,57.50756791125821,6.0,57.50558101482595,57.50891646878527,36.11533961942984,0.0027649280334157405,0.0,0.0,0.0,0.0,0.0
603,57.5442307407267,6.0,57.54127138101916,57.54687620759128,35.90438816451082,0.0034603511495266363,0.0,0.0,0.0,0.0,0.0
604,57.570821404002416,3.0,57.570528925905734,57.57153164081269,9.676148847745809,0.0015426752255101974,0.0,0.0,0.0,0.0,0.0
605,57.60912231056335,4.0,57.60664866175886,57.610273646358955,44.47642273275167,0.0018342053156588612,0.0,0.0,0.0,0.0,0.0
606,57.618452833782044,6.0,57.61650320059768,57.62086596954833,37.68310397481982,0.0026638373366550767,0.0,0.0,0.0,0.0,0.0
607,57.64054002284408,5.0,57.6375515917675,57.6415509231223,36.19312248308274,0.002118031443825354,0.0,0.0,0.0,0.0,0.0
608,57.681136835133074,7.0,57.67988370997611,57.68564612336756,56.33685744120005,0.004268949925230261,0.0,0.0,0.0,0.0,0.0
609,57.69504252797185,3.0,57.693024421395535,57.695893787626204,27.629624323451917,0.0027691823244758848,0.0,0.0,0.0,0.0,0.0
610,57.73729983840944,5.0,57.73570986411923,57.7394711976545,47.0074809701246,0.003300308397505812,0.0,0.0,0.0,0.0,0.0
611,57.74550203832928,5.0,57.74302702898723,57.74731833445083,33.1006634660611,0.004480451940652299,0.0,0.0,0.0,0.0,0.0
612,57.83004544870363,3.0,57.8289856931126,57.8316851564217,25.932918204623256,0.002816525106857114,0.0,0.0,0.0,0.0,0.0
613,57.876357265375646,5.0,57.874343579921906,57.879008926265975,35.04551246098952,0.002424967105978892,0.0,0.0,0.0,0.0,0.0
614,57.91237513147948,3.0,57.91202055208798,57.91285552426636,8.009918974608135,0.002106335222166125,0.0,0.0,0.0,0.0,0.0
615,57.927226976524416,6.0,57.924412705250475,57.93079337841255,58.78405865717092,0.007598896958897563,0.0,0.0,0.0,0.0,0.0
616,57.95627456465272,5.0,57.95395671283352,57.95847021000078,54.40821474488171,0.0038584903112272527,0.0,0.0,0.0,0.0,0.0
617,58.00319122119162,4.0,58.00149067956212,58.00493836906064,24.219914792809217,0.0025214397406822645,0.0,0.0,0.0,0.0,0.0
618,58.029412309226956,6.0,58.0283308762103,58.031699834314956,38.394564822740406,0.005052804807618752,0.0,0.0,0.0,0.0,0.0
619,58.11691572254217,3.0,58.11583082609912,58.11720220810016,13.109417111887517,0.001988593310085884,0.0,0.0,0.0,0.0,0.0
620,58.15730491897156,5.0,58.15425321722326,58.16097509461596,58.29119013104077,0.003004927007406455,0.0,0.0,0.0,0.0,0.0
621,58.16860605644665,3.0,58.16686813076588,58.170305992522515,32.834261083613264,0.004332679044917209,0.0,0.0,0.0,0.0,0.0
622,58.17672568397488,3.0,58.176678921652034,58.177291113451204,5.846093108448774,0.0027689504069286167,0.0,0.0,0.0,0.0,0.0
623,58.21320983739032,5.0,58.21030735923374,58.21631390853596,64.26716056405937,0.0027620426605793696,0.0,0.0,0.0,0.0,0.0
624,58.232890620472006,4.0,58.23168764467543,58.23375277612659,13.403892461157172,0.004005454922226337,0.0,0.0,0.0,0.0,0.0
625,58.2449455200204,3.0,58.244191206527475,58.24525394822791,10.136708868533061,0.001011757109233986,0.0,0.0,0.0,0.0,0.0
626,58.26390144156287,5.0,58.26198800580715,58.26708135713106,39.853357578752586,0.0016934841785590962,0.0,0.0,0.0,0.0,0.0
627,58.28128506798596,3.0,58.28062193172262,58.28220147106232,15.056666207048012,0.004344377559454242,0.0,0.0,0.0,0.0,0.0
628,58.28750491856458,3.0,58.2859156825932,58.28871743019791,26.704290211694968,0.002652461091685569,0.0,0.0,0.0,0.0,0.0
629,58.33965805934126,3.0,58.33903944328822,58.34114301640227,20.031857725965946,0.002205957825583449,0.0,0.0,0.0,0.0,0.0
630,58.41215437583422,4.0,58.410260096724045,58.414470757860435,44.86310269478861,0.002336478930283262,0.0,0.0,0.0,0.0,0.0
631,58.41799159637554,6.0,58.41735012475591,58.42024861234413,11.020861926406068,0.002916033241170863,0.0,0.0,0.0,0.0,0.0
632,58.52503632949259,6.0,58.52241460824558,58.52854562461295,65.87940567434791,0.007737684147812801,0.0,0.0,0.0,0.0,0.0
633,58.59515658352855,5.0,58.593154954820996,58.59805783798103,41.357469625934364,0.003366450991911332,0.0,0.0,0.0,0.0,0.0
634,58.6015771377281,3.0,58.601440690747,58.60181191237466,3.519260874211969,0.003090761385502944,0.0,0.0,0.0,0.0,0.0
635,58.61389248478552,7.0,58.61170768250131,58.61495445467788,26.949474416769718,0.003193103499035874,0.0,0.0,0.0,0.0,0.0
636,58.65332532984392,3.0,58.65324726829166,58.65340640049247,1.5072764883343146,0.0019932589857373103,0.0,0.0,0.0,0.0,0.0
637,58.666849259270656,3.0,58.66491285968364,58.6688969651492,37.72815403001336,0.0018218361479063997,0.0,0.0,0.0,0.0,0.0
638,58.679495040564014,4.0,58.6780108650584,58.68037619785102,26.306424690778723,0.0016859590637063524,0.0,0.0,0.0,0.0,0.0
639,58.68657115386127,3.0,58.685812739031,58.68709146096275,12.105002204502808,0.006031241034876198,0.0,0.0,0.0,0.0,0.0
640,58.70740475647189,5.0,58.706465292720104,58.71024372613142,43.33404650940368,0.008534731406572115,0.0,0.0,0.0,0.0,0.0
641,58.74203867778023,3.0,58.74075229098266,58.742967903996984,20.954262854584012,0.0010829709813591363,0.0,0.0,0.0,0.0,0.0
642,58.77291644415804,3.0,58.77085590794367,58.77343816180461,24.408955095214047,0.0021722486129752716,0.0,0.0,0.0,0.0,0.0
643,58.77947629756888,4.0,58.777353369146525,58.78109006188865,26.132324208060847,0.006232847397480423,0.0,0.0,0.0,0.0,0.0
644,58.78620825619777,5.0,58.785633114698086,58.7876371654095,11.96072243433625,0.0030601875615022334,0.0,0.0,0.0,0.0,0.0
645,58.79228037006772,3.0,58.79073280417519,58.79431850568309,33.88295845539863,0.0018494848424528002,0.0,0.0,0.0,0.0,0.0
646,58.88262723778294,4.0,58.881827674998476,58.883277682718585,14.033353028765047,0.0033620801033989885,0.0,0.0,0.0,0.0,0.0
647,58.93245540481318,3.0,58.93116762704145,58.93407821010213,27.438031864703074,0.0018068805793414772,0.0,0.0,0.0,0.0,0.0
648,58.98271308485673,4.0,58.98031295171409,58.98516135719397,50.41777407385081,0.0033195813113498715,0.0,0.0,0.0,0.0,0.0
649,59.04912428554006,131.0,59.04881786895929,59.04946700284076,2.7471328454396167,0.012327475167650303,0.0,0.0,0.0,0.0,0.0
650,59.06566347145953,8.0,59.06175114662409,59.06877502394206,58.60963835951333,0.004450426755209278,0.0,0.0,0.0,0.0,0.0
651,59.10081543146963,4.0,59.09975287857769,59.10286279446659,17.290773127800495,0.003389942244040305,0.0,0.0,0.0,0.0,0.0
652,59.14008291408723,3.0,59.13988167090095,59.1416125138579,16.259351917547775,0.0020506344703454054,0.0,0.0,0.0,0.0,0.0
653,59.15549527955172,5.0,59.15453094893659,59.156028378331925,16.286841743788113,0.0013367520549893057,0.0,0.0,0.0,0.0,0.0
654,59.18445268209589,4.0,59.183113857717125,59.18613769667133,27.235718692784253,0.00196394181331957,0.0,0.0,0.0,0.0,0.0
655,59.19312620683373,4.0,59.19187919335535,59.1943931196502,14.143790500646178,0.003815127908061212,0.0,0.0,0.0,0.0,0.0
656,59.3066175158598,5.0,59.30428427617733,59.30702687304101,30.189876062891255,0.003947162403809745,0.0,0.0,0.0,0.0,0.0
657,59.35481900301874,5.0,59.35413484996636,59.355895309189954,11.912179834336872,0.00289946630170233,0.0,0.0,0.0,0.0,0.0
658,59.38556485167815,4.0,59.38434290171456,59.38649308247027,11.038973442801796,0.0022395428387830857,0.0,0.0,0.0,0.0,0.0
659,59.41592522239201,4.0,59.41347065589747,59.4182857640963,38.11196357931699,0.0029967826739369136,0.0,0.0,0.0,0.0,0.0
660,59.44940954261556,3.0,59.4484240344904,59.44955301549624,10.55034313613284,0.0006720712481618071,0.0,0.0,0.0,0.0,0.0
661,59.45980836247672,8.0,59.45754181991522,59.463881151510414,43.46336687493541,0.007028232496748978,0.0,0.0,0.0,0.0,0.0
662,59.48847945973908,5.0,59.48519407544445,59.490644541589205,54.78589884729969,0.0031864817036632038,0.0,0.0,0.0,0.0,0.0
663,59.54873396736755,3.0,59.54738266706117,59.550060245532435,24.980272392723865,0.003737172566559334,0.0,0.0,0.0,0.0,0.0
664,59.5554067946956,4.0,59.55381318138768,59.55564166437658,12.593078588943653,0.006094345540708611,0.0,0.0,0.0,0.0,0.0
665,59.580732798522064,5.0,59.58008700373451,59.58421400916425,37.1745719078548,0.002495450314826584,0.0,0.0,0.0,0.0,0.0
666,59.597255052447096,5.0,59.59435234280506,59.599306032937854,50.07374644380234,0.001613896444632768,0.0,0.0,0.0,0.0,0.0
667,59.606813959309505,4.0,59.606045332096,59.60751939920169,12.192447082369162,0.0027920562008546582,0.0,0.0,0.0,0.0,0.0
668,59.64466468740848,3.0,59.64365593182072,59.64540223900086,16.26584139115829,0.00205639472050042,0.0,0.0,0.0,0.0,0.0
669,59.6673194438427,4.0,59.66652583939869,59.66852633777239,19.306311423938755,0.00557085853297855,0.0,0.0,0.0,0.0,0.0
670,59.74751145481632,8.0,59.74381260177135,59.75201452264915,61.627290003896924,0.004740784136370134,0.0,0.0,0.0,0.0,0.0
671,59.79504918834502,4.0,59.794360710510425,59.79595177761102,16.645892658439006,0.0038966756266996198,0.0,0.0,0.0,0.0,0.0
672,59.80168151991526,4.0,59.8003018102648,59.80330715688889,19.81687210718518,0.0031075769229210715,0.0,0.0,0.0,0.0,0.0
673,59.81586250958104,5.0,59.813512062534,59.81737472349155,44.359646206838164,0.0015249672362067637,0.0,0.0,0.0,0.0,0.0
674,59.838330996396735,4.0,59.83705262281706,59.83975085034128,35.83231849958454,0.005691740615980662,0.0,0.0,0.0,0.0,0.0
675,59.84684097441101,5.0,59.84480950822505,59.84804493325555,25.440456588140634,0.0019708854617309234,0.0,0.0,0.0,0.0,0.0
676,59.89133841197929,3.0,59.8910753086569,59.891359042615335,2.6319327816630067,0.0037781808503882307,0.0,0.0,0.0,0.0,0.0
677,59.91780445500317,6.0,59.915722526156,59.919804303491205,38.67041204752735,0.003547362233366787,0.0,0.0,0.0,0.0,0.0
678,59.92740809692968,5.0,59.92377243279556,59.92905597089978,41.212299880961645,0.004377720960104932,0.0,0.0,0.0,0.0,0.0
679,59.97413508043904,3.0,59.97412289851202,59.975498731723654,12.74469041055593,0.00502880910250386,0.0,0.0,0.0,0.0,0.0
680,59.99609372117916,3.0,59.99602714319728,59.99631876814939,2.700406847030637,0.0017578420907128419,0.0,0.0,0.0,0.0,0.0
681,60.02597605821481,3.0,60.02539081372702,60.02605593589444,6.155873498498936,0.0028904519681250936,0.0,0.0,0.0,0.0,0.0
682,60.0444343540061,17.0,60.041712672208185,60.0456199277233,4.740153362409804,0.0046360672181315,0.0,0.0,0.0,0.0,0.0
683,60.188105327233714,3.0,60.18721250470935,60.18875498531494,14.237591715409897,0.002836779327310791,0.0,0.0,0.0,0.0,0.0
684,60.232352725977265,4.0,60.23139285405472,60.234014370481866,32.064702302246374,0.006336352739204763,0.0,0.0,0.0,0.0,0.0
685,60.246332813016394,4.0,60.24509106218022,60.24919467948374,44.39433066714584,0.0018156428271660673,0.0,0.0,0.0,0.0,0.0
686,60.27156948905244,6.0,60.26937948845559,60.27498130443083,42.639779656497346,0.004088334722780369,0.0,0.0,0.0,0.0,0.0
687,60.37957230789032,3.0,60.379179491959896,60.38041904928896,11.40523084670835,0.002516049108026962,0.0,0.0,0.0,0.0,0.0
688,60.453790147756365,4.0,60.451657624243246,60.45572599432709,44.525885367696695,0.0015740211465880309,0.0,0.0,0.0,0.0,0.0
689,60.49105065059501,3.0,60.48984991620046,60.49174996605705,17.450238379174802,0.005651615867250658,0.0,0.0,0.0,0.0,0.0
690,60.535632938454704,3.0,60.533829252373025,60.53708681692574,29.89574894981478,0.0025107981613629884,0.0,0.0,0.0,0.0,0.0
691,60.63634834972757,3.0,60.63429964939036,60.63690703815854,23.8891251712505,0.00261932154827361,0.0,0.0,0.0,0.0,0.0
692,60.67777992269714,4.0,60.67615224223791,60.679413888150926,28.76784790942274,0.0028327865544350924,0.0,0.0,0.0,0.0,0.0
693,60.69945675114438,4.0,60.69745967546859,60.702455328506176,49.984336148363546,0.002172456283601896,0.0,0.0,0.0,0.0,0.0
694,60.70856320102658,3.0,60.70644599631802,60.70867233491588,20.373646012629763,0.005514082212870167,0.0,0.0,0.0,0.0,0.0
695,60.71614374771852,3.0,60.714469199317996,60.71780797626784,30.54996527706668,0.0016041687281111118,0.0,0.0,0.0,0.0,0.0
696,60.73113176301885,3.0,60.72927770000856,60.73181188529803,23.182191332645857,0.0027622532206747767,0.0,0.0,0.0,0.0,0.0
697,60.73617223041579,3.0,60.73527998537813,60.73743455850383,19.707943814620098,0.0008454665372169687,0.0,0.0,0.0,0.0,0.0
698,60.79352306755322,3.0,60.79173686371122,60.79525190532621,32.1218577025807,0.0015516577459589705,0.0,0.0,0.0,0.0,0.0
699,60.80309059377904,3.0,60.80206295146294,60.80462173981731,23.37955310932074,0.0025028142481337058,0.0,0.0,0.0,0.0,0.0
700,60.82375593433997,5.0,60.82265503917241,60.82497393825335,12.946352871293618,0.002417738922231047,0.0,0.0,0.0,0.0,0.0
701,60.83290691041404,7.0,60.83074963876873,60.83450877509877,33.08435508924717,0.004343384824514692,0.0,0.0,0.0,0.0,0.0
702,60.84663738011602,5.0,60.84460907996899,60.847927771931964,35.85975593159947,0.002417838373934919,0.0,0.0,0.0,0.0,0.0
703,60.882633166099886,3.0,60.88226156955312,60.88434566486429,19.017422016966833,0.0031547181431077565,0.0,0.0,0.0,0.0,0.0
704,60.9507153471135,4.0,60.948777021851754,60.95185713708861,40.74590918732433,0.002153747893807427,0.0,0.0,0.0,0.0,0.0
705,61.01784741018101,3.0,61.017001826271404,61.01987681091533,26.17617236357734,0.004448209996497887,0.0,0.0,0.0,0.0,0.0
706,61.07320373406628,7.0,61.071644839199045,61.07807963745939,54.88714293327057,0.004100351539765062,0.0,0.0,0.0,0.0,0.0
707,61.10114584254069,3.0,61.0991023183169,61.10314784264879,36.78349213778762,0.0033064574939039412,0.0,0.0,0.0,0.0,0.0
708,61.1174968010598,3.0,61.11727767023492,61.118786594272876,13.71605802071927,0.002597492918938084,0.0,0.0,0.0,0.0,0.0
709,61.16266425426178,5.0,61.161008761075074,61.165788229186035,44.964139953861775,0.00254850075091726,0.0,0.0,0.0,0.0,0.0
710,61.18795420715816,4.0,61.1864164835497,61.18918954718021,36.05006114315844,0.001170925844868607,0.0,0.0,0.0,0.0,0.0
711,61.20303227904502,3.0,61.2029645110876,61.20470230248072,15.774376315870343,0.001968087541635456,0.0,0.0,0.0,0.0,0.0
712,61.23786736306057,6.0,61.234803780774755,61.241295381930115,43.47469123816731,0.005425875670281125,0.0,0.0,0.0,0.0,0.0
713,61.256854026132174,4.0,61.256289385443644,61.25817778132363,10.852182279510828,0.002097944677532514,0.0,0.0,0.0,0.0,0.0
714,61.38690248186304,3.0,61.38547017414628,61.38876771932464,29.8430034660781,0.002325968474312245,0.0,0.0,0.0,0.0,0.0
715,61.52126107409907,4.0,61.520656492516615,61.521738603089126,13.96308555869935,0.003559798661238535,0.0,0.0,0.0,0.0,0.0
716,61.52883303494322,3.0,61.52728517456906,61.529487132759535,19.881900004940814,0.002565095649176117,0.0,0.0,0.0,0.0,0.0
717,61.56369191697797,5.0,61.56187564706659,61.56381540716045,24.779049806312454,0.0052989486153340055,0.0,0.0,0.0,0.0,0.0
718,61.67214838986912,5.0,61.66947627241065,61.6762242285767,70.29166248859512,0.005982114251988403,0.0,0.0,0.0,0.0,0.0
719,61.68402396974314,7.0,61.68177474679037,61.6857373661262,48.79939831123142,0.0040226243436993405,0.0,0.0,0.0,0.0,0.0
720,61.72697093002327,4.0,61.72449909538832,61.72890752616003,39.92803494198029,0.005894172833558598,0.0,0.0,0.0,0.0,0.0
721,61.74807353278356,3.0,61.747888129852605,61.749445672849106,14.013419613360453,0.001711145237956956,0.0,0.0,0.0,0.0,0.0
722,61.802453253739685,4.0,61.80098404676439,61.80273902342536,10.097253628087506,0.006146164915116771,0.0,0.0,0.0,0.0,0.0
723,61.82254404128496,3.0,61.82193742798298,61.82283282125247,8.046267150411245,0.0015592364030640256,0.0,0.0,0.0,0.0,0.0
724,61.90501068503146,3.0,61.902991786501104,61.905214021736626,19.94305658258896,0.0027408932670947407,0.0,0.0,0.0,0.0,0.0
725,61.92562005841174,4.0,61.924811127142576,61.927537030187985,22.970111552429994,0.004018769711253121,0.0,0.0,0.0,0.0,0.0
726,61.94899976725384,6.0,61.94759877082861,61.95233052284072,49.846146163023164,0.001691728023528021,0.0,0.0,0.0,0.0,0.0
727,61.95731255110501,4.0,61.95674303864409,61.958677374613266,10.38905203629347,0.002093671274436058,0.0,0.0,0.0,0.0,0.0
728,61.98352664399799,3.0,61.983365711010364,61.98413584468732,6.902673434703323,0.001785153899106222,0.0,0.0,0.0,0.0,0.0
729,62.026558182505745,4.0,62.02561794839541,62.02744596817966,15.263233554646728,0.0019541039437123717,0.0,0.0,0.0,0.0,0.0
730,62.03871847113501,5.0,62.036483328684916,62.04008936093088,40.23002671947067,0.0047737327767343445,0.0,0.0,0.0,0.0,0.0
731,62.060138967913566,67.0,62.05956679213262,62.06045031504781,5.762844146505102,0.007121093383700679,0.0,0.0,0.0,0.0,0.0
732,62.11395738671996,10.0,62.10560511979703,62.120601059134515,141.57175472480102,0.008194139002636264,0.0,0.0,0.0,0.0,0.0
733,62.27439573455658,4.0,62.273607084683455,62.275249346852966,15.246782363935912,0.001901208697567018,0.0,0.0,0.0,0.0,0.0
734,62.28216925925141,3.0,62.280514506680866,62.28383768299738,29.642658351423748,0.002132338006883089,0.0,0.0,0.0,0.0,0.0
735,62.34202384727093,6.0,62.34012605956315,62.343458062620854,33.67478716623341,0.004340866774041465,0.0,0.0,0.0,0.0,0.0
736,62.35722354645205,4.0,62.3546868290682,62.35789166855575,29.83130347606633,0.003560079380536714,0.0,0.0,0.0,0.0,0.0
737,62.52451145365126,7.0,62.521734265047826,62.52717730349697,37.43464665868561,0.009831438279444877,0.0,0.0,0.0,0.0,0.0
738,62.60609952918827,6.0,62.60314705139293,62.608179751484386,59.582269428618545,0.004941915435397228,0.0,0.0,0.0,0.0,0.0
739,62.63327411132751,5.0,62.632269123765255,62.63600448563583,46.73434842831183,0.005855478525605062,0.0,0.0,0.0,0.0,0.0
740,62.651839731714176,4.0,62.650424381430796,62.65380851211235,26.755201757582753,0.0024677632410458348,0.0,0.0,0.0,0.0,0.0
741,62.667085166700986,5.0,62.66439518641198,62.668330689118775,48.001935605068674,0.0039846609652155,0.0,0.0,0.0,0.0,0.0
742,62.7486776071051,5.0,62.74555672996647,62.75045250517428,62.17777674897568,0.003907714751197422,0.0,0.0,0.0,0.0,0.0
743,62.77721404878258,5.0,62.77517106447338,62.77875692068976,42.847327828570435,0.0022925012652169605,0.0,0.0,0.0,0.0,0.0
744,62.80097778154497,3.0,62.80062398868894,62.802493296747514,16.536438024786403,0.0026645742263982776,0.0,0.0,0.0,0.0,0.0
745,62.82007232537661,3.0,62.81785862998764,62.82098977357852,27.690579662825332,0.0035750681110537958,0.0,0.0,0.0,0.0,0.0
746,62.877062882330605,5.0,62.874977191106666,62.878781083267775,47.00984612727416,0.0028695610623280265,0.0,0.0,0.0,0.0,0.0
747,62.95927977552576,5.0,62.957682494112156,62.96024334536547,12.864344748817093,0.003176552767645419,0.0,0.0,0.0,0.0,0.0
748,63.107870557738785,4.0,63.10694303622748,63.10896913166827,23.729659550094077,0.0047020703563729225,0.0,0.0,0.0,0.0,0.0
749,63.12602297177946,4.0,63.12477019065429,63.12807202984111,27.468508743341307,0.004230589793538537,0.0,0.0,0.0,0.0,0.0
750,63.1759069201688,3.0,63.174261590742205,63.177996409233145,32.843203410697434,0.003938087390723014,0.0,0.0,0.0,0.0,0.0
751,63.29441615971066,7.0,63.29062478034594,63.297240571724096,63.456950687505035,0.004079978824350906,0.0,0.0,0.0,0.0,0.0
752,63.311703412430745,3.0,63.310186004298494,63.311944578742214,15.43136180848878,0.0037674310358123474,0.0,0.0,0.0,0.0,0.0
753,63.35747075361783,4.0,63.356691471620614,63.359542211303115,18.298345271667454,0.004362455279225311,0.0,0.0,0.0,0.0,0.0
754,63.378091519181865,4.0,63.37620184903789,63.38056459104787,43.96305007271099,0.0019015162367405586,0.0,0.0,0.0,0.0,0.0
755,63.413826707479046,3.0,63.413370508643,63.41383037265433,4.028774473330133,0.0034993500449387763,0.0,0.0,0.0,0.0,0.0
756,63.43157101803655,9.0,63.42697370652037,63.43483970271297,46.468748010500995,0.006914307851574793,0.0,0.0,0.0,0.0,0.0
757,63.50190460144505,3.0,63.500070054308026,63.502332758241664,19.795591152810815,0.002942547696089387,0.0,0.0,0.0,0.0,0.0
758,63.52486228364928,6.0,63.52151319761041,63.527602977505666,57.58984861684798,0.004780086748317502,0.0,0.0,0.0,0.0,0.0
759,63.57042775229267,3.0,63.57032237230699,63.57220175986422,16.42436955956777,0.0013536504394714968,0.0,0.0,0.0,0.0,0.0
760,63.60607132716822,4.0,63.60470932610292,63.60761525679073,17.68512283255802,0.002046618078283763,0.0,0.0,0.0,0.0,0.0
761,63.63622091080369,3.0,63.63592005584671,63.63818939432656,19.811729575857157,0.00398117843797346,0.0,0.0,0.0,0.0,0.0
762,63.743693884638816,3.0,63.74352211388997,63.745778693366134,19.667126081572587,0.004161987219983967,0.0,0.0,0.0,0.0,0.0
763,63.767893064128415,5.0,63.76714358504972,63.77106569137831,39.97927564575963,0.003499026165260557,0.0,0.0,0.0,0.0,0.0
764,63.852673708215576,4.0,63.851497083540494,63.85277430946751,6.594154450973498,0.003619573348156095,0.0,0.0,0.0,0.0,0.0
765,63.93130046023501,7.0,63.92744745519851,63.935078829153255,72.60306720388799,0.00637575295797519,0.0,0.0,0.0,0.0,0.0
766,63.94798427540145,5.0,63.94685169794102,63.95103430343266,47.65346581167203,0.006739681898293099,0.0,0.0,0.0,0.0,0.0
767,64.01126691106732,3.0,64.00917206510545,64.01278735976354,31.377242307275484,0.0020528052341208854,0.0,0.0,0.0,0.0,0.0
768,64.02810712435769,3.0,64.02798077802213,64.02849691183998,4.4783615008130715,0.0008873330144924537,0.0,0.0,0.0,0.0,0.0
769,64.04722274084116,3.0,64.04543975311573,64.04880590141657,29.198493070131125,0.0030744013431373038,0.0,0.0,0.0,0.0,0.0
770,64.05673077069275,4.0,64.05516732928017,64.05912924090906,36.17309687262641,0.0021850372256697883,0.0,0.0,0.0,0.0,0.0
771,64.13700783712818,3.0,64.13560464649895,64.1388211263252,27.861188057581266,0.002781342601396355,0.0,0.0,0.0,0.0,0.0
772,64.17380286695267,4.0,64.17204022903495,64.17511486476619,20.850533789728836,0.006260784668953373,0.0,0.0,0.0,0.0,0.0
773,64.32838662933614,3.0,64.32729155876994,64.33059037731198,28.48939735352124,0.001526823165619417,0.0,0.0,0.0,0.0,0.0
774,64.39129836712499,4.0,64.38905652595481,64.39266649812286,29.728249343772625,0.003251409344461588,0.0,0.0,0.0,0.0,0.0
775,64.45943066292713,4.0,64.45888761569277,64.45960562973508,4.4888259239445505,0.005568393009016032,0.0,0.0,0.0,0.0,0.0
776,64.47622546758252,9.0,64.47199851144678,64.4795259065816,45.20571593524628,0.0043932319012249844,0.0,0.0,0.0,0.0,0.0
777,64.48580455519357,4.0,64.48551502965083,64.48706960917087,12.761414670845696,0.002191834212852309,0.0,0.0,0.0,0.0,0.0
778,64.49870433461204,4.0,64.49642062915741,64.50057235091228,44.57576560580708,0.0049539770837495525,0.0,0.0,0.0,0.0,0.0
779,64.54059521265586,3.0,64.54035497911198,64.54267701611543,19.98773877473726,0.0018048882037208986,0.0,0.0,0.0,0.0,0.0
780,64.57227071292432,3.0,64.57111973810723,64.57342568409788,19.839492893552585,0.0021453909839770384,0.0,0.0,0.0,0.0,0.0
781,64.62137759538814,4.0,64.61860945731145,64.62347958513905,42.506850236554506,0.00584701523426038,0.0,0.0,0.0,0.0,0.0
782,64.66896027030583,7.0,64.66770945852728,64.67259043700457,27.661671165678275,0.010565195801717095,0.0,0.0,0.0,0.0,0.0
783,64.71386400192853,3.0,64.7134081466387,64.71559733913547,18.793778929961285,0.005525547305643118,0.0,0.0,0.0,0.0,0.0
784,64.72269893344563,5.0,64.71969977274209,64.72312991482397,35.18113495233389,0.005499685132317131,0.0,0.0,0.0,0.0,0.0
785,64.73366109084427,3.0,64.73359811342141,64.73557649715472,16.978833817575797,0.003690145329488001,0.0,0.0,0.0,0.0,0.0
786,64.79762971524136,15.0,64.79212547040008,64.80540278041049,117.29924977310063,0.010912869590482533,0.0,0.0,0.0,0.0,0.0
787,64.84229870653283,4.0,64.84125897857415,64.84342391391108,16.248146653433835,0.0029000186823975337,0.0,0.0,0.0,0.0,0.0
788,64.89346830965047,5.0,64.8899872354626,64.8955426531519,68.6776097075913,0.0033015726829618485,0.0,0.0,0.0,0.0,0.0
789,65.05814392065042,3.0,65.05790737431457,65.0588009027734,7.630170020732748,0.002143456170484245,0.0,0.0,0.0,0.0,0.0
790,65.06830781631604,5.0,65.06592656493592,65.07041411729695,48.03373005094275,0.001945752322735957,0.0,0.0,0.0,0.0,0.0
791,65.1962129961168,9.0,65.19055807792854,65.20191509424266,101.26866923801862,0.008877456652138451,0.0,0.0,0.0,0.0,0.0
792,65.23209300265222,3.0,65.23190650780734,65.23312724261811,10.396508448027221,0.0020031534368118303,0.0,0.0,0.0,0.0,0.0
793,65.26131849167243,4.0,65.2603031356643,65.26343356898106,34.90813096500142,0.002069559104784844,0.0,0.0,0.0,0.0,0.0
794,65.31852847206599,4.0,65.31725766879158,65.31957388569376,20.25667701754348,0.005579411998958996,0.0,0.0,0.0,0.0,0.0
795,65.45420974362779,4.0,65.45130297514939,65.45563840610018,41.04982770607291,0.0029135097990002057,0.0,0.0,0.0,0.0,0.0
796,65.47143840313711,6.0,65.46881076914191,65.4740207980133,50.55434010703998,0.003382825326160016,0.0,0.0,0.0,0.0,0.0
797,65.49476398595559,3.0,65.4933087821558,65.4969094491706,30.542450144665235,0.0038319986858721474,0.0,0.0,0.0,0.0,0.0
798,65.52464541022448,3.0,65.5243743894104,65.52680218193393,20.58421859046944,0.0020545339763621425,0.0,0.0,0.0,0.0,0.0
799,65.5603181987715,7.0,65.55672373083135,65.56288938034187,55.24820525810457,0.00336378280040243,0.0,0.0,0.0,0.0,0.0
800,65.60951747729979,4.0,65.60699763037718,65.61100573995981,38.86057802517059,0.0034343582699311414,0.0,0.0,0.0,0.0,0.0
801,65.62980308627718,3.0,65.62975632445577,65.63048655789011,6.181417926194722,0.0022763650211083857,0.0,0.0,0.0,0.0,0.0
802,65.67300759740459,3.0,65.67145537668253,65.67501200694984,30.087029303884904,0.0023767198866809286,0.0,0.0,0.0,0.0,0.0
803,65.73667610957536,3.0,65.73484350404848,65.73690536026305,17.425214394258756,0.0018863304662230238,0.0,0.0,0.0,0.0,0.0
804,65.80058423427224,3.0,65.79959815941653,65.80230810314447,22.880105257620798,0.003466651078118031,0.0,0.0,0.0,0.0,0.0
805,65.88882168260588,4.0,65.88775461407938,65.89022514994453,17.52413837974302,0.0016909914435647385,0.0,0.0,0.0,0.0,0.0
806,65.93549654378262,5.0,65.93308267171645,65.93925452464578,59.86702400746095,0.004253218486816373,0.0,0.0,0.0,0.0,0.0
807,65.985733349805,3.0,65.98572431749395,65.98771943868873,16.797580438964072,0.001839250818755722,0.0,0.0,0.0,0.0,0.0
808,66.01570788793029,3.0,66.01525835578113,66.01578848672331,4.461319881610072,0.0021373546501867197,0.0,0.0,0.0,0.0,0.0
809,66.0592417545856,3.0,66.05833873902009,66.06018628145338,15.537757256764243,0.0027644686856714575,0.0,0.0,0.0,0.0,0.0
810,66.10631707909269,4.0,66.10341595274096,66.10735287587137,32.482469953763704,0.002430550611404239,0.0,0.0,0.0,0.0,0.0
811,66.1635588542484,3.0,66.1628380654772,66.16371163449716,7.335097002015752,0.0015032499751420928,0.0,0.0,0.0,0.0,0.0
812,66.21990605044374,5.0,66.21758302948041,66.2225858817474,21.156994432257072,0.002419470351119699,0.0,0.0,0.0,0.0,0.0
813,66.26780897708082,9.0,66.2625974916611,66.27045417181473,70.04452195159695,0.004077320234694001,0.0,0.0,0.0,0.0,0.0
814,66.31130391194222,3.0,66.31074868073499,66.3132755621929,21.1701919485936,0.002611644679324065,0.0,0.0,0.0,0.0,0.0
815,66.31723754227133,3.0,66.31712828347354,66.31941123178338,19.124810736649195,0.00101266778833514,0.0,0.0,0.0,0.0,0.0
816,66.32534124041835,5.0,66.32248683111617,66.32805718214054,57.97384304250468,0.0030038835550407353,0.0,0.0,0.0,0.0,0.0
817,66.34084148989746,4.0,66.33993098630836,66.34149710770372,12.496248274908542,0.002815745056158077,0.0,0.0,0.0,0.0,0.0
818,66.39050937412097,4.0,66.38974868045777,66.391314112014,18.995474997947266,0.005162380402704843,0.0,0.0,0.0,0.0,0.0
819,66.52577524753576,4.0,66.52519992292217,66.52621475486126,4.775915785155828,0.0022318136195393283,0.0,0.0,0.0,0.0,0.0
820,66.59578591178806,3.0,66.59419132351582,66.59685388258504,22.211607876516748,0.0016419586007613842,0.0,0.0,0.0,0.0,0.0
821,66.61168429153787,4.0,66.61017898258466,66.61401801305392,22.50981056227985,0.0036267421614219002,0.0,0.0,0.0,0.0,0.0
822,66.67933814722248,6.0,66.67679692877444,66.68192759748595,47.16304483948824,0.0053196579079991205,0.0,0.0,0.0,0.0,0.0
823,66.72983603283117,3.0,66.72766792494242,66.73180077413441,34.40780714270045,0.0018425578320272647,0.0,0.0,0.0,0.0,0.0
824,66.77065987471349,5.0,66.76933461365196,66.77263115403389,35.6311205321894,0.0031298931380569933,0.0,0.0,0.0,0.0,0.0
825,66.82872728017654,3.0,66.82792252408146,66.82875546832665,6.924369529610395,0.002928805560440063,0.0,0.0,0.0,0.0,0.0
826,66.90085086611316,5.0,66.89897801980162,66.90290585029767,27.70273557932224,0.005174149584853982,0.0,0.0,0.0,0.0,0.0
827,66.9732100025891,5.0,66.96941064916334,66.97673819790283,65.18488392663401,0.0037732124285455785,0.0,0.0,0.0,0.0,0.0
828,66.99719485577818,3.0,66.99576185742983,66.99878912812004,25.102798016138898,0.0036032177593046254,0.0,0.0,0.0,0.0,0.0
829,67.02241988990895,3.0,67.02067463191054,67.02352698039172,23.64340242720667,0.0021001099506849966,0.0,0.0,0.0,0.0,0.0
830,67.03874034829724,3.0,67.03720860410061,67.03997089311743,22.89131629512879,0.002556343226432369,0.0,0.0,0.0,0.0,0.0
831,67.05418388378024,280.0,67.05384997751302,67.05456227139041,3.5248722893793567,0.050759541442432006,0.0,0.0,0.0,0.0,0.0
832,67.10290218416492,5.0,67.10092098433641,67.10362929534136,26.891978232334097,0.0027755109031429004,0.0,0.0,0.0,0.0,0.0
833,67.19074692321921,3.0,67.19066590195378,67.19198012816001,10.866461582146309,0.00340961515906545,0.0,0.0,0.0,0.0,0.0
834,67.29283208696032,6.0,67.29089717942696,67.29687154499526,41.23470178204896,0.0034766547862201138,0.0,0.0,0.0,0.0,0.0
835,67.34451389034975,7.0,67.34006084415934,67.35000733629069,74.19518346878407,0.006014242219353529,0.0,0.0,0.0,0.0,0.0
836,67.41792758141342,3.0,67.41681643236896,67.41870995551831,15.603524803362879,0.002893738536711026,0.0,0.0,0.0,0.0,0.0
837,67.50160209983216,3.0,67.50159472368018,67.5025276338908,7.678091100215384,0.002353656418625893,0.0,0.0,0.0,0.0,0.0
838,67.52672779787441,4.0,67.52582533830474,67.52826962294928,28.110033038530762,0.0022997095831712618,0.0,0.0,0.0,0.0,0.0
839,67.84558073440601,3.0,67.84314486408681,67.84570017968703,20.92427778677103,0.0038448959611745814,0.0,0.0,0.0,0.0,0.0
840,67.87179008530885,3.0,67.87083778120491,67.87341952012113,21.13248223005722,0.004422239344881608,0.0,0.0,0.0,0.0,0.0
841,67.97319828812851,12.0,67.96795704515355,67.97843627226365,107.2248235989052,0.007832813975529178,0.0,0.0,0.0,0.0,0.0
842,68.05752398952745,33.0,68.05735890337475,68.05782085138652,3.790633108259963,0.004117276073412511,0.0,0.0,0.0,0.0,0.0
843,68.0753280805417,5.0,68.07216285157632,68.07621856062694,26.70297270321175,0.004281890264131334,0.0,0.0,0.0,0.0,0.0
844,68.13636738203645,3.0,68.1347185385319,68.13755597384352,23.135265519327472,0.001786649958823392,0.0,0.0,0.0,0.0,0.0
845,68.17679370139166,5.0,68.17339674810071,68.17946988093188,48.05331156513458,0.004445124334924482,0.0,0.0,0.0,0.0,0.0
846,68.24128048936157,3.0,68.24126524389067,68.24144428989864,1.4576221858012743,0.0015159126403413259,0.0,0.0,0.0,0.0,0.0
847,68.32637978645349,7.0,68.32347563823966,68.33239438449533,92.03523730836004,0.0053780135590801095,0.0,0.0,0.0,0.0,0.0
848,68.34499001581628,5.0,68.34053406924289,68.34678142666931,41.91555556738744,0.003987849143668155,0.0,0.0,0.0,0.0,0.0
849,68.52421401593918,3.0,68.5240527943596,68.52537682436062,10.734486098722416,0.004292988478984312,0.0,0.0,0.0,0.0,0.0
850,68.55279492542525,3.0,68.55104398941677,68.5530797965181,16.498290790627888,0.003293597422010517,0.0,0.0,0.0,0.0,0.0
851,68.62172870032916,4.0,68.62118584856435,68.62385970600312,21.024681557597887,0.0035952691135894624,0.0,0.0,0.0,0.0,0.0
852,68.64782923163675,5.0,68.6447266242759,68.64849974277219,32.395082695619934,0.00456037688564418,0.0,0.0,0.0,0.0,0.0
853,68.83209740763876,9.0,68.82916343171523,68.83486005916703,21.71287708111694,0.006292575382890678,0.0,0.0,0.0,0.0,0.0
854,68.87505610024203,4.0,68.87411754627568,68.87611264529399,19.279735354034543,0.002843436048519118,0.0,0.0,0.0,0.0,0.0
855,68.91664004010829,5.0,68.9142139062898,68.91728161216552,39.39378248359468,0.0029679552753713663,0.0,0.0,0.0,0.0,0.0
856,68.95888901867428,5.0,68.95732471689718,68.96164802195699,37.703881598629586,0.0023891541695873547,0.0,0.0,0.0,0.0,0.0
857,68.97402569550664,5.0,68.97076477659922,68.97530534657147,20.557374614467737,0.0029655057602162947,0.0,0.0,0.0,0.0,0.0
858,69.00563614278263,4.0,69.00355917268178,69.00804914401256,35.13961284306549,0.0032710335841800555,0.0,0.0,0.0,0.0,0.0
859,69.01669498299847,3.0,69.01510638951694,69.01814764606836,24.480844430918104,0.0018251325550205108,0.0,0.0,0.0,0.0,0.0
860,69.03350331914407,31.0,69.03317380716308,69.03383705665838,3.3448407983862665,0.011735296675519414,0.0,0.0,0.0,0.0,0.0
861,69.05773540848853,3.0,69.05579258466409,69.05833217504517,20.430492495923442,0.002437801353663528,0.0,0.0,0.0,0.0,0.0
862,69.06987314223251,170.0,69.06958172148194,69.07027406044062,3.778066232688569,0.021619291187380894,0.0,0.0,0.0,0.0,0.0
863,69.13160412169901,4.0,69.13045401088137,69.13339498809339,26.579490664909926,0.002978204300673185,0.0,0.0,0.0,0.0,0.0
864,69.20229898189596,5.0,69.20165088225049,69.20442220325776,31.81154471971318,0.004344608686204276,0.0,0.0,0.0,0.0,0.0
865,69.2746842485861,3.0,69.27303296896098,69.274820897122,14.338476365051394,0.0033277087615455193,0.0,0.0,0.0,0.0,0.0
866,69.37371922839903,3.0,69.37271737721332,69.37444301155698,13.819148766209599,0.002430560959027853,0.0,0.0,0.0,0.0,0.0
867,69.4906634485412,5.0,69.48832842260603,69.4945188593128,49.7669909562214,0.003978933707617216,0.0,0.0,0.0,0.0,0.0
868,69.55630633148402,3.0,69.55567148682101,69.55858991749103,23.309897516780094,0.002237871960545201,0.0,0.0,0.0,0.0,0.0
869,69.6249328525479,4.0,69.62357820113456,69.62828127529943,44.05232893322841,0.005456337905154611,0.0,0.0,0.0,0.0,0.0
870,69.70717756013997,7.0,69.70342100510877,69.7083320565524,56.677348585667914,0.002926913916701003,0.0,0.0,0.0,0.0,0.0
871,69.77355838245322,4.0,69.7715338125591,69.7755061545615,18.006850946387733,0.002259702390517519,0.0,0.0,0.0,0.0,0.0
872,69.90086997839143,4.0,69.89946290145367,69.90155376461598,9.571694785157394,0.0038854606555347,0.0,0.0,0.0,0.0,0.0
873,70.08317597118976,4.0,70.08038005513079,70.0861526965892,37.379290802493514,0.002709964053766377,0.0,0.0,0.0,0.0,0.0
874,70.10112977424309,5.0,70.09969810263416,70.10277558845635,25.853084264727283,0.0033079010800016358,0.0,0.0,0.0,0.0,0.0
875,70.16289347995081,6.0,70.16097281432313,70.16543490979898,36.195830854743605,0.004429860334038798,0.0,0.0,0.0,0.0,0.0
876,70.20909840358668,4.0,70.20763177784572,70.20942776965366,9.060969947590557,0.002179450701516277,0.0,0.0,0.0,0.0,0.0
877,70.29917526693825,3.0,70.29901587579297,70.299657894907,5.073705121176092,0.0028494890745654634,0.0,0.0,0.0,0.0,0.0
878,70.33647238103546,3.0,70.33609229647843,70.33830496374898,17.476844560701025,0.0025075934815870305,0.0,0.0,0.0,0.0,0.0
879,70.41123801587722,6.0,70.40763654647982,70.41512313250927,77.04356567426203,0.0016833239226876568,0.0,0.0,0.0,0.0,0.0
880,70.5498181372817,3.0,70.54880103819492,70.55146733952783,20.996206048351,0.0035717621650527887,0.0,0.0,0.0,0.0,0.0
881,70.60403030942697,5.0,70.6027481036666,70.60556025408879,16.336342946678034,0.00489087971116188,0.0,0.0,0.0,0.0,0.0
882,70.69762704144958,4.0,70.69639069576162,70.69895239907366,13.426173105330658,0.0019125808165831324,0.0,0.0,0.0,0.0,0.0
883,70.80668987854273,3.0,70.80573769221854,70.80740089213441,13.049613741910175,0.001757714571058408,0.0,0.0,0.0,0.0,0.0
884,70.82644710463772,3.0,70.82616613949799,70.82761124558183,11.335267348315892,0.0028441807384837537,0.0,0.0,0.0,0.0,0.0
885,70.9174348520985,5.0,70.9154244186426,70.92005523690538,39.515293032976864,0.004395450588732017,0.0,0.0,0.0,0.0,0.0
886,70.97913721032081,3.0,70.97670166664584,70.98017306433134,27.17072009477848,0.0014875869785657895,0.0,0.0,0.0,0.0,0.0
887,71.0270877925447,3.0,71.0247200940624,71.02763438828858,22.794857542320656,0.002751386323413811,0.0,0.0,0.0,0.0,0.0
888,71.03722654118556,9.0,71.03308354783871,71.03994857763561,59.17469134889899,0.006173402153311942,0.0,0.0,0.0,0.0,0.0
889,71.04917005950854,114.0,71.0488039313014,71.0494873143437,4.151154534404229,0.010356005682740595,0.0,0.0,0.0,0.0,0.0
890,71.07285465449266,5.0,71.06980185331318,71.07423708145842,21.83097730485638,0.004086148580632597,0.0,0.0,0.0,0.0,0.0
891,71.0854315738435,19.0,71.08469184341419,71.0868009504553,6.528800166511493,0.006074169992645716,0.0,0.0,0.0,0.0,0.0
892,71.14598367098756,4.0,71.14415420660592,71.14794005496894,18.089200350312765,0.003097209620980684,0.0,0.0,0.0,0.0,0.0
893,71.15728173409482,9.0,71.15280870468015,71.1595942907658,67.09453562935538,0.012210173370829651,0.0,0.0,0.0,0.0,0.0
894,71.22887970859558,4.0,71.2283648201084,71.23076971705443,11.115304929143424,0.002096136854467415,0.0,0.0,0.0,0.0,0.0
895,71.23470107987552,5.0,71.23443233460091,71.23636226853691,25.624790822145126,0.0037071500285513538,0.0,0.0,0.0,0.0,0.0
896,71.31180887753612,3.0,71.3095487740726,71.31204937282605,19.48094644573833,0.0018633386632001838,0.0,0.0,0.0,0.0,0.0
897,71.40092935889567,3.0,71.39952605145086,71.40258587813317,23.807865354914785,0.001682431769860924,0.0,0.0,0.0,0.0,0.0
898,71.40979665437118,5.0,71.40615917938929,71.41168168582898,44.01646823882301,0.005101446481682696,0.0,0.0,0.0,0.0,0.0
899,71.42394895749311,3.0,71.42270174058844,71.42499880060709,17.867178634517252,0.0005000001424512397,0.0,0.0,0.0,0.0,0.0
900,71.48011181152808,9.0,71.47207391866381,71.4835982282611,96.49623130926719,0.0037508496859064515,0.0,0.0,0.0,0.0,0.0
901,71.49875232098582,3.0,71.49816634493061,71.49926142840002,8.508955547863634,0.0014334462767476436,0.0,0.0,0.0,0.0,0.0
902,71.76388047304197,3.0,71.76133597532909,71.76402644334516,20.82808849696872,0.0026697481727648354,0.0,0.0,0.0,0.0,0.0
903,71.82214420653864,6.0,71.81919621407843,71.82452924310137,43.50487076803192,0.005471874749436849,0.0,0.0,0.0,0.0,0.0
904,71.8847292040767,5.0,71.88046078895847,71.88626180211807,33.817543101643324,0.0038058330026079354,0.0,0.0,0.0,0.0,0.0
905,71.91524404058976,6.0,71.91249082176064,71.91755462801103,37.343607198660486,0.003941077840729555,0.0,0.0,0.0,0.0,0.0
906,72.00265729030298,4.0,72.00088546547452,72.00474294283782,36.14409928989448,0.0028096398771336284,0.0,0.0,0.0,0.0,0.0
907,72.0443481012601,935.0,72.0440463413522,72.04468209261631,3.0467614542905372,0.234565098394995,0.0,0.4635850701054606,0.0,0.0,0.0
908,72.08064800755562,17.0,72.07968285935952,72.0810277895828,4.636594103301651,0.0021725458580398914,0.0,0.0,0.0,0.0,0.0
909,72.27896347264704,3.0,72.27649263501536,72.27985707582752,25.85999708243425,0.0007780260974084419,0.0,0.0,0.0,0.0,0.0
910,72.32210536973551,3.0,72.32020879740291,72.32236162310929,16.537326661122467,0.0034831293264719807,0.0,0.0,0.0,0.0,0.0
911,72.38584346332894,6.0,72.38360830254248,72.38754675021659,31.6258397751837,0.0025681720747567104,0.0,0.0,0.0,0.0,0.0
912,72.41816156285691,3.0,72.41679193304249,72.41895864096774,16.621888752379743,0.001440371761640941,0.0,0.0,0.0,0.0,0.0
913,72.50933484574097,3.0,72.5085013977213,72.50949396668683,7.604913274285561,0.0025697333598726146,0.0,0.0,0.0,0.0,0.0
914,72.53201832004314,3.0,72.53073325677116,72.53451308262913,28.951396956203904,0.0015051653502691996,0.0,0.0,0.0,0.0,0.0
915,72.58513521649148,4.0,72.5835680111927,72.58659216651535,18.2893947530347,0.0036892861014251204,0.0,0.0,0.0,0.0,0.0
916,72.66382806466403,4.0,72.66087990809073,72.66571946344466,39.9596070543944,0.001683312907776958,0.0,0.0,0.0,0.0,0.0
917,72.70501271739681,3.0,72.70324327907548,72.70633404373534,23.617236467249743,0.003844404348612157,0.0,0.0,0.0,0.0,0.0
918,73.02844385869602,21.0,73.02785385414674,73.02872406684142,8.081774347690935,0.005788815241484268,0.0,0.0,0.0,0.0,0.0
919,73.04767646337163,219.0,73.04738275654721,73.04805249978445,3.8682013602557213,0.06812518608896789,0.0,0.0,0.0,0.0,0.0
920,73.10136387470752,6.0,73.09781856247383,73.10585797686446,56.28268248367622,0.007226314436132364,0.0,0.0,0.0,0.0,0.0
921,73.1738288617087,3.0,73.17327364336892,73.17438514925708,8.438854175142637,0.004557490186685236,0.0,0.0,0.0,0.0,0.0
922,73.22919844816289,3.0,73.22753126281613,73.23124207140094,28.15216291557851,0.004449189766467376,0.0,0.0,0.0,0.0,0.0
923,73.25261266113807,4.0,73.25187104079359,73.25424564949496,12.70949756313772,0.003938580384133442,0.0,0.0,0.0,0.0,0.0
924,73.27202420835775,3.0,73.27163932907855,73.27276195268303,8.511840460254609,0.003586894115985786,0.0,0.0,0.0,0.0,0.0
925,73.30216885331691,4.0,73.30066948590246,73.30525715137745,45.669544985544356,0.0018916013648362768,0.0,0.0,0.0,0.0,0.0
926,73.31405910987365,3.0,73.31217680187008,73.31498681359412,21.293564200589007,0.0020429753955085233,0.0,0.0,0.0,0.0,0.0
927,73.33477674418872,4.0,73.3334244375192,73.33644799883767,27.763420348242047,0.0017838136430264738,0.0,0.0,0.0,0.0,0.0
928,73.34226021011023,3.0,73.34054888073189,73.34316810156109,19.8401668930799,0.0018171480807903126,0.0,0.0,0.0,0.0,0.0
929,73.37688483831477,3.0,73.37617550442448,73.37722407788029,7.939023441269738,0.0040942170096426225,0.0,0.0,0.0,0.0,0.0
930,73.46449734999365,3.0,73.46431364490596,73.4652348317786,6.966228631062034,0.0022440721759810147,0.0,0.0,0.0,0.0,0.0
931,73.53911205410392,3.0,73.53859060191299,73.54034609303912,13.261961160689891,0.0024935938323135177,0.0,0.0,0.0,0.0,0.0
932,73.57499764523496,5.0,73.57164038244666,73.57636100590616,35.477202841348344,0.0030849362011664007,0.0,0.0,0.0,0.0,0.0
933,73.71083067561788,4.0,73.70945666257195,73.71338260612471,25.894502749327806,0.0033673610291562665,0.0,0.0,0.0,0.0,0.0
934,73.9240758743698,4.0,73.92150066469692,73.92584064836453,19.933366388430404,0.004039520616764992,0.0,0.0,0.0,0.0,0.0
935,74.02850354466776,3.0,74.02842093869744,74.03109702126916,20.08297437684704,0.003046335042409987,0.0,0.0,0.0,0.0,0.0
936,74.09636384931511,25.0,74.09609698215061,74.09664337480767,2.4127030529299933,0.00555465439653399,0.0,0.0,0.0,0.0,0.0
937,74.10342937659235,3.0,74.10304403188155,74.10419595267068,8.635983507709119,0.0021177327748788883,0.0,0.0,0.0,0.0,0.0
938,74.11129169555474,5.0,74.10992377477663,74.11357067848257,35.58601277875811,0.002924607236988963,0.0,0.0,0.0,0.0,0.0
939,74.13069320564288,3.0,74.13013560995006,74.13118680956646,7.877975527322316,0.002318096188226501,0.0,0.0,0.0,0.0,0.0
940,74.22416119599714,5.0,74.22337768922245,74.2276697157843,30.343396190306247,0.0021819683229182076,0.0,0.0,0.0,0.0,0.0
941,74.25775969334266,4.0,74.25547291259838,74.26002830309359,46.07809909028657,0.005555882213143297,0.0,0.0,0.0,0.0,0.0
942,74.28554457432708,3.0,74.28452508615062,74.28673141021905,16.500324532697146,0.0027047423994666264,0.0,0.0,0.0,0.0,0.0
943,74.3666258687301,3.0,74.36566152650576,74.36696341060635,9.725719519109308,0.001597931731879151,0.0,0.0,0.0,0.0,0.0
944,74.44041878441249,3.0,74.43817861872533,74.44098941299438,20.977210999038594,0.00355679424468199,0.0,0.0,0.0,0.0,0.0
945,74.47625092693593,4.0,74.47473508269542,74.47737254270928,13.640341698487278,0.005172435662852422,0.0,0.0,0.0,0.0,0.0
946,74.49215636959394,5.0,74.48883950708027,74.4931303847574,29.720084695332215,0.0015468812799725462,0.0,0.0,0.0,0.0,0.0
947,74.53860382070275,4.0,74.53828984234968,74.5390065743228,7.904413866320244,0.002185327287644197,0.0,0.0,0.0,0.0,0.0
948,74.58022558784336,3.0,74.5800328372807,74.5820403886878,14.954451109422077,0.002149640002656932,0.0,0.0,0.0,0.0,0.0
949,74.5978760270124,3.0,74.59778267442869,74.59826966408995,3.626776340362555,0.003859645550336663,0.0,0.0,0.0,0.0,0.0
950,74.68853232516466,6.0,74.68742821039925,74.69078361207153,30.467501518026136,0.007693163023316238,0.0,0.0,0.0,0.0,0.0
951,74.69634922988101,4.0,74.69437720629367,74.69686036008204,10.829221780641957,0.0020448528306505776,0.0,0.0,0.0,0.0,0.0
952,74.70805851047004,6.0,74.70494459454937,74.71016521490631,55.14317871957612,0.0032110699979158905,0.0,0.0,0.0,0.0,0.0
953,74.85539725187948,5.0,74.8533671809929,74.85695839636662,31.855611048192323,0.0034347819663171513,0.0,0.0,0.0,0.0,0.0
954,74.86617149963939,4.0,74.86320851144407,74.86825789063855,46.38915003792247,0.0022771585459369376,0.0,0.0,0.0,0.0,0.0
955,74.88725239073759,3.0,74.88670979110132,74.8887534493781,15.161001012465283,0.0012927473850380164,0.0,0.0,0.0,0.0,0.0
956,74.98647555570258,5.0,74.9849543949147,74.98844889293369,23.558971966564194,0.004241512957867005,0.0,0.0,0.0,0.0,0.0
957,75.04256628478913,3.0,75.04160053475849,75.04364011676883,15.099445194201259,0.0010126226561811165,0.0,0.0,0.0,0.0,0.0
958,75.1029630729706,4.0,75.10207630697516,75.10372622594457,10.488582591014358,0.003952278819981472,0.0,0.0,0.0,0.0,0.0
959,75.11995659446265,3.0,75.1177716843335,75.12017245244752,17.755069675381122,0.0024235968047381555,0.0,0.0,0.0,0.0,0.0
960,75.16160080782623,4.0,75.15946736001528,75.16433003248093,41.73066051885239,0.0021374404440680714,0.0,0.0,0.0,0.0,0.0
961,75.17188541698255,3.0,75.17139581654484,75.17415304915677,20.37724459110739,0.0017917741255074418,0.0,0.0,0.0,0.0,0.0
962,75.2409571903202,3.0,75.23858500228978,75.24152390172006,21.69990875551439,0.004848692611713626,0.0,0.0,0.0,0.0,0.0
963,75.27940512767258,6.0,75.27466470938887,75.28250610767152,47.05757475972146,0.002646677850991379,0.0,0.0,0.0,0.0,0.0
964,75.5326824639582,3.0,75.53060848306009,75.53341338634556,20.630534388354548,0.004631546574699954,0.0,0.0,0.0,0.0,0.0
965,75.59061018789113,3.0,75.58880313098754,75.59224328891767,25.283548384069114,0.0025767115907473193,0.0,0.0,0.0,0.0,0.0
966,75.72672870079623,4.0,75.72551725441264,75.72881474236034,31.78210815969378,0.00452509304558726,0.0,0.0,0.0,0.0,0.0
967,75.73549413525998,4.0,75.73358109113386,75.73584418794641,9.968091891542253,0.0033835508635198463,0.0,0.0,0.0,0.0,0.0
968,75.85942342248563,3.0,75.85745134011948,75.86175451207681,31.51422696815886,0.001760021240004354,0.0,0.0,0.0,0.0,0.0
969,75.87969609411877,3.0,75.87917852712162,75.88049214413914,9.617687860026988,0.0027774092078792696,0.0,0.0,0.0,0.0,0.0
970,76.06195788059767,4.0,76.0612861490545,76.06370956122632,20.799112457507203,0.0032135132993642624,0.0,0.0,0.0,0.0,0.0
971,76.07802672636738,4.0,76.07613937232864,76.08090563265189,34.930894006482724,0.0018583550517120068,0.0,0.0,0.0,0.0,0.0
972,76.08947011054815,3.0,76.08920971085536,76.089780661218,4.168706201466928,0.0025333160756963787,0.0,0.0,0.0,0.0,0.0
973,76.17484842557084,3.0,76.17403138062781,76.17504965102967,7.426411610967132,0.004467886142959398,0.0,0.0,0.0,0.0,0.0
974,76.19237519678268,3.0,76.19018664566872,76.19359135884625,24.825414826139248,0.002203007308633861,0.0,0.0,0.0,0.0,0.0
975,76.21196537407101,6.0,76.20971157780673,76.21681436287543,54.38905414909772,0.003167669998824697,0.0,0.0,0.0,0.0,0.0
976,76.2941191959462,3.0,76.2919316313369,76.29571755506764,27.568192459588293,0.0015498593566876547,0.0,0.0,0.0,0.0,0.0
977,76.31008213588746,8.0,76.30572054632306,76.31455344408997,76.6280150312173,0.007859586447403696,0.0,0.0,0.0,0.0,0.0
978,76.32392425477595,4.0,76.32343375415758,76.3247481379173,7.710296499673821,0.002591044171161429,0.0,0.0,0.0,0.0,0.0
979,76.36574492031997,3.0,76.36482043474884,76.36641234468007,11.581035543682214,0.00048762407320792,0.0,0.0,0.0,0.0,0.0
980,76.40711229745051,3.0,76.40642383676777,76.40880388032835,17.30527934885105,0.0023907393734907303,0.0,0.0,0.0,0.0,0.0
981,76.49405097244409,3.0,76.49280483767387,76.49471552032199,13.876770109099096,0.0016428283696565522,0.0,0.0,0.0,0.0,0.0
982,76.54119095288554,4.0,76.53938356101945,76.54259239353709,15.858616822711513,0.0029211207355322915,0.0,0.0,0.0,0.0,0.0
983,76.59180355379046,4.0,76.59000372424607,76.5925449802291,11.074452013385164,0.0036450377908928892,0.0,0.0,0.0,0.0,0.0
984,76.6889150947928,6.0,76.68646813904189,76.69403692962777,51.535503591262156,0.0034134162558305666,0.0,0.0,0.0,0.0,0.0
985,76.87502129017393,5.0,76.87201393715358,76.87757900613704,66.88910053194296,0.0029609245539365557,0.0,0.0,0.0,0.0,0.0
986,76.89687429572682,3.0,76.89645847273391,76.89936316733768,20.98549829369583,0.0014968403720915363,0.0,0.0,0.0,0.0,0.0
987,76.94923039343516,3.0,76.94818830044927,76.95043604103178,16.2281644879845,0.0019392789033008757,0.0,0.0,0.0,0.0,0.0
988,76.96428285620736,5.0,76.96097174290833,76.96740012061392,47.00533640432463,0.00204539515349348,0.0,0.0,0.0,0.0,0.0
989,76.9914217499247,3.0,76.98962378774316,76.99273282384212,22.4342171888002,0.0010696573377278844,0.0,0.0,0.0,0.0,0.0
990,77.12315715916937,3.0,77.12231220563888,77.12445384750596,15.427286448022972,0.003779920471423671,0.0,0.0,0.0,0.0,0.0
991,77.41999818365151,4.0,77.4168439850462,77.4234567164378,44.54077213868255,0.004949646025917279,0.0,0.0,0.0,0.0,0.0
992,77.4597440783754,3.0,77.45946884151317,77.45995631801773,3.496271302320816,0.0018795535651792636,0.0,0.0,0.0,0.0,0.0
993,77.47189092009158,4.0,77.47144910888814,77.47243652759514,7.7967170191546495,0.003572037100792303,0.0,0.0,0.0,0.0,0.0
994,77.49192452022962,3.0,77.48942550851336,77.49383644482558,31.62291024033649,0.0018682450986995994,0.0,0.0,0.0,0.0,0.0
995,77.50378500484632,3.0,77.50323805176018,77.50419116741227,6.832036597614432,0.003447102352080912,0.0,0.0,0.0,0.0,0.0
996,77.50861206575222,4.0,77.50747168437071,77.51008870502547,14.069258118336581,0.0023678846259562875,0.0,0.0,0.0,0.0,0.0
997,77.6026487624925,7.0,77.59938349749015,77.60809008346645,74.84975187906592,0.0068302828248255,0.0,0.0,0.0,0.0,0.0
998,77.7406051596241,4.0,77.73964518526081,77.74261321666106,14.19199442611137,0.004890842591816291,0.0,0.0,0.0,0.0,0.0
999,77.74876015946845,3.0,77.74703851453312,77.75113347146049,29.260608993626256,0.0016092608082788763,0.0,0.0,0.0,0.0,0.0
1000,77.8111536498595,4.0,77.80980663119686,77.81268871090575,34.54391673887545,0.0026743835524654152,0.0,0.0,0.0,0.0,0.0
1001,77.83578046899072,4.0,77.83291680858495,77.83770133585028,32.83973773215991,0.0014826133170373968,0.0,0.0,0.0,0.0,0.0
1002,77.86411937247469,6.0,77.86012264436434,77.86770425483023,54.07422504452716,0.0019720040116138625,0.0,0.0,0.0,0.0,0.0
1003,77.93949498365797,7.0,77.93567410689896,77.94452319665828,67.58067985906115,0.006030033550924438,0.0,0.0,0.0,0.0,0.0
1004,77.95662633933519,7.0,77.9532055064987,77.95933997289542,41.611015086974774,0.003923296014692463,0.0,0.0,0.0,0.0,0.0
1005,78.06325797755784,3.0,78.06318400746497,78.06488936558334,12.136582579567868,0.001829327994364022,0.0,0.0,0.0,0.0,0.0
1006,78.21631860551162,3.0,78.21524432269099,78.21761277612815,16.822671899538644,0.0022696365822229368,0.0,0.0,0.0,0.0,0.0
1007,78.39518646869138,4.0,78.39236674423029,78.39761266080883,26.95967313493385,0.001974553124926659,0.0,0.0,0.0,0.0,0.0
1008,78.51946578770588,4.0,78.51759171309,78.52145675462864,23.661774271808394,0.0017073145791977019,0.0,0.0,0.0,0.0,0.0
1009,78.59298432158215,4.0,78.59205259657426,78.59508729641668,12.442687475064547,0.003968168764474882,0.0,0.0,0.0,0.0,0.0
1010,78.67806911484232,3.0,78.67806617866194,78.68013635571178,14.617775626198597,0.0010108219427048266,0.0,0.0,0.0,0.0,0.0
1011,78.70864983877263,3.0,78.70694329008425,78.7097507060743,19.815808722697522,0.002423195233622308,0.0,0.0,0.0,0.0,0.0
1012,79.02718648983421,7.0,79.02192452110873,79.03164723828691,64.80345484846892,0.006752392689276037,0.0,0.0,0.0,0.0,0.0
1013,79.1071802168924,4.0,79.10492996334563,79.11058538788077,38.93343221714384,0.0019065921586285158,0.0,0.0,0.0,0.0,0.0
1014,79.11813902119202,3.0,79.11648059214937,79.12040568133946,27.561380140768694,0.0017000903548688585,0.0,0.0,0.0,0.0,0.0
1015,79.18815742944824,7.0,79.18547557567166,79.19126593424868,35.72438547918101,0.0059126297487712655,0.0,0.0,0.0,0.0,0.0
1016,79.21955235002478,3.0,79.21720798223247,79.22204037802216,33.888910603222186,0.005414258934435081,0.0,0.0,0.0,0.0,0.0
1017,79.25829079076782,4.0,79.2565269730568,79.25966858511245,16.85738265875633,0.003326720031634176,0.0,0.0,0.0,0.0,0.0
1018,79.29065365232245,3.0,79.28874011028256,79.29296813592558,29.623959783643862,0.005333284221794563,0.0,0.0,0.0,0.0,0.0
1019,79.38319919132095,3.0,79.38095171248362,79.38469336886754,26.185616254352382,0.002657605282618221,0.0,0.0,0.0,0.0,0.0
1020,79.40317245451521,5.0,79.40138030341713,79.40626440747344,43.448203724318965,0.002594742391339455,0.0,0.0,0.0,0.0,0.0
1021,79.69728905908059,4.0,79.69544949677271,79.69906587638593,38.002692587786775,0.002067619706244981,0.0,0.0,0.0,0.0,0.0
1022,79.72634914953943,3.0,79.72437815445893,79.72728960642563,20.287813653723155,0.002498981152361953,0.0,0.0,0.0,0.0,0.0
1023,79.9305165211411,3.0,79.93000575961166,79.9323549516724,16.328015346541385,0.005513994813382613,0.0,0.0,0.0,0.0,0.0
1024,80.13924199394432,4.0,80.13852139157005,80.1407493934019,14.981755432277442,0.005189229218642708,0.0,0.0,0.0,0.0,0.0
1025,80.18388026255042,4.0,80.18208195459093,80.18592240295865,19.18806443508355,0.003436198615385626,0.0,0.0,0.0,0.0,0.0
1026,80.22600473657332,5.0,80.22491282141976,80.2306274307272,43.137189356505196,0.0035876117036897155,0.0,0.0,0.0,0.0,0.0
1027,80.2414985491942,3.0,80.23990519256665,80.24222902694817,16.089169870644607,0.0023953456206167257,0.0,0.0,0.0,0.0,0.0
1028,80.38404496272913,3.0,80.38284219592373,80.38461950872352,12.28348237941294,0.002021448963684269,0.0,0.0,0.0,0.0,0.0
1029,80.49351859053031,4.0,80.48981326382496,80.4963529753707,46.93041752952563,0.002966241524212736,0.0,0.0,0.0,0.0,0.0
1030,80.66782095259614,3.0,80.66698618691385,80.67032153198213,22.97036737189319,0.0006248688762346066,0.0,0.0,0.0,0.0,0.0
1031,80.75685350475081,4.0,80.75488602836872,80.75858810430373,32.83466238288748,0.0014583582446476124,0.0,0.0,0.0,0.0,0.0
1032,80.76604832074165,5.0,80.76222651607456,80.766161738133,33.441831733143765,0.0034171722328110196,0.0,0.0,0.0,0.0,0.0
1033,80.85826011165233,4.0,80.85622966338282,80.85937808840275,22.902375702468255,0.003718545064795875,0.0,0.0,0.0,0.0,0.0
1034,80.88913993846299,6.0,80.88722636322537,80.89279192268611,43.62904695531577,0.0018969708468096057,0.0,0.0,0.0,0.0,0.0
1035,80.92312127485017,6.0,80.91867230434396,80.92649167530932,52.66755736011484,0.003884584269035517,0.0,0.0,0.0,0.0,0.0
1036,80.94513768826609,476.0,80.94464198098615,80.94572239510171,4.9834648111024125,0.04270689494528943,0.0,0.17111785261983548,0.0,0.0,0.0
1037,80.98771948084692,3.0,80.98624025119705,80.98905258118396,19.291882254495047,0.002196667619239464,0.0,0.0,0.0,0.0,0.0
1038,81.03350841176854,68.0,81.03311816787836,81.03393602352878,2.8280879783859416,0.005966757035101848,0.0,0.0,0.0,0.0,0.0
1039,81.04368372204749,5.0,81.04060882770204,81.04476018752841,27.376445220832863,0.003985912567295507,0.0,0.0,0.0,0.0,0.0
1040,81.06976606573099,56.0,81.069217321006,81.07017086546081,5.747158510851077,0.007507956896021191,0.0,0.0,0.0,0.0,0.0
1041,81.12231820672194,4.0,81.12218211071728,81.12366161093466,7.518387706963851,0.007993014292790826,0.0,0.0,0.0,0.0,0.0
1042,81.18234214759084,4.0,81.18082088255431,81.18545759944696,39.829830978011984,0.0026124650752964583,0.0,0.0,0.0,0.0,0.0
1043,81.19683450487372,3.0,81.19527929523387,81.19848434093083,21.929191619448464,0.000709979790508951,0.0,0.0,0.0,0.0,0.0
1044,81.26130432672072,6.0,81.25887244383514,81.26473731471148,50.73733960422335,0.003810473790548167,0.0,0.0,0.0,0.0,0.0
1045,81.3281302619826,3.0,81.32578470897546,81.3289765994928,21.803925700880264,0.002665986834277187,0.0,0.0,0.0,0.0,0.0
1046,81.36346219324587,3.0,81.36159970881818,81.36441255245855,19.20629812453719,0.0037146392221380584,0.0,0.0,0.0,0.0,0.0
1047,81.4321665383114,4.0,81.4309781699879,81.43406019472245,31.29060144912555,0.0067042744620530795,0.0,0.0,0.0,0.0,0.0
1048,81.62599330760668,3.0,81.62374270177857,81.6266529813168,19.807685029821087,0.0025415057713695506,0.0,0.0,0.0,0.0,0.0
1049,81.78201455703748,6.0,81.78106479358603,81.78486151173084,32.38692760843789,0.007390696657349244,0.0,0.0,0.0,0.0,0.0
1050,81.95082473573025,10.0,81.94892074260521,81.95355926411958,35.075291134083336,0.005126610393496295,0.0,0.0,0.0,0.0,0.0
1051,82.43229776734765,3.0,82.43154028500322,82.43352242264775,13.35869083010704,0.0028210218867675703,0.0,0.0,0.0,0.0,0.0
1052,82.60279951152714,4.0,82.60097372016197,82.60436162356554,27.664478072146377,0.0020190402178811733,0.0,0.0,0.0,0.0,0.0
1053,82.62513009984691,4.0,82.62196622679609,82.62686907449472,31.378030067828384,0.0038469384373733544,0.0,0.0,0.0,0.0,0.0
1054,82.6571160017969,3.0,82.6558015910035,82.65783434268036,13.662544034554408,0.0024634232514776544,0.0,0.0,0.0,0.0,0.0
1055,82.84947679563383,5.0,82.84742559684518,82.85250366679996,46.4979067826556,0.005256066642864313,0.0,0.0,0.0,0.0,0.0
1056,82.86005626955485,3.0,82.85947553914183,82.86167050369035,14.716677782590597,0.0022239827076477887,0.0,0.0,0.0,0.0,0.0
1057,82.91674653609613,3.0,82.91626459644534,82.9188151362836,17.089027681463367,0.004924223034286592,0.0,0.0,0.0,0.0,0.0
1058,82.94104271143695,4.0,82.93973123050475,82.94153096697545,12.438339228086146,0.003742218898418984,0.0,0.0,0.0,0.0,0.0
1059,83.04909667457613,51.0,83.0487182630879,83.0501321691598,3.1510538366097656,0.00707879875352969,0.0,0.0,0.0,0.0,0.0
1060,83.08549648603022,278.0,83.08504284092677,83.08597983197375,4.141172886660392,0.049266447978052755,0.0,0.0,0.0,0.0,0.0
1061,83.25728470776863,3.0,83.25484323966626,83.25885136149974,26.745219469404752,0.0022905027077265838,0.0,0.0,0.0,0.0,0.0
1062,83.36511679108756,3.0,83.36399605647952,83.36637997437018,15.886726716461995,0.0044545837680377825,0.0,0.0,0.0,0.0,0.0
1063,83.49844039544006,3.0,83.49614779577564,83.50113867762627,33.206753636377584,0.001608185360133433,0.0,0.0,0.0,0.0,0.0
1064,83.54418097452688,4.0,83.54381225248427,83.54678031240239,16.51791902233851,0.003438503542177298,0.0,0.0,0.0,0.0,0.0
1065,83.58148342765897,4.0,83.57873381751594,83.58478160517156,34.13954499954565,0.003563709162285655,0.0,0.0,0.0,0.0,0.0
1066,83.59849977350638,3.0,83.59783378658375,83.59943468768911,10.638821335102053,0.0030674432055535317,0.0,0.0,0.0,0.0,0.0
1067,83.7660527619209,3.0,83.76437363305814,83.76671774784025,15.546703552470923,0.0018804962809990562,0.0,0.0,0.0,0.0,0.0
1068,83.80628027151099,3.0,83.80591528675482,83.80689386898366,6.487065074759997,0.0026302141298799554,0.0,0.0,0.0,0.0,0.0
1069,83.93493911199909,3.0,83.93404206826024,83.93495265125088,6.027042428307256,0.004680254638221816,0.0,0.0,0.0,0.0,0.0
1070,83.98867905641414,5.0,83.98719732434873,83.98900290223123,13.765375603037423,0.0041011175948423295,0.0,0.0,0.0,0.0,0.0
1071,84.03899774518858,3.0,84.03863735359532,84.03980645731528,7.728579398408789,0.0029212652462855893,0.0,0.0,0.0,0.0,0.0
1072,84.04438897383666,47.0,84.04414883642819,84.04472485429739,2.2135442966209786,0.017669034007060203,0.0,0.0,0.0,0.0,0.0
1073,84.06757829740178,4.0,84.06696801439722,84.06943910870537,10.364826083014236,0.005405799108056006,0.0,0.0,0.0,0.0,0.0
1074,84.08066527880483,8.0,84.07874703937156,84.08098989826198,4.153585259746522,0.00232004196778501,0.0,0.0,0.0,0.0,0.0
1075,84.0889014671534,98.0,84.08832827567483,84.08928505633226,3.835594534086807,0.029078532837461715,0.0,0.0,0.0,0.0,0.0
1076,84.09721769943778,3.0,84.09511869472776,84.09747264154274,15.550433965826027,0.003343547941609972,0.0,0.0,0.0,0.0,0.0
1077,84.13921248380305,6.0,84.1376448837384,84.14151358525787,25.253745754875027,0.003163161115117942,0.0,0.0,0.0,0.0,0.0
1078,84.29690789162386,4.0,84.29437111400688,84.29914253668231,19.347160834494698,0.0022355167118927577,0.0,0.0,0.0,0.0,0.0
1079,84.35883394826564,3.0,84.358069619749,84.3592303412175,7.644075079060292,0.0029349409179975573,0.0,0.0,0.0,0.0,0.0
1080,84.49003427729903,4.0,84.48940872841447,84.49116625770557,12.32194749199633,0.0028970995000229234,0.0,0.0,0.0,0.0,0.0
1081,84.5142429112131,3.0,84.51358379964675,84.515728030806,14.095133457756246,0.004008036219763154,0.0,0.0,0.0,0.0,0.0
1082,84.53571261354031,4.0,84.53374422476192,84.53811748538742,16.78392513735313,0.0036898867388064764,0.0,0.0,0.0,0.0,0.0
1083,84.57463395112217,3.0,84.5735353242172,84.57589562867113,15.504415342070153,0.005655852495873692,0.0,0.0,0.0,0.0,0.0
1084,84.68248846992904,3.0,84.68090657911819,84.68383934204637,19.240255775602225,0.002176782544897167,0.0,0.0,0.0,0.0,0.0
1085,84.7260181853178,4.0,84.72423315787064,84.72722779414362,24.810862617937357,0.0053893617342549265,0.0,0.0,0.0,0.0,0.0
1086,84.95317989968645,3.0,84.95051596220354,84.95471770451698,27.477503349341227,0.002034866404493936,0.0,0.0,0.0,0.0,0.0
1087,84.95959485001018,55.0,84.95934559938631,84.95996109180626,2.791408687251558,0.01692883424257486,0.0,0.0,0.0,0.0,0.0
1088,85.02190738759258,7.0,85.01848701775114,85.02344442426904,27.905895020078077,0.004475224588265685,0.0,0.0,0.0,0.0,0.0
1089,85.02831285867003,18.0,85.02768163791926,85.02862760006785,3.808591928468953,0.004137735897236643,0.0,0.0,0.0,0.0,0.0
1090,85.22555755034418,3.0,85.22311303950201,85.22702355532314,25.491282802463736,0.0024782549948884577,0.0,0.0,0.0,0.0,0.0
1091,85.36297217150555,5.0,85.36002791548698,85.36506825992396,46.05271430681322,0.005904748700665287,0.0,0.0,0.0,0.0,0.0
1092,85.52028947637469,10.0,85.51225192083916,85.52515982967724,62.65155389886157,0.004354236845325045,0.0,0.0,0.0,0.0,0.0
1093,85.5524531080958,4.0,85.55007851695639,85.55321548695753,13.395150601981149,0.0024355234007262436,0.0,0.0,0.0,0.0,0.0
1094,85.57700155687672,3.0,85.5744967030029,85.57718028060943,17.42146161878303,0.005674660656636808,0.0,0.0,0.0,0.0,0.0
1095,85.68969803768148,6.0,85.6879956796957,85.6919196727888,30.5802449804139,0.0016948134841373436,0.0,0.0,0.0,0.0,0.0
1096,85.69888654586774,3.0,85.69694293075719,85.7004311129788,22.61265099362968,0.0011668594289904251,0.0,0.0,0.0,0.0,0.0
1097,85.73771594906334,4.0,85.73723030158459,85.73809852325724,3.84408225168324,0.005010333216819587,0.0,0.0,0.0,0.0,0.0
1098,85.76127739049758,3.0,85.75902871236374,85.76261611820583,23.23896409013289,0.001858568558586063,0.0,0.0,0.0,0.0,0.0
1099,85.78191553633778,3.0,85.78123503316675,85.78308516409975,11.98213530089732,0.0018855124799586338,0.0,0.0,0.0,0.0,0.0
1100,85.78982273846364,3.0,85.78947359223673,85.79138275306028,12.363295180157326,0.005596290889814063,0.0,0.0,0.0,0.0,0.0
1101,85.84417844026211,4.0,85.84287456567401,85.84564805850907,27.733688144850746,0.002260021516718365,0.0,0.0,0.0,0.0,0.0
1102,85.94867449176562,4.0,85.94797996422233,85.95154020150075,19.738849746156784,0.0018794511227092782,0.0,0.0,0.0,0.0,0.0
1103,85.96325886938092,7.0,85.96177537597741,85.96424323712353,7.55844255271492,0.00257422978431735,0.0,0.0,0.0,0.0,0.0
1104,86.08550594695993,3.0,86.08519785916714,86.08638665035724,7.6719018236025756,0.0015199995260136052,0.0,0.0,0.0,0.0,0.0
1105,86.09646912696223,19.0,86.09629735503127,86.09751093045985,2.274747032763793,0.004979903507650948,0.0,0.0,0.0,0.0,0.0
1106,86.38500840186865,3.0,86.38275575676063,86.38543561648208,17.234598733080553,0.003548649722670421,0.0,0.0,0.0,0.0,0.0
1107,86.48549365008743,5.0,86.48473195196786,86.48701079504954,7.937135715469582,0.0017469537395803265,0.0,0.0,0.0,0.0,0.0
1108,86.51564878882117,6.0,86.5136487509047,86.51846490955174,38.967739402063856,0.0033331883519427934,0.0,0.0,0.0,0.0,0.0
1109,86.60449280830579,3.0,86.60428979635505,86.60515643779415,5.559382089319074,0.0012258244326771052,0.0,0.0,0.0,0.0,0.0
1110,86.61586667036917,5.0,86.61492302776988,86.61754508599262,4.73372199419917,0.004466677427466171,0.0,0.0,0.0,0.0,0.0
1111,86.64311062599769,4.0,86.64269682012886,86.64527248420238,10.199966417193645,0.0031510673285023365,0.0,0.0,0.0,0.0,0.0
1112,86.66019881407662,5.0,86.65884037701619,86.66282431223588,23.15591758065255,0.005606100025425559,0.0,0.0,0.0,0.0,0.0
1113,86.70668826561524,3.0,86.70575905630632,86.70851865812203,17.681590088503953,0.002071900963204799,0.0,0.0,0.0,0.0,0.0
1114,86.89766270470855,5.0,86.89376231166669,86.90085224473675,46.26578667728407,0.0025390477138768604,0.0,0.0,0.0,0.0,0.0
1115,86.9752825783304,5.0,86.97425710200041,86.97805040973539,13.183079614693558,0.002902057412344054,0.0,0.0,0.0,0.0,0.0
1116,87.04403668225544,135.0,87.04356643875322,87.04442948621966,4.13675413974291,0.02780189060984233,0.0,0.0,0.0,0.0,0.0
1117,87.10275353530169,3.0,87.10231428647711,87.10418477282664,11.930266735396197,0.0036277018956633175,0.0,0.0,0.0,0.0,0.0
1118,87.1272459317272,3.0,87.1254836917077,87.12854698016105,19.53266053943223,0.0024620480482442464,0.0,0.0,0.0,0.0,0.0
1119,87.19837920012128,3.0,87.19813647786879,87.20045352946059,14.762325815615508,0.0026211577877853325,0.0,0.0,0.0,0.0,0.0
1120,87.27030034914827,5.0,87.26903999977151,87.2711275074112,13.120636389056049,0.0044803956385923525,0.0,0.0,0.0,0.0,0.0
1121,87.37891160020642,6.0,87.37751264146087,87.38088762198237,23.207678436016266,0.004083142358919474,0.0,0.0,0.0,0.0,0.0
1122,87.40351252067623,4.0,87.40091713722767,87.40573232336251,31.168679538031025,0.002263216540913125,0.0,0.0,0.0,0.0,0.0
1123,87.48191389111456,3.0,87.47986172465339,87.48363679041387,23.973626804975375,0.0030801900570249447,0.0,0.0,0.0,0.0,0.0
1124,87.55726291731708,4.0,87.5546421028674,87.55912053576613,29.60693997103332,0.0026799646474830667,0.0,0.0,0.0,0.0,0.0
1125,87.6904217811738,4.0,87.68802056463255,87.69239743286106,37.937746576969246,0.00169872436417819,0.0,0.0,0.0,0.0,0.0
1126,87.86444051304298,3.0,87.86405402637835,87.86551893493872,9.262428399190243,0.0007758918236003216,0.0,0.0,0.0,0.0,0.0
1127,87.94401371805681,6.0,87.9424311712173,87.94732957333176,35.962391115860974,0.00459403677293706,0.0,0.0,0.0,0.0,0.0
1128,88.02150405039279,6.0,88.02097772310694,88.02189890610396,2.465310772275795,0.014341698650383065,0.0,0.0,0.0,0.0,0.0
1129,88.05016003274268,4.0,88.04846519573373,88.05169588779876,28.239775961194525,0.001796116861574563,0.0,0.0,0.0,0.0,0.0
1130,88.07552234251472,93.0,88.07503906617444,88.0762135652851,3.805841812055557,0.014641458670844541,0.0,0.0,0.0,0.0,0.0
1131,88.11210360414512,31.0,88.11164942059285,88.11281007434225,2.4229809070533475,0.011885669532121305,0.0,0.0,0.0,0.0,0.0
1132,88.24702788662157,4.0,88.24651849916636,88.24856222158948,9.703486776963056,0.0028705907520048682,0.0,0.0,0.0,0.0,0.0
1133,88.51411360083159,3.0,88.51328817885165,88.51561162317117,14.583012213665235,0.002304822966526172,0.0,0.0,0.0,0.0,0.0
1134,88.52175812928078,3.0,88.5199556830982,88.52339233432214,21.568151382442345,0.0022568873624563895,0.0,0.0,0.0,0.0,0.0
1135,88.67951508385642,5.0,88.67787508084592,88.68051218205952,11.649785549519654,0.007063212113732135,0.0,0.0,0.0,0.0,0.0
1136,88.71172817009264,4.0,88.7104157603225,88.71363965872183,23.365348817215107,0.002209818150388168,0.0,0.0,0.0,0.0,0.0
1137,88.9524845566085,3.0,88.95057285267164,88.95425762798374,23.013380748405876,0.0022731179514540157,0.0,0.0,0.0,0.0,0.0
1138,89.07085383783513,1441.0,89.07048428244052,89.07125498264145,3.204070603962583,0.4556652578918682,0.0,0.9786054879530512,0.0,0.0,0.35069639413933434
1139,89.09102665682467,3.0,89.0906987171004,89.09316799594392,15.39797700415395,0.0034752925495537814,0.0,0.0,0.0,0.0,0.0
1140,89.1372169434997,3.0,89.13675112672138,89.13739895395871,4.037640315476921,0.003996394612865853,0.0,0.0,0.0,0.0,0.0
1141,89.25814632836455,3.0,89.25566871024648,89.25880514030382,19.521592309987042,0.002644270560295007,0.0,0.0,0.0,0.0,0.0
1142,89.26958518118406,4.0,89.26883173936804,89.27166937987852,10.227381885285215,0.005039885042582602,0.0,0.0,0.0,0.0,0.0
1143,89.33654822418197,4.0,89.3361107044199,89.33725919960548,5.821462019109814,0.0013404569644590173,0.0,0.0,0.0,0.0,0.0
1144,89.53217459547616,3.0,89.531919515975,89.53330316921846,8.585698379840704,0.002730250051608754,0.0,0.0,0.0,0.0,0.0
1145,89.58409577213675,3.0,89.58340657703295,89.58456020783937,7.154238685381259,0.0030696543544564752,0.0,0.0,0.0,0.0,0.0
1146,89.63644480241192,3.0,89.63398145110206,89.63808612900361,25.440283993910988,0.0004204588743609897,0.0,0.0,0.0,0.0,0.0
1147,89.64737024623604,3.0,89.64628614716958,89.64771982271567,8.884660111202315,0.004507245108186651,0.0,0.0,0.0,0.0,0.0
1148,89.84493372600504,4.0,89.84196621593803,89.8480077223187,30.493022020847043,0.002624182801228021,0.0,0.0,0.0,0.0,0.0
1149,89.8657622040422,4.0,89.86338040970192,89.86690600606843,13.325325192437798,0.0022303286679520085,0.0,0.0,0.0,0.0,0.0
1150,89.88636693202577,4.0,89.88536550367515,89.88790905694763,20.924914757083293,0.0020612687638836016,0.0,0.0,0.0,0.0,0.0
1151,89.98799936962234,3.0,89.98768323270359,89.9881369398458,2.8010348625695753,0.0020190661877253217,0.0,0.0,0.0,0.0,0.0
1152,90.05486353116903,6.0,90.05464188840445,90.05514614805638,2.805870394298809,0.00046264916544343796,0.0,0.0,0.0,0.0,0.0
1153,90.06788234897513,70.0,90.06764811346687,90.06818319249781,1.5467794804805068,0.019804729809751575,0.0,0.0,0.0,0.0,0.0
1154,90.07425559548881,622.0,90.07383884595521,90.07474795037349,3.7959572316907177,0.16175144799226066,0.0,0.287705153205403,0.0,0.0,0.0
1155,90.50702961943352,3.0,90.50584335193021,90.5090584272151,19.734963610506654,0.004177298708629501,0.0,0.0,0.0,0.0,0.0
1156,91.07531281111828,15.0,91.07467178150854,91.07773714911416,3.6492273018677857,0.00471137150047184,0.0,0.0,0.0,0.0,0.0
1157,91.11687458165524,5.0,91.11624045499924,91.1215550232406,37.32534830540902,0.007257209507758001,0.0,0.0,0.0,0.0,0.0
1158,91.26040674664898,4.0,91.25800624529761,91.2614784434558,20.07593043384744,0.0009530034004300662,0.0,0.0,0.0,0.0,0.0
1159,91.34201338565202,3.0,91.33985846555105,91.34341862832379,21.65343343951938,0.003310508369721252,0.0,0.0,0.0,0.0,0.0
1160,91.43401511141816,3.0,91.43216499165587,91.43667770519305,27.419369839199696,0.0016934601803945254,0.0,0.0,0.0,0.0,0.0
1161,91.66756246269226,3.0,91.66677378392815,91.66930945197153,15.367534934775529,0.0032945012001256912,0.0,0.0,0.0,0.0,0.0
1162,91.8139612718656,11.0,91.80611641478768,91.81816039180279,74.04617096460923,0.006865455218820422,0.0,0.0,0.0,0.0,0.0
1163,92.01636591247609,312.0,92.01596462853055,92.01688517594103,3.8907336222987223,0.02967514537816482,0.0,0.0,0.0,0.0,0.0
1164,92.04934716771207,10.0,92.04795231845327,92.04976308277789,2.914729859557912,0.0018801075143259356,0.0,0.0,0.0,0.0,0.0
1165,92.14723525832454,3.0,92.14456983647392,92.14909143514348,27.26071220497028,0.0036924588008518436,0.0,0.0,0.0,0.0,0.0
1166,92.16092658061574,3.0,92.16072828054193,92.16336752501206,15.909637438153748,0.002251464106384279,0.0,0.0,0.0,0.0,0.0
1167,92.23803982497941,6.0,92.23610468044396,92.24364451389411,44.501337935071014,0.006671547009635365,0.0,0.0,0.0,0.0,0.0
1168,92.53020377697052,5.0,92.52883902880465,92.5328539296253,28.21621217028813,0.0035030415449421913,0.0,0.0,0.0,0.0,0.0
1169,92.61648869266917,3.0,92.61580469899994,92.61777709669097,11.831332740941047,0.0027476722458575635,0.0,0.0,0.0,0.0,0.0
1170,92.65790825188438,4.0,92.65597331685943,92.66061213731528,35.30193983496104,0.0043686041928489554,0.0,0.0,0.0,0.0,0.0
1171,92.69079544832675,6.0,92.68699751107152,92.69256243950818,26.004745397746465,0.004639069076070913,0.0,0.0,0.0,0.0,0.0
1172,92.7036522518971,3.0,92.70328457168804,92.70555822674866,13.625587230552453,0.0019110808720553794,0.0,0.0,0.0,0.0,0.0
1173,92.71735488361563,4.0,92.71381196608172,92.71870269468606,33.94835601052025,0.004355151760303682,0.0,0.0,0.0,0.0,0.0
1174,92.75864667157435,5.0,92.75480231073679,92.75934624157577,25.66039004173729,0.0025663867370305086,0.0,0.0,0.0,0.0,0.0
1175,92.81359759704948,3.0,92.81317054043477,92.81411438959326,5.649610156112306,0.0049334136366932044,0.0,0.0,0.0,0.0,0.0
1176,92.84417060813944,3.0,92.84223138350697,92.84593776185679,22.178011497531596,0.0032131227780053877,0.0,0.0,0.0,0.0,0.0
1177,92.8926939912995,5.0,92.88969410889379,92.89482347925639,30.848836205297896,0.00372857910723384,0.0,0.0,0.0,0.0,0.0
1178,93.0217250169714,3.0,93.0205230792213,93.0234999178662,17.778634473438736,0.003809857597505488,0.0,0.0,0.0,0.0,0.0
1179,93.05721458824367,88.0,93.05689697563538,93.05845005262748,2.9549798238287375,0.021339774171190214,0.0,0.0,0.0,0.0,0.0
1180,93.13118949357016,4.0,93.12946878706273,93.13170209456345,14.536835300434717,0.003480743754052135,0.0,0.0,0.0,0.0,0.0
1181,93.23595128599692,4.0,93.23302129470702,93.2383404881333,33.45484171238709,0.0038969918080055234,0.0,0.0,0.0,0.0,0.0
1182,93.28491911371955,3.0,93.28314636595555,93.28753770064938,26.152462891597658,0.0006511203200855252,0.0,0.0,0.0,0.0,0.0
1183,93.40073517152962,3.0,93.39850877589473,93.40313871222946,27.539257029487317,0.0010099551756144244,0.0,0.0,0.0,0.0,0.0
1184,93.54813323591983,4.0,93.54635223826656,93.55013223876634,21.94814393196244,0.0035305551951207875,0.0,0.0,0.0,0.0,0.0
1185,93.688568927898,3.0,93.68823062578211,93.68881951290133,3.491989624978481,0.002205283271600534,0.0,0.0,0.0,0.0,0.0
1186,93.70490891693343,5.0,93.69975261151257,93.70715771002166,52.6501370715527,0.003472903004412045,0.0,0.0,0.0,0.0,0.0
1187,93.7691956384286,5.0,93.76763725469026,93.76964237778884,5.536409505822604,0.0028142472040328546,0.0,0.0,0.0,0.0,0.0
1188,93.87941424013624,4.0,93.87785355650952,93.88101145731129,28.667889857859123,0.0040281581916156274,0.0,0.0,0.0,0.0,0.0
1189,94.5169962473741,4.0,94.51565801871995,94.51880821151204,20.29181702151776,0.0071392161602428054,0.0,0.0,0.0,0.0,0.0
1190,94.62080586288673,4.0,94.61845111299986,94.6236886496747,23.93733706594921,0.003537362842230919,0.0,0.0,0.0,0.0,0.0
1191,94.80403008225964,3.0,94.8021223664839,94.80415641049186,11.919582404616527,0.003069985568458492,0.0,0.0,0.0,0.0,0.0
1192,94.92825695127588,3.0,94.92714074159086,94.92882830573548,9.876254615945637,0.00227941178122694,0.0,0.0,0.0,0.0,0.0
1193,94.96119428725358,962.0,94.96054064482584,94.96184509997792,5.509636321519666,0.09853449717120628,0.0,0.3332644026837253,0.0,0.0,0.0
1194,95.0491862434512,76.0,95.04853499486698,95.04957821903118,4.628693447614372,0.009225588524809163,0.0,0.0,0.0,0.0,0.0
1195,95.08537072255685,89.0,95.08487206497023,95.08615233714859,5.518494979533338,0.010002571760828503,0.0,0.0,0.0,0.0,0.0
1196,95.21991491710844,3.0,95.21802488068958,95.2209295450788,16.947110694779447,0.0026713189863735386,0.0,0.0,0.0,0.0,0.0
1197,95.36966356308636,3.0,95.36728387456354,95.3720208120144,27.594014897760474,0.00206278250551782,0.0,0.0,0.0,0.0,0.0
1198,95.43770018682062,3.0,95.43742725745594,95.43976552271612,13.611353302902534,0.0007062190474582168,0.0,0.0,0.0,0.0,0.0
1199,95.71147332968964,5.0,95.70979985842125,95.71345459202969,3.6996217473563853,0.003954560369160293,0.0,0.0,0.0,0.0,0.0
1200,95.85577504760948,3.0,95.85337956518535,95.85778163426313,25.513266476430367,0.003887164030085583,0.0,0.0,0.0,0.0,0.0
1201,95.87606145053867,4.0,95.87560650606856,95.8770510594704,8.399606045794178,0.003346934955865164,0.0,0.0,0.0,0.0,0.0
1202,95.96939065339812,133.0,95.96867920538767,95.97024373023224,4.714580401387674,0.00866126815552901,0.0,0.0,0.0,0.0,0.0
1203,96.01838573301744,4.0,96.01503391277305,96.0200981147403,31.383331623611255,0.004386782625957319,0.0,0.0,0.0,0.0,0.0
1204,96.08928720398407,4.0,96.08683794964723,96.09043642498807,12.721824158170921,0.001996757612853308,0.0,0.0,0.0,0.0,0.0
1205,96.18530924130924,3.0,96.18526061991268,96.1862474947339,5.700078254078284,0.002050907118451019,0.0,0.0,0.0,0.0,0.0
1206,96.27728303063924,3.0,96.27653715247372,96.2795557575014,17.4184682030404,0.0018278168053712195,0.0,0.0,0.0,0.0,0.0
1207,96.31257295095932,3.0,96.31113403492284,96.31523963259845,23.6821375202109,0.0020315473605816113,0.0,0.0,0.0,0.0,0.0
1208,96.36658801267892,3.0,96.36450592933497,96.36880288003326,24.772017787597335,0.004308097789815553,0.0,0.0,0.0,0.0,0.0
1209,96.39098210306162,3.0,96.38884689198862,96.39292719965,23.517112702728753,0.001320999759464203,0.0,0.0,0.0,0.0,0.0
1210,96.54357782390943,6.0,96.54172475262104,96.54788615273493,22.417637877975896,0.006523015368328511,0.0,0.0,0.0,0.0,0.0
1211,96.57664251137895,8.0,96.57058793769558,96.5794834115165,63.37616586232038,0.0028101454662416976,0.0,0.0,0.0,0.0,0.0
1212,96.6454245537802,5.0,96.64319230248122,96.64927113760261,36.38893077184454,0.0043763459572561765,0.0,0.0,0.0,0.0,0.0
1213,96.68748661689834,3.0,96.68696215388478,96.6900912798027,17.97960986031109,0.0019437749218654912,0.0,0.0,0.0,0.0,0.0
1214,96.92713259634758,4.0,96.92517703748985,96.92898615853512,15.990895208028885,0.0038277806650429853,0.0,0.0,0.0,0.0,0.0
1215,96.96260391827089,47.0,96.9623970656187,96.96914148602252,2.4467666838019815,0.017403584614998482,0.0,0.0,0.0,0.0,0.0
1216,97.02365285178344,3.0,97.02096009521426,97.02446470893457,20.06735023021033,0.002722963502293433,0.0,0.0,0.0,0.0,0.0
1217,97.10108765977256,10.0,97.09793794549552,97.10160412992184,14.201783178853319,0.005301311832765516,0.0,0.0,0.0,0.0,0.0
1218,97.45421616398276,3.0,97.45154729353358,97.45500757702051,19.725977906738322,0.0036359580758727503,0.0,0.0,0.0,0.0,0.0
1219,97.47445249769576,5.0,97.47260888025961,97.47531739080661,17.100100989042026,0.004713248510502896,0.0,0.0,0.0,0.0,0.0
1220,97.48078231178462,3.0,97.47859412243695,97.48296852141209,24.93026415283937,0.002916267153633137,0.0,0.0,0.0,0.0,0.0
1221,97.60346282812168,4.0,97.60106892177343,97.6060052867837,28.69944541681394,0.00320445777820292,0.0,0.0,0.0,0.0,0.0
1222,97.66914274616532,3.0,97.66802376593607,97.67168108830168,20.803354074277728,0.0010300205298437053,0.0,0.0,0.0,0.0,0.0
1223,97.8476604193765,3.0,97.84620564423703,97.85032820628517,23.40691886916233,0.004694134964497636,0.0,0.0,0.0,0.0,0.0
1224,97.89228019663574,3.0,97.89200891860172,97.894022421389,11.426975215501622,0.0017744153672203148,0.0,0.0,0.0,0.0,0.0
1225,97.90235586167904,5.0,97.90097560094435,97.90388259857748,21.7882603579817,0.007981670022136402,0.0,0.0,0.0,0.0,0.0
1226,98.00704062305098,4.0,98.0063415312305,98.00985410176033,19.244281785044254,0.0019859617464943117,0.0,0.0,0.0,0.0,0.0
1227,98.03844675587283,4.0,98.03557121503965,98.0411134198711,24.622115814633485,0.004366572258653539,0.0,0.0,0.0,0.0,0.0
1228,98.17452559969182,3.0,98.17385681293783,98.17664968077138,15.80443838545749,0.0020357263233926398,0.0,0.0,0.0,0.0,0.0
1229,98.20119430796755,3.0,98.1989618631477,98.2027812895128,21.607716190390228,0.0036638667002473362,0.0,0.0,0.0,0.0,0.0
1230,98.26042950823792,3.0,98.25857639878316,98.26196273514071,19.146038601967998,0.003547129848407621,0.0,0.0,0.0,0.0,0.0
1231,98.5667916099451,5.0,98.56568113885128,98.57008503503111,15.08721333439836,0.005072791182494898,0.0,0.0,0.0,0.0,0.0
1232,98.80660835091538,3.0,98.80403148622032,98.80897631617339,27.803077117546508,0.0014936459782078518,0.0,0.0,0.0,0.0,0.0
1233,98.91332189593211,3.0,98.91080684579147,98.91541321878192,25.872107586186278,0.0021144191641301433,0.0,0.0,0.0,0.0,0.0
1234,98.95566617382718,1829.0,98.95521037314313,98.95611367134737,3.6005157122587765,0.30355914826060443,0.0,1.0699546208600934,0.0,0.0,0.4590765449500154
1235,98.98412178143317,94.0,98.98377179610297,98.98984204670155,2.7347361209737038,0.042758442111709996,0.0,0.0,0.0,0.0,0.0
1236,99.02979688883866,3.0,99.02874078306513,99.03001017231709,7.121253130340801,0.002558233525686952,0.0,0.0,0.0,0.0,0.0
1237,99.04406093466775,50.0,99.04326467797749,99.04456186557302,6.019128527647922,0.006295430755026387,0.0,0.0,0.0,0.0,0.0
1238,99.08035542644512,4.0,99.07804545585273,99.0809003711081,9.373033709356738,0.002114717777629193,0.0,0.0,0.0,0.0,0.0
1239,99.52848828924866,3.0,99.52692290357956,99.52913254185842,12.333924112500318,0.002054888935897335,0.0,0.0,0.0,0.0,0.0
1240,99.57234873316166,3.0,99.57224814366148,99.57277377380058,2.9327092074915573,0.002187407449046144,0.0,0.0,0.0,0.0,0.0
1241,99.79722373039391,6.0,99.79440546338503,99.79909880646775,21.88182014594973,0.0038113919320415125,0.0,0.0,0.0,0.0,0.0
1242,99.83417349095274,3.0,99.83272155199836,99.83484219304579,11.800908186402763,0.0005360848360063071,0.0,0.0,0.0,0.0,0.0
1243,99.93581746637356,3.0,99.93531034955609,99.93677110455823,8.120517521346432,0.0024356692162266166,0.0,0.0,0.0,0.0,0.0
1244,99.9632501899695,74.0,99.96262942316825,99.96379407621211,3.489050742009443,0.008096941426344864,0.0,0.0,0.0,0.0,0.0
1245,100.07573627823771,22.0,100.0687912560767,100.07708144215539,13.506278244316217,0.009774091162996785,0.0,0.0,0.0,0.0,0.0
1246,100.09387527026712,26.0,100.09357441616982,100.09427644868107,2.904776100292139,0.01673745166842098,0.0,0.0,0.0,0.0,0.0
1247,100.11203475889002,1712.0,100.11163016919107,100.11243627531957,3.164225993151379,0.4398602858656081,0.0,1.2617107931456393,0.0,0.0,0.5790023786992003
1248,100.15277470448692,4.0,100.15006146491764,100.15548440935787,31.99978812938712,0.004725210380237665,0.0,0.0,0.0,0.0,0.0
1249,100.51153967774565,5.0,100.51055790547764,100.51253267943298,9.565881498061252,0.0037239156700337693,0.0,0.0,0.0,0.0,0.0
1250,100.55622317835861,4.0,100.5553908532247,100.55924362587297,20.582997666436196,0.003173317216594713,0.0,0.0,0.0,0.0,0.0
1251,100.59548663566292,5.0,100.595364148589,100.59600778077193,2.4903453103616475,0.0017268626800236234,0.0,0.0,0.0,0.0,0.0
1252,100.62204124049,3.0,100.61935082534387,100.62404245734744,25.90349183996099,0.0011232276432574283,0.0,0.0,0.0,0.0,0.0
1253,101.02322595100483,14.0,101.02193573367157,101.02341265182787,3.5600729680740497,0.004800006770329011,0.0,0.0,0.0,0.0,0.0
1254,101.05966328669186,122.0,101.05920006807308,101.06034537486762,3.295831046930326,0.013128482145511215,0.0,0.0,0.0,0.0,0.0
1255,101.1154502576623,5.0,101.11523763173321,101.11562866380845,2.9295352870703684,0.001707002377831262,0.0,0.0,0.0,0.0,0.0
1256,101.27283440444307,3.0,101.27214841064853,101.27461942796435,13.555336983935765,0.00345551631625594,0.0,0.0,0.0,0.0,0.0
1257,101.49015433244602,3.0,101.4881956693908,101.49178211237073,19.632134124649067,0.0033396897809082372,0.0,0.0,0.0,0.0,0.0
1258,101.68293258381144,3.0,101.68119572944592,101.68450348057772,18.072251369813706,0.0018986920425344688,0.0,0.0,0.0,0.0,0.0
1259,101.83965183329131,5.0,101.83667675872509,101.84101247382713,34.90077380834527,0.002037463596013784,0.0,0.0,0.0,0.0,0.0
1260,101.8543334104119,3.0,101.85361083279648,101.85448180074596,4.750618523992103,0.002361306887415018,0.0,0.0,0.0,0.0,0.0
1261,102.0547955986823,35.0,102.05451161730909,102.05505435328155,2.4783991207352947,0.009331180007654528,0.0,0.0,0.0,0.0,0.0
1262,102.316466169804,3.0,102.31428382846654,102.31803893673484,20.389399069919833,0.001908247302930596,0.0,0.0,0.0,0.0,0.0
1263,102.4112859648674,3.0,102.4089566124934,102.41188825227957,15.903410983840777,0.00231924143402194,0.0,0.0,0.0,0.0,0.0
1264,102.70092738245609,4.0,102.6985169783421,102.7040359031419,30.715193590790765,0.0022991418478827703,0.0,0.0,0.0,0.0,0.0
1265,102.81421040453048,4.0,102.81117360616824,102.81590566399846,33.19175169591902,0.008048956620213495,0.0,0.0,0.0,0.0,0.0
1266,102.84673111830196,3.0,102.84596957635435,102.84881222738018,15.35537933711634,0.003594112418704748,0.0,0.0,0.0,0.0,0.0
1267,103.02119274155174,3.0,103.02108998640303,103.02269438994583,8.651960609659527,0.002655073905870832,0.0,0.0,0.0,0.0,0.0
1268,103.0325059817743,9.0,103.03144207308162,103.03446498521053,11.446520421409222,0.006318463823175916,0.0,0.0,0.0,0.0,0.0
1269,103.0753176382587,55.0,103.07442847432485,103.07594696392223,4.035584684572477,0.016333388117032176,0.0,0.0,0.0,0.0,0.0
1270,103.12431735088336,3.0,103.1230741800815,103.12641134817463,17.97812893780153,0.002796702591332374,0.0,0.0,0.0,0.0,0.0
1271,103.23249309419111,4.0,103.23142780575871,103.23428084933238,8.911371503842599,0.004843270926140687,0.0,0.0,0.0,0.0,0.0
1272,103.252468997779,3.0,103.25241022279135,103.2536549395492,6.697266579955169,0.003970706974546396,0.0,0.0,0.0,0.0,0.0
1273,103.37372673749532,3.0,103.37271492770496,103.37587623500598,16.989634497416525,0.0021674537303310953,0.0,0.0,0.0,0.0,0.0
1274,103.42811931087977,3.0,103.42783472206153,103.42930351742582,7.889512349703611,0.004362737644815822,0.0,0.0,0.0,0.0,0.0
1275,103.44339933968399,4.0,103.4395941787888,103.44534188702791,36.75012424159165,0.0049099901806004724,0.0,0.0,0.0,0.0,0.0
1276,103.56257190619992,3.0,103.56183273172452,103.56258505336108,4.035786839449822,0.0016488244377823075,0.0,0.0,0.0,0.0,0.0
1277,103.65739436337664,5.0,103.65561752475047,103.6614076166199,34.639278577820356,0.003323044603003002,0.0,0.0,0.0,0.0,0.0
1278,103.7050013875231,4.0,103.70153478154256,103.70661179661043,31.21657120537123,0.0026306166631386322,0.0,0.0,0.0,0.0,0.0
1279,103.7987126614164,3.0,103.79792102074764,103.79908759862886,6.243804053784476,0.0015937850046489623,0.0,0.0,0.0,0.0,0.0
1280,103.83173636640213,5.0,103.82761223740371,103.83542824381554,33.73886292879823,0.0028874153225029856,0.0,0.0,0.0,0.0,0.0
1281,103.91531239155208,3.0,103.91399642230024,103.91574854842733,9.367275924310528,0.0045653809122573824,0.0,0.0,0.0,0.0,0.0
1282,104.11146538556396,3.0,104.11065786835921,104.11222036522796,8.337735068362031,0.002423521939386322,0.0,0.0,0.0,0.0,0.0
1283,104.20122287788763,4.0,104.1999461353491,104.20424998173748,24.299500501634274,0.0032344211935077085,0.0,0.0,0.0,0.0,0.0
1284,104.55822569103816,3.0,104.55655085821772,104.55882577747967,12.087466347664483,0.0031365824819062035,0.0,0.0,0.0,0.0,0.0
1285,105.04469070615626,17.0,105.04417019985492,105.04519456799024,2.8082601999256327,0.003165345771527968,0.0,0.0,0.0,0.0,0.0
1286,105.05456142221875,137.0,105.05381071834752,105.05504101085727,4.4757245712350855,0.012611749030893528,0.0,0.0,0.0,0.0,0.0
1287,105.24253397469238,3.0,105.2421070325044,105.24468648507272,13.61644527643385,0.0018741387822383457,0.0,0.0,0.0,0.0,0.0
1288,105.2579638834307,3.0,105.25584249072729,105.25804364560496,11.617779556160059,0.003344021520678756,0.0,0.0,0.0,0.0,0.0
1289,105.49844176503248,3.0,105.49785647633797,105.49857607911267,3.7894334038726165,0.004100677386203365,0.0,0.0,0.0,0.0,0.0
1290,105.89500278394684,5.0,105.89164754729549,105.89628437220756,32.86858267829719,0.0058560068492515376,0.0,0.0,0.0,0.0,0.0
1291,106.2134189415084,3.0,106.21136602436668,106.21449438815054,16.36309137997763,0.002005732309018346,0.0,0.0,0.0,0.0,0.0
1292,106.3149047508748,3.0,106.31228753251062,106.31506322584036,14.504568794624456,0.0027910756708154454,0.0,0.0,0.0,0.0,0.0
1293,106.67535021687334,5.0,106.67301861746297,106.67852463480712,14.771514938303742,0.0011753497524658626,0.0,0.0,0.0,0.0,0.0
1294,106.84362417262668,4.0,106.84277694782172,106.84498566687924,6.618317936715513,0.0010299799987146397,0.0,0.0,0.0,0.0,0.0
1295,107.09481087008228,3.0,107.09342197902673,107.0967333329407,17.177686279727503,0.0017857573363488177,0.0,0.0,0.0,0.0,0.0
1296,107.19219797237062,3.0,107.1918101652649,107.19279170980559,5.087147506303289,0.002790063051221738,0.0,0.0,0.0,0.0,0.0
1297,107.82743987341648,4.0,107.82585119514943,107.82985086359083,26.24484321433504,0.005036734302210824,0.0,0.0,0.0,0.0,0.0
1298,108.31529494392078,4.0,108.31244282341274,108.31813733968632,24.832663011901044,0.0027529632326602355,0.0,0.0,0.0,0.0,0.0
1299,108.40947336336404,3.0,108.4084063895347,108.41075079499787,12.014148202530851,0.002484086031211715,0.0,0.0,0.0,0.0,0.0
1300,108.5500756682726,3.0,108.54789985474757,108.55150706686399,18.46158760372018,0.003017909881174627,0.0,0.0,0.0,0.0,0.0
1301,108.6603479675185,3.0,108.65914373541818,108.66173834420023,13.265642438238375,0.002723538293762506,0.0,0.0,0.0,0.0,0.0
1302,108.93792190523196,3.0,108.93787629960111,108.93804210001392,0.8455397242688734,0.0035268891060511384,0.0,0.0,0.0,0.0,0.0
1303,108.976797918312,539.0,108.97608264021426,108.97776205935833,5.567698567513463,0.05594189554071673,0.0,0.2064745187911705,0.0,0.0,0.0
1304,109.06602710506714,3.0,109.06503436575127,109.06870122361376,18.678073374706226,0.0018809177702899934,0.0,0.0,0.0,0.0,0.0
1305,109.1010314030581,520.0,109.10032357496681,109.10152906471573,3.1842517982648815,0.12060358518905206,0.0,0.2348386812675445,0.0,0.0,0.0
1306,109.53326983988794,5.0,109.53097149091545,109.53445851994485,16.75847766257281,0.0032510759883447996,0.0,0.0,0.0,0.0,0.0
1307,109.9851712149295,231.0,109.98464877681656,109.985926488303,4.649571901009526,0.013802840179093829,0.0,0.0,0.0,0.0,0.0
1308,110.10440464416651,34.0,110.10382709839543,110.10537878445588,4.502236822235709,0.004534634304262019,0.0,0.0,0.0,0.0,0.0
1309,110.19180564341403,4.0,110.19054068475495,110.19285916053175,9.846713245185118,0.0038103443761539923,0.0,0.0,0.0,0.0,0.0
1310,110.95566575478924,51.0,110.95474902312873,110.95648114277603,6.178612883546471,0.006669047221155782,0.0,0.0,0.0,0.0,0.0
1311,111.04400120588174,320.0,111.04337857548316,111.04466078703018,3.498559794872989,0.04498601410664484,0.0,0.0,0.0,0.0,0.0
1312,111.08040113294149,22.0,111.07914938954404,111.08191815125171,3.452209378200151,0.0028686810792824618,0.0,0.0,0.0,0.0,0.0
1313,111.49754810581814,3.0,111.49745452310815,111.49835725258755,4.498003642003552,0.004360908821057885,0.0,0.0,0.0,0.0,0.0
1314,111.97508657012867,12.0,111.97428035451063,111.97960334634601,9.393691196017956,0.0028624646252995195,0.0,0.0,0.0,0.0,0.0
1315,112.07569201283847,29.0,112.07525626631438,112.07640033481093,1.7563002290543202,0.006970952248543624,0.0,0.0,0.0,0.0,0.0
1316,112.11438630252295,4.0,112.11244275261053,112.116165008395,14.261995977244254,0.0025276963814946903,0.0,0.0,0.0,0.0,0.0
1317,112.22237854536436,5.0,112.21975701958165,112.22506660853178,26.3547063234754,0.004715289775289967,0.0,0.0,0.0,0.0,0.0
1318,112.42842725240531,3.0,112.42798082839073,112.42949237586964,7.469183905940191,0.002850602928698743,0.0,0.0,0.0,0.0,0.0
1319,112.54390633949492,3.0,112.54347966984214,112.54626172251973,13.73317197834045,0.0021680930239745344,0.0,0.0,0.0,0.0,0.0
1320,112.55657713776132,3.0,112.55608755847753,112.55798380557638,9.359476249733007,0.0024669119389515433,0.0,0.0,0.0,0.0,0.0
1321,112.59146234592922,3.0,112.58876764167948,112.59392535525629,25.449500094027993,0.002410968303209555,0.0,0.0,0.0,0.0,0.0
1322,112.97122441534287,2911.0,112.97083139801036,112.97173736762147,3.1495154331561706,1.3156461723048216,0.0,3.117334384227912,0.9924816881986577,0.0,2.3715189115727435
1323,113.0595967655457,181.0,113.0588753967018,113.06030156499642,4.983009798081779,0.016294376533002225,0.0,0.0,0.0,0.0,0.0
1324,113.13549454808488,5.0,113.13209085105252,113.13627280006304,27.31191365471836,0.004835845762352377,0.0,0.0,0.0,0.0,0.0
1325,113.44567149168309,3.0,113.44428874766045,113.44636785797861,10.181625025204097,0.0023122182169430026,0.0,0.0,0.0,0.0,0.0
1326,113.47885324001612,3.0,113.47756951605932,113.4788880892087,6.455305262933037,0.0017076042357840866,0.0,0.0,0.0,0.0,0.0
1327,113.55158870234912,3.0,113.55002239697092,113.5526031322869,12.626347712125446,0.0059719343143824315,0.0,0.0,0.0,0.0,0.0
1328,113.70526106897354,3.0,113.7044245302268,113.7059578179081,7.491531012850287,0.0017211335729329122,0.0,0.0,0.0,0.0,0.0
1329,113.82785378636386,3.0,113.826571046631,113.83029945334086,18.197101958127096,0.004271418972886378,0.0,0.0,0.0,0.0,0.0
1330,113.86147669640789,4.0,113.85988718984622,113.86519461276487,30.399481717236036,0.004320684519081104,0.0,0.0,0.0,0.0,0.0
1331,114.0560684353884,5.0,114.05482265292164,114.05748245148763,13.981081063693756,0.003850784873162878,0.0,0.0,0.0,0.0,0.0
1332,114.06310117228595,5.0,114.0627388760476,114.063316549721,2.8319215554765114,0.0004298339927417487,0.0,0.0,0.0,0.0,0.0
1333,114.09129526684646,37.0,114.09100402759573,114.09220917862486,3.7367746403078606,0.007695950175089556,0.0,0.0,0.0,0.0,0.0
1334,114.12755472926094,58.0,114.12678098386166,114.12803047645548,4.310489730741259,0.00443238090547256,0.0,0.0,0.0,0.0,0.0
1335,114.49446240109144,3.0,114.49421511024723,114.49571844233564,7.294540504864556,0.0018800893605589025,0.0,0.0,0.0,0.0,0.0
1336,114.89315940060561,4.0,114.8924587598656,114.89394078246853,7.181462531713107,0.0023180179116229225,0.0,0.0,0.0,0.0,0.0
1337,114.9487514523897,8.0,114.94750122787993,114.94970276805223,10.268972379153906,0.0023702975370433325,0.0,0.0,0.0,0.0,0.0
1338,115.03908771335392,49.0,115.0384886241152,115.03982116806749,4.057812048629726,0.005003920451474297,0.0,0.0,0.0,0.0,0.0
1339,115.235823974071,3.0,115.23339685054505,115.23656836495539,15.289971377231915,0.003243305880941277,0.0,0.0,0.0,0.0,0.0
1340,115.36860050515,3.0,115.36808411654322,115.3700243112102,9.342974790144023,0.0024914528076001932,0.0,0.0,0.0,0.0,0.0
1341,115.83277555053743,3.0,115.83267923279833,115.83433900305508,7.960567142586939,0.002018239879596989,0.0,0.0,0.0,0.0,0.0
1342,116.05267338550976,5.0,116.0521925873496,116.05331022432041,6.642622993375701,0.0009098222349444076,0.0,0.0,0.0,0.0,0.0
1343,116.06544005972933,9.0,116.05992979631053,116.07171648357625,56.74916707165198,0.005444529390367569,0.0,0.0,0.0,0.0,0.0
1344,116.10707067953734,388.0,116.10631754243245,116.10765768406097,4.038086556813105,0.03608124669346487,0.0,0.0,0.0,0.0,0.0
1345,116.12781848239251,3.0,116.1270315200209,116.12984179017663,13.444334165797358,0.0037697773518205,0.0,0.0,0.0,0.0,0.0
1346,116.49898894189036,3.0,116.49638577213214,116.50052526018038,19.740219234866476,0.001210372814719223,0.0,0.0,0.0,0.0,0.0
1347,116.69563753441136,3.0,116.69534037078797,116.69643183432403,5.196155091577172,0.002234394339904169,0.0,0.0,0.0,0.0,0.0
1348,116.9661210815341,3147.0,116.96583639016004,116.96654733387582,1.9212129708091368,2.6154615119925007,0.0,4.498165535863528,3.2983657018470947,0.0,3.9676424554239866
1349,117.06993709544744,116.0,117.06932981395722,117.07061211779704,4.801988273597505,0.01889685301463633,0.0,0.0,0.0,0.0,0.0
1350,117.09106761953102,10.0,117.08897956034278,117.09145809705267,4.541860422289755,0.0035979719307411106,0.0,0.0,0.0,0.0,0.0
1351,117.13835100647144,7.0,117.13813159188885,117.14103156255894,6.06837956742529,0.0036268600608075257,0.0,0.0,0.0,0.0,0.0
1352,117.18151000879544,3.0,117.17986562406419,117.18259142615216,12.922981562486203,0.001921392111917285,0.0,0.0,0.0,0.0,0.0
1353,117.2105199144741,3.0,117.20919618749465,117.21303930519,18.215646410032658,0.003632512998874405,0.0,0.0,0.0,0.0,0.0
1354,117.486243927287,3.0,117.48441900318554,117.48771892651561,15.604301215587292,0.003566576290956013,0.0,0.0,0.0,0.0,0.0
1355,117.56652777033356,3.0,117.56439188423857,117.56815843763428,17.79868559501297,0.0019577936040153904,0.0,0.0,0.0,0.0,0.0
1356,117.7771306198479,3.0,117.7748193755713,117.778408579602,16.93030071960242,0.0028183462033755016,0.0,0.0,0.0,0.0,0.0
1357,117.88956464427,3.0,117.88946851219471,117.89068170856383,5.717197996935712,0.003249939001556991,0.0,0.0,0.0,0.0,0.0
1358,118.06506024845888,759.0,118.06435149542462,118.0656247708018,3.7736384185732006,0.0957884587500838,0.0,0.3501225621529718,0.0,0.0,0.0
1359,118.08642935286983,8.0,118.08441062721353,118.08783274213528,6.478400022844945,0.005158730193296295,0.0,0.0,0.0,0.0,0.0
1360,118.12259439755708,2152.0,118.12218138843775,118.1231375083462,3.023522773198159,0.8050981551010932,0.0,2.0933924024788255,0.0,0.0,1.0692508241629226
1361,118.29057225985994,3.0,118.2903418850671,118.29293768560893,12.191262453089651,0.003958790208772269,0.0,0.0,0.0,0.0,0.0
1362,118.96306671059226,4.0,118.96247539184395,118.96328550063171,2.528680802101071,0.001048359358173144,0.0,0.0,0.0,0.0,0.0
1363,119.08544911280318,18.0,119.08472908921152,119.08717889755083,3.3561597522578754,0.002099918470351168,0.0,0.0,0.0,0.0,0.0
1364,120.23336760877028,5.0,120.23141338225612,120.23449931962072,19.29404702366063,0.004781921860123075,0.0,0.0,0.0,0.0,0.0
1365,120.3530747609563,4.0,120.35054776786573,120.35571108196234,26.506514867086494,0.001983748553036038,0.0,0.0,0.0,0.0,0.0
1366,120.74127722293508,3.0,120.73977736506757,120.7435950158208,17.565799649494796,0.002830267326990473,0.0,0.0,0.0,0.0,0.0
1367,120.7813074255566,3.0,120.77944386872153,120.78396110209377,20.777835156684727,0.005330264735326784,0.0,0.0,0.0,0.0,0.0
1368,121.0038225640574,3.0,121.00295403567341,121.00569496929644,12.584237996871982,0.003418352229707056,0.0,0.0,0.0,0.0,0.0
1369,121.26041058231584,3.0,121.26020219256708,121.26119535301345,4.550172648091128,0.002096610778597612,0.0,0.0,0.0,0.0,0.0
1370,121.68957611800896,3.0,121.68951994184683,121.69143562407827,8.745760650362307,0.002320489282225853,0.0,0.0,0.0,0.0,0.0
1371,121.8071875260922,3.0,121.80608395035524,121.80719639282741,5.073785941429955,0.0019361191753943456,0.0,0.0,0.0,0.0,0.0
1372,122.88628002767256,3.0,122.88437080895088,122.88770685636473,15.0819088505183,0.003829195492891523,0.0,0.0,0.0,0.0,0.0
1373,123.1550297665294,3.0,123.15346088400293,123.1550414903337,7.130156436631115,0.003975061930274149,0.0,0.0,0.0,0.0,0.0
1374,123.40617210799655,3.0,123.40365633902105,123.40788467711985,19.03532604096777,0.003935140730677678,0.0,0.0,0.0,0.0,0.0
1375,123.56596248657678,3.0,123.5651719076066,123.56633935103456,5.248853884634087,0.0033931338495143946,0.0,0.0,0.0,0.0,0.0
1376,123.96433174659526,3.0,123.96188768154073,123.96672263264452,21.668200108024774,0.0015595406072318736,0.0,0.0,0.0,0.0,0.0
1377,123.9898993500738,3.0,123.98986261057517,123.99134659403015,6.64921301714222,0.004456359969993219,0.0,0.0,0.0,0.0,0.0
1378,124.87911408018923,4.0,124.87783196578577,124.88055792209045,17.593992740119102,0.003953152920528376,0.0,0.0,0.0,0.0,0.0
1379,124.97151351312137,357.0,124.97045465376792,124.97245686468763,5.533381964572375,0.04073713202155081,0.0,0.0,0.0,0.0,0.0
1380,125.0414175736282,3.0,125.04082151891596,125.04237266021214,6.891677823747077,0.0022982729476358874,0.0,0.0,0.0,0.0,0.0
1381,125.37040174574318,3.0,125.3695498802648,125.37252576458782,13.187076417724656,0.0024935827298016946,0.0,0.0,0.0,0.0,0.0
1382,126.03715427605567,6.0,126.03683445425644,126.03749285696773,2.0696151695180056,0.0025196690539637722,0.0,0.0,0.0,0.0,0.0
1383,126.62050089829616,3.0,126.61826552092822,126.62189072614137,15.905820004778851,0.0027511433587522824,0.0,0.0,0.0,0.0,0.0
1384,126.69496010887478,4.0,126.69321019397182,126.69783510938397,25.22487276104776,0.001865869913762594,0.0,0.0,0.0,0.0,0.0
1385,126.7916388067908,3.0,126.79119390256488,126.79167929501448,2.1268158888933955,0.0021512282631992166,0.0,0.0,0.0,0.0,0.0
1386,126.97624683750286,11.0,126.9741866162681,126.97759749388983,13.545469398017426,0.005000030679519609,0.0,0.0,0.0,0.0,0.0
1387,126.98687215011893,3695.0,126.98636360566866,126.98753103394716,4.566346642307239,3.202146481895618,0.0,7.416528240162349,2.3684821322520984,1.5690868607919297,3.8611364354392546
1388,127.01775301662096,3.0,127.01649620976967,127.01920531607895,11.84920237494434,0.0019229874301821281,0.0,0.0,0.0,0.0,0.0
1389,127.07514764140888,81.0,127.07468403896948,127.07618712014238,4.296282816160758,0.007074009606033605,0.0,0.0,0.0,0.0,0.0
1390,127.98649325691284,11.0,127.98495521260982,127.98790664214232,6.855956290811289,0.0029816901710618977,0.0,0.0,0.0,0.0,0.0
1391,128.10680180485792,26.0,128.10422941243996,128.10754825578448,5.57461856794162,0.004327568420501947,0.0,0.0,0.0,0.0,0.0
1392,128.3736204825841,3.0,128.37277064584327,128.37536167941988,11.213075495774657,0.0035733285087565323,0.0,0.0,0.0,0.0,0.0
1393,128.45325018402872,3.0,128.45083689562557,128.4533122462984,10.705800096557002,0.0021364228205057504,0.0,0.0,0.0,0.0,0.0
1394,128.96617700110602,769.0,128.9653780855903,128.966944149143,4.4962457072358735,0.07768274497824737,0.0,0.29628177234294073,0.0,0.0,0.0
1395,129.05442060090962,45.0,129.05345283784445,129.0555364760977,7.137424441010337,0.0034308331969907175,0.0,0.0,0.0,0.0,0.0
1396,129.07026944546493,5.0,129.06931129742804,129.0717018416557,11.784205126059348,0.002393062662279801,0.0,0.0,0.0,0.0,0.0
1397,129.13584917018062,3.0,129.13353419839015,129.1361675040332,11.328748669592628,0.005104077659456969,0.0,0.0,0.0,0.0,0.0
1398,129.68562002389513,3.0,129.68441686626414,129.6857783577438,5.832444300398035,0.004104549256307444,0.0,0.0,0.0,0.0,0.0
1399,129.88418119099106,3.0,129.88280179771346,129.88653717462108,15.977383651323214,0.00331514724178823,0.0,0.0,0.0,0.0,0.0
1400,129.98565217414324,1413.0,129.98511876752738,129.98619357540497,2.993340792472632,0.18182120143029384,0.0,0.6113497547454739,0.0,0.0,0.4539259312490061
1401,130.0230236538813,10.0,130.01887720924591,130.02337632399713,6.528241739633077,0.0035445343446212944,0.0,0.0,0.0,0.0,0.0
1402,130.03195681935128,6.0,130.031809687383,130.03347269749247,0.49495804886697664,0.01090815980492032,0.0,0.0,0.0,0.0,0.0
1403,130.04339539008487,3.0,130.04336217769963,130.0453196091357,8.362300181886269,0.0014639419838921044,0.0,0.0,0.0,0.0,0.0
1404,130.04986211422107,69.0,130.04939776209517,130.05039433429369,1.4262419472588297,0.05909170375531365,0.0,0.0,0.0,0.0,0.0
1405,130.06520771874762,6.0,130.06079772052493,130.06602557754627,18.882673418690125,0.003663379804702213,0.0,0.0,0.0,0.0,0.0
1406,130.08614203484962,41.0,130.08576717039944,130.08663760568922,3.1953587123765437,0.013793534657576446,0.0,0.0,0.0,0.0,0.0
1407,130.12250212598434,42.0,130.12133288280543,130.12328489857896,6.299960299889867,0.0038660558589628433,0.0,0.0,0.0,0.0,0.0
1408,130.15898397161396,23.0,130.1581465869162,130.1596078385631,2.7001952674774894,0.0046648204640424825,0.0,0.0,0.0,0.0,0.0
1409,130.56144291102095,3.0,130.55890134829573,130.5628891518115,16.968611469514027,0.0007799549976210587,0.0,0.0,0.0,0.0,0.0
1410,130.9688872543233,280.0,130.9685286495382,130.97184010055696,10.48892965993603,0.023523263356325607,0.0,0.0,0.0,0.0,0.0
1411,130.9817092339369,4165.0,130.98147304687944,130.9822630228376,1.4747032600226266,10.896635321837367,7.933061234336808,14.809209496123593,11.153309484080209,10.183617789689961,12.379393624338965
1412,130.99461978541729,281.0,130.9913610580785,130.99513616479564,23.448956958385093,0.022161970241417955,0.0,0.0,0.0,0.0,0.0
1413,131.05314531356066,32.0,131.0489883644883,131.05519980834364,3.3472154716532114,0.00726029107807075,0.0,0.0,0.0,0.0,0.0
1414,131.08545541579184,809.0,131.08463521460763,131.086152528551,4.3194932409482965,0.16603631983426023,0.0,0.46848594620292755,0.0,0.0,0.0
1415,131.11785709539726,15.0,131.11703684980543,131.1183162526185,2.4472857915820514,0.0036129223296416427,0.0,0.0,0.0,0.0,0.0
1416,131.51374305905048,4.0,131.5113910587555,131.51540218779607,20.805468385665314,0.0024262974894736756,0.0,0.0,0.0,0.0,0.0
1417,131.59701247336886,3.0,131.59495771980045,131.59885718708364,16.462157249271623,0.002397731489862678,0.0,0.0,0.0,0.0,0.0
1418,131.65318104779251,4.0,131.6530706756081,131.65430909346742,3.5040544845235457,0.003905574968993695,0.0,0.0,0.0,0.0,0.0
1419,131.9819217971266,1598.0,131.9812067522049,131.9825367498835,3.5840229465449815,0.2544033730315783,0.0,0.7633806503494859,0.0,0.0,0.5511764704107985
1420,132.00198338359155,3.0,132.0005676054954,132.0039280112555,14.142909379962926,0.003187885034225389,0.0,0.0,0.0,0.0,0.0
1421,132.04470392565116,6.0,132.04438867835478,132.0476392171533,17.360722247083277,0.0017917411673927979,0.0,0.0,0.0,0.0,0.0
1422,132.08073834073468,2443.0,132.08024850893764,132.08129784338226,2.85385217254228,1.1062568416662295,0.0,2.9211579042417135,0.5129309067343656,0.0,1.5494154938160063
1423,132.1810065696417,3.0,132.17952913059725,132.18366936381514,17.401362156479088,0.002562392971536352,0.0,0.0,0.0,0.0,0.0
1424,132.95849075804642,126.0,132.95778262794428,132.95952273876793,3.855597020178844,0.010331420248006946,0.0,0.0,0.0,0.0,0.0
1425,132.96644526415554,3.0,132.96412479369386,132.9676291593619,14.641812915398503,0.00120920144985225,0.0,0.0,0.0,0.0,0.0
1426,132.9783546526649,472.0,132.97770172635717,132.97912593372877,3.829397924488931,0.08665065399038935,0.0,0.22083195207313422,0.0,0.0,0.0
1427,133.73766960151704,3.0,133.73686179478506,133.73849637608743,6.790164104619031,0.005907888546621053,0.0,0.0,0.0,0.0,0.0
1428,134.15337947131826,3.0,134.15162541909856,134.155253619456,15.025091974507532,0.003347444877105124,0.0,0.0,0.0,0.0,0.0
1429,135.07548619786792,4.0,135.07421867243988,135.07646290212662,10.230616195183288,0.002668281358682723,0.0,0.0,0.0,0.0,0.0
1430,135.1720970172794,3.0,135.17105578565275,135.17224205377855,4.87554652357666,0.0017864395965450771,0.0,0.0,0.0,0.0,0.0
1431,135.26531539744127,6.0,135.26270000361592,135.27010217905735,31.46756401933045,0.002341627932794198,0.0,0.0,0.0,0.0,0.0
1432,137.0959511512192,50.0,137.09539217582324,137.09665892452418,3.750582187626512,0.005194324225571983,0.0,0.0,0.0,0.0,0.0
1433,137.13242288004932,14.0,137.13218292802378,137.13366697538495,2.1953334254335237,0.016654197360162482,0.0,0.0,0.0,0.0,0.0
1434,137.21329514610485,4.0,137.21108567701043,137.2145927802876,19.28380473098986,0.004465227870051218,0.0,0.0,0.0,0.0,0.0
1435,137.3734973845623,3.0,137.3712264998391,137.375872516721,18.78907168469301,0.004615708117329702,0.0,0.0,0.0,0.0,0.0
1436,137.46361390536438,3.0,137.4635010661898,137.4648094944713,5.287978252686996,0.004785195748381864,0.0,0.0,0.0,0.0,0.0
1437,138.13584096775207,6.0,138.13387022105843,138.13669705698467,7.740393956386466,0.0027841760176974574,0.0,0.0,0.0,0.0,0.0
1438,138.37876232250576,3.0,138.37791098119513,138.3791847730746,5.113950604753276,0.0019326828682228129,0.0,0.0,0.0,0.0,0.0
1439,138.98682353230464,2452.0,138.9861947389945,138.98744228594887,3.4103274894580067,0.6662928805737437,0.0,1.8187642843769602,0.5406292753173044,0.0,1.1781789918511067
1440,139.07524109486474,22.0,139.07486121211184,139.0759327756236,2.366210483691713,0.006135891968114396,0.0,0.0,0.0,0.0,0.0
1441,140.00642053430175,321.0,140.00563206669364,140.00724953537517,3.9508023937557644,0.028079801304020068,0.0,0.0,0.0,0.0,0.0
1442,140.87267934300627,3.0,140.8725715234675,140.8738348486458,4.9821393654184964,0.003597943840277284,0.0,0.0,0.0,0.0,0.0
1443,140.92396290844792,32.0,140.92321817006817,140.9245407042536,2.0874396931383385,0.008956888541056656,0.0,0.0,0.0,0.0,0.0
1444,140.95212870240522,20.0,140.95093297532338,140.95269365685522,3.0671475223708997,0.004150711172653072,0.0,0.0,0.0,0.0,0.0
1445,140.98853712666656,20.0,140.98825389327388,140.99113142417465,10.004962304507876,0.002448740561151444,0.0,0.0,0.0,0.0,0.0
1446,141.0024233219544,3447.0,141.00210606669367,141.00308544156076,2.041722172339095,5.329853748869783,0.0,10.901875233556016,4.311029837648367,1.996782690588847,8.821577607568925
1447,141.01575561192712,172.0,141.01378588326568,141.01645408105344,9.367430679262643,0.01516964125221805,0.0,0.0,0.0,0.0,0.0
1448,141.05450226645107,35.0,141.05339694569497,141.0551841748141,3.28413691856444,0.003122172951733284,0.0,0.0,0.0,0.0,0.0
1449,141.97367565930833,21.0,141.9728953927215,141.97431783610898,6.075857082506765,0.003426938513954481,0.0,0.0,0.0,0.0,0.0
1450,142.00313221118222,707.0,142.0019554685533,142.00478050282317,7.500643680630189,0.07651719331554951,0.0,0.2735560031805549,0.0,0.0,0.0
1451,142.6721161188455,3.0,142.67187202746047,142.67309590789367,4.765707501141551,0.0046784394211645585,0.0,0.0,0.0,0.0,0.0
1452,142.7334958677465,3.0,142.7315708990712,142.73528478195536,14.455389440579497,0.0022359240059160682,0.0,0.0,0.0,0.0,0.0
1453,142.9816572959776,1880.0,142.9811227768328,142.98236844692636,3.0228742800832014,0.32448389587292364,0.0,0.850609243180888,0.0,0.0,0.6116663833969453
1454,142.99970314366317,5.0,142.9995186239878,143.00007932843408,2.2101076128770965,0.004880962953019852,0.0,0.0,0.0,0.0,0.0
1455,143.18504672281864,3.0,143.1844661883172,143.18656908563435,8.15920596487834,0.004076857183112228,0.0,0.0,0.0,0.0,0.0
1456,144.00123466331814,1762.0,144.000652991485,144.00196763834154,3.1117012622971667,0.3116225544622549,0.0,0.8691720699675083,0.0,0.0,0.7015093543579067
1457,144.0446285831977,7.0,144.04421272431588,144.0448014191089,1.9552143095525094,0.0010012875309604176,0.0,0.0,0.0,0.0,0.0
1458,144.08055220902963,234.0,144.0799303903052,144.08146673319052,4.467392177939752,0.05330800281058178,0.0,0.0,0.0,0.0,0.0
1459,144.57600181296152,4.0,144.5738665331053,144.57867981452532,17.689093137810655,0.0015428719805022683,0.0,0.0,0.0,0.0,0.0
1460,144.61270128991936,3.0,144.6111985242328,144.61319254431558,7.660384772616775,0.0021092217263570415,0.0,0.0,0.0,0.0,0.0
1461,144.63185254474809,3.0,144.62971086438418,144.63360938274482,14.974872378357912,0.0031527947836808095,0.0,0.0,0.0,0.0,0.0
1462,144.90588002188653,3.0,144.90421712010297,144.90681464194012,9.958655142917483,0.00458530249497985,0.0,0.0,0.0,0.0,0.0
1463,144.9664463731587,4.0,144.96603276941332,144.96696483752797,5.4491002134652655,0.0015584815946246904,0.0,0.0,0.0,0.0,0.0
1464,144.97600436163214,23.0,144.9755415408228,144.97622608267096,1.618181688986353,0.001784975934207033,0.0,0.0,0.0,0.0,0.0
1465,144.98212362987175,378.0,144.9816404819009,144.9861943226773,22.317511360495256,0.03825460647544274,0.0,0.0,0.0,0.0,0.0
1466,144.99742321906376,4487.0,144.99715847818337,144.99785857161547,1.2448877131167717,24.108422812252957,14.16998659030436,44.490458027827046,17.087617851123824,15.460672015024594,32.36058975306229
1467,145.01243043995618,241.0,145.009135989217,145.01264769019056,11.507089818743946,0.04046781010680518,0.0,0.0,0.0,0.0,0.0
1468,145.06472807162177,184.0,145.06384642802337,145.0656010127884,3.7901696128339952,0.04344262251639217,0.0,0.0,0.0,0.0,0.0
1469,145.07588141952397,11.0,145.07550656819362,145.07616444381705,2.722021259585524,0.0016075952530645336,0.0,0.0,0.0,0.0,0.0
1470,145.08828024190154,310.0,145.08706375065816,145.08906283180625,3.335364560114972,0.03206298049429418,0.0,0.0,0.0,0.0,0.0
1471,145.10111710975804,243.0,145.10053886063167,145.10222433838894,3.82317606543768,0.05431946156615701,0.0,0.0,0.0,0.0,0.0
1472,145.9669449862556,267.0,145.96567082686025,145.9689258271403,8.24059258377227,0.03554403107613261,0.0,0.0,0.0,0.0,0.0
1473,145.98487262846862,4.0,145.9824378924858,145.9854765240269,6.689666092826698,0.0013326775787125215,0.0,0.0,0.0,0.0,0.0
1474,145.99795003222113,2255.0,145.9971416512738,145.99888966432482,4.902939797597532,0.7372285165432115,0.0,1.7801677083865735,0.5120395419644133,0.0,1.062526855741435
1475,146.060093566001,114.0,146.05939482758936,146.06065904534262,3.4314946627680487,0.01474445074780985,0.0,0.0,0.0,0.0,0.0
1476,146.09633322167556,29.0,146.09532019064142,146.09816683729312,7.125101777406516,0.004389372109045127,0.0,0.0,0.0,0.0,0.0
1477,146.88013977259354,3.0,146.87779157607156,146.88131476313512,13.326009557554487,0.002409861196188883,0.0,0.0,0.0,0.0,0.0
1478,146.97438157319354,5.0,146.9737672081927,146.97582168214237,8.471809279216318,0.002312412266194887,0.0,0.0,0.0,0.0,0.0
1479,146.99426164038192,879.0,146.99339239934656,146.99501036477707,4.066893444924986,0.24984929582492144,0.0,1.0364246544622209,0.0,0.0,0.0
1480,147.1464980742953,4.0,147.14550421476181,147.14917311177788,12.971174810800449,0.005988271116903973,0.0,0.0,0.0,0.0,0.0
1481,147.24084174628922,4.0,147.2395692346123,147.24379056974738,20.29818139155485,0.0022486259547167967,0.0,0.0,0.0,0.0,0.0
1482,147.7148854134216,3.0,147.71276470210796,147.71617811495116,12.83784273427151,0.002566180297300098,0.0,0.0,0.0,0.0,0.0
1483,148.81113530636006,3.0,148.81088146952592,148.81365845678621,10.367306834793188,0.0015847219150741632,0.0,0.0,0.0,0.0,0.0
1484,149.18443010347374,4.0,149.1837079008633,149.1869924844486,9.363840147951775,0.005100338448206912,0.0,0.0,0.0,0.0,0.0
1485,150.57478775477497,3.0,150.5723371987587,150.57550963401096,11.704907941720203,0.005953823331032229,0.0,0.0,0.0,0.0,0.0
1486,151.40613014458884,3.0,151.40600995296313,151.40642700845387,1.5303045828098352,0.001977736954896523,0.0,0.0,0.0,0.0,0.0
1487,151.4114750915162,3.0,151.41107849767215,151.41372727146293,9.71882080929111,0.0007949852265175591,0.0,0.0,0.0,0.0,0.0
1488,151.99943137764336,3.0,151.99702524973327,152.00024791014127,11.778773625129473,0.0015669392263067663,0.0,0.0,0.0,0.0,0.0
1489,152.11666258602423,3.0,152.11409139979637,152.11910692288066,18.317531203602044,0.0022276413675024953,0.0,0.0,0.0,0.0,0.0
1490,153.46984623486856,3.0,153.468180204786,153.4698885023087,6.183978172627557,0.004295341516764876,0.0,0.0,0.0,0.0,0.0
1491,153.53326693472047,3.0,153.53187111997744,153.53553022077182,13.240347289121763,0.005199258588185123,0.0,0.0,0.0,0.0,0.0
1492,153.90383847305196,5.0,153.90199651842175,153.90660084033715,13.274779429912446,0.0044244402617743825,0.0,0.0,0.0,0.0,0.0
1493,154.03165910101882,5.0,154.03004829266757,154.03274931636096,13.708869708915861,0.001079721444023845,0.0,0.0,0.0,0.0,0.0
1494,154.07507493336766,3.0,154.0749874762094,154.0752789705145,1.0510543685611426,0.0010066681166326925,0.0,0.0,0.0,0.0,0.0
1495,154.12242522567217,90.0,154.12181427784614,154.12288782254336,3.1866617337662695,0.019253504517026704,0.0,0.0,0.0,0.0,0.0
1496,154.1589595383267,4.0,154.15891846482089,154.159082164449,0.5676656238260123,0.006565662876458139,0.0,0.0,0.0,0.0,0.0
1497,154.9815840176723,3006.0,154.98090690947697,154.9824404944884,3.5307256212997067,1.5918943333345381,0.0,3.015864410174889,1.356269888766411,0.0,1.698941219548958
1498,155.07026976315262,178.0,155.0690917993588,155.07120483009362,4.769274905495812,0.0246331793767166,0.0,0.0,0.0,0.0,0.0
1499,155.1067132367013,73.0,155.10574070879687,155.1078831662673,5.246218291868921,0.013109369017950775,0.0,0.0,0.0,0.0,0.0
1500,155.12623298039648,20.0,155.12548864768166,155.12696186765862,3.5924839750191486,0.015145671413099705,0.0,0.0,0.0,0.0,0.0
1501,155.16211691431616,4.0,155.16201352442408,155.1624161289782,1.4386632235648642,0.002385751398657211,0.0,0.0,0.0,0.0,0.0
1502,156.00136215554218,1036.0,156.0005259938201,156.00229270746212,4.479381603922949,0.09312150800790953,0.0,0.39293065413477657,0.0,0.0,0.0
1503,156.04762758663523,14.0,156.04709842493648,156.04810130106125,3.468566297884332,0.0032867129844161964,0.0,0.0,0.0,0.0,0.0
1504,156.10179391235278,40.0,156.10123664398114,156.10290060875792,4.4166306981783645,0.010125391897432778,0.0,0.0,0.0,0.0,0.0
1505,156.17433287216488,384.0,156.17336255408878,156.1756330818589,6.326435356505998,0.03728119721456466,0.0,0.0,0.0,0.0,0.0
1506,156.97264533312494,7.0,156.97179405042067,156.97349042578458,2.8328891360185233,0.0029429540320062546,0.0,0.0,0.0,0.0,0.0
1507,156.99736074910476,3607.0,156.9969973073046,156.99791431972656,1.5693525564474793,6.923977720161872,0.0,10.318372296860254,8.153670389830035,6.272849228506991,9.373283437630558
1508,157.01232558759045,234.0,157.01007501306634,157.0154296197806,26.761617322907505,0.01694677215390686,0.0,0.0,0.0,0.0,0.0
1509,157.99982508944709,1776.0,157.99831593497362,158.0022619034726,10.788550144837997,0.26052850774870384,0.0,0.7843578209750819,0.0,0.0,0.52904338136413
1510,158.01676298206948,3192.0,158.01630784338562,158.01760258428675,2.6935210251953103,3.1511273210309843,0.0,5.039110571700184,4.149615610914045,0.0,4.667515213920289
1511,158.07276669450943,14.0,158.07141685055967,158.0732139097692,7.052469385019812,0.003147800144433209,0.0,0.0,0.0,0.0,0.0
1512,158.5176709114941,3.0,158.51748440947873,158.51770197395106,0.762496386640084,0.0018433312217493469,0.0,0.0,0.0,0.0,0.0
1513,158.93639273259893,95.0,158.9283382585662,158.93867789568813,17.194477501435607,0.01422308684860473,0.0,0.0,0.0,0.0,0.0
1514,158.96830730967233,745.0,158.96760062031902,158.96909195534352,4.256851331071312,0.06810702845741184,0.0,0.3790365549844015,0.0,0.0,0.0
1515,158.97846814705406,1138.0,158.9779474668134,158.97895113879463,3.1235439139121146,0.20924948812638178,0.0,0.8547410874040428,0.0,0.0,0.5887223859026418
1516,158.98524791327634,203.0,158.98492375010318,158.98860785915576,2.3808756367164143,0.033745364790389504,0.0,0.0,0.0,0.0,0.0
1517,158.99871253289086,573.0,158.99518312460276,158.99992840879963,5.971095093843675,0.24183503276972482,0.0,1.4802435140460728,0.0,0.0,0.0
1518,159.01293265032405,4497.0,159.01275382989573,159.01318721809625,0.8966262831651376,100.0,69.16005615546372,114.51044079438138,110.53420281583978,88.13090514787861,113.94472412552594
1519,159.02886032291428,158.0,159.02584356038363,159.03118800119648,26.46650771761555,0.132707482010653,0.0,0.0,0.0,0.0,0.0
1520,159.04771749696062,668.0,159.0465659929101,159.0481137925876,2.5411334369363363,0.1134451552135834,0.0,0.7141899002719299,0.0,0.0,0.0
1521,159.06770000722494,1085.0,159.06700190221642,159.0688997604245,3.6767094901148782,0.09364875679254328,0.0,0.39230692424705715,0.0,0.0,0.0
1522,159.1044185296086,658.0,159.10339772565132,159.10554608517754,4.790933947790252,0.07990586110428143,0.0,0.3145185444161139,0.0,0.0,0.0
1523,159.9458993601803,7.0,159.94402972690278,159.94969717094247,17.689987552489082,0.0014988221659513609,0.0,0.0,0.0,0.0,0.0
1524,159.98539825213834,766.0,159.9842017394101,159.98710450132637,8.749123201777337,0.09721320604585108,0.0,0.4418923448335066,0.0,0.0,0.0
1525,160.01373643826395,3414.0,160.01328324388902,160.01456737026123,2.245248611296284,5.365947658573714,0.0,7.865685227129913,6.8461729209624425,3.952340166329547,7.405422805226366
1526,160.0380967432341,10.0,160.03712469611798,160.04060330851377,8.33960578729455,0.0005809758647291191,0.0,0.0,0.0,0.0,0.0
1527,160.99265326368402,41.0,160.99101322314027,160.99433600710432,6.239828573993868,0.0028376273551703793,0.0,0.0,0.0,0.0,0.0
1528,161.01699063816778,462.0,161.01557908113395,161.0180952197671,5.678712166984875,0.08756471958941864,0.0,0.16408551158670331,0.0,0.0,0.0
1529,161.25322810592812,4.0,161.25066214083404,161.25462606810405,7.632769464376463,0.003125920570787197,0.0,0.0,0.0,0.0,0.0
1530,161.40076664716787,3.0,161.39961909000937,161.4031529317284,12.163792280761491,0.004688446688166936,0.0,0.0,0.0,0.0,0.0
1531,162.86123159976103,3.0,162.86105716975064,162.86142948109492,1.2700360525517558,0.0018374392728933776,0.0,0.0,0.0,0.0,0.0
1532,163.94211135163988,3.0,163.93993285133377,163.9437196868764,12.832563313616864,0.003406813445356296,0.0,0.0,0.0,0.0,0.0
1533,165.56072897060278,4.0,165.55804748182626,165.56332350141815,17.978968988769253,0.0025613713141497503,0.0,0.0,0.0,0.0,0.0
1534,169.00875562933106,1043.0,169.0076092922164,169.00981848870902,4.82000113131304,0.1781496895869993,0.0,0.7981209757051811,0.0,0.0,0.0
1535,170.26239591371126,3.0,170.26171725176198,170.2630662373549,4.401655670900705,0.003055079213423711,0.0,0.0,0.0,0.0,0.0
1536,171.01316223853712,2126.0,171.01241087705722,171.0138879858374,3.1195166607579323,0.6135024556947256,0.0,1.6065956098441443,0.0,0.0,1.1757587045667
1537,171.23317940593546,3.0,171.23095130195094,171.23402952311082,9.987099886594928,0.0019475759533786976,0.0,0.0,0.0,0.0,0.0
1538,172.03256283389214,1293.0,172.03154899345873,172.03921785029883,4.180158940469026,0.25298056267609,0.0,0.8807855052591248,0.0,0.0,0.3777673408270515
1539,172.0755371408692,875.0,172.0744439136595,172.0765523328987,4.41944367742057,0.18450171628692938,0.0,0.4694247842958775,0.0,0.0,0.0
1540,172.11193388777053,627.0,172.09646699907927,172.11410374218843,47.63952235668475,0.08165449897018905,0.0,0.264053897505592,0.0,0.0,0.0
1541,172.136768032952,178.0,172.1320643558175,172.14074716513727,30.266400637732897,0.05041859756059516,0.0,0.0,0.0,0.0,0.0
1542,172.15272797308867,1853.0,172.15162544481285,172.15402440537343,5.947102243079972,0.866566435924658,0.0,1.8573586194266933,0.0,0.0,0.7254880399153245
1543,172.16949598835953,3120.0,172.1685708446358,172.1704612397698,4.4784850949748725,2.8757913339887855,0.0,8.40270729623053,1.601630811321391,0.0,3.7550100281975745
1544,172.18752469066573,7.0,172.1854931045079,172.1887186777391,9.16306418344477,0.00274901716918811,0.0,0.0,0.0,0.0,0.0
1545,172.95234743530102,53.0,172.94970477622195,172.95372523429685,7.1679862079099745,0.005242463080359784,0.0,0.0,0.0,0.0,0.0
1546,172.99230495827857,2286.0,172.990982126549,172.9934184693382,4.508408207344741,5.022970160024054,0.0,17.458065928732918,0.23273307805680338,0.0,10.084716161398275
1547,173.01232230187117,279.0,173.00822433547694,173.01408103353202,24.985760808986246,0.03316350823929617,0.0,0.0,0.0,0.0,0.0
1548,173.02872277289418,3091.0,173.0283830790047,173.0292201476731,1.2323261411917705,8.960386843463406,0.0,18.01017478477205,7.813109656750044,0.0,14.259936960357164
1549,173.04805541850072,115.0,173.04387155157045,173.04842533717982,14.583036542130287,0.014449406998705523,0.0,0.0,0.0,0.0,0.0
1550,173.05883690675373,460.0,173.05670226212075,173.06015425272463,11.552475421578473,0.06158150752359336,0.0,0.231773241618435,0.0,0.0,0.0
1551,173.07900103590148,1802.0,173.0775587559654,173.08172680889302,6.454977311095965,0.6488340862925049,0.0,1.7929986075693274,0.0,0.0,0.7785024102872609
1552,173.09635465994376,861.0,173.09475765276963,173.0975117429082,5.493405544658619,0.3900475851434423,0.0,0.6063971228401093,0.0,0.0,0.0
1553,173.11421000477702,207.0,173.10738270847028,173.11675241947975,39.72835132800006,0.024180494857308762,0.0,0.0,0.0,0.0,0.0
1554,173.13258512098787,1444.0,173.13152520019395,173.13353261107397,4.378598580182333,0.4608857466649289,0.0,1.5883456563682825,0.0,0.0,0.37942758860268705
1555,173.1537469343994,287.0,173.1514592458261,173.15534627580598,10.639960359342263,0.08920245374659257,0.0,0.0,0.0,0.0,0.0
1556,173.16586446529854,7.0,173.16476439362654,173.1664849525705,4.237070539761444,0.0009753475085413823,0.0,0.0,0.0,0.0,0.0
1557,173.17287617447138,738.0,173.1717665315917,173.17402161098394,5.403334351687609,0.08988169856008381,0.0,0.3158887862034205,0.0,0.0,0.0
1558,173.617063667357,29.0,173.6163635359825,173.618429359201,2.369122558333276,0.0024498461199981506,0.0,0.0,0.0,0.0,0.0
1559,173.93368839650844,3.0,173.93117958860358,173.93466547506182,11.134148914882996,0.002843426004847933,0.0,0.0,0.0,0.0,0.0
1560,173.99339473134705,135.0,173.99199694722233,173.9952135614953,8.73100200931952,0.03873450113195042,0.0,0.0,0.0,0.0,0.0
1561,174.03005877067378,1781.0,174.02909543544845,174.0311038678126,4.1154871380882065,0.48994213158482675,0.0,1.4900887132219693,0.0,0.0,0.875528616491906
1562,174.0543172657113,364.0,174.05112515573643,174.05563736927374,7.702405278171364,0.05278504138764149,0.0,0.0,0.0,0.0,0.0
1563,174.09658405293095,651.0,174.08981944106387,174.10991721815682,34.42184969907401,0.12092413214374376,0.0,0.3000850054982006,0.0,0.0,0.0
1564,174.1276459695091,4462.0,174.12718943037527,174.12816578223564,1.6940658260220838,21.045674717709907,3.4110918819709437,45.575063358570645,15.974230521863396,6.912331377927563,33.95819522181399
1565,174.1437879618893,466.0,174.14250155500866,174.1467758258602,16.629702747717477,0.06737312891194679,0.0,0.14219950462309325,0.0,0.0,0.0
1566,174.1698211167517,419.0,174.16606495615832,174.17036990952053,3.930805468552453,0.03614619668843514,0.0,0.0,0.0,0.0,0.0
1567,174.1851595183635,4465.0,174.1847532900018,174.18560925981205,1.4623679907422706,28.130521543063384,3.253419718617116,66.27607331087657,18.776822726331574,8.94549070822509,46.59728286424016
1568,174.20378767081397,207.0,174.2003377877085,174.20489678545906,20.873901490066274,0.042277762307029974,0.0,0.0,0.0,0.0,0.0
1569,175.00798847357407,2711.0,175.00742352234926,175.00872186125343,2.4559970328615814,1.4136859231532006,0.0,3.166829257157311,1.4739977635192167,0.0,2.6779497156100374
1570,175.02718691589396,20.0,175.02518915061597,175.0286005665136,8.679650337277012,0.007209919886350996,0.0,0.0,0.0,0.0,0.0
1571,175.11217148191685,4.0,175.11079810842855,175.11354686878806,7.181912822784974,0.003909135213180895,0.0,0.0,0.0,0.0,0.0
1572,175.13088854058935,5.0,175.13050971097286,175.1310165993499,0.6068043187612364,0.01203625380674627,0.0,0.0,0.0,0.0,0.0
1573,175.18857067348353,6.0,175.18701647345208,175.1889661197302,1.4114202139619654,0.0123716260687434,0.0,0.0,0.0,0.0,0.0
1574,175.21321169794413,4.0,175.2117006268061,175.21642723537752,19.77610647181322,0.003709590642384589,0.0,0.0,0.0,0.0,0.0
1575,175.93625780902198,3.0,175.9348728223328,175.9375476433552,8.446307188815041,0.004486057343297587,0.0,0.0,0.0,0.0,0.0
1576,176.9451464046355,84.0,176.9440888041162,176.9460539290338,4.299012654487556,0.009919185416996818,0.0,0.0,0.0,0.0,0.0
1577,176.9735477852402,13.0,176.97230408969585,176.97477589051522,5.25646196428918,0.0035631049967844515,0.0,0.0,0.0,0.0,0.0
1578,178.95851818360376,3.0,178.95793970267198,178.96097769084298,9.43107499577105,0.004702507970897791,0.0,0.0,0.0,0.0,0.0
1579,180.89084932714024,3.0,180.89050370851012,180.89299582368503,7.6538334341100995,0.0021278360261404177,0.0,0.0,0.0,0.0,0.0
1580,181.99485943536018,4.0,181.99186283090913,181.9972427539482,13.872862496178357,0.0033579116638345215,0.0,0.0,0.0,0.0,0.0
1581,182.0968216320071,3.0,182.0943867802829,182.0974228117081,9.26256762757453,0.002178011217506234,0.0,0.0,0.0,0.0,0.0
1582,182.1542858297761,5.0,182.15370073718802,182.15431319775175,1.7907986701460983,0.003583518276929476,0.0,0.0,0.0,0.0,0.0
1583,183.63184395023453,3.0,183.62999964539515,183.6328356429309,8.579961692187403,0.002805178456160094,0.0,0.0,0.0,0.0,0.0
1584,184.24583034173423,4.0,184.24417160923537,184.24825895924724,6.703484430994973,0.0030125077654877706,0.0,0.0,0.0,0.0,0.0
1585,184.38917161904033,4.0,184.385801907886,184.39273299181878,20.679730559808743,0.0019037518495802874,0.0,0.0,0.0,0.0,0.0
1586,185.0085076196988,7.0,185.00469913438923,185.00938841337347,11.40100707722573,0.0030757087625642933,0.0,0.0,0.0,0.0,0.0
1587,185.02863418488133,1827.0,185.0279076888114,185.02947396474525,2.5756208492697112,0.8160260351045692,0.0,2.5995896757995727,0.0,0.0,1.8035236720197836
1588,187.00815878565334,336.0,187.006721035444,187.00965855744658,6.552196863765783,0.02907470995384969,0.0,0.0,0.0,0.0,0.0
1589,187.97425187612797,3.0,187.97412457316688,187.97623397239224,6.234303085761285,0.004185416981596169,0.0,0.0,0.0,0.0,0.0
1590,188.84703577546145,3.0,188.8466771548033,188.84955284498528,8.459786779790049,0.0018277895049477093,0.0,0.0,0.0,0.0,0.0
1591,189.00277480222184,3.0,189.00154401927622,189.0038541754177,6.790482732067755,0.0025196300098465573,0.0,0.0,0.0,0.0,0.0
1592,189.02354076392984,900.0,189.02247377909327,189.0247556422979,4.416845153313811,0.101631002169474,0.0,0.4326748997210106,0.0,0.0,0.0
1593,190.50362639207972,3.0,190.50258009739858,190.5061014087725,10.269012373524893,0.0025924139452348704,0.0,0.0,0.0,0.0,0.0
1594,190.86545213000184,4.0,190.86328546717579,190.8686494270492,15.89661126814832,0.0030815457486997226,0.0,0.0,0.0,0.0,0.0
1595,190.96103046517322,20.0,190.95953073016068,190.9622611153578,6.338214861614674,0.001965242099928934,0.0,0.0,0.0,0.0,0.0
1596,191.7050428611784,3.0,191.70334291160873,191.70680131733377,10.022357707731778,0.003296161633718617,0.0,0.0,0.0,0.0,0.0
1597,192.80718491071616,3.0,192.80499167342384,192.809253933622,12.281297159095672,0.0020326333634106807,0.0,0.0,0.0,0.0,0.0
1598,193.60620619858665,3.0,193.60361704269738,193.6066206169751,8.618795901600588,0.002501073474586475,0.0,0.0,0.0,0.0,0.0
