,median_mz(Da),N_spectra,min_mz,max_mz,IQR_mz(ppm),mean_Int,min_Int,max_Int,median_Int,Int_Q1,Int_Q3
0,50.04223421663476,6.0,50.039637815091986,50.04457177972276,43.649403264957044,0.021442125242433076,0.0,0.0,0.0,0.0,0.0
1,50.067339308385684,4.0,50.066309344188035,50.06832456018421,30.10816875543998,0.01516514393078841,0.0,0.0,0.0,0.0,0.0
2,50.08899262774726,10.0,50.08635155599641,50.09375741369235,78.36967943522204,0.04861394705216474,0.0,0.0,0.0,0.0,0.0
3,50.18730176994677,3.0,50.186080155334885,50.18780315875389,19.07303417222989,0.012519525406197234,0.0,0.0,0.0,0.0,0.0
4,50.22905100939869,3.0,50.228702480922266,50.229584145076146,9.751596117795701,0.0089958688284475,0.0,0.0,0.0,0.0,0.0
5,50.234466066747345,6.0,50.23329926386292,50.23690946607408,44.3228681406276,0.012558676673615746,0.0,0.0,0.0,0.0,0.0
6,50.25749966502044,4.0,50.25594302102337,50.25933172862241,23.583365602355066,0.018820583500899036,0.0,0.0,0.0,0.0,0.0
7,50.357373519918426,12.0,50.35385060309495,50.36389789215393,95.61361477445777,0.0222662536256053,0.0,0.0,0.0,0.0,0.0
8,50.55627769709635,6.0,50.55516020044573,50.559617462821876,51.49540842659252,0.013657182172222202,0.0,0.0,0.0,0.0,0.0
9,50.57892749999917,5.0,50.57723465289554,50.582049912234346,56.86024989208238,0.01609419120747616,0.0,0.0,0.0,0.0,0.0
10,50.597712887841936,3.0,50.59697853644618,50.59837793709489,15.365216340168699,0.005369955270486752,0.0,0.0,0.0,0.0,0.0
11,50.608277856126286,4.0,50.60767293586174,50.60894932447216,8.5719549591947,0.015831294999389338,0.0,0.0,0.0,0.0,0.0
12,50.61907276721709,3.0,50.61807654134485,50.61955161252114,16.189233465408126,0.020932731002293363,0.0,0.0,0.0,0.0,0.0
13,50.673364815515036,4.0,50.67279690419909,50.67394272171982,11.830339038273872,0.002518765625812969,0.0,0.0,0.0,0.0,0.0
14,50.68382013693645,4.0,50.682898175110175,50.68482811689991,19.956491474375518,0.009861324232494074,0.0,0.0,0.0,0.0,0.0
15,50.71970040102496,3.0,50.718864070633046,50.72000386001559,12.484622713235003,0.005086384726120335,0.0,0.0,0.0,0.0,0.0
16,50.73052714043365,4.0,50.72928736053468,50.73224425208345,30.046579091307404,0.006364870471328855,0.0,0.0,0.0,0.0,0.0
17,50.79348116648085,6.0,50.79132860675184,50.79596192752896,47.434976586213764,0.04424531958619099,0.0,0.0,0.0,0.0,0.0
18,50.864769236822056,5.0,50.86270291690641,50.86643484052612,10.43477441666953,0.0082006654087095,0.0,0.0,0.0,0.0,0.0
19,50.90503794368507,3.0,50.90352148438182,50.90649445959035,32.44576490553014,0.006705567660941594,0.0,0.0,0.0,0.0,0.0
20,50.97641747591624,3.0,50.97620153542494,50.97681880559028,6.727186542694153,0.004077952695937205,0.0,0.0,0.0,0.0,0.0
21,50.98321013648018,5.0,50.98260507088591,50.98587540399202,26.823462339720404,0.01979002272386618,0.0,0.0,0.0,0.0,0.0
22,50.99653480803012,4.0,50.99531132645577,50.997743540913426,40.17227607146984,0.006732890000601306,0.0,0.0,0.0,0.0,0.0
23,51.015239116447646,3.0,51.0134386335337,51.01652937200925,33.658117860425946,0.007402456874608426,0.0,0.0,0.0,0.0,0.0
24,51.02724505826852,3.0,51.025688864581646,51.027980430014544,24.949258101470676,0.04608600289595295,0.0,0.0,0.0,0.0,0.0
25,51.06575758936627,3.0,51.06561290189271,51.066547306268795,10.165589756683534,0.004198613525304145,0.0,0.0,0.0,0.0,0.0
26,51.084487252304086,5.0,51.08301312483805,51.08683332032867,49.801764837084804,0.01230272707079535,0.0,0.0,0.0,0.0,0.0
27,51.1015213820633,3.0,51.101395593413436,51.10166371571443,2.914919749040809,0.011893465119938895,0.0,0.0,0.0,0.0,0.0
28,51.36518171626323,4.0,51.36415852336098,51.36735969153856,35.57957452175194,0.006722233159815332,0.0,0.0,0.0,0.0,0.0
29,51.39056187077672,3.0,51.38989263809379,51.391534856863466,17.753138469755026,0.004349772888609603,0.0,0.0,0.0,0.0,0.0
30,51.40256716873131,3.0,51.4013489930603,51.404195916956425,30.76936569216165,0.00960839468701248,0.0,0.0,0.0,0.0,0.0
31,51.48859334622059,4.0,51.486888830154996,51.48935453375907,23.211566197408942,0.018332983148039182,0.0,0.0,0.0,0.0,0.0
32,51.49437067587076,3.0,51.4939817878385,51.49471859711871,7.94918907900617,0.004663237305550496,0.0,0.0,0.0,0.0,0.0
33,51.535793610183575,4.0,51.53411909057101,51.53706867040469,21.700149141336524,0.01485160247313387,0.0,0.0,0.0,0.0,0.0
34,51.55216900920018,3.0,51.55182800396762,51.55286197151874,11.142623643731469,0.01369181779380386,0.0,0.0,0.0,0.0,0.0
35,51.5657959953644,3.0,51.565538454519235,51.567537690171676,21.53920931761734,0.012589144450330311,0.0,0.0,0.0,0.0,0.0
36,51.62558314327852,3.0,51.62520674277047,51.62662451458451,15.256990039449313,0.0063932584112685814,0.0,0.0,0.0,0.0,0.0
37,51.65089152625669,6.0,51.64862543741542,51.654165304396926,54.103673417872564,0.017001109109693158,0.0,0.0,0.0,0.0,0.0
38,51.665335445981825,4.0,51.66471035997584,51.66666309160682,15.416216173772192,0.014191526623264708,0.0,0.0,0.0,0.0,0.0
39,51.6738326387963,4.0,51.67366039618832,51.67396795905284,5.446483693504799,0.0057699010799414936,0.0,0.0,0.0,0.0,0.0
40,51.69312893099375,3.0,51.69268924953978,51.69439767480445,18.360760253165168,0.005765571062305554,0.0,0.0,0.0,0.0,0.0
41,51.700189776770614,4.0,51.69890023719835,51.70056626953488,12.92106312054814,0.027325566177596097,0.0,0.0,0.0,0.0,0.0
42,51.705837227889155,4.0,51.70426454686732,51.70741579242248,42.96235105498728,0.003804410027410055,0.0,0.0,0.0,0.0,0.0
43,51.75400884852467,6.0,51.75080423338852,51.75666884577329,55.440226005777674,0.012939047965029662,0.0,0.0,0.0,0.0,0.0
44,51.76867009401906,4.0,51.76713641082199,51.77093853566283,40.952649149328465,0.009866797224039074,0.0,0.0,0.0,0.0,0.0
45,51.79526192300474,7.0,51.791505903214556,51.79682760869191,40.994051589254326,0.007403235839402319,0.0,0.0,0.0,0.0,0.0
46,51.83337324102979,3.0,51.83273392987817,51.83515045257023,25.90054481814279,0.015126806613572517,0.0,0.0,0.0,0.0,0.0
47,51.87945519821604,3.0,51.87906701852697,51.88019927704208,12.124886547018884,0.0035382933459196025,0.0,0.0,0.0,0.0,0.0
48,51.930619436294734,3.0,51.93028607240167,51.931450254647075,12.454461763273587,0.008019900418461848,0.0,0.0,0.0,0.0,0.0
49,52.049946229861135,3.0,52.04876520495552,52.050572768963676,19.293050223545936,0.01747907792345544,0.0,0.0,0.0,0.0,0.0
50,52.123074925949,3.0,52.122922412041284,52.12398647051988,11.341303253175722,0.007785433252758247,0.0,0.0,0.0,0.0,0.0
51,52.20228027217536,3.0,52.20126064779625,52.20307257480406,19.283182845641335,0.00643726125461028,0.0,0.0,0.0,0.0,0.0
52,52.23797915531351,3.0,52.23634184801481,52.238108141481646,18.784688154192786,0.013884737798332427,0.0,0.0,0.0,0.0,0.0
53,52.26461024331128,8.0,52.26149832767558,52.26695790587187,56.83426052657317,0.028938839877166167,0.0,0.0,0.0,0.0,0.0
54,52.32318385737038,3.0,52.321554973123256,52.324154365462924,27.59975117932814,0.006094482963008753,0.0,0.0,0.0,0.0,0.0
55,52.33671297572936,4.0,52.33491480409602,52.33734952673738,22.09464834096598,0.011613391005458757,0.0,0.0,0.0,0.0,0.0
56,52.36589256864154,5.0,52.3642722984992,52.36820705961035,53.436855525162954,0.021531937001444533,0.0,0.0,0.0,0.0,0.0
57,52.508290426748104,6.0,52.5065944135887,52.510002980147334,46.99208791965687,0.005907922380566679,0.0,0.0,0.0,0.0,0.0
58,52.529340106375656,7.0,52.525355426916974,52.530391623353594,61.646566745567235,0.03428858401778233,0.0,0.0,0.0,0.0,0.0
59,52.80885110000339,4.0,52.80702421921004,52.81006201070382,43.99324717181714,0.011786311723721373,0.0,0.0,0.0,0.0,0.0
60,52.81292677960906,3.0,52.812598779189045,52.812982401648455,4.035443622638026,0.0038772132734539353,0.0,0.0,0.0,0.0,0.0
61,52.82445437265295,4.0,52.82236884675181,52.826273623863806,47.062275413790516,0.0021292494821875,0.0,0.0,0.0,0.0,0.0
62,52.831634772550466,6.0,52.829621027075326,52.83270324236495,22.303144092086335,0.00420418645336119,0.0,0.0,0.0,0.0,0.0
63,52.91509231163525,4.0,52.91366588087952,52.91723864565282,30.862505673512793,0.018441393001896227,0.0,0.0,0.0,0.0,0.0
64,52.924432847825486,4.0,52.92254913674852,52.92502722466619,16.436694864158305,0.026617005509898775,0.0,0.0,0.0,0.0,0.0
65,53.01820936310659,4.0,53.016046925758644,53.01948656086604,43.460332153023195,0.015708457709853376,0.0,0.0,0.0,0.0,0.0
66,53.04058703936289,3.0,53.04005317262828,53.041270736856376,12.752961626648403,0.00600306141888705,0.0,0.0,0.0,0.0,0.0
67,53.13244811667355,3.0,53.13093885933458,53.13333642488418,25.06906623157683,0.007838395207987603,0.0,0.0,0.0,0.0,0.0
68,53.14041454996851,3.0,53.13909434529515,53.141745570064536,27.71718403291192,0.0030346940737758584,0.0,0.0,0.0,0.0,0.0
69,53.17193224931463,4.0,53.17084558245213,53.172477165386454,9.962174408952404,0.004213806414828965,0.0,0.0,0.0,0.0,0.0
70,53.19449815254677,5.0,53.19103354625259,53.19480798055006,42.43554001222258,0.018561728290555846,0.0,0.0,0.0,0.0,0.0
71,53.22027864305278,3.0,53.21876087986326,53.22209534177416,34.80776287951305,0.002881578915515715,0.0,0.0,0.0,0.0,0.0
72,53.2469192245554,3.0,53.24691612091295,53.24740774268482,5.129371061733441,0.005173766155670062,0.0,0.0,0.0,0.0,0.0
73,53.25669105753013,6.0,53.25591421408638,53.2582547177999,18.668485579902963,0.0071210744301799175,0.0,0.0,0.0,0.0,0.0
74,53.27033934022204,6.0,53.2684009045092,53.2736645340096,66.57773181017711,0.010901907796809187,0.0,0.0,0.0,0.0,0.0
75,53.37474781375438,3.0,53.37381482183698,53.37517037695529,14.109409555689309,0.014915549485551037,0.0,0.0,0.0,0.0,0.0
76,53.3993060428158,4.0,53.39737290596948,53.400664964954736,23.820781561929234,0.006029155011484072,0.0,0.0,0.0,0.0,0.0
77,53.66651469287176,3.0,53.665738910337836,53.66776826080846,21.007828337146393,0.0015983238295983872,0.0,0.0,0.0,0.0,0.0
78,53.80408601974774,5.0,53.80202533062272,53.80666627878756,57.913149326097425,0.027899268774193655,0.0,0.0,0.0,0.0,0.0
79,53.814833749794175,3.0,53.81303133649566,53.815085077830744,21.201726900932282,0.0058979576275421134,0.0,0.0,0.0,0.0,0.0
80,53.86977998541119,3.0,53.86959720643681,53.87003278489515,4.492092458509696,0.007951424412032471,0.0,0.0,0.0,0.0,0.0
81,53.9059066315243,3.0,53.90417946350333,53.90617090113902,20.523803627120596,0.030200543118634116,0.0,0.0,0.0,0.0,0.0
82,53.91787816187549,3.0,53.916739458837185,53.91981387702184,31.677991805513948,0.009858825225275624,0.0,0.0,0.0,0.0,0.0
83,54.052487393000376,3.0,54.052012039069155,54.05410097000603,21.470190237767834,0.007145012505411796,0.0,0.0,0.0,0.0,0.0
84,54.15967717818907,3.0,54.15907244117045,54.16029623979486,12.553400612700601,0.015364119545226004,0.0,0.0,0.0,0.0,0.0
85,54.194430517078445,3.0,54.19430214398837,54.19474069933729,4.495699247737323,0.017398660166056,0.0,0.0,0.0,0.0,0.0
86,54.2404110608403,4.0,54.238703182305954,54.24209253561465,43.82781654081087,0.007788003012168331,0.0,0.0,0.0,0.0,0.0
87,54.28001215174746,3.0,54.27992948484864,54.281092009305105,11.898429912865279,0.008503167498391554,0.0,0.0,0.0,0.0,0.0
88,54.338722092504966,3.0,54.338560407787014,54.34024822779324,17.256161814800986,0.006515376626343706,0.0,0.0,0.0,0.0,0.0
89,54.42164463282716,3.0,54.419955173940124,54.42171477642564,17.962649658853813,0.013974047696255203,0.0,0.0,0.0,0.0,0.0
90,54.52507341017685,3.0,54.524995938596945,54.52669778736969,17.340124116961565,0.01052607184175787,0.0,0.0,0.0,0.0,0.0
91,54.55889428734408,3.0,54.5573301320225,54.558955960405,16.55528401134688,0.0035047794100418316,0.0,0.0,0.0,0.0,0.0
92,54.59713583981806,5.0,54.59660561188841,54.599365373666735,19.08921985139815,0.033484821470276635,0.0,0.0,0.0,0.0,0.0
93,54.66716692115529,4.0,54.6656369216482,54.668124743565414,19.725575697924036,0.03311977271762087,0.0,0.0,0.0,0.0,0.0
94,54.76343597539925,3.0,54.76211081494131,54.76447131777712,23.946460644410493,0.01942395362734929,0.0,0.0,0.0,0.0,0.0
95,54.7792392752887,3.0,54.77758105198884,54.77978447507071,22.346493864566877,0.010408783204620636,0.0,0.0,0.0,0.0,0.0
96,54.81029427619782,3.0,54.80866172877956,54.811304848289275,26.79058280952307,0.01331697196242622,0.0,0.0,0.0,0.0,0.0
97,54.86775306075985,4.0,54.86698363809647,54.86897254169084,28.90208550477193,0.006390541915764381,0.0,0.0,0.0,0.0,0.0
98,54.90737020109554,3.0,54.90629218382728,54.907887142564874,16.13787337299075,0.0028035499850317504,0.0,0.0,0.0,0.0,0.0
99,54.9199466252209,3.0,54.919910233863945,54.920933710050775,10.353212566790702,0.023617429778641976,0.0,0.0,0.0,0.0,0.0
100,54.9339196557858,3.0,54.932201932305404,54.935716156536955,35.53991427409092,0.014332075938395257,0.0,0.0,0.0,0.0,0.0
101,54.94620094299082,4.0,54.94557149034385,54.9483776596082,27.64116577849284,0.006654674153284255,0.0,0.0,0.0,0.0,0.0
102,54.98432135255876,3.0,54.98302064621876,54.98480530031868,18.03194939162077,0.004658611018062079,0.0,0.0,0.0,0.0,0.0
103,54.98927155919385,3.0,54.988642676248524,54.990900368747496,22.809424001761283,0.011991157955533493,0.0,0.0,0.0,0.0,0.0
104,55.054201129642166,2045.0,55.05409896885285,55.054420354076406,2.4360513591430406,4.530217846941454,0.0,8.18916828552272,6.124094270839345,0.0,7.199857518404597
105,55.06959587011619,3.0,55.06940932827061,55.07137084898245,19.788300814252402,0.009641006022413906,0.0,0.0,0.0,0.0,0.0
106,55.09174535513997,3.0,55.09064060586951,55.09214696461121,15.190405789813983,0.01035053404349591,0.0,0.0,0.0,0.0,0.0
107,55.09807521174466,3.0,55.09756627412467,55.09853110636073,9.72843256068273,0.007820151456457779,0.0,0.0,0.0,0.0,0.0
108,55.15024934303485,5.0,55.14922571776607,55.151105994827866,25.928899625743814,0.002833753736393111,0.0,0.0,0.0,0.0,0.0
109,55.17632557082706,3.0,55.175858247222344,55.177676180362525,18.304278967453794,0.003147063428848256,0.0,0.0,0.0,0.0,0.0
110,55.283795138324635,6.0,55.28312010892587,55.2855565882642,19.664102027738533,0.019321670559382415,0.0,0.0,0.0,0.0,0.0
111,55.29115606869713,3.0,55.29049124456463,55.29293443660429,24.54875259329009,0.01181065757743768,0.0,0.0,0.0,0.0,0.0
112,55.39581559811026,3.0,55.39459237069282,55.39728794271101,27.033449980607863,0.00106917857461513,0.0,0.0,0.0,0.0,0.0
113,55.45270483515521,3.0,55.45266180634169,55.45457133384522,19.1306919334737,0.024371408198811763,0.0,0.0,0.0,0.0,0.0
114,55.47587739041065,3.0,55.47389810085239,55.477061341438436,31.677838437142007,0.005715546339472982,0.0,0.0,0.0,0.0,0.0
115,55.483151043261245,3.0,55.48259997840109,55.48392405296525,13.258024576000723,0.017581927411304436,0.0,0.0,0.0,0.0,0.0
116,55.50980350858024,4.0,55.509301643338716,55.51133707364224,15.689178785488371,0.005683363812936873,0.0,0.0,0.0,0.0,0.0
117,55.55207094736714,3.0,55.551824720690014,55.55307912916487,12.544871599918977,0.017772368852928787,0.0,0.0,0.0,0.0,0.0
118,55.61334121944373,3.0,55.61301399845899,55.613450964182015,4.365116889162967,0.010081847902576812,0.0,0.0,0.0,0.0,0.0
119,55.647639193403776,3.0,55.646062998230086,55.64823922899674,21.72629621146239,0.009556773101182442,0.0,0.0,0.0,0.0,0.0
120,55.686686399296725,5.0,55.68523014680713,55.688385926449484,34.75902214142655,0.011654313993038835,0.0,0.0,0.0,0.0,0.0
121,55.72829077939988,4.0,55.726365631564704,55.72953471179128,36.891321425234345,0.010878620842111572,0.0,0.0,0.0,0.0,0.0
122,55.74209425938186,3.0,55.740745650540696,55.743940270234134,31.83929025556862,0.007310144159243017,0.0,0.0,0.0,0.0,0.0
123,55.79055471831336,3.0,55.78885345231437,55.79247543966054,36.06730928695315,0.014037101604708335,0.0,0.0,0.0,0.0,0.0
124,55.80798763536172,8.0,55.80430687352551,55.80986604376072,57.54240517095807,0.05251284891146077,0.0,0.0,0.0,0.0,0.0
125,55.86073980153191,3.0,55.860615490172904,55.86255261386548,19.265405954805345,0.003246522139082252,0.0,0.0,0.0,0.0,0.0
126,55.8992260365302,3.0,55.89901554103272,55.89984798165405,8.273227460216395,0.010659452802413321,0.0,0.0,0.0,0.0,0.0
127,55.91719476621612,5.0,55.91665484875456,55.91781915438411,5.467349187653024,0.01796029480419917,0.0,0.0,0.0,0.0,0.0
128,55.98913906177407,4.0,55.98785828225957,55.99021785054735,31.075733546313415,0.005937237355848015,0.0,0.0,0.0,0.0,0.0
129,56.01905289956548,3.0,56.018105807716516,56.0203906577028,22.65945312877695,0.00553826584635948,0.0,0.0,0.0,0.0,0.0
130,56.03106294236325,3.0,56.03103531419564,56.03189883011977,8.56187699771835,0.00890138632889781,0.0,0.0,0.0,0.0,0.0
131,56.04325278624838,3.0,56.041415233948676,56.0435609026366,21.269967403624836,0.004541765908544539,0.0,0.0,0.0,0.0,0.0
132,56.05760484382621,28.0,56.05728545116197,56.05784003108398,4.051439149547952,0.015546807397025094,0.0,0.0,0.0,0.0,0.0
133,56.087044553566734,5.0,56.086557039865184,56.08902292887972,22.873709811442165,0.01368551337924499,0.0,0.0,0.0,0.0,0.0
134,56.19684734921372,3.0,56.195095360085354,56.19705257499571,19.348801011957814,0.018799432552437215,0.0,0.0,0.0,0.0,0.0
135,56.21509247052475,4.0,56.212750679143824,56.21736813741304,45.76315839763889,0.006557358029364492,0.0,0.0,0.0,0.0,0.0
136,56.3361900205999,4.0,56.333465376262964,56.33783221298023,49.929167978238105,0.026924422093716614,0.0,0.0,0.0,0.0,0.0
137,56.40981193332674,4.0,56.40794481726484,56.41191164571609,47.40617950466592,0.023692620153146656,0.0,0.0,0.0,0.0,0.0
138,56.50191854333069,3.0,56.50117200917309,56.50381812079937,26.01791324089374,0.012283778764726945,0.0,0.0,0.0,0.0,0.0
139,56.527412192527464,4.0,56.52640792770842,56.52836503417798,23.007749404152662,0.010101880083127871,0.0,0.0,0.0,0.0,0.0
140,56.55855986587749,5.0,56.5558363794109,56.55981464646043,26.78048186380123,0.011468604923193714,0.0,0.0,0.0,0.0,0.0
141,56.56463018844764,3.0,56.56319484602713,56.564742279323134,15.19828135684271,0.00857199916668615,0.0,0.0,0.0,0.0,0.0
142,56.58714904253078,4.0,56.58537085344848,56.5889340059531,19.66023242589643,0.007650257732479449,0.0,0.0,0.0,0.0,0.0
143,56.628619426522505,3.0,56.62859193131588,56.62998028959544,13.620500784214924,0.010503746545405144,0.0,0.0,0.0,0.0,0.0
144,56.65112581456462,3.0,56.64929463797914,56.652901610073506,35.37217234339896,0.006617422020192326,0.0,0.0,0.0,0.0,0.0
145,56.66614687196995,4.0,56.66580409459542,56.66693063126846,13.457605362165182,0.011002114075174542,0.0,0.0,0.0,0.0,0.0
146,56.68480475542155,5.0,56.68386282358687,56.68546624298526,17.110784397552997,0.02390247034451638,0.0,0.0,0.0,0.0,0.0
147,56.69143565601778,3.0,56.69142101817632,56.69149804748877,0.7548593889907741,0.008005638252878927,0.0,0.0,0.0,0.0,0.0
148,56.730485025378144,5.0,56.72807920825166,56.732727395534965,29.922254908260115,0.036737885273717304,0.0,0.0,0.0,0.0,0.0
149,56.822064138662526,3.0,56.82196788331235,56.82348876963407,14.869872437964789,0.01126656806507805,0.0,0.0,0.0,0.0,0.0
150,56.91900779889756,4.0,56.917918098744096,56.919802357907706,19.322204271475226,0.004583088193011347,0.0,0.0,0.0,0.0,0.0
151,56.92760764841452,5.0,56.92444496038563,56.92895807222602,40.85956486015281,0.02512669362250889,0.0,0.0,0.0,0.0,0.0
152,56.964604956505404,12.0,56.96106036559452,56.96482032830241,41.46011559190255,0.019504874190565864,0.0,0.0,0.0,0.0,0.0
153,57.033433043439885,284.0,57.03322663088856,57.03369337492786,2.4698025834827093,0.06976730215144132,0.0,0.0,0.0,0.0,0.0
154,57.051374541451366,4.0,57.05054857443333,57.05191714189745,19.40860467338701,0.014324122411362673,0.0,0.0,0.0,0.0,0.0
155,57.06984293976049,85.0,57.06963310930248,57.07044006806645,4.439943762583103,0.07320034170239126,0.0,0.0,0.0,0.0,0.0
156,57.08827471310039,3.0,57.0878412047539,57.08869922904765,8.349878597389392,0.0047976379194298166,0.0,0.0,0.0,0.0,0.0
157,57.14531463464751,3.0,57.14358325348108,57.14679735046163,31.246821284572196,0.011137533483844154,0.0,0.0,0.0,0.0,0.0
158,57.15111275146752,3.0,57.150993333374906,57.15225738205722,12.287586962765642,0.010456366844643267,0.0,0.0,0.0,0.0,0.0
159,57.22631118709597,3.0,57.22538484161847,57.22717617237031,17.390318026427785,0.0013088166506635363,0.0,0.0,0.0,0.0,0.0
160,57.23500949171248,4.0,57.233223931524776,57.235225073296284,13.93436503874733,0.013228125706657075,0.0,0.0,0.0,0.0,0.0
161,57.26629137208846,3.0,57.265762326707616,57.268201959447644,23.66752743650053,0.0037321341232743276,0.0,0.0,0.0,0.0,0.0
162,57.31152475672887,3.0,57.310837320782,57.31342216107453,25.056433079264924,0.013306778975689774,0.0,0.0,0.0,0.0,0.0
163,57.354480339771385,3.0,57.35335008500458,57.35493302175862,15.332879011192015,0.012581502096234409,0.0,0.0,0.0,0.0,0.0
164,57.48389804987987,3.0,57.483854657155845,57.48400186464398,1.4226929737310918,0.013995882429218428,0.0,0.0,0.0,0.0,0.0
165,57.52747388206342,3.0,57.526571647135086,57.52755126700693,9.460406053089494,0.01579267364389212,0.0,0.0,0.0,0.0,0.0
166,57.53691980400569,5.0,57.53501462109676,57.537604916539436,11.429641055334697,0.00868233592813907,0.0,0.0,0.0,0.0,0.0
167,57.551536490970136,3.0,57.55106217143179,57.55195538369874,8.622342120687437,0.009379464380964302,0.0,0.0,0.0,0.0,0.0
168,57.56780355262911,3.0,57.5663106474131,57.56875316779094,23.571435450595242,0.003721431266075763,0.0,0.0,0.0,0.0,0.0
169,57.59539850393792,3.0,57.59456396282473,57.59717582779751,25.193611532818174,0.014364808011971378,0.0,0.0,0.0,0.0,0.0
170,57.60975295214149,3.0,57.60791833645207,57.61062178318494,26.070496307150837,0.0036798815421831338,0.0,0.0,0.0,0.0,0.0
171,57.65960335359177,4.0,57.658393499008625,57.66104336764444,14.902401204912708,0.012952174436682682,0.0,0.0,0.0,0.0,0.0
172,57.74331833167004,3.0,57.7422950063705,57.743370412009796,10.346609697063956,0.004769540447441391,0.0,0.0,0.0,0.0,0.0
173,57.76173665810085,3.0,57.760933552107616,57.76271326169815,17.117344586656813,0.006358549839687807,0.0,0.0,0.0,0.0,0.0
174,57.84769681314515,4.0,57.84501464600498,57.84942222535099,44.38322824025555,0.018064904095027524,0.0,0.0,0.0,0.0,0.0
175,57.97683473989749,5.0,57.97483457123291,57.97873472382035,29.982120447284977,0.008773282020416885,0.0,0.0,0.0,0.0,0.0
176,58.00985552214887,4.0,58.00740323801218,58.01223823128543,38.60626463594473,0.011333639268658477,0.0,0.0,0.0,0.0,0.0
177,58.06508567305625,27.0,58.06385500426619,58.06544675525727,3.2503132032051183,0.07260608352296781,0.0,0.0,0.0,0.0,0.0
178,58.29582080009574,3.0,58.29509789263856,58.297824195939455,25.98150131788397,0.013406027406951217,0.0,0.0,0.0,0.0,0.0
179,58.40556769861277,3.0,58.40452058644755,58.406989132817316,23.4808889615449,0.012417364362620541,0.0,0.0,0.0,0.0,0.0
180,58.47086385260919,3.0,58.46949291566833,58.47172475734469,21.205639197456296,0.016194360683090454,0.0,0.0,0.0,0.0,0.0
181,58.51222591706774,3.0,58.510412304238145,58.513812989937996,32.28846285778095,0.011816864812321692,0.0,0.0,0.0,0.0,0.0
182,58.58230395055655,3.0,58.58134990213519,58.58266166055214,12.439843211088235,0.004137380638777807,0.0,0.0,0.0,0.0,0.0
183,58.625440475581,3.0,58.62535147499019,58.626528202976864,11.151093536776312,0.01316171159145301,0.0,0.0,0.0,0.0,0.0
184,58.670582390412704,3.0,58.669211121848456,58.671644122675545,23.03824286529142,0.012750496768326049,0.0,0.0,0.0,0.0,0.0
185,58.84159563932039,3.0,58.84066356388663,58.84365532131184,28.246811467129966,0.00822316984766562,0.0,0.0,0.0,0.0,0.0
186,58.87354915322055,4.0,58.87102417147471,58.87511044178299,37.34655897839944,0.006911758297058606,0.0,0.0,0.0,0.0,0.0
187,58.90745260018106,7.0,58.90429790381481,58.91032711294908,63.15987212867128,0.025515907686841244,0.0,0.0,0.0,0.0,0.0
188,58.94672949915926,3.0,58.945059883230066,58.94817160883455,29.32709688261912,0.0026346922258880506,0.0,0.0,0.0,0.0,0.0
189,59.01988819141708,6.0,59.01682816947581,59.02353608976462,74.1482011921148,0.027888862480878244,0.0,0.0,0.0,0.0,0.0
190,59.03120904293865,14.0,59.03085763461761,59.031711766356864,4.240770552949694,0.01630288939291762,0.0,0.0,0.0,0.0,0.0
191,59.039570827399906,4.0,59.0383206569169,59.04087571477549,28.571114381875077,0.019040900921202492,0.0,0.0,0.0,0.0,0.0
192,59.045970008186885,11.0,59.04476205039184,59.04603270577082,2.8814358314254225,0.006198357249889792,0.0,0.0,0.0,0.0,0.0
193,59.04911813635409,1694.0,59.048977269745635,59.04928506969214,2.0537355460837503,2.097250232955536,0.0,4.498713467337929,2.8250400095207864,0.0,3.792024751362471
194,59.09834605323193,3.0,59.09666166656768,59.09872030769069,19.35230999116361,0.004547491800671761,0.0,0.0,0.0,0.0,0.0
195,59.20785127047928,3.0,59.207514572249025,59.20793206213847,3.917366067026464,0.015872617404071334,0.0,0.0,0.0,0.0,0.0
196,59.24875952079031,4.0,59.24702156582838,59.24951742678179,19.543464970808433,0.01514509672981284,0.0,0.0,0.0,0.0,0.0
197,59.26909879517151,3.0,59.267896539019425,59.26956309625475,15.621380273366661,0.011467294601810799,0.0,0.0,0.0,0.0,0.0
198,59.31875956927655,3.0,59.3175907795056,59.31902968588486,13.476216271573577,0.019214999875383203,0.0,0.0,0.0,0.0,0.0
199,59.36736772191314,4.0,59.36601831403295,59.368056688652835,21.315576933762657,0.02053086536606272,0.0,0.0,0.0,0.0,0.0
200,59.480840607552985,4.0,59.48075937755251,59.481501305839686,4.5471889223829765,0.009634091538843413,0.0,0.0,0.0,0.0,0.0
201,59.49553909428848,3.0,59.49368292304042,59.49647355410822,26.058266162951888,0.009574326588778194,0.0,0.0,0.0,0.0,0.0
202,59.5851143385886,3.0,59.58422488509984,59.587107551285015,26.877203002218067,0.008339255739908406,0.0,0.0,0.0,0.0,0.0
203,59.59112329894831,3.0,59.590062475044434,59.59196622272926,17.748240746727053,0.002724155716464936,0.0,0.0,0.0,0.0,0.0
204,59.67791061435377,5.0,59.67562465079996,59.678924732816036,25.946504853812296,0.006500748487584599,0.0,0.0,0.0,0.0,0.0
205,59.80112861415091,4.0,59.79860176959337,59.80262679357957,43.867690916307104,0.02306795607845181,0.0,0.0,0.0,0.0,0.0
206,59.893410121362024,4.0,59.89289547379231,59.894052548114765,17.030617792224604,0.014200131532144012,0.0,0.0,0.0,0.0,0.0
207,59.92165696887178,3.0,59.92006381935989,59.9231780441027,28.873114406990148,0.004299290844070962,0.0,0.0,0.0,0.0,0.0
208,60.01430628641597,6.0,60.01133270204818,60.017795286510946,65.38340506206812,0.006511439619886003,0.0,0.0,0.0,0.0,0.0
209,60.04417894960938,7.0,60.04149859612185,60.04482995958168,23.040109046740575,0.005150280378952996,0.0,0.0,0.0,0.0,0.0
210,60.05242553672207,11.0,60.051407621755445,60.052680131451964,2.420200935376962,0.009578453961129663,0.0,0.0,0.0,0.0,0.0
211,60.14826577497791,4.0,60.14710350664205,60.149137846295034,17.362825172773928,0.023645381600096757,0.0,0.0,0.0,0.0,0.0
212,60.21696696828159,4.0,60.21528357426472,60.219517908298485,37.0892502118577,0.01923474309360937,0.0,0.0,0.0,0.0,0.0
213,60.22806408849229,3.0,60.22619299639121,60.22950493996795,30.550021515505737,0.003682559079138621,0.0,0.0,0.0,0.0,0.0
214,60.30347537182179,3.0,60.301928666551326,60.30543713398201,32.3223257130898,0.006019608815229327,0.0,0.0,0.0,0.0,0.0
215,60.35967104731001,4.0,60.357621615219905,60.360820692052236,29.79869006820592,0.007842517568888326,0.0,0.0,0.0,0.0,0.0
216,60.45265442311353,3.0,60.45061941570621,60.45387845308961,29.950319657406325,0.004374399133028289,0.0,0.0,0.0,0.0,0.0
217,60.49149795534485,4.0,60.49067555214472,60.493136712017126,24.221040973753226,0.00956820571005442,0.0,0.0,0.0,0.0,0.0
218,60.50742938620688,3.0,60.50700192896289,60.50834764959433,12.355880601885096,0.021237621649404223,0.0,0.0,0.0,0.0,0.0
219,60.55360271145231,4.0,60.55270676379721,60.553984186158736,12.157225769133342,0.006089810566380302,0.0,0.0,0.0,0.0,0.0
220,60.68354981300219,3.0,60.682065816907,60.6843009424052,20.462487638182722,0.007849160761525928,0.0,0.0,0.0,0.0,0.0
221,60.72652635290632,3.0,60.725516318642676,60.72779953717526,20.887984485530545,0.02047781583961301,0.0,0.0,0.0,0.0,0.0
222,60.81607081125927,3.0,60.81493930354112,60.81620143538838,11.52958996250967,0.011229490954835825,0.0,0.0,0.0,0.0,0.0
223,60.82667570305267,3.0,60.82587893465508,60.827804756868815,17.58934246345496,0.010459250458278007,0.0,0.0,0.0,0.0,0.0
224,60.95292087456369,4.0,60.95196914411487,60.95353969041899,9.62705535554789,0.011060891656409158,0.0,0.0,0.0,0.0,0.0
225,60.98976369212917,3.0,60.98964633371251,60.99014643018805,4.555377140043781,0.0015736037358208828,0.0,0.0,0.0,0.0,0.0
226,60.99386232938445,4.0,60.99311304049978,60.99600064719915,20.88353390065175,0.008312682036988114,0.0,0.0,0.0,0.0,0.0
227,61.07778778214004,5.0,61.074618062448565,61.08009893145003,68.86245329444586,0.012431573927394345,0.0,0.0,0.0,0.0,0.0
228,61.141166905095574,4.0,61.13830944200554,61.143400222371795,44.57403318299849,0.004173372783442177,0.0,0.0,0.0,0.0,0.0
229,61.20285417084085,3.0,61.20086474199538,61.204286313791314,31.058571462262066,0.003451340673177757,0.0,0.0,0.0,0.0,0.0
230,61.23480398940403,4.0,61.232255130640574,61.23655404512684,41.64415270805574,0.006989234102547759,0.0,0.0,0.0,0.0,0.0
231,61.2546275491972,3.0,61.253938858886244,61.256121313591194,19.794012054136417,0.006471429327131222,0.0,0.0,0.0,0.0,0.0
232,61.27681608045016,4.0,61.275612853342906,61.27839053715179,19.4923357894515,0.014304120520926134,0.0,0.0,0.0,0.0,0.0
233,61.38898916562196,5.0,61.38658747226526,61.392091897531685,55.44558100839357,0.007079067224592667,0.0,0.0,0.0,0.0,0.0
234,61.45687671005905,4.0,61.455579114788954,61.458106787039306,20.484269702666197,0.003788004900135365,0.0,0.0,0.0,0.0,0.0
235,61.54422767772339,3.0,61.54370843387224,61.54624735162632,22.91863780893409,0.00544984789691035,0.0,0.0,0.0,0.0,0.0
236,61.55874543066777,3.0,61.558681644901846,61.55883319520781,1.3677116683795891,0.024379371478495046,0.0,0.0,0.0,0.0,0.0
237,61.56492077373589,4.0,61.5628516110655,61.566212932015546,43.21519942057143,0.008802478541928185,0.0,0.0,0.0,0.0,0.0
238,61.57013321823025,5.0,61.56967406714223,61.5716561703837,2.7177597745512396,0.017138489952231453,0.0,0.0,0.0,0.0,0.0
239,61.63691138311778,3.0,61.63553805406205,61.63728391332363,15.736054747414807,0.007943035223034951,0.0,0.0,0.0,0.0,0.0
240,61.81902337128567,3.0,61.81804643162736,61.82006701222137,18.15856532885679,0.01485639892840662,0.0,0.0,0.0,0.0,0.0
241,62.02698281511614,3.0,62.025853677051764,62.02859779950335,24.578214253108634,0.007707095556130062,0.0,0.0,0.0,0.0,0.0
242,62.03518119889269,3.0,62.034751134004296,62.03531809778452,5.077439475777957,0.009341551602292145,0.0,0.0,0.0,0.0,0.0
243,62.059968566680574,47.0,62.059740337404286,62.06030456229239,3.3768951744598827,0.0312882208394064,0.0,0.0,0.0,0.0,0.0
244,62.08237575984738,3.0,62.08214344093117,62.08418749901599,18.29162964527223,0.017357074033856026,0.0,0.0,0.0,0.0,0.0
245,62.302889187857886,4.0,62.30191090545681,62.30418089174675,10.942224158177732,0.008213564606729479,0.0,0.0,0.0,0.0,0.0
246,62.48394006855849,3.0,62.48350260279774,62.48513775741976,14.538443533797878,0.009581889311118393,0.0,0.0,0.0,0.0,0.0
247,62.50346330470164,4.0,62.50152214125516,62.50479606461975,26.989283295820716,0.006336559742758672,0.0,0.0,0.0,0.0,0.0
248,62.5833242866918,3.0,62.58330442456702,62.58383700053064,4.72770564240055,0.007859721450411902,0.0,0.0,0.0,0.0,0.0
249,62.62420513921632,5.0,62.62268417652302,62.626488490157726,12.07137435545347,0.011591717849736428,0.0,0.0,0.0,0.0,0.0
250,62.64905780070619,3.0,62.64865457855638,62.65089347391567,19.853941923939754,0.008364088075693223,0.0,0.0,0.0,0.0,0.0
251,62.69576375064209,4.0,62.69330685283472,62.69794146924407,36.0070756029473,0.005637794690457574,0.0,0.0,0.0,0.0,0.0
252,62.73243720743746,3.0,62.73164235024177,62.73258873219435,8.381114696726929,0.005607137143775471,0.0,0.0,0.0,0.0,0.0
253,62.75225307279457,3.0,62.751335943436864,62.75315220543058,16.07965278608054,0.022604903082689587,0.0,0.0,0.0,0.0,0.0
254,62.77284562675282,3.0,62.77262186645392,62.77487922452797,19.97818971563178,0.007099889748508314,0.0,0.0,0.0,0.0,0.0
255,62.7996544671509,5.0,62.79874323420036,62.80234297922726,29.735133176550868,0.015794771614786048,0.0,0.0,0.0,0.0,0.0
256,62.88630796850804,3.0,62.8861657538468,62.88707959582612,8.073140321276943,0.012318486372777545,0.0,0.0,0.0,0.0,0.0
257,62.94857133214414,5.0,62.9459438929095,62.9529719631801,57.553125729282904,0.03474083890417817,0.0,0.0,0.0,0.0,0.0
258,62.96529480515032,3.0,62.96339714676808,62.965565938406854,19.135688119793244,0.001948639806796357,0.0,0.0,0.0,0.0,0.0
259,63.01400729038748,3.0,63.01301563942241,63.01568643935366,23.54679226702813,0.01363194143044669,0.0,0.0,0.0,0.0,0.0
260,63.04520035837552,3.0,63.044029027648634,63.04524331373298,10.70031305099666,0.012072943773836707,0.0,0.0,0.0,0.0,0.0
261,63.054443006512656,3.0,63.05386637006536,63.055873264494046,17.68220122341807,0.006148583485504865,0.0,0.0,0.0,0.0,0.0
262,63.0780930858948,4.0,63.07749226620349,63.07997486188564,19.96020209712412,0.012449524673117086,0.0,0.0,0.0,0.0,0.0
263,63.240531469610886,3.0,63.23989240129198,63.242596000560546,23.750584613041738,0.00736607092007763,0.0,0.0,0.0,0.0,0.0
264,63.2918710055213,4.0,63.2909524110981,63.29270248404783,10.285551577326746,0.013201653308063402,0.0,0.0,0.0,0.0,0.0
265,63.29658470139412,3.0,63.29609008587088,63.29726581239008,10.319378251416387,0.007696962234168494,0.0,0.0,0.0,0.0,0.0
266,63.41358671436881,4.0,63.41108344291636,63.41418823549217,27.6271227800055,0.0072753584110401845,0.0,0.0,0.0,0.0,0.0
267,63.609809818257546,3.0,63.608278649145596,63.61096358048708,23.449661731582033,0.005009561839573079,0.0,0.0,0.0,0.0,0.0
268,63.71282402499156,3.0,63.71253958635874,63.71483937291862,20.053407135655032,0.012059791723442731,0.0,0.0,0.0,0.0,0.0
269,63.72445322713841,3.0,63.724065823852925,63.72564587544021,13.77503286299159,0.0051777893778222886,0.0,0.0,0.0,0.0,0.0
270,63.745798624979074,5.0,63.742734589272956,63.749321121675514,49.67891268305802,0.008045993370609385,0.0,0.0,0.0,0.0,0.0
271,63.78858081486933,3.0,63.78816371714334,63.7898323664279,14.532810864648013,0.010437286222143802,0.0,0.0,0.0,0.0,0.0
272,64.00679351401944,4.0,64.00470422064411,64.0088169726296,38.11031793487886,0.017660874347743643,0.0,0.0,0.0,0.0,0.0
273,64.02025183898999,4.0,64.01932933084974,64.02231335565988,31.26222179813439,0.005449882222666562,0.0,0.0,0.0,0.0,0.0
274,64.06489536912393,3.0,64.06394063670729,64.06607909120488,18.54416946430827,0.005296648304542827,0.0,0.0,0.0,0.0,0.0
275,64.07543544222574,3.0,64.0752376712316,64.0764090058802,10.155864988744847,0.010740139235780311,0.0,0.0,0.0,0.0,0.0
276,64.11337118864407,4.0,64.11162690189624,64.11508874348831,23.807443255434606,0.012968209071735263,0.0,0.0,0.0,0.0,0.0
277,64.19815243363048,3.0,64.19684568849644,64.19864470238942,15.568238724727351,0.002271576118564914,0.0,0.0,0.0,0.0,0.0
278,64.29448797642692,5.0,64.29143659213287,64.29657050072953,65.14542979747975,0.004157449657964342,0.0,0.0,0.0,0.0,0.0
279,64.39017926999783,8.0,64.38594181924563,64.3938405276772,75.59734689711335,0.023164498691422054,0.0,0.0,0.0,0.0,0.0
280,64.55293368889595,3.0,64.55277070573796,64.55407873852636,11.257193761934515,0.004244753098527798,0.0,0.0,0.0,0.0,0.0
281,64.65572589036583,5.0,64.65511007187811,64.6577590141873,15.65924076600503,0.008672962028044675,0.0,0.0,0.0,0.0,0.0
282,64.66587512136812,3.0,64.66522333809209,64.66632285159382,9.4461079070179,0.005909964178708612,0.0,0.0,0.0,0.0,0.0
283,64.68085877058236,3.0,64.6808052917579,64.68092572979536,1.0344640144197337,0.010850817174721831,0.0,0.0,0.0,0.0,0.0
284,64.75002027304703,3.0,64.7479469373292,64.75012696110446,18.7046168398801,0.005411701881933672,0.0,0.0,0.0,0.0,0.0
285,64.99291540403553,3.0,64.9922172876586,64.99312512766424,7.760162096961781,0.012415720474104332,0.0,0.0,0.0,0.0,0.0
286,65.01069585662094,5.0,65.01054436787246,65.01286615196585,18.430247413377135,0.006127519011178194,0.0,0.0,0.0,0.0,0.0
287,65.1959630520073,3.0,65.19520354009583,65.19731754631052,18.014119924970363,0.0159184851924969,0.0,0.0,0.0,0.0,0.0
288,65.21845569660954,3.0,65.21656851537934,65.21880609147709,19.06052234463585,0.002895661038408762,0.0,0.0,0.0,0.0,0.0
289,65.22632929524818,6.0,65.22244824979532,65.22943876177504,61.476968833485465,0.008573043846934065,0.0,0.0,0.0,0.0,0.0
290,65.23402556088988,3.0,65.23398176120409,65.23627446259981,19.52543916549711,0.0019650791581713694,0.0,0.0,0.0,0.0,0.0
291,65.27603485299058,4.0,65.27540421582538,65.27697742423165,17.111991177880018,0.015369109764480408,0.0,0.0,0.0,0.0,0.0
292,65.33987521468393,4.0,65.33701085458941,65.3409261760131,36.055522483065374,0.017837308552774964,0.0,0.0,0.0,0.0,0.0
293,65.36730871620858,4.0,65.36553972216325,65.36772683306167,18.296788187476025,0.0064119892502500775,0.0,0.0,0.0,0.0,0.0
294,65.46644157808521,3.0,65.46541541821907,65.46657162634949,9.8117116915763,0.005458211956312047,0.0,0.0,0.0,0.0,0.0
295,65.50634358095078,3.0,65.50627175805143,65.50667727937898,3.439203199453306,0.016268975927980458,0.0,0.0,0.0,0.0,0.0
296,65.6132339024899,7.0,65.60892522855859,65.61744525452855,51.740582214455884,0.009296705700309363,0.0,0.0,0.0,0.0,0.0
297,65.7239753003181,5.0,65.72265833328008,65.72572403806157,29.685264293785075,0.020064395992191016,0.0,0.0,0.0,0.0,0.0
298,65.7971258751665,4.0,65.79555228396336,65.79864207373228,19.934765884081553,0.007816138835776037,0.0,0.0,0.0,0.0,0.0
299,65.86040837930618,3.0,65.85917296545196,65.8624860604476,27.947113845606573,0.012704944883832343,0.0,0.0,0.0,0.0,0.0
300,65.92735530387316,4.0,65.9260510115695,65.92893732896567,13.705170004524275,0.00652668904413146,0.0,0.0,0.0,0.0,0.0
301,66.05362804157424,4.0,66.0524393490261,66.05606012586371,34.27668618195851,0.01657233861135126,0.0,0.0,0.0,0.0,0.0
302,66.11533397161762,3.0,66.11345785258074,66.11589530262668,20.48146523775525,0.011778501012624742,0.0,0.0,0.0,0.0,0.0
303,66.17095517680116,3.0,66.1700159075026,66.17241111017664,20.10955031070288,0.010450857582516525,0.0,0.0,0.0,0.0,0.0
304,66.2217773651446,3.0,66.22091227773524,66.22239309004429,12.423005508849128,0.004347533016638621,0.0,0.0,0.0,0.0,0.0
305,66.47546276289779,4.0,66.4749673601428,66.47573329385347,4.027526952030448,0.012701590152699232,0.0,0.0,0.0,0.0,0.0
306,66.5228539627529,4.0,66.52179835039739,66.52434436466771,19.091300363392847,0.023658678352382858,0.0,0.0,0.0,0.0,0.0
307,66.54871232705439,3.0,66.54792050549804,66.54979889206501,15.680965961055948,0.005293572571686176,0.0,0.0,0.0,0.0,0.0
308,66.67970912462526,4.0,66.67914115904685,66.68034207698503,5.395354974231488,0.00433978989628905,0.0,0.0,0.0,0.0,0.0
309,66.75081146915028,3.0,66.74988602816848,66.7515719321896,14.03149002178514,0.016281116728679646,0.0,0.0,0.0,0.0,0.0
310,66.79121580489237,3.0,66.78960174260367,66.79170987116282,17.534978495955766,0.01944387164781012,0.0,0.0,0.0,0.0,0.0
311,66.90022889738069,3.0,66.90007942091488,66.90234487110683,18.812842059296422,0.0029426890379845366,0.0,0.0,0.0,0.0,0.0
312,66.91564130148286,3.0,66.91560183123846,66.91571349433784,0.9270635983118569,0.01385401808245445,0.0,0.0,0.0,0.0,0.0
313,66.93483424312342,3.0,66.9347743354572,66.93537673579462,4.999890683227048,0.010533089534218196,0.0,0.0,0.0,0.0,0.0
314,67.00974327089814,4.0,67.00700553936889,67.01137038191632,29.502628266952055,0.012918473177239926,0.0,0.0,0.0,0.0,0.0
315,67.03288833696647,3.0,67.03106466017258,67.03357617905705,20.814980582923727,0.0070391314019746,0.0,0.0,0.0,0.0,0.0
316,67.05418339203008,243.0,67.05393367441597,67.05455337412003,3.856378261697971,0.0675870577267231,0.0,0.0,0.0,0.0,0.0
317,67.09682198034025,3.0,67.09539820067491,67.09863421268739,26.793883798195797,0.00795243318808489,0.0,0.0,0.0,0.0,0.0
318,67.1940647884245,3.0,67.19389912520641,67.19435302527364,3.7528121688965355,0.011053010726110223,0.0,0.0,0.0,0.0,0.0
319,67.1996431962896,3.0,67.19877525484614,67.2017017545844,24.19407470930947,0.019784299274393277,0.0,0.0,0.0,0.0,0.0
320,67.21098912531916,4.0,67.20872855019789,67.21298774566283,41.58454981696087,0.0047726753377258235,0.0,0.0,0.0,0.0,0.0
321,67.25810054444653,3.0,67.255730834434,67.25983267675574,33.881439877140934,0.006260961805392201,0.0,0.0,0.0,0.0,0.0
322,67.26632356311693,4.0,67.26499804516013,67.26863354219681,40.49196303138406,0.015899385766761715,0.0,0.0,0.0,0.0,0.0
323,67.28812648027082,3.0,67.28749728992307,67.28971064637446,18.27428607858544,0.008036628266969494,0.0,0.0,0.0,0.0,0.0
324,67.34930262159747,4.0,67.347245109981,67.3495890373585,15.602832528265054,0.00732689082009107,0.0,0.0,0.0,0.0,0.0
325,67.48777004747916,3.0,67.48564690988636,67.48916078065743,28.92598802726433,0.007206277122120151,0.0,0.0,0.0,0.0,0.0
326,67.62011005055535,5.0,67.61760956129316,67.62313696056046,54.379266596055,0.009248079462031272,0.0,0.0,0.0,0.0,0.0
327,67.73608084944719,6.0,67.73289138561171,67.73941515396237,55.869612428618,0.012367108243559362,0.0,0.0,0.0,0.0,0.0
328,67.80778413312018,3.0,67.80613791848329,67.8080089260598,15.32934112068354,0.022510521209084415,0.0,0.0,0.0,0.0,0.0
329,67.81917082546225,4.0,67.81745127847778,67.82114946412553,25.964442555281032,0.01731710269093093,0.0,0.0,0.0,0.0,0.0
330,67.92651284830306,4.0,67.92547015911722,67.92795680213962,20.218148494536234,0.007291839073782796,0.0,0.0,0.0,0.0,0.0
331,68.13276010922607,3.0,68.13199061814429,68.13368835495652,13.843371623279182,0.0032066680154255816,0.0,0.0,0.0,0.0,0.0
332,68.14214063223153,4.0,68.14135192787045,68.14427483181157,22.170343320750842,0.016752925546139788,0.0,0.0,0.0,0.0,0.0
333,68.15139424486799,7.0,68.14986038098974,68.15565476568771,48.483182562583615,0.010190163804180525,0.0,0.0,0.0,0.0,0.0
334,68.16220638524351,4.0,68.15928600309257,68.16468254574093,48.255732726553546,0.012845519372817438,0.0,0.0,0.0,0.0,0.0
335,68.41940594171788,3.0,68.41701589657646,68.41950219063503,20.188343613510504,0.012393616554613079,0.0,0.0,0.0,0.0,0.0
336,68.43433489568936,4.0,68.4332503099551,68.43584424401963,22.79679987119224,0.007356708504818303,0.0,0.0,0.0,0.0,0.0
337,68.45531533047414,4.0,68.45423265032382,68.45617269862755,20.882500230490717,0.011789658176798546,0.0,0.0,0.0,0.0,0.0
338,68.58959277422531,3.0,68.58856124673306,68.59152342840596,23.992801508100122,0.01715353746000784,0.0,0.0,0.0,0.0,0.0
339,68.7686273959275,3.0,68.76699881333501,68.77063334684027,29.362012259986447,0.01077792707279763,0.0,0.0,0.0,0.0,0.0
340,68.81000116880995,3.0,68.80872443080833,68.81060341755668,15.170491340254113,0.0029380672536921232,0.0,0.0,0.0,0.0,0.0
341,68.99587468614706,3.0,68.9947417906895,68.99729822035673,20.584400306174594,0.008836757706428429,0.0,0.0,0.0,0.0,0.0
342,69.02069928602653,3.0,69.019595275739,69.02316301809996,28.717169051217116,0.00623877137437516,0.0,0.0,0.0,0.0,0.0
343,69.06981178998535,43.0,69.06461412084762,69.07043233071217,4.979862674476741,0.029931996719217487,0.0,0.0,0.0,0.0,0.0
344,69.14438290248562,4.0,69.1424638675122,69.14600733886542,20.900101888625578,0.005054022424705788,0.0,0.0,0.0,0.0,0.0
345,69.15654581158854,3.0,69.1559696115758,69.15729711108568,10.664207112496566,0.012598732323132968,0.0,0.0,0.0,0.0,0.0
346,69.2702758090038,3.0,69.26882269384066,69.27220857727387,27.1551734104582,0.010656307616941339,0.0,0.0,0.0,0.0,0.0
347,69.29903910081154,3.0,69.29744924793307,69.30133598533698,31.159141392612234,0.003185597121016953,0.0,0.0,0.0,0.0,0.0
348,69.36616565908096,3.0,69.36598384611851,69.36822713291338,17.966546510920367,0.014003244958121632,0.0,0.0,0.0,0.0,0.0
349,69.42875059262255,4.0,69.42730170459143,69.4317663451867,34.02643327867671,0.00635510776499112,0.0,0.0,0.0,0.0,0.0
350,69.44725794623113,4.0,69.44705291712226,69.44873892628652,8.13353086815871,0.010253108680587588,0.0,0.0,0.0,0.0,0.0
351,69.6775129083114,3.0,69.6767668631418,69.67812107004234,10.79741706570359,0.007692385151736657,0.0,0.0,0.0,0.0,0.0
352,69.70475158341958,4.0,69.70356028213236,69.70553533377114,22.776956244625097,0.01705758394907226,0.0,0.0,0.0,0.0,0.0
353,69.71068927875393,4.0,69.71028769009229,69.71106904368003,9.226220121338097,0.01109664508886456,0.0,0.0,0.0,0.0,0.0
354,70.02884956027125,5.0,70.02820359117189,70.0315116087445,13.204814187664445,0.006926742329655006,0.0,0.0,0.0,0.0,0.0
355,70.23775445511978,4.0,70.23619427133741,70.23818696785244,15.353720815659107,0.008450004199778628,0.0,0.0,0.0,0.0,0.0
356,70.3499448324046,6.0,70.34655049448057,70.35460003923953,64.59115819293281,0.006485715836240523,0.0,0.0,0.0,0.0,0.0
357,70.39009035051868,4.0,70.38938359794105,70.39106181731626,16.9349687454713,0.02474884843092605,0.0,0.0,0.0,0.0,0.0
358,70.44372757896426,3.0,70.44329387510456,70.44575340737453,19.397139583673805,0.001754901118787274,0.0,0.0,0.0,0.0,0.0
359,70.45762136134402,3.0,70.45573396255263,70.4590025795124,25.772915348178696,0.01365161152769214,0.0,0.0,0.0,0.0,0.0
360,70.49395771011044,3.0,70.4939347523109,70.49401070477641,0.5985734883523831,0.017841551402606657,0.0,0.0,0.0,0.0,0.0
361,70.61247709024991,4.0,70.61027464972366,70.61489168773556,39.593111813466365,0.0049899045240751625,0.0,0.0,0.0,0.0,0.0
362,70.72017867039499,6.0,70.7151327187691,70.72408862302342,81.04906476202805,0.011223199746065986,0.0,0.0,0.0,0.0,0.0
363,70.81717636126334,3.0,70.81588496989801,70.81957186809109,28.923445965775887,0.012502464645778685,0.0,0.0,0.0,0.0,0.0
364,70.93254889125208,4.0,70.93051677378942,70.93432985813669,28.70381100289389,0.009847996261187902,0.0,0.0,0.0,0.0,0.0
365,71.04920839598817,8.0,71.04711436924455,71.04961352616543,6.362628179766932,0.0034456422178005854,0.0,0.0,0.0,0.0,0.0
366,71.06025673735488,5.0,71.0588310712848,71.06044309114682,0.9286343858679251,0.004621277760268638,0.0,0.0,0.0,0.0,0.0
367,71.08551464792536,22.0,71.08500607497628,71.08607194009369,2.931376930324149,0.0194751559501826,0.0,0.0,0.0,0.0,0.0
368,71.12300593214366,6.0,71.12005663969703,71.12496673528351,28.929797970765627,0.0046370349752208155,0.0,0.0,0.0,0.0,0.0
369,71.16448829510932,7.0,71.15907156472711,71.16825061176536,71.40584361895716,0.012295749132574415,0.0,0.0,0.0,0.0,0.0
370,71.24638716592659,8.0,71.24211001664523,71.24961858743823,83.06874898353003,0.04064270061837976,0.0,0.0,0.0,0.0,0.0
371,71.26200898593277,3.0,71.26025482574596,71.2626175098792,18.41938383341841,0.01400140668472253,0.0,0.0,0.0,0.0,0.0
372,71.44026509576415,5.0,71.43643416528451,71.44212595837564,38.50680575545588,0.008867971456461786,0.0,0.0,0.0,0.0,0.0
373,71.62338228702663,4.0,71.6199304678694,71.62477035628582,45.49664590660502,0.01012432044635317,0.0,0.0,0.0,0.0,0.0
374,71.69580008154198,4.0,71.69527661013272,71.69637801265404,9.102513885244491,0.022798677444080827,0.0,0.0,0.0,0.0,0.0
375,71.84451717032624,5.0,71.84167250739651,71.84743589651715,54.238957543781154,0.0226567534344122,0.0,0.0,0.0,0.0,0.0
376,71.89258990601721,3.0,71.89150136600215,71.89509793097375,27.792734320768965,0.01411423133528922,0.0,0.0,0.0,0.0,0.0
377,71.92199169482183,3.0,71.92188634889919,71.92437315165989,19.209104986090555,0.00940628820234604,0.0,0.0,0.0,0.0,0.0
378,72.02271037795688,3.0,72.02098857072767,72.02272179720312,13.36944406028652,0.016812054257948926,0.0,0.0,0.0,0.0,0.0
379,72.08082238524125,27.0,72.08045671478912,72.08118785024597,3.684446417078471,0.03674941952078194,0.0,0.0,0.0,0.0,0.0
380,72.34053174428146,3.0,72.33890375835931,72.34094836281355,15.702004617220974,0.002810272315653513,0.0,0.0,0.0,0.0,0.0
381,72.39137163172056,4.0,72.38929045627957,72.39449602802459,46.85311668283474,0.008220672859446944,0.0,0.0,0.0,0.0,0.0
382,72.40168857447665,3.0,72.39973690903152,72.4031335192003,26.063006077291607,0.0033438529030807977,0.0,0.0,0.0,0.0,0.0
383,72.44611586010348,4.0,72.44512146027678,72.44674153871166,18.518636854112586,0.024267547695237562,0.0,0.0,0.0,0.0,0.0
384,72.45720889255878,3.0,72.45652574176731,72.45744563959545,7.053188451130527,0.00210975381169098,0.0,0.0,0.0,0.0,0.0
385,72.4899793421704,4.0,72.4865702888517,72.49264213733437,43.60271870502878,0.02069423789735611,0.0,0.0,0.0,0.0,0.0
386,72.59442126216767,4.0,72.5942214556961,72.59506038581962,4.674624437444104,0.013453671482057556,0.0,0.0,0.0,0.0,0.0
387,72.63399834789129,3.0,72.63262343696704,72.63536307878809,20.954694337870873,0.002257261614014247,0.0,0.0,0.0,0.0,0.0
388,72.68804797958242,3.0,72.68544573974344,72.69020329531408,36.36204990508238,0.011157987419980413,0.0,0.0,0.0,0.0,0.0
389,72.74183428936985,5.0,72.73971158040084,72.74611288650985,50.73582757165919,0.015834049218308627,0.0,0.0,0.0,0.0,0.0
390,72.76041597283395,5.0,72.7574716202634,72.76277961959619,62.62630144180818,0.00745406696986024,0.0,0.0,0.0,0.0,0.0
391,72.87613899539286,4.0,72.87548760259298,72.87795626524017,21.866121677030655,0.004650289491880137,0.0,0.0,0.0,0.0,0.0
392,72.89318052457287,3.0,72.89188204566075,72.89424381492428,18.00023028001302,0.0026961132401285334,0.0,0.0,0.0,0.0,0.0
393,73.00986627323765,4.0,73.00795881628517,73.0102626296979,13.30132946193316,0.014392931254725773,0.0,0.0,0.0,0.0,0.0
394,73.04674711765608,46.0,73.04645327476666,73.04723914081353,4.689805251304582,0.052894236897894444,0.0,0.0,0.0,0.0,0.0
395,73.06459099079805,5.0,73.06404171631883,73.06594708666522,6.627172426545139,0.006883747974049221,0.0,0.0,0.0,0.0,0.0
396,73.1284140426115,3.0,73.12698894874836,73.13098065068941,30.32490473780301,0.007510377633474251,0.0,0.0,0.0,0.0,0.0
397,73.1535267509874,3.0,73.15301659544056,73.154269838045,9.517598429912471,0.034609568369481605,0.0,0.0,0.0,0.0,0.0
398,73.20021969079963,3.0,73.19808026748656,73.20271089155885,35.14427880026195,0.01927463988491202,0.0,0.0,0.0,0.0,0.0
399,73.20718008152716,3.0,73.20670454920403,73.2077478656879,7.91753306407355,0.01131622999633157,0.0,0.0,0.0,0.0,0.0
400,73.22169739347993,3.0,73.22162128228089,73.22302528407991,10.652593796942844,0.005393612403425744,0.0,0.0,0.0,0.0,0.0
401,73.23700255740609,4.0,73.2360596897103,73.23780660621735,11.336876252869933,0.010192740086688,0.0,0.0,0.0,0.0,0.0
402,73.34363194128673,3.0,73.34140761128617,73.34507715997866,27.79570780079195,0.00968558411009245,0.0,0.0,0.0,0.0,0.0
403,73.36003446902714,6.0,73.35885777826302,73.36148641251415,14.249674518420571,0.014574791151740991,0.0,0.0,0.0,0.0,0.0
404,73.41319564494701,3.0,73.41261821286284,73.41438715905798,13.386529186614016,0.009891848227418681,0.0,0.0,0.0,0.0,0.0
405,73.55509446773037,4.0,73.55460566605758,73.55612141575322,14.661385571187685,0.010521514558008122,0.0,0.0,0.0,0.0,0.0
406,73.59661976427127,3.0,73.59484362447907,73.59824069303232,25.643301464129056,0.004426462441909533,0.0,0.0,0.0,0.0,0.0
407,73.62795402292018,4.0,73.62525726797732,73.62878341606695,29.18676060856724,0.007666948391349225,0.0,0.0,0.0,0.0,0.0
408,73.66251629846367,3.0,73.66210005778484,73.66497906135501,21.71316577592861,0.002045233442056937,0.0,0.0,0.0,0.0,0.0
409,73.71258211851614,5.0,73.71180834552194,73.71535223360983,31.575641614603214,0.002210240866275435,0.0,0.0,0.0,0.0,0.0
410,73.78656697660475,3.0,73.7849315708019,73.78682227636375,14.235544786097666,0.011355877316959142,0.0,0.0,0.0,0.0,0.0
411,73.90815666322143,6.0,73.9047549677876,73.91264631099519,53.73687267480716,0.02277089658132567,0.0,0.0,0.0,0.0,0.0
412,73.94141869173606,3.0,73.94099852660112,73.94146870306963,3.532649951736831,0.010318073201550986,0.0,0.0,0.0,0.0,0.0
413,73.96530320635225,3.0,73.96380262454377,73.96575089469205,14.63351406232806,0.00437521602846416,0.0,0.0,0.0,0.0,0.0
414,74.01485139823734,3.0,74.01425367357629,74.01523211531665,7.344184773342897,0.012276773312089354,0.0,0.0,0.0,0.0,0.0
415,74.06002538525078,20.0,74.05618651132112,74.060363926948,2.824950578468131,0.03896787232165166,0.0,0.0,0.0,0.0,0.0
416,74.1862903430823,3.0,74.18518191375136,74.18747290728811,17.1564608662878,0.003072176118040568,0.0,0.0,0.0,0.0,0.0
417,74.26956435845013,3.0,74.2692519214869,74.2702474710142,7.446968021409899,0.006586909036601145,0.0,0.0,0.0,0.0,0.0
418,74.30273312822303,3.0,74.30122926573085,74.30321941630181,14.880195647637871,0.005215389204329055,0.0,0.0,0.0,0.0,0.0
419,74.38099585795905,3.0,74.37958444250177,74.38151666670993,14.431883857485381,0.0016689882470939926,0.0,0.0,0.0,0.0,0.0
420,74.59556959202686,3.0,74.59496809227497,74.59575051372342,5.82713671678733,0.0069844173480665996,0.0,0.0,0.0,0.0,0.0
421,74.7289945926917,5.0,74.72542818123426,74.73133547669184,32.706623522060646,0.01661127835487167,0.0,0.0,0.0,0.0,0.0
422,74.84012139028775,3.0,74.8400394522219,74.84120126965666,8.624439918460546,0.008714968955010957,0.0,0.0,0.0,0.0,0.0
423,74.8470372237015,3.0,74.84645784598675,74.84958168389227,23.18682966532412,0.005029056713025306,0.0,0.0,0.0,0.0,0.0
424,74.86945602558123,3.0,74.8688666228647,74.87088438295683,14.972431862976695,0.002704641903174203,0.0,0.0,0.0,0.0,0.0
425,74.90498448557918,3.0,74.90307975653938,74.90506972449833,14.759201441120783,0.003033392469516777,0.0,0.0,0.0,0.0,0.0
426,74.9566850911703,6.0,74.95592899882759,74.95861793821234,10.223099152827185,0.01653818622927386,0.0,0.0,0.0,0.0,0.0
427,75.02610598264977,38.0,75.02564120955155,75.02655917332153,3.322819350086847,0.035696351061221536,0.0,0.0,0.0,0.0,0.0
428,75.11161829718245,4.0,75.10902678679486,75.11486717417169,47.146217036384904,0.007571667446111188,0.0,0.0,0.0,0.0,0.0
429,75.23145854808041,3.0,75.229605904309,75.23149294894084,13.93510306766881,0.004112098731806948,0.0,0.0,0.0,0.0,0.0
430,75.46260800291577,3.0,75.45992168843573,75.46274735803951,20.802573461110413,0.005778996485769392,0.0,0.0,0.0,0.0,0.0
431,75.61007923507609,5.0,75.60803466946922,75.61266527361542,5.909899907908944,0.004854110054669655,0.0,0.0,0.0,0.0,0.0
432,75.66881058761177,4.0,75.66806063169255,75.66965215617836,14.635743906961936,0.01692612961335561,0.0,0.0,0.0,0.0,0.0
433,75.7665679200381,3.0,75.76594262648086,75.7684940506526,18.708223324810103,0.0063048809644391905,0.0,0.0,0.0,0.0,0.0
434,75.79976224491008,3.0,75.79770029113493,75.8011236653663,25.09077227491215,0.011500690325463673,0.0,0.0,0.0,0.0,0.0
435,75.81955244725373,3.0,75.81760400382781,75.82113020513007,25.83767194947561,0.009285427943791785,0.0,0.0,0.0,0.0,0.0
436,75.8912085143348,3.0,75.88899200609742,75.89258181293296,26.278895407105676,0.005174917448070538,0.0,0.0,0.0,0.0,0.0
437,75.99093173976415,4.0,75.99002899500164,75.99264255732079,16.566671542427734,0.004116041672717643,0.0,0.0,0.0,0.0,0.0
438,76.11301593415845,3.0,76.11232613505325,76.11306279847402,5.376970692356814,0.008271514314420417,0.0,0.0,0.0,0.0,0.0
439,76.13237614654557,3.0,76.13085286599923,76.1343703973092,25.668239453471173,0.002797276825353132,0.0,0.0,0.0,0.0,0.0
440,76.30244404432588,3.0,76.30121832187329,76.30245685813124,9.01774127262605,0.00726894306321023,0.0,0.0,0.0,0.0,0.0
441,76.43149926906125,3.0,76.43012557076098,76.43294242845117,20.474816717835413,0.010550767272194667,0.0,0.0,0.0,0.0,0.0
442,76.44179527408582,3.0,76.44101353787399,76.44419157433812,23.09699565633886,0.012603511388569447,0.0,0.0,0.0,0.0,0.0
443,76.45472319764792,3.0,76.45401957136669,76.45712818129348,22.588604636175706,0.005456682502069384,0.0,0.0,0.0,0.0,0.0
444,76.54461561442585,4.0,76.54240393582337,76.54644025622125,42.40984417938204,0.008469615636553409,0.0,0.0,0.0,0.0,0.0
445,76.77857529662802,3.0,76.77755430631115,76.78124940878398,26.73707735781981,0.004143662492991422,0.0,0.0,0.0,0.0,0.0
446,76.79536889558977,4.0,76.79321373958368,76.79735700744895,30.92060263417979,0.0077880558026463395,0.0,0.0,0.0,0.0,0.0
447,76.88161960232486,4.0,76.87966969933004,76.88322329176512,22.60773606352549,0.003984633276070666,0.0,0.0,0.0,0.0,0.0
448,76.90161951868811,3.0,76.90054505581837,76.90427757797048,26.964626113300085,0.0017948890210418096,0.0,0.0,0.0,0.0,0.0
449,77.04166967906144,101.0,77.04142359441065,77.04226756994926,3.3935130470261297,0.10445490088790478,0.0,0.0,0.0,0.0,0.0
450,77.22543731760963,6.0,77.22185004469496,77.22873815044716,51.33056463556071,0.022390129511716896,0.0,0.0,0.0,0.0,0.0
451,77.24921949146352,7.0,77.24545920924804,77.25334916640426,46.6314592700754,0.04588617098855672,0.0,0.0,0.0,0.0,0.0
452,77.27015880741118,3.0,77.2700996861933,77.2709669177728,6.235205535770171,0.015853858457855093,0.0,0.0,0.0,0.0,0.0
453,77.40258716766019,5.0,77.40052365088823,77.40460291836246,3.293040352739271,0.012696945967619395,0.0,0.0,0.0,0.0,0.0
454,77.44116061108325,4.0,77.44090331514515,77.4416649764567,6.724459467563738,0.009129937037307726,0.0,0.0,0.0,0.0,0.0
455,77.52227130608284,5.0,77.52085838221093,77.52429320915641,22.439557811093067,0.010397887288279372,0.0,0.0,0.0,0.0,0.0
456,77.60696158147861,4.0,77.60369928118128,77.6082103073528,37.56933989903568,0.007787452440133276,0.0,0.0,0.0,0.0,0.0
457,77.71936994792321,3.0,77.71771452776089,77.72000696841856,16.386881983336327,0.009567900812229227,0.0,0.0,0.0,0.0,0.0
458,77.78327289829618,4.0,77.7810168043265,77.78526624886403,30.600458165209844,0.018323180375364716,0.0,0.0,0.0,0.0,0.0
459,78.11113147706024,3.0,78.10935443698263,78.11351690821199,29.605050811407466,0.010712239778534487,0.0,0.0,0.0,0.0,0.0
460,78.33486496277018,5.0,78.33226541328155,78.33986919420907,46.1131436906933,0.011461255989236849,0.0,0.0,0.0,0.0,0.0
461,78.35482418635672,3.0,78.35258638202068,78.35493680527766,16.66509639813975,0.01103789095765683,0.0,0.0,0.0,0.0,0.0
462,78.45408677181717,3.0,78.45281276313446,78.45416900352042,9.603921377413968,0.01442338582167839,0.0,0.0,0.0,0.0,0.0
463,78.55451053548902,4.0,78.5526502047545,78.55651125716764,27.74016647256137,0.01262026804751256,0.0,0.0,0.0,0.0,0.0
464,78.63340142340813,3.0,78.63129382768379,78.63358903252174,16.215930835838208,0.014927085105812941,0.0,0.0,0.0,0.0,0.0
465,78.70800516365628,4.0,78.70617098607252,78.70876654838051,16.534967928192984,0.008951576372735498,0.0,0.0,0.0,0.0,0.0
466,78.75743663794461,4.0,78.75555627905585,78.75798017651674,14.746185903263887,0.010050729737668265,0.0,0.0,0.0,0.0,0.0
467,79.05419555426055,19.0,79.05383618778218,79.05482821625412,3.6402123417228163,0.00493308471186628,0.0,0.0,0.0,0.0,0.0
468,79.11164440161873,3.0,79.1112687148215,79.11407761780796,19.725309351682526,0.008049560643607115,0.0,0.0,0.0,0.0,0.0
469,79.26997839000694,4.0,79.26815965286465,79.27202151347558,30.86442882583695,0.02385744610575657,0.0,0.0,0.0,0.0,0.0
470,79.33411301053596,3.0,79.33306760754625,79.33564764818853,18.067333937144127,0.009235884064709276,0.0,0.0,0.0,0.0,0.0
471,79.44549352051789,3.0,79.44443009959384,79.44631927138332,13.210817083921865,0.00435083241291551,0.0,0.0,0.0,0.0,0.0
472,79.75847448524712,5.0,79.75602388229787,79.76079185813306,40.6467797186931,0.020836545596680366,0.0,0.0,0.0,0.0,0.0
473,80.05878068181491,4.0,80.05544975948874,80.06097697579175,37.030412141164085,0.014828941259133145,0.0,0.0,0.0,0.0,0.0
474,80.12116246335319,4.0,80.11834040522955,80.12210173153173,21.6105011209572,0.007859422239087173,0.0,0.0,0.0,0.0,0.0
475,80.12762033659651,5.0,80.12609282366324,80.13067081419123,9.708189886753226,0.025108736008742166,0.0,0.0,0.0,0.0,0.0
476,80.51726369894712,3.0,80.51698366432481,80.51809375312169,7.659425692461423,0.007500974472300258,0.0,0.0,0.0,0.0,0.0
477,80.55027035525984,5.0,80.54889920513742,80.55358649486642,30.041538470815155,0.013980176009213847,0.0,0.0,0.0,0.0,0.0
478,80.95988358059313,3.0,80.95908316722348,80.96170550987907,17.994801455262603,0.003457050557343359,0.0,0.0,0.0,0.0,0.0
479,81.00484771442028,3.0,81.00445722432524,81.00513995683053,4.682384412590483,0.003237980011944017,0.0,0.0,0.0,0.0,0.0
480,81.06985592505862,397.0,81.06942308775142,81.07023418843735,4.3891590577652915,0.123159667400214,0.0,0.5905874621671657,0.0,0.0,0.0
481,81.33021890663392,4.0,81.32876631895533,81.3327830129933,15.804208796380992,0.009736103410226104,0.0,0.0,0.0,0.0,0.0
482,81.57830907233469,3.0,81.57746331532147,81.58000241571501,17.29149998065138,0.0055624114186519505,0.0,0.0,0.0,0.0,0.0
483,81.66958296835205,3.0,81.6679406700128,81.67013798732503,14.94720305610238,0.0039683598246319455,0.0,0.0,0.0,0.0,0.0
484,81.71308817741306,3.0,81.71096934313086,81.7157544976575,32.533578656336495,0.0147774557891893,0.0,0.0,0.0,0.0,0.0
485,81.7755021666258,3.0,81.77365450691964,81.77801608258638,29.63109401276104,0.023786389966427245,0.0,0.0,0.0,0.0,0.0
486,81.8345304955499,3.0,81.83238060773384,81.83699653551919,31.336457967924876,0.0067023186539762955,0.0,0.0,0.0,0.0,0.0
487,82.94051735921431,3.0,82.93846025382419,82.94133211159203,19.236394810241624,0.018657316968523147,0.0,0.0,0.0,0.0,0.0
488,83.04274015857371,37.0,83.04262530401927,83.04380625728632,5.700476481427298,0.023060836362079885,0.0,0.0,0.0,0.0,0.0
489,83.04905081022336,2368.0,83.04890039398198,83.04936682167431,1.7076179494391428,9.018514266632033,0.0,13.781989992398746,11.138982779569853,6.017823871338543,12.414264770926714
490,83.08548009246095,52.0,83.08511641694724,83.08591273737221,3.6648012084730324,0.032551221193437126,0.0,0.0,0.0,0.0,0.0
491,83.19003072894155,3.0,83.18838733081913,83.19066442541849,15.206780717746401,0.018965651476708558,0.0,0.0,0.0,0.0,0.0
492,83.32907779709859,6.0,83.32517236490794,83.33197240137658,52.239112453949495,0.0075693214545164665,0.0,0.0,0.0,0.0,0.0
493,83.33839178226498,3.0,83.33747590655868,83.34012520173911,17.660895828582206,0.00557743151705715,0.0,0.0,0.0,0.0,0.0
494,83.37511255768916,3.0,83.37352682294839,83.37680565985468,21.84795921904465,0.004005114982673536,0.0,0.0,0.0,0.0,0.0
495,83.69539693744868,3.0,83.69359359458731,83.69780818796968,27.975741243308303,0.010110678082011933,0.0,0.0,0.0,0.0,0.0
496,83.85697890760066,3.0,83.85465810580804,83.85898572246118,28.67061877609079,0.005761075113465048,0.0,0.0,0.0,0.0,0.0
497,84.04452087019163,25.0,84.0420992315573,84.04484160737458,3.4466185272731193,0.029224964895873298,0.0,0.0,0.0,0.0,0.0
498,84.05237846148353,108.0,84.05193362089636,84.0529142929357,4.541565403952605,0.038414684223609136,0.0,0.0,0.0,0.0,0.0
499,84.08078330410805,8.0,84.0801823510825,84.08104939136228,2.2341803068675996,0.005111011502316743,0.0,0.0,0.0,0.0,0.0
500,84.18175095406166,6.0,84.1787741173841,84.18488733655933,45.425083754264165,0.009935276385646619,0.0,0.0,0.0,0.0,0.0
501,84.44821451632245,4.0,84.4476174807189,84.44940105950937,13.677432567827008,0.004377008136360101,0.0,0.0,0.0,0.0,0.0
502,84.48227559892642,3.0,84.48225545083957,84.4828457336563,3.8817005800325926,0.005374623282151437,0.0,0.0,0.0,0.0,0.0
503,84.64047229192548,4.0,84.63933314869419,84.64255060002678,17.965821140677548,0.016191671521525872,0.0,0.0,0.0,0.0,0.0
504,84.6760436949703,3.0,84.67562592746164,84.67669429612492,7.009516745966231,0.003626700599868318,0.0,0.0,0.0,0.0,0.0
505,84.95971875106704,49.0,84.95944035096804,84.96006246047706,2.372222315627668,0.08106562676380512,0.0,0.0,0.0,0.0,0.0
506,85.01005253018707,3.0,85.00908782503424,85.01215100117125,20.018391589123635,0.010774959922334125,0.0,0.0,0.0,0.0,0.0
507,85.0283872956069,1615.0,85.028148559152,85.02863582692959,2.197624887170535,1.7756825894230754,0.0,3.8755701118014225,2.201572778314291,0.0,3.3254792537147866
508,85.03504412120402,5.0,85.03406380476325,85.03857683593048,41.29528609879202,0.0147853970885088,0.0,0.0,0.0,0.0,0.0
509,85.06473686550896,686.0,85.06430797017278,85.06512970145685,3.85422184540268,0.21795326495468328,0.0,0.9347638100880579,0.0,0.0,0.0
510,85.0755916237649,3.0,85.07530930919647,85.07638085328624,6.997333321188739,0.003693369615657151,0.0,0.0,0.0,0.0,0.0
511,85.10119120534866,10.0,85.09906553448221,85.10297015356127,9.499718187689218,0.009770086578933801,0.0,0.0,0.0,0.0,0.0
512,85.26140404977818,4.0,85.26075648596256,85.26229519275736,10.366529383725561,0.01832899300234183,0.0,0.0,0.0,0.0,0.0
513,85.43146472631972,4.0,85.42801444029182,85.43494456205926,46.08932448380297,0.0025368359202456482,0.0,0.0,0.0,0.0,0.0
514,85.70396021028407,3.0,85.70349172713873,85.7053483242341,12.034949472981346,0.006933785509683234,0.0,0.0,0.0,0.0,0.0
515,85.74536101850723,3.0,85.74468980244401,85.7458685867825,7.637499921539972,0.008729872592245632,0.0,0.0,0.0,0.0,0.0
516,85.77041359715369,3.0,85.76952099485501,85.77206947999132,16.50714991739041,0.010852391102205247,0.0,0.0,0.0,0.0,0.0
517,85.7942424285231,5.0,85.79135264434451,85.79629725322964,35.051874222350875,0.02577534359817465,0.0,0.0,0.0,0.0,0.0
518,86.03166203589738,10.0,86.03085304354227,86.03197030410755,3.5563984346723916,0.0023596754854918467,0.0,0.0,0.0,0.0,0.0
519,86.05995419222597,19.0,86.0593584785394,86.06017610778073,3.381875278717029,0.011537924633408836,0.0,0.0,0.0,0.0,0.0
520,86.09643953505031,103.0,86.09585333990965,86.09670142367874,3.1486340298308115,0.24825074372054912,0.0,0.0,0.0,0.0,0.0
521,86.18820738150848,4.0,86.18443521322669,86.19089948822989,45.057494080512996,0.008910286273529376,0.0,0.0,0.0,0.0,0.0
522,86.69740829454264,3.0,86.69640054474303,86.69911823831424,17.414935365280787,0.013760180670004736,0.0,0.0,0.0,0.0,0.0
523,87.04398680159795,95.0,87.04346930471554,87.04444355479527,5.99366402199321,0.025007913836559727,0.0,0.0,0.0,0.0,0.0
524,87.36506583360348,3.0,87.3650514413005,87.36605062935676,6.353849452593092,0.005582741595247711,0.0,0.0,0.0,0.0,0.0
525,87.4781633113094,4.0,87.47645401024006,87.479787729243,13.238441304832923,0.008564726861998464,0.0,0.0,0.0,0.0,0.0
526,87.546852634525,3.0,87.54418526546971,87.54795666402308,23.932572736513308,0.02041718369559911,0.0,0.0,0.0,0.0,0.0
527,87.56065596270332,3.0,87.55995820432186,87.56116405657092,7.650901067106264,0.01817038810200223,0.0,0.0,0.0,0.0,0.0
528,87.6212406726644,4.0,87.61974323433384,87.62323993202003,18.1152703020338,0.014227288270195771,0.0,0.0,0.0,0.0,0.0
529,87.63455090720373,3.0,87.63275463907829,87.63536816581092,16.56834297517672,0.004389527761134911,0.0,0.0,0.0,0.0,0.0
530,87.78542507420174,4.0,87.7835184594574,87.78810040258789,32.30764323582865,0.0050363817237511635,0.0,0.0,0.0,0.0,0.0
531,87.87893750272734,3.0,87.8783616087671,87.88097995966109,16.5527648248755,0.006762786348175448,0.0,0.0,0.0,0.0,0.0
532,88.02090468233477,7.0,88.01614189741778,88.02378212834537,43.106995234068854,0.01577589981728245,0.0,0.0,0.0,0.0,0.0
533,88.07562393141123,12.0,88.07480750160327,88.07609310424836,2.764389546552386,0.010934661386755603,0.0,0.0,0.0,0.0,0.0
534,88.40076193498768,7.0,88.39740797642148,88.40463309698784,42.14246354598012,0.03139975133252435,0.0,0.0,0.0,0.0,0.0
535,88.70823530597968,3.0,88.7060103812065,88.7083820458713,14.85309087609501,0.002621479355351759,0.0,0.0,0.0,0.0,0.0
536,89.19662364601714,4.0,89.19385059876358,89.1992963315506,36.53586837599542,0.01877090666658718,0.0,0.0,0.0,0.0,0.0
537,89.54328008318312,3.0,89.54283062010835,89.54384082473548,6.26763719539259,0.005716788829663189,0.0,0.0,0.0,0.0,0.0
538,89.59103747580727,3.0,89.58984302643618,89.5913237101658,9.181745129673693,0.004511511885439316,0.0,0.0,0.0,0.0,0.0
539,89.76292638801793,3.0,89.76289280838049,89.76418797376866,8.015963334854415,0.0026065464316840947,0.0,0.0,0.0,0.0,0.0
540,89.92879572877486,3.0,89.92746986336809,89.93122683886597,23.20956922664639,0.003124753401934968,0.0,0.0,0.0,0.0,0.0
541,89.95409672131314,3.0,89.95375198677559,89.95491837073291,7.203575056711496,0.008310634138493613,0.0,0.0,0.0,0.0,0.0
542,90.32293313365916,3.0,90.32277555567738,90.32364023201406,5.318424966189485,0.01382658541371052,0.0,0.0,0.0,0.0,0.0
543,90.61005173259866,3.0,90.60907813003877,90.61202039267766,18.039834694755143,0.017012545007816977,0.0,0.0,0.0,0.0,0.0
544,90.8896387017402,3.0,90.88859947758941,90.89226827848216,22.42524832656517,0.012711446456140392,0.0,0.0,0.0,0.0,0.0
545,90.94774208114612,3.0,90.94771608116883,90.94778440361002,0.41734858831862964,0.0026056926660552454,0.0,0.0,0.0,0.0,0.0
546,91.03266713176416,3.0,91.03220843726761,91.03447998793533,13.862854214117778,0.013841683567287487,0.0,0.0,0.0,0.0,0.0
547,91.0573208152104,326.0,91.05695089330119,91.0577954513446,3.4720451439620783,0.343662177368696,0.0,0.6637175515582586,0.0,0.0,0.0
548,91.06794876928284,5.0,91.06524821939969,91.07203127641448,50.09901175089586,0.029275217080473558,0.0,0.0,0.0,0.0,0.0
549,91.2198895681603,3.0,91.21732100757774,91.22090608200675,21.834141934939257,0.0067343042170461215,0.0,0.0,0.0,0.0,0.0
550,91.241942015299,3.0,91.23992531771599,91.2438190358442,23.708140030013837,0.029285619167388744,0.0,0.0,0.0,0.0,0.0
551,91.4265465633948,3.0,91.4256937416754,91.42747826330672,10.843687567257783,0.0015232510758202665,0.0,0.0,0.0,0.0,0.0
552,91.4449556773994,3.0,91.44349810428933,91.44561166160159,12.840495116484423,0.00804553599042135,0.0,0.0,0.0,0.0,0.0
553,91.50955126239084,3.0,91.50743971012014,91.5114825902097,24.54437228917921,0.0168327072079032,0.0,0.0,0.0,0.0,0.0
554,91.53040859178844,4.0,91.52979658215027,91.53234165597432,10.374669863472189,0.004457276773325059,0.0,0.0,0.0,0.0,0.0
555,91.63560960429496,4.0,91.63415228873373,91.63679612290136,14.133593235040562,0.016717387221627564,0.0,0.0,0.0,0.0,0.0
556,91.75536737482184,4.0,91.75228048997698,91.75687746302307,25.8649891921065,0.00618479211960411,0.0,0.0,0.0,0.0,0.0
557,91.83909965359472,3.0,91.83675095483136,91.8412197646645,27.032844822037223,0.00954607673491863,0.0,0.0,0.0,0.0,0.0
558,91.86930431485617,3.0,91.86896004370769,91.87171462169977,16.657588931649336,0.01260788952584193,0.0,0.0,0.0,0.0,0.0
559,91.93999629908816,3.0,91.93863863995423,91.94117101973973,15.302128727886206,0.013603882065887406,0.0,0.0,0.0,0.0,0.0
560,92.22689594988552,3.0,92.22553926851874,92.22756457944604,12.200049950724559,0.004984091212417191,0.0,0.0,0.0,0.0,0.0
561,92.3489707560718,4.0,92.34786820063515,92.35053105532005,8.730358304754409,0.0037301112747113348,0.0,0.0,0.0,0.0,0.0
562,92.49847236899124,3.0,92.49745557076825,92.49888676647,8.595911941378498,0.002210402485563532,0.0,0.0,0.0,0.0,0.0
563,92.5140180843964,3.0,92.51133865367505,92.51509076613338,22.531795336968926,0.001516313716919191,0.0,0.0,0.0,0.0,0.0
564,92.52567613101895,3.0,92.52327732330669,92.52717899196665,23.426942559279453,0.01797537620143855,0.0,0.0,0.0,0.0,0.0
565,93.03667033630992,160.0,93.03614182042054,93.03710789776237,4.129811875065907,0.17433421553250505,0.0,0.0,0.0,0.0,0.0
566,93.06987121131456,12.0,93.06938727588314,93.07020889238338,4.801292250981746,0.0049029266594414695,0.0,0.0,0.0,0.0,0.0
567,93.44955637370096,3.0,93.4490926394562,93.44982265271888,4.3399127769118975,0.006039966246654215,0.0,0.0,0.0,0.0,0.0
568,93.68218481918412,3.0,93.68056898165086,93.68232117271957,10.3908708415127,0.005201729876615113,0.0,0.0,0.0,0.0,0.0
569,93.75505113340928,3.0,93.75317479082977,93.7552711955439,12.422469739487298,0.019947885349685546,0.0,0.0,0.0,0.0,0.0
570,93.9987379155708,3.0,93.99791367143793,94.00010704526787,12.963376356406618,0.005678762074607755,0.0,0.0,0.0,0.0,0.0
571,94.1126647584724,3.0,94.11188396683228,94.11304595461517,6.859318774133327,0.011425959884604696,0.0,0.0,0.0,0.0,0.0
572,94.25253697825636,3.0,94.25013604224822,94.25414666114769,23.639911266544132,0.005417507110980766,0.0,0.0,0.0,0.0,0.0
573,94.5593119826815,4.0,94.55818115159501,94.56241293576335,28.754824012887397,0.020765054800472384,0.0,0.0,0.0,0.0,0.0
574,95.01261796883588,4.0,95.0097991588786,95.01567374237612,37.93028837392003,0.006062500208476041,0.0,0.0,0.0,0.0,0.0
575,95.04923167052526,6.0,95.04788956565888,95.04969925278083,6.322597301622821,0.005100170715775112,0.0,0.0,0.0,0.0,0.0
576,95.08547860709679,1800.0,95.08519751273164,95.08583423808032,2.4900393492166017,2.722292051726084,0.0,5.400997552039311,3.7406719190890674,0.0,4.679134546609703
577,95.3074290005802,3.0,95.30606591300052,95.30940243030663,19.448858762256933,0.0030527756124061464,0.0,0.0,0.0,0.0,0.0
578,95.37742316475106,3.0,95.37618647472821,95.3782520848939,12.03179080622018,0.013237179124142491,0.0,0.0,0.0,0.0,0.0
579,95.47886829191995,4.0,95.47631597882534,95.48107319802976,21.202195257805677,0.005899530129905578,0.0,0.0,0.0,0.0,0.0
580,95.79727844561889,4.0,95.79603728675364,95.80020728188347,27.25832188833834,0.00938370090810764,0.0,0.0,0.0,0.0,0.0
581,95.81255019203816,4.0,95.81136831048435,95.81374218964629,14.006300935112739,0.012936155845843587,0.0,0.0,0.0,0.0,0.0
582,95.81847657542532,3.0,95.81722123818044,95.81852253404672,7.544913818119695,0.008033010900055863,0.0,0.0,0.0,0.0,0.0
583,96.04440809760574,28.0,96.0441124871266,96.04468923535691,3.3329129341124086,0.015546845049953727,0.0,0.0,0.0,0.0,0.0
584,96.08880020722027,23.0,96.08829124066726,96.08951805939888,4.380016728387612,0.01166456867865365,0.0,0.0,0.0,0.0,0.0
585,96.10301782243492,3.0,96.10110808704539,96.10390028500387,16.141231807270497,0.00652846435727297,0.0,0.0,0.0,0.0,0.0
586,96.33978472312536,4.0,96.3385829750926,96.34107546753208,24.256053451337944,0.019562227492555474,0.0,0.0,0.0,0.0,0.0
587,96.4143941985458,4.0,96.41181865528429,96.41566590186083,20.590762945459424,0.012717437150288464,0.0,0.0,0.0,0.0,0.0
588,96.55511045628724,5.0,96.55179154367552,96.55611519506984,20.940743508090538,0.002919647578515939,0.0,0.0,0.0,0.0,0.0
589,97.0074449590734,3.0,97.00663807043432,97.00951020461265,16.448532375513388,0.009335528798710593,0.0,0.0,0.0,0.0,0.0
590,97.02450542901578,3.0,97.02378823343456,97.0268180669447,17.348615501977726,0.007930089207017765,0.0,0.0,0.0,0.0,0.0
591,97.06471926089634,10.0,97.06430126477696,97.06512284804892,3.8904849499390814,0.0033880205602490063,0.0,0.0,0.0,0.0,0.0
592,97.10107157189124,515.0,97.10058157222907,97.10160135251616,4.5638663592257025,0.19597757159405446,0.0,0.7519056132008498,0.0,0.0,0.0
593,97.4060109976218,3.0,97.4047208860674,97.40790769218331,18.175960847216167,0.0040700072385955795,0.0,0.0,0.0,0.0,0.0
594,97.4659311604239,3.0,97.46367008717618,97.4665560151786,16.44978215032873,0.015003757669973118,0.0,0.0,0.0,0.0,0.0
595,97.47678950489018,3.0,97.47619479344267,97.47737604432831,6.732376962221221,0.001847858600937143,0.0,0.0,0.0,0.0,0.0
596,97.57435443699212,3.0,97.57230518497798,97.57652452855318,24.023523163559332,0.0027055486481240634,0.0,0.0,0.0,0.0,0.0
597,97.6196797157129,3.0,97.61858345706457,97.62190922323298,18.927001980649084,0.0042302508902415945,0.0,0.0,0.0,0.0,0.0
598,97.68728303692914,3.0,97.68648412899694,97.68967847493003,18.166506164726147,0.0066193310428134715,0.0,0.0,0.0,0.0,0.0
599,97.9260719920361,3.0,97.92591332504479,97.92730575519515,7.899554122924435,0.00897039730473206,0.0,0.0,0.0,0.0,0.0
600,98.01482418454128,3.0,98.01426967240545,98.01747800471011,18.18507405123523,0.01330828677403488,0.0,0.0,0.0,0.0,0.0
601,98.05999450671752,157.0,98.05961411900273,98.06038443035388,2.652329773694793,0.19028700311453653,0.0,0.0,0.0,0.0,0.0
602,98.87650828796096,3.0,98.87553972740503,98.87753895540361,11.233024311524174,0.010837760737145086,0.0,0.0,0.0,0.0,0.0
603,98.97244748914,4.0,98.96999803532862,98.97443481869428,28.536771055105145,0.004199897577582538,0.0,0.0,0.0,0.0,0.0
604,99.0437262835622,6.0,99.04128888293079,99.04459212143762,13.310744138704559,0.0023158942985906325,0.0,0.0,0.0,0.0,0.0
605,99.05290911411649,4.0,99.05269056861292,99.05325189814883,2.8511924751574953,0.008824269961792539,0.0,0.0,0.0,0.0,0.0
606,99.06353094589082,9.0,99.0629550919483,99.0638089446873,4.693208513759408,0.005105454051161144,0.0,0.0,0.0,0.0,0.0
607,99.44787065870584,3.0,99.44701167686421,99.44963594928208,14.660234667554686,0.011098259163844782,0.0,0.0,0.0,0.0,0.0
608,99.95615390691081,4.0,99.95409887056101,99.95861041540985,29.48938071942701,0.017049608249447887,0.0,0.0,0.0,0.0,0.0
609,100.07580032652817,18.0,100.07541110422954,100.07619243362623,1.8635930147626427,0.019223122500233458,0.0,0.0,0.0,0.0,0.0
610,100.11209922254966,90.0,100.11160054076886,100.11255283116229,2.609043721497841,0.25842029476622375,0.0,0.0,0.0,0.0,0.0
611,100.39449205428608,3.0,100.39298394175323,100.39664828171264,20.277451284899527,0.012032717856183352,0.0,0.0,0.0,0.0,0.0
612,100.563136984805,3.0,100.56247068598195,100.5635850614558,6.1563064163611045,0.016322695538072973,0.0,0.0,0.0,0.0,0.0
613,100.62904369771717,3.0,100.62704118500048,100.6299319896554,15.959632796439829,0.005444282233613893,0.0,0.0,0.0,0.0,0.0
614,100.70316240566264,3.0,100.70091900897056,100.70416859598143,17.927203814037576,0.008323478833560428,0.0,0.0,0.0,0.0,0.0
615,100.84157116196886,3.0,100.83926641945644,100.84390397288854,25.549171276392173,0.008079200799461325,0.0,0.0,0.0,0.0,0.0
616,101.02337142654824,6.0,101.02200895941151,101.02409646356266,4.089782025577447,0.007236808508140214,0.0,0.0,0.0,0.0,0.0
617,101.05221580363816,131.0,101.0470959368651,101.05282865783573,53.45095437442969,0.044598237032618226,0.0,0.0,0.0,0.0,0.0
618,101.05960222250532,2967.0,101.05944808912176,101.05989742219636,1.313058632453853,41.669811375626026,32.07095908238703,49.99606719273316,44.575654703635465,41.07206254404255,47.41487215832736
619,101.06791029912844,217.0,101.06642426396355,101.07208852300087,51.83109308082686,0.11075953946498285,0.0,0.0,0.0,0.0,0.0
620,101.07689756959876,3.0,101.07686243393208,101.07812773355796,6.954548996810188,0.0015014346204123763,0.0,0.0,0.0,0.0,0.0
621,101.11540438092536,7.0,101.11523586793452,101.11568616692769,2.2724191809508576,0.008400052409771767,0.0,0.0,0.0,0.0,0.0
622,101.3678289168062,3.0,101.36644145259865,101.36854792209445,11.54469661128256,0.011238121902049262,0.0,0.0,0.0,0.0,0.0
623,101.65491221598276,5.0,101.65073351675272,101.65535784456313,27.258167890287055,0.017007485207343305,0.0,0.0,0.0,0.0,0.0
624,102.01037779170852,3.0,102.00840898679888,102.0117861725474,18.392386591888776,0.00600581479478075,0.0,0.0,0.0,0.0,0.0
625,102.06297596955069,1054.0,102.06258127893598,102.06348742485045,3.289543958985301,0.5391163269487763,0.0,1.5711620289224668,0.0,0.0,1.1413433921705534
626,102.29090421424412,3.0,102.29066704310316,102.2912620878785,3.231767607110468,0.006842248179061311,0.0,0.0,0.0,0.0,0.0
627,102.48500746181882,3.0,102.48478120146122,102.48544294175386,3.587192946589314,0.009402984711883814,0.0,0.0,0.0,0.0,0.0
628,102.60725666757706,3.0,102.60475506462957,102.60819367801676,18.617988948411433,0.003266985795212029,0.0,0.0,0.0,0.0,0.0
629,102.6541141524656,3.0,102.65317690317454,102.65614225961811,16.048263238444072,0.016295955971479623,0.0,0.0,0.0,0.0,0.0
630,102.97012416961589,4.0,102.9697359663108,102.97026802917031,2.6196027574530354,0.0014960579097854049,0.0,0.0,0.0,0.0,0.0
631,102.983684959823,3.0,102.98243429836876,102.98462951249273,11.842297182100952,0.004043330734476139,0.0,0.0,0.0,0.0,0.0
632,103.03893744191652,73.0,103.03836776493468,103.03951266070182,3.3857029406396166,0.015092590200267632,0.0,0.0,0.0,0.0,0.0
633,103.06397620950256,10.0,103.06358703817126,103.06632321539736,4.18976105262372,0.006355685863520111,0.0,0.0,0.0,0.0,0.0
634,103.11592957665928,3.0,103.11423829078679,103.11661495798597,12.804720586254689,0.0031623879545227443,0.0,0.0,0.0,0.0,0.0
635,103.2855581408132,3.0,103.28419263020255,103.28678524086622,13.945214447453498,0.002430586895737325,0.0,0.0,0.0,0.0,0.0
636,103.5410299660075,4.0,103.5391921760151,103.54168055997204,15.494742990988772,0.014401826998888546,0.0,0.0,0.0,0.0,0.0
637,104.41126082746364,3.0,104.40898332527338,104.4122855381821,17.570544714390557,0.006413025023494092,0.0,0.0,0.0,0.0,0.0
638,104.5223187035876,4.0,104.52110778206199,104.52302510502594,12.048227442840806,0.006221850329521715,0.0,0.0,0.0,0.0,0.0
639,104.5767236548243,4.0,104.5755981820149,104.5778230393418,9.715029883190526,0.02361442747974659,0.0,0.0,0.0,0.0,0.0
640,104.85229879486062,3.0,104.8502192248545,104.85307943992218,15.154730885174446,0.005204430163080235,0.0,0.0,0.0,0.0,0.0
641,105.05514277223976,3.0,105.05481992517741,105.0560409296606,6.456950188986808,0.005195742165330553,0.0,0.0,0.0,0.0,0.0
642,105.06994332354452,311.0,105.06921749123444,105.07298747865528,6.967287271398124,0.10454787525759122,0.0,0.0,0.0,0.0,0.0
643,105.08056278417895,4.0,105.07846968289016,105.08425302898327,32.80257267026218,0.02409121596941107,0.0,0.0,0.0,0.0,0.0
644,105.36256223749474,4.0,105.35958172566954,105.36468058728784,23.61551123770464,0.004912531592335524,0.0,0.0,0.0,0.0,0.0
645,105.47892347742416,3.0,105.47755684345572,105.48002452049181,12.99720969389217,0.004977677819100785,0.0,0.0,0.0,0.0,0.0
646,105.70176402455176,3.0,105.70046320154947,105.70411782307849,19.208244182621574,0.004953657909196506,0.0,0.0,0.0,0.0,0.0
647,106.01162907231851,3.0,106.00930965881783,106.01309099848521,19.816168075589474,0.008344826495903153,0.0,0.0,0.0,0.0,0.0
648,106.0862087022967,12.0,106.08586249317159,106.08686970951513,1.9467686884722883,0.010503677346944311,0.0,0.0,0.0,0.0,0.0
649,107.04940557041736,5.0,107.04927949397216,107.04972065226065,2.6197726799431456,0.0030969731829908888,0.0,0.0,0.0,0.0,0.0
650,107.08533097733316,59.0,107.08502886250471,107.08603411413947,3.910874045292467,0.013621588864678453,0.0,0.0,0.0,0.0,0.0
651,107.72828431917024,3.0,107.72589178203445,107.73001364367488,21.25647083337548,0.00646943651526358,0.0,0.0,0.0,0.0,0.0
652,108.00516727408257,3.0,108.00298828650912,108.0051849577314,11.299208473753946,0.013861216874189605,0.0,0.0,0.0,0.0,0.0
653,108.05417073052952,4.0,108.05159388888131,108.05538332277483,10.756592386231624,0.02057045806609404,0.0,0.0,0.0,0.0,0.0
654,108.1023021307575,3.0,108.1005282855337,108.10368492646086,16.22249822082751,0.010158188436004089,0.0,0.0,0.0,0.0,0.0
655,108.50855888178232,3.0,108.50852998834213,108.5086789636386,0.7627421694154624,0.006638775067776263,0.0,0.0,0.0,0.0,0.0
656,108.72830453508563,4.0,108.72705365026668,108.73119139598346,19.34714544520781,0.01097015858110073,0.0,0.0,0.0,0.0,0.0
657,108.94860760895396,3.0,108.94830464635054,108.94874072696601,2.2236815496672757,0.004917392972467132,0.0,0.0,0.0,0.0,0.0
658,109.01088385912306,3.0,109.00971774408694,109.01162803287642,9.735464131155268,0.02030023055575626,0.0,0.0,0.0,0.0,0.0
659,109.06418020475206,8.0,109.06202511711024,109.06488251794377,15.17983962456444,0.010322395793453896,0.0,0.0,0.0,0.0,0.0
660,109.10110503776544,21.0,109.10028919998528,109.1015202233464,3.6968355166378113,0.015398187971069935,0.0,0.0,0.0,0.0,0.0
661,109.52087657916884,3.0,109.51997375023831,109.52308843032074,15.799524963866322,0.006264493927537984,0.0,0.0,0.0,0.0,0.0
662,109.64374699800722,3.0,109.64110279708228,109.64379020867455,13.616886334336453,0.008362700967683316,0.0,0.0,0.0,0.0,0.0
663,110.66142407143474,3.0,110.66142373627608,110.66388724588214,12.367601983295305,0.0031794123040367562,0.0,0.0,0.0,0.0,0.0
664,111.01749312510856,39.0,111.0171019850391,111.01773140395898,2.3154758732328062,0.009766428144653762,0.0,0.0,0.0,0.0,0.0
665,111.02384699935108,35.0,111.02350229915565,111.02417102193736,3.210380554750925,0.008375692543831297,0.0,0.0,0.0,0.0,0.0
666,111.02979604962732,66.0,111.02949496273416,111.02994030759585,1.4654253154885644,0.03874153764701765,0.0,0.0,0.0,0.0,0.0
667,111.03564153973528,420.0,111.03519465168817,111.03600914768981,2.3218581592691603,0.20917328575034005,0.0,1.2039918115850294,0.0,0.0,0.0
668,111.04392594604249,3122.0,111.04378554849484,111.04420154742475,0.971322483817795,100.0,91.43600368022274,109.09523118673411,102.71618081418136,97.4416094128695,107.57381017553412
669,111.05334134893236,155.0,111.05173941652005,111.05366097252247,14.360786665228437,0.2532657382104401,0.0,0.0,0.0,0.0,0.0
670,111.0582331508605,16.0,111.05808403797415,111.05843564291862,2.2359286005636325,0.007714334300815321,0.0,0.0,0.0,0.0,0.0
671,111.11698204159072,5.0,111.11664626726781,111.1176875470107,1.0584824452632635,0.004004682851830102,0.0,0.0,0.0,0.0,0.0
672,111.14527316257636,4.0,111.1424983021626,111.14689970578696,25.79237792840822,0.01878321475256906,0.0,0.0,0.0,0.0,0.0
673,111.74976234289484,3.0,111.74974518193406,111.75125346658238,7.498323917406474,0.003836092683442378,0.0,0.0,0.0,0.0,0.0
674,111.9476965238004,3.0,111.94607428121843,111.95022713490494,20.609097003248984,0.008910843110318105,0.0,0.0,0.0,0.0,0.0
675,112.02685897186188,3.0,112.02631098281213,112.02845140379134,10.614622039158332,0.01761373827243402,0.0,0.0,0.0,0.0,0.0
676,112.03798441855086,6.0,112.0348061500566,112.03894017536349,17.230346823129093,0.003524493842759868,0.0,0.0,0.0,0.0,0.0
677,112.04734957955216,1689.0,112.04695269362958,112.04790273507484,3.0123412838874053,2.3051873300615284,0.0,4.41799308718065,2.7451141620976305,0.0,3.7397510011551414
678,112.05685099422088,5.0,112.05527025789323,112.057758696423,8.607933395511727,0.0022868763034207796,0.0,0.0,0.0,0.0,0.0
679,112.07552051878207,4.0,112.0729693723595,112.07585726974433,9.229661412723019,0.002938113893441499,0.0,0.0,0.0,0.0,0.0
680,112.50015344641524,3.0,112.4997922402218,112.50228039794565,12.287181877162665,0.008443605556295409,0.0,0.0,0.0,0.0,0.0
681,112.56312080165073,3.0,112.56157867144677,112.5646706641492,15.260537477554271,0.0021316565248709336,0.0,0.0,0.0,0.0,0.0
682,113.01447749017015,4.0,113.01378288019637,113.01558995573541,7.628679258103337,0.00973552248657187,0.0,0.0,0.0,0.0,0.0
683,113.0345283367868,5.0,113.03445193312263,113.03476031211119,1.167966870852395,0.011696657514414299,0.0,0.0,0.0,0.0,0.0
684,113.04884459187537,20.0,113.04651352896225,113.04949713534664,3.8732979021396936,0.015202556328714385,0.0,0.0,0.0,0.0,0.0
685,113.60537669260415,5.0,113.60270162041476,113.60648656297309,15.084433974050604,0.009683309082199647,0.0,0.0,0.0,0.0,0.0
686,113.708941060359,3.0,113.70749404623926,113.71014971077452,12.97496197303601,0.006960063065616821,0.0,0.0,0.0,0.0,0.0
687,113.73921793696525,3.0,113.73668225688652,113.7404361683975,18.33586016167915,0.004804921895410337,0.0,0.0,0.0,0.0,0.0
688,114.05504892210254,3.0,114.0548414631724,114.05600837377503,5.683954145547457,0.003382563791417578,0.0,0.0,0.0,0.0,0.0
689,114.0911036181404,20.0,114.09086825218967,114.09198993000642,4.075473438961283,0.012653254139854218,0.0,0.0,0.0,0.0,0.0
690,114.31003557991167,4.0,114.30805504901156,114.31307115352605,20.875780973858262,0.009415937769103705,0.0,0.0,0.0,0.0,0.0
691,114.6325833757963,4.0,114.63179765698962,114.63398196109733,6.778525220680905,0.01207812074391137,0.0,0.0,0.0,0.0,0.0
692,115.0065991294347,19.0,115.00598629108462,115.007564122253,2.4581579120661314,0.013921642400639417,0.0,0.0,0.0,0.0,0.0
693,115.07517016679893,7.0,115.07331594929373,115.07521702962615,7.37574212120394,0.004691489106867811,0.0,0.0,0.0,0.0,0.0
694,115.60877303971692,3.0,115.60815488234071,115.61054016056835,11.462404937482642,0.011691478182605694,0.0,0.0,0.0,0.0,0.0
695,116.05255393369109,6.0,116.05207951466075,116.0530283955838,4.599751501880676,0.004186433018109935,0.0,0.0,0.0,0.0,0.0
696,117.09324387106557,4.0,117.09063327992305,117.09453684846306,13.212709845175148,0.002498461207172526,0.0,0.0,0.0,0.0,0.0
697,117.13881655666012,5.0,117.13848885891102,117.13909942049675,2.609480318983262,0.004595501026949012,0.0,0.0,0.0,0.0,0.0
698,117.17847164365052,3.0,117.17709542417361,117.18098195415897,18.42645065175999,0.009321010495984888,0.0,0.0,0.0,0.0,0.0
699,117.1861755271593,3.0,117.18478572867704,117.18756319749014,13.167408378659804,0.0200659914882873,0.0,0.0,0.0,0.0,0.0
700,118.01269121383294,3.0,118.01149733467678,118.01447974764372,14.039982274042988,0.004924537686268653,0.0,0.0,0.0,0.0,0.0
701,118.35239959855107,3.0,118.35228645147352,118.35340144266821,5.233857147883277,0.012902707533365629,0.0,0.0,0.0,0.0,0.0
702,119.08555269956344,41.0,119.08489156088724,119.08704390734717,4.080167582635611,0.02128749293575698,0.0,0.0,0.0,0.0,0.0
703,119.4623628225805,3.0,119.46087421109024,119.46299237968545,9.85046924287632,0.00559575629146706,0.0,0.0,0.0,0.0,0.0
704,119.849833803197,3.0,119.84745839843586,119.85129227906418,17.77168657484118,0.014950013425464334,0.0,0.0,0.0,0.0,0.0
705,119.91036545605944,3.0,119.90885239315746,119.91180332282252,13.67192371779483,0.018602850914262305,0.0,0.0,0.0,0.0,0.0
706,120.08088495914224,5.0,120.0804386242604,120.08119536331104,1.8063132743482502,0.003597278741601144,0.0,0.0,0.0,0.0,0.0
707,121.10111247321244,36.0,121.10035894059575,121.10196011653062,6.643285587415031,0.08007843160828226,0.0,0.0,0.0,0.0,0.0
708,121.70093009707992,3.0,121.69929767468456,121.70196706814963,12.185579586714384,0.00767183124010043,0.0,0.0,0.0,0.0,0.0
709,121.74927191863866,3.0,121.74914564120827,121.75109154571635,8.879380081715926,0.011444892289794686,0.0,0.0,0.0,0.0,0.0
710,122.10415315223145,4.0,122.10405230240593,122.1065596360673,6.898317542218096,0.002620060168086833,0.0,0.0,0.0,0.0,0.0
711,122.11592392257178,3.0,122.11581758010152,122.11804913688063,10.152269469553623,0.0047524476139697396,0.0,0.0,0.0,0.0,0.0
712,122.2555798669148,3.0,122.25403248199751,122.25721359625219,14.455664919064906,0.006335721122422532,0.0,0.0,0.0,0.0,0.0
713,122.96257355710344,3.0,122.96118156245211,122.96479060941314,16.305986703607704,0.02389288864535642,0.0,0.0,0.0,0.0,0.0
714,123.04367361473533,3.0,123.0422076328069,123.04482547768342,11.81985405667651,0.009081684723021866,0.0,0.0,0.0,0.0,0.0
715,123.08043801327022,1585.0,123.07998497643901,123.08100217418882,3.1687820409108203,1.7307018243190968,0.0,3.794910091060547,1.871775145716489,0.0,3.2403828167390585
716,123.11689089590601,16.0,123.116497702142,123.11731984965962,2.9847267581131574,0.015754621421993045,0.0,0.0,0.0,0.0,0.0
717,124.00732209836524,3.0,124.00546855754911,124.00932546627679,17.279036710808025,0.012228116719687715,0.0,0.0,0.0,0.0,0.0
718,124.08377965524292,18.0,124.08252176374906,124.08418784447292,2.2234291613901624,0.011118227869049249,0.0,0.0,0.0,0.0,0.0
719,124.6286293738556,5.0,124.62573424722542,124.63031593100386,13.829589423982293,0.020487124896104828,0.0,0.0,0.0,0.0,0.0
720,125.02538962071417,5.0,125.02346824523227,125.02820160057666,27.67566142331288,0.0037801133042200965,0.0,0.0,0.0,0.0,0.0
721,125.09601422221033,614.0,125.09532006810606,125.09659810391835,3.5830164426722964,0.237764492410164,0.0,0.8567290800282983,0.0,0.0,0.0
722,126.0548973153778,470.0,126.0542861853311,126.05565844436732,4.4275884424981795,0.547840717473006,0.0,1.68409417373877,0.0,0.0,0.0
723,126.08820971740832,3.0,126.08712294553027,126.08872467244369,7.057347290601777,0.0028082877342592186,0.0,0.0,0.0,0.0,0.0
724,126.42223415927992,3.0,126.4207315218594,126.42297273604548,9.848892487567761,0.02638796270199656,0.0,0.0,0.0,0.0,0.0
725,127.03715205266856,9.0,127.03651504378877,127.03934519929926,15.39252560293931,0.005362999754378087,0.0,0.0,0.0,0.0,0.0
726,127.07509460158155,7.0,127.07464484104773,127.07619752515849,6.606793976251756,0.0017208944739977208,0.0,0.0,0.0,0.0,0.0
727,127.14520384532864,3.0,127.14332418262296,127.14605709507204,11.941344604525204,0.01191690101921813,0.0,0.0,0.0,0.0,0.0
728,128.0706249344814,14.0,128.0690784487203,128.0720695895175,4.117503081692288,0.014072075954448357,0.0,0.0,0.0,0.0,0.0
729,129.02739029310638,4.0,129.02683285250728,129.0275595252467,2.6552005399290977,0.00433511630773819,0.0,0.0,0.0,0.0,0.0
730,129.0418409397137,355.0,129.04157815895482,129.04519901723526,2.385050553587842,0.09822380552008735,0.0,0.5784825374485284,0.0,0.0,0.0
731,129.05458057004606,2808.0,129.05437010323885,129.05506457124096,1.4155542077808445,29.539014155178865,0.0,45.392108126092175,28.869424487114916,24.673203752068346,41.158920344812444
732,129.06733234428614,375.0,129.0654681205588,129.0675469542223,1.6041028335027587,0.14940451606539293,0.0,0.6626945967379552,0.0,0.0,0.0
733,129.0728269916071,13.0,129.07252170636207,129.07302075698044,1.8653401439036896,0.003394421230049244,0.0,0.0,0.0,0.0,0.0
734,129.09976604986934,5.0,129.09682508828803,129.10233041636536,24.982868679905486,0.0038567021056292194,0.0,0.0,0.0,0.0,0.0
735,129.37255384707686,3.0,129.36997983045282,129.37405914918043,17.517534551250606,0.0024633252563689293,0.0,0.0,0.0,0.0,0.0
736,129.471616485506,3.0,129.47000712628653,129.4729437481922,12.60088240610789,0.015570768644717124,0.0,0.0,0.0,0.0,0.0
737,130.05789724445046,1042.0,130.05737464563228,130.05860803253816,3.5411179724275277,0.4997731196287303,0.0,1.6087229314682554,0.0,0.0,0.9817039462145887
738,130.19677563487193,3.0,130.19489195396602,130.19742161194347,10.794165494368263,0.01576793096169239,0.0,0.0,0.0,0.0,0.0
739,131.0592754474393,15.0,131.05857715379307,131.060495450328,3.1549740933739128,0.006590480492503267,0.0,0.0,0.0,0.0,0.0
740,131.08556506499005,5.0,131.08535497647688,131.08581897016563,0.8153362923366473,0.0016076638195921561,0.0,0.0,0.0,0.0,0.0
741,131.9778427526628,3.0,131.97517321321968,131.97986133373303,19.734459527274016,0.005246812719371374,0.0,0.0,0.0,0.0,0.0
742,132.44911023548815,3.0,132.44822354764258,132.44975457184228,6.421855143539906,0.02095750636766435,0.0,0.0,0.0,0.0,0.0
743,133.01726665972802,9.0,133.01717334114744,133.01837299709064,1.0400095919212675,0.0035072836948066384,0.0,0.0,0.0,0.0,0.0
744,133.06499593902404,15.0,133.0634701505658,133.06562553661954,5.922582158382899,0.009581594800747084,0.0,0.0,0.0,0.0,0.0
745,133.1013075977275,8.0,133.1007584559382,133.103740773352,11.729491505231984,0.001947892807152423,0.0,0.0,0.0,0.0,0.0
746,133.34587693472616,3.0,133.34364106251692,133.34720990330123,14.868771125116718,0.005393544689501015,0.0,0.0,0.0,0.0,0.0
747,134.8320645545202,4.0,134.82824525942772,134.83561307364587,31.707639516318643,0.005946492316376161,0.0,0.0,0.0,0.0,0.0
748,135.08055039353428,8.0,135.07610931436554,135.08205390504187,17.365025623654283,0.014329559022494652,0.0,0.0,0.0,0.0,0.0
749,135.1168576413732,19.0,135.11598499642704,135.11732240810292,5.4626390429216976,0.01098699274417567,0.0,0.0,0.0,0.0,0.0
750,135.25926236154345,3.0,135.2577300081216,135.25927440356227,6.343354621654255,0.009720471342148547,0.0,0.0,0.0,0.0,0.0
751,136.10785306928543,3.0,136.10775769583915,136.10969414781988,7.9040748327910695,0.007308079726063909,0.0,0.0,0.0,0.0,0.0
752,136.6368428971041,3.0,136.63429567354854,136.6374448800651,12.804446727305418,0.02255295887881963,0.0,0.0,0.0,0.0,0.0
753,137.05920579146394,8.0,137.057375788569,137.06023169131214,11.178630533180447,0.006257675927334141,0.0,0.0,0.0,0.0,0.0
754,138.05495563717088,1533.0,138.05434945058886,138.0556773636695,3.5585856895127295,4.864500945521889,0.0,14.965199641861924,0.0,0.0,5.780907136591551
755,138.06746964089237,24.0,138.0661360208133,138.06782980125874,1.8297516131060654,0.013752906423509329,0.0,0.0,0.0,0.0,0.0
756,138.0912380034937,26.0,138.09082074259044,138.091829286002,2.5035438058494224,0.018222073417200765,0.0,0.0,0.0,0.0,0.0
757,139.05874341046666,15.0,139.05783762708936,139.05934645393882,3.045481510591379,0.008082708154664296,0.0,0.0,0.0,0.0,0.0
758,139.07504574434418,5.0,139.07439215522425,139.0759144864521,5.4727942948801465,0.004045966523305731,0.0,0.0,0.0,0.0,0.0
759,139.11174932036602,12.0,139.1107286091174,139.11413893088138,5.036238646012391,0.030371234260734098,0.0,0.0,0.0,0.0,0.0
760,139.98677233613756,3.0,139.9862034796188,139.9879682218436,7.0036070604588625,0.008297988806385985,0.0,0.0,0.0,0.0,0.0
761,140.1149813429938,5.0,140.11453122093835,140.1154482641013,4.190876198214936,0.0021209797248747317,0.0,0.0,0.0,0.0,0.0
762,140.14193308083267,3.0,140.14036140181088,140.14225994808552,7.526283583942176,0.010450217098387072,0.0,0.0,0.0,0.0,0.0
763,140.48681367150607,4.0,140.48364791308097,140.48921736322512,18.5305007547934,0.003127655509073867,0.0,0.0,0.0,0.0,0.0
764,140.94877474873607,3.0,140.94650012479542,140.94896980104932,9.734333382591066,0.005623529246286648,0.0,0.0,0.0,0.0,0.0
765,141.09108104547346,1739.0,141.0906239162403,141.09159566093317,2.6508246114603145,2.4167597259659312,0.0,4.955841572521331,3.3301998759483817,0.0,4.312414323756095
766,141.91726044287796,3.0,141.91638891305047,141.91946931613876,12.058681542309365,0.004179031168225396,0.0,0.0,0.0,0.0,0.0
767,142.09445367939574,26.0,142.0933371171871,142.09510107510198,4.2144865416755035,0.010970852705745533,0.0,0.0,0.0,0.0,0.0
768,142.12275359471028,5.0,142.12243562176957,142.1249317958043,1.8983972924100447,0.008851643923988718,0.0,0.0,0.0,0.0,0.0
769,142.86907008624462,3.0,142.86886230465896,142.87105605385923,8.530534670440721,0.0037740561470082402,0.0,0.0,0.0,0.0,0.0
770,142.94953064849454,5.0,142.94825655142978,142.95233931568436,15.00664140686825,0.00831753329516763,0.0,0.0,0.0,0.0,0.0
771,143.07016624723792,1343.0,143.06972020093886,143.07084654602775,2.5551317589827343,1.762502624332308,0.0,5.573552500405749,0.0,0.0,2.827016000084943
772,143.0842148786438,22.0,143.08292629021605,143.08438130254368,2.5785777682814435,0.007328586795784804,0.0,0.0,0.0,0.0,0.0
773,143.22101329181191,4.0,143.21822326022925,143.22290914191117,19.399598079663928,0.022809937708734122,0.0,0.0,0.0,0.0,0.0
774,143.23244655155645,3.0,143.23220634350295,143.2342189752914,7.806393022578061,0.002241386783313141,0.0,0.0,0.0,0.0,0.0
775,144.06551733023954,361.0,144.06475227026513,144.06626151416583,4.022984319474193,0.45389656768594405,0.0,1.0344271295927903,0.0,0.0,0.0
776,144.07380015314834,21.0,144.07318363240188,144.07561461429935,4.714034749431894,0.006897771415734853,0.0,0.0,0.0,0.0,0.0
777,144.1504183691325,3.0,144.14918128714862,144.15238833622053,12.35996363385854,0.015220592634050989,0.0,0.0,0.0,0.0,0.0
778,145.10096627705315,11.0,145.10014300348635,145.10311935894396,6.281082711196025,0.020172118568671172,0.0,0.0,0.0,0.0,0.0
779,145.63774411579027,3.0,145.63585892380607,145.63941996847964,13.58410324181016,0.011968856017824178,0.0,0.0,0.0,0.0,0.0
780,146.1168723654527,3.0,146.11585539401815,146.1175636369377,6.4949641257855655,0.004925133253599187,0.0,0.0,0.0,0.0,0.0
781,146.47362740772317,4.0,146.47062745397457,146.47504092440005,21.261780907077817,0.009887049551052565,0.0,0.0,0.0,0.0,0.0
782,147.02121116272284,3.0,147.01944090976227,147.02328740255308,14.534912496151085,0.002022606807453524,0.0,0.0,0.0,0.0,0.0
783,147.0651309320024,1639.0,147.06459228840458,147.0658190596718,3.018945792015533,3.0236293301827843,0.0,8.805989375614269,0.877663369890476,0.0,6.79026071487625
784,147.82832607381067,4.0,147.82743679205652,147.83141484934993,16.384217753314225,0.012430287141154258,0.0,0.0,0.0,0.0,0.0
785,148.01914094898964,3.0,148.01736394992088,148.02143758792982,15.289456570883726,0.003381488909651073,0.0,0.0,0.0,0.0,0.0
786,148.06859827989348,27.0,148.06778247515237,148.0694617332754,4.69062819478295,0.007727532872483408,0.0,0.0,0.0,0.0,0.0
787,149.1323877450713,3.0,149.13214685390668,149.13325481857865,4.1274463461220865,0.0009983415674766185,0.0,0.0,0.0,0.0,0.0
788,149.36040448926474,4.0,149.36011046343145,149.3621714698607,5.576765625715957,0.022041195027901358,0.0,0.0,0.0,0.0,0.0
789,150.05485068137264,7.0,150.0542683468878,150.05536948799983,2.6585785126499784,0.0033054731553222912,0.0,0.0,0.0,0.0,0.0
790,150.86042508889972,3.0,150.86041389031269,150.86242445729837,7.404073388148784,0.014429497386073636,0.0,0.0,0.0,0.0,0.0
791,151.07530018934992,226.0,151.07409417500887,151.07626162000312,6.134164426838533,0.058167788454541604,0.0,0.0,0.0,0.0,0.0
792,151.50677618954174,3.0,151.5053323538218,151.50727694040268,7.13054495273185,0.007556032020201328,0.0,0.0,0.0,0.0,0.0
793,151.52532188084564,3.0,151.52327931790418,151.5271446537734,14.17194690347881,0.012850360351241234,0.0,0.0,0.0,0.0,0.0
794,151.8442700049597,4.0,151.8423459519609,151.84459951394493,7.123850544549854,0.01990700348119567,0.0,0.0,0.0,0.0,0.0
795,152.08911027467158,3.0,152.08865068207723,152.09101146397464,8.623533244224657,0.012720870325698108,0.0,0.0,0.0,0.0,0.0
796,153.12758700577805,11.0,153.12663664593893,153.12820023315254,2.9078321225525734,0.004877849927496439,0.0,0.0,0.0,0.0,0.0
797,154.08680774619103,5.0,154.08548494284585,154.0880060497107,3.9214545589928718,0.004924544115603427,0.0,0.0,0.0,0.0,0.0
798,155.07030833048088,13.0,155.06779916565858,155.0708079019625,4.024156724476586,0.0035593448558279496,0.0,0.0,0.0,0.0,0.0
799,155.1064670276055,5.0,155.1061462325369,155.1074572298568,1.2381621274903198,0.005574841145903433,0.0,0.0,0.0,0.0,0.0
800,155.183274657237,3.0,155.18291424532978,155.18535971266508,8.754764113847427,0.010775743731687517,0.0,0.0,0.0,0.0,0.0
801,156.86093206533815,3.0,156.85833736541198,156.86229631546277,14.021443490865712,0.004219060499502855,0.0,0.0,0.0,0.0,0.0
802,157.10101872378357,9.0,157.09820821683374,157.1019020514169,8.626048432804241,0.0033195204962261204,0.0,0.0,0.0,0.0,0.0
803,157.5798636719522,3.0,157.57786596310086,157.58229971504068,15.631410414550876,0.008451290237369525,0.0,0.0,0.0,0.0,0.0
804,158.93683175526462,4.0,158.93538077465118,158.9376992389012,10.004156519853439,0.005697716140545391,0.0,0.0,0.0,0.0,0.0
805,159.0656148657772,7.0,159.06475924686214,159.06988006771533,12.113326671082124,0.009611078335934541,0.0,0.0,0.0,0.0,0.0
806,159.09174181369298,11.0,159.0911899507159,159.09197212691103,1.8814698085038628,0.010141418208048284,0.0,0.0,0.0,0.0,0.0
807,159.11663165770082,34.0,159.11608709086423,159.1176820059389,3.8033881337668833,0.02130540661672395,0.0,0.0,0.0,0.0,0.0
808,160.55848554492061,4.0,160.55822660570348,160.55903441655136,2.436395752538865,0.0013654644540562351,0.0,0.0,0.0,0.0,0.0
809,160.9914271837194,3.0,160.99018517367233,160.9915377428997,4.667499143848387,0.004984232603860664,0.0,0.0,0.0,0.0,0.0
810,161.0807614715436,118.0,161.07957557767875,161.08168392422056,4.209224297097172,0.04457197167977285,0.0,0.0,0.0,0.0,0.0
811,161.09624681265723,13.0,161.0956069350207,161.09680767017852,3.408470981417445,0.004271192777832943,0.0,0.0,0.0,0.0,0.0
812,162.5045506140399,4.0,162.50435442102562,162.50480628108045,2.114318987167499,0.002547147834630633,0.0,0.0,0.0,0.0,0.0
813,162.51226747459344,4.0,162.51069987171704,162.51467204443395,7.948831011828638,0.010711045196015578,0.0,0.0,0.0,0.0,0.0
814,162.99931664090354,12.0,162.9980609412955,163.00530913049192,12.177213691793469,0.005595541100521367,0.0,0.0,0.0,0.0,0.0
815,163.0537302681957,15.0,163.0529186576441,163.05454464784822,3.938040252324015,0.015019314430076865,0.0,0.0,0.0,0.0,0.0
816,163.1115079239665,10.0,163.1110995645749,163.11246532406753,4.247662749279317,0.044436343106458734,0.0,0.0,0.0,0.0,0.0
817,163.14818802891193,29.0,163.1463634935863,163.14876658882469,3.7370182252141304,0.02396761808173289,0.0,0.0,0.0,0.0,0.0
818,163.25183314833612,3.0,163.25119506576584,163.25401941415583,9.611423091742434,0.008789368409462135,0.0,0.0,0.0,0.0,0.0
819,165.10254842266446,3.0,165.10189675295283,165.10260681511795,2.3892967395536373,0.0019892789267748306,0.0,0.0,0.0,0.0,0.0
820,167.72937593321757,4.0,167.72874735798288,167.72962235988578,1.7907037701357433,0.0158724128723406,0.0,0.0,0.0,0.0,0.0
821,168.0656426896444,333.0,168.06450856811398,168.0665605582409,4.646306788309445,0.36706043231995705,0.0,0.7211195361499743,0.0,0.0,0.0
822,169.0679309076617,46.0,169.06763420715725,169.07093789856174,6.656949582147802,0.016720869902827906,0.0,0.0,0.0,0.0,0.0
823,169.08586771331858,2373.0,169.08540721805178,169.08648627847236,1.876209483877508,9.891098254770746,0.0,14.86474425712855,12.520600282490994,5.782319843027943,13.782543067559486
824,169.10411160857478,36.0,169.10163805930318,169.10440288055304,12.485181843495191,0.012452421244299194,0.0,0.0,0.0,0.0,0.0
825,169.1221910998886,4.0,169.1206670319618,169.12290629702483,5.5570598558182445,0.002212061063388763,0.0,0.0,0.0,0.0,0.0
826,169.5095627418711,3.0,169.50939175889252,169.51102783242888,5.362114843249603,0.008498449943327581,0.0,0.0,0.0,0.0,0.0
827,170.08917134636914,544.0,170.08821331019826,170.0907039567565,4.927577657962758,0.1894916411210833,0.0,0.789791838511807,0.0,0.0,0.0
828,171.09107471751366,6.0,171.09072013645226,171.0915042840307,2.9087958529180233,0.0038902921455568583,0.0,0.0,0.0,0.0,0.0
829,171.11667014422017,5.0,171.11544488945793,171.11811984884696,8.35355684215659,0.0015450693487314843,0.0,0.0,0.0,0.0,0.0
830,172.13317053300867,5.0,172.1308613656572,172.1337473269098,0.9638409243928697,0.011503431223623215,0.0,0.0,0.0,0.0,0.0
831,173.11710970490554,5.0,173.1167941027492,173.11745866084487,3.321762108536173,0.0025934200228076468,0.0,0.0,0.0,0.0,0.0
832,174.10303313188436,5.0,174.10135103569093,174.10374790045753,2.3958105832639496,0.005324290056074638,0.0,0.0,0.0,0.0,0.0
833,175.1481095362684,5.0,175.146807726521,175.15073677400713,5.621699476409605,0.0027522948193599277,0.0,0.0,0.0,0.0,0.0
834,179.69055589717124,3.0,179.6901330820139,179.69305956563878,9.047911438228354,0.010867956700889036,0.0,0.0,0.0,0.0,0.0
835,180.17442756604362,38.0,180.17371814597874,180.17555938754805,3.640141626081454,0.05126143619365401,0.0,0.0,0.0,0.0,0.0
836,181.00443027237145,3.0,181.00429307314704,181.00509684629176,2.46701495248861,0.010668244170893742,0.0,0.0,0.0,0.0,0.0
837,181.12193074999615,5.0,181.11951156625295,181.12295730025818,13.351972104909565,0.01090367009158559,0.0,0.0,0.0,0.0,0.0
838,181.15870229174547,13.0,181.15739256594316,181.16181457252316,8.456363760403876,0.008109669498354774,0.0,0.0,0.0,0.0,0.0
839,181.17752720168264,10.0,181.1770687597736,181.17809233406786,3.8066963626032226,0.0045260727394542425,0.0,0.0,0.0,0.0,0.0
840,182.09723363389224,3.0,182.09710428262008,182.09756551821158,1.4071712687477773,0.011475146203312836,0.0,0.0,0.0,0.0,0.0
841,182.18585131510997,3.0,182.18342967923866,182.18735721488605,11.976584530650138,0.00852839845283216,0.0,0.0,0.0,0.0,0.0
842,182.29602246718173,4.0,182.2952564183031,182.2978422608123,5.143681274489534,0.011039671831146297,0.0,0.0,0.0,0.0,0.0
843,183.01092218498863,3.0,183.01060942866116,183.01174647654463,3.4516697749283876,0.003338029530748119,0.0,0.0,0.0,0.0,0.0
844,185.01161766593384,16.0,185.01117747673638,185.0127862296871,3.800859046526896,0.011109702621788405,0.0,0.0,0.0,0.0,0.0
845,185.09433528420655,21.0,185.09118769282887,185.0962298274949,11.932290220249602,0.008075091449692087,0.0,0.0,0.0,0.0,0.0
846,185.1163368869697,5.0,185.11232998185034,185.118585068887,16.610627979155133,0.010385726812770984,0.0,0.0,0.0,0.0,0.0
847,185.1325076063892,46.0,185.1310167778865,185.1336119386587,5.709174108750852,0.02277442642175055,0.0,0.0,0.0,0.0,0.0
848,186.05419686112856,6.0,186.0538420494244,186.0545010599211,2.381135348781866,0.0023751964262481618,0.0,0.0,0.0,0.0,0.0
849,186.07638859783341,96.0,186.07411656571452,186.07746352426614,6.505618143947464,0.07013129196810344,0.0,0.0,0.0,0.0,0.0
850,186.5562795410265,9.0,186.55555606362037,186.5568336383948,1.7750206326725493,0.003727433264199968,0.0,0.0,0.0,0.0,0.0
851,186.9119047700889,11.0,186.91141457665043,186.91272293455344,2.0895477585081657,0.011187824864004926,0.0,0.0,0.0,0.0,0.0
852,187.00846359618276,16.0,187.0069433745253,187.00971457062013,8.02560961099308,0.017019555167967243,0.0,0.0,0.0,0.0,0.0
853,187.07502891147317,66.0,187.07468701595127,187.0783887459408,1.5098852436330046,0.022938402827260472,0.0,0.0,0.0,0.0,0.0
854,187.09630437820363,2489.0,187.09582360246986,187.0971014070055,1.7522339025386342,13.425394127474954,0.0,19.8828742884375,16.23578442265719,11.718863375998223,18.13761165896419
855,187.11706922423988,103.0,187.11350855059047,187.11747699221505,16.200305865844516,0.033998572714100915,0.0,0.0,0.0,0.0,0.0
856,187.12931720914307,5.0,187.1275268022321,187.13029932470855,7.517579107307267,0.01735341866965514,0.0,0.0,0.0,0.0,0.0
857,188.06971451216583,3.0,188.06914209049276,188.07158368258644,7.212432132167793,0.0004195311376637371,0.0,0.0,0.0,0.0,0.0
858,188.09983701727177,792.0,188.0987552496667,188.1011733947842,4.904383695616246,0.3035789623110175,0.0,1.0929472695742297,0.0,0.0,0.5385893773231463
859,188.65430047546343,3.0,188.65204633380938,188.65438545126892,6.888312095201912,0.0073464555454058195,0.0,0.0,0.0,0.0,0.0
860,189.1014173408532,7.0,189.10104986451444,189.10188006062228,1.7568235464933994,0.005514557112368215,0.0,0.0,0.0,0.0,0.0
861,189.6416932710576,3.0,189.63910719059896,189.64207026470507,8.680328955033628,0.012402332308718718,0.0,0.0,0.0,0.0,0.0
862,190.9890448847034,3.0,190.98888921749875,190.98963022488252,2.1554679694028005,0.005174969157056811,0.0,0.0,0.0,0.0,0.0
863,191.0315450519812,4.0,191.03007866319874,191.0332679104269,9.663550122039675,0.024207929502051417,0.0,0.0,0.0,0.0,0.0
864,191.377579584646,3.0,191.37538852618417,191.37794684233896,7.426610555731737,0.011837689609685282,0.0,0.0,0.0,0.0,0.0
865,197.01203964462437,9.0,197.00980018488775,197.01236972560375,4.537206016757542,0.004147531925593364,0.0,0.0,0.0,0.0,0.0
866,198.1847899776613,9.0,198.18391366494865,198.18565595268106,5.900771642630297,0.007170234630124586,0.0,0.0,0.0,0.0,0.0
867,199.02843415481715,4.0,199.0268711203688,199.02937988683775,4.262041599734422,0.007771159402537598,0.0,0.0,0.0,0.0,0.0
868,199.06433369344006,12.0,199.06350284460814,199.06744991400416,4.461511332854602,0.006572443360544706,0.0,0.0,0.0,0.0,0.0
869,199.11137007216593,6.0,199.1105126023988,199.11446659183443,9.108558223590263,0.0022642974919470176,0.0,0.0,0.0,0.0,0.0
870,199.14832216944922,28.0,199.1471955713447,199.15314354249315,9.90639198185168,0.01242405654726543,0.0,0.0,0.0,0.0,0.0
871,200.07727876498387,5.0,200.0756560400671,200.0795604615209,6.209391084397189,0.00420273587086869,0.0,0.0,0.0,0.0,0.0
872,200.1074109934325,3.0,200.10477008533235,200.10743150135926,7.388854076237703,0.0011616749864694195,0.0,0.0,0.0,0.0,0.0
873,201.1118407341548,42.0,201.11026412441328,201.11355049318445,6.014687627384687,0.011952481037951735,0.0,0.0,0.0,0.0,0.0
874,203.02283104948947,13.0,203.02111589689193,203.02382156495122,4.498022765032282,0.016102266440722154,0.0,0.0,0.0,0.0,0.0
875,204.1384929843253,16.0,204.13741482315467,204.1397662591527,3.9219633601641517,0.012391148899973838,0.0,0.0,0.0,0.0,0.0
876,208.1697738596374,17.0,208.16801634210975,208.17254019428447,4.440483628167225,0.02391738811952744,0.0,0.0,0.0,0.0,0.0
877,209.1651183934319,23.0,209.16380675708152,209.16790458806327,4.179939500869075,0.04190299559814767,0.0,0.0,0.0,0.0,0.0
878,210.148759690621,5.0,210.14640303080841,210.14973602975277,3.6093293569789813,0.010028561807317975,0.0,0.0,0.0,0.0,0.0
879,210.16806608372585,3.0,210.16780895147176,210.16923719672036,3.7754050715059755,0.0030392688438092923,0.0,0.0,0.0,0.0,0.0
880,213.11112389691343,5.0,213.108554063168,213.11281681289026,7.515926554293389,0.002919058381090361,0.0,0.0,0.0,0.0,0.0
881,215.5770072060552,7.0,215.57579529113406,215.57823490026743,4.625076611344571,0.002492848317433024,0.0,0.0,0.0,0.0,0.0
882,217.03870193821112,5.0,217.03735105708367,217.0399238053117,5.087526193931011,0.012017251323857475,0.0,0.0,0.0,0.0,0.0
883,217.0755892261428,13.0,217.07282095590602,217.0772737428675,5.78694294490013,0.019136623384963955,0.0,0.0,0.0,0.0,0.0
884,218.0624816331808,3.0,218.06167141549045,218.0643142691089,6.733171149986223,0.000704720034946286,0.0,0.0,0.0,0.0,0.0
885,218.97269029515732,4.0,218.97129891988706,218.9744153368346,12.660207481901752,0.017006051421591565,0.0,0.0,0.0,0.0,0.0
886,225.2995985731424,3.0,225.2986537978762,225.30221341917027,8.77750070619148,0.01623228119463205,0.0,0.0,0.0,0.0,0.0
887,226.16261663769063,9.0,226.16151171985368,226.16367948048776,5.747646341840232,0.008044798857189006,0.0,0.0,0.0,0.0,0.0
888,226.1799218011214,52.0,226.17831243284868,226.1817142021323,6.114851651929837,0.08771797816215045,0.0,0.0,0.0,0.0,0.0
889,226.21653924859203,27.0,226.21518541897083,226.21767620607858,3.923869390601394,0.03423626566564935,0.0,0.0,0.0,0.0,0.0
890,227.0848759004484,13.0,227.0843626022887,227.0858762398015,2.46787670878277,0.02926887277631086,0.0,0.0,0.0,0.0,0.0
891,227.1278080917367,927.0,227.12635397680313,227.1290891772135,4.617272882358554,0.40021995618257045,0.0,1.3633576539065742,0.0,0.0,0.9508266694903709
892,227.14648782201107,10.0,227.1442022014213,227.14996073455228,15.278318926182886,0.00647726344182921,0.0,0.0,0.0,0.0,0.0
893,227.17805964267944,43.0,227.17440753424353,227.18386427361725,31.689544493326892,0.03915191884387496,0.0,0.0,0.0,0.0,0.0
894,227.21968764206378,6.0,227.21886882252082,227.2202300741966,2.064721795318749,0.0026304478405270023,0.0,0.0,0.0,0.0,0.0
895,228.0659779527749,7.0,228.0642511539506,228.06842420280563,8.551299004973423,0.0032256374094277005,0.0,0.0,0.0,0.0,0.0
896,228.1020062077957,3.0,228.10200524686624,228.10231174651707,0.7464975281733446,0.0017689613221626773,0.0,0.0,0.0,0.0,0.0
897,228.13392246171156,28.0,228.13075414881342,228.13951810496232,29.96534983244475,0.02210746264969987,0.0,0.0,0.0,0.0,0.0
898,228.15958922038055,11.0,228.1573895984457,228.16036158421844,4.364251974505543,0.016788344982126904,0.0,0.0,0.0,0.0,0.0
899,228.17843772528133,5.0,228.1767663385574,228.17987913619498,8.300982634173616,0.006731793929569111,0.0,0.0,0.0,0.0,0.0
900,228.23215475291724,28.0,228.23084580364383,228.23350687807977,3.6714020287620013,0.09777469989356563,0.0,0.0,0.0,0.0,0.0
901,229.1431906212816,4.0,229.14282131608306,229.14403536568747,2.0171190000614545,0.0016557932109869452,0.0,0.0,0.0,0.0,0.0
902,230.10438295729296,3.0,230.10342278926768,230.1045301133636,2.673482553296739,0.0072612272290783104,0.0,0.0,0.0,0.0,0.0
903,233.1225528328324,3.0,233.12233703350333,233.12388142982584,3.6804588253257613,0.0025508079484010604,0.0,0.0,0.0,0.0,0.0
904,233.326857367838,3.0,233.32677210225611,233.3269733551431,0.47918683988299005,0.007557806054984392,0.0,0.0,0.0,0.0,0.0
905,237.14373398639185,48.0,237.14211679419734,237.14472533088198,3.8310771341045458,0.17149605397412807,0.0,0.0,0.0,0.0,0.0
906,237.64492976187836,4.0,237.6446923755635,237.64564148892708,1.8408021429173993,0.004744138884162121,0.0,0.0,0.0,0.0,0.0
907,243.0538949427984,13.0,243.052107684982,243.05547708448861,4.009942094311205,0.008767624183075343,0.0,0.0,0.0,0.0,0.0
908,243.0945536035611,3.0,243.09435119778374,243.09507574390798,1.6558397487665688,0.010653579455439209,0.0,0.0,0.0,0.0,0.0
909,244.0570361245862,5.0,244.05526890188216,244.0578008835491,3.2977146217093805,0.0016249264860848207,0.0,0.0,0.0,0.0,0.0
910,244.0936491742559,9.0,244.09260641934222,244.0951384212405,5.594873957361594,0.0166420115154448,0.0,0.0,0.0,0.0,0.0
911,244.1241038765154,33.0,244.12211187672474,244.1265167770456,7.773722846439609,0.013314416016479227,0.0,0.0,0.0,0.0,0.0
912,244.13913100444424,12.0,244.13691445163488,244.14102358448085,4.092253188311383,0.036647566127295805,0.0,0.0,0.0,0.0,0.0
913,244.16962852234656,134.0,244.16793275304173,244.17331769833348,6.83878007218722,0.2113658314866749,0.0,0.0,0.0,0.0,0.0
914,244.20177283814274,20.0,244.20077564172297,244.2045432202548,5.716147113948636,0.044305546941390536,0.0,0.0,0.0,0.0,0.0
915,244.2271248330252,45.0,244.22560835958313,244.22898346521302,4.699935152951813,0.08424472664018663,0.0,0.0,0.0,0.0,0.0
916,244.2632796690695,80.0,244.26158191442323,244.2643864144187,4.5354163984000735,0.09627867005157789,0.0,0.0,0.0,0.0,0.0
917,244.29074249013834,4.0,244.2904308495875,244.29177556939865,3.0276315417279522,0.0010871714908926753,0.0,0.0,0.0,0.0,0.0
918,245.07826549878524,111.0,245.06510190005264,245.0914198088866,47.58594067380831,0.11742625289005085,0.0,0.0,0.0,0.0,0.0
919,245.10594815720884,187.0,245.09986368308702,245.11150885634723,7.400258688271587,0.2440249314454898,0.0,0.0,0.0,0.0,0.0
920,245.13799201535065,2671.0,245.1363784500216,245.13921972653804,2.0503873591002644,22.227143289638768,0.0,28.866470558142034,23.84477589330815,20.12309539666221,26.15778417392907
921,245.1723049363524,219.0,245.1634450399053,245.18813305284002,83.9840251095726,0.175786471447269,0.0,0.0,0.0,0.0,0.0
922,245.2053730481516,5.0,245.20392464086729,245.20608867579995,2.9285123861169997,0.006622760630490364,0.0,0.0,0.0,0.0,0.0
923,245.22619766267783,31.0,245.22370214539848,245.23008590200635,14.287363517010652,0.0204001471087681,0.0,0.0,0.0,0.0,0.0
924,245.26576967331724,19.0,245.26383840825878,245.26739031493744,4.786416408850792,0.008991795275367745,0.0,0.0,0.0,0.0,0.0
925,246.06707645663533,36.0,246.0567906907723,246.08064826582844,57.121854440994085,0.06409096606870536,0.0,0.0,0.0,0.0,0.0
926,246.0984569824245,12.0,246.0942402194232,246.09894081861353,7.945861751955955,0.02333503863134099,0.0,0.0,0.0,0.0,0.0
927,246.11218366491565,22.0,246.10817571826666,246.11516801108965,14.685368720160698,0.009136300411234446,0.0,0.0,0.0,0.0,0.0
928,246.14168697364593,1388.0,246.1400320311659,246.14652538231545,5.977061293755192,1.542044977329881,0.0,2.657595619817528,0.0,0.0,1.980528652793449
929,246.18523599558557,20.0,246.18432334438012,246.186886429951,5.6839069557671635,0.009826946226295173,0.0,0.0,0.0,0.0,0.0
930,246.2425904147209,133.0,246.2414091333818,246.2437777554118,2.8426724562248795,0.5644127351763158,0.0,0.0,0.0,0.0,0.0
931,246.27034031199491,5.0,246.26969735533046,246.2730409991206,4.595420333815683,0.0027293872343263767,0.0,0.0,0.0,0.0,0.0
932,246.65031442381527,9.0,246.64913897993213,246.65142069291272,1.070820010706029,0.029835658297637017,0.0,0.0,0.0,0.0,0.0
933,247.14355230888145,12.0,247.14211574526917,247.1451053942783,5.86523530618369,0.015126924549949327,0.0,0.0,0.0,0.0,0.0
934,248.21309688622085,3.0,248.21212004122793,248.21570637250625,8.026998940459851,0.007677215637894602,0.0,0.0,0.0,0.0,0.0
935,248.875086932038,3.0,248.8734348923216,248.87577402356914,5.221564664151246,0.004734473446073708,0.0,0.0,0.0,0.0,0.0
936,250.5644075207805,3.0,250.56295204304408,250.56603886080103,6.844143471304578,0.010015872703860841,0.0,0.0,0.0,0.0,0.0
937,253.37134534665935,3.0,253.36885829295755,253.37180857327576,6.468942330475956,0.005944992787471638,0.0,0.0,0.0,0.0,0.0
938,254.3909082283639,3.0,254.38897129840822,254.3921265890242,6.890730660557304,0.005438987298536874,0.0,0.0,0.0,0.0,0.0
939,261.0643271789278,12.0,261.0634402293559,261.0645621795176,1.28413920530778,0.005178506012312113,0.0,0.0,0.0,0.0,0.0
940,262.9228912605977,3.0,262.92185380770314,262.9231128764771,2.660409859433476,0.0012021618111688118,0.0,0.0,0.0,0.0,0.0
941,266.882848348276,3.0,266.88259751329446,266.8836107521868,2.109204466305626,0.0027439047907652785,0.0,0.0,0.0,0.0,0.0
